{"type":"FeatureCollection","pref_code":"04","features":[{"type":"Feature","properties":{"code":"04100","name":"仙台市","pref_code":"04","pref":"宮城県"},"geometry":{"type":"MultiPolygon","coordinates":[[[[140.9953,38.2297],[140.9672,38.1898],[140.9614,38.1776],[140.9617,38.1742],[140.9514,38.1799],[140.9479,38.1833],[140.9401,38.1862],[140.9371,38.1893],[140.9359,38.1976],[140.9348,38.1989],[140.928,38.1931],[140.9297,38.1895],[140.9349,38.1867],[140.9353,38.1844],[140.9335,38.1825],[140.9176,38.1837],[140.9151,38.1844],[140.9152,38.1853],[140.9123,38.185],[140.9097,38.1863],[140.9074,38.1856],[140.9071,38.1846],[140.9039,38.1846],[140.9042,38.1871],[140.9076,38.1882],[140.9015,38.1894],[140.901,38.1884],[140.9038,38.188],[140.9034,38.1846],[140.8986,38.1847],[140.8986,38.1864],[140.8999,38.1866],[140.8999,38.1896],[140.895,38.1904],[140.8904,38.1898],[140.8888,38.1883],[140.8849,38.189],[140.8841,38.1904],[140.8798,38.189],[140.8732,38.1891],[140.8724,38.1876],[140.867,38.1878],[140.8664,38.1912],[140.8634,38.194],[140.8636,38.1953],[140.8596,38.1949],[140.8636,38.2007],[140.8609,38.2041],[140.853,38.2043],[140.831,38.2137],[140.8267,38.2169],[140.8202,38.2172],[140.817,38.2187],[140.8131,38.2171],[140.8119,38.2143],[140.808,38.2137],[140.8082,38.212],[140.8096,38.2113],[140.8068,38.2105],[140.8025,38.2126],[140.7984,38.2127],[140.7975,38.2143],[140.7978,38.2181],[140.7953,38.2192],[140.7883,38.2181],[140.784,38.2147],[140.7846,38.2094],[140.7868,38.2062],[140.7861,38.2049],[140.7879,38.2024],[140.7929,38.2032],[140.7968,38.1996],[140.7945,38.1942],[140.7983,38.1946],[140.8004,38.1942],[140.8008,38.1931],[140.806,38.1929],[140.81,38.1886],[140.8152,38.1873],[140.8136,38.1852],[140.8086,38.1842],[140.8053,38.1854],[140.7968,38.1804],[140.7958,38.1753],[140.792,38.1744],[140.7877,38.1753],[140.7863,38.1775],[140.7824,38.1771],[140.7767,38.1795],[140.7698,38.1775],[140.7666,38.1785],[140.7567,38.1767],[140.7566,38.1787],[140.7539,38.1807],[140.7526,38.1798],[140.7507,38.1809],[140.7497,38.179],[140.7437,38.1827],[140.7459,38.1874],[140.7431,38.1899],[140.742,38.1941],[140.7439,38.1943],[140.7422,38.1966],[140.7426,38.1981],[140.7447,38.1974],[140.7407,38.2007],[140.7374,38.2061],[140.7383,38.2081],[140.7362,38.2105],[140.7306,38.2119],[140.7263,38.2148],[140.7235,38.2149],[140.7208,38.2171],[140.719,38.2163],[140.7169,38.2176],[140.7108,38.2178],[140.7023,38.22],[140.6983,38.223],[140.6931,38.2238],[140.692,38.2232],[140.6923,38.2219],[140.6874,38.2248],[140.6837,38.225],[140.6831,38.226],[140.6863,38.2293],[140.6795,38.2294],[140.6771,38.2328],[140.6724,38.2347],[140.6704,38.2363],[140.6717,38.2403],[140.6629,38.2387],[140.6583,38.2392],[140.6566,38.2406],[140.6507,38.2404],[140.6518,38.2447],[140.6554,38.2449],[140.6526,38.2475],[140.6301,38.2582],[140.6216,38.2586],[140.616,38.2613],[140.613,38.2609],[140.6121,38.2628],[140.6079,38.2652],[140.6047,38.2634],[140.5942,38.2646],[140.5851,38.2632],[140.5724,38.2662],[140.5663,38.2658],[140.5626,38.2675],[140.5542,38.2657],[140.5485,38.2613],[140.5413,38.2638],[140.5378,38.2633],[140.5345,38.2597],[140.5258,38.2594],[140.5226,38.2617],[140.5189,38.2597],[140.5055,38.2589],[140.5016,38.2555],[140.4953,38.2567],[140.4926,38.2551],[140.4865,38.2566],[140.4812,38.2552],[140.4764,38.2514],[140.4725,38.2522],[140.4695,38.2567],[140.4704,38.2595],[140.4728,38.2608],[140.4712,38.2653],[140.4712,38.2692],[140.473,38.2718],[140.4879,38.2745],[140.4906,38.2764],[140.492,38.2801],[140.4969,38.2831],[140.4921,38.293],[140.4926,38.3027],[140.4962,38.304],[140.5001,38.3037],[140.502,38.3048],[140.5043,38.3081],[140.5043,38.3143],[140.5094,38.3132],[140.5117,38.3112],[140.5203,38.3095],[140.5234,38.3163],[140.5297,38.3207],[140.5286,38.3226],[140.5307,38.3251],[140.528,38.3273],[140.5273,38.3304],[140.5251,38.3327],[140.5241,38.3414],[140.5216,38.3473],[140.5228,38.3532],[140.5267,38.3579],[140.5324,38.3615],[140.541,38.3621],[140.5455,38.3641],[140.5476,38.3686],[140.5503,38.3709],[140.5496,38.3722],[140.5522,38.3762],[140.5564,38.3776],[140.5635,38.3773],[140.5676,38.3853],[140.5782,38.3928],[140.577,38.3954],[140.5745,38.3967],[140.5738,38.4076],[140.5713,38.4106],[140.5713,38.4131],[140.572,38.4152],[140.5776,38.4195],[140.5779,38.4221],[140.5794,38.4232],[140.5817,38.4334],[140.5804,38.4373],[140.5858,38.4406],[140.5898,38.4392],[140.5924,38.4417],[140.5978,38.4365],[140.6037,38.4435],[140.6082,38.4445],[140.6134,38.4536],[140.6197,38.4547],[140.6206,38.4526],[140.6238,38.4513],[140.6239,38.4491],[140.6263,38.447],[140.627,38.4435],[140.6333,38.4433],[140.6337,38.4417],[140.6371,38.4393],[140.643,38.4368],[140.6518,38.4378],[140.6541,38.437],[140.6592,38.4322],[140.6709,38.4327],[140.6776,38.4304],[140.6825,38.4266],[140.6958,38.4254],[140.698,38.4213],[140.6969,38.4196],[140.6969,38.4156],[140.7028,38.417],[140.7074,38.4225],[140.7108,38.4239],[140.7116,38.428],[140.7145,38.4304],[140.7144,38.4329],[140.7213,38.434],[140.7231,38.4326],[140.7261,38.4325],[140.7265,38.4296],[140.7312,38.4272],[140.7319,38.4246],[140.7349,38.4248],[140.7383,38.4228],[140.7391,38.4192],[140.7444,38.4156],[140.7435,38.412],[140.7545,38.4114],[140.762,38.4066],[140.7654,38.407],[140.7689,38.4048],[140.7748,38.4043],[140.7793,38.4001],[140.7814,38.402],[140.7839,38.4016],[140.7866,38.3992],[140.7966,38.3946],[140.7995,38.3939],[140.8009,38.3949],[140.8074,38.3932],[140.8113,38.3883],[140.8115,38.3858],[140.8138,38.3848],[140.8131,38.3823],[140.8148,38.3832],[140.8203,38.38],[140.8253,38.3751],[140.8248,38.371],[140.8268,38.3689],[140.8226,38.3627],[140.8282,38.3628],[140.8351,38.36],[140.8313,38.3565],[140.8339,38.3545],[140.8288,38.3533],[140.8326,38.3529],[140.8318,38.3511],[140.834,38.3495],[140.8338,38.3474],[140.8349,38.3466],[140.8384,38.3477],[140.8408,38.3469],[140.8433,38.3552],[140.8466,38.3588],[140.8505,38.3581],[140.8532,38.3588],[140.8529,38.3603],[140.8547,38.3617],[140.8601,38.3607],[140.8617,38.3621],[140.8634,38.362],[140.8665,38.3613],[140.8666,38.3603],[140.8706,38.3603],[140.8752,38.3587],[140.8766,38.3566],[140.879,38.3555],[140.879,38.3528],[140.8805,38.3523],[140.8796,38.3511],[140.8811,38.3521],[140.8837,38.3511],[140.8825,38.3492],[140.8838,38.3474],[140.8857,38.3476],[140.8929,38.3439],[140.8933,38.3421],[140.8952,38.3414],[140.9009,38.3409],[140.9034,38.3369],[140.9048,38.3364],[140.9064,38.3374],[140.9084,38.3342],[140.9169,38.3366],[140.9191,38.3334],[140.9247,38.3322],[140.9254,38.3336],[140.9273,38.3331],[140.9267,38.3382],[140.9299,38.3399],[140.9341,38.3408],[140.9376,38.3365],[140.9405,38.3377],[140.9368,38.3317],[140.9393,38.3282],[140.9391,38.3269],[140.9359,38.3257],[140.9364,38.3169],[140.9413,38.3148],[140.9427,38.3122],[140.9464,38.3108],[140.9476,38.3086],[140.9498,38.3103],[140.9537,38.3085],[140.9572,38.3127],[140.9601,38.313],[140.9575,38.3101],[140.9627,38.3096],[140.9598,38.306],[140.9614,38.3049],[140.9583,38.3019],[140.9604,38.3017],[140.9597,38.3005],[140.9577,38.3007],[140.9564,38.2963],[140.9604,38.2941],[140.9607,38.2926],[140.9589,38.2907],[140.9615,38.2892],[140.9631,38.2862],[140.9679,38.2842],[140.9661,38.2863],[140.9709,38.286],[140.9759,38.2836],[140.9897,38.2841],[140.9957,38.283],[140.9959,38.2819],[141.0014,38.282],[141.0023,38.2809],[141.0067,38.2827],[141.0058,38.2799],[141.0072,38.2788],[141.0103,38.2796],[141.0088,38.2778],[141.0129,38.2764],[141.0255,38.2831],[141.0269,38.2821],[141.0276,38.2827],[141.0285,38.2823],[141.0259,38.2764],[141.025,38.271],[141.0121,38.272],[141.0035,38.2739],[141.0037,38.2727],[140.9989,38.2731],[140.9985,38.27],[141.0267,38.2676],[141.0279,38.2656],[141.0295,38.2665],[141.0274,38.2675],[141.0333,38.2666],[141.0323,38.2656],[141.0356,38.2658],[141.0467,38.2648],[141.047,38.2656],[141.0469,38.2646],[141.0356,38.2657],[141.0223,38.2643],[141.0162,38.2553],[141.0086,38.246],[141.0079,38.2463],[141.0086,38.246],[140.9953,38.2297]]],[[[141.0686,38.2628],[141.0551,38.2578],[141.055,38.258],[141.0686,38.2628]]],[[[141.0407,38.2717],[141.0407,38.2719],[141.0408,38.2717],[141.0407,38.2717]]],[[[141.0399,38.2818],[141.0446,38.2746],[141.0431,38.274],[141.0442,38.2725],[141.0411,38.2711],[141.0418,38.27],[141.041,38.2712],[141.044,38.2725],[141.043,38.2739],[141.0402,38.2727],[141.0296,38.2756],[141.031,38.2806],[141.0329,38.2803],[141.0346,38.2822],[141.0375,38.2829],[141.0399,38.2818]]],[[[141.0309,38.282],[141.0311,38.2809],[141.0306,38.2812],[141.0309,38.282]]]]}},{"type":"Feature","properties":{"code":"04202","name":"石巻市","pref_code":"04","pref":"宮城県"},"geometry":{"type":"MultiPolygon","coordinates":[[[[141.408,38.2841],[141.408,38.2841],[141.408,38.284],[141.408,38.2841]]],[[[141.4085,38.2842],[141.4085,38.2842],[141.4085,38.2843],[141.4085,38.2842]]],[[[141.408,38.2843],[141.4081,38.2843],[141.4081,38.2842],[141.408,38.2843]]],[[[141.409,38.2856],[141.4089,38.2851],[141.4089,38.2854],[141.409,38.2856]]],[[[141.408,38.2858],[141.4079,38.2855],[141.4078,38.2856],[141.408,38.2858]]],[[[141.4101,38.2857],[141.4101,38.2856],[141.4102,38.2858],[141.4101,38.2857]]],[[[141.4101,38.286],[141.4101,38.2859],[141.4098,38.2855],[141.4101,38.286]]],[[[141.4121,38.2861],[141.4122,38.286],[141.412,38.286],[141.4121,38.2861]]],[[[141.4121,38.2863],[141.4123,38.2863],[141.4122,38.2861],[141.4121,38.2863]]],[[[141.4128,38.2862],[141.4128,38.2862],[141.4128,38.2862],[141.4128,38.2862]]],[[[141.4125,38.2862],[141.4128,38.2864],[141.4127,38.2861],[141.4125,38.2862]]],[[[141.4114,38.2866],[141.4112,38.2863],[141.4112,38.2863],[141.4114,38.2866]]],[[[141.4124,38.2864],[141.4123,38.2863],[141.4122,38.2865],[141.4124,38.2864]]],[[[141.4129,38.2865],[141.4128,38.2865],[141.4129,38.2866],[141.4129,38.2865]]],[[[141.4126,38.2865],[141.4126,38.2866],[141.4128,38.2866],[141.4126,38.2865]]],[[[141.4109,38.2865],[141.4109,38.2867],[141.411,38.2869],[141.4109,38.2865]]],[[[141.413,38.2867],[141.4129,38.2867],[141.4129,38.2867],[141.413,38.2867]]],[[[141.4116,38.2867],[141.4115,38.2867],[141.4116,38.2868],[141.4116,38.2867]]],[[[141.413,38.2868],[141.413,38.2868],[141.413,38.2867],[141.413,38.2868]]],[[[141.4142,38.2875],[141.4141,38.2874],[141.414,38.2874],[141.4142,38.2875]]],[[[141.4139,38.2876],[141.4138,38.2875],[141.4137,38.2876],[141.4139,38.2876]]],[[[141.4145,38.2876],[141.4144,38.2876],[141.4145,38.2876],[141.4145,38.2876]]],[[[141.4143,38.2877],[141.4142,38.2878],[141.4143,38.2878],[141.4143,38.2877]]],[[[141.4077,38.2878],[141.4077,38.2878],[141.4077,38.2878],[141.4077,38.2878],[141.4077,38.2878]]],[[[141.4165,38.2878],[141.4165,38.2878],[141.4166,38.2878],[141.4165,38.2878]]],[[[141.4077,38.2879],[141.4077,38.2879],[141.4077,38.2878],[141.4077,38.2879]]],[[[141.4078,38.2879],[141.4078,38.2879],[141.4078,38.2879],[141.4078,38.2879]]],[[[141.4166,38.288],[141.4166,38.2879],[141.4166,38.2879],[141.4166,38.288]]],[[[141.4215,38.2878],[141.422,38.2882],[141.4216,38.2878],[141.4215,38.2878]]],[[[141.422,38.288],[141.4219,38.288],[141.422,38.2881],[141.422,38.288]]],[[[141.4213,38.2881],[141.4213,38.2881],[141.4213,38.288],[141.4213,38.2881]]],[[[141.4212,38.2881],[141.4213,38.2881],[141.4212,38.2881],[141.4212,38.2881]]],[[[141.4214,38.2881],[141.4214,38.2881],[141.4215,38.2882],[141.4214,38.2881]]],[[[141.4166,38.2881],[141.4166,38.2882],[141.4166,38.2882],[141.4166,38.2881]]],[[[141.4154,38.2884],[141.4154,38.2884],[141.4154,38.2884],[141.4154,38.2884]]],[[[141.4185,38.2885],[141.4186,38.2885],[141.4186,38.2884],[141.4185,38.2885]]],[[[141.4171,38.2885],[141.4172,38.2885],[141.4172,38.2884],[141.4171,38.2885]]],[[[141.4152,38.2885],[141.4153,38.2885],[141.4153,38.2885],[141.4152,38.2885]]],[[[141.4171,38.2886],[141.4171,38.2886],[141.4169,38.2886],[141.4171,38.2886]]],[[[141.4189,38.2889],[141.4188,38.2884],[141.4187,38.2885],[141.4189,38.2889]]],[[[141.4189,38.2886],[141.419,38.2888],[141.419,38.2886],[141.4189,38.2886]]],[[[141.4201,38.2887],[141.4202,38.2889],[141.4201,38.2886],[141.42,38.2886],[141.4201,38.2887]]],[[[141.4185,38.2885],[141.4187,38.2889],[141.4187,38.2887],[141.4185,38.2885]]],[[[141.4176,38.289],[141.4177,38.2891],[141.4176,38.2886],[141.4176,38.289]]],[[[141.4179,38.2888],[141.418,38.289],[141.4181,38.2889],[141.4179,38.2888]]],[[[141.4173,38.2889],[141.4174,38.289],[141.4174,38.289],[141.4173,38.2889]]],[[[141.4193,38.2889],[141.4192,38.2892],[141.4195,38.289],[141.4193,38.2889]]],[[[141.4188,38.289],[141.4188,38.2892],[141.4189,38.2892],[141.4188,38.289]]],[[[141.4175,38.289],[141.4175,38.2892],[141.4176,38.2891],[141.4175,38.289]]],[[[141.4181,38.2891],[141.418,38.2891],[141.418,38.2892],[141.4181,38.2891]]],[[[141.407,38.2917],[141.407,38.2916],[141.407,38.2917],[141.407,38.2917]]],[[[141.407,38.2917],[141.4069,38.2916],[141.4069,38.2916],[141.407,38.2917]]],[[[141.4073,38.2921],[141.4074,38.2922],[141.4073,38.292],[141.4073,38.2921]]],[[[141.408,38.2934],[141.4079,38.2933],[141.408,38.2937],[141.4082,38.2938],[141.408,38.2934]]],[[[141.4084,38.2938],[141.4084,38.2938],[141.4084,38.2938],[141.4084,38.2938]]],[[[141.4084,38.2939],[141.4084,38.2939],[141.4084,38.2939],[141.4084,38.2939]]],[[[141.4082,38.2941],[141.4083,38.2941],[141.4083,38.294],[141.4082,38.2941]]],[[[141.4081,38.2941],[141.4083,38.2943],[141.4084,38.2942],[141.4081,38.2941]]],[[[141.4083,38.2945],[141.4084,38.2945],[141.4084,38.2945],[141.4083,38.2945]]],[[[141.4089,38.2951],[141.409,38.2952],[141.4089,38.2951],[141.4089,38.2951]]],[[[141.4093,38.2953],[141.4093,38.2953],[141.4092,38.2952],[141.4093,38.2953]]],[[[141.4095,38.2956],[141.4093,38.2954],[141.4093,38.2955],[141.4095,38.2956]]],[[[141.4098,38.2958],[141.4098,38.2957],[141.4097,38.2958],[141.4098,38.2958]]],[[[141.4101,38.2963],[141.4101,38.2963],[141.4101,38.2963],[141.4101,38.2963]]],[[[141.4108,38.2969],[141.4107,38.2968],[141.4107,38.2968],[141.4108,38.2969]]],[[[141.4114,38.2978],[141.4114,38.2978],[141.4113,38.2978],[141.4114,38.2978]]],[[[141.4267,38.2934],[141.4284,38.2942],[141.4272,38.2955],[141.4271,38.2964],[141.4295,38.2928],[141.4266,38.2924],[141.4253,38.2914],[141.4242,38.2917],[141.4234,38.2907],[141.4228,38.289],[141.4222,38.289],[141.4205,38.2877],[141.4203,38.289],[141.4197,38.2886],[141.4196,38.2892],[141.4174,38.2893],[141.4152,38.2886],[141.4128,38.2872],[141.4124,38.2865],[141.4117,38.2871],[141.4111,38.2864],[141.4113,38.2868],[141.411,38.2869],[141.4091,38.2859],[141.4087,38.285],[141.4087,38.2866],[141.4072,38.2863],[141.4079,38.2879],[141.4064,38.2883],[141.4064,38.2903],[141.4086,38.2938],[141.4084,38.2944],[141.4105,38.2959],[141.4128,38.2993],[141.4114,38.3013],[141.4103,38.3014],[141.4103,38.303],[141.4098,38.3032],[141.41,38.3039],[141.41,38.3039],[141.4094,38.3048],[141.4115,38.3088],[141.4117,38.3088],[141.4119,38.3089],[141.412,38.3089],[141.4122,38.3091],[141.4126,38.3091],[141.4128,38.3094],[141.4132,38.3093],[141.4149,38.3103],[141.4155,38.3102],[141.4162,38.312],[141.4187,38.3119],[141.419,38.3106],[141.4217,38.3095],[141.4209,38.3082],[141.4212,38.3078],[141.4222,38.3072],[141.4218,38.3058],[141.4207,38.3067],[141.4195,38.3059],[141.4218,38.3052],[141.4207,38.3046],[141.4207,38.3041],[141.4212,38.3038],[141.4203,38.303],[141.4214,38.301],[141.4229,38.3006],[141.4228,38.2987],[141.4232,38.2979],[141.4239,38.2971],[141.4261,38.296],[141.4247,38.2966],[141.4243,38.2946],[141.4264,38.295],[141.4252,38.2941],[141.4267,38.2934]]],[[[141.4122,38.2996],[141.4122,38.2996],[141.4122,38.2996],[141.4122,38.2996]]],[[[141.412,38.3003],[141.412,38.3004],[141.412,38.3003],[141.412,38.3003]]],[[[141.4118,38.3004],[141.4118,38.3004],[141.4118,38.3004],[141.4118,38.3004]]],[[[141.4112,38.3008],[141.4112,38.3008],[141.4112,38.3008],[141.4112,38.3008]]],[[[141.4112,38.301],[141.4112,38.3008],[141.4111,38.3009],[141.4112,38.301]]],[[[141.4113,38.3011],[141.4112,38.3011],[141.4113,38.3011],[141.4113,38.3011]]],[[[141.4102,38.3016],[141.4103,38.3016],[141.4102,38.3015],[141.4102,38.3016]]],[[[141.41,38.3021],[141.41,38.3021],[141.41,38.302],[141.41,38.3021]]],[[[141.4215,38.3018],[141.4215,38.3025],[141.4217,38.3023],[141.4215,38.3018]]],[[[141.4213,38.3025],[141.4214,38.3026],[141.4214,38.3025],[141.4213,38.3025]]],[[[141.4219,38.3026],[141.422,38.3026],[141.4219,38.3025],[141.4219,38.3026]]],[[[141.4099,38.3029],[141.4102,38.3029],[141.4101,38.3028],[141.4099,38.3029]]],[[[141.4101,38.303],[141.4101,38.303],[141.41,38.303],[141.4101,38.303]]],[[[141.4098,38.3033],[141.4098,38.3032],[141.4098,38.3033],[141.4098,38.3033]]],[[[141.4097,38.3037],[141.4097,38.3038],[141.4097,38.3037],[141.4097,38.3037]]],[[[141.4099,38.3039],[141.4099,38.3039],[141.4099,38.3038],[141.4099,38.3039]]],[[[141.4097,38.3039],[141.4097,38.3039],[141.4097,38.3039],[141.4097,38.3039]]],[[[141.41,38.3039],[141.4099,38.3039],[141.4099,38.3039],[141.41,38.3039]]],[[[141.421,38.304],[141.421,38.304],[141.421,38.304],[141.421,38.304]]],[[[141.4212,38.304],[141.4212,38.304],[141.4212,38.304],[141.4212,38.304]]],[[[141.4099,38.304],[141.4099,38.304],[141.4098,38.304],[141.4099,38.304]]],[[[141.421,38.304],[141.421,38.304],[141.421,38.304],[141.421,38.304]]],[[[141.421,38.3041],[141.421,38.3041],[141.421,38.3041],[141.421,38.3041]]],[[[141.4214,38.3042],[141.4214,38.3043],[141.4215,38.3042],[141.4214,38.3042]]],[[[141.4214,38.3043],[141.4214,38.3042],[141.4213,38.3042],[141.4214,38.3043]]],[[[141.4093,38.3059],[141.4093,38.3059],[141.4094,38.306],[141.4093,38.3059]]],[[[141.422,38.3074],[141.4219,38.3074],[141.422,38.3074],[141.422,38.3074]]],[[[141.4215,38.3079],[141.4214,38.308],[141.4214,38.308],[141.4215,38.3079]]],[[[141.4213,38.308],[141.4212,38.308],[141.4212,38.308],[141.4213,38.308]]],[[[141.4222,38.3087],[141.4221,38.3084],[141.4221,38.3085],[141.4222,38.3087]]],[[[141.4218,38.3087],[141.4218,38.3087],[141.4219,38.3087],[141.4218,38.3087]]],[[[141.4117,38.3089],[141.4118,38.3089],[141.4117,38.3088],[141.4117,38.3089]]],[[[141.4221,38.3089],[141.422,38.3089],[141.4221,38.3089],[141.4221,38.3089]]],[[[141.422,38.3091],[141.4221,38.309],[141.4219,38.309],[141.422,38.3091]]],[[[141.4131,38.3094],[141.4131,38.3095],[141.4131,38.3095],[141.4131,38.3094]]],[[[141.4131,38.3097],[141.4132,38.3097],[141.4132,38.3097],[141.4131,38.3097]]],[[[141.4137,38.3099],[141.4138,38.3099],[141.4137,38.3098],[141.4137,38.3099]]],[[[141.4136,38.3099],[141.4137,38.3099],[141.4137,38.3099],[141.4136,38.3099]]],[[[141.4136,38.3099],[141.4137,38.31],[141.4137,38.3099],[141.4136,38.3099]]],[[[141.4135,38.31],[141.4136,38.31],[141.4135,38.31],[141.4135,38.31]]],[[[141.4156,38.312],[141.4156,38.3121],[141.4157,38.3121],[141.4156,38.312]]],[[[141.4163,38.3122],[141.4163,38.3122],[141.4163,38.3122],[141.4163,38.3122]]],[[[141.4164,38.3123],[141.4164,38.3124],[141.4165,38.3123],[141.4164,38.3123]]],[[[141.4179,38.3468],[141.4179,38.3468],[141.4179,38.3469],[141.4179,38.3468]]],[[[141.418,38.3469],[141.4182,38.3471],[141.4181,38.3469],[141.418,38.3469]]],[[[141.4163,38.3471],[141.4162,38.347],[141.4161,38.3471],[141.4163,38.3471]]],[[[141.4185,38.3471],[141.4185,38.347],[141.4185,38.3471],[141.4185,38.3471]]],[[[141.4216,38.3473],[141.4217,38.3474],[141.4217,38.3474],[141.4216,38.3473]]],[[[141.418,38.3521],[141.418,38.3521],[141.418,38.3521],[141.418,38.3521]]],[[[141.4147,38.3546],[141.4146,38.3546],[141.4147,38.3547],[141.4147,38.3546]]],[[[141.4199,38.3766],[141.4198,38.3766],[141.4198,38.3766],[141.4199,38.3766]]],[[[141.3713,38.3788],[141.3714,38.3793],[141.3715,38.3789],[141.3713,38.3788]]],[[[141.3711,38.3793],[141.3711,38.3793],[141.3711,38.3794],[141.3711,38.3793]]],[[[141.3699,38.3796],[141.37,38.3796],[141.3699,38.3795],[141.3699,38.3796]]],[[[141.3713,38.3796],[141.3711,38.3794],[141.3713,38.3797],[141.3713,38.3796]]],[[[141.3714,38.3796],[141.3714,38.3796],[141.3714,38.3797],[141.3714,38.3796]]],[[[141.3703,38.3792],[141.37,38.3797],[141.3709,38.3801],[141.3703,38.3792]]],[[[141.3716,38.3798],[141.3716,38.3798],[141.3716,38.3798],[141.3716,38.3798]]],[[[141.3678,38.3798],[141.3678,38.3799],[141.3679,38.3798],[141.3678,38.3798]]],[[[141.3691,38.3799],[141.369,38.3798],[141.3689,38.38],[141.3691,38.3799]]],[[[141.3681,38.3801],[141.3681,38.38],[141.3681,38.38],[141.3681,38.3801]]],[[[141.3779,38.3806],[141.3778,38.3803],[141.3777,38.3806],[141.3779,38.3806]]],[[[141.3775,38.3807],[141.3773,38.3806],[141.3773,38.3807],[141.3775,38.3807]]],[[[141.3774,38.381],[141.3777,38.3811],[141.3777,38.381],[141.3774,38.381]]],[[[141.3777,38.3812],[141.3777,38.3811],[141.3777,38.3812],[141.3777,38.3812]]],[[[141.3789,38.3815],[141.3789,38.3815],[141.3789,38.3815],[141.3789,38.3815]]],[[[141.3792,38.3818],[141.3792,38.3818],[141.3792,38.3818],[141.3792,38.3818]]],[[[141.3805,38.3822],[141.3759,38.3812],[141.3775,38.3828],[141.3789,38.3819],[141.3801,38.3823],[141.3805,38.3822]]],[[[141.3727,38.383],[141.3726,38.383],[141.3727,38.3831],[141.3727,38.383]]],[[[141.373,38.3833],[141.3732,38.3831],[141.3731,38.3831],[141.373,38.3833]]],[[[141.3727,38.3832],[141.3727,38.3832],[141.3729,38.3832],[141.3727,38.3832]]],[[[141.3729,38.3834],[141.3729,38.3834],[141.373,38.3834],[141.3729,38.3834]]],[[[141.3726,38.3837],[141.3726,38.3837],[141.3726,38.3837],[141.3726,38.3837]]],[[[141.3757,38.3838],[141.3758,38.3837],[141.3757,38.3837],[141.3757,38.3838]]],[[[141.3857,38.3838],[141.3858,38.3837],[141.3857,38.3837],[141.3857,38.3838]]],[[[141.3728,38.3838],[141.3726,38.3838],[141.3727,38.3838],[141.3728,38.3838]]],[[[141.3817,38.3838],[141.3818,38.3839],[141.3818,38.3838],[141.3817,38.3838]]],[[[141.3857,38.3839],[141.3858,38.3838],[141.3858,38.3838],[141.3857,38.3839]]],[[[141.3824,38.3839],[141.3824,38.3839],[141.3824,38.384],[141.3824,38.3839]]],[[[141.3859,38.384],[141.3858,38.3839],[141.3858,38.384],[141.3859,38.384]]],[[[141.3862,38.3841],[141.3862,38.3841],[141.3862,38.3842],[141.3862,38.3841]]],[[[141.3859,38.3842],[141.386,38.3842],[141.386,38.3842],[141.3859,38.3842]]],[[[141.3877,38.3846],[141.3877,38.3847],[141.3878,38.3847],[141.3877,38.3846]]],[[[141.3881,38.3848],[141.3881,38.3848],[141.3881,38.3848],[141.3881,38.3848]]],[[[141.3688,38.3848],[141.3688,38.3848],[141.3688,38.3848],[141.3688,38.3848]]],[[[141.3881,38.3849],[141.3881,38.3849],[141.388,38.3849],[141.3881,38.3849]]],[[[141.388,38.385],[141.388,38.385],[141.3879,38.3849],[141.388,38.385]]],[[[141.3882,38.385],[141.388,38.385],[141.3881,38.3851],[141.3882,38.385]]],[[[141.3884,38.3855],[141.3884,38.3855],[141.3884,38.3854],[141.3884,38.3855]]],[[[141.3895,38.3856],[141.3894,38.3855],[141.3894,38.3858],[141.3895,38.3856]]],[[[141.3652,38.3877],[141.3651,38.3877],[141.3652,38.3877],[141.3652,38.3877]]],[[[141.3652,38.3878],[141.3652,38.3877],[141.3651,38.3878],[141.3652,38.3878]]],[[[141.2693,38.387],[141.2786,38.3923],[141.2897,38.3931],[141.2787,38.3922],[141.2693,38.387]]],[[[141.3665,38.3906],[141.3666,38.3905],[141.3665,38.3905],[141.3665,38.3906]]],[[[141.3977,38.3911],[141.3978,38.3911],[141.3978,38.3909],[141.3977,38.3911]]],[[[141.3675,38.3922],[141.3675,38.3922],[141.3676,38.3922],[141.3675,38.3922]]],[[[141.3677,38.3923],[141.3677,38.3922],[141.3676,38.3922],[141.3677,38.3923]]],[[[141.4017,38.3955],[141.4017,38.3955],[141.4017,38.3956],[141.4017,38.3955]]],[[[141.4018,38.3957],[141.4017,38.3956],[141.4017,38.3957],[141.4018,38.3957]]],[[[141.4023,38.3959],[141.4022,38.3959],[141.4022,38.396],[141.4023,38.3959]]],[[[141.3683,38.4013],[141.3682,38.4013],[141.3683,38.4014],[141.3683,38.4013]]],[[[141.3684,38.4014],[141.3684,38.4014],[141.3684,38.4014],[141.3684,38.4014]]],[[[141.3422,38.4032],[141.3387,38.4031],[141.3422,38.4033],[141.3452,38.4018],[141.3422,38.4032]]],[[[141.3657,38.4029],[141.3657,38.4029],[141.3658,38.4033],[141.3657,38.4029]]],[[[141.3664,38.4037],[141.3664,38.405],[141.3666,38.405],[141.3664,38.4037]]],[[[141.3183,38.4065],[141.3183,38.4065],[141.319,38.4072],[141.3183,38.4065]]],[[[141.3126,38.4073],[141.3126,38.4074],[141.3127,38.4074],[141.3126,38.4073]]],[[[141.3145,38.4073],[141.3145,38.4074],[141.3147,38.4074],[141.3145,38.4073]]],[[[141.3207,38.4084],[141.32,38.4077],[141.3207,38.4084],[141.3207,38.4084]]],[[[141.2799,38.4175],[141.284,38.4178],[141.2845,38.4176],[141.2846,38.4165],[141.284,38.4178],[141.2799,38.4175]]],[[[141.2792,38.4174],[141.2792,38.4174],[141.2782,38.4171],[141.2792,38.4174]]],[[[141.5236,38.6095],[141.5234,38.6095],[141.5227,38.6092],[141.5222,38.6079],[141.5218,38.6076],[141.5223,38.6084],[141.5205,38.6095],[141.5174,38.6041],[141.5167,38.605],[141.5111,38.6053],[141.5095,38.6032],[141.5084,38.604],[141.5086,38.6022],[141.5101,38.6014],[141.5108,38.6016],[141.5094,38.6001],[141.5094,38.5996],[141.5099,38.5993],[141.5102,38.5993],[141.51,38.5989],[141.5099,38.5992],[141.5093,38.5991],[141.5083,38.5984],[141.5085,38.6009],[141.5077,38.6011],[141.5066,38.6011],[141.5053,38.6025],[141.5041,38.6016],[141.5035,38.6036],[141.5013,38.6032],[141.5019,38.6012],[141.5038,38.6011],[141.502,38.5999],[141.5029,38.5981],[141.5037,38.5982],[141.5031,38.5967],[141.5046,38.595],[141.503,38.5947],[141.5014,38.5936],[141.5004,38.5941],[141.4985,38.5927],[141.4989,38.5918],[141.4985,38.5911],[141.4973,38.5914],[141.4947,38.5898],[141.4957,38.5916],[141.4951,38.5921],[141.4919,38.5909],[141.4925,38.5892],[141.4942,38.5894],[141.491,38.5886],[141.4912,38.5868],[141.4894,38.5877],[141.4878,38.5859],[141.4885,38.5855],[141.4876,38.5846],[141.4873,38.5831],[141.4871,38.5837],[141.4847,38.584],[141.4802,38.5821],[141.4795,38.583],[141.4791,38.583],[141.4789,38.5828],[141.4781,38.5825],[141.479,38.5832],[141.4776,38.5849],[141.4753,38.585],[141.4712,38.5821],[141.4729,38.584],[141.4703,38.5819],[141.4655,38.5825],[141.4586,38.5785],[141.4596,38.571],[141.4629,38.5613],[141.4659,38.5604],[141.4683,38.5611],[141.4686,38.5617],[141.4685,38.5621],[141.4688,38.5621],[141.469,38.5614],[141.4726,38.5606],[141.4732,38.561],[141.4731,38.561],[141.4731,38.5611],[141.473,38.5613],[141.4729,38.5616],[141.4734,38.5617],[141.4751,38.563],[141.4739,38.562],[141.4764,38.5603],[141.4767,38.5608],[141.4767,38.5626],[141.4752,38.5635],[141.4767,38.5627],[141.4784,38.5627],[141.4758,38.5594],[141.4759,38.559],[141.4762,38.5576],[141.4776,38.5569],[141.4783,38.557],[141.4786,38.5573],[141.4788,38.5586],[141.4795,38.5588],[141.4798,38.5594],[141.4796,38.5589],[141.4799,38.5588],[141.4804,38.5587],[141.4809,38.5589],[141.4811,38.5587],[141.481,38.5577],[141.4826,38.5545],[141.4833,38.5546],[141.4834,38.554],[141.4843,38.5538],[141.4847,38.5533],[141.4854,38.5532],[141.4878,38.554],[141.4866,38.5511],[141.4867,38.5483],[141.4861,38.548],[141.4853,38.5466],[141.487,38.5449],[141.4856,38.5424],[141.4857,38.5409],[141.4865,38.5397],[141.488,38.5393],[141.488,38.5386],[141.4885,38.5385],[141.4884,38.5382],[141.4891,38.5372],[141.4902,38.5365],[141.494,38.5357],[141.4915,38.5347],[141.4918,38.5342],[141.4935,38.5331],[141.4998,38.5329],[141.5001,38.5355],[141.4983,38.5357],[141.5003,38.5355],[141.5018,38.5365],[141.5022,38.535],[141.5062,38.5333],[141.5089,38.5337],[141.5088,38.5346],[141.5091,38.535],[141.51,38.5334],[141.5112,38.535],[141.5093,38.5353],[141.5099,38.5357],[141.5088,38.5372],[141.5089,38.5373],[141.5093,38.5382],[141.508,38.5381],[141.5094,38.5384],[141.5126,38.5412],[141.5145,38.5449],[141.5153,38.5442],[141.5159,38.5444],[141.5153,38.5436],[141.5156,38.543],[141.5165,38.5435],[141.5158,38.542],[141.5166,38.5402],[141.5205,38.5393],[141.5219,38.54],[141.522,38.5418],[141.5226,38.5413],[141.5234,38.5417],[141.5239,38.5445],[141.5247,38.5446],[141.5261,38.5469],[141.5265,38.5463],[141.5279,38.5464],[141.5293,38.547],[141.5322,38.5491],[141.5332,38.5483],[141.5324,38.5473],[141.5326,38.5465],[141.5338,38.5464],[141.5349,38.547],[141.5344,38.5466],[141.5344,38.5454],[141.535,38.5453],[141.534,38.5429],[141.534,38.5408],[141.5347,38.541],[141.5319,38.5397],[141.5323,38.5379],[141.5306,38.5369],[141.5302,38.5364],[141.5302,38.5346],[141.5309,38.5338],[141.5306,38.5336],[141.5302,38.5326],[141.5314,38.5318],[141.533,38.5315],[141.5335,38.533],[141.5345,38.5327],[141.5359,38.5322],[141.5368,38.5331],[141.5357,38.5317],[141.5368,38.5314],[141.5384,38.5319],[141.5376,38.5301],[141.5384,38.5295],[141.5388,38.5296],[141.5385,38.5294],[141.5386,38.529],[141.539,38.5291],[141.5386,38.5289],[141.5386,38.5286],[141.5397,38.5285],[141.54,38.5268],[141.5419,38.5264],[141.5416,38.5261],[141.5417,38.525],[141.5444,38.5248],[141.545,38.5254],[141.5451,38.5244],[141.5476,38.5239],[141.5463,38.5237],[141.5455,38.5219],[141.5479,38.5222],[141.5446,38.5215],[141.5446,38.5206],[141.5445,38.5206],[141.544,38.5207],[141.5437,38.5206],[141.5407,38.5186],[141.5398,38.5174],[141.5396,38.5167],[141.5386,38.5168],[141.5392,38.5163],[141.5382,38.5152],[141.538,38.515],[141.5381,38.514],[141.5395,38.513],[141.5393,38.5113],[141.5391,38.5118],[141.5387,38.5118],[141.5361,38.5112],[141.5358,38.5108],[141.5357,38.5099],[141.535,38.5101],[141.5343,38.5098],[141.5341,38.5096],[141.5342,38.5094],[141.5339,38.5091],[141.5368,38.5078],[141.5361,38.5066],[141.5378,38.5062],[141.5374,38.5052],[141.5389,38.5026],[141.5402,38.5025],[141.5408,38.5047],[141.5428,38.5046],[141.5391,38.4979],[141.5385,38.4976],[141.5387,38.4984],[141.5381,38.4994],[141.5368,38.4995],[141.5366,38.4977],[141.5364,38.4977],[141.5362,38.4976],[141.5361,38.4977],[141.5357,38.4975],[141.536,38.4967],[141.5333,38.496],[141.5354,38.495],[141.5346,38.4933],[141.5359,38.4918],[141.5374,38.4912],[141.5372,38.4902],[141.5359,38.49],[141.5358,38.4887],[141.5352,38.4883],[141.5351,38.4899],[141.5341,38.4905],[141.5335,38.4902],[141.5333,38.4898],[141.5329,38.4891],[141.5325,38.4898],[141.5321,38.49],[141.5291,38.4883],[141.5276,38.4886],[141.5271,38.4907],[141.5253,38.4904],[141.5248,38.4897],[141.5244,38.4901],[141.5239,38.4899],[141.5235,38.4915],[141.5247,38.4929],[141.525,38.4932],[141.5241,38.4937],[141.5252,38.4942],[141.5234,38.4946],[141.5231,38.496],[141.5187,38.4942],[141.5189,38.4933],[141.5186,38.4933],[141.5187,38.4935],[141.5184,38.4935],[141.5178,38.4931],[141.5176,38.4926],[141.5173,38.4927],[141.5172,38.4927],[141.517,38.4923],[141.5169,38.4926],[141.5154,38.4933],[141.5149,38.493],[141.516,38.4936],[141.5152,38.4942],[141.5161,38.4952],[141.5154,38.4985],[141.5165,38.5002],[141.5163,38.5009],[141.515,38.5034],[141.5124,38.5033],[141.5158,38.5042],[141.5162,38.5061],[141.5138,38.5089],[141.5145,38.5112],[141.5137,38.513],[141.5046,38.5118],[141.5034,38.5096],[141.5034,38.5084],[141.5018,38.5106],[141.4985,38.5113],[141.4966,38.5104],[141.4966,38.5094],[141.4962,38.5099],[141.4941,38.5088],[141.494,38.5116],[141.4919,38.5126],[141.4917,38.5138],[141.4909,38.5133],[141.4914,38.514],[141.4857,38.5161],[141.4832,38.5199],[141.4797,38.5195],[141.4781,38.5209],[141.4694,38.5211],[141.4666,38.5171],[141.467,38.5155],[141.4641,38.5133],[141.465,38.5123],[141.4729,38.5182],[141.4752,38.5177],[141.4788,38.5134],[141.4829,38.5123],[141.4831,38.5112],[141.4858,38.5099],[141.4883,38.507],[141.4878,38.5053],[141.4889,38.5051],[141.489,38.5061],[141.4893,38.5047],[141.4877,38.5035],[141.4889,38.5024],[141.4875,38.5035],[141.4869,38.5019],[141.488,38.5003],[141.4885,38.5018],[141.4883,38.5006],[141.4903,38.4997],[141.4893,38.4986],[141.4956,38.4995],[141.4962,38.5005],[141.496,38.4984],[141.4966,38.4971],[141.4957,38.4966],[141.4958,38.4959],[141.4973,38.4954],[141.4968,38.4951],[141.4965,38.4944],[141.4962,38.4938],[141.4964,38.4935],[141.4959,38.4935],[141.4962,38.4929],[141.4934,38.4924],[141.4934,38.4906],[141.492,38.4899],[141.4908,38.4888],[141.492,38.4885],[141.4915,38.4877],[141.4919,38.4868],[141.4927,38.4864],[141.4923,38.4851],[141.4955,38.4842],[141.4954,38.4813],[141.496,38.48],[141.4894,38.4805],[141.4874,38.4792],[141.4791,38.4818],[141.4727,38.4822],[141.4699,38.4862],[141.4701,38.4896],[141.4616,38.4904],[141.459,38.4926],[141.4523,38.4855],[141.45,38.4847],[141.4501,38.4823],[141.4402,38.4791],[141.4304,38.484],[141.4256,38.4837],[141.4196,38.4869],[141.4173,38.4857],[141.4149,38.48],[141.4152,38.4729],[141.4119,38.4703],[141.4132,38.4686],[141.4109,38.4674],[141.4075,38.4589],[141.4039,38.4562],[141.4068,38.4538],[141.4054,38.4493],[141.4063,38.4469],[141.4043,38.4406],[141.4003,38.4366],[141.3998,38.4196],[141.4096,38.4166],[141.4126,38.4128],[141.4122,38.4112],[141.4213,38.4098],[141.4224,38.4117],[141.4253,38.412],[141.4277,38.4149],[141.4294,38.4141],[141.4322,38.4153],[141.4351,38.4132],[141.4399,38.4128],[141.443,38.4105],[141.4492,38.41],[141.4513,38.406],[141.4504,38.4012],[141.452,38.3995],[141.4509,38.3926],[141.458,38.392],[141.4587,38.3872],[141.4602,38.386],[141.4649,38.3852],[141.4751,38.3847],[141.482,38.3915],[141.4848,38.3916],[141.4881,38.3933],[141.4925,38.3926],[141.4978,38.389],[141.503,38.3938],[141.5038,38.3961],[141.5062,38.3976],[141.5083,38.3971],[141.5108,38.3995],[141.5121,38.3985],[141.5119,38.3963],[141.513,38.3959],[141.5128,38.3937],[141.5148,38.3928],[141.5171,38.3952],[141.5171,38.3939],[141.5175,38.3935],[141.518,38.3936],[141.5192,38.3948],[141.5197,38.3941],[141.5218,38.3941],[141.5234,38.3955],[141.524,38.3981],[141.5243,38.3971],[141.5256,38.3978],[141.5269,38.3966],[141.5286,38.3983],[141.5311,38.3972],[141.5322,38.3981],[141.532,38.3986],[141.5326,38.3994],[141.5326,38.4009],[141.5332,38.4008],[141.5344,38.4025],[141.5345,38.4024],[141.5344,38.4024],[141.5345,38.402],[141.5356,38.4014],[141.5368,38.4017],[141.5372,38.4008],[141.539,38.4009],[141.5382,38.3999],[141.5387,38.3994],[141.5379,38.3984],[141.5383,38.3966],[141.5391,38.3957],[141.5406,38.3966],[141.5401,38.3959],[141.5409,38.3958],[141.5376,38.3947],[141.5377,38.3914],[141.5383,38.3901],[141.5406,38.3897],[141.5376,38.3882],[141.5376,38.3874],[141.5375,38.3878],[141.5368,38.3878],[141.5331,38.3868],[141.5336,38.3855],[141.5329,38.3854],[141.5335,38.3839],[141.5319,38.3836],[141.5324,38.383],[141.5309,38.3825],[141.5307,38.3815],[141.5301,38.3826],[141.5302,38.3814],[141.5296,38.3811],[141.5286,38.3836],[141.5277,38.3841],[141.527,38.3838],[141.5273,38.3855],[141.5269,38.3864],[141.5261,38.3858],[141.5266,38.3863],[141.5267,38.3867],[141.5261,38.3862],[141.5238,38.3871],[141.5261,38.3868],[141.5266,38.3892],[141.5246,38.3886],[141.5252,38.3894],[141.5238,38.39],[141.524,38.3876],[141.522,38.3904],[141.5207,38.3887],[141.521,38.3882],[141.5194,38.3888],[141.5159,38.3865],[141.5165,38.3892],[141.516,38.3894],[141.515,38.389],[141.5148,38.3891],[141.5168,38.3896],[141.5119,38.3916],[141.5107,38.3906],[141.509,38.3911],[141.5081,38.3905],[141.5077,38.3897],[141.5095,38.3892],[141.5089,38.3884],[141.509,38.3879],[141.508,38.3872],[141.5078,38.3876],[141.5075,38.3877],[141.507,38.3875],[141.5059,38.3862],[141.5061,38.3852],[141.5071,38.3849],[141.5068,38.3845],[141.5074,38.3847],[141.5072,38.3841],[141.5047,38.3844],[141.5025,38.382],[141.501,38.3831],[141.4985,38.3828],[141.4968,38.3814],[141.4964,38.3824],[141.4946,38.3821],[141.4915,38.3797],[141.4883,38.3823],[141.489,38.3796],[141.4846,38.38],[141.4813,38.3754],[141.4817,38.373],[141.4839,38.3743],[141.4849,38.3701],[141.4896,38.3676],[141.4899,38.3683],[141.4903,38.3686],[141.4898,38.3676],[141.491,38.3674],[141.4921,38.3691],[141.4912,38.3698],[141.4924,38.369],[141.495,38.3714],[141.4946,38.3706],[141.4948,38.3702],[141.4962,38.3696],[141.4973,38.3709],[141.4966,38.3694],[141.4983,38.3685],[141.5016,38.3696],[141.5029,38.3715],[141.5037,38.3707],[141.5052,38.3705],[141.5083,38.3714],[141.5076,38.3702],[141.5087,38.3697],[141.5091,38.3699],[141.5094,38.3694],[141.5112,38.3699],[141.5118,38.3702],[141.5126,38.3713],[141.5131,38.3713],[141.5127,38.3709],[141.5152,38.3704],[141.5143,38.3698],[141.5152,38.3699],[141.5149,38.3693],[141.5149,38.3687],[141.5172,38.368],[141.5181,38.3685],[141.5179,38.3671],[141.5197,38.3666],[141.5181,38.3635],[141.5183,38.3627],[141.5192,38.3624],[141.5199,38.3627],[141.52,38.3629],[141.5204,38.3626],[141.5213,38.3623],[141.5215,38.3624],[141.5219,38.3619],[141.5208,38.3613],[141.521,38.3607],[141.52,38.3601],[141.5194,38.3593],[141.5195,38.3589],[141.5234,38.3576],[141.5229,38.3568],[141.524,38.3556],[141.5245,38.3566],[141.5245,38.3555],[141.5228,38.3544],[141.5243,38.3535],[141.523,38.3524],[141.5228,38.3511],[141.5244,38.3474],[141.5258,38.3459],[141.5274,38.346],[141.5275,38.3452],[141.5298,38.343],[141.533,38.3421],[141.5331,38.3411],[141.5338,38.3405],[141.5335,38.3399],[141.5342,38.3398],[141.5323,38.3376],[141.5326,38.3364],[141.5317,38.3359],[141.5317,38.3337],[141.5303,38.3335],[141.5299,38.3328],[141.531,38.3316],[141.5306,38.3315],[141.5306,38.3311],[141.53,38.3311],[141.531,38.3295],[141.5274,38.3293],[141.528,38.3279],[141.5276,38.3275],[141.5266,38.3289],[141.5269,38.3279],[141.5253,38.3275],[141.5247,38.3255],[141.5252,38.3243],[141.5283,38.3236],[141.5272,38.323],[141.5282,38.3215],[141.5303,38.3211],[141.531,38.3211],[141.531,38.3214],[141.5325,38.3213],[141.5308,38.3198],[141.5325,38.3186],[141.5377,38.3185],[141.5397,38.3191],[141.5385,38.3184],[141.5394,38.318],[141.5387,38.317],[141.541,38.3158],[141.5402,38.315],[141.5404,38.313],[141.5413,38.3127],[141.5409,38.3119],[141.5412,38.3113],[141.5406,38.3113],[141.5409,38.3106],[141.541,38.3104],[141.5404,38.3105],[141.541,38.308],[141.5403,38.3075],[141.5407,38.3072],[141.5404,38.3069],[141.5404,38.3058],[141.5406,38.3057],[141.5401,38.3056],[141.5401,38.3039],[141.5375,38.3023],[141.5371,38.3013],[141.5373,38.3011],[141.5348,38.3008],[141.5339,38.3014],[141.5306,38.3012],[141.5284,38.2994],[141.5279,38.2973],[141.5286,38.2968],[141.5277,38.2966],[141.5282,38.2963],[141.5261,38.2962],[141.5256,38.2959],[141.5264,38.2947],[141.5257,38.2933],[141.5256,38.2901],[141.5263,38.2899],[141.5248,38.2888],[141.5246,38.2853],[141.5252,38.2847],[141.5249,38.2843],[141.5252,38.2842],[141.524,38.2816],[141.5251,38.2811],[141.5249,38.2803],[141.5257,38.2799],[141.5236,38.2781],[141.5268,38.276],[141.526,38.2753],[141.5253,38.276],[141.523,38.2745],[141.5251,38.2729],[141.5235,38.2724],[141.5233,38.2715],[141.523,38.2722],[141.5224,38.2713],[141.5223,38.2725],[141.5216,38.2715],[141.5204,38.2732],[141.5192,38.2728],[141.5196,38.2719],[141.5188,38.2716],[141.5154,38.2752],[141.5141,38.2756],[141.5129,38.2745],[141.5126,38.2754],[141.5116,38.2758],[141.512,38.276],[141.5115,38.2774],[141.5108,38.278],[141.5103,38.2781],[141.5108,38.2798],[141.5094,38.2815],[141.5105,38.2831],[141.5095,38.2836],[141.5097,38.286],[141.5087,38.2868],[141.5102,38.2925],[141.5043,38.2927],[141.5077,38.2927],[141.5078,38.2937],[141.5078,38.2929],[141.5093,38.2928],[141.5085,38.2936],[141.5095,38.2935],[141.509,38.2967],[141.5066,38.298],[141.5068,38.2969],[141.506,38.2975],[141.5052,38.2957],[141.5033,38.2948],[141.5041,38.2942],[141.5045,38.2934],[141.5029,38.2951],[141.5008,38.2952],[141.5003,38.2941],[141.4988,38.2942],[141.4979,38.2923],[141.4964,38.2924],[141.4957,38.2915],[141.4953,38.2925],[141.4947,38.2924],[141.4932,38.2936],[141.4918,38.2937],[141.4923,38.2944],[141.4918,38.2955],[141.4938,38.2965],[141.4928,38.2973],[141.4937,38.2975],[141.4954,38.3003],[141.494,38.3014],[141.4964,38.3029],[141.4972,38.3044],[141.494,38.3077],[141.4896,38.3088],[141.4887,38.308],[141.4897,38.3073],[141.4887,38.3079],[141.4877,38.3072],[141.4841,38.3083],[141.4815,38.3066],[141.48,38.3073],[141.4783,38.3055],[141.4777,38.3073],[141.4746,38.3087],[141.4743,38.3121],[141.4701,38.3154],[141.4726,38.3194],[141.4721,38.3201],[141.4705,38.3203],[141.468,38.3153],[141.4705,38.3082],[141.4704,38.308],[141.4698,38.3079],[141.4694,38.3076],[141.4684,38.3065],[141.4672,38.3063],[141.4667,38.3058],[141.4662,38.3061],[141.4662,38.3065],[141.4661,38.3068],[141.4654,38.3073],[141.4646,38.3065],[141.4637,38.3081],[141.4632,38.3082],[141.4628,38.308],[141.4626,38.3078],[141.4625,38.3088],[141.4613,38.3098],[141.46,38.3094],[141.4598,38.3098],[141.4601,38.3105],[141.46,38.311],[141.4594,38.312],[141.4597,38.3126],[141.4587,38.3138],[141.454,38.3157],[141.4523,38.3145],[141.4521,38.3148],[141.4513,38.3145],[141.4508,38.3153],[141.4495,38.3152],[141.4511,38.3177],[141.4588,38.3227],[141.4639,38.3224],[141.4639,38.3239],[141.4653,38.3249],[141.464,38.3225],[141.4675,38.323],[141.4675,38.3242],[141.4694,38.3249],[141.4682,38.3271],[141.4707,38.3278],[141.4719,38.3297],[141.4722,38.3282],[141.4741,38.3293],[141.4743,38.3319],[141.4731,38.3342],[141.471,38.3339],[141.4713,38.3347],[141.4686,38.3354],[141.4672,38.3339],[141.4655,38.3357],[141.4631,38.3357],[141.4652,38.3412],[141.4633,38.3442],[141.4634,38.3476],[141.4614,38.352],[141.4584,38.3504],[141.4576,38.3513],[141.4566,38.3475],[141.4538,38.3479],[141.4537,38.3457],[141.4548,38.345],[141.4526,38.3436],[141.4524,38.3423],[141.4513,38.3423],[141.4515,38.3403],[141.45,38.3403],[141.4491,38.3418],[141.4504,38.3446],[141.4492,38.3476],[141.4497,38.3494],[141.4478,38.3519],[141.4488,38.3526],[141.4485,38.3531],[141.4484,38.3545],[141.4483,38.3547],[141.4473,38.3529],[141.4466,38.3539],[141.445,38.3536],[141.445,38.3517],[141.4463,38.3515],[141.4449,38.3516],[141.4435,38.3497],[141.4428,38.3505],[141.4415,38.3499],[141.4424,38.3487],[141.4429,38.3492],[141.4433,38.3493],[141.4433,38.3494],[141.444,38.3493],[141.4401,38.3477],[141.4393,38.3459],[141.441,38.3451],[141.4406,38.3441],[141.4402,38.3443],[141.4391,38.344],[141.4361,38.3413],[141.4358,38.3416],[141.4351,38.3415],[141.4349,38.3418],[141.4347,38.3418],[141.4339,38.3409],[141.4334,38.3427],[141.4306,38.3412],[141.4335,38.3448],[141.4314,38.3483],[141.4281,38.3461],[141.4272,38.3469],[141.4241,38.3463],[141.4221,38.3441],[141.421,38.346],[141.4217,38.3474],[141.4218,38.3475],[141.4214,38.3482],[141.417,38.3472],[141.4158,38.346],[141.418,38.3484],[141.4174,38.3493],[141.4197,38.3488],[141.4206,38.3505],[141.4181,38.3505],[141.4178,38.3498],[141.417,38.3495],[141.4181,38.3508],[141.4181,38.3528],[141.4158,38.3546],[141.415,38.3542],[141.4152,38.3551],[141.4177,38.3562],[141.4184,38.3544],[141.424,38.3555],[141.4235,38.3569],[141.4252,38.3578],[141.4244,38.3586],[141.4247,38.3585],[141.4258,38.3592],[141.4299,38.3648],[141.4301,38.3647],[141.4306,38.365],[141.432,38.3653],[141.4305,38.3648],[141.4327,38.3641],[141.4351,38.3659],[141.4383,38.367],[141.4369,38.3661],[141.4406,38.3651],[141.4428,38.3674],[141.442,38.3691],[141.4436,38.3705],[141.4535,38.3712],[141.4546,38.372],[141.4545,38.3727],[141.4552,38.3734],[141.4547,38.3723],[141.4588,38.3731],[141.4589,38.3742],[141.4587,38.3743],[141.4577,38.3736],[141.4533,38.3749],[141.4531,38.3766],[141.4521,38.3751],[141.4511,38.3763],[141.445,38.376],[141.4454,38.3749],[141.4437,38.3761],[141.4402,38.3756],[141.4369,38.372],[141.4351,38.3738],[141.4318,38.3737],[141.4339,38.3753],[141.4335,38.3761],[141.4365,38.3767],[141.4387,38.3797],[141.4383,38.3813],[141.4365,38.3824],[141.4345,38.3812],[141.4346,38.3814],[141.4334,38.3813],[141.433,38.3814],[141.4344,38.3814],[141.4346,38.3824],[141.433,38.3831],[141.4335,38.3818],[141.4325,38.3825],[141.4306,38.3805],[141.4293,38.3809],[141.4278,38.3804],[141.4273,38.3809],[141.4286,38.3819],[141.4276,38.3828],[141.4254,38.3816],[141.4254,38.3829],[141.4227,38.3843],[141.425,38.3886],[141.4266,38.3898],[141.4283,38.3895],[141.4335,38.3957],[141.4333,38.3959],[141.4312,38.3963],[141.4306,38.3966],[141.4331,38.3967],[141.4311,38.3992],[141.4298,38.3997],[141.4301,38.3989],[141.4282,38.3975],[141.4295,38.3965],[141.43,38.396],[141.4274,38.3974],[141.4232,38.3948],[141.4191,38.397],[141.4158,38.3917],[141.4146,38.3915],[141.4137,38.396],[141.4109,38.395],[141.4121,38.3973],[141.4098,38.4],[141.4103,38.402],[141.4092,38.4022],[141.4106,38.4027],[141.4084,38.404],[141.404,38.4003],[141.4019,38.3998],[141.4019,38.3976],[141.4036,38.3972],[141.3987,38.3949],[141.3974,38.3913],[141.392,38.39],[141.3901,38.3857],[141.3898,38.3861],[141.3881,38.3856],[141.3871,38.3842],[141.3838,38.3846],[141.3816,38.384],[141.3807,38.3833],[141.3799,38.3834],[141.3819,38.3851],[141.3812,38.3857],[141.3767,38.3843],[141.3771,38.3834],[141.3763,38.3842],[141.3732,38.3833],[141.3731,38.3838],[141.3719,38.3845],[141.3675,38.3852],[141.3649,38.3885],[141.3639,38.3886],[141.3641,38.3894],[141.3665,38.3894],[141.3684,38.3927],[141.368,38.3949],[141.3704,38.4002],[141.3688,38.4014],[141.3683,38.4015],[141.368,38.4014],[141.368,38.4023],[141.3655,38.4027],[141.3678,38.4024],[141.3684,38.4034],[141.3691,38.4074],[141.3673,38.4092],[141.3639,38.4096],[141.3639,38.4055],[141.3634,38.403],[141.3637,38.4119],[141.3566,38.4142],[141.3475,38.4143],[141.3411,38.4128],[141.3414,38.4104],[141.3402,38.4093],[141.3413,38.4106],[141.341,38.4127],[141.3271,38.412],[141.3272,38.4095],[141.3354,38.4097],[141.3405,38.406],[141.3358,38.4093],[141.3209,38.4089],[141.3251,38.4092],[141.3249,38.4119],[141.3172,38.4115],[141.3172,38.4072],[141.3241,38.4024],[141.3321,38.4027],[141.3241,38.4023],[141.3166,38.4075],[141.3137,38.4132],[141.3105,38.413],[141.3121,38.4094],[141.3121,38.4092],[141.3097,38.4141],[141.3063,38.4148],[141.2929,38.4137],[141.2948,38.4001],[141.2838,38.3992],[141.2868,38.3996],[141.2853,38.4084],[141.2861,38.408],[141.286,38.409],[141.2794,38.4078],[141.2795,38.4098],[141.274,38.4092],[141.2743,38.4082],[141.2736,38.4074],[141.2747,38.4067],[141.2736,38.4073],[141.2645,38.3978],[141.2707,38.394],[141.2643,38.3978],[141.2742,38.4081],[141.2729,38.4111],[141.2751,38.4123],[141.2749,38.4138],[141.2737,38.4125],[141.2748,38.4144],[141.2857,38.4162],[141.2853,38.4194],[141.2754,38.4185],[141.2756,38.417],[141.2739,38.4165],[141.2734,38.42],[141.2666,38.4194],[141.2672,38.4149],[141.2657,38.4149],[141.266,38.4123],[141.2694,38.4104],[141.2689,38.4093],[141.2654,38.409],[141.2666,38.408],[141.268,38.4086],[141.2668,38.4075],[141.2583,38.4083],[141.2483,38.4057],[141.2479,38.411],[141.249,38.4153],[141.2469,38.42],[141.2486,38.4269],[141.2524,38.4263],[141.258,38.4274],[141.2588,38.4335],[141.2554,38.445],[141.2459,38.4445],[141.2457,38.4464],[141.2417,38.446],[141.2419,38.4521],[141.2391,38.456],[141.236,38.4573],[141.2369,38.4681],[141.2262,38.4724],[141.224,38.4597],[141.2155,38.4607],[141.2152,38.4577],[141.2124,38.4594],[141.2077,38.4574],[141.2087,38.4544],[141.2073,38.4529],[141.2059,38.4544],[141.2027,38.4522],[141.2022,38.4504],[141.1995,38.4531],[141.1988,38.4509],[141.196,38.4493],[141.1931,38.45],[141.1943,38.4532],[141.1916,38.4539],[141.1915,38.4555],[141.1935,38.4573],[141.19,38.4599],[141.1871,38.4602],[141.1821,38.4586],[141.1798,38.4594],[141.1785,38.4614],[141.1658,38.4608],[141.166,38.4649],[141.1653,38.4668],[141.1639,38.4674],[141.1659,38.4704],[141.1625,38.4725],[141.1611,38.476],[141.1669,38.4793],[141.166,38.4848],[141.1712,38.4854],[141.1687,38.4943],[141.1648,38.4976],[141.1637,38.5011],[141.168,38.5075],[141.1672,38.508],[141.1699,38.5091],[141.17,38.511],[141.1725,38.5122],[141.1726,38.5139],[141.1741,38.5137],[141.1773,38.5184],[141.1766,38.5237],[141.1779,38.5309],[141.1846,38.532],[141.1882,38.5367],[141.1971,38.5415],[141.2059,38.5387],[141.2139,38.5341],[141.2143,38.535],[141.2166,38.5343],[141.2172,38.5353],[141.2193,38.5355],[141.2266,38.5341],[141.229,38.5386],[141.2317,38.5491],[141.2328,38.5614],[141.2354,38.5696],[141.2419,38.5756],[141.2473,38.5762],[141.261,38.5815],[141.2644,38.5841],[141.2672,38.5887],[141.2651,38.6003],[141.2665,38.6027],[141.2692,38.6044],[141.2762,38.6054],[141.2902,38.6022],[141.2891,38.5997],[141.2894,38.5973],[141.2922,38.5942],[141.2901,38.5927],[141.2889,38.5849],[141.2877,38.5837],[141.2866,38.5771],[141.2856,38.5762],[141.2874,38.5703],[141.2918,38.5716],[141.3032,38.5712],[141.3039,38.572],[141.3066,38.5694],[141.3168,38.5687],[141.3244,38.5764],[141.3313,38.5759],[141.3425,38.5789],[141.347,38.5809],[141.3492,38.5843],[141.3539,38.586],[141.3567,38.5888],[141.3614,38.591],[141.3665,38.5903],[141.3704,38.5919],[141.373,38.5898],[141.377,38.5897],[141.3833,38.5943],[141.3839,38.5962],[141.3909,38.5992],[141.3941,38.6032],[141.3995,38.6052],[141.4017,38.6095],[141.405,38.6093],[141.4094,38.611],[141.4159,38.6058],[141.4075,38.6022],[141.4063,38.5999],[141.4067,38.598],[141.4088,38.597],[141.4118,38.5978],[141.4141,38.5971],[141.4166,38.594],[141.4261,38.5931],[141.4319,38.5967],[141.4366,38.5975],[141.4389,38.6004],[141.4478,38.6038],[141.4462,38.6088],[141.4532,38.6105],[141.4575,38.6097],[141.461,38.6149],[141.4672,38.6166],[141.4701,38.6194],[141.4743,38.6208],[141.479,38.6196],[141.4844,38.6197],[141.4857,38.6186],[141.4935,38.6229],[141.4983,38.6173],[141.508,38.6147],[141.5141,38.622],[141.5161,38.6263],[141.5187,38.6277],[141.5212,38.6311],[141.5238,38.6325],[141.5285,38.6303],[141.5276,38.6303],[141.5274,38.6298],[141.5269,38.63],[141.5269,38.6288],[141.5291,38.6277],[141.5277,38.6281],[141.5266,38.6269],[141.5283,38.6275],[141.5287,38.6267],[141.5275,38.6241],[141.5284,38.624],[141.5269,38.6218],[141.528,38.6206],[141.5265,38.6198],[141.5268,38.6188],[141.5283,38.618],[141.5257,38.6166],[141.5245,38.6112],[141.5252,38.6111],[141.5242,38.6108],[141.5241,38.6092],[141.5236,38.6095]]],[[[141.4588,38.2671],[141.4588,38.2672],[141.4589,38.2672],[141.4588,38.2671]]],[[[141.4579,38.2673],[141.4579,38.2673],[141.4579,38.2674],[141.4579,38.2673]]],[[[141.458,38.2674],[141.4582,38.2674],[141.4581,38.2673],[141.458,38.2674]]],[[[141.4582,38.2674],[141.4583,38.2674],[141.4582,38.2674],[141.4582,38.2674]]],[[[141.4588,38.2674],[141.4587,38.2674],[141.4588,38.2674],[141.4588,38.2674]]],[[[141.4586,38.2675],[141.4586,38.2675],[141.4586,38.2675],[141.4586,38.2675]]],[[[141.4585,38.2676],[141.4585,38.2674],[141.4584,38.2675],[141.4585,38.2676]]],[[[141.4587,38.2675],[141.4586,38.2675],[141.4587,38.2675],[141.4587,38.2675]]],[[[141.4599,38.2676],[141.4598,38.2675],[141.4598,38.2676],[141.4599,38.2676]]],[[[141.4589,38.2675],[141.4588,38.2676],[141.459,38.2677],[141.4589,38.2675]]],[[[141.4585,38.2676],[141.4586,38.2677],[141.4585,38.2675],[141.4585,38.2676]]],[[[141.4586,38.2677],[141.4586,38.2676],[141.4586,38.2676],[141.4586,38.2677]]],[[[141.4597,38.2676],[141.4598,38.2677],[141.4598,38.2676],[141.4597,38.2676]]],[[[141.4592,38.2677],[141.4593,38.2676],[141.4592,38.2676],[141.4592,38.2677]]],[[[141.4572,38.2678],[141.4572,38.2679],[141.4573,38.2678],[141.4572,38.2678]]],[[[141.4577,38.2679],[141.4577,38.2678],[141.4576,38.2679],[141.4577,38.2679]]],[[[141.4585,38.2678],[141.4585,38.268],[141.4585,38.2679],[141.4585,38.2678]]],[[[141.4594,38.2679],[141.4593,38.2679],[141.4594,38.2679],[141.4594,38.2679]]],[[[141.4595,38.2679],[141.4595,38.2679],[141.4595,38.2679],[141.4595,38.2679]]],[[[141.458,38.2679],[141.458,38.2679],[141.4581,38.2679],[141.458,38.2679]]],[[[141.4599,38.2679],[141.4599,38.2679],[141.4599,38.268],[141.4599,38.2679]]],[[[141.4595,38.2679],[141.4595,38.268],[141.4596,38.2679],[141.4595,38.2679]]],[[[141.458,38.268],[141.4581,38.2679],[141.458,38.2679],[141.458,38.2679],[141.458,38.268]]],[[[141.4571,38.268],[141.4571,38.268],[141.4571,38.268],[141.4571,38.268]]],[[[141.4581,38.268],[141.4581,38.268],[141.4581,38.2681],[141.4581,38.268]]],[[[141.4575,38.2681],[141.4573,38.268],[141.4573,38.2681],[141.4575,38.2681]]],[[[141.458,38.2681],[141.4581,38.2681],[141.458,38.2681],[141.458,38.2681]]],[[[141.4573,38.2682],[141.4573,38.2681],[141.4571,38.2681],[141.4573,38.2682]]],[[[141.4577,38.2682],[141.4578,38.2683],[141.4578,38.2682],[141.4577,38.2682]]],[[[141.4569,38.2683],[141.4569,38.2683],[141.457,38.2683],[141.4569,38.2683]]],[[[141.4568,38.2684],[141.4568,38.2684],[141.4567,38.2684],[141.4568,38.2684]]],[[[141.4569,38.2684],[141.4568,38.2684],[141.4569,38.2685],[141.4569,38.2684]]],[[[141.457,38.2685],[141.4571,38.2686],[141.457,38.2685],[141.457,38.2685]]],[[[141.457,38.2691],[141.457,38.269],[141.457,38.2691],[141.457,38.2691]]],[[[141.4571,38.2691],[141.4571,38.2691],[141.4571,38.2691],[141.4571,38.2691]]],[[[141.4572,38.2691],[141.4571,38.2692],[141.4572,38.2692],[141.4572,38.2691]]],[[[141.4574,38.2692],[141.4574,38.2692],[141.4574,38.2692],[141.4574,38.2692]]],[[[141.4567,38.2697],[141.4567,38.2697],[141.4567,38.2696],[141.4567,38.2697]]],[[[141.4568,38.2696],[141.4571,38.2698],[141.457,38.2697],[141.4568,38.2696]]],[[[141.4574,38.2699],[141.4575,38.2699],[141.4574,38.2698],[141.4574,38.2699]]],[[[141.4575,38.2699],[141.4574,38.2699],[141.4574,38.27],[141.4575,38.2699]]],[[[141.4575,38.2701],[141.4575,38.2701],[141.4575,38.27],[141.4575,38.2701]]],[[[141.4573,38.2701],[141.4573,38.2701],[141.4573,38.27],[141.4573,38.2701]]],[[[141.4573,38.2702],[141.4572,38.2702],[141.4573,38.2702],[141.4573,38.2702]]],[[[141.4581,38.2709],[141.458,38.2709],[141.458,38.2709],[141.4581,38.2709]]],[[[141.4581,38.271],[141.4581,38.2711],[141.4582,38.2711],[141.4581,38.271]]],[[[141.4572,38.2711],[141.4574,38.2713],[141.4574,38.2711],[141.4572,38.2711]]],[[[141.4583,38.2713],[141.4582,38.2713],[141.4582,38.2713],[141.4583,38.2713]]],[[[141.4585,38.2713],[141.4583,38.2713],[141.4583,38.2714],[141.4585,38.2713]]],[[[141.458,38.2713],[141.4579,38.2713],[141.458,38.2714],[141.458,38.2713]]],[[[141.4582,38.2713],[141.4581,38.2713],[141.4582,38.2714],[141.4582,38.2713]]],[[[141.4581,38.2713],[141.458,38.2713],[141.4581,38.2714],[141.4581,38.2713]]],[[[141.4573,38.2714],[141.4576,38.2714],[141.4573,38.2714],[141.4573,38.2714]]],[[[141.4589,38.2718],[141.4589,38.2718],[141.4589,38.2718],[141.4589,38.2718]]],[[[141.459,38.2719],[141.4589,38.2719],[141.4589,38.2719],[141.459,38.2719]]],[[[141.4586,38.2722],[141.4587,38.2721],[141.4587,38.272],[141.4587,38.2721],[141.4586,38.2722]]],[[[141.4586,38.2721],[141.4585,38.2721],[141.4585,38.2721],[141.4586,38.2721]]],[[[141.459,38.2723],[141.4591,38.2723],[141.459,38.2722],[141.459,38.2723]]],[[[141.458,38.2731],[141.458,38.2731],[141.4579,38.2731],[141.458,38.2731]]],[[[141.457,38.2731],[141.457,38.2731],[141.457,38.2732],[141.457,38.2731]]],[[[141.4563,38.2732],[141.4562,38.2732],[141.4563,38.2732],[141.4563,38.2732]]],[[[141.4575,38.2732],[141.4574,38.2732],[141.4574,38.2732],[141.4575,38.2732]]],[[[141.4562,38.2733],[141.4562,38.2732],[141.4561,38.2732],[141.4562,38.2733]]],[[[141.4583,38.2732],[141.4582,38.2732],[141.4582,38.2732],[141.4583,38.2732]]],[[[141.4574,38.2732],[141.4575,38.2733],[141.4576,38.2732],[141.4574,38.2732]]],[[[141.4561,38.2733],[141.4561,38.2733],[141.4562,38.2733],[141.4561,38.2733]]],[[[141.4566,38.2733],[141.4566,38.2733],[141.4566,38.2733],[141.4566,38.2733]]],[[[141.4563,38.2732],[141.4562,38.2733],[141.4563,38.2734],[141.4563,38.2732]]],[[[141.4562,38.2734],[141.4562,38.2733],[141.4562,38.2733],[141.4562,38.2734]]],[[[141.4567,38.2734],[141.4568,38.2734],[141.4566,38.2733],[141.4567,38.2734]]],[[[141.4563,38.2738],[141.4566,38.2738],[141.4566,38.2737],[141.4563,38.2738]]],[[[141.4567,38.2739],[141.4566,38.2738],[141.4566,38.2739],[141.4567,38.2739]]],[[[141.4587,38.2744],[141.4588,38.2744],[141.4588,38.2743],[141.4587,38.2744]]],[[[141.46,38.2808],[141.4599,38.2808],[141.4599,38.2808],[141.46,38.2808],[141.46,38.2808]]],[[[141.4601,38.2809],[141.4601,38.2809],[141.4601,38.2809],[141.4601,38.2809]]],[[[141.4597,38.2815],[141.4595,38.2814],[141.4596,38.2816],[141.4597,38.2815]]],[[[141.4598,38.2817],[141.4599,38.2817],[141.4599,38.2816],[141.4598,38.2817]]],[[[141.4595,38.2818],[141.4596,38.2818],[141.4596,38.2818],[141.4596,38.2818],[141.4595,38.2818]]],[[[141.4597,38.2819],[141.4598,38.2818],[141.4597,38.2818],[141.4597,38.2819]]],[[[141.4598,38.2822],[141.4598,38.2822],[141.4598,38.2822],[141.4598,38.2822]]],[[[141.4598,38.2828],[141.4598,38.2827],[141.4598,38.2827],[141.4598,38.2828]]],[[[141.4354,38.2874],[141.4354,38.2874],[141.4353,38.2875],[141.4354,38.2874]]],[[[141.4355,38.2876],[141.4356,38.2876],[141.4355,38.2876],[141.4355,38.2876]]],[[[141.435,38.2877],[141.435,38.2876],[141.4349,38.2877],[141.435,38.2877]]],[[[141.4358,38.2876],[141.4358,38.2877],[141.4358,38.2877],[141.4358,38.2876]]],[[[141.4357,38.2878],[141.4358,38.2878],[141.4357,38.2877],[141.4357,38.2878]]],[[[141.4356,38.2878],[141.4355,38.2879],[141.4356,38.2879],[141.4356,38.2878]]],[[[141.4354,38.2879],[141.4354,38.2878],[141.4353,38.2878],[141.4354,38.2879]]],[[[141.4366,38.2879],[141.4366,38.2878],[141.4365,38.2878],[141.4366,38.2879]]],[[[141.4363,38.2879],[141.4363,38.2878],[141.4363,38.2878],[141.4363,38.2879]]],[[[141.4364,38.2879],[141.4365,38.2879],[141.4365,38.2879],[141.4364,38.2879]]],[[[141.4225,38.2877],[141.422,38.2878],[141.4222,38.2881],[141.4225,38.2877]]],[[[141.436,38.288],[141.4361,38.288],[141.436,38.2879],[141.436,38.288]]],[[[141.4364,38.288],[141.4364,38.288],[141.4364,38.288],[141.4364,38.288]]],[[[141.4366,38.2879],[141.4366,38.2879],[141.4366,38.288],[141.4366,38.2879]]],[[[141.4363,38.288],[141.4362,38.288],[141.4362,38.2881],[141.4363,38.288]]],[[[141.4367,38.2881],[141.4367,38.2881],[141.4367,38.2881],[141.4367,38.2881]]],[[[141.4225,38.2887],[141.4229,38.2889],[141.4229,38.2887],[141.4225,38.2887]]],[[[141.4338,38.2893],[141.4337,38.289],[141.4337,38.2892],[141.4338,38.2893]]],[[[141.4353,38.2908],[141.4353,38.2892],[141.4365,38.2884],[141.4367,38.2884],[141.4366,38.2883],[141.4367,38.2882],[141.4365,38.288],[141.4339,38.2894],[141.4353,38.2908]]],[[[141.4339,38.2895],[141.4338,38.2893],[141.4338,38.2893],[141.4339,38.2895]]],[[[141.4358,38.2895],[141.4358,38.2896],[141.4359,38.2897],[141.4358,38.2895]]],[[[141.4239,38.2899],[141.4238,38.2898],[141.4238,38.29],[141.4239,38.2899]]],[[[141.424,38.2905],[141.4239,38.2905],[141.4239,38.2906],[141.424,38.2905]]],[[[141.4235,38.2906],[141.4236,38.2907],[141.4235,38.2906],[141.4235,38.2906]]],[[[141.4241,38.291],[141.4241,38.291],[141.4241,38.2909],[141.4241,38.291]]],[[[141.4253,38.2913],[141.4253,38.2913],[141.4253,38.2913],[141.4253,38.2913]]],[[[141.4258,38.2915],[141.4258,38.2915],[141.4258,38.2915],[141.4258,38.2915]]],[[[141.4257,38.2916],[141.4257,38.2916],[141.4257,38.2915],[141.4257,38.2916]]],[[[141.4351,38.2915],[141.4352,38.2916],[141.4352,38.2915],[141.4351,38.2915]]],[[[141.4258,38.2917],[141.4258,38.2917],[141.4258,38.2917],[141.4258,38.2917]]],[[[141.4261,38.2917],[141.4261,38.2918],[141.4262,38.2917],[141.4261,38.2917]]],[[[141.4261,38.2918],[141.426,38.2918],[141.4261,38.2918],[141.4261,38.2918]]],[[[141.4285,38.292],[141.4284,38.2921],[141.4285,38.2921],[141.4285,38.292]]],[[[141.4272,38.2923],[141.4272,38.2923],[141.4272,38.2923],[141.4272,38.2923]]],[[[141.4296,38.2928],[141.4296,38.2928],[141.4296,38.2928],[141.4296,38.2928]]],[[[141.4297,38.2929],[141.4296,38.2929],[141.4296,38.2929],[141.4297,38.2929]]],[[[141.4292,38.294],[141.4293,38.2941],[141.4293,38.2941],[141.4292,38.294]]],[[[141.4291,38.2943],[141.429,38.2943],[141.429,38.2943],[141.4291,38.2943]]],[[[141.4241,38.2973],[141.4241,38.2972],[141.424,38.2972],[141.4241,38.2973]]],[[[141.4232,38.2984],[141.4233,38.2984],[141.4232,38.2984],[141.4232,38.2984]]],[[[141.4229,38.3002],[141.423,38.3002],[141.4229,38.3002],[141.4229,38.3002]]],[[[141.4232,38.3002],[141.4232,38.3002],[141.4232,38.3002],[141.4232,38.3002]]],[[[141.423,38.3005],[141.4229,38.3006],[141.423,38.3007],[141.423,38.3005]]],[[[141.4227,38.3007],[141.4226,38.3007],[141.4226,38.3007],[141.4227,38.3007]]],[[[141.4223,38.3067],[141.4223,38.3067],[141.4223,38.3067],[141.4223,38.3067]]],[[[141.4599,38.3094],[141.4599,38.3094],[141.4599,38.3096],[141.4599,38.3094]]],[[[141.4598,38.3095],[141.4598,38.3095],[141.4598,38.3096],[141.4598,38.3095]]],[[[141.46,38.3106],[141.46,38.3105],[141.46,38.3105],[141.46,38.3106]]],[[[141.4598,38.3109],[141.4599,38.311],[141.4599,38.3109],[141.4598,38.3109]]],[[[141.4597,38.3111],[141.4598,38.3111],[141.4597,38.311],[141.4597,38.3111]]],[[[141.4596,38.3114],[141.4597,38.3114],[141.4598,38.3113],[141.4596,38.3114]]],[[[141.4584,38.3134],[141.4583,38.3134],[141.4584,38.3134],[141.4584,38.3134]]],[[[141.4583,38.3135],[141.4583,38.3134],[141.4583,38.3134],[141.4583,38.3135]]],[[[141.4578,38.3135],[141.4578,38.3135],[141.4578,38.3136],[141.4578,38.3135]]],[[[141.4581,38.3137],[141.4582,38.3136],[141.4581,38.3136],[141.4581,38.3137]]],[[[141.4469,38.3142],[141.4469,38.3142],[141.4468,38.3141],[141.4469,38.3142]]],[[[141.4518,38.3144],[141.4518,38.3144],[141.4519,38.3145],[141.4518,38.3144]]],[[[141.4521,38.3146],[141.4522,38.3146],[141.4522,38.3145],[141.4521,38.3146]]],[[[141.4565,38.3146],[141.4565,38.3146],[141.4565,38.3145],[141.4565,38.3146]]],[[[141.4563,38.3147],[141.4563,38.3146],[141.4562,38.3147],[141.4563,38.3147]]],[[[141.4549,38.315],[141.4549,38.315],[141.4548,38.315],[141.4549,38.315]]],[[[141.4476,38.3144],[141.4469,38.3143],[141.4474,38.3155],[141.4483,38.3158],[141.4476,38.3144]]],[[[141.4472,38.3153],[141.4469,38.3151],[141.4471,38.3155],[141.4472,38.3153]]],[[[141.4513,38.3178],[141.4512,38.3178],[141.4513,38.3179],[141.4513,38.3178]]],[[[141.4343,38.3411],[141.4343,38.3411],[141.4342,38.341],[141.4343,38.3411]]],[[[141.4317,38.3416],[141.4317,38.3416],[141.4316,38.3415],[141.4317,38.3416]]],[[[141.4349,38.3417],[141.4349,38.3417],[141.4349,38.3417],[141.4349,38.3417]]],[[[141.4349,38.3418],[141.4349,38.3417],[141.4349,38.3418],[141.4349,38.3418]]],[[[141.4489,38.3421],[141.449,38.3421],[141.449,38.342],[141.4489,38.3421]]],[[[141.4315,38.3424],[141.4315,38.3424],[141.4314,38.3423],[141.4315,38.3424]]],[[[141.4399,38.3441],[141.4399,38.3441],[141.4399,38.3441],[141.4399,38.3441]]],[[[141.4262,38.3451],[141.4263,38.3452],[141.4263,38.3451],[141.4262,38.3451]]],[[[141.4261,38.3456],[141.426,38.3456],[141.426,38.3456],[141.4261,38.3456]]],[[[141.4263,38.3456],[141.4266,38.3459],[141.4266,38.3455],[141.4263,38.3456]]],[[[141.4269,38.346],[141.4268,38.3459],[141.4268,38.346],[141.4269,38.346]]],[[[141.4261,38.3457],[141.4264,38.3461],[141.4264,38.346],[141.4261,38.3457]]],[[[141.428,38.3461],[141.4282,38.3461],[141.4281,38.3459],[141.428,38.3461]]],[[[141.4258,38.3461],[141.4261,38.3463],[141.4257,38.3459],[141.4258,38.3461]]],[[[141.4255,38.3461],[141.4255,38.3461],[141.4256,38.3462],[141.4255,38.3461]]],[[[141.4255,38.3462],[141.4255,38.3462],[141.4255,38.3462],[141.4255,38.3462]]],[[[141.4423,38.3486],[141.4424,38.3486],[141.4423,38.3486],[141.4423,38.3486]]],[[[141.4481,38.3501],[141.4473,38.3501],[141.4476,38.3504],[141.4481,38.3501]]],[[[141.4462,38.3505],[141.4474,38.3504],[141.4474,38.3503],[141.4462,38.3505]]],[[[141.4242,38.3583],[141.4243,38.3584],[141.4244,38.3582],[141.4242,38.3583]]],[[[141.4247,38.3587],[141.4247,38.3587],[141.4247,38.3587],[141.4247,38.3587]]],[[[141.4246,38.3587],[141.4246,38.3587],[141.4246,38.3587],[141.4246,38.3587]]],[[[141.4262,38.3647],[141.4234,38.3637],[141.4225,38.3642],[141.4263,38.3654],[141.4262,38.3647]]],[[[141.4319,38.374],[141.432,38.374],[141.432,38.374],[141.4319,38.374]]],[[[141.4588,38.3742],[141.4587,38.3739],[141.4586,38.3739],[141.4588,38.3742]]],[[[141.4497,38.3744],[141.4459,38.3751],[141.4466,38.375],[141.4497,38.3744]]],[[[141.4229,38.3767],[141.4229,38.3767],[141.4228,38.3766],[141.4229,38.3767]]],[[[141.4232,38.3767],[141.4232,38.3767],[141.4232,38.3767],[141.4232,38.3767]]],[[[141.4196,38.3803],[141.4214,38.3808],[141.4244,38.3795],[141.4271,38.3799],[141.4238,38.3775],[141.4241,38.377],[141.4236,38.3761],[141.4232,38.3768],[141.4216,38.3775],[141.4203,38.3761],[141.42,38.3767],[141.4196,38.3768],[141.4174,38.3769],[141.4196,38.3803]]],[[[141.4377,38.3801],[141.4377,38.38],[141.4375,38.3797],[141.4377,38.3801]]],[[[141.4293,38.3808],[141.4292,38.3807],[141.4292,38.3808],[141.4293,38.3808]]],[[[141.4343,38.3813],[141.4343,38.3813],[141.4343,38.3813],[141.4343,38.3813]]],[[[141.4323,38.3954],[141.4323,38.3954],[141.4323,38.3954],[141.4323,38.3954]]],[[[141.4591,38.5782],[141.4591,38.5784],[141.4593,38.5783],[141.4591,38.5782]]],[[[141.475,38.2517],[141.475,38.2519],[141.4752,38.2519],[141.475,38.2517]]],[[[141.4751,38.253],[141.4751,38.2529],[141.475,38.2529],[141.4751,38.253]]],[[[141.4749,38.2529],[141.4748,38.253],[141.4749,38.253],[141.4749,38.2529]]],[[[141.4746,38.2546],[141.4746,38.2546],[141.4745,38.2545],[141.4746,38.2546]]],[[[141.4744,38.255],[141.4745,38.2551],[141.4745,38.255],[141.4744,38.255]]],[[[141.4733,38.255],[141.4734,38.2551],[141.4734,38.2551],[141.4733,38.255]]],[[[141.4737,38.2551],[141.4737,38.2551],[141.4738,38.2553],[141.4737,38.2551]]],[[[141.4746,38.2553],[141.474,38.255],[141.4746,38.2555],[141.4746,38.2553]]],[[[141.4747,38.2555],[141.4749,38.2552],[141.4747,38.2552],[141.4747,38.2555]]],[[[141.4735,38.2568],[141.4735,38.2568],[141.4735,38.2568],[141.4735,38.2568]]],[[[141.4736,38.2569],[141.4736,38.2568],[141.4736,38.2568],[141.4736,38.2569]]],[[[141.4738,38.2569],[141.4737,38.2569],[141.4736,38.2569],[141.4738,38.2569]]],[[[141.4738,38.257],[141.4738,38.257],[141.4738,38.257],[141.4738,38.257]]],[[[141.4739,38.257],[141.4739,38.257],[141.4741,38.257],[141.4739,38.257]]],[[[141.4742,38.257],[141.4742,38.257],[141.4743,38.2571],[141.4742,38.257]]],[[[141.4741,38.2571],[141.474,38.2571],[141.4741,38.2571],[141.4741,38.2571]]],[[[141.4737,38.2576],[141.4735,38.2576],[141.4735,38.2576],[141.4737,38.2576]]],[[[141.473,38.2591],[141.4729,38.2592],[141.473,38.2592],[141.473,38.2591]]],[[[141.4731,38.2596],[141.4729,38.2595],[141.4731,38.2596],[141.4731,38.2596]]],[[[141.4732,38.2597],[141.4732,38.2597],[141.4732,38.2597],[141.4732,38.2597]]],[[[141.4714,38.2599],[141.4714,38.26],[141.4714,38.2599],[141.4714,38.2599]]],[[[141.4719,38.2602],[141.4718,38.2602],[141.4718,38.2602],[141.4719,38.2602]]],[[[141.4719,38.2603],[141.4719,38.2602],[141.4718,38.2603],[141.4719,38.2603]]],[[[141.4726,38.2603],[141.4726,38.2603],[141.4726,38.2603],[141.4726,38.2603]]],[[[141.4717,38.2603],[141.4715,38.2603],[141.4717,38.2603],[141.4717,38.2603]]],[[[141.4724,38.2603],[141.4724,38.2604],[141.4725,38.2603],[141.4724,38.2603]]],[[[141.4718,38.2604],[141.472,38.2604],[141.472,38.2604],[141.4718,38.2604]]],[[[141.4716,38.2605],[141.4718,38.2605],[141.4717,38.2605],[141.4716,38.2605]]],[[[141.4715,38.2606],[141.4716,38.2605],[141.4715,38.2605],[141.4715,38.2606]]],[[[141.4726,38.2604],[141.4726,38.2607],[141.4727,38.2607],[141.4726,38.2604]]],[[[141.4717,38.2607],[141.4716,38.2606],[141.4716,38.2607],[141.4717,38.2607]]],[[[141.4718,38.2607],[141.4718,38.2606],[141.4717,38.2606],[141.4718,38.2607]]],[[[141.4719,38.2607],[141.472,38.2607],[141.4719,38.2607],[141.4719,38.2607]]],[[[141.4718,38.261],[141.4717,38.261],[141.4718,38.261],[141.4718,38.261]]],[[[141.4715,38.261],[141.4715,38.261],[141.4716,38.261],[141.4715,38.261]]],[[[141.4711,38.2612],[141.4711,38.2612],[141.4711,38.2612],[141.4711,38.2612]]],[[[141.4714,38.2612],[141.4713,38.2612],[141.4713,38.2612],[141.4714,38.2612]]],[[[141.4712,38.2613],[141.4712,38.2612],[141.4711,38.2612],[141.4712,38.2613]]],[[[141.4716,38.2614],[141.4717,38.2614],[141.4715,38.2613],[141.4716,38.2614]]],[[[141.4716,38.2615],[141.4715,38.2615],[141.4716,38.2615],[141.4716,38.2615]]],[[[141.4716,38.2618],[141.4716,38.2617],[141.4716,38.2617],[141.4716,38.2618]]],[[[141.4721,38.2619],[141.4721,38.2619],[141.4721,38.2619],[141.4721,38.2619]]],[[[141.4606,38.2627],[141.4606,38.2627],[141.4606,38.2627],[141.4606,38.2627]]],[[[141.4716,38.264],[141.4717,38.264],[141.4717,38.264],[141.4716,38.264]]],[[[141.4701,38.2645],[141.47,38.2646],[141.4702,38.2646],[141.4701,38.2645]]],[[[141.4654,38.265],[141.4658,38.2645],[141.4652,38.2649],[141.4654,38.265]]],[[[141.4647,38.2651],[141.4645,38.2653],[141.4648,38.2653],[141.4647,38.2651]]],[[[141.4644,38.2653],[141.4646,38.2654],[141.4646,38.2653],[141.4644,38.2653]]],[[[141.4666,38.2654],[141.4666,38.2654],[141.4667,38.2654],[141.4666,38.2654]]],[[[141.4687,38.2661],[141.4688,38.2661],[141.4687,38.266],[141.4687,38.2661]]],[[[141.4651,38.2662],[141.4651,38.2664],[141.4652,38.2663],[141.4651,38.2662]]],[[[141.4653,38.2664],[141.4652,38.2666],[141.4653,38.2665],[141.4653,38.2664]]],[[[141.4662,38.2668],[141.4662,38.2668],[141.4662,38.2669],[141.4662,38.2668]]],[[[141.4602,38.2674],[141.4601,38.2674],[141.4602,38.2675],[141.4602,38.2674]]],[[[141.4603,38.2675],[141.4604,38.2675],[141.4604,38.2675],[141.4603,38.2675]]],[[[141.4612,38.2675],[141.4611,38.2675],[141.4612,38.2675],[141.4612,38.2675]]],[[[141.4603,38.2676],[141.4603,38.2676],[141.4603,38.2676],[141.4603,38.2676]]],[[[141.4609,38.2676],[141.4608,38.2678],[141.4608,38.2678],[141.4609,38.2676]]],[[[141.4603,38.2678],[141.4603,38.2677],[141.4603,38.2677],[141.4603,38.2678]]],[[[141.4627,38.2677],[141.4626,38.2677],[141.4627,38.2677],[141.4627,38.2677]]],[[[141.4614,38.2677],[141.4613,38.2677],[141.4613,38.2677],[141.4614,38.2677]]],[[[141.4619,38.2677],[141.4619,38.2677],[141.4618,38.2677],[141.4619,38.2677]]],[[[141.4605,38.2677],[141.4605,38.2678],[141.4606,38.2677],[141.4605,38.2677]]],[[[141.4614,38.2678],[141.4613,38.2678],[141.4613,38.2678],[141.4614,38.2678]]],[[[141.462,38.2678],[141.462,38.2678],[141.462,38.2678],[141.462,38.2678]]],[[[141.4616,38.2679],[141.4616,38.2679],[141.4616,38.2679],[141.4616,38.2679]]],[[[141.4629,38.2679],[141.4628,38.2679],[141.4629,38.2679],[141.4629,38.2679]]],[[[141.4615,38.2679],[141.4615,38.2679],[141.4615,38.2679],[141.4615,38.2679]]],[[[141.4615,38.2679],[141.4615,38.2679],[141.4616,38.2679],[141.4615,38.2679]]],[[[141.4617,38.2679],[141.4617,38.268],[141.4617,38.268],[141.4617,38.2679]]],[[[141.4632,38.2681],[141.4631,38.2682],[141.4632,38.2682],[141.4632,38.2681]]],[[[141.4636,38.2682],[141.4635,38.2682],[141.4636,38.2682],[141.4636,38.2682]]],[[[141.4633,38.2683],[141.4633,38.2683],[141.4633,38.2682],[141.4633,38.2683]]],[[[141.4633,38.2683],[141.4634,38.2684],[141.4634,38.2683],[141.4633,38.2683]]],[[[141.4634,38.2683],[141.4634,38.2685],[141.4636,38.2684],[141.4634,38.2683]]],[[[141.4637,38.2685],[141.4636,38.2685],[141.4636,38.2686],[141.4637,38.2685]]],[[[141.4661,38.2685],[141.4661,38.2686],[141.4661,38.2686],[141.4661,38.2685]]],[[[141.4658,38.2687],[141.4659,38.2687],[141.4658,38.2687],[141.4658,38.2687]]],[[[141.4657,38.2688],[141.4657,38.2688],[141.4657,38.2688],[141.4657,38.2688]]],[[[141.4648,38.2689],[141.4648,38.2689],[141.4648,38.269],[141.4648,38.2689]]],[[[141.4646,38.269],[141.4647,38.269],[141.4647,38.269],[141.4646,38.269]]],[[[141.4651,38.2691],[141.465,38.2689],[141.4649,38.269],[141.4651,38.2691]]],[[[141.4648,38.269],[141.4648,38.2691],[141.4649,38.2691],[141.4648,38.269]]],[[[141.4649,38.2691],[141.4649,38.2691],[141.4649,38.2691],[141.4649,38.2691]]],[[[141.4609,38.2778],[141.4609,38.2778],[141.4604,38.2776],[141.4609,38.2778]]],[[[141.4616,38.2786],[141.4618,38.2785],[141.4615,38.2785],[141.4616,38.2786]]],[[[141.4626,38.2786],[141.4626,38.2786],[141.4626,38.2787],[141.4626,38.2786]]],[[[141.462,38.2792],[141.462,38.279],[141.4619,38.2792],[141.462,38.2792]]],[[[141.4604,38.2805],[141.4604,38.2804],[141.4604,38.2804],[141.4604,38.2805]]],[[[141.4606,38.2805],[141.4606,38.2804],[141.4606,38.2805],[141.4606,38.2805]]],[[[141.4604,38.2806],[141.4604,38.2805],[141.4604,38.2805],[141.4604,38.2806]]],[[[141.4603,38.2806],[141.4603,38.2805],[141.4603,38.2805],[141.4603,38.2806]]],[[[141.464,38.282],[141.464,38.282],[141.464,38.282],[141.464,38.282]]],[[[141.4639,38.2821],[141.4639,38.2821],[141.4639,38.2821],[141.4639,38.2821]]],[[[141.4639,38.2823],[141.4638,38.2823],[141.4638,38.2824],[141.4639,38.2823]]],[[[141.4687,38.2829],[141.4687,38.2828],[141.4687,38.2829],[141.4687,38.2829]]],[[[141.4711,38.2831],[141.4711,38.2831],[141.4711,38.2831],[141.4711,38.2831]]],[[[141.468,38.2831],[141.4683,38.2831],[141.4682,38.2831],[141.468,38.2831]]],[[[141.4616,38.2832],[141.4617,38.2833],[141.4617,38.2832],[141.4616,38.2832]]],[[[141.4608,38.2836],[141.4608,38.2835],[141.4608,38.2835],[141.4608,38.2836]]],[[[141.4706,38.2836],[141.4705,38.2836],[141.4705,38.2836],[141.4706,38.2836]]],[[[141.4613,38.2838],[141.4614,38.2835],[141.4613,38.2837],[141.4613,38.2838]]],[[[141.47,38.2836],[141.4701,38.2837],[141.4701,38.2836],[141.47,38.2836]]],[[[141.4706,38.2838],[141.4707,38.2837],[141.4704,38.2837],[141.4706,38.2838]]],[[[141.4713,38.2838],[141.4713,38.2839],[141.4713,38.2839],[141.4713,38.2838]]],[[[141.4748,38.3006],[141.4746,38.3006],[141.4746,38.3006],[141.4748,38.3006]]],[[[141.4747,38.3007],[141.4747,38.3007],[141.4747,38.3007],[141.4747,38.3007]]],[[[141.4748,38.3008],[141.4747,38.3008],[141.4747,38.3008],[141.4748,38.3008]]],[[[141.4748,38.3009],[141.4748,38.301],[141.4748,38.3009],[141.4748,38.3009]]],[[[141.4737,38.3015],[141.4737,38.3015],[141.4737,38.3015],[141.4737,38.3015]]],[[[141.4742,38.3016],[141.474,38.3014],[141.474,38.3017],[141.4742,38.3016]]],[[[141.4738,38.3015],[141.4738,38.3015],[141.4738,38.3016],[141.4738,38.3015]]],[[[141.4737,38.3015],[141.4737,38.3016],[141.4737,38.3016],[141.4737,38.3015]]],[[[141.4738,38.3017],[141.4738,38.3016],[141.4738,38.3016],[141.4738,38.3017]]],[[[141.4739,38.3017],[141.4739,38.3016],[141.4738,38.3017],[141.4739,38.3017]]],[[[141.474,38.3017],[141.474,38.3017],[141.474,38.3016],[141.474,38.3017]]],[[[141.4738,38.3018],[141.4737,38.3016],[141.4737,38.3016],[141.4738,38.3018]]],[[[141.4742,38.3017],[141.4741,38.3017],[141.4742,38.3017],[141.4742,38.3017]]],[[[141.4741,38.3017],[141.4741,38.3017],[141.4741,38.3017],[141.4741,38.3017]]],[[[141.4741,38.3017],[141.4741,38.3017],[141.4741,38.3017],[141.4741,38.3017]]],[[[141.4736,38.3017],[141.4738,38.3018],[141.4736,38.3017],[141.4736,38.3017]]],[[[141.4741,38.3018],[141.4741,38.3018],[141.4741,38.3018],[141.4741,38.3018]]],[[[141.4742,38.3018],[141.4742,38.3018],[141.4742,38.3018],[141.4742,38.3018]]],[[[141.4741,38.302],[141.4741,38.3019],[141.4741,38.302],[141.4741,38.302]]],[[[141.4738,38.3019],[141.4737,38.3019],[141.4737,38.302],[141.4738,38.3019]]],[[[141.474,38.3022],[141.4739,38.3022],[141.4739,38.3022],[141.474,38.3022]]],[[[141.474,38.3023],[141.474,38.3023],[141.474,38.3023],[141.474,38.3023]]],[[[141.4662,38.3056],[141.466,38.3057],[141.4662,38.3057],[141.4662,38.3056]]],[[[141.4663,38.306],[141.4664,38.306],[141.4663,38.306],[141.4663,38.306]]],[[[141.4672,38.3061],[141.4673,38.3059],[141.4672,38.3059],[141.4672,38.3061]]],[[[141.4652,38.3061],[141.4652,38.3062],[141.4653,38.3061],[141.4652,38.3061]]],[[[141.4659,38.3062],[141.466,38.3062],[141.4659,38.3061],[141.4659,38.3062]]],[[[141.4678,38.3062],[141.4678,38.3061],[141.4677,38.3061],[141.4678,38.3062]]],[[[141.4681,38.3062],[141.4681,38.3062],[141.468,38.3062],[141.4681,38.3062]]],[[[141.468,38.3062],[141.4679,38.3062],[141.468,38.3063],[141.468,38.3062]]],[[[141.4653,38.3063],[141.4653,38.3063],[141.4653,38.3063],[141.4653,38.3063]]],[[[141.4661,38.3064],[141.466,38.3064],[141.4661,38.3064],[141.4661,38.3064]]],[[[141.4661,38.3065],[141.4661,38.3066],[141.4662,38.3065],[141.4661,38.3065]]],[[[141.4689,38.3067],[141.4687,38.3066],[141.4688,38.3067],[141.4689,38.3067]]],[[[141.4659,38.3068],[141.466,38.3069],[141.466,38.3068],[141.4659,38.3068]]],[[[141.4708,38.307],[141.4708,38.307],[141.4708,38.3069],[141.4708,38.307]]],[[[141.469,38.3069],[141.4691,38.307],[141.4691,38.307],[141.469,38.3069]]],[[[141.4709,38.307],[141.4709,38.307],[141.4709,38.307],[141.4709,38.307]]],[[[141.4706,38.3071],[141.4705,38.3072],[141.4706,38.3072],[141.4706,38.3071]]],[[[141.464,38.3072],[141.4639,38.3072],[141.464,38.3072],[141.464,38.3072]]],[[[141.4699,38.3074],[141.4698,38.3074],[141.4699,38.3074],[141.4699,38.3074]]],[[[141.4698,38.3078],[141.4697,38.3077],[141.4697,38.3077],[141.4698,38.3078]]],[[[141.471,38.3079],[141.4709,38.3077],[141.4708,38.3077],[141.471,38.3079]]],[[[141.4623,38.3079],[141.4624,38.3079],[141.4623,38.3079],[141.4623,38.3079]]],[[[141.4706,38.3079],[141.4705,38.3079],[141.4706,38.3079],[141.4706,38.3079]]],[[[141.4708,38.308],[141.4708,38.308],[141.4707,38.3078],[141.4708,38.308]]],[[[141.4705,38.308],[141.4706,38.3079],[141.4705,38.3079],[141.4705,38.308]]],[[[141.4704,38.308],[141.4704,38.308],[141.4705,38.3079],[141.4704,38.308]]],[[[141.4629,38.308],[141.4629,38.308],[141.4628,38.308],[141.4629,38.308]]],[[[141.471,38.308],[141.471,38.3081],[141.471,38.308],[141.471,38.308]]],[[[141.4705,38.3081],[141.4704,38.308],[141.4705,38.3081],[141.4705,38.3081]]],[[[141.4706,38.3081],[141.4706,38.3081],[141.4706,38.3081],[141.4706,38.3081]]],[[[141.4705,38.3081],[141.4705,38.3081],[141.4705,38.3082],[141.4705,38.3081]]],[[[141.4625,38.3083],[141.4625,38.3082],[141.4625,38.3082],[141.4625,38.3083]]],[[[141.4615,38.3087],[141.4615,38.3087],[141.4615,38.3087],[141.4615,38.3087]]],[[[141.4621,38.3088],[141.4621,38.3088],[141.4621,38.3088],[141.4621,38.3088]]],[[[141.4622,38.3088],[141.4622,38.3089],[141.4622,38.3089],[141.4622,38.3088]]],[[[141.4617,38.3089],[141.4617,38.3088],[141.4617,38.3089],[141.4617,38.3089]]],[[[141.4691,38.3249],[141.4687,38.3248],[141.4688,38.3252],[141.4691,38.3249]]],[[[141.467,38.3261],[141.4659,38.3254],[141.4667,38.326],[141.467,38.3261]]],[[[141.4676,38.327],[141.4666,38.3263],[141.4667,38.3273],[141.4676,38.327]]],[[[141.4667,38.3279],[141.4667,38.3279],[141.4667,38.328],[141.4667,38.3279]]],[[[141.4671,38.328],[141.4671,38.328],[141.4671,38.3279],[141.4671,38.328]]],[[[141.4676,38.5612],[141.4676,38.5613],[141.4677,38.5613],[141.4676,38.5612]]],[[[141.473,38.5613],[141.473,38.5613],[141.4729,38.5613],[141.473,38.5613]]],[[[141.4729,38.5613],[141.4729,38.5614],[141.4729,38.5613],[141.4729,38.5613]]],[[[141.4639,38.5614],[141.4637,38.5613],[141.4639,38.5615],[141.4639,38.5614]]],[[[141.4729,38.5615],[141.4729,38.5614],[141.4729,38.5614],[141.4729,38.5615]]],[[[141.4697,38.5614],[141.4697,38.5615],[141.4697,38.5614],[141.4697,38.5614]]],[[[141.4697,38.5615],[141.4698,38.5616],[141.4698,38.5615],[141.4697,38.5615]]],[[[141.473,38.5617],[141.473,38.5617],[141.473,38.5617],[141.473,38.5617]]],[[[141.4684,38.5618],[141.4685,38.5617],[141.4685,38.5617],[141.4684,38.5618]]],[[[141.4733,38.5619],[141.4734,38.5618],[141.4733,38.5618],[141.4733,38.5619]]],[[[141.4687,38.5623],[141.4687,38.5622],[141.4686,38.5622],[141.4687,38.5623]]],[[[141.48,38.2491],[141.4798,38.2491],[141.4797,38.2491],[141.48,38.2491]]],[[[141.484,38.2495],[141.484,38.2496],[141.484,38.2495],[141.484,38.2495]]],[[[141.4852,38.2495],[141.4851,38.2495],[141.4852,38.2497],[141.4852,38.2495]]],[[[141.485,38.2497],[141.485,38.2495],[141.4849,38.2495],[141.485,38.2497]]],[[[141.4842,38.2496],[141.4843,38.2496],[141.4843,38.2496],[141.4842,38.2496]]],[[[141.4847,38.2496],[141.4847,38.2497],[141.4847,38.2497],[141.4847,38.2496]]],[[[141.4849,38.2497],[141.4849,38.2496],[141.4848,38.2496],[141.4849,38.2497]]],[[[141.4798,38.2498],[141.4801,38.2497],[141.4795,38.2498],[141.4798,38.2498]]],[[[141.4854,38.2499],[141.4853,38.2499],[141.4854,38.25],[141.4854,38.2499]]],[[[141.4843,38.2501],[141.4842,38.2501],[141.4843,38.2501],[141.4843,38.2501]]],[[[141.484,38.2502],[141.484,38.2502],[141.4839,38.2501],[141.484,38.2502]]],[[[141.4837,38.2503],[141.4838,38.2503],[141.4838,38.2502],[141.4837,38.2503]]],[[[141.4786,38.2508],[141.4788,38.2508],[141.4787,38.2507],[141.4786,38.2508]]],[[[141.4824,38.251],[141.4823,38.251],[141.4823,38.251],[141.4824,38.251]]],[[[141.4827,38.2511],[141.4828,38.2512],[141.4828,38.251],[141.4827,38.2511]]],[[[141.4827,38.2511],[141.4826,38.2511],[141.4826,38.2512],[141.4827,38.2511]]],[[[141.4829,38.2512],[141.4829,38.2511],[141.4828,38.2512],[141.4829,38.2512]]],[[[141.4818,38.2513],[141.4819,38.2512],[141.4819,38.2512],[141.4818,38.2513]]],[[[141.4772,38.2517],[141.4774,38.2515],[141.4771,38.2517],[141.4772,38.2517]]],[[[141.4752,38.2527],[141.4753,38.2526],[141.4752,38.2526],[141.4752,38.2527]]],[[[141.4752,38.2543],[141.4752,38.2543],[141.4752,38.2543],[141.4752,38.2543]]],[[[141.4899,38.2609],[141.4901,38.2608],[141.4896,38.2597],[141.4896,38.2594],[141.4915,38.2588],[141.4931,38.2596],[141.4931,38.2583],[141.4948,38.2585],[141.4931,38.2583],[141.4928,38.258],[141.4938,38.2565],[141.4953,38.2568],[141.4949,38.2554],[141.4973,38.2574],[141.4956,38.2586],[141.4955,38.2592],[141.4974,38.2575],[141.4991,38.257],[141.4991,38.2565],[141.4981,38.2565],[141.4972,38.2554],[141.4982,38.2535],[141.4965,38.2512],[141.4987,38.2492],[141.4998,38.2492],[141.4992,38.2489],[141.5012,38.247],[141.5009,38.2468],[141.5006,38.246],[141.5,38.2466],[141.4995,38.2466],[141.4985,38.246],[141.497,38.2477],[141.4963,38.2479],[141.4958,38.2478],[141.4948,38.251],[141.4931,38.251],[141.4902,38.249],[141.4883,38.251],[141.4874,38.251],[141.4847,38.2497],[141.4836,38.251],[141.4815,38.2518],[141.48,38.2514],[141.48,38.2499],[141.479,38.2502],[141.4795,38.2504],[141.4781,38.2519],[141.4754,38.2529],[141.4755,38.2559],[141.4746,38.2571],[141.4735,38.2573],[141.474,38.2581],[141.4732,38.258],[141.4736,38.2601],[141.4732,38.2606],[141.4727,38.2607],[141.4716,38.2611],[141.4726,38.2622],[141.4722,38.2638],[141.4681,38.2667],[141.465,38.2651],[141.4669,38.2674],[141.4665,38.2686],[141.4651,38.2693],[141.4614,38.2682],[141.4611,38.2676],[141.4608,38.2678],[141.4604,38.2681],[141.4593,38.2681],[141.4587,38.2678],[141.4585,38.2681],[141.4577,38.2684],[141.457,38.2682],[141.4597,38.2729],[141.459,38.2736],[141.4566,38.2736],[141.4594,38.2743],[141.4597,38.2771],[141.46,38.2739],[141.4614,38.2744],[141.461,38.2759],[141.4616,38.2754],[141.4633,38.2767],[141.4631,38.2784],[141.4625,38.2788],[141.462,38.2788],[141.4622,38.2799],[141.4605,38.281],[141.4598,38.281],[141.4604,38.2833],[141.4667,38.2805],[141.4705,38.2834],[141.4717,38.2824],[141.4753,38.2818],[141.4752,38.2804],[141.4777,38.2794],[141.4795,38.2794],[141.4812,38.278],[141.4821,38.2775],[141.4816,38.2771],[141.4819,38.2755],[141.483,38.2745],[141.484,38.2744],[141.4835,38.2742],[141.4836,38.2726],[141.4859,38.2709],[141.4874,38.2705],[141.487,38.2685],[141.489,38.2672],[141.4887,38.2655],[141.4898,38.2656],[141.4896,38.2642],[141.4903,38.2629],[141.4886,38.2618],[141.4896,38.261],[141.4901,38.2613],[141.4899,38.2609]]],[[[141.4852,38.2721],[141.4851,38.2721],[141.485,38.2721],[141.4852,38.2721]]],[[[141.4842,38.2724],[141.4841,38.2723],[141.484,38.2724],[141.4842,38.2724]]],[[[141.4838,38.2728],[141.4837,38.2728],[141.4838,38.2728],[141.4838,38.2728]]],[[[141.4847,38.273],[141.4846,38.273],[141.4846,38.273],[141.4847,38.273]]],[[[141.4841,38.2732],[141.484,38.2731],[141.484,38.2732],[141.4841,38.2732]]],[[[141.4838,38.2737],[141.4842,38.2737],[141.4842,38.2736],[141.4838,38.2737]]],[[[141.4838,38.274],[141.4839,38.274],[141.4839,38.274],[141.4838,38.274]]],[[[141.4843,38.2742],[141.4844,38.2741],[141.4843,38.2741],[141.4843,38.2742]]],[[[141.4841,38.2742],[141.484,38.2742],[141.4841,38.2742],[141.4841,38.2742]]],[[[141.4842,38.2745],[141.484,38.2745],[141.4843,38.2745],[141.4842,38.2745]]],[[[141.4836,38.2745],[141.4836,38.2746],[141.4836,38.2745],[141.4836,38.2745]]],[[[141.4839,38.2746],[141.4838,38.2746],[141.484,38.2747],[141.4839,38.2746]]],[[[141.4828,38.2751],[141.483,38.2752],[141.4828,38.2751],[141.4828,38.2751]]],[[[141.4826,38.2752],[141.4827,38.2752],[141.4826,38.2752],[141.4826,38.2752]]],[[[141.4827,38.2754],[141.4828,38.2754],[141.4826,38.2752],[141.4827,38.2754]]],[[[141.4838,38.2756],[141.4835,38.2757],[141.4838,38.2759],[141.4838,38.2756]]],[[[141.4823,38.2764],[141.4824,38.2763],[141.4823,38.2764],[141.4823,38.2764]]],[[[141.4828,38.2766],[141.4827,38.2765],[141.4827,38.2766],[141.4828,38.2766]]],[[[141.4819,38.2769],[141.4819,38.2768],[141.4818,38.2768],[141.4819,38.2769]]],[[[141.4822,38.2769],[141.4823,38.2769],[141.482,38.277],[141.4822,38.2769]]],[[[141.4821,38.2772],[141.482,38.2772],[141.482,38.2773],[141.4821,38.2772]]],[[[141.4824,38.2774],[141.482,38.2773],[141.4821,38.2777],[141.4824,38.2774]]],[[[141.4826,38.2778],[141.4825,38.2777],[141.4824,38.2778],[141.4826,38.2778]]],[[[141.482,38.2778],[141.482,38.2778],[141.482,38.2778],[141.482,38.2778]]],[[[141.4803,38.2789],[141.4803,38.2789],[141.4803,38.2789],[141.4803,38.2789]]],[[[141.4806,38.279],[141.4804,38.2789],[141.4809,38.2791],[141.4806,38.279]]],[[[141.4802,38.2793],[141.4801,38.2793],[141.4803,38.2793],[141.4802,38.2793]]],[[[141.4797,38.2794],[141.4796,38.2794],[141.4797,38.2795],[141.4797,38.2794]]],[[[141.4793,38.2796],[141.4789,38.2796],[141.4793,38.2797],[141.4793,38.2796]]],[[[141.478,38.2797],[141.4781,38.2796],[141.478,38.2796],[141.478,38.2797]]],[[[141.4777,38.2797],[141.4777,38.2796],[141.4777,38.2797],[141.4777,38.2797]]],[[[141.4778,38.2798],[141.4778,38.2798],[141.4777,38.2798],[141.4778,38.2798]]],[[[141.4771,38.2799],[141.477,38.2799],[141.477,38.2799],[141.4771,38.2799]]],[[[141.4771,38.2799],[141.4771,38.2799],[141.4771,38.2799],[141.4771,38.2799]]],[[[141.4769,38.2801],[141.4768,38.2801],[141.4768,38.2801],[141.4769,38.2801]]],[[[141.4763,38.2802],[141.4763,38.2802],[141.4763,38.2802],[141.4763,38.2802]]],[[[141.476,38.3006],[141.476,38.3007],[141.4761,38.3007],[141.476,38.3006]]],[[[141.4751,38.3009],[141.4752,38.3009],[141.4751,38.3009],[141.4751,38.3009]]],[[[141.4756,38.301],[141.4756,38.301],[141.4756,38.3009],[141.4756,38.301]]],[[[141.4754,38.301],[141.4754,38.301],[141.4754,38.301],[141.4754,38.301]]],[[[141.4752,38.3009],[141.4751,38.3011],[141.4754,38.3012],[141.4752,38.3009]]],[[[141.4767,38.3016],[141.4766,38.3016],[141.4768,38.3016],[141.4767,38.3016]]],[[[141.4758,38.302],[141.4761,38.3008],[141.4751,38.3017],[141.4758,38.3027],[141.4758,38.302]]],[[[141.4765,38.3018],[141.4766,38.3018],[141.4765,38.3018],[141.4765,38.3018]]],[[[141.4765,38.3019],[141.4764,38.3019],[141.4764,38.3019],[141.4765,38.3019]]],[[[141.4765,38.3019],[141.4765,38.3019],[141.4766,38.3019],[141.4765,38.3019]]],[[[141.4763,38.3021],[141.4764,38.302],[141.4763,38.302],[141.4763,38.3021]]],[[[141.4762,38.303],[141.4762,38.303],[141.4762,38.303],[141.4762,38.303]]],[[[141.476,38.3032],[141.4762,38.3028],[141.4758,38.3029],[141.476,38.3032]]],[[[141.4757,38.3031],[141.4758,38.303],[141.4757,38.303],[141.4757,38.3031]]],[[[141.4819,38.3065],[141.4818,38.3066],[141.4819,38.3066],[141.4819,38.3065]]],[[[141.4798,38.3068],[141.4799,38.3068],[141.4798,38.3068],[141.4798,38.3068]]],[[[141.4762,38.3073],[141.4762,38.3073],[141.4761,38.3073],[141.4762,38.3073]]],[[[141.4763,38.3074],[141.4761,38.3074],[141.4761,38.3074],[141.4763,38.3074]]],[[[141.476,38.3074],[141.476,38.3074],[141.476,38.3074],[141.476,38.3074]]],[[[141.4844,38.3724],[141.4844,38.3724],[141.4844,38.3724],[141.4844,38.3724]]],[[[141.4844,38.3726],[141.4845,38.3726],[141.4844,38.3726],[141.4844,38.3726]]],[[[141.4848,38.3733],[141.4848,38.3732],[141.4848,38.3733],[141.4848,38.3733]]],[[[141.485,38.3764],[141.4849,38.3763],[141.4849,38.3764],[141.485,38.3764]]],[[[141.4838,38.3771],[141.4839,38.3772],[141.4839,38.3771],[141.4838,38.3771]]],[[[141.4841,38.3774],[141.4839,38.3773],[141.484,38.3774],[141.4841,38.3774]]],[[[141.4831,38.5123],[141.4831,38.5122],[141.483,38.5122],[141.4831,38.5123]]],[[[141.4849,38.5536],[141.485,38.5536],[141.4851,38.5534],[141.4849,38.5536]]],[[[141.4845,38.5538],[141.4844,38.5538],[141.4845,38.5538],[141.4845,38.5538]]],[[[141.4843,38.5538],[141.4843,38.5539],[141.4844,38.5539],[141.4843,38.5538]]],[[[141.4843,38.5543],[141.4843,38.5543],[141.4843,38.5545],[141.4843,38.5543]]],[[[141.484,38.5543],[141.4839,38.5544],[141.484,38.5545],[141.484,38.5543]]],[[[141.484,38.5545],[141.484,38.5545],[141.484,38.5545],[141.484,38.5545]]],[[[141.4826,38.5547],[141.4826,38.5547],[141.4826,38.5547],[141.4826,38.5547]]],[[[141.4839,38.5548],[141.484,38.5548],[141.4839,38.5548],[141.4839,38.5548]]],[[[141.4844,38.5554],[141.4844,38.5554],[141.4844,38.5553],[141.4844,38.5554]]],[[[141.4824,38.5556],[141.4824,38.5555],[141.4824,38.5556],[141.4824,38.5556]]],[[[141.4823,38.5556],[141.4823,38.5555],[141.4823,38.5555],[141.4823,38.5556]]],[[[141.4821,38.5559],[141.4822,38.5559],[141.4821,38.5559],[141.4821,38.5559]]],[[[141.4822,38.5562],[141.4822,38.5562],[141.4821,38.5562],[141.4822,38.5562]]],[[[141.4821,38.5564],[141.4821,38.5564],[141.4821,38.5564],[141.4821,38.5564]]],[[[141.4817,38.557],[141.4818,38.5571],[141.4818,38.557],[141.4817,38.557]]],[[[141.478,38.5571],[141.478,38.557],[141.478,38.557],[141.478,38.5571]]],[[[141.4783,38.5571],[141.4784,38.5572],[141.4784,38.5571],[141.4783,38.5571]]],[[[141.4774,38.5573],[141.4773,38.5574],[141.4774,38.5574],[141.4774,38.5573]]],[[[141.4784,38.5574],[141.4784,38.5574],[141.4784,38.5574],[141.4784,38.5574]]],[[[141.4786,38.5574],[141.4786,38.5574],[141.4786,38.5574],[141.4786,38.5574]]],[[[141.4815,38.5575],[141.4817,38.5576],[141.4817,38.5574],[141.4815,38.5575]]],[[[141.4775,38.5577],[141.4775,38.5575],[141.4772,38.5575],[141.4772,38.5579],[141.4775,38.5577]]],[[[141.4784,38.558],[141.4784,38.558],[141.4784,38.558],[141.4784,38.558]]],[[[141.4813,38.558],[141.4814,38.5581],[141.4814,38.558],[141.4813,38.558]]],[[[141.4785,38.5581],[141.4786,38.5581],[141.4785,38.558],[141.4785,38.5581]]],[[[141.4813,38.5581],[141.4813,38.5581],[141.4813,38.5581],[141.4813,38.5581]]],[[[141.4763,38.5587],[141.4764,38.5587],[141.4763,38.5587],[141.4763,38.5587]]],[[[141.4803,38.5587],[141.4803,38.5587],[141.4803,38.5587],[141.4803,38.5587]]],[[[141.4812,38.5588],[141.4811,38.5588],[141.4811,38.5588],[141.4812,38.5588]]],[[[141.4765,38.5589],[141.4765,38.5589],[141.4765,38.5588],[141.4765,38.5589]]],[[[141.4793,38.5589],[141.4793,38.559],[141.4793,38.5589],[141.4793,38.5589]]],[[[141.48,38.559],[141.48,38.559],[141.4799,38.559],[141.48,38.559]]],[[[141.48,38.559],[141.4801,38.559],[141.4801,38.559],[141.48,38.559]]],[[[141.4764,38.5591],[141.4763,38.5591],[141.4764,38.5591],[141.4764,38.5591]]],[[[141.4767,38.5596],[141.4767,38.5596],[141.4767,38.5596],[141.4767,38.5596]]],[[[141.4764,38.5605],[141.4764,38.5605],[141.4764,38.5605],[141.4764,38.5605]]],[[[141.4763,38.5605],[141.4763,38.5605],[141.4763,38.5605],[141.4763,38.5605]]],[[[141.4764,38.5606],[141.4764,38.5606],[141.4764,38.5606],[141.4764,38.5606]]],[[[141.4763,38.5606],[141.4764,38.5607],[141.4764,38.5606],[141.4763,38.5606]]],[[[141.4774,38.5607],[141.4774,38.5608],[141.4775,38.5607],[141.4774,38.5607]]],[[[141.4785,38.5614],[141.4786,38.5614],[141.4786,38.5612],[141.4785,38.5614]]],[[[141.4785,38.5618],[141.4788,38.5617],[141.4787,38.5616],[141.4785,38.5618]]],[[[141.4784,38.562],[141.4785,38.562],[141.4785,38.562],[141.4784,38.562]]],[[[141.4783,38.562],[141.4783,38.562],[141.4783,38.562],[141.4783,38.562]]],[[[141.4773,38.5628],[141.4772,38.5629],[141.4773,38.5628],[141.4773,38.5628]]],[[[141.4766,38.563],[141.4768,38.563],[141.4767,38.5628],[141.4766,38.563]]],[[[141.4773,38.5631],[141.4773,38.5631],[141.4773,38.5631],[141.4773,38.5631]]],[[[141.4771,38.5631],[141.4771,38.5631],[141.4771,38.5631],[141.4771,38.5631]]],[[[141.4779,38.5637],[141.4785,38.5628],[141.4774,38.563],[141.4779,38.5637]]],[[[141.4785,38.5642],[141.4776,38.5636],[141.4775,38.5644],[141.4785,38.5642]]],[[[141.4773,38.5641],[141.4774,38.5641],[141.4774,38.5641],[141.4773,38.5641]]],[[[141.4781,38.5646],[141.4782,38.5646],[141.4781,38.5646],[141.4781,38.5646]]],[[[141.4781,38.5646],[141.4781,38.5646],[141.4781,38.5646],[141.4781,38.5646]]],[[[141.4786,38.5649],[141.4786,38.5649],[141.4786,38.5648],[141.4786,38.5649]]],[[[141.4786,38.5649],[141.4786,38.565],[141.4786,38.565],[141.4786,38.5649]]],[[[141.4778,38.5646],[141.4783,38.5654],[141.4785,38.5651],[141.4786,38.565],[141.4778,38.5646]]],[[[141.4789,38.5651],[141.4789,38.5651],[141.4789,38.565],[141.4789,38.5651]]],[[[141.4787,38.5651],[141.4787,38.5651],[141.4787,38.5651],[141.4787,38.5651]]],[[[141.4788,38.5651],[141.4788,38.5651],[141.4788,38.5651],[141.4788,38.5651]]],[[[141.4786,38.5651],[141.4785,38.5651],[141.4787,38.5652],[141.4786,38.5651]]],[[[141.4786,38.5654],[141.4786,38.5654],[141.4786,38.5654],[141.4786,38.5654]]],[[[141.4786,38.5654],[141.4787,38.5654],[141.4787,38.5654],[141.4786,38.5654]]],[[[141.478,38.5655],[141.4781,38.5655],[141.478,38.5654],[141.478,38.5655]]],[[[141.4783,38.5655],[141.4781,38.5655],[141.4783,38.5656],[141.4783,38.5655]]],[[[141.4789,38.5655],[141.4789,38.5657],[141.479,38.5657],[141.4789,38.5655]]],[[[141.4788,38.5655],[141.4785,38.5655],[141.4786,38.5657],[141.4788,38.5655]]],[[[141.478,38.5656],[141.4781,38.5657],[141.4781,38.5656],[141.478,38.5656]]],[[[141.4782,38.5658],[141.4782,38.5658],[141.4782,38.5658],[141.4782,38.5658]]],[[[141.4783,38.5659],[141.4783,38.5658],[141.4782,38.5658],[141.4783,38.5659]]],[[[141.4787,38.5658],[141.4787,38.5659],[141.4788,38.5659],[141.4787,38.5658]]],[[[141.4787,38.5659],[141.4788,38.5659],[141.4787,38.5659],[141.4787,38.5659]]],[[[141.4806,38.5813],[141.4807,38.5813],[141.4805,38.5812],[141.4806,38.5813]]],[[[141.4805,38.5814],[141.4806,38.5814],[141.4805,38.5814],[141.4805,38.5814]]],[[[141.4806,38.5816],[141.4806,38.5816],[141.4806,38.5816],[141.4806,38.5816]]],[[[141.4798,38.5819],[141.48,38.5823],[141.48,38.5822],[141.4798,38.5819]]],[[[141.481,38.5822],[141.481,38.5822],[141.4809,38.5822],[141.481,38.5822]]],[[[141.4811,38.5823],[141.4812,38.5822],[141.4811,38.5822],[141.4811,38.5823]]],[[[141.481,38.5823],[141.481,38.5822],[141.4809,38.5823],[141.481,38.5823]]],[[[141.4799,38.5824],[141.4796,38.5822],[141.4797,38.5823],[141.4799,38.5824]]],[[[141.482,38.5824],[141.4821,38.5824],[141.4821,38.5824],[141.482,38.5824]]],[[[141.4852,38.5825],[141.4853,38.5825],[141.4853,38.5825],[141.4852,38.5825]]],[[[141.4819,38.5825],[141.4819,38.5825],[141.4819,38.5825],[141.4819,38.5825]]],[[[141.4852,38.5826],[141.4853,38.5827],[141.4852,38.5826],[141.4852,38.5826]]],[[[141.4821,38.5826],[141.4821,38.5827],[141.4822,38.5827],[141.4821,38.5826]]],[[[141.4824,38.5827],[141.4824,38.5827],[141.4825,38.5827],[141.4824,38.5827]]],[[[141.4789,38.5827],[141.4789,38.5827],[141.4789,38.5827],[141.4789,38.5827]]],[[[141.4794,38.5829],[141.4794,38.5829],[141.4794,38.5829],[141.4794,38.5829]]],[[[141.4791,38.5829],[141.4791,38.5829],[141.4791,38.5829],[141.4791,38.5829]]],[[[141.485,38.5829],[141.4851,38.5829],[141.485,38.5829],[141.485,38.5829]]],[[[141.4842,38.5834],[141.4841,38.5832],[141.484,38.5834],[141.4842,38.5834]]],[[[141.4842,38.5834],[141.484,38.5834],[141.4841,38.5835],[141.4842,38.5834]]],[[[141.4845,38.5835],[141.4845,38.5835],[141.4845,38.5835],[141.4845,38.5835]]],[[[141.4843,38.5835],[141.4842,38.5835],[141.4843,38.5835],[141.4843,38.5835]]],[[[141.4845,38.5835],[141.4845,38.5835],[141.4845,38.5835],[141.4845,38.5835]]],[[[141.4843,38.5835],[141.4843,38.5836],[141.4844,38.5835],[141.4843,38.5835]]],[[[141.4898,38.2487],[141.4898,38.2487],[141.4898,38.2488],[141.4898,38.2487]]],[[[141.4897,38.2489],[141.4897,38.2489],[141.4897,38.2489],[141.4897,38.2489]]],[[[141.4895,38.2489],[141.4896,38.2489],[141.4896,38.2489],[141.4895,38.2489]]],[[[141.4905,38.2489],[141.4904,38.249],[141.4905,38.249],[141.4905,38.2489]]],[[[141.4897,38.249],[141.4897,38.249],[141.4897,38.249],[141.4897,38.249]]],[[[141.4898,38.249],[141.4898,38.2491],[141.4898,38.249],[141.4898,38.249]]],[[[141.4908,38.2491],[141.4908,38.249],[141.4908,38.2491],[141.4908,38.2491]]],[[[141.4898,38.2491],[141.4898,38.2491],[141.4898,38.2491],[141.4898,38.2491]]],[[[141.4899,38.2492],[141.4898,38.2492],[141.4898,38.2493],[141.4899,38.2492]]],[[[141.4867,38.2495],[141.4866,38.2495],[141.4866,38.2495],[141.4867,38.2495]]],[[[141.4888,38.2495],[141.4889,38.2496],[141.4889,38.2496],[141.4888,38.2495]]],[[[141.4887,38.2497],[141.4887,38.2496],[141.4886,38.2497],[141.4887,38.2497]]],[[[141.4888,38.2497],[141.489,38.2498],[141.4889,38.2496],[141.4888,38.2497]]],[[[141.4866,38.2498],[141.4867,38.2498],[141.4868,38.2496],[141.4866,38.2498]]],[[[141.4865,38.2498],[141.4865,38.2497],[141.4865,38.2497],[141.4865,38.2498]]],[[[141.4863,38.2498],[141.4862,38.2498],[141.4862,38.2498],[141.4863,38.2498]]],[[[141.4854,38.2499],[141.4854,38.2498],[141.4853,38.2498],[141.4854,38.2499]]],[[[141.4855,38.2499],[141.4857,38.2498],[141.4855,38.2498],[141.4855,38.2499]]],[[[141.4863,38.2499],[141.4864,38.2499],[141.4864,38.2498],[141.4863,38.2499]]],[[[141.4865,38.2499],[141.4865,38.25],[141.4865,38.2499],[141.4865,38.2499]]],[[[141.4867,38.2499],[141.4866,38.2501],[141.4867,38.2501],[141.4867,38.2499]]],[[[141.4859,38.25],[141.4858,38.25],[141.4859,38.2501],[141.4859,38.25]]],[[[141.4888,38.2501],[141.4887,38.2499],[141.4887,38.2502],[141.4888,38.2501]]],[[[141.4861,38.25],[141.486,38.2501],[141.4861,38.2501],[141.4861,38.25]]],[[[141.4864,38.2502],[141.4864,38.2501],[141.4863,38.2501],[141.4864,38.2502]]],[[[141.4888,38.2502],[141.4889,38.2502],[141.4888,38.2501],[141.4888,38.2502]]],[[[141.4872,38.2502],[141.4873,38.2502],[141.4872,38.2502],[141.4872,38.2502]]],[[[141.4872,38.2503],[141.4872,38.2502],[141.4872,38.2502],[141.4872,38.2503]]],[[[141.4868,38.2505],[141.4867,38.2506],[141.4868,38.2506],[141.4868,38.2505]]],[[[141.4901,38.261],[141.4901,38.261],[141.4901,38.2609],[141.4901,38.261]]],[[[141.49,38.261],[141.4901,38.261],[141.49,38.261],[141.49,38.261]]],[[[141.49,38.261],[141.49,38.261],[141.49,38.261],[141.49,38.261]]],[[[141.4901,38.261],[141.4901,38.261],[141.4901,38.261],[141.4901,38.261]]],[[[141.4903,38.2614],[141.4904,38.2614],[141.4903,38.2611],[141.4903,38.2614]]],[[[141.4896,38.2614],[141.4896,38.2613],[141.4896,38.2613],[141.4896,38.2614]]],[[[141.4899,38.2613],[141.4899,38.2614],[141.49,38.2615],[141.4899,38.2613]]],[[[141.4901,38.2614],[141.4903,38.2615],[141.4903,38.2614],[141.4901,38.2614]]],[[[141.4889,38.2618],[141.4889,38.2618],[141.4889,38.2618],[141.4889,38.2618]]],[[[141.4895,38.2619],[141.4898,38.262],[141.4898,38.262],[141.4895,38.2619]]],[[[141.4898,38.2623],[141.4897,38.2623],[141.4898,38.2624],[141.4898,38.2623]]],[[[141.4899,38.2624],[141.4899,38.2625],[141.49,38.2624],[141.4899,38.2624]]],[[[141.4903,38.2625],[141.4903,38.2625],[141.4903,38.2626],[141.4903,38.2625]]],[[[141.4906,38.2629],[141.4906,38.2629],[141.4905,38.2628],[141.4906,38.2629]]],[[[141.4907,38.2632],[141.4905,38.2631],[141.4903,38.2632],[141.4903,38.2634],[141.4904,38.2632],[141.4907,38.2632]]],[[[141.4904,38.2636],[141.4907,38.2634],[141.4904,38.2634],[141.4904,38.2636]]],[[[141.4903,38.2636],[141.4902,38.2635],[141.4902,38.2636],[141.4903,38.2636]]],[[[141.4906,38.264],[141.4907,38.2638],[141.4906,38.2638],[141.4906,38.264]]],[[[141.4904,38.2641],[141.4904,38.264],[141.4904,38.264],[141.4904,38.2641]]],[[[141.49,38.2643],[141.4899,38.2643],[141.49,38.2644],[141.49,38.2643]]],[[[141.4903,38.2644],[141.4902,38.2644],[141.4903,38.2644],[141.4903,38.2644]]],[[[141.49,38.2647],[141.4901,38.2644],[141.4901,38.2643],[141.4899,38.2646],[141.49,38.2647]]],[[[141.49,38.2648],[141.4899,38.2647],[141.4898,38.2647],[141.49,38.2648]]],[[[141.4901,38.265],[141.4901,38.2649],[141.4901,38.265],[141.4901,38.265]]],[[[141.4902,38.2652],[141.4902,38.2652],[141.4902,38.2652],[141.4902,38.2652]]],[[[141.4899,38.2653],[141.4898,38.2653],[141.4898,38.2654],[141.4899,38.2653]]],[[[141.4891,38.2662],[141.4889,38.266],[141.4889,38.2662],[141.4891,38.2662]]],[[[141.4892,38.2668],[141.4892,38.2668],[141.4893,38.2668],[141.4892,38.2668]]],[[[141.4893,38.2669],[141.4892,38.2669],[141.4893,38.2669],[141.4893,38.2669]]],[[[141.4892,38.267],[141.4892,38.267],[141.4892,38.267],[141.4892,38.267]]],[[[141.4891,38.2671],[141.4891,38.2672],[141.4892,38.2672],[141.4891,38.2671]]],[[[141.4888,38.2676],[141.4887,38.2677],[141.4888,38.2678],[141.4888,38.2676]]],[[[141.4881,38.2681],[141.4883,38.2682],[141.4883,38.2682],[141.4881,38.2681]]],[[[141.4872,38.2694],[141.4873,38.2694],[141.4873,38.2694],[141.4872,38.2694]]],[[[141.4873,38.2696],[141.4875,38.2696],[141.4873,38.2695],[141.4873,38.2696]]],[[[141.4875,38.2698],[141.4874,38.2698],[141.4874,38.2698],[141.4875,38.2698]]],[[[141.488,38.27],[141.4881,38.2699],[141.488,38.2699],[141.488,38.27]]],[[[141.4885,38.2701],[141.4885,38.2701],[141.4885,38.2702],[141.4885,38.2701]]],[[[141.4883,38.2701],[141.4884,38.2702],[141.4884,38.2702],[141.4883,38.2701]]],[[[141.4886,38.2703],[141.4886,38.2703],[141.4886,38.2704],[141.4886,38.2703]]],[[[141.4886,38.2705],[141.4885,38.2705],[141.4885,38.2706],[141.4886,38.2705]]],[[[141.4887,38.2707],[141.4888,38.2706],[141.4888,38.2706],[141.4887,38.2707]]],[[[141.4874,38.2706],[141.4873,38.2707],[141.4878,38.2708],[141.4874,38.2706]]],[[[141.4868,38.2709],[141.4868,38.2708],[141.4867,38.2708],[141.4868,38.2709]]],[[[141.4871,38.2709],[141.487,38.2709],[141.4871,38.2709],[141.4871,38.2709]]],[[[141.4874,38.2711],[141.4876,38.2711],[141.4873,38.2709],[141.4874,38.2711]]],[[[141.4871,38.2713],[141.4869,38.2713],[141.4871,38.2713],[141.4871,38.2713]]],[[[141.4863,38.2713],[141.4862,38.2713],[141.4863,38.2713],[141.4863,38.2713]]],[[[141.4861,38.2714],[141.4859,38.2714],[141.4861,38.2715],[141.4861,38.2714]]],[[[141.4859,38.2716],[141.4858,38.2717],[141.486,38.2716],[141.4859,38.2716]]],[[[141.4883,38.3792],[141.4883,38.3793],[141.4884,38.3793],[141.4883,38.3792]]],[[[141.4907,38.3798],[141.4907,38.3798],[141.4908,38.3798],[141.4907,38.3798]]],[[[141.4906,38.3801],[141.4906,38.3801],[141.4906,38.3801],[141.4906,38.3801]]],[[[141.4902,38.3802],[141.4902,38.3802],[141.4902,38.3802],[141.4902,38.3802]]],[[[141.4901,38.3803],[141.4901,38.3803],[141.4901,38.3803],[141.4901,38.3803]]],[[[141.4898,38.504],[141.4898,38.5041],[141.4899,38.5041],[141.4899,38.5039],[141.4898,38.504]]],[[[141.488,38.5073],[141.488,38.5073],[141.488,38.5073],[141.488,38.5073]]],[[[141.4897,38.5138],[141.4896,38.514],[141.4897,38.514],[141.4897,38.5138]]],[[[141.4891,38.5375],[141.4891,38.5375],[141.4891,38.5375],[141.4891,38.5375]]],[[[141.489,38.5378],[141.4889,38.5378],[141.4889,38.5379],[141.489,38.5378]]],[[[141.4889,38.5379],[141.4889,38.5379],[141.4889,38.5379],[141.4889,38.5379]]],[[[141.4888,38.538],[141.4887,38.538],[141.4887,38.538],[141.4888,38.538]]],[[[141.4885,38.5385],[141.4885,38.5384],[141.4885,38.5384],[141.4885,38.5385]]],[[[141.4885,38.5386],[141.4885,38.5385],[141.4885,38.5386],[141.4885,38.5386]]],[[[141.4883,38.5386],[141.4883,38.5386],[141.4883,38.5386],[141.4883,38.5386]]],[[[141.4883,38.5387],[141.4883,38.5387],[141.4883,38.5387],[141.4883,38.5387]]],[[[141.4881,38.5392],[141.4882,38.5392],[141.4882,38.5392],[141.4881,38.5392]]],[[[141.4873,38.5397],[141.4873,38.5397],[141.4873,38.5397],[141.4873,38.5397]]],[[[141.4874,38.5398],[141.4874,38.5397],[141.4874,38.5397],[141.4874,38.5398]]],[[[141.4867,38.54],[141.4868,38.5399],[141.4867,38.54],[141.4867,38.54]]],[[[141.4862,38.5409],[141.4862,38.5409],[141.4862,38.5409],[141.4862,38.5409]]],[[[141.4858,38.5417],[141.4858,38.5417],[141.4858,38.5417],[141.4858,38.5417]]],[[[141.4857,38.5422],[141.4858,38.5423],[141.4858,38.5421],[141.4857,38.5422]]],[[[141.4863,38.543],[141.4863,38.543],[141.4863,38.5429],[141.4863,38.543]]],[[[141.4863,38.5431],[141.4863,38.5432],[141.4863,38.5431],[141.4863,38.5431]]],[[[141.4863,38.5432],[141.4863,38.5433],[141.4863,38.5432],[141.4863,38.5432]]],[[[141.4866,38.5434],[141.4866,38.5434],[141.4866,38.5434],[141.4866,38.5434]]],[[[141.4864,38.5434],[141.4864,38.5434],[141.4865,38.5434],[141.4864,38.5434]]],[[[141.4865,38.5435],[141.4865,38.5434],[141.4865,38.5434],[141.4865,38.5435]]],[[[141.4866,38.5435],[141.4866,38.5434],[141.4866,38.5435],[141.4866,38.5435]]],[[[141.4867,38.5437],[141.4866,38.5438],[141.4867,38.5436],[141.4867,38.5437]]],[[[141.4869,38.5437],[141.4869,38.5439],[141.4869,38.5439],[141.4869,38.5437]]],[[[141.4865,38.5457],[141.4866,38.5457],[141.4866,38.5456],[141.4865,38.5457]]],[[[141.4861,38.5461],[141.4861,38.5461],[141.4861,38.5461],[141.4861,38.5461]]],[[[141.4862,38.5462],[141.4862,38.5462],[141.4862,38.5462],[141.4862,38.5462]]],[[[141.4856,38.547],[141.4856,38.547],[141.4856,38.547],[141.4856,38.547]]],[[[141.486,38.5472],[141.486,38.5471],[141.486,38.5472],[141.486,38.5472]]],[[[141.486,38.5472],[141.4861,38.5472],[141.486,38.5472],[141.486,38.5472]]],[[[141.4864,38.5474],[141.4864,38.5473],[141.4864,38.5473],[141.4864,38.5474]]],[[[141.4862,38.5475],[141.4862,38.5474],[141.4862,38.5474],[141.4862,38.5475]]],[[[141.4869,38.5492],[141.4868,38.5493],[141.4868,38.5493],[141.4869,38.5492]]],[[[141.4868,38.5494],[141.4869,38.5494],[141.4869,38.5493],[141.4868,38.5494]]],[[[141.4869,38.5498],[141.4869,38.5498],[141.4869,38.5498],[141.4869,38.5498]]],[[[141.4872,38.5498],[141.4872,38.5497],[141.4872,38.5499],[141.4872,38.5498]]],[[[141.4871,38.5498],[141.4871,38.5498],[141.4871,38.5498],[141.4871,38.5498]]],[[[141.487,38.5499],[141.487,38.5499],[141.487,38.5499],[141.487,38.5499]]],[[[141.487,38.5502],[141.487,38.5502],[141.487,38.5502],[141.487,38.5502]]],[[[141.4868,38.551],[141.4868,38.551],[141.4868,38.551],[141.4868,38.551]]],[[[141.4868,38.5511],[141.4868,38.551],[141.4868,38.5511],[141.4868,38.5511]]],[[[141.4869,38.5515],[141.4869,38.5516],[141.4869,38.5515],[141.4869,38.5515]]],[[[141.4869,38.5516],[141.4869,38.5516],[141.4869,38.5516],[141.4869,38.5516]]],[[[141.4869,38.5517],[141.4869,38.5517],[141.4869,38.5517],[141.4869,38.5517]]],[[[141.487,38.5517],[141.487,38.5517],[141.487,38.5517],[141.487,38.5517]]],[[[141.4875,38.5526],[141.4875,38.5526],[141.4875,38.5526],[141.4875,38.5526]]],[[[141.4878,38.5535],[141.4879,38.5535],[141.4878,38.5534],[141.4878,38.5535]]],[[[141.4864,38.5536],[141.4864,38.5536],[141.4864,38.5537],[141.4864,38.5536]]],[[[141.4864,38.5537],[141.4864,38.5537],[141.4864,38.5537],[141.4864,38.5537]]],[[[141.488,38.5543],[141.4881,38.5539],[141.488,38.5538],[141.488,38.5543]]],[[[141.4882,38.5541],[141.4881,38.554],[141.4881,38.554],[141.4882,38.5541]]],[[[141.487,38.5541],[141.4871,38.5542],[141.487,38.5541],[141.487,38.5541]]],[[[141.487,38.5543],[141.4871,38.5543],[141.487,38.5542],[141.487,38.5543]]],[[[141.488,38.5543],[141.488,38.5543],[141.488,38.5543],[141.488,38.5543]]],[[[141.4878,38.5544],[141.4878,38.5544],[141.4878,38.5543],[141.4878,38.5544]]],[[[141.4882,38.5545],[141.4881,38.5544],[141.4882,38.5547],[141.4882,38.5545]]],[[[141.4894,38.5553],[141.4894,38.5552],[141.4893,38.5552],[141.4894,38.5553]]],[[[141.4898,38.5556],[141.4898,38.5556],[141.4898,38.5556],[141.4898,38.5556]]],[[[141.49,38.5558],[141.49,38.5559],[141.4901,38.5558],[141.49,38.5558]]],[[[141.4899,38.556],[141.4899,38.5559],[141.4899,38.5559],[141.4899,38.556]]],[[[141.4898,38.5559],[141.4897,38.5559],[141.4898,38.5561],[141.4898,38.5559]]],[[[141.4905,38.556],[141.4904,38.5562],[141.4905,38.5563],[141.4905,38.556]]],[[[141.4905,38.5564],[141.4905,38.5564],[141.4905,38.5563],[141.4905,38.5564]]],[[[141.4906,38.5565],[141.4905,38.5564],[141.4905,38.5565],[141.4906,38.5565]]],[[[141.4873,38.582],[141.4872,38.582],[141.4873,38.582],[141.4873,38.582]]],[[[141.4872,38.5823],[141.4872,38.5823],[141.4871,38.5823],[141.4872,38.5823]]],[[[141.4871,38.5827],[141.4871,38.5826],[141.487,38.5826],[141.4871,38.5827]]],[[[141.4857,38.5827],[141.4857,38.5827],[141.4857,38.5827],[141.4857,38.5827]]],[[[141.4871,38.583],[141.4873,38.5829],[141.4873,38.5829],[141.4871,38.583]]],[[[141.4869,38.583],[141.4868,38.5829],[141.4869,38.583],[141.4869,38.583]]],[[[141.4853,38.5829],[141.4853,38.5831],[141.4854,38.5831],[141.4853,38.5829]]],[[[141.4869,38.583],[141.4869,38.5831],[141.487,38.5831],[141.4869,38.583]]],[[[141.4859,38.5831],[141.486,38.5832],[141.486,38.583],[141.4859,38.5831]]],[[[141.4855,38.5832],[141.4854,38.5832],[141.4855,38.5832],[141.4855,38.5832]]],[[[141.4866,38.5833],[141.4866,38.5833],[141.4866,38.5833],[141.4866,38.5833]]],[[[141.4854,38.5833],[141.4855,38.5833],[141.4855,38.5833],[141.4854,38.5833]]],[[[141.4858,38.5833],[141.4857,38.5833],[141.4858,38.5834],[141.4858,38.5833]]],[[[141.4857,38.5833],[141.4857,38.5834],[141.4857,38.5833],[141.4857,38.5833]]],[[[141.4865,38.5834],[141.4866,38.5834],[141.4865,38.5833],[141.4865,38.5834]]],[[[141.4876,38.5837],[141.4877,38.5838],[141.4876,38.5837],[141.4876,38.5837]]],[[[141.4878,38.5842],[141.4882,38.5838],[141.4879,38.5835],[141.4878,38.5842]]],[[[141.4883,38.5843],[141.4882,38.5844],[141.4884,38.5844],[141.4883,38.5843]]],[[[141.4885,38.5849],[141.4886,38.5849],[141.4885,38.5848],[141.4885,38.5849]]],[[[141.4881,38.5849],[141.4882,38.5849],[141.4881,38.5849],[141.4881,38.5849]]],[[[141.4886,38.5851],[141.4887,38.5851],[141.4886,38.585],[141.4886,38.5851]]],[[[141.4884,38.5857],[141.4885,38.5857],[141.4885,38.5857],[141.4884,38.5857]]],[[[141.4889,38.586],[141.4888,38.5859],[141.4889,38.586],[141.4889,38.586]]],[[[141.4885,38.586],[141.4883,38.5859],[141.4884,38.5861],[141.4885,38.586]]],[[[141.4883,38.5862],[141.4883,38.5863],[141.4883,38.5862],[141.4883,38.5862]]],[[[141.4893,38.5866],[141.4893,38.5865],[141.4893,38.5865],[141.4893,38.5866]]],[[[141.4906,38.587],[141.4906,38.587],[141.4906,38.5868],[141.4906,38.587]]],[[[141.4893,38.5872],[141.4895,38.587],[141.4894,38.587],[141.4893,38.5872]]],[[[141.4953,38.2469],[141.4953,38.2468],[141.4952,38.2468],[141.4953,38.2469]]],[[[141.4952,38.2469],[141.4952,38.2469],[141.4951,38.2469],[141.4952,38.2469]]],[[[141.4956,38.247],[141.4956,38.247],[141.4956,38.2471],[141.4956,38.247]]],[[[141.4951,38.2471],[141.4952,38.2471],[141.4952,38.247],[141.4951,38.2471]]],[[[141.4956,38.2471],[141.4956,38.2472],[141.4956,38.2472],[141.4956,38.2471]]],[[[141.4952,38.2471],[141.4951,38.2472],[141.4952,38.2472],[141.4952,38.2471]]],[[[141.4952,38.2473],[141.4953,38.2473],[141.4953,38.2472],[141.4952,38.2473]]],[[[141.4956,38.2473],[141.4957,38.2472],[141.4956,38.2472],[141.4956,38.2473]]],[[[141.4958,38.2472],[141.4958,38.2472],[141.4958,38.2473],[141.4958,38.2472]]],[[[141.4957,38.2473],[141.4956,38.2475],[141.4957,38.2474],[141.4957,38.2473]]],[[[141.4957,38.2476],[141.4955,38.2476],[141.4956,38.2477],[141.4957,38.2476]]],[[[141.4959,38.2478],[141.4959,38.2478],[141.496,38.2478],[141.4959,38.2478]]],[[[141.4948,38.2485],[141.4947,38.2484],[141.4947,38.2484],[141.4948,38.2485]]],[[[141.4949,38.2488],[141.4948,38.2488],[141.4948,38.2489],[141.4949,38.2488]]],[[[141.4909,38.2493],[141.4909,38.2493],[141.4907,38.2493],[141.4909,38.2493]]],[[[141.4912,38.2493],[141.4912,38.2494],[141.4913,38.2493],[141.4912,38.2493]]],[[[141.4922,38.2496],[141.4922,38.2496],[141.4921,38.2496],[141.4922,38.2496]]],[[[141.4917,38.2498],[141.4918,38.2498],[141.4917,38.2496],[141.4917,38.2498]]],[[[141.4916,38.2498],[141.4916,38.2498],[141.4915,38.2499],[141.4916,38.2498]]],[[[141.4921,38.2497],[141.4919,38.2498],[141.492,38.25],[141.4921,38.2497]]],[[[141.4923,38.25],[141.4922,38.25],[141.4923,38.2501],[141.4923,38.25]]],[[[141.493,38.2507],[141.4929,38.2508],[141.493,38.2508],[141.493,38.2507]]],[[[141.4937,38.2578],[141.4936,38.2579],[141.4937,38.258],[141.4937,38.2578]]],[[[141.4938,38.2579],[141.4938,38.258],[141.4938,38.2579],[141.4938,38.2579]]],[[[141.493,38.2581],[141.4931,38.2582],[141.4931,38.2581],[141.493,38.2581]]],[[[141.4917,38.2589],[141.4917,38.259],[141.4918,38.259],[141.4917,38.2589]]],[[[141.4919,38.2594],[141.492,38.2594],[141.4919,38.2593],[141.4919,38.2594]]],[[[141.4937,38.2594],[141.4938,38.2595],[141.4938,38.2593],[141.4937,38.2594]]],[[[141.4939,38.2595],[141.4938,38.2595],[141.4938,38.2596],[141.4939,38.2595]]],[[[141.4934,38.2596],[141.4933,38.2596],[141.4934,38.2596],[141.4934,38.2596]]],[[[141.4936,38.2597],[141.4936,38.2597],[141.4936,38.2596],[141.4936,38.2597]]],[[[141.4939,38.2599],[141.4939,38.2598],[141.4938,38.26],[141.4939,38.2599]]],[[[141.4935,38.2599],[141.4926,38.2597],[141.4932,38.2606],[141.493,38.2607],[141.4933,38.2607],[141.4942,38.2614],[141.4935,38.2599]]],[[[141.4931,38.2606],[141.493,38.2606],[141.4931,38.2606],[141.4931,38.2606]]],[[[141.493,38.2606],[141.493,38.2606],[141.4929,38.2606],[141.493,38.2606]]],[[[141.493,38.2608],[141.4932,38.2612],[141.4932,38.261],[141.493,38.2608]]],[[[141.4935,38.2612],[141.4935,38.2611],[141.4935,38.2613],[141.4935,38.2612]]],[[[141.4937,38.2613],[141.4937,38.2612],[141.4936,38.2612],[141.4937,38.2613]]],[[[141.4936,38.2614],[141.4935,38.2614],[141.4936,38.2615],[141.4936,38.2614]]],[[[141.494,38.2616],[141.494,38.2616],[141.494,38.2615],[141.494,38.2616]]],[[[141.4942,38.2616],[141.4943,38.2616],[141.4942,38.2615],[141.4942,38.2616]]],[[[141.4945,38.2616],[141.4945,38.2616],[141.4945,38.2616],[141.4945,38.2616]]],[[[141.4941,38.2617],[141.4941,38.2618],[141.4941,38.2617],[141.4941,38.2617]]],[[[141.4956,38.2915],[141.4957,38.2915],[141.4955,38.2914],[141.4956,38.2915]]],[[[141.4965,38.2922],[141.4965,38.2922],[141.4965,38.2921],[141.4965,38.2922]]],[[[141.4935,38.2922],[141.4936,38.2923],[141.4936,38.2923],[141.4935,38.2922]]],[[[141.4934,38.2923],[141.4935,38.2924],[141.4934,38.2923],[141.4934,38.2923]]],[[[141.4937,38.2924],[141.4937,38.2924],[141.4937,38.2924],[141.4937,38.2924]]],[[[141.4942,38.2925],[141.4941,38.2925],[141.4941,38.2925],[141.4942,38.2925]]],[[[141.4939,38.2927],[141.4939,38.2926],[141.4937,38.2926],[141.4939,38.2927]]],[[[141.4925,38.2931],[141.4925,38.2931],[141.4924,38.2931],[141.4925,38.2931]]],[[[141.4934,38.2931],[141.4934,38.2932],[141.4934,38.2931],[141.4934,38.2931]]],[[[141.4925,38.2931],[141.4924,38.2932],[141.4925,38.2932],[141.4925,38.2931]]],[[[141.4919,38.2932],[141.4921,38.2933],[141.4921,38.2933],[141.4919,38.2932]]],[[[141.4916,38.2934],[141.4918,38.2934],[141.4917,38.2933],[141.4916,38.2934]]],[[[141.4925,38.2934],[141.4925,38.2933],[141.4925,38.2933],[141.4925,38.2934]]],[[[141.4927,38.2933],[141.4927,38.2934],[141.4928,38.2934],[141.4927,38.2933]]],[[[141.4924,38.2934],[141.4925,38.2934],[141.4925,38.2934],[141.4924,38.2934]]],[[[141.4916,38.2934],[141.4916,38.2935],[141.4919,38.2935],[141.4916,38.2934]]],[[[141.4916,38.2936],[141.4915,38.2935],[141.4915,38.2936],[141.4916,38.2936]]],[[[141.492,38.2943],[141.4919,38.2943],[141.4919,38.2944],[141.492,38.2943]]],[[[141.4922,38.2944],[141.4921,38.2944],[141.492,38.2944],[141.4922,38.2944]]],[[[141.4932,38.2964],[141.4932,38.2963],[141.4931,38.2964],[141.4932,38.2964]]],[[[141.494,38.2983],[141.4939,38.2981],[141.4938,38.2982],[141.494,38.2983]]],[[[141.4927,38.3695],[141.4927,38.3696],[141.4927,38.3695],[141.4927,38.3695]]],[[[141.4949,38.3705],[141.495,38.3706],[141.4949,38.3705],[141.4949,38.3705]]],[[[141.4951,38.3706],[141.4951,38.3706],[141.4951,38.3706],[141.4951,38.3706]]],[[[141.495,38.3708],[141.4949,38.3707],[141.495,38.3708],[141.495,38.3708]]],[[[141.4949,38.371],[141.4949,38.371],[141.4949,38.371],[141.4949,38.371]]],[[[141.495,38.3714],[141.4949,38.3714],[141.4949,38.3714],[141.495,38.3714]]],[[[141.4952,38.3715],[141.4953,38.3716],[141.4951,38.3713],[141.4952,38.3715]]],[[[141.4917,38.3798],[141.4917,38.3798],[141.4917,38.3798],[141.4917,38.3798]]],[[[141.4923,38.3799],[141.4923,38.3799],[141.4923,38.3798],[141.4923,38.3799]]],[[[141.4925,38.3798],[141.4924,38.3798],[141.4925,38.3799],[141.4925,38.3798]]],[[[141.4918,38.3799],[141.4918,38.3799],[141.4917,38.3799],[141.4918,38.3799]]],[[[141.4922,38.3799],[141.4921,38.3798],[141.4921,38.38],[141.4922,38.3799]]],[[[141.4924,38.38],[141.4923,38.3799],[141.4923,38.38],[141.4924,38.38]]],[[[141.4924,38.3803],[141.4922,38.38],[141.4922,38.3801],[141.4924,38.3803]]],[[[141.4966,38.3813],[141.4966,38.3813],[141.4967,38.3813],[141.4966,38.3813]]],[[[141.4955,38.3819],[141.4956,38.3819],[141.4955,38.3818],[141.4955,38.3819]]],[[[141.4962,38.4804],[141.4962,38.4803],[141.4962,38.4805],[141.4962,38.4804]]],[[[141.4959,38.4806],[141.4959,38.4806],[141.4959,38.4806],[141.4959,38.4806]]],[[[141.4962,38.4808],[141.4962,38.4809],[141.4963,38.4809],[141.4962,38.4808]]],[[[141.4963,38.481],[141.4962,38.481],[141.4962,38.4811],[141.4963,38.481]]],[[[141.4955,38.4813],[141.4955,38.4814],[141.4955,38.4813],[141.4955,38.4813]]],[[[141.4967,38.4813],[141.4966,38.4813],[141.4966,38.4815],[141.4967,38.4813]]],[[[141.4956,38.4816],[141.4956,38.4816],[141.4956,38.4816],[141.4956,38.4816]]],[[[141.4956,38.4824],[141.4956,38.4824],[141.4957,38.4824],[141.4956,38.4824]]],[[[141.4957,38.4825],[141.4957,38.4824],[141.4956,38.4824],[141.4957,38.4825]]],[[[141.4934,38.4852],[141.4932,38.4851],[141.4932,38.4852],[141.4934,38.4852]]],[[[141.493,38.4864],[141.493,38.4865],[141.493,38.4864],[141.493,38.4864]]],[[[141.4935,38.4866],[141.4935,38.4866],[141.4935,38.4867],[141.4935,38.4866]]],[[[141.4934,38.4868],[141.4934,38.4868],[141.4934,38.4868],[141.4934,38.4868]]],[[[141.4927,38.4868],[141.4927,38.4869],[141.4927,38.4868],[141.4927,38.4868]]],[[[141.4919,38.4871],[141.4919,38.4871],[141.492,38.4872],[141.4919,38.4871]]],[[[141.4918,38.4877],[141.4918,38.4877],[141.4917,38.4877],[141.4918,38.4877]]],[[[141.4913,38.4892],[141.4913,38.4892],[141.4913,38.4892],[141.4913,38.4892]]],[[[141.4922,38.4896],[141.4923,38.4897],[141.4924,38.4896],[141.4922,38.4896]]],[[[141.494,38.4905],[141.4939,38.4905],[141.4939,38.4905],[141.494,38.4905]]],[[[141.494,38.4908],[141.494,38.4909],[141.4941,38.4909],[141.494,38.4908]]],[[[141.4941,38.4912],[141.4941,38.4912],[141.4941,38.4913],[141.4942,38.4913],[141.4941,38.4912]]],[[[141.4938,38.4915],[141.4939,38.4917],[141.4939,38.4914],[141.4938,38.4915]]],[[[141.4946,38.4923],[141.4946,38.4923],[141.4946,38.4924],[141.4946,38.4923]]],[[[141.4945,38.4925],[141.4945,38.4925],[141.4945,38.4925],[141.4945,38.4925]]],[[[141.4964,38.4938],[141.4964,38.4937],[141.4963,38.4938],[141.4964,38.4938]]],[[[141.4965,38.494],[141.4965,38.494],[141.4965,38.494],[141.4965,38.494]]],[[[141.4965,38.4941],[141.4965,38.4941],[141.4965,38.4941],[141.4965,38.4941]]],[[[141.4966,38.4942],[141.4965,38.4942],[141.4965,38.4943],[141.4966,38.4942]]],[[[141.4964,38.4958],[141.4965,38.4958],[141.4965,38.4957],[141.4964,38.4958]]],[[[141.496,38.496],[141.4963,38.4961],[141.4961,38.496],[141.496,38.496]]],[[[141.496,38.4963],[141.496,38.4963],[141.4959,38.4963],[141.496,38.4963]]],[[[141.4958,38.4964],[141.4958,38.4964],[141.4958,38.4964],[141.4958,38.4964]]],[[[141.4958,38.4965],[141.4959,38.4965],[141.4959,38.4965],[141.4958,38.4965]]],[[[141.496,38.4967],[141.4959,38.4967],[141.4959,38.4967],[141.496,38.4967]]],[[[141.4965,38.4967],[141.4965,38.4967],[141.4964,38.4967],[141.4965,38.4967]]],[[[141.4964,38.4987],[141.4964,38.4987],[141.4964,38.4987],[141.4964,38.4987]]],[[[141.4966,38.4997],[141.4967,38.4998],[141.4967,38.4997],[141.4966,38.4997]]],[[[141.4965,38.4997],[141.4965,38.4997],[141.4965,38.4998],[141.4965,38.4997]]],[[[141.4964,38.4998],[141.4965,38.4998],[141.4964,38.4998],[141.4964,38.4998]]],[[[141.4937,38.5002],[141.4939,38.4999],[141.4936,38.5],[141.4936,38.5001],[141.4937,38.5002]]],[[[141.4965,38.5006],[141.4965,38.5005],[141.4965,38.5005],[141.4965,38.5006]]],[[[141.4963,38.5006],[141.4962,38.5007],[141.4963,38.5007],[141.4963,38.5006]]],[[[141.4961,38.5007],[141.4961,38.5007],[141.4962,38.5007],[141.4961,38.5007]]],[[[141.4966,38.5007],[141.4966,38.5007],[141.4965,38.5007],[141.4966,38.5007]]],[[[141.4963,38.5007],[141.4963,38.5008],[141.4964,38.5007],[141.4963,38.5007]]],[[[141.4949,38.5089],[141.495,38.5088],[141.4949,38.5088],[141.4949,38.5089]]],[[[141.495,38.5089],[141.495,38.5089],[141.495,38.509],[141.495,38.5089]]],[[[141.4951,38.5091],[141.4951,38.509],[141.4951,38.509],[141.4951,38.5091]]],[[[141.4957,38.5093],[141.4957,38.5093],[141.4957,38.5092],[141.4957,38.5093]]],[[[141.4958,38.5094],[141.4958,38.5095],[141.4958,38.5095],[141.4958,38.5094]]],[[[141.4928,38.534],[141.4928,38.534],[141.4928,38.534],[141.4928,38.534]]],[[[141.4926,38.534],[141.4925,38.534],[141.4926,38.534],[141.4926,38.534]]],[[[141.4924,38.534],[141.4924,38.534],[141.4924,38.534],[141.4924,38.534]]],[[[141.4925,38.534],[141.4925,38.534],[141.4925,38.534],[141.4925,38.534]]],[[[141.4927,38.5341],[141.4927,38.534],[141.4927,38.534],[141.4927,38.5341]]],[[[141.4926,38.5341],[141.4926,38.5341],[141.4926,38.534],[141.4926,38.5341]]],[[[141.4924,38.534],[141.4924,38.5341],[141.4924,38.5341],[141.4924,38.534]]],[[[141.4925,38.5341],[141.4925,38.5341],[141.4925,38.5341],[141.4925,38.5341]]],[[[141.4928,38.5341],[141.4928,38.5341],[141.4928,38.5341],[141.4928,38.5341]]],[[[141.4928,38.5341],[141.4927,38.5341],[141.4927,38.5341],[141.4928,38.5341]]],[[[141.4917,38.5362],[141.4917,38.5362],[141.4917,38.5362],[141.4917,38.5362]]],[[[141.4918,38.5563],[141.4918,38.5563],[141.4917,38.5563],[141.4918,38.5563]]],[[[141.491,38.5563],[141.491,38.5563],[141.491,38.5563],[141.491,38.5563]]],[[[141.4915,38.5564],[141.4916,38.5565],[141.4916,38.5564],[141.4915,38.5564]]],[[[141.4932,38.5567],[141.4933,38.5568],[141.4932,38.5566],[141.4932,38.5567]]],[[[141.4938,38.5575],[141.4938,38.5575],[141.4937,38.5575],[141.4938,38.5575]]],[[[141.4938,38.5575],[141.4938,38.5575],[141.4938,38.5575],[141.4938,38.5575]]],[[[141.4937,38.5576],[141.4937,38.5576],[141.4937,38.5576],[141.4937,38.5576]]],[[[141.4939,38.5577],[141.4939,38.5577],[141.4938,38.5577],[141.4939,38.5577]]],[[[141.4917,38.5578],[141.4918,38.558],[141.4918,38.5578],[141.4917,38.5578]]],[[[141.492,38.5563],[141.4924,38.5589],[141.4929,38.559],[141.4941,38.5602],[141.494,38.5592],[141.4943,38.5585],[141.4937,38.5579],[141.4936,38.5575],[141.4938,38.5574],[141.492,38.5563]]],[[[141.4945,38.5592],[141.4944,38.5591],[141.4944,38.5591],[141.4945,38.5592]]],[[[141.4929,38.5592],[141.493,38.5592],[141.4929,38.5591],[141.4929,38.5592]]],[[[141.4942,38.5592],[141.4942,38.5592],[141.4941,38.5592],[141.4942,38.5592]]],[[[141.4944,38.5592],[141.4944,38.5592],[141.4944,38.5592],[141.4944,38.5592]]],[[[141.4931,38.5593],[141.4931,38.5593],[141.4931,38.5593],[141.4931,38.5593]]],[[[141.4918,38.5866],[141.4918,38.5867],[141.4919,38.5866],[141.4918,38.5866]]],[[[141.4909,38.5868],[141.4909,38.5868],[141.4909,38.5868],[141.4909,38.5868]]],[[[141.4916,38.5868],[141.4914,38.5867],[141.4915,38.5869],[141.4916,38.5868]]],[[[141.4918,38.5872],[141.4918,38.5872],[141.4919,38.5872],[141.4918,38.5872]]],[[[141.4917,38.5873],[141.4917,38.5874],[141.4918,38.5871],[141.4916,38.5872],[141.4916,38.5872],[141.4917,38.5873]]],[[[141.4916,38.5873],[141.4915,38.5872],[141.4915,38.5875],[141.4916,38.5873]]],[[[141.4915,38.5875],[141.4914,38.5874],[141.4914,38.5875],[141.4915,38.5875]]],[[[141.4915,38.5875],[141.4915,38.5875],[141.4915,38.5875],[141.4915,38.5875]]],[[[141.4916,38.5876],[141.4916,38.5876],[141.4916,38.5875],[141.4916,38.5876]]],[[[141.4915,38.5878],[141.4915,38.5878],[141.4915,38.5878],[141.4915,38.5878]]],[[[141.4915,38.5878],[141.4916,38.5879],[141.4916,38.5878],[141.4915,38.5878]]],[[[141.4961,38.5885],[141.4961,38.5885],[141.4961,38.5885],[141.4961,38.5885]]],[[[141.4913,38.5885],[141.4912,38.5884],[141.4912,38.5886],[141.4913,38.5885]]],[[[141.4914,38.5886],[141.4913,38.5885],[141.4914,38.5886],[141.4914,38.5886]]],[[[141.4926,38.5887],[141.4926,38.5886],[141.4926,38.5887],[141.4926,38.5887]]],[[[141.4929,38.5887],[141.493,38.5888],[141.493,38.5886],[141.4929,38.5887]]],[[[141.4924,38.5887],[141.4926,38.5888],[141.4924,38.5886],[141.4924,38.5887]]],[[[141.4969,38.5893],[141.4963,38.5884],[141.496,38.5887],[141.4969,38.5893]]],[[[141.4927,38.5888],[141.4927,38.5889],[141.4928,38.5889],[141.4927,38.5888]]],[[[141.4929,38.5888],[141.493,38.5889],[141.493,38.5889],[141.4929,38.5888]]],[[[141.4947,38.5886],[141.4946,38.5887],[141.4951,38.5893],[141.4947,38.5886]]],[[[141.4964,38.5906],[141.4963,38.5906],[141.4963,38.5907],[141.4964,38.5906]]],[[[141.4963,38.5907],[141.4963,38.5907],[141.4963,38.5907],[141.4963,38.5907]]],[[[141.5055,38.2447],[141.5056,38.2447],[141.5055,38.2447],[141.5055,38.2447]]],[[[141.499,38.2449],[141.4989,38.2448],[141.4989,38.2448],[141.499,38.2449]]],[[[141.4987,38.2448],[141.4989,38.2449],[141.4989,38.2449],[141.4987,38.2448]]],[[[141.4988,38.2453],[141.4989,38.2453],[141.4989,38.2452],[141.4988,38.2453]]],[[[141.4976,38.2453],[141.4976,38.2453],[141.4976,38.2454],[141.4976,38.2453]]],[[[141.4988,38.2452],[141.4984,38.2453],[141.4988,38.2454],[141.4988,38.2452]]],[[[141.4981,38.2454],[141.4982,38.2454],[141.4981,38.2454],[141.4981,38.2454]]],[[[141.499,38.2454],[141.4991,38.2454],[141.4991,38.2454],[141.499,38.2454]]],[[[141.4989,38.2455],[141.4989,38.2454],[141.4988,38.2455],[141.4989,38.2455]]],[[[141.4986,38.2454],[141.4985,38.2454],[141.4985,38.2455],[141.4986,38.2454]]],[[[141.499,38.2455],[141.4991,38.2454],[141.4989,38.2455],[141.499,38.2455]]],[[[141.4991,38.2456],[141.499,38.2456],[141.499,38.2456],[141.4991,38.2456]]],[[[141.4998,38.2458],[141.4998,38.2459],[141.4998,38.2459],[141.4998,38.2458]]],[[[141.5013,38.2461],[141.5014,38.2459],[141.5013,38.246],[141.5013,38.2461]]],[[[141.4986,38.2461],[141.4986,38.246],[141.4986,38.246],[141.4986,38.2461]]],[[[141.4982,38.246],[141.4981,38.2461],[141.4982,38.2461],[141.4982,38.246]]],[[[141.5017,38.2461],[141.5015,38.2462],[141.5015,38.2462],[141.5017,38.2461]]],[[[141.499,38.2462],[141.499,38.2462],[141.499,38.2463],[141.499,38.2462]]],[[[141.5015,38.2462],[141.5013,38.2462],[141.5014,38.2463],[141.5015,38.2462]]],[[[141.5,38.2462],[141.5001,38.2463],[141.5001,38.2462],[141.5,38.2462]]],[[[141.5009,38.2467],[141.5012,38.246],[141.5007,38.2459],[141.5009,38.2467]]],[[[141.4973,38.2466],[141.4974,38.2468],[141.4974,38.2467],[141.4973,38.2466]]],[[[141.4968,38.2468],[141.4968,38.2468],[141.4968,38.2467],[141.4968,38.2468]]],[[[141.4969,38.2468],[141.4969,38.2467],[141.4969,38.2467],[141.4969,38.2468]]],[[[141.5014,38.247],[141.5014,38.2469],[141.5013,38.247],[141.5014,38.247]]],[[[141.5017,38.2471],[141.5016,38.2471],[141.5017,38.2471],[141.5017,38.2471]]],[[[141.5014,38.2471],[141.5013,38.2471],[141.5014,38.2471],[141.5014,38.2471]]],[[[141.4972,38.2472],[141.4973,38.2471],[141.4972,38.2471],[141.4972,38.2472]]],[[[141.5012,38.2471],[141.5011,38.2472],[141.5015,38.2474],[141.5012,38.2471]]],[[[141.501,38.2477],[141.5009,38.2476],[141.5009,38.2477],[141.501,38.2477]]],[[[141.501,38.2478],[141.5009,38.2479],[141.501,38.248],[141.501,38.2478]]],[[[141.5004,38.248],[141.5004,38.248],[141.5004,38.248],[141.5004,38.248]]],[[[141.5007,38.2482],[141.5006,38.2481],[141.5006,38.2482],[141.5007,38.2482]]],[[[141.5001,38.2484],[141.5,38.2483],[141.5,38.2484],[141.5001,38.2484]]],[[[141.5003,38.2484],[141.5002,38.2484],[141.5003,38.2485],[141.5003,38.2484]]],[[[141.5006,38.2485],[141.5005,38.2484],[141.5005,38.2485],[141.5006,38.2485]]],[[[141.5011,38.2485],[141.5011,38.2485],[141.5011,38.2485],[141.5011,38.2485]]],[[[141.501,38.2487],[141.5009,38.2487],[141.5009,38.2487],[141.501,38.2487]]],[[[141.4998,38.2489],[141.4998,38.2489],[141.4997,38.2489],[141.4998,38.2489]]],[[[141.4995,38.249],[141.4996,38.2489],[141.4994,38.2489],[141.4995,38.249]]],[[[141.4997,38.2489],[141.4997,38.249],[141.4997,38.249],[141.4997,38.2489]]],[[[141.4998,38.249],[141.4999,38.249],[141.4998,38.249],[141.4998,38.249]]],[[[141.5004,38.2491],[141.5005,38.2491],[141.5005,38.249],[141.5004,38.2491]]],[[[141.4988,38.2498],[141.4988,38.2497],[141.4987,38.2497],[141.4988,38.2498]]],[[[141.4995,38.2498],[141.4996,38.2498],[141.4996,38.2498],[141.4995,38.2498]]],[[[141.4993,38.2499],[141.4994,38.2498],[141.4993,38.2499],[141.4993,38.2499]]],[[[141.4992,38.2499],[141.4992,38.2499],[141.4991,38.2499],[141.4992,38.2499]]],[[[141.4988,38.2503],[141.4989,38.2501],[141.4988,38.2502],[141.4988,38.2503]]],[[[141.4983,38.2502],[141.4984,38.2503],[141.4984,38.2502],[141.4983,38.2502]]],[[[141.4984,38.2509],[141.4986,38.2509],[141.4986,38.2509],[141.4984,38.2509]]],[[[141.4985,38.2512],[141.4986,38.2511],[141.4986,38.2511],[141.4985,38.2512]]],[[[141.4982,38.2533],[141.4982,38.2534],[141.4983,38.2534],[141.4982,38.2533]]],[[[141.4983,38.2537],[141.4982,38.2537],[141.4982,38.2537],[141.4983,38.2537]]],[[[141.4988,38.254],[141.4988,38.254],[141.4988,38.254],[141.4988,38.254]]],[[[141.4984,38.2541],[141.4984,38.2541],[141.4985,38.2541],[141.4984,38.2541]]],[[[141.498,38.2542],[141.4981,38.2542],[141.498,38.2541],[141.498,38.2542]]],[[[141.4979,38.2548],[141.4978,38.2546],[141.4978,38.2546],[141.4979,38.2548]]],[[[141.4994,38.2557],[141.4994,38.2557],[141.4994,38.2557],[141.4994,38.2557]]],[[[141.4976,38.2556],[141.4977,38.2557],[141.4977,38.2556],[141.4976,38.2556]]],[[[141.4995,38.2557],[141.4995,38.2557],[141.4996,38.2557],[141.4995,38.2557]]],[[[141.4988,38.2557],[141.4988,38.2557],[141.4988,38.2557],[141.4988,38.2557]]],[[[141.498,38.2557],[141.4981,38.2557],[141.498,38.2557],[141.498,38.2557]]],[[[141.4994,38.2557],[141.4993,38.2557],[141.4993,38.2557],[141.4994,38.2557]]],[[[141.4976,38.2557],[141.4976,38.2557],[141.4976,38.2557],[141.4976,38.2557]]],[[[141.4986,38.2561],[141.4986,38.256],[141.4986,38.2561],[141.4986,38.2561]]],[[[141.4995,38.2561],[141.4994,38.2561],[141.4994,38.2561],[141.4995,38.2561]]],[[[141.4996,38.2561],[141.4996,38.2562],[141.4996,38.2561],[141.4996,38.2561]]],[[[141.4985,38.2561],[141.4985,38.2563],[141.4985,38.2563],[141.4985,38.2561]]],[[[141.4989,38.2564],[141.4991,38.2564],[141.4991,38.2563],[141.4989,38.2564]]],[[[141.4995,38.2564],[141.4996,38.2565],[141.4995,38.2563],[141.4995,38.2564]]],[[[141.4992,38.2571],[141.4991,38.2572],[141.4992,38.2571],[141.4992,38.2571]]],[[[141.4992,38.2574],[141.4992,38.2574],[141.4992,38.2572],[141.4992,38.2574]]],[[[141.4984,38.2574],[141.4984,38.2573],[141.4983,38.2573],[141.4984,38.2574]]],[[[141.498,38.2578],[141.498,38.2577],[141.498,38.2577],[141.498,38.2578]]],[[[141.4977,38.2914],[141.4978,38.2914],[141.4978,38.2913],[141.4977,38.2914]]],[[[141.498,38.2918],[141.4979,38.2918],[141.4979,38.2918],[141.498,38.2918]]],[[[141.4967,38.2922],[141.4966,38.2921],[141.4967,38.2922],[141.4967,38.2922]]],[[[141.4976,38.2921],[141.4976,38.2922],[141.4976,38.2922],[141.4976,38.2921]]],[[[141.4969,38.2922],[141.4969,38.2922],[141.4968,38.2922],[141.4969,38.2922]]],[[[141.4976,38.2922],[141.4975,38.2922],[141.4976,38.2922],[141.4976,38.2922]]],[[[141.4978,38.2922],[141.4977,38.2923],[141.4978,38.2923],[141.4978,38.2922]]],[[[141.4983,38.2927],[141.4985,38.2928],[141.4984,38.2926],[141.4983,38.2927]]],[[[141.4987,38.2931],[141.4988,38.2931],[141.4987,38.2931],[141.4987,38.2931]]],[[[141.4969,38.3042],[141.4969,38.3041],[141.4969,38.3042],[141.4969,38.3042]]],[[[141.4968,38.3707],[141.4969,38.3707],[141.4968,38.3706],[141.4968,38.3707]]],[[[141.5042,38.3709],[141.5041,38.3708],[141.5041,38.3708],[141.5042,38.3709]]],[[[141.505,38.3709],[141.5049,38.3708],[141.505,38.371],[141.505,38.3709]]],[[[141.5026,38.372],[141.5025,38.3719],[141.5019,38.3714],[141.5026,38.372]]],[[[141.5026,38.3722],[141.5026,38.3723],[141.5027,38.3723],[141.5026,38.3722]]],[[[141.4966,38.3809],[141.497,38.3814],[141.497,38.3814],[141.4966,38.3809]]],[[[141.4967,38.3811],[141.4967,38.3811],[141.4969,38.3814],[141.4967,38.3811]]],[[[141.4975,38.3819],[141.4975,38.3819],[141.4976,38.3819],[141.4975,38.3819]]],[[[141.5029,38.382],[141.5029,38.3821],[141.503,38.3821],[141.5029,38.382]]],[[[141.503,38.3821],[141.503,38.3821],[141.503,38.3821],[141.503,38.3821]]],[[[141.5,38.3828],[141.5,38.3827],[141.5,38.3827],[141.5,38.3828]]],[[[141.4994,38.4791],[141.4996,38.4784],[141.4992,38.4783],[141.4994,38.4791]]],[[[141.5011,38.4793],[141.5011,38.4793],[141.5011,38.4793],[141.5011,38.4793]]],[[[141.4997,38.4793],[141.4998,38.4793],[141.4997,38.4793],[141.4997,38.4793]]],[[[141.4995,38.4795],[141.4995,38.4795],[141.4995,38.4794],[141.4995,38.4795]]],[[[141.5013,38.4794],[141.5016,38.4796],[141.5015,38.4794],[141.5013,38.4794]]],[[[141.4977,38.48],[141.4977,38.48],[141.4977,38.4801],[141.4977,38.48]]],[[[141.4973,38.4803],[141.4975,38.4804],[141.4974,38.4799],[141.4973,38.4803]]],[[[141.5019,38.4804],[141.502,38.4804],[141.5019,38.4803],[141.5019,38.4804]]],[[[141.4993,38.4928],[141.4993,38.4928],[141.4993,38.4928],[141.4993,38.4928]]],[[[141.4988,38.493],[141.4988,38.4929],[141.4987,38.4929],[141.4988,38.493]]],[[[141.4992,38.493],[141.4992,38.493],[141.4993,38.493],[141.4992,38.493]]],[[[141.4988,38.4932],[141.4988,38.4932],[141.4988,38.4931],[141.4988,38.4932]]],[[[141.497,38.4939],[141.4971,38.4939],[141.4971,38.4938],[141.497,38.4939]]],[[[141.4968,38.4942],[141.4968,38.4942],[141.4968,38.4942],[141.4968,38.4942]]],[[[141.4968,38.4947],[141.4969,38.4945],[141.4968,38.4945],[141.4968,38.4947]]],[[[141.4968,38.4948],[141.4968,38.4948],[141.4969,38.4947],[141.4968,38.4948]]],[[[141.4969,38.4949],[141.4969,38.495],[141.4971,38.4949],[141.4969,38.4949]]],[[[141.4967,38.4995],[141.4967,38.4994],[141.4967,38.4994],[141.4967,38.4995]]],[[[141.4967,38.4997],[141.4967,38.4998],[141.4968,38.4997],[141.4967,38.4997]]],[[[141.503,38.5085],[141.503,38.5086],[141.5031,38.5085],[141.503,38.5085]]],[[[141.5036,38.5088],[141.5035,38.5088],[141.5036,38.5089],[141.5036,38.5088]]],[[[141.5028,38.509],[141.5027,38.509],[141.5027,38.509],[141.5028,38.509]]],[[[141.4967,38.5102],[141.4968,38.5102],[141.4968,38.5102],[141.4967,38.5102]]],[[[141.497,38.5103],[141.497,38.5102],[141.497,38.5104],[141.497,38.5103]]],[[[141.4966,38.5102],[141.4966,38.5104],[141.4967,38.5103],[141.4966,38.5102]]],[[[141.5014,38.5103],[141.5014,38.5104],[141.5015,38.5103],[141.5014,38.5103]]],[[[141.5012,38.5105],[141.5013,38.5106],[141.5013,38.5105],[141.5012,38.5105]]],[[[141.4999,38.5108],[141.4998,38.5108],[141.4998,38.5109],[141.4999,38.5108]]],[[[141.5,38.5109],[141.4999,38.5109],[141.4999,38.5109],[141.5,38.5109]]],[[[141.4997,38.5109],[141.4998,38.5109],[141.4998,38.5108],[141.4997,38.5109]]],[[[141.505,38.5345],[141.5051,38.5345],[141.505,38.5345],[141.505,38.5345]]],[[[141.505,38.5346],[141.5051,38.5346],[141.5051,38.5345],[141.505,38.5346]]],[[[141.505,38.5346],[141.505,38.5346],[141.505,38.5346],[141.505,38.5346]]],[[[141.5036,38.5346],[141.5037,38.5346],[141.5036,38.5346],[141.5036,38.5346]]],[[[141.5034,38.5349],[141.5034,38.535],[141.5034,38.5349],[141.5034,38.5349]]],[[[141.5033,38.535],[141.5033,38.535],[141.5033,38.535],[141.5033,38.535]]],[[[141.5025,38.5355],[141.5025,38.5355],[141.5025,38.5355],[141.5025,38.5355]]],[[[141.5003,38.5358],[141.5003,38.536],[141.5004,38.5359],[141.5003,38.5358]]],[[[141.5022,38.536],[141.5021,38.5359],[141.5021,38.5359],[141.5022,38.536]]],[[[141.5017,38.5366],[141.5018,38.5366],[141.5017,38.5365],[141.5017,38.5366]]],[[[141.501,38.5367],[141.5012,38.5366],[141.5008,38.5365],[141.501,38.5367]]],[[[141.5014,38.5367],[141.5014,38.5367],[141.5013,38.5366],[141.5014,38.5367]]],[[[141.4988,38.5895],[141.4989,38.5895],[141.4989,38.5895],[141.4988,38.5895]]],[[[141.499,38.5895],[141.4991,38.5896],[141.499,38.5895],[141.499,38.5895]]],[[[141.497,38.5896],[141.497,38.5895],[141.4963,38.5895],[141.497,38.5896]]],[[[141.4992,38.5904],[141.4992,38.5897],[141.4986,38.5896],[141.4992,38.5904]]],[[[141.4993,38.5904],[141.4993,38.5904],[141.4994,38.5904],[141.4993,38.5904]]],[[[141.4992,38.5905],[141.4992,38.5905],[141.4992,38.5905],[141.4992,38.5905]]],[[[141.499,38.5907],[141.499,38.5907],[141.499,38.5907],[141.499,38.5907]]],[[[141.4969,38.5908],[141.4969,38.5909],[141.4969,38.5909],[141.4969,38.5908]]],[[[141.4966,38.5909],[141.4966,38.5909],[141.4967,38.5909],[141.4966,38.5909]]],[[[141.4977,38.591],[141.4978,38.5909],[141.4977,38.5909],[141.4977,38.591]]],[[[141.4991,38.5912],[141.4994,38.5911],[141.499,38.5909],[141.4991,38.5912]]],[[[141.4997,38.5915],[141.4992,38.5914],[141.4993,38.5921],[141.4998,38.5921],[141.4997,38.5915]],[[141.4994,38.5917],[141.4994,38.5916],[141.4996,38.5918],[141.4994,38.5917]]],[[[141.5018,38.5923],[141.5017,38.5923],[141.5017,38.5924],[141.5018,38.5923]]],[[[141.5014,38.5924],[141.5013,38.5923],[141.5013,38.5924],[141.5014,38.5924]]],[[[141.5014,38.5925],[141.5014,38.5925],[141.5014,38.5925],[141.5014,38.5925]]],[[[141.5015,38.593],[141.5015,38.593],[141.5015,38.5929],[141.5015,38.593]]],[[[141.4995,38.5931],[141.4997,38.5932],[141.4996,38.5931],[141.4995,38.5931]]],[[[141.5016,38.5932],[141.5017,38.5932],[141.5017,38.5931],[141.5016,38.5932]]],[[[141.4997,38.5934],[141.4999,38.5935],[141.4999,38.5934],[141.4997,38.5934]]],[[[141.5014,38.5934],[141.5013,38.5935],[141.5014,38.5935],[141.5014,38.5934]]],[[[141.502,38.5937],[141.5021,38.5937],[141.5021,38.5937],[141.502,38.5937]]],[[[141.5002,38.5937],[141.5002,38.5938],[141.5003,38.5938],[141.5003,38.5937],[141.5002,38.5937]]],[[[141.5003,38.5939],[141.5003,38.5938],[141.5003,38.5939],[141.5003,38.5939]]],[[[141.5026,38.594],[141.5028,38.5938],[141.5025,38.5938],[141.5026,38.594]]],[[[141.504,38.5941],[141.504,38.5942],[141.5041,38.5941],[141.504,38.5941]]],[[[141.5036,38.5942],[141.5035,38.5941],[141.5034,38.5943],[141.5036,38.5942]]],[[[141.5043,38.5945],[141.5038,38.5941],[141.5037,38.5943],[141.5032,38.5944],[141.5043,38.5945]]],[[[141.5042,38.5944],[141.5042,38.5943],[141.5041,38.5944],[141.5042,38.5944]]],[[[141.5027,38.5944],[141.5028,38.5944],[141.5028,38.5944],[141.5027,38.5944]]],[[[141.5041,38.5948],[141.5041,38.5948],[141.5041,38.5948],[141.5041,38.5948]]],[[[141.5046,38.5954],[141.5047,38.5953],[141.5045,38.5953],[141.5046,38.5954]]],[[[141.5046,38.5956],[141.5047,38.5956],[141.5047,38.5955],[141.5046,38.5956]]],[[[141.5043,38.5956],[141.5043,38.5957],[141.5044,38.5957],[141.5044,38.5956],[141.5043,38.5956]]],[[[141.5042,38.5958],[141.5042,38.5957],[141.5042,38.5957],[141.5042,38.5958]]],[[[141.5042,38.5962],[141.5042,38.5962],[141.5042,38.5962],[141.5042,38.5962]]],[[[141.5043,38.5962],[141.5042,38.5962],[141.5042,38.5962],[141.5043,38.5962]]],[[[141.5038,38.5976],[141.5038,38.5976],[141.5038,38.5976],[141.5038,38.5976]]],[[[141.5038,38.5977],[141.5038,38.5977],[141.5038,38.5977],[141.5038,38.5977]]],[[[141.5039,38.598],[141.5039,38.598],[141.5039,38.598],[141.5039,38.598]]],[[[141.5042,38.5985],[141.5037,38.5984],[141.5039,38.5986],[141.5042,38.5985]]],[[[141.5029,38.5988],[141.503,38.5989],[141.5029,38.5987],[141.5029,38.5988]]],[[[141.5028,38.5992],[141.5028,38.5992],[141.5027,38.5992],[141.5028,38.5992]]],[[[141.5129,38.274],[141.5129,38.274],[141.5128,38.274],[141.5129,38.274]]],[[[141.5128,38.2745],[141.5129,38.2745],[141.5129,38.2744],[141.5128,38.2745]]],[[[141.5137,38.2748],[141.5136,38.2745],[141.5135,38.2748],[141.5137,38.2748]]],[[[141.5122,38.2747],[141.5122,38.2747],[141.5122,38.2747],[141.5122,38.2747]]],[[[141.5137,38.275],[141.5138,38.275],[141.5137,38.275],[141.5137,38.275]]],[[[141.512,38.2755],[141.5124,38.2754],[141.5121,38.2748],[141.512,38.2755]]],[[[141.5138,38.2751],[141.5137,38.2752],[141.5138,38.2752],[141.5138,38.2751]]],[[[141.5117,38.2755],[141.5117,38.2754],[141.5117,38.2755],[141.5117,38.2755]]],[[[141.5117,38.2761],[141.5117,38.2762],[141.5117,38.2761],[141.5117,38.2761]]],[[[141.5115,38.2762],[141.5116,38.2762],[141.5116,38.2762],[141.5115,38.2762]]],[[[141.5113,38.2763],[141.5112,38.2764],[141.5112,38.2765],[141.5113,38.2763]]],[[[141.511,38.2771],[141.511,38.2769],[141.5109,38.2769],[141.511,38.2771]]],[[[141.5105,38.2774],[141.5104,38.2774],[141.5105,38.2774],[141.5105,38.2774]]],[[[141.5109,38.2774],[141.5109,38.2774],[141.5109,38.2774],[141.5109,38.2774]]],[[[141.5107,38.2774],[141.5108,38.2775],[141.5108,38.2774],[141.5107,38.2774]]],[[[141.511,38.2774],[141.511,38.2775],[141.511,38.2774],[141.511,38.2774]]],[[[141.5105,38.2775],[141.5106,38.2775],[141.5105,38.2774],[141.5105,38.2775]]],[[[141.5108,38.2778],[141.5109,38.2779],[141.511,38.2778],[141.5108,38.2778]]],[[[141.5104,38.2788],[141.5102,38.2785],[141.5102,38.2788],[141.5104,38.2788]]],[[[141.5104,38.2789],[141.5105,38.2789],[141.5104,38.2789],[141.5104,38.2789]]],[[[141.5104,38.2791],[141.5106,38.279],[141.5105,38.2789],[141.5104,38.2791]]],[[[141.5103,38.279],[141.5103,38.2791],[141.5103,38.2791],[141.5103,38.279]]],[[[141.5104,38.2792],[141.5103,38.2792],[141.5104,38.2792],[141.5104,38.2792]]],[[[141.5105,38.2793],[141.5105,38.2794],[141.5105,38.2794],[141.5105,38.2793]]],[[[141.5096,38.2806],[141.5097,38.2808],[141.5096,38.2806],[141.5096,38.2806]]],[[[141.5095,38.2811],[141.5095,38.2811],[141.5095,38.2811],[141.5095,38.2811]]],[[[141.5094,38.2812],[141.5094,38.2812],[141.5095,38.2813],[141.5094,38.2812]]],[[[141.5093,38.2816],[141.5093,38.2816],[141.5093,38.2816],[141.5093,38.2816]]],[[[141.5096,38.2817],[141.5094,38.2818],[141.5094,38.2818],[141.5096,38.2817]]],[[[141.509,38.2896],[141.5089,38.2896],[141.509,38.2897],[141.509,38.2896]]],[[[141.5091,38.2898],[141.5092,38.2898],[141.5091,38.2897],[141.5091,38.2898]]],[[[141.5097,38.3699],[141.5096,38.3698],[141.5096,38.3698],[141.5097,38.3699]]],[[[141.5106,38.37],[141.5108,38.37],[141.5108,38.37],[141.5106,38.37]]],[[[141.5085,38.3699],[141.5085,38.3701],[141.5086,38.3701],[141.5085,38.3699]]],[[[141.5109,38.37],[141.5108,38.37],[141.5109,38.37],[141.5109,38.37]]],[[[141.5113,38.3701],[141.5112,38.37],[141.5112,38.37],[141.5113,38.3701]]],[[[141.5088,38.3702],[141.5088,38.3702],[141.5087,38.3701],[141.5088,38.3702]]],[[[141.5115,38.3702],[141.5115,38.3702],[141.5115,38.3702],[141.5115,38.3702]]],[[[141.5116,38.3704],[141.5116,38.3704],[141.5116,38.3704],[141.5116,38.3704]]],[[[141.5118,38.3705],[141.5118,38.3704],[141.5117,38.3704],[141.5118,38.3705]]],[[[141.5081,38.3704],[141.5083,38.3707],[141.5083,38.3707],[141.5081,38.3704]]],[[[141.5133,38.3709],[141.5133,38.3709],[141.5132,38.3709],[141.5133,38.3709]]],[[[141.5133,38.3709],[141.5134,38.371],[141.5135,38.3709],[141.5133,38.3709]]],[[[141.5134,38.371],[141.5136,38.3711],[141.5137,38.3711],[141.5134,38.371]]],[[[141.5068,38.3713],[141.5068,38.3712],[141.5068,38.3711],[141.5068,38.3713]]],[[[141.5132,38.3714],[141.5132,38.3714],[141.5132,38.3714],[141.5132,38.3714]]],[[[141.513,38.3714],[141.513,38.3714],[141.513,38.3715],[141.513,38.3714]]],[[[141.5128,38.3715],[141.5128,38.3714],[141.5128,38.3714],[141.5128,38.3715]]],[[[141.5071,38.3715],[141.507,38.3714],[141.507,38.3715],[141.5071,38.3715]]],[[[141.5135,38.3716],[141.5135,38.3716],[141.5135,38.3716],[141.5135,38.3716]]],[[[141.5134,38.3716],[141.5135,38.3717],[141.5134,38.3716],[141.5134,38.3716]]],[[[141.5066,38.3836],[141.5068,38.3839],[141.5069,38.3839],[141.5066,38.3836]]],[[[141.5074,38.3842],[141.5074,38.3841],[141.5073,38.3841],[141.5074,38.3842]]],[[[141.5073,38.3849],[141.5074,38.3849],[141.5074,38.3849],[141.5073,38.3849]]],[[[141.5063,38.3854],[141.5063,38.3854],[141.5063,38.3855],[141.5063,38.3854]]],[[[141.5061,38.3856],[141.5064,38.3858],[141.5062,38.3856],[141.5061,38.3856]]],[[[141.5063,38.3864],[141.5064,38.3864],[141.5063,38.3864],[141.5063,38.3864]]],[[[141.5085,38.3869],[141.5085,38.3869],[141.5085,38.387],[141.5085,38.3869]]],[[[141.5086,38.3872],[141.5086,38.3871],[141.5086,38.3871],[141.5086,38.3872]]],[[[141.5089,38.3874],[141.5087,38.3872],[141.5086,38.3873],[141.5089,38.3874]]],[[[141.5072,38.3875],[141.5072,38.3874],[141.5071,38.3875],[141.5072,38.3875]]],[[[141.5095,38.3882],[141.5094,38.3881],[141.5094,38.3881],[141.5095,38.3882]]],[[[141.5092,38.3884],[141.5093,38.3884],[141.5092,38.3883],[141.5092,38.3884]]],[[[141.5093,38.3886],[141.5094,38.3887],[141.5094,38.3886],[141.5093,38.3886]]],[[[141.5094,38.3888],[141.5094,38.3888],[141.5094,38.3887],[141.5094,38.3888]]],[[[141.5096,38.3888],[141.5095,38.3888],[141.5096,38.3888],[141.5096,38.3888]]],[[[141.5096,38.3891],[141.5097,38.3892],[141.5097,38.3891],[141.5096,38.3891]]],[[[141.5094,38.3908],[141.5094,38.3909],[141.5094,38.391],[141.5094,38.3908]]],[[[141.5127,38.3963],[141.5128,38.3962],[141.5128,38.3962],[141.5127,38.3963]]],[[[141.513,38.3961],[141.5129,38.3962],[141.513,38.3966],[141.513,38.3961]]],[[[141.508,38.3972],[141.5081,38.3973],[141.5081,38.3972],[141.508,38.3972]]],[[[141.5121,38.3985],[141.5125,38.3986],[141.5123,38.3982],[141.5121,38.3985]]],[[[141.5115,38.3992],[141.5115,38.3992],[141.5114,38.3991],[141.5115,38.3992]]],[[[141.5109,38.3995],[141.5108,38.3995],[141.511,38.3997],[141.5109,38.3995]]],[[[141.5114,38.3999],[141.5116,38.3998],[141.5113,38.3994],[141.5114,38.3999]]],[[[141.5125,38.5036],[141.5125,38.5036],[141.5125,38.5036],[141.5125,38.5036]]],[[[141.5126,38.5036],[141.5125,38.5036],[141.5126,38.5036],[141.5126,38.5036]]],[[[141.5101,38.5113],[141.5122,38.5118],[141.5139,38.5109],[141.5101,38.5113]]],[[[141.5093,38.5362],[141.5093,38.5363],[141.5093,38.5363],[141.5093,38.5362]]],[[[141.5089,38.5373],[141.5089,38.5373],[141.5089,38.5373],[141.5089,38.5373]]],[[[141.5099,38.5396],[141.5098,38.5394],[141.5098,38.5395],[141.5099,38.5396]]],[[[141.5102,38.5396],[141.5103,38.5395],[141.5102,38.5396],[141.5102,38.5396]]],[[[141.5104,38.5397],[141.5104,38.5396],[141.5103,38.5396],[141.5104,38.5397]]],[[[141.5117,38.5409],[141.5116,38.5407],[141.5116,38.5407],[141.5117,38.5409]]],[[[141.5117,38.5409],[141.5116,38.5408],[141.5116,38.5408],[141.5117,38.5409]]],[[[141.5129,38.5421],[141.513,38.5421],[141.5129,38.542],[141.5129,38.5421]]],[[[141.5131,38.5426],[141.513,38.5423],[141.5129,38.5423],[141.5131,38.5426]]],[[[141.5111,38.5495],[141.511,38.5496],[141.5111,38.5495],[141.5111,38.5495]]],[[[141.5112,38.5497],[141.5112,38.5497],[141.5112,38.5497],[141.5112,38.5497]]],[[[141.5118,38.5497],[141.5118,38.5497],[141.5117,38.5497],[141.5118,38.5497]]],[[[141.5114,38.5497],[141.5114,38.5497],[141.5114,38.5497],[141.5114,38.5497]]],[[[141.5116,38.5497],[141.5116,38.5497],[141.5117,38.5497],[141.5116,38.5497]]],[[[141.5121,38.55],[141.512,38.5499],[141.512,38.55],[141.5121,38.55]]],[[[141.5126,38.5501],[141.5127,38.5501],[141.5127,38.5501],[141.5126,38.5501]]],[[[141.5122,38.5502],[141.5122,38.5502],[141.5122,38.5502],[141.5122,38.5502]]],[[[141.5128,38.5503],[141.5128,38.5503],[141.5127,38.5501],[141.5128,38.5503]]],[[[141.5122,38.5502],[141.5123,38.5503],[141.5123,38.5503],[141.5122,38.5502]]],[[[141.5127,38.5503],[141.5127,38.5503],[141.5127,38.5502],[141.5127,38.5503]]],[[[141.5123,38.5504],[141.5124,38.5504],[141.5124,38.5504],[141.5123,38.5504]]],[[[141.5105,38.5509],[141.5104,38.5508],[141.5104,38.5509],[141.5105,38.5509]]],[[[141.5102,38.551],[141.5102,38.551],[141.5102,38.551],[141.5102,38.551]]],[[[141.5102,38.5511],[141.5102,38.5511],[141.5102,38.5511],[141.5102,38.5511]]],[[[141.5103,38.5511],[141.5103,38.5511],[141.5103,38.5511],[141.5103,38.5511]]],[[[141.5111,38.5517],[141.5111,38.5518],[141.5111,38.5517],[141.5111,38.5517]]],[[[141.5134,38.5517],[141.5134,38.5518],[141.5134,38.5518],[141.5134,38.5517]]],[[[141.5135,38.5518],[141.5135,38.5517],[141.5135,38.5518],[141.5135,38.5518]]],[[[141.5136,38.5518],[141.5136,38.5518],[141.5136,38.5518],[141.5136,38.5518]]],[[[141.5137,38.5521],[141.5137,38.552],[141.5137,38.5521],[141.5137,38.5521]]],[[[141.5137,38.5521],[141.5137,38.5522],[141.5137,38.5521],[141.5137,38.5521]]],[[[141.5109,38.5515],[141.5133,38.5527],[141.5137,38.5533],[141.5135,38.5555],[141.5167,38.5554],[141.5148,38.5538],[141.5148,38.5537],[141.5119,38.55],[141.5107,38.5497],[141.5109,38.5515]]],[[[141.5132,38.5529],[141.5132,38.5529],[141.5132,38.5529],[141.5132,38.5529]]],[[[141.5134,38.554],[141.5134,38.5539],[141.5134,38.554],[141.5134,38.554]]],[[[141.5133,38.5541],[141.5134,38.554],[141.5134,38.554],[141.5133,38.5541]]],[[[141.5134,38.5547],[141.5134,38.5547],[141.5134,38.5548],[141.5134,38.5547]]],[[[141.5134,38.5552],[141.5134,38.5553],[141.5135,38.5551],[141.5134,38.5552]]],[[[141.5133,38.5552],[141.5133,38.5553],[141.5133,38.5551],[141.5133,38.5552]]],[[[141.5087,38.5981],[141.5087,38.598],[141.5086,38.598],[141.5087,38.5981]]],[[[141.5087,38.5982],[141.5087,38.5983],[141.5088,38.5983],[141.5087,38.5982]]],[[[141.5083,38.5984],[141.5083,38.5983],[141.5083,38.5984],[141.5083,38.5984]]],[[[141.5084,38.5984],[141.5084,38.5983],[141.5084,38.5984],[141.5084,38.5984]]],[[[141.5086,38.5984],[141.5086,38.5984],[141.5086,38.5984],[141.5086,38.5984]]],[[[141.5086,38.5984],[141.5086,38.5984],[141.5086,38.5984],[141.5086,38.5984]]],[[[141.5091,38.5985],[141.5091,38.5985],[141.5091,38.5986],[141.5091,38.5985]]],[[[141.5092,38.5986],[141.5092,38.5986],[141.5091,38.5986],[141.5092,38.5986]]],[[[141.5089,38.5987],[141.5088,38.5986],[141.5089,38.5987],[141.5089,38.5987]]],[[[141.5092,38.5987],[141.5092,38.5987],[141.5092,38.5987],[141.5092,38.5987]]],[[[141.5092,38.5988],[141.5092,38.5988],[141.5093,38.5988],[141.5092,38.5988]]],[[[141.5082,38.5989],[141.5082,38.5989],[141.5081,38.5989],[141.5082,38.5989]]],[[[141.5097,38.5989],[141.5097,38.599],[141.5098,38.5989],[141.5097,38.5989]]],[[[141.5124,38.5989],[141.5124,38.599],[141.5124,38.5989],[141.5124,38.5989]]],[[[141.5096,38.599],[141.5096,38.599],[141.5096,38.599],[141.5096,38.599]]],[[[141.5124,38.599],[141.5123,38.5991],[141.5124,38.5993],[141.5124,38.599]]],[[[141.5077,38.5992],[141.5077,38.5992],[141.5076,38.5991],[141.5077,38.5992]]],[[[141.508,38.5994],[141.508,38.5992],[141.5079,38.5992],[141.508,38.5994]]],[[[141.5105,38.5993],[141.5105,38.5994],[141.5105,38.5993],[141.5105,38.5993]]],[[[141.5079,38.5993],[141.5079,38.5993],[141.5079,38.5994],[141.5079,38.5993]]],[[[141.5083,38.5994],[141.5082,38.5994],[141.5083,38.5994],[141.5083,38.5994]]],[[[141.51,38.5995],[141.5101,38.5994],[141.51,38.5994],[141.51,38.5995]]],[[[141.5099,38.5994],[141.5099,38.5994],[141.5099,38.5995],[141.5099,38.5994]]],[[[141.5101,38.5996],[141.5101,38.5995],[141.5101,38.5995],[141.5101,38.5996]]],[[[141.5096,38.5996],[141.5096,38.5995],[141.5095,38.5996],[141.5096,38.5996]]],[[[141.5066,38.6002],[141.5067,38.6002],[141.5067,38.6002],[141.5066,38.6002]]],[[[141.5103,38.6006],[141.5103,38.6006],[141.5103,38.6006],[141.5103,38.6006]]],[[[141.5103,38.6007],[141.5104,38.6007],[141.5103,38.6007],[141.5103,38.6007]]],[[[141.5103,38.6008],[141.5103,38.6008],[141.5103,38.6008],[141.5103,38.6008]]],[[[141.5103,38.6008],[141.5103,38.6008],[141.5104,38.6008],[141.5103,38.6008]]],[[[141.5114,38.6009],[141.5113,38.6007],[141.5109,38.6009],[141.5114,38.6009]]],[[[141.5104,38.6009],[141.5104,38.6009],[141.5104,38.6008],[141.5104,38.6009]]],[[[141.5069,38.6009],[141.507,38.6009],[141.507,38.6009],[141.5069,38.6009]]],[[[141.5074,38.601],[141.5074,38.601],[141.5074,38.601],[141.5074,38.601]]],[[[141.5113,38.601],[141.5114,38.601],[141.5114,38.601],[141.5113,38.601]]],[[[141.5109,38.6011],[141.5109,38.6011],[141.5108,38.6011],[141.5109,38.6011]]],[[[141.5109,38.6012],[141.5109,38.6012],[141.5108,38.6012],[141.5109,38.6012]]],[[[141.5111,38.6014],[141.5112,38.6014],[141.5111,38.6014],[141.5111,38.6014]]],[[[141.5113,38.6015],[141.5113,38.6015],[141.5113,38.6016],[141.5113,38.6015]]],[[[141.5093,38.602],[141.5094,38.602],[141.5094,38.602],[141.5093,38.602]]],[[[141.5094,38.602],[141.5094,38.6021],[141.5094,38.602],[141.5094,38.602]]],[[[141.5089,38.6028],[141.5089,38.6027],[141.5089,38.6027],[141.5089,38.6028]]],[[[141.5103,38.6033],[141.5103,38.6032],[141.5103,38.6032],[141.5103,38.6033]]],[[[141.5103,38.6034],[141.5104,38.6034],[141.5104,38.6033],[141.5103,38.6034]]],[[[141.5104,38.6036],[141.5103,38.6036],[141.5103,38.6036],[141.5104,38.6036]]],[[[141.5105,38.6037],[141.5105,38.6036],[141.5104,38.6037],[141.5105,38.6037]]],[[[141.5103,38.6037],[141.5103,38.6037],[141.5103,38.6037],[141.5103,38.6037]]],[[[141.5129,38.6041],[141.5129,38.6041],[141.5129,38.6042],[141.5129,38.6041]]],[[[141.5136,38.6041],[141.5137,38.6042],[141.5137,38.6041],[141.5136,38.6041]]],[[[141.5128,38.6044],[141.5129,38.6043],[141.5128,38.6043],[141.5128,38.6044]]],[[[141.5137,38.6044],[141.5137,38.6044],[141.5138,38.6043],[141.5137,38.6044]]],[[[141.5134,38.6044],[141.5134,38.6043],[141.5133,38.6045],[141.5134,38.6044]]],[[[141.5129,38.6044],[141.5129,38.6045],[141.513,38.6044],[141.5129,38.6044]]],[[[141.513,38.6044],[141.513,38.6046],[141.5131,38.6045],[141.513,38.6044]]],[[[141.5135,38.6045],[141.5135,38.6045],[141.5136,38.6046],[141.5135,38.6045]]],[[[141.5119,38.6046],[141.5119,38.6046],[141.5118,38.6046],[141.5119,38.6046]]],[[[141.5128,38.6046],[141.5128,38.6046],[141.5128,38.6046],[141.5128,38.6046]]],[[[141.5136,38.6047],[141.5136,38.6046],[141.5136,38.6047],[141.5136,38.6047]]],[[[141.5135,38.6047],[141.5135,38.6047],[141.5135,38.6047],[141.5135,38.6047]]],[[[141.5134,38.6047],[141.5134,38.6047],[141.5134,38.6046],[141.5134,38.6047]]],[[[141.5118,38.6047],[141.5118,38.6047],[141.5118,38.6047],[141.5118,38.6047]]],[[[141.5137,38.6047],[141.5137,38.6047],[141.5136,38.6047],[141.5137,38.6047]]],[[[141.5135,38.6048],[141.5135,38.6047],[141.5135,38.6047],[141.5135,38.6048]]],[[[141.5171,38.2715],[141.5169,38.272],[141.5172,38.2719],[141.5171,38.2715]]],[[[141.5171,38.2723],[141.5171,38.2721],[141.517,38.2723],[141.5171,38.2723]]],[[[141.517,38.2726],[141.5169,38.2727],[141.517,38.2726],[141.517,38.2726]]],[[[141.5156,38.2737],[141.5157,38.2736],[141.5157,38.2736],[141.5156,38.2737]]],[[[141.5156,38.2739],[141.5158,38.274],[141.5158,38.2737],[141.5156,38.2739]]],[[[141.5138,38.2747],[141.5138,38.2747],[141.5138,38.2747],[141.5138,38.2747]]],[[[141.5139,38.2751],[141.5139,38.2752],[141.514,38.2752],[141.5139,38.2751]]],[[[141.517,38.3687],[141.517,38.3685],[141.517,38.3686],[141.517,38.3687]]],[[[141.5163,38.3687],[141.5163,38.3687],[141.5162,38.3686],[141.5163,38.3687]]],[[[141.5166,38.3688],[141.5166,38.3687],[141.5165,38.3687],[141.5166,38.3688]]],[[[141.517,38.3688],[141.517,38.3687],[141.5169,38.3688],[141.517,38.3688]]],[[[141.5163,38.3688],[141.5163,38.3688],[141.5163,38.3687],[141.5163,38.3688]]],[[[141.5169,38.3688],[141.517,38.3689],[141.517,38.3688],[141.5169,38.3688]]],[[[141.5159,38.3689],[141.516,38.3689],[141.5159,38.3689],[141.5159,38.3689]]],[[[141.5155,38.369],[141.5156,38.369],[141.5155,38.369],[141.5155,38.369]]],[[[141.515,38.3693],[141.5152,38.3695],[141.5152,38.3694],[141.515,38.3693]]],[[[141.5154,38.3695],[141.5155,38.3695],[141.5152,38.3693],[141.5154,38.3695]]],[[[141.5171,38.3694],[141.5171,38.3695],[141.5171,38.3695],[141.5171,38.3694]]],[[[141.5154,38.3696],[141.5154,38.3696],[141.5152,38.3694],[141.5154,38.3696]]],[[[141.5155,38.3696],[141.5155,38.3696],[141.5155,38.3695],[141.5155,38.3696]]],[[[141.5155,38.3697],[141.5156,38.3697],[141.5155,38.3696],[141.5155,38.3697]]],[[[141.5156,38.3698],[141.5157,38.3698],[141.5157,38.3698],[141.5156,38.3698]]],[[[141.5153,38.3705],[141.5153,38.3705],[141.5153,38.3705],[141.5153,38.3705]]],[[[141.5148,38.371],[141.5145,38.3706],[141.5146,38.3709],[141.5148,38.371]]],[[[141.5138,38.371],[141.5138,38.371],[141.514,38.3711],[141.5138,38.371]]],[[[141.5149,38.3711],[141.5148,38.3711],[141.5148,38.3711],[141.5149,38.3711]]],[[[141.5165,38.385],[141.5164,38.385],[141.5165,38.3851],[141.5165,38.385]]],[[[141.5162,38.3851],[141.5161,38.385],[141.5161,38.3851],[141.5162,38.3851]]],[[[141.5161,38.3854],[141.5162,38.3853],[141.5159,38.385],[141.5161,38.3854]]],[[[141.5163,38.3855],[141.5165,38.3854],[141.5162,38.3852],[141.5163,38.3855]]],[[[141.5166,38.3856],[141.5165,38.3855],[141.5165,38.3855],[141.5166,38.3856]]],[[[141.517,38.3862],[141.5171,38.3862],[141.5171,38.3861],[141.517,38.3862]]],[[[141.5164,38.3867],[141.5163,38.3863],[141.5163,38.3866],[141.5164,38.3867]]],[[[141.5168,38.3867],[141.517,38.3867],[141.5168,38.3866],[141.5168,38.3867]]],[[[141.5156,38.4925],[141.5162,38.4927],[141.5158,38.4922],[141.5156,38.4925]]],[[[141.5167,38.4924],[141.5169,38.4926],[141.5168,38.4924],[141.5167,38.4924]]],[[[141.515,38.4931],[141.515,38.4931],[141.5151,38.4933],[141.515,38.4931]]],[[[141.5153,38.4979],[141.5153,38.498],[141.5153,38.498],[141.5153,38.4979]]],[[[141.5153,38.4981],[141.5153,38.498],[141.5152,38.4979],[141.5153,38.4981]]],[[[141.5154,38.4989],[141.5154,38.4989],[141.5154,38.499],[141.5154,38.4989]]],[[[141.5155,38.499],[141.5155,38.499],[141.5155,38.499],[141.5155,38.499]]],[[[141.5154,38.4996],[141.5156,38.4997],[141.5158,38.4995],[141.5154,38.4996]]],[[[141.5158,38.4997],[141.5158,38.4998],[141.5158,38.4998],[141.5158,38.4997]]],[[[141.5162,38.5],[141.5161,38.5],[141.5161,38.5001],[141.5162,38.5]]],[[[141.5154,38.5017],[141.5154,38.5017],[141.5154,38.5018],[141.5154,38.5017]]],[[[141.5144,38.504],[141.5144,38.504],[141.5144,38.504],[141.5144,38.504]]],[[[141.5153,38.5041],[141.5153,38.5041],[141.5153,38.5041],[141.5153,38.5041]]],[[[141.5147,38.5045],[141.5148,38.507],[141.5149,38.5068],[141.5147,38.5045]]],[[[141.5135,38.5085],[141.5137,38.5083],[141.5144,38.507],[141.5135,38.5085]]],[[[141.5169,38.5403],[141.5169,38.5403],[141.517,38.5404],[141.5169,38.5403]]],[[[141.5167,38.5405],[141.5168,38.5405],[141.5168,38.5405],[141.5167,38.5405]]],[[[141.5166,38.5407],[141.5166,38.5407],[141.5166,38.5407],[141.5166,38.5407]]],[[[141.5169,38.5407],[141.517,38.5407],[141.517,38.5407],[141.5169,38.5407]]],[[[141.5167,38.5408],[141.5166,38.5407],[141.5166,38.5407],[141.5167,38.5408]]],[[[141.5167,38.5409],[141.5167,38.5409],[141.5167,38.5408],[141.5167,38.5409]]],[[[141.516,38.5419],[141.516,38.5419],[141.516,38.542],[141.516,38.5419]]],[[[141.5159,38.5433],[141.5158,38.5433],[141.5159,38.5434],[141.5159,38.5433]]],[[[141.5154,38.5434],[141.5156,38.5439],[141.5159,38.5436],[141.5154,38.5434]]],[[[141.5143,38.5446],[141.5143,38.5446],[141.5142,38.5445],[141.5143,38.5446]]],[[[141.5157,38.5446],[141.5159,38.5446],[141.5158,38.5445],[141.5157,38.5446]]],[[[141.5156,38.5446],[141.5157,38.5446],[141.5157,38.5446],[141.5156,38.5446]]],[[[141.5162,38.5446],[141.5161,38.5446],[141.5162,38.5446],[141.5162,38.5446]]],[[[141.5149,38.5448],[141.515,38.5448],[141.515,38.5448],[141.5149,38.5448]]],[[[141.5143,38.5449],[141.5144,38.5449],[141.5145,38.545],[141.5143,38.5449]]],[[[141.5145,38.5452],[141.5146,38.5451],[141.5145,38.5451],[141.5145,38.5452]]],[[[141.5149,38.5448],[141.5147,38.545],[141.5153,38.5456],[141.5149,38.5448]]],[[[141.5154,38.5456],[141.5153,38.5456],[141.5154,38.5457],[141.5154,38.5456]]],[[[141.5143,38.5462],[141.5142,38.5462],[141.5142,38.5463],[141.5143,38.5462]]],[[[141.5143,38.5468],[141.5143,38.5468],[141.5144,38.5468],[141.5143,38.5468]]],[[[141.5144,38.547],[141.5144,38.547],[141.5144,38.547],[141.5145,38.547],[141.5144,38.547]]],[[[141.5145,38.5472],[141.5144,38.5471],[141.5144,38.5472],[141.5145,38.5472]]],[[[141.5139,38.5473],[141.5139,38.5473],[141.5139,38.5473],[141.5139,38.5473]]],[[[141.5143,38.5474],[141.5142,38.5473],[141.5142,38.5474],[141.5143,38.5474]]],[[[141.5138,38.5474],[141.5138,38.5475],[141.5139,38.5474],[141.5138,38.5474]]],[[[141.5151,38.5485],[141.5157,38.5488],[141.5143,38.5474],[141.5151,38.5485]]],[[[141.5157,38.5486],[141.5157,38.5486],[141.5157,38.5486],[141.5157,38.5486]]],[[[141.5152,38.5486],[141.5152,38.5487],[141.5152,38.5486],[141.5152,38.5486]]],[[[141.5158,38.5487],[141.5157,38.5487],[141.5157,38.5487],[141.5158,38.5487]]],[[[141.5152,38.5487],[141.5153,38.5487],[141.5153,38.5487],[141.5152,38.5487]]],[[[141.5154,38.5487],[141.5154,38.5488],[141.5155,38.5488],[141.5154,38.5487]]],[[[141.5154,38.5488],[141.5154,38.5488],[141.5154,38.5489],[141.5154,38.5488]]],[[[141.5148,38.5488],[141.5148,38.5489],[141.5149,38.5489],[141.5148,38.5488]]],[[[141.5156,38.5491],[141.5156,38.5491],[141.5156,38.5491],[141.5156,38.5491]]],[[[141.5138,38.5522],[141.514,38.5523],[141.5139,38.5521],[141.5138,38.5522]]],[[[141.5144,38.5527],[141.5143,38.5527],[141.5143,38.5527],[141.5144,38.5527]]],[[[141.5144,38.553],[141.5144,38.553],[141.5145,38.553],[141.5144,38.553]]],[[[141.5148,38.5536],[141.5148,38.5536],[141.5148,38.5537],[141.5148,38.5536]]],[[[141.5148,38.5538],[141.5148,38.5538],[141.5149,38.5538],[141.5148,38.5538]]],[[[141.5153,38.5539],[141.5153,38.5538],[141.5153,38.5538],[141.5153,38.5539]]],[[[141.5158,38.5543],[141.5156,38.5542],[141.5156,38.5543],[141.5158,38.5543]]],[[[141.5171,38.5546],[141.5171,38.5547],[141.5171,38.5547],[141.5171,38.5546]]],[[[141.5163,38.5547],[141.5163,38.5547],[141.5163,38.5547],[141.5163,38.5547]]],[[[141.5163,38.5547],[141.5163,38.5549],[141.5164,38.5548],[141.5163,38.5547]]],[[[141.5164,38.5549],[141.5165,38.5549],[141.5164,38.5549],[141.5164,38.5549]]],[[[141.5163,38.5557],[141.5163,38.5557],[141.5163,38.5556],[141.5163,38.5557]]],[[[141.5167,38.5557],[141.5167,38.5557],[141.5168,38.5557],[141.5167,38.5557]]],[[[141.5163,38.5558],[141.5164,38.5558],[141.5163,38.5557],[141.5163,38.5558]]],[[[141.5162,38.5557],[141.5163,38.5558],[141.5163,38.5557],[141.5162,38.5557]]],[[[141.5158,38.5558],[141.5158,38.5558],[141.5157,38.5558],[141.5158,38.5558]]],[[[141.5166,38.5559],[141.5165,38.5559],[141.5165,38.5559],[141.5166,38.5559]]],[[[141.5139,38.5559],[141.5139,38.5559],[141.5139,38.5559],[141.5139,38.5559]]],[[[141.5139,38.556],[141.5139,38.556],[141.5139,38.556],[141.5139,38.556]]],[[[141.514,38.5559],[141.514,38.556],[141.514,38.556],[141.514,38.5559]]],[[[141.5158,38.556],[141.5158,38.5559],[141.5157,38.556],[141.5158,38.556]]],[[[141.5153,38.5559],[141.5152,38.5559],[141.5153,38.5561],[141.5153,38.5559]]],[[[141.514,38.556],[141.514,38.556],[141.514,38.556],[141.514,38.556]]],[[[141.5141,38.556],[141.5141,38.5561],[141.5141,38.5561],[141.5141,38.556]]],[[[141.5138,38.5563],[141.514,38.5562],[141.5139,38.556],[141.5138,38.5563]]],[[[141.5168,38.5564],[141.5167,38.5564],[141.5168,38.5564],[141.5168,38.5564]]],[[[141.517,38.557],[141.517,38.557],[141.5171,38.557],[141.517,38.557]]],[[[141.5171,38.5571],[141.5171,38.5571],[141.5171,38.5571],[141.5171,38.5571]]],[[[141.5171,38.5571],[141.5171,38.5571],[141.5171,38.5572],[141.5171,38.5571]]],[[[141.5158,38.5582],[141.5158,38.5582],[141.5158,38.5582],[141.5158,38.5582]]],[[[141.5156,38.5583],[141.5156,38.5583],[141.5156,38.5583],[141.5156,38.5583]]],[[[141.5158,38.5583],[141.5158,38.5583],[141.5158,38.5583],[141.5158,38.5583]]],[[[141.5157,38.5583],[141.5157,38.5583],[141.5157,38.5583],[141.5157,38.5583]]],[[[141.5155,38.5583],[141.5155,38.5583],[141.5156,38.5583],[141.5155,38.5583]]],[[[141.5158,38.5584],[141.5158,38.5584],[141.5159,38.5584],[141.5158,38.5584]]],[[[141.516,38.5584],[141.516,38.5584],[141.516,38.5584],[141.516,38.5584]]],[[[141.5155,38.5585],[141.5155,38.5585],[141.5155,38.5585],[141.5155,38.5585]]],[[[141.516,38.5585],[141.516,38.5585],[141.516,38.5585],[141.516,38.5585]]],[[[141.5154,38.5585],[141.5153,38.5585],[141.5153,38.5585],[141.5154,38.5585]]],[[[141.5155,38.5585],[141.5155,38.5585],[141.5155,38.5585],[141.5155,38.5585]]],[[[141.5163,38.5585],[141.5163,38.5586],[141.5163,38.5585],[141.5163,38.5585]]],[[[141.5146,38.5586],[141.5145,38.5586],[141.5145,38.5586],[141.5146,38.5586]]],[[[141.516,38.5588],[141.5158,38.5584],[141.5154,38.5586],[141.516,38.5588]]],[[[141.5165,38.5586],[141.5164,38.5587],[141.5165,38.5586],[141.5165,38.5586]]],[[[141.5145,38.5587],[141.5145,38.5586],[141.5145,38.5586],[141.5145,38.5587]]],[[[141.5162,38.5586],[141.5162,38.5587],[141.5163,38.5587],[141.5162,38.5586]]],[[[141.5145,38.5587],[141.5144,38.5587],[141.5144,38.5587],[141.5145,38.5587]]],[[[141.5161,38.5588],[141.5161,38.5587],[141.5161,38.5588],[141.5161,38.5588]]],[[[141.5163,38.5588],[141.5162,38.5587],[141.5161,38.5588],[141.5163,38.5588]]],[[[141.5163,38.5589],[141.5162,38.5589],[141.5163,38.5589],[141.5163,38.5589]]],[[[141.5163,38.559],[141.5163,38.5589],[141.5163,38.559],[141.5163,38.559]]],[[[141.5161,38.5591],[141.5161,38.5591],[141.5162,38.5591],[141.5161,38.5591]]],[[[141.5153,38.5592],[141.5154,38.5591],[141.5154,38.5591],[141.5153,38.5592]]],[[[141.5159,38.5592],[141.5158,38.5592],[141.5159,38.5592],[141.5159,38.5592]]],[[[141.5156,38.5592],[141.5155,38.5592],[141.5156,38.5592],[141.5156,38.5592]]],[[[141.5165,38.5591],[141.5164,38.5593],[141.5166,38.5594],[141.5165,38.5591]]],[[[141.5165,38.5597],[141.5165,38.5597],[141.5165,38.5598],[141.5165,38.5597]]],[[[141.5157,38.5602],[141.5158,38.5603],[141.5161,38.5602],[141.5158,38.5601],[141.516,38.5594],[141.5157,38.5602]]],[[[141.5162,38.5598],[141.5164,38.5601],[141.5165,38.5597],[141.5162,38.5598]]],[[[141.5161,38.5601],[141.5161,38.5601],[141.516,38.5601],[141.5161,38.5601]]],[[[141.5155,38.5604],[141.5155,38.5604],[141.5156,38.5605],[141.5155,38.5604]]],[[[141.5154,38.5605],[141.5155,38.5605],[141.5155,38.5605],[141.5154,38.5605]]],[[[141.5148,38.5608],[141.5155,38.5606],[141.5149,38.5605],[141.5148,38.5608]]],[[[141.5156,38.5606],[141.5156,38.5607],[141.5157,38.5606],[141.5156,38.5606]]],[[[141.5147,38.561],[141.515,38.5611],[141.515,38.561],[141.5147,38.561]]],[[[141.5157,38.5611],[141.5156,38.5611],[141.5156,38.5611],[141.5157,38.5611]]],[[[141.5158,38.5612],[141.5158,38.5612],[141.5157,38.5612],[141.5158,38.5612]]],[[[141.515,38.5615],[141.515,38.5615],[141.515,38.5615],[141.515,38.5615]]],[[[141.5155,38.5627],[141.5166,38.5618],[141.515,38.5614],[141.5155,38.5627]]],[[[141.5169,38.5623],[141.5169,38.5623],[141.5169,38.5623],[141.5169,38.5623]]],[[[141.517,38.5624],[141.517,38.5623],[141.5169,38.5623],[141.517,38.5624]]],[[[141.5169,38.5628],[141.5169,38.5628],[141.5169,38.5629],[141.5169,38.5628]]],[[[141.5169,38.563],[141.5169,38.5629],[141.5168,38.5629],[141.5169,38.563]]],[[[141.5168,38.563],[141.5167,38.563],[141.5167,38.563],[141.5168,38.563]]],[[[141.5161,38.5631],[141.5161,38.5631],[141.5161,38.5631],[141.5161,38.5631]]],[[[141.5169,38.5632],[141.5168,38.563],[141.5168,38.5632],[141.5169,38.5632]]],[[[141.5167,38.5632],[141.5167,38.5631],[141.5167,38.5631],[141.5167,38.5632]]],[[[141.5167,38.5632],[141.5166,38.5632],[141.5167,38.5633],[141.5167,38.5632]]],[[[141.5165,38.5632],[141.5166,38.5633],[141.5166,38.5632],[141.5165,38.5632]]],[[[141.5168,38.5633],[141.5168,38.5632],[141.5168,38.5633],[141.5168,38.5633]]],[[[141.5169,38.5634],[141.5169,38.5633],[141.5169,38.5633],[141.5169,38.5634]]],[[[141.5166,38.5635],[141.5167,38.5634],[141.5166,38.5634],[141.5166,38.5635]]],[[[141.5164,38.6037],[141.5164,38.6036],[141.5164,38.6036],[141.5164,38.6037]]],[[[141.5165,38.6037],[141.5165,38.6037],[141.5166,38.6037],[141.5165,38.6037]]],[[[141.515,38.6045],[141.5151,38.6044],[141.515,38.6044],[141.515,38.6045]]],[[[141.5149,38.6045],[141.5149,38.6044],[141.5149,38.6045],[141.5149,38.6045]]],[[[141.5152,38.6045],[141.5152,38.6045],[141.5152,38.6044],[141.5152,38.6045]]],[[[141.5153,38.6045],[141.5154,38.6045],[141.5154,38.6045],[141.5153,38.6045]]],[[[141.5152,38.6046],[141.5152,38.6046],[141.5152,38.6046],[141.5152,38.6046]]],[[[141.5154,38.6046],[141.5153,38.6046],[141.5153,38.6046],[141.5154,38.6046]]],[[[141.5139,38.6046],[141.5139,38.6046],[141.5139,38.6046],[141.5139,38.6046]]],[[[141.5139,38.6046],[141.514,38.6046],[141.5139,38.6046],[141.5139,38.6046]]],[[[141.5154,38.6046],[141.5154,38.6047],[141.5154,38.6047],[141.5154,38.6046]]],[[[141.514,38.6047],[141.5139,38.6046],[141.514,38.6047],[141.514,38.6047]]],[[[141.5145,38.6046],[141.5144,38.6048],[141.5145,38.6048],[141.5145,38.6046]]],[[[141.5139,38.605],[141.5139,38.605],[141.5139,38.605],[141.5139,38.605]]],[[[141.5224,38.2713],[141.5226,38.2712],[141.5225,38.2711],[141.5224,38.2713]]],[[[141.5174,38.2713],[141.5174,38.2715],[141.5175,38.2714],[141.5174,38.2713]]],[[[141.5236,38.2717],[141.5234,38.2715],[141.5235,38.2718],[141.5236,38.2717]]],[[[141.5209,38.2724],[141.5209,38.2723],[141.5208,38.2724],[141.5209,38.2724]]],[[[141.5195,38.2725],[141.5195,38.2726],[141.5195,38.2725],[141.5195,38.2725]]],[[[141.5171,38.2727],[141.5172,38.2726],[141.5172,38.2725],[141.5171,38.2727]]],[[[141.5205,38.2729],[141.5205,38.273],[141.5206,38.2728],[141.5205,38.2729]]],[[[141.5233,38.3503],[141.5234,38.3503],[141.5235,38.3504],[141.5233,38.3503]]],[[[141.5233,38.3511],[141.5235,38.3512],[141.5236,38.3512],[141.5233,38.3511]]],[[[141.5232,38.3516],[141.5236,38.3516],[141.5231,38.3514],[141.5232,38.3516]]],[[[141.5233,38.3518],[141.5233,38.3517],[141.5232,38.3517],[141.5233,38.3518]]],[[[141.5232,38.3519],[141.5233,38.3519],[141.5233,38.3519],[141.5232,38.3519]]],[[[141.5233,38.3518],[141.5237,38.352],[141.5235,38.3519],[141.5233,38.3518]]],[[[141.5234,38.3519],[141.5234,38.352],[141.5234,38.3519],[141.5234,38.3519]]],[[[141.5232,38.352],[141.5232,38.352],[141.5233,38.352],[141.5232,38.352]]],[[[141.5234,38.352],[141.5236,38.3521],[141.5236,38.352],[141.5234,38.352]]],[[[141.5236,38.3522],[141.5235,38.3522],[141.5236,38.3523],[141.5236,38.3522]]],[[[141.5236,38.3523],[141.5236,38.3523],[141.5235,38.3523],[141.5236,38.3523]]],[[[141.5233,38.3524],[141.5234,38.3525],[141.5234,38.3525],[141.5233,38.3524]]],[[[141.5233,38.3526],[141.5234,38.3526],[141.5234,38.3525],[141.5233,38.3526]]],[[[141.5243,38.3575],[141.5227,38.3587],[141.5221,38.3592],[141.5241,38.3582],[141.5243,38.3575]]],[[[141.5198,38.3597],[141.5198,38.3597],[141.5198,38.3596],[141.5198,38.3597]]],[[[141.5201,38.36],[141.5201,38.36],[141.5201,38.36],[141.5201,38.36]]],[[[141.5205,38.3601],[141.5206,38.36],[141.5206,38.3599],[141.5205,38.3601]]],[[[141.5203,38.3602],[141.5203,38.3601],[141.5203,38.3601],[141.5203,38.3602]]],[[[141.5203,38.3601],[141.5203,38.3602],[141.5203,38.3602],[141.5203,38.3601]]],[[[141.5208,38.3603],[141.5207,38.3604],[141.5208,38.3604],[141.5208,38.3603]]],[[[141.5213,38.3605],[141.5213,38.3604],[141.5213,38.3604],[141.5213,38.3605]]],[[[141.521,38.3605],[141.5209,38.3605],[141.5209,38.3606],[141.521,38.3605]]],[[[141.5213,38.3606],[141.5212,38.3606],[141.5212,38.3606],[141.5213,38.3606]]],[[[141.5214,38.3608],[141.5214,38.3607],[141.5214,38.3606],[141.5213,38.3607],[141.5214,38.3608]]],[[[141.5213,38.3607],[141.5212,38.3607],[141.5212,38.3607],[141.5213,38.3607]]],[[[141.5213,38.3608],[141.5213,38.3608],[141.5213,38.3608],[141.5213,38.3608]]],[[[141.521,38.361],[141.521,38.361],[141.521,38.361],[141.521,38.361]]],[[[141.5211,38.361],[141.5211,38.3611],[141.5212,38.3611],[141.5211,38.361]]],[[[141.521,38.3611],[141.521,38.3611],[141.521,38.3611],[141.521,38.3611]]],[[[141.5219,38.3616],[141.5219,38.3616],[141.5219,38.3616],[141.5219,38.3616]]],[[[141.5218,38.3617],[141.5219,38.3617],[141.5219,38.3617],[141.5218,38.3617]]],[[[141.5219,38.362],[141.5219,38.3621],[141.522,38.3621],[141.5219,38.362]]],[[[141.5211,38.3627],[141.5208,38.3628],[141.5212,38.3626],[141.5213,38.3624],[141.5211,38.3627]]],[[[141.5195,38.3627],[141.5196,38.3627],[141.5195,38.3626],[141.5195,38.3627]]],[[[141.5189,38.3626],[141.5189,38.3627],[141.519,38.3627],[141.5189,38.3626]]],[[[141.5193,38.3627],[141.5194,38.3628],[141.5192,38.3626],[141.5193,38.3627]]],[[[141.5192,38.3627],[141.519,38.3627],[141.5192,38.3628],[141.5192,38.3627]]],[[[141.5205,38.3628],[141.5203,38.3628],[141.5203,38.3628],[141.5205,38.3628]]],[[[141.5214,38.3629],[141.5214,38.3628],[141.5214,38.3628],[141.5214,38.3629]]],[[[141.5204,38.3629],[141.5205,38.3629],[141.5206,38.3629],[141.5204,38.3629]]],[[[141.5205,38.3631],[141.52,38.363],[141.5205,38.3632],[141.5205,38.3631]]],[[[141.5189,38.3633],[141.5187,38.363],[141.5186,38.363],[141.5189,38.3633]]],[[[141.5186,38.3633],[141.5185,38.3632],[141.5186,38.3633],[141.5186,38.3633]]],[[[141.5188,38.3633],[141.5188,38.3633],[141.5188,38.3633],[141.5188,38.3633]]],[[[141.5187,38.3639],[141.5187,38.3638],[141.5186,38.3638],[141.5187,38.3639]]],[[[141.5187,38.3639],[141.5186,38.3639],[141.5187,38.3639],[141.5187,38.3639]]],[[[141.5189,38.3643],[141.5191,38.3644],[141.5191,38.3643],[141.5189,38.3643]]],[[[141.5199,38.3651],[141.5197,38.3652],[141.5199,38.3652],[141.5199,38.3651]]],[[[141.5197,38.3653],[141.5197,38.3652],[141.5196,38.3652],[141.5197,38.3653]]],[[[141.5195,38.3654],[141.5195,38.3653],[141.5194,38.3652],[141.5195,38.3654]]],[[[141.5197,38.3653],[141.5197,38.3653],[141.5197,38.3653],[141.5197,38.3653]]],[[[141.5198,38.3657],[141.5197,38.3658],[141.5199,38.3658],[141.5198,38.3657]]],[[[141.5194,38.3657],[141.5194,38.3658],[141.5194,38.3658],[141.5194,38.3657]]],[[[141.5196,38.3658],[141.5197,38.366],[141.5197,38.366],[141.5196,38.3658]]],[[[141.5197,38.3664],[141.5197,38.3663],[141.5196,38.3663],[141.5197,38.3664]]],[[[141.5196,38.3662],[141.5199,38.3665],[141.5197,38.3663],[141.5196,38.3662]]],[[[141.5199,38.367],[141.5197,38.367],[141.5198,38.3672],[141.5199,38.367]]],[[[141.5196,38.3672],[141.5195,38.3672],[141.5196,38.3673],[141.5196,38.3672]]],[[[141.5173,38.3683],[141.5173,38.3682],[141.5173,38.3683],[141.5173,38.3683]]],[[[141.5173,38.3684],[141.5171,38.3683],[141.5171,38.3683],[141.5173,38.3684]]],[[[141.5172,38.3685],[141.5173,38.3687],[141.5174,38.3687],[141.5172,38.3685]]],[[[141.5174,38.3691],[141.5173,38.3691],[141.5174,38.3691],[141.5174,38.3691]]],[[[141.5174,38.3692],[141.5174,38.3692],[141.5174,38.3692],[141.5174,38.3692]]],[[[141.5171,38.3866],[141.5171,38.3866],[141.5171,38.3866],[141.5171,38.3866]]],[[[141.5172,38.3867],[141.5173,38.3868],[141.5172,38.3867],[141.5172,38.3867]]],[[[141.5181,38.3868],[141.518,38.3868],[141.5181,38.3869],[141.5181,38.3868]]],[[[141.5173,38.3869],[141.5174,38.3869],[141.5173,38.3869],[141.5173,38.3869]]],[[[141.5174,38.387],[141.5174,38.387],[141.5174,38.387],[141.5174,38.387]]],[[[141.5176,38.3871],[141.5176,38.3871],[141.5176,38.3871],[141.5176,38.3871]]],[[[141.5178,38.3873],[141.5178,38.3871],[141.5178,38.3871],[141.5178,38.3873]]],[[[141.5234,38.3873],[141.5237,38.3871],[141.5234,38.3872],[141.5234,38.3872],[141.5234,38.3873]]],[[[141.5199,38.3872],[141.5198,38.3872],[141.5198,38.3873],[141.5199,38.3872]]],[[[141.5233,38.3874],[141.5234,38.3872],[141.5232,38.3873],[141.5233,38.3874]]],[[[141.518,38.3873],[141.518,38.3875],[141.5181,38.3874],[141.518,38.3873]]],[[[141.5229,38.3874],[141.5228,38.3874],[141.5228,38.3875],[141.5229,38.3874]]],[[[141.5202,38.3875],[141.52,38.3873],[141.52,38.3875],[141.52,38.3876],[141.5202,38.3875]]],[[[141.5181,38.3875],[141.5182,38.3875],[141.5181,38.3874],[141.5181,38.3875]]],[[[141.5182,38.3877],[141.5182,38.3877],[141.5182,38.3877],[141.5182,38.3877]]],[[[141.5187,38.3878],[141.5189,38.388],[141.5189,38.388],[141.5187,38.3878]]],[[[141.5212,38.3885],[141.5211,38.3884],[141.5213,38.3886],[141.5212,38.3885]]],[[[141.5181,38.3941],[141.5182,38.3941],[141.518,38.3939],[141.5181,38.3941]]],[[[141.5174,38.3941],[141.5174,38.3941],[141.5174,38.3941],[141.5174,38.3941]]],[[[141.521,38.3941],[141.5208,38.3942],[141.521,38.3943],[141.521,38.3941]]],[[[141.5208,38.3942],[141.5208,38.3942],[141.5208,38.3942],[141.5208,38.3942]]],[[[141.5209,38.3943],[141.5209,38.3943],[141.5208,38.3943],[141.5209,38.3943]]],[[[141.521,38.3943],[141.521,38.3943],[141.5211,38.3943],[141.521,38.3943]]],[[[141.5197,38.3942],[141.5198,38.3944],[141.5199,38.3945],[141.5197,38.3942]]],[[[141.5196,38.3948],[141.5195,38.3948],[141.5196,38.3948],[141.5196,38.3948]]],[[[141.5225,38.3948],[141.5225,38.3948],[141.5225,38.3948],[141.5225,38.3948]]],[[[141.5195,38.3949],[141.5195,38.3948],[141.5194,38.3948],[141.5195,38.3949]]],[[[141.5196,38.395],[141.5196,38.3949],[141.5195,38.3949],[141.5196,38.395]]],[[[141.5193,38.3949],[141.5191,38.395],[141.5192,38.395],[141.5193,38.3949]]],[[[141.5198,38.395],[141.5199,38.3952],[141.52,38.3952],[141.5198,38.395]]],[[[141.5198,38.3952],[141.5197,38.3951],[141.5197,38.3952],[141.5198,38.3952]]],[[[141.5193,38.3954],[141.5194,38.3952],[141.5192,38.3951],[141.5193,38.3954]]],[[[141.5227,38.3952],[141.5229,38.3954],[141.5228,38.3952],[141.5227,38.3952]]],[[[141.5199,38.3953],[141.5198,38.3953],[141.5198,38.3953],[141.5199,38.3953]]],[[[141.5172,38.3954],[141.5172,38.3953],[141.5171,38.3953],[141.5172,38.3954]]],[[[141.5231,38.3954],[141.523,38.3955],[141.5233,38.3955],[141.5231,38.3954]]],[[[141.5231,38.3966],[141.5231,38.3965],[141.523,38.3966],[141.5231,38.3966]]],[[[141.5229,38.4736],[141.5229,38.4736],[141.5229,38.4736],[141.5229,38.4736]]],[[[141.5227,38.4737],[141.5227,38.4737],[141.5227,38.4737],[141.5227,38.4737]]],[[[141.5229,38.4737],[141.5229,38.4737],[141.5229,38.4737],[141.5229,38.4737]]],[[[141.5228,38.4737],[141.5228,38.4737],[141.5228,38.4737],[141.5228,38.4737]]],[[[141.523,38.4737],[141.5231,38.4737],[141.5231,38.4737],[141.523,38.4737]]],[[[141.5227,38.4737],[141.5228,38.4738],[141.5228,38.4737],[141.5227,38.4737]]],[[[141.523,38.4738],[141.523,38.4738],[141.523,38.4737],[141.523,38.4738]]],[[[141.5226,38.4739],[141.5226,38.4739],[141.5227,38.4739],[141.5226,38.4739]]],[[[141.5226,38.474],[141.5227,38.474],[141.5227,38.474],[141.5226,38.474]]],[[[141.5226,38.474],[141.5225,38.4741],[141.5226,38.4741],[141.5226,38.474]]],[[[141.5234,38.491],[141.5233,38.4909],[141.5234,38.491],[141.5234,38.491]]],[[[141.5174,38.4925],[141.5173,38.4926],[141.5174,38.4925],[141.5174,38.4925]]],[[[141.5173,38.4927],[141.5173,38.4927],[141.5174,38.4926],[141.5173,38.4927]]],[[[141.5172,38.4927],[141.5172,38.4927],[141.5172,38.4927],[141.5172,38.4927]]],[[[141.5178,38.4928],[141.5178,38.4928],[141.5178,38.4928],[141.5178,38.4928]]],[[[141.5185,38.4935],[141.5185,38.4935],[141.5185,38.4934],[141.5185,38.4935]]],[[[141.5209,38.4941],[141.5209,38.4943],[141.5211,38.4943],[141.5209,38.4941]]],[[[141.5211,38.4941],[141.5211,38.4943],[141.5212,38.4943],[141.5211,38.4941]]],[[[141.5199,38.4943],[141.5199,38.4944],[141.5199,38.4943],[141.5199,38.4943]]],[[[141.5233,38.4944],[141.5233,38.4945],[141.5233,38.4945],[141.5233,38.4944]]],[[[141.5209,38.4945],[141.521,38.4945],[141.521,38.4945],[141.5209,38.4945]]],[[[141.5236,38.4945],[141.5237,38.4945],[141.5237,38.4945],[141.5236,38.4945]]],[[[141.5199,38.4946],[141.52,38.4945],[141.5199,38.4944],[141.5199,38.4946]]],[[[141.5179,38.5403],[141.5179,38.5402],[141.5179,38.5403],[141.5179,38.5403]]],[[[141.5179,38.5403],[141.5179,38.5403],[141.518,38.5403],[141.5179,38.5403]]],[[[141.5179,38.5404],[141.5179,38.5403],[141.5179,38.5404],[141.5179,38.5404]]],[[[141.518,38.5403],[141.518,38.5404],[141.5181,38.5404],[141.518,38.5403]]],[[[141.5179,38.5405],[141.518,38.5404],[141.5179,38.5404],[141.5179,38.5405]]],[[[141.5181,38.5405],[141.518,38.5405],[141.5181,38.5405],[141.5181,38.5405]]],[[[141.5227,38.5416],[141.5227,38.5417],[141.5227,38.5416],[141.5227,38.5416]]],[[[141.5231,38.5421],[141.5233,38.5421],[141.5233,38.542],[141.5231,38.5421]]],[[[141.5177,38.5568],[141.5177,38.5567],[141.5174,38.5566],[141.5177,38.5568]]],[[[141.5178,38.5568],[141.5177,38.5568],[141.5177,38.5568],[141.5178,38.5568]]],[[[141.5171,38.5574],[141.5171,38.5575],[141.5171,38.5575],[141.5171,38.5574]]],[[[141.5176,38.604],[141.5174,38.6041],[141.5175,38.6042],[141.5176,38.604]]],[[[141.5173,38.6042],[141.5172,38.6041],[141.5172,38.6042],[141.5173,38.6042]]],[[[141.5183,38.6045],[141.5183,38.6045],[141.5183,38.6045],[141.5183,38.6045]]],[[[141.5184,38.6045],[141.5183,38.6045],[141.5183,38.6046],[141.5184,38.6045]]],[[[141.5183,38.6045],[141.5183,38.6045],[141.5183,38.6046],[141.5183,38.6045]]],[[[141.5184,38.6047],[141.5184,38.6047],[141.5185,38.6046],[141.5184,38.6047]]],[[[141.5185,38.6049],[141.5186,38.6049],[141.5185,38.6048],[141.5185,38.6049]]],[[[141.5188,38.6049],[141.5189,38.6049],[141.5188,38.6049],[141.5188,38.6049]]],[[[141.5188,38.6049],[141.5188,38.605],[141.5188,38.6049],[141.5188,38.6049]]],[[[141.5186,38.605],[141.5185,38.605],[141.5185,38.6051],[141.5186,38.605]]],[[[141.5188,38.6051],[141.5189,38.6052],[141.5189,38.605],[141.5189,38.605],[141.5188,38.6051]]],[[[141.5184,38.6053],[141.5185,38.6054],[141.5185,38.6053],[141.5184,38.6053]]],[[[141.5185,38.6054],[141.5185,38.6054],[141.5185,38.6054],[141.5185,38.6054]]],[[[141.5186,38.6055],[141.5186,38.6054],[141.5185,38.6055],[141.5186,38.6055]]],[[[141.5185,38.6056],[141.5186,38.6056],[141.5186,38.6056],[141.5185,38.6056]]],[[[141.5222,38.6056],[141.5222,38.6057],[141.5223,38.6056],[141.5222,38.6056]]],[[[141.5187,38.6057],[141.5187,38.6057],[141.5186,38.6057],[141.5187,38.6057]]],[[[141.5218,38.6057],[141.5218,38.6058],[141.5219,38.6057],[141.5218,38.6057]]],[[[141.5221,38.6059],[141.5222,38.6058],[141.5221,38.6058],[141.5221,38.6059]]],[[[141.5226,38.6057],[141.522,38.606],[141.5227,38.6062],[141.5226,38.6057]]],[[[141.5227,38.606],[141.5228,38.6061],[141.5228,38.606],[141.5227,38.606]]],[[[141.5228,38.6061],[141.5228,38.6061],[141.5228,38.6061],[141.5228,38.6061]]],[[[141.5227,38.6061],[141.5227,38.6061],[141.5227,38.6061],[141.5227,38.6061]]],[[[141.5197,38.6063],[141.5197,38.6063],[141.5198,38.6062],[141.5197,38.6063]]],[[[141.5193,38.6072],[141.5193,38.6071],[141.5192,38.6071],[141.5193,38.6072]]],[[[141.5234,38.6075],[141.5237,38.6076],[141.5236,38.6074],[141.5234,38.6075]]],[[[141.5235,38.6076],[141.5235,38.6076],[141.5234,38.6076],[141.5235,38.6076]]],[[[141.5203,38.6077],[141.5214,38.6081],[141.5215,38.608],[141.5203,38.6077]]],[[[141.5233,38.6081],[141.5236,38.608],[141.5233,38.6079],[141.5233,38.6081]]],[[[141.5234,38.6082],[141.5236,38.6088],[141.5236,38.6082],[141.5234,38.6082]]],[[[141.5233,38.6086],[141.5233,38.6086],[141.5233,38.6086],[141.5233,38.6086]]],[[[141.5231,38.6087],[141.5233,38.6088],[141.5232,38.6087],[141.5231,38.6087]]],[[[141.5236,38.609],[141.5237,38.6089],[141.5236,38.6089],[141.5236,38.609]]],[[[141.5231,38.6091],[141.5233,38.6088],[141.523,38.6088],[141.5231,38.6091]]],[[[141.5226,38.609],[141.5227,38.609],[141.5226,38.609],[141.5226,38.609]]],[[[141.5227,38.6091],[141.5227,38.609],[141.5227,38.609],[141.5227,38.6091]]],[[[141.5234,38.6094],[141.5234,38.6094],[141.5234,38.6094],[141.5234,38.6094]]],[[[141.5235,38.6095],[141.5234,38.6094],[141.5234,38.6095],[141.5235,38.6095]]],[[[141.5238,38.2715],[141.5238,38.2715],[141.5238,38.2715],[141.5238,38.2715]]],[[[141.5237,38.2715],[141.5238,38.2717],[141.5238,38.2715],[141.5237,38.2715]]],[[[141.5237,38.272],[141.5238,38.272],[141.5238,38.2719],[141.5237,38.272]]],[[[141.5246,38.2723],[141.5246,38.2723],[141.5247,38.2723],[141.5246,38.2723]]],[[[141.5237,38.2749],[141.5239,38.2746],[141.5236,38.2748],[141.5237,38.2749]]],[[[141.5251,38.2773],[141.525,38.2774],[141.5253,38.2773],[141.5251,38.2773]]],[[[141.5255,38.2787],[141.5259,38.279],[141.5261,38.2788],[141.5255,38.2787]]],[[[141.5255,38.2789],[141.5255,38.279],[141.5255,38.2789],[141.5255,38.2789]]],[[[141.5255,38.2791],[141.5255,38.2791],[141.5255,38.2791],[141.5255,38.2791]]],[[[141.5262,38.2795],[141.5257,38.2795],[141.5258,38.2797],[141.5262,38.2795]]],[[[141.5257,38.2801],[141.5251,38.2803],[141.5255,38.2803],[141.5257,38.2801]]],[[[141.5252,38.2806],[141.5252,38.2805],[141.5252,38.2805],[141.5252,38.2806]]],[[[141.5253,38.2807],[141.5253,38.2807],[141.5252,38.2807],[141.5253,38.2807]]],[[[141.5249,38.2819],[141.5248,38.2819],[141.5248,38.2819],[141.5249,38.2819]]],[[[141.5251,38.282],[141.5251,38.282],[141.5249,38.2819],[141.5251,38.282]]],[[[141.5248,38.282],[141.5248,38.282],[141.5247,38.282],[141.5248,38.282]]],[[[141.5251,38.2821],[141.5253,38.2822],[141.5253,38.2822],[141.5251,38.2821]]],[[[141.5251,38.2823],[141.5252,38.2823],[141.5251,38.2823],[141.5251,38.2823]]],[[[141.5248,38.2826],[141.5248,38.2826],[141.5247,38.2827],[141.5248,38.2826]]],[[[141.5252,38.2832],[141.5254,38.2828],[141.5249,38.2829],[141.5252,38.2832]]],[[[141.5252,38.2842],[141.5252,38.2843],[141.5252,38.2842],[141.5252,38.2842]]],[[[141.5251,38.2844],[141.5252,38.2843],[141.5251,38.2843],[141.5251,38.2844]]],[[[141.5255,38.286],[141.5254,38.2859],[141.5254,38.286],[141.5255,38.286]]],[[[141.5249,38.2867],[141.5249,38.2867],[141.5249,38.2867],[141.5249,38.2867]]],[[[141.5249,38.2868],[141.5249,38.2868],[141.5248,38.2868],[141.5249,38.2868]]],[[[141.5249,38.2868],[141.5249,38.2868],[141.5249,38.2868],[141.5249,38.2868]]],[[[141.5248,38.2869],[141.5249,38.2869],[141.5249,38.2869],[141.5248,38.2869]]],[[[141.5248,38.2869],[141.5248,38.2869],[141.5248,38.2869],[141.5248,38.2869]]],[[[141.5255,38.2872],[141.5255,38.2871],[141.5255,38.2872],[141.5255,38.2872]]],[[[141.5252,38.2874],[141.5253,38.2874],[141.5253,38.2874],[141.5252,38.2874]]],[[[141.5251,38.2874],[141.525,38.2874],[141.5251,38.2874],[141.5251,38.2874]]],[[[141.5262,38.2874],[141.526,38.2874],[141.5262,38.2875],[141.5262,38.2874]]],[[[141.5252,38.2874],[141.5253,38.2875],[141.5254,38.2874],[141.5252,38.2874]]],[[[141.5255,38.2892],[141.5256,38.2891],[141.5255,38.2891],[141.5255,38.2892]]],[[[141.526,38.2894],[141.5261,38.2895],[141.5262,38.2894],[141.526,38.2894]]],[[[141.5259,38.2906],[141.5259,38.2906],[141.5259,38.2907],[141.5259,38.2906]]],[[[141.5261,38.2908],[141.526,38.2908],[141.526,38.2908],[141.5261,38.2908]]],[[[141.5259,38.2936],[141.5259,38.2936],[141.526,38.2936],[141.5259,38.2936]]],[[[141.525,38.3263],[141.525,38.3263],[141.525,38.3263],[141.525,38.3263]]],[[[141.5253,38.3265],[141.5253,38.3265],[141.5253,38.3265],[141.5253,38.3265]]],[[[141.5252,38.3269],[141.5252,38.3269],[141.5253,38.3269],[141.5252,38.3269]]],[[[141.5253,38.3271],[141.5253,38.3271],[141.5253,38.3271],[141.5253,38.3271]]],[[[141.5253,38.3271],[141.5253,38.3271],[141.5252,38.3271],[141.5253,38.3271]]],[[[141.5254,38.3271],[141.5253,38.3271],[141.5254,38.3271],[141.5254,38.3271]]],[[[141.5254,38.3469],[141.5254,38.3469],[141.5254,38.3469],[141.5254,38.3469]]],[[[141.5255,38.3471],[141.5256,38.3471],[141.5255,38.3471],[141.5255,38.3471]]],[[[141.5259,38.347],[141.5256,38.3471],[141.5257,38.3473],[141.5259,38.347]]],[[[141.5255,38.3474],[141.5256,38.3473],[141.5255,38.3473],[141.5255,38.3474]]],[[[141.5258,38.3473],[141.5258,38.3474],[141.5258,38.3474],[141.5258,38.3473]]],[[[141.5257,38.3475],[141.5257,38.3474],[141.5256,38.3474],[141.5257,38.3475]]],[[[141.5255,38.3475],[141.5256,38.3474],[141.5255,38.3474],[141.5255,38.3475]]],[[[141.5261,38.3474],[141.526,38.3475],[141.5261,38.3475],[141.5261,38.3474]]],[[[141.5259,38.3475],[141.5259,38.3475],[141.5259,38.3476],[141.5259,38.3475]]],[[[141.5256,38.3476],[141.5256,38.3476],[141.5256,38.3476],[141.5256,38.3476]]],[[[141.5246,38.3477],[141.5247,38.3477],[141.5247,38.3477],[141.5246,38.3477]]],[[[141.5245,38.3477],[141.5245,38.3477],[141.5246,38.3477],[141.5245,38.3477]]],[[[141.5245,38.3481],[141.5244,38.3481],[141.5243,38.3481],[141.5245,38.3481]]],[[[141.5246,38.3485],[141.5246,38.3486],[141.5246,38.3486],[141.5246,38.3485]]],[[[141.5251,38.3486],[141.5251,38.3485],[141.5251,38.3486],[141.5251,38.3486]]],[[[141.5241,38.3496],[141.5242,38.3496],[141.5242,38.3495],[141.5241,38.3496]]],[[[141.5242,38.3495],[141.5242,38.3497],[141.5242,38.3498],[141.5242,38.3495]]],[[[141.5245,38.3496],[141.5245,38.3496],[141.5244,38.3498],[141.5245,38.3496]]],[[[141.5247,38.3496],[141.5245,38.35],[141.5246,38.3499],[141.5247,38.3496]]],[[[141.5245,38.3497],[141.5244,38.35],[141.5246,38.3497],[141.5245,38.3497]]],[[[141.5246,38.35],[141.5247,38.3498],[141.5247,38.3498],[141.5246,38.35]]],[[[141.525,38.3499],[141.525,38.3499],[141.5248,38.3501],[141.525,38.3499]]],[[[141.5247,38.35],[141.5247,38.35],[141.5247,38.35],[141.5247,38.35]]],[[[141.5246,38.35],[141.5246,38.35],[141.5246,38.35],[141.5246,38.35]]],[[[141.5248,38.3502],[141.5248,38.3502],[141.5248,38.3502],[141.5248,38.3502]]],[[[141.5237,38.3525],[141.5237,38.3524],[141.5237,38.3524],[141.5237,38.3525]]],[[[141.5239,38.3525],[141.5242,38.3527],[141.5243,38.3527],[141.5239,38.3525]]],[[[141.5251,38.3527],[141.5251,38.3527],[141.5251,38.3526],[141.5251,38.3527]]],[[[141.5241,38.3527],[141.524,38.3527],[141.524,38.3527],[141.5241,38.3527]]],[[[141.525,38.3528],[141.525,38.3527],[141.5249,38.3527],[141.525,38.3528]]],[[[141.524,38.3528],[141.524,38.3528],[141.524,38.3529],[141.524,38.3528]]],[[[141.5253,38.3529],[141.5254,38.3529],[141.5253,38.3529],[141.5253,38.3529]]],[[[141.5253,38.353],[141.5253,38.353],[141.5253,38.353],[141.5253,38.353]]],[[[141.5248,38.3531],[141.5249,38.353],[141.5248,38.3531],[141.5248,38.3531]]],[[[141.5252,38.3531],[141.5252,38.3531],[141.5252,38.3531],[141.5252,38.3531]]],[[[141.5257,38.3531],[141.5257,38.3532],[141.5257,38.3531],[141.5257,38.3531]]],[[[141.5255,38.3531],[141.5255,38.3532],[141.5255,38.3532],[141.5255,38.3531]]],[[[141.5251,38.3532],[141.525,38.3531],[141.5247,38.3531],[141.5248,38.3533],[141.5251,38.3532]]],[[[141.5243,38.3533],[141.5242,38.3532],[141.5242,38.3532],[141.5243,38.3533]]],[[[141.5261,38.3533],[141.526,38.3533],[141.526,38.3533],[141.5261,38.3533]]],[[[141.5254,38.3534],[141.5255,38.3533],[141.5254,38.3532],[141.5254,38.3534]]],[[[141.5252,38.3534],[141.5252,38.3534],[141.5252,38.3533],[141.5252,38.3534]]],[[[141.5251,38.3534],[141.5252,38.3534],[141.525,38.3533],[141.5251,38.3534]]],[[[141.5255,38.3534],[141.5254,38.3534],[141.5255,38.3535],[141.5255,38.3534]]],[[[141.5257,38.3534],[141.5258,38.3535],[141.5258,38.3534],[141.5257,38.3534]]],[[[141.5246,38.3536],[141.5245,38.3536],[141.5244,38.3536],[141.5246,38.3536]]],[[[141.5244,38.3538],[141.5247,38.3539],[141.5245,38.3538],[141.5244,38.3538]]],[[[141.5242,38.3538],[141.5243,38.3539],[141.5243,38.3539],[141.5242,38.3538]]],[[[141.5247,38.3538],[141.5248,38.3539],[141.5248,38.3539],[141.5247,38.3538]]],[[[141.525,38.3539],[141.525,38.3539],[141.5249,38.3538],[141.525,38.3539]]],[[[141.5241,38.3546],[141.524,38.3547],[141.5242,38.3548],[141.5241,38.3546]]],[[[141.524,38.355],[141.5243,38.355],[141.524,38.355],[141.524,38.355]]],[[[141.5248,38.355],[141.5248,38.355],[141.5248,38.355],[141.5248,38.355]]],[[[141.5245,38.3551],[141.5244,38.3551],[141.5245,38.3552],[141.5245,38.3551]]],[[[141.5244,38.3553],[141.5242,38.3553],[141.5244,38.3553],[141.5244,38.3553]]],[[[141.524,38.356],[141.524,38.3559],[141.524,38.3561],[141.524,38.356]]],[[[141.5239,38.3563],[141.5239,38.356],[141.5238,38.3563],[141.5239,38.3563]]],[[[141.5256,38.3564],[141.5256,38.3563],[141.5256,38.3564],[141.5256,38.3564]]],[[[141.526,38.3565],[141.5261,38.3565],[141.526,38.3563],[141.526,38.3565]]],[[[141.5255,38.3564],[141.5256,38.3564],[141.5256,38.3564],[141.5255,38.3564]]],[[[141.5255,38.3565],[141.5256,38.3565],[141.5255,38.3565],[141.5255,38.3565]]],[[[141.5259,38.3565],[141.5259,38.3565],[141.5259,38.3565],[141.5259,38.3565]]],[[[141.5258,38.3565],[141.5258,38.3565],[141.5257,38.3565],[141.5258,38.3565]]],[[[141.5239,38.3567],[141.5238,38.3566],[141.5238,38.3567],[141.5239,38.3567]]],[[[141.5243,38.3567],[141.5243,38.3568],[141.5243,38.3568],[141.5243,38.3567]]],[[[141.5242,38.3567],[141.5241,38.3568],[141.5242,38.3568],[141.5242,38.3567]]],[[[141.5243,38.3568],[141.5242,38.3568],[141.5242,38.3568],[141.5243,38.3568]]],[[[141.5242,38.3569],[141.5242,38.3569],[141.5242,38.3569],[141.5242,38.3569]]],[[[141.5243,38.3569],[141.5242,38.3569],[141.5242,38.357],[141.5243,38.3569]]],[[[141.5243,38.357],[141.5243,38.357],[141.5243,38.357],[141.5243,38.357]]],[[[141.5243,38.3571],[141.5244,38.357],[141.5244,38.357],[141.5243,38.3571]]],[[[141.5242,38.3571],[141.5242,38.3571],[141.5243,38.3571],[141.5242,38.3571]]],[[[141.5249,38.3574],[141.5252,38.357],[141.5251,38.3569],[141.5249,38.357],[141.5249,38.3574]]],[[[141.524,38.3569],[141.5239,38.3571],[141.5239,38.3575],[141.524,38.3569]]],[[[141.5255,38.3572],[141.5255,38.3572],[141.5255,38.3572],[141.5255,38.3572]]],[[[141.5255,38.3574],[141.5256,38.3573],[141.5255,38.3573],[141.5255,38.3574]]],[[[141.5242,38.3573],[141.5242,38.3574],[141.5243,38.3573],[141.5242,38.3573]]],[[[141.5255,38.3575],[141.5255,38.3575],[141.5256,38.3575],[141.5255,38.3575]]],[[[141.5257,38.3575],[141.5257,38.3575],[141.5257,38.3575],[141.5257,38.3575]]],[[[141.5254,38.3576],[141.5254,38.3575],[141.5254,38.3575],[141.5254,38.3576]]],[[[141.5253,38.3577],[141.5254,38.3578],[141.5255,38.3577],[141.5253,38.3577]]],[[[141.5257,38.358],[141.5258,38.358],[141.5257,38.3579],[141.5257,38.358]]],[[[141.526,38.3583],[141.526,38.3583],[141.5261,38.3583],[141.526,38.3583]]],[[[141.5239,38.3872],[141.5237,38.3872],[141.5238,38.3872],[141.5239,38.3872]]],[[[141.5245,38.3978],[141.5243,38.3977],[141.5243,38.3977],[141.5245,38.3978]]],[[[141.5246,38.3979],[141.5246,38.3978],[141.5246,38.3978],[141.5246,38.3979]]],[[[141.524,38.3982],[141.524,38.3982],[141.5241,38.3983],[141.524,38.3982]]],[[[141.5242,38.4892],[141.5242,38.4893],[141.5242,38.4892],[141.5242,38.4892]]],[[[141.5243,38.4893],[141.5243,38.4894],[141.5243,38.4894],[141.5243,38.4893]]],[[[141.5244,38.4895],[141.5243,38.4895],[141.5244,38.4895],[141.5244,38.4895]]],[[[141.524,38.4897],[141.5243,38.4897],[141.5244,38.4896],[141.524,38.4897]]],[[[141.5239,38.4898],[141.524,38.4898],[141.5239,38.4897],[141.5239,38.4898]]],[[[141.5252,38.4897],[141.5252,38.4897],[141.5254,38.4899],[141.5252,38.4897]]],[[[141.5241,38.4899],[141.524,38.4898],[141.524,38.4898],[141.5241,38.4899]]],[[[141.5255,38.49],[141.5254,38.49],[141.5255,38.4901],[141.5255,38.49]]],[[[141.5247,38.493],[141.5247,38.4929],[141.5246,38.4929],[141.5247,38.493]]],[[[141.5245,38.5448],[141.5244,38.5448],[141.5244,38.5448],[141.5245,38.5448]]],[[[141.5246,38.5452],[141.5247,38.5452],[141.5246,38.5451],[141.5246,38.5452]]],[[[141.5249,38.5466],[141.5251,38.5463],[141.5249,38.5463],[141.5249,38.5466]]],[[[141.5237,38.6076],[141.5236,38.6076],[141.5237,38.6076],[141.5237,38.6076]]],[[[141.524,38.6078],[141.524,38.6078],[141.524,38.6078],[141.524,38.6078]]],[[[141.5239,38.6083],[141.5238,38.6082],[141.5239,38.6083],[141.5239,38.6083]]],[[[141.5239,38.6084],[141.5241,38.6084],[141.5239,38.6082],[141.5239,38.6084]]],[[[141.5241,38.6087],[141.5243,38.6087],[141.5239,38.6084],[141.5241,38.6087]]],[[[141.5239,38.6089],[141.524,38.6088],[141.5238,38.6088],[141.5239,38.6089]]],[[[141.5245,38.6096],[141.5247,38.6095],[141.5244,38.6093],[141.5245,38.6096]]],[[[141.5258,38.6098],[141.5258,38.6098],[141.5258,38.6098],[141.5258,38.6098]]],[[[141.526,38.6098],[141.526,38.6098],[141.526,38.6098],[141.526,38.6098]]],[[[141.5257,38.61],[141.5257,38.6099],[141.5257,38.61],[141.5257,38.61]]],[[[141.526,38.6102],[141.526,38.6103],[141.5261,38.6102],[141.526,38.6102]]],[[[141.525,38.6103],[141.525,38.6103],[141.525,38.6103],[141.525,38.6103]]],[[[141.525,38.6105],[141.5249,38.6104],[141.5249,38.6105],[141.525,38.6105]]],[[[141.5253,38.6105],[141.5251,38.6105],[141.5252,38.6105],[141.5253,38.6105]]],[[[141.5245,38.6107],[141.5245,38.6108],[141.5246,38.6108],[141.5245,38.6107]]],[[[141.5248,38.6109],[141.5248,38.6109],[141.5249,38.6109],[141.5248,38.6109]]],[[[141.5253,38.6111],[141.5254,38.6111],[141.5253,38.611],[141.5253,38.6111]]],[[[141.5253,38.6111],[141.5253,38.6111],[141.5254,38.6111],[141.5253,38.6111]]],[[[141.5253,38.6112],[141.5252,38.6112],[141.5252,38.6112],[141.5253,38.6112]]],[[[141.5254,38.6112],[141.5253,38.6112],[141.5254,38.6112],[141.5254,38.6112]]],[[[141.5252,38.6113],[141.5252,38.6113],[141.5252,38.6113],[141.5252,38.6113]]],[[[141.5253,38.6114],[141.5253,38.6114],[141.5253,38.6114],[141.5253,38.6114]]],[[[141.525,38.6116],[141.5249,38.6116],[141.525,38.6117],[141.525,38.6116]]],[[[141.5253,38.6124],[141.5253,38.6124],[141.5254,38.6125],[141.5253,38.6124]]],[[[141.5261,38.6124],[141.5261,38.6125],[141.5261,38.6125],[141.5261,38.6124]]],[[[141.5253,38.6125],[141.5253,38.6124],[141.5253,38.6125],[141.5253,38.6125]]],[[[141.526,38.6126],[141.5261,38.6127],[141.5261,38.6125],[141.526,38.6126]]],[[[141.5254,38.613],[141.5254,38.613],[141.5254,38.613],[141.5254,38.613]]],[[[141.5255,38.6136],[141.5255,38.6136],[141.5255,38.6136],[141.5255,38.6136]]],[[[141.5259,38.6144],[141.5259,38.6144],[141.5259,38.6144],[141.5259,38.6144]]],[[[141.5261,38.6145],[141.5261,38.6144],[141.5261,38.6144],[141.5261,38.6145]]],[[[141.5261,38.6144],[141.526,38.6144],[141.526,38.6145],[141.5261,38.6144]]],[[[141.5259,38.6145],[141.5259,38.6145],[141.5259,38.6145],[141.5259,38.6145]]],[[[141.5261,38.6157],[141.526,38.6157],[141.5261,38.6157],[141.5261,38.6157]]],[[[141.5259,38.6163],[141.526,38.6163],[141.526,38.6163],[141.5259,38.6163]]],[[[141.526,38.6165],[141.526,38.6164],[141.5259,38.6164],[141.526,38.6165]]],[[[141.5269,38.2763],[141.5269,38.2764],[141.5269,38.2764],[141.5269,38.2763]]],[[[141.5263,38.279],[141.5261,38.2792],[141.5262,38.2792],[141.5263,38.279]]],[[[141.5261,38.2895],[141.5262,38.2895],[141.5262,38.2894],[141.5261,38.2895]]],[[[141.5263,38.2896],[141.5263,38.2894],[141.5263,38.2895],[141.5262,38.2896],[141.5263,38.2896]]],[[[141.5263,38.2897],[141.5262,38.2897],[141.5262,38.2897],[141.5263,38.2897]]],[[[141.5263,38.2897],[141.5263,38.2897],[141.5263,38.2897],[141.5263,38.2897]]],[[[141.5264,38.2897],[141.5264,38.2897],[141.5264,38.2897],[141.5264,38.2897]]],[[[141.5264,38.2903],[141.5264,38.2903],[141.5265,38.2904],[141.5264,38.2903]]],[[[141.5266,38.2905],[141.5265,38.2905],[141.5266,38.2906],[141.5266,38.2905]]],[[[141.5268,38.2918],[141.5265,38.2918],[141.5265,38.292],[141.5268,38.2918]]],[[[141.5267,38.2919],[141.5267,38.2921],[141.5268,38.2919],[141.5267,38.2919]]],[[[141.5264,38.2921],[141.5265,38.2921],[141.5264,38.2919],[141.5264,38.2921]]],[[[141.5265,38.2922],[141.5264,38.2921],[141.5264,38.2922],[141.5265,38.2922]]],[[[141.5262,38.2935],[141.5262,38.2935],[141.5262,38.2935],[141.5262,38.2935]]],[[[141.5264,38.2937],[141.5264,38.2936],[141.5264,38.2936],[141.5264,38.2937]]],[[[141.5263,38.2936],[141.5263,38.294],[141.5264,38.294],[141.5263,38.2936]]],[[[141.5267,38.2941],[141.5265,38.294],[141.5266,38.2942],[141.5267,38.2941]]],[[[141.5265,38.294],[141.5263,38.2941],[141.5264,38.2943],[141.5265,38.294]]],[[[141.5268,38.2944],[141.5267,38.2944],[141.5267,38.2944],[141.5268,38.2944]]],[[[141.5265,38.2945],[141.5267,38.2946],[141.5267,38.2945],[141.5265,38.2945]]],[[[141.5264,38.2949],[141.5265,38.2949],[141.5265,38.2947],[141.5264,38.2949]]],[[[141.5265,38.2951],[141.5264,38.2949],[141.5263,38.295],[141.5265,38.2951]]],[[[141.5267,38.2958],[141.5268,38.2958],[141.5267,38.2957],[141.5267,38.2958]]],[[[141.5271,38.296],[141.5271,38.2958],[141.527,38.2959],[141.5271,38.296]]],[[[141.5275,38.2962],[141.5276,38.2961],[141.5274,38.296],[141.5275,38.2962]]],[[[141.5282,38.2972],[141.5283,38.2974],[141.5283,38.2974],[141.5283,38.2973],[141.5282,38.2972]]],[[[141.5284,38.2979],[141.5284,38.298],[141.5284,38.2979],[141.5284,38.2979]]],[[[141.5285,38.2985],[141.5284,38.2986],[141.5286,38.2986],[141.5285,38.2985]]],[[[141.5285,38.2989],[141.5284,38.2989],[141.5285,38.2989],[141.5285,38.2989]]],[[[141.5285,38.2989],[141.5286,38.2989],[141.5286,38.2989],[141.5285,38.2989]]],[[[141.5284,38.3233],[141.5285,38.3232],[141.5285,38.3232],[141.5284,38.3233]]],[[[141.5283,38.3236],[141.5284,38.3236],[141.5284,38.3236],[141.5283,38.3236]]],[[[141.5283,38.3237],[141.5283,38.3237],[141.5282,38.3237],[141.5283,38.3237]]],[[[141.5283,38.3237],[141.5282,38.3237],[141.5283,38.3237],[141.5283,38.3237]]],[[[141.5282,38.3238],[141.5282,38.3238],[141.5282,38.3238],[141.5282,38.3238]]],[[[141.5282,38.3238],[141.5281,38.3239],[141.5282,38.3239],[141.5282,38.3238]]],[[[141.5273,38.3239],[141.5273,38.324],[141.5274,38.3239],[141.5273,38.3239]]],[[[141.5269,38.3244],[141.5269,38.3244],[141.527,38.3244],[141.5269,38.3244]]],[[[141.5267,38.3244],[141.5267,38.3244],[141.5266,38.3244],[141.5267,38.3244]]],[[[141.5285,38.3451],[141.5285,38.3451],[141.5285,38.3452],[141.5285,38.3451]]],[[[141.5286,38.345],[141.5285,38.3453],[141.5287,38.3451],[141.5286,38.345]]],[[[141.5275,38.346],[141.5276,38.346],[141.5276,38.3459],[141.5275,38.346]]],[[[141.5277,38.346],[141.5277,38.346],[141.5278,38.346],[141.5277,38.346]]],[[[141.5277,38.346],[141.5277,38.3462],[141.5277,38.3461],[141.5277,38.346]]],[[[141.5278,38.3461],[141.5278,38.3461],[141.5278,38.3461],[141.5278,38.3461]]],[[[141.528,38.3462],[141.5281,38.3462],[141.5281,38.3462],[141.528,38.3462]]],[[[141.5277,38.3462],[141.5277,38.3462],[141.5276,38.3462],[141.5277,38.3462]]],[[[141.5279,38.3463],[141.5279,38.3462],[141.5279,38.3462],[141.5279,38.3463]]],[[[141.5277,38.3464],[141.5279,38.3463],[141.5278,38.3462],[141.5277,38.3464]]],[[[141.5277,38.3463],[141.5277,38.3463],[141.5276,38.3463],[141.5277,38.3463]]],[[[141.5278,38.3464],[141.5279,38.3463],[141.5278,38.3463],[141.5278,38.3464]]],[[[141.5277,38.3464],[141.5278,38.3464],[141.5278,38.3464],[141.5277,38.3464]]],[[[141.5267,38.3557],[141.5267,38.3556],[141.5266,38.3557],[141.5267,38.3557]]],[[[141.5264,38.3563],[141.5263,38.3563],[141.5264,38.3563],[141.5264,38.3563]]],[[[141.5272,38.3564],[141.5273,38.3564],[141.5272,38.3563],[141.5272,38.3564]]],[[[141.5264,38.3564],[141.5264,38.3564],[141.5263,38.3563],[141.5264,38.3564]]],[[[141.5277,38.3571],[141.5276,38.3571],[141.5276,38.3571],[141.5277,38.3571]]],[[[141.5277,38.3572],[141.5277,38.3572],[141.5277,38.3573],[141.5277,38.3572]]],[[[141.5276,38.3573],[141.5276,38.3573],[141.5276,38.3573],[141.5276,38.3573]]],[[[141.5272,38.3581],[141.5266,38.3569],[141.5271,38.3565],[141.5258,38.3565],[141.5254,38.3566],[141.5272,38.3581]]],[[[141.5274,38.3574],[141.5274,38.3573],[141.5274,38.3574],[141.5274,38.3574]]],[[[141.5272,38.3575],[141.5272,38.3574],[141.5271,38.3574],[141.5272,38.3575]]],[[[141.5277,38.3574],[141.5278,38.3576],[141.5278,38.3575],[141.5279,38.3575],[141.5277,38.3574]]],[[[141.5279,38.3575],[141.528,38.3576],[141.5279,38.3574],[141.5279,38.3575]]],[[[141.5279,38.3576],[141.5278,38.3575],[141.5278,38.3575],[141.5279,38.3576]]],[[[141.5273,38.3575],[141.5273,38.3576],[141.5273,38.3576],[141.5273,38.3575]]],[[[141.5275,38.3576],[141.5275,38.3576],[141.5275,38.3576],[141.5275,38.3576]]],[[[141.5278,38.3576],[141.5278,38.3576],[141.5279,38.3577],[141.5278,38.3576]]],[[[141.5274,38.3577],[141.5275,38.3578],[141.5275,38.3577],[141.5274,38.3577]]],[[[141.528,38.3578],[141.5281,38.3578],[141.528,38.3577],[141.528,38.3578]]],[[[141.5265,38.3582],[141.5265,38.3581],[141.5264,38.3581],[141.5265,38.3582]]],[[[141.5262,38.358],[141.5261,38.3582],[141.5263,38.3583],[141.5262,38.358]]],[[[141.5282,38.3584],[141.5281,38.3581],[141.5281,38.3581],[141.5282,38.3584]]],[[[141.5275,38.3582],[141.5275,38.3583],[141.5275,38.3583],[141.5275,38.3582]]],[[[141.5266,38.3584],[141.5266,38.3584],[141.5266,38.3583],[141.5266,38.3584]]],[[[141.5268,38.3584],[141.5269,38.3585],[141.5269,38.3584],[141.5268,38.3584]]],[[[141.5266,38.3584],[141.5266,38.3585],[141.5266,38.3584],[141.5266,38.3584]]],[[[141.5286,38.3584],[141.5286,38.3585],[141.5286,38.3585],[141.5286,38.3584]]],[[[141.5285,38.3586],[141.5285,38.3586],[141.5285,38.3586],[141.5285,38.3586]]],[[[141.5285,38.3587],[141.5285,38.3587],[141.5285,38.3587],[141.5285,38.3587]]],[[[141.5284,38.3818],[141.5284,38.3818],[141.5284,38.3818],[141.5284,38.3818]]],[[[141.5286,38.3818],[141.5286,38.3818],[141.5286,38.3819],[141.5286,38.3818]]],[[[141.5284,38.382],[141.5284,38.382],[141.5285,38.382],[141.5284,38.382]]],[[[141.528,38.382],[141.528,38.382],[141.528,38.382],[141.528,38.382]]],[[[141.5282,38.3821],[141.5282,38.3821],[141.5282,38.3822],[141.5282,38.3821]]],[[[141.5283,38.3823],[141.5284,38.3823],[141.5283,38.3823],[141.5283,38.3823]]],[[[141.5285,38.3822],[141.5286,38.3824],[141.5285,38.3822],[141.5285,38.3822]]],[[[141.5282,38.3824],[141.5282,38.3824],[141.5281,38.3823],[141.5282,38.3824]]],[[[141.5282,38.3824],[141.5283,38.3824],[141.5282,38.3824],[141.5282,38.3824]]],[[[141.5283,38.3824],[141.5284,38.3824],[141.5283,38.3824],[141.5283,38.3824]]],[[[141.5285,38.3825],[141.5285,38.3825],[141.5285,38.3825],[141.5285,38.3825]]],[[[141.5287,38.3826],[141.5286,38.3825],[141.5286,38.3825],[141.5287,38.3826]]],[[[141.5286,38.3831],[141.5285,38.3831],[141.5287,38.3832],[141.5286,38.3831]]],[[[141.5286,38.3834],[141.5287,38.3835],[141.5286,38.3833],[141.5286,38.3834]]],[[[141.5282,38.3836],[141.5283,38.3836],[141.5282,38.3835],[141.5282,38.3836]]],[[[141.5284,38.3836],[141.5284,38.3837],[141.5284,38.3837],[141.5284,38.3836]]],[[[141.5274,38.3836],[141.5274,38.3836],[141.5274,38.3836],[141.5274,38.3836]]],[[[141.5272,38.3838],[141.5272,38.3837],[141.5271,38.3837],[141.5272,38.3838]]],[[[141.5276,38.3838],[141.5276,38.3838],[141.5276,38.3837],[141.5276,38.3838]]],[[[141.5269,38.3838],[141.5268,38.3837],[141.5269,38.3838],[141.5269,38.3838]]],[[[141.5267,38.3838],[141.5268,38.3839],[141.5269,38.384],[141.5267,38.3838]]],[[[141.5273,38.3838],[141.5273,38.3838],[141.5274,38.384],[141.5273,38.3838]]],[[[141.5265,38.3839],[141.5267,38.384],[141.5265,38.3839],[141.5265,38.3839]]],[[[141.5265,38.384],[141.5266,38.3841],[141.5266,38.3841],[141.5265,38.384]]],[[[141.5267,38.3842],[141.5268,38.3842],[141.5268,38.3842],[141.5267,38.3842]]],[[[141.5264,38.3843],[141.5264,38.3843],[141.5263,38.3842],[141.5264,38.3843]]],[[[141.5268,38.3848],[141.5267,38.3847],[141.5268,38.3848],[141.5268,38.3848]]],[[[141.5269,38.3856],[141.5269,38.3856],[141.5269,38.3856],[141.5269,38.3856]]],[[[141.5263,38.3862],[141.5265,38.3863],[141.5264,38.3862],[141.5263,38.3862]]],[[[141.5284,38.3985],[141.5285,38.3984],[141.5282,38.3984],[141.5284,38.3985]]],[[[141.5285,38.3985],[141.5285,38.3985],[141.5285,38.3985],[141.5285,38.3985]]],[[[141.5273,38.49],[141.5272,38.49],[141.5273,38.49],[141.5273,38.49]]],[[[141.5272,38.4901],[141.5271,38.4901],[141.5271,38.4901],[141.5272,38.4901]]],[[[141.5265,38.5463],[141.5265,38.5463],[141.5265,38.5463],[141.5265,38.5463]]],[[[141.5278,38.5467],[141.5278,38.5467],[141.5278,38.5467],[141.5278,38.5467]]],[[[141.5263,38.5469],[141.5262,38.5469],[141.5263,38.5469],[141.5263,38.5469]]],[[[141.5277,38.547],[141.5278,38.547],[141.5277,38.5469],[141.5277,38.547]]],[[[141.5263,38.6101],[141.5265,38.61],[141.5258,38.6099],[141.5263,38.6101]]],[[[141.5262,38.6102],[141.5262,38.6102],[141.5262,38.6102],[141.5262,38.6102]]],[[[141.5263,38.6122],[141.5264,38.6127],[141.5265,38.6127],[141.5263,38.6122]]],[[[141.5263,38.6126],[141.5261,38.6125],[141.5262,38.6127],[141.5263,38.6126]]],[[[141.5273,38.6127],[141.5274,38.6128],[141.5274,38.6128],[141.5273,38.6127]]],[[[141.5274,38.6129],[141.5274,38.6128],[141.5274,38.6128],[141.5274,38.6129]]],[[[141.5275,38.613],[141.5274,38.6129],[141.5274,38.6129],[141.5275,38.613]]],[[[141.5272,38.6129],[141.5272,38.6129],[141.5273,38.613],[141.5272,38.6129]]],[[[141.5275,38.6143],[141.5272,38.6143],[141.5275,38.6144],[141.5275,38.6143]]],[[[141.5272,38.6144],[141.5272,38.6143],[141.5272,38.6144],[141.5272,38.6144]]],[[[141.5275,38.6143],[141.5276,38.6144],[141.5277,38.6144],[141.5275,38.6143]]],[[[141.5273,38.6144],[141.5273,38.6144],[141.5273,38.6144],[141.5273,38.6144]]],[[[141.5275,38.6145],[141.5275,38.6144],[141.5274,38.6144],[141.5275,38.6145]]],[[[141.5276,38.6144],[141.5275,38.6145],[141.5275,38.6145],[141.5276,38.6144]]],[[[141.5279,38.6146],[141.5278,38.6145],[141.5278,38.6146],[141.5279,38.6146]]],[[[141.5276,38.6146],[141.5277,38.6147],[141.5277,38.6146],[141.5276,38.6146]]],[[[141.526,38.6147],[141.5262,38.6146],[141.5262,38.6146],[141.526,38.6147]]],[[[141.5261,38.6148],[141.5261,38.6148],[141.5261,38.6148],[141.5261,38.6148]]],[[[141.5262,38.6148],[141.5263,38.6148],[141.5262,38.6148],[141.5262,38.6148]]],[[[141.5262,38.6149],[141.5262,38.6148],[141.5262,38.6149],[141.5262,38.6149]]],[[[141.5263,38.6149],[141.5262,38.6149],[141.5262,38.615],[141.5263,38.6149]]],[[[141.5264,38.615],[141.5264,38.615],[141.5264,38.615],[141.5264,38.615]]],[[[141.5263,38.616],[141.5261,38.616],[141.5262,38.6162],[141.5263,38.616]]],[[[141.5263,38.6162],[141.5263,38.6162],[141.5263,38.6162],[141.5263,38.6162]]],[[[141.5264,38.6162],[141.5264,38.6162],[141.5264,38.6162],[141.5264,38.6162]]],[[[141.5264,38.6163],[141.5264,38.6162],[141.5263,38.6163],[141.5264,38.6163]]],[[[141.5262,38.6168],[141.5262,38.6168],[141.5262,38.6168],[141.5262,38.6168]]],[[[141.5269,38.617],[141.5269,38.6169],[141.5269,38.617],[141.5269,38.617]]],[[[141.5271,38.617],[141.527,38.6169],[141.527,38.617],[141.5271,38.617]]],[[[141.5275,38.6171],[141.5274,38.617],[141.5274,38.617],[141.5275,38.6171]]],[[[141.5283,38.6184],[141.5283,38.6185],[141.5283,38.6184],[141.5283,38.6184]]],[[[141.5277,38.6186],[141.5277,38.6187],[141.5278,38.6186],[141.5277,38.6186]]],[[[141.5274,38.6188],[141.5273,38.6188],[141.5273,38.6188],[141.5274,38.6188]]],[[[141.5275,38.6188],[141.5275,38.6189],[141.5275,38.6189],[141.5275,38.6188]]],[[[141.527,38.6195],[141.527,38.6195],[141.527,38.6195],[141.527,38.6195]]],[[[141.5269,38.6195],[141.5268,38.6195],[141.5269,38.6195],[141.5269,38.6195]]],[[[141.5269,38.6196],[141.5269,38.6196],[141.5269,38.6196],[141.5269,38.6196]]],[[[141.5279,38.6203],[141.528,38.6204],[141.528,38.6203],[141.5279,38.6203]]],[[[141.528,38.6204],[141.528,38.6204],[141.528,38.6205],[141.528,38.6204]]],[[[141.528,38.6205],[141.528,38.6205],[141.528,38.6205],[141.528,38.6205]]],[[[141.5281,38.6205],[141.5281,38.6205],[141.5281,38.6205],[141.5281,38.6205]]],[[[141.5275,38.6213],[141.5277,38.6214],[141.5275,38.6212],[141.5275,38.6213]]],[[[141.5277,38.6215],[141.5274,38.6214],[141.5275,38.6215],[141.5277,38.6215]]],[[[141.5276,38.6223],[141.5276,38.6223],[141.5276,38.6223],[141.5276,38.6223]]],[[[141.5276,38.6225],[141.5277,38.6224],[141.5276,38.6223],[141.5276,38.6225]]],[[[141.5277,38.6227],[141.5277,38.6227],[141.5277,38.6227],[141.5277,38.6227]]],[[[141.5283,38.6236],[141.5283,38.6237],[141.5283,38.6237],[141.5283,38.6236]]],[[[141.5284,38.6237],[141.5284,38.6238],[141.5284,38.6237],[141.5284,38.6237]]],[[[141.5279,38.6243],[141.5279,38.6243],[141.5279,38.6243],[141.5279,38.6243]]],[[[141.5285,38.6251],[141.5285,38.6251],[141.5285,38.6251],[141.5285,38.6251]]],[[[141.5285,38.6251],[141.5286,38.6251],[141.5286,38.6251],[141.5285,38.6251]]],[[[141.5284,38.6251],[141.5285,38.6251],[141.5284,38.6251],[141.5284,38.6251]]],[[[141.5284,38.6251],[141.5284,38.6252],[141.5284,38.6252],[141.5284,38.6251]]],[[[141.5287,38.6253],[141.5286,38.6253],[141.5286,38.6253],[141.5287,38.6253]]],[[[141.5286,38.6254],[141.5285,38.6255],[141.5286,38.6255],[141.5286,38.6254]]],[[[141.5284,38.6255],[141.5284,38.6255],[141.5284,38.6255],[141.5284,38.6255]]],[[[141.5284,38.6257],[141.5283,38.6256],[141.5284,38.6257],[141.5284,38.6257]]],[[[141.5281,38.6286],[141.5277,38.6287],[141.5278,38.6288],[141.5281,38.6286]]],[[[141.5278,38.6288],[141.5282,38.6291],[141.5283,38.6288],[141.5278,38.6288]]],[[[141.5278,38.629],[141.5278,38.6289],[141.5278,38.629],[141.5278,38.629]]],[[[141.5284,38.6298],[141.5285,38.6298],[141.5284,38.6298],[141.5284,38.6298]]],[[[141.5279,38.6298],[141.5282,38.6299],[141.5285,38.6299],[141.5279,38.6298]]],[[[141.5295,38.2995],[141.5296,38.2996],[141.5296,38.2995],[141.5295,38.2995]]],[[[141.5302,38.3003],[141.5301,38.3003],[141.5303,38.3003],[141.5302,38.3003]]],[[[141.53,38.3005],[141.53,38.3005],[141.53,38.3005],[141.53,38.3005]]],[[[141.5299,38.3005],[141.5299,38.3005],[141.5299,38.3005],[141.5299,38.3005]]],[[[141.5303,38.3007],[141.5304,38.3006],[141.5303,38.3006],[141.5303,38.3007]]],[[[141.5305,38.3009],[141.5306,38.3008],[141.5305,38.3008],[141.5305,38.3009]]],[[[141.5321,38.3195],[141.5319,38.3193],[141.5319,38.3193],[141.5321,38.3195]]],[[[141.5323,38.3194],[141.5322,38.3194],[141.5323,38.3194],[141.5323,38.3194]]],[[[141.5316,38.3196],[141.5317,38.3196],[141.5317,38.3196],[141.5316,38.3196]]],[[[141.5319,38.3198],[141.532,38.3196],[141.5318,38.3196],[141.5319,38.3198]]],[[[141.5324,38.3197],[141.5324,38.3197],[141.5324,38.3197],[141.5324,38.3197]]],[[[141.5316,38.3197],[141.5318,38.3197],[141.5317,38.3197],[141.5316,38.3197]]],[[[141.5324,38.3198],[141.5324,38.3199],[141.5325,38.3198],[141.5324,38.3198]]],[[[141.5328,38.3199],[141.5326,38.3198],[141.5325,38.3199],[141.5328,38.3199]]],[[[141.5325,38.32],[141.5323,38.32],[141.5324,38.3201],[141.5325,38.32]]],[[[141.5306,38.3212],[141.5308,38.3212],[141.5305,38.3212],[141.5306,38.3212]]],[[[141.5292,38.329],[141.5291,38.329],[141.5292,38.329],[141.5292,38.329]]],[[[141.5314,38.3287],[141.5306,38.3289],[141.5312,38.3293],[141.5314,38.3287]]],[[[141.531,38.3299],[141.5311,38.3299],[141.5311,38.3299],[141.531,38.3299]]],[[[141.5309,38.33],[141.5309,38.3299],[141.5309,38.3299],[141.5309,38.33]]],[[[141.531,38.3299],[141.531,38.33],[141.531,38.3299],[141.531,38.3299]]],[[[141.531,38.33],[141.531,38.33],[141.531,38.33],[141.531,38.33]]],[[[141.5309,38.3301],[141.5309,38.33],[141.5309,38.33],[141.5309,38.3301]]],[[[141.5311,38.3304],[141.5314,38.3302],[141.5311,38.3301],[141.5308,38.3306],[141.5311,38.3304]]],[[[141.531,38.3314],[141.5312,38.3313],[141.531,38.3314],[141.531,38.3314]]],[[[141.5306,38.3315],[141.5306,38.3315],[141.5306,38.3315],[141.5306,38.3315]]],[[[141.5312,38.3317],[141.5311,38.3318],[141.5311,38.3318],[141.5312,38.3317]]],[[[141.5309,38.332],[141.531,38.3318],[141.5306,38.3321],[141.5309,38.332]]],[[[141.5315,38.3321],[141.5315,38.3322],[141.5315,38.3322],[141.5315,38.3321]]],[[[141.531,38.3322],[141.531,38.3323],[141.531,38.3322],[141.531,38.3322]]],[[[141.5312,38.3325],[141.5312,38.3325],[141.5313,38.3325],[141.5312,38.3325]]],[[[141.5303,38.3328],[141.5302,38.333],[141.5305,38.333],[141.5303,38.3328]]],[[[141.5321,38.334],[141.5322,38.334],[141.5321,38.3339],[141.5321,38.334]]],[[[141.5326,38.3341],[141.5326,38.3341],[141.5325,38.3341],[141.5326,38.3341]]],[[[141.5321,38.3344],[141.532,38.3344],[141.5322,38.3347],[141.5321,38.3344]]],[[[141.532,38.3346],[141.532,38.3347],[141.5321,38.3347],[141.532,38.3346]]],[[[141.5323,38.3344],[141.5323,38.3348],[141.5324,38.3349],[141.5323,38.3344]]],[[[141.5322,38.3348],[141.5322,38.3347],[141.5322,38.3348],[141.5322,38.3348]]],[[[141.5327,38.3349],[141.5327,38.3348],[141.5326,38.3347],[141.5327,38.3349]]],[[[141.5322,38.3353],[141.5321,38.3352],[141.5321,38.3352],[141.5322,38.3353]]],[[[141.5322,38.3353],[141.5323,38.3353],[141.5322,38.3353],[141.5322,38.3353]]],[[[141.5321,38.3355],[141.5321,38.3355],[141.5321,38.3355],[141.5321,38.3355]]],[[[141.5319,38.3355],[141.532,38.3356],[141.532,38.3355],[141.5319,38.3355]]],[[[141.5325,38.3357],[141.5325,38.3356],[141.5325,38.3356],[141.5325,38.3357]]],[[[141.5324,38.3356],[141.5323,38.3356],[141.5323,38.3357],[141.5324,38.3356]]],[[[141.5322,38.336],[141.5322,38.3359],[141.5321,38.336],[141.5322,38.336]]],[[[141.5326,38.3375],[141.5326,38.3374],[141.5325,38.3375],[141.5326,38.3375]]],[[[141.5326,38.3425],[141.5325,38.3425],[141.5326,38.3425],[141.5326,38.3425]]],[[[141.532,38.3427],[141.5321,38.3427],[141.5321,38.3425],[141.532,38.3427]]],[[[141.5317,38.3426],[141.5316,38.3426],[141.5316,38.3427],[141.5317,38.3426]]],[[[141.5311,38.3426],[141.5311,38.3427],[141.5312,38.3426],[141.5311,38.3426]]],[[[141.5312,38.3428],[141.5312,38.3427],[141.5311,38.3427],[141.5312,38.3428]]],[[[141.5317,38.3428],[141.5317,38.3428],[141.5317,38.3428],[141.5317,38.3428]]],[[[141.532,38.3428],[141.532,38.3428],[141.532,38.3428],[141.532,38.3428]]],[[[141.5322,38.3429],[141.5322,38.343],[141.5323,38.3429],[141.5322,38.3429]]],[[[141.5305,38.3429],[141.5306,38.343],[141.5306,38.343],[141.5305,38.3429]]],[[[141.5303,38.343],[141.5302,38.343],[141.5302,38.343],[141.5303,38.343]]],[[[141.5296,38.3437],[141.5297,38.3437],[141.5297,38.3436],[141.5296,38.3437]]],[[[141.5291,38.3438],[141.5291,38.3439],[141.5293,38.344],[141.5293,38.3439],[141.5291,38.3438]]],[[[141.5289,38.3442],[141.5288,38.3441],[141.5288,38.3442],[141.5289,38.3442]]],[[[141.5293,38.3442],[141.5293,38.3442],[141.5293,38.3442],[141.5293,38.3442]]],[[[141.5289,38.3443],[141.5289,38.3443],[141.5289,38.3443],[141.5289,38.3443]]],[[[141.5295,38.3443],[141.5295,38.3443],[141.5295,38.3443],[141.5295,38.3443]]],[[[141.5288,38.3445],[141.5288,38.3445],[141.5288,38.3445],[141.5288,38.3445]]],[[[141.529,38.3445],[141.529,38.3446],[141.529,38.3445],[141.529,38.3445]]],[[[141.5301,38.3573],[141.5303,38.3572],[141.5302,38.3571],[141.5301,38.3573]]],[[[141.53,38.3571],[141.5298,38.3572],[141.5298,38.3573],[141.53,38.3571]]],[[[141.5298,38.3573],[141.5296,38.3572],[141.5296,38.3572],[141.5298,38.3573]]],[[[141.5294,38.3574],[141.5293,38.3573],[141.5293,38.3575],[141.5294,38.3574]]],[[[141.5295,38.3573],[141.5294,38.3576],[141.5297,38.3574],[141.5295,38.3573]]],[[[141.5311,38.3585],[141.5316,38.3583],[141.5311,38.3582],[141.5311,38.3585]]],[[[141.531,38.3586],[141.5308,38.3582],[141.5309,38.3586],[141.531,38.3586]]],[[[141.5308,38.3582],[141.53,38.3573],[141.5289,38.3587],[141.5302,38.3596],[141.5308,38.3582]]],[[[141.5311,38.3586],[141.5311,38.3586],[141.5312,38.3586],[141.5311,38.3586]]],[[[141.5313,38.3588],[141.5312,38.3588],[141.5313,38.3589],[141.5313,38.3588]]],[[[141.5291,38.3592],[141.5291,38.3591],[141.529,38.3592],[141.5291,38.3592]]],[[[141.5309,38.3595],[141.5308,38.3592],[141.5307,38.3595],[141.5309,38.3595]]],[[[141.5312,38.3594],[141.5312,38.3594],[141.5312,38.3595],[141.5312,38.3594]]],[[[141.5293,38.3594],[141.5292,38.3594],[141.5292,38.3595],[141.5293,38.3594]]],[[[141.5292,38.3595],[141.5292,38.3595],[141.5292,38.3595],[141.5292,38.3595]]],[[[141.5303,38.3597],[141.5303,38.3596],[141.5303,38.3598],[141.5303,38.3597]]],[[[141.5297,38.3598],[141.5298,38.3597],[141.5297,38.3598],[141.5297,38.3598]]],[[[141.5299,38.3598],[141.5299,38.3598],[141.5299,38.3598],[141.5299,38.3598]]],[[[141.5296,38.3598],[141.5297,38.3598],[141.5297,38.3597],[141.5296,38.3598]]],[[[141.5299,38.3809],[141.5298,38.3809],[141.5299,38.3809],[141.5299,38.3809]]],[[[141.5303,38.3811],[141.5303,38.3811],[141.5303,38.3811],[141.5303,38.3811]]],[[[141.5299,38.3811],[141.53,38.3811],[141.5299,38.381],[141.5299,38.3811]]],[[[141.5302,38.3813],[141.5302,38.3812],[141.5302,38.3813],[141.5302,38.3813]]],[[[141.5318,38.3814],[141.5318,38.3814],[141.5318,38.3814],[141.5318,38.3814]]],[[[141.531,38.3818],[141.5311,38.3811],[141.5308,38.3814],[141.531,38.3818]]],[[[141.5319,38.3815],[141.5319,38.3815],[141.5319,38.3815],[141.5319,38.3815]]],[[[141.5317,38.3815],[141.5315,38.3815],[141.5316,38.3816],[141.5317,38.3815]]],[[[141.532,38.3815],[141.532,38.3815],[141.532,38.3815],[141.532,38.3815]]],[[[141.5289,38.3817],[141.5289,38.3816],[141.5288,38.3817],[141.5289,38.3817]]],[[[141.5288,38.3818],[141.5288,38.3817],[141.5288,38.3818],[141.5288,38.3818]]],[[[141.5289,38.3817],[141.5288,38.3818],[141.5288,38.3818],[141.5289,38.3817]]],[[[141.5287,38.3819],[141.5287,38.3819],[141.5287,38.3819],[141.5287,38.3819]]],[[[141.5309,38.382],[141.531,38.3821],[141.5311,38.382],[141.5309,38.382]]],[[[141.5287,38.3821],[141.5286,38.382],[141.5287,38.3821],[141.5287,38.3821]]],[[[141.5323,38.3825],[141.5322,38.3824],[141.5322,38.3826],[141.5323,38.3825]]],[[[141.5325,38.3827],[141.5325,38.3827],[141.5325,38.3827],[141.5325,38.3827]]],[[[141.5324,38.3827],[141.5324,38.3827],[141.5324,38.3827],[141.5324,38.3827]]],[[[141.5326,38.3828],[141.5325,38.3829],[141.5326,38.3829],[141.5326,38.3828]]],[[[141.5325,38.3828],[141.5325,38.3829],[141.5325,38.3829],[141.5325,38.3828]]],[[[141.5321,38.3982],[141.5321,38.3982],[141.5321,38.3982],[141.5321,38.3982]]],[[[141.5287,38.3986],[141.5286,38.3986],[141.5287,38.3986],[141.5287,38.3986]]],[[[141.5325,38.3994],[141.5325,38.3995],[141.5326,38.3995],[141.5325,38.3994]]],[[[141.5325,38.4007],[141.5322,38.4007],[141.5323,38.4008],[141.5325,38.4007]]],[[[141.5321,38.4007],[141.5321,38.4008],[141.5321,38.4008],[141.5321,38.4007]]],[[[141.5315,38.4892],[141.5316,38.4891],[141.5314,38.4889],[141.5315,38.4892]]],[[[141.5314,38.4892],[141.5313,38.4892],[141.5314,38.4892],[141.5314,38.4892]]],[[[141.5316,38.4894],[141.5316,38.4894],[141.5317,38.4896],[141.5316,38.4894]]],[[[141.5325,38.4896],[141.5326,38.4897],[141.5326,38.4896],[141.5325,38.4896]]],[[[141.532,38.4898],[141.532,38.4897],[141.5319,38.4897],[141.532,38.4898]]],[[[141.5325,38.4898],[141.5325,38.4897],[141.5325,38.4898],[141.5325,38.4898]]],[[[141.532,38.4899],[141.532,38.4898],[141.532,38.4898],[141.532,38.4899]]],[[[141.5304,38.533],[141.5304,38.533],[141.5304,38.533],[141.5304,38.533]]],[[[141.5305,38.533],[141.5305,38.533],[141.5305,38.5331],[141.5305,38.533]]],[[[141.5306,38.5332],[141.5308,38.5333],[141.5306,38.5332],[141.5306,38.5332]]],[[[141.5308,38.5335],[141.5309,38.5336],[141.5309,38.5335],[141.5308,38.5335]]],[[[141.5313,38.5342],[141.5314,38.5342],[141.5311,38.534],[141.5313,38.5342]]],[[[141.5317,38.5343],[141.5317,38.5343],[141.5317,38.5343],[141.5317,38.5343]]],[[[141.5322,38.5345],[141.5322,38.5344],[141.5322,38.5344],[141.5322,38.5345]]],[[[141.5305,38.535],[141.5305,38.535],[141.5305,38.535],[141.5305,38.535]]],[[[141.5308,38.5351],[141.5307,38.535],[141.5307,38.5351],[141.5308,38.5351]]],[[[141.5305,38.5352],[141.5306,38.5352],[141.5305,38.5351],[141.5305,38.5352]]],[[[141.5307,38.5353],[141.5307,38.5352],[141.5306,38.5352],[141.5307,38.5353]]],[[[141.5307,38.5354],[141.5307,38.5353],[141.5307,38.5354],[141.5307,38.5354]]],[[[141.5306,38.5354],[141.5306,38.5354],[141.5306,38.5354],[141.5306,38.5354]]],[[[141.5308,38.5354],[141.5308,38.5354],[141.5309,38.5354],[141.5308,38.5354]]],[[[141.5311,38.5355],[141.531,38.5356],[141.5311,38.5357],[141.5311,38.5355]]],[[[141.531,38.5356],[141.531,38.5357],[141.531,38.5357],[141.531,38.5356],[141.531,38.5356]]],[[[141.5311,38.5358],[141.5312,38.5358],[141.5312,38.5358],[141.5311,38.5358]]],[[[141.5308,38.5359],[141.5309,38.5358],[141.5308,38.5357],[141.5308,38.5359]]],[[[141.5307,38.5359],[141.5307,38.5359],[141.5306,38.5359],[141.5307,38.5359]]],[[[141.5309,38.5359],[141.5309,38.5359],[141.5309,38.5359],[141.5309,38.5359]]],[[[141.5305,38.5359],[141.5306,38.536],[141.5306,38.536],[141.5305,38.5359]]],[[[141.5305,38.5365],[141.5307,38.5366],[141.5305,38.5364],[141.5305,38.5365]]],[[[141.5306,38.5367],[141.5307,38.5367],[141.5307,38.5367],[141.5306,38.5367]]],[[[141.5323,38.5377],[141.5325,38.5377],[141.5324,38.5377],[141.5323,38.5377]]],[[[141.5325,38.5384],[141.5327,38.5382],[141.5325,38.538],[141.5325,38.5384]]],[[[141.5324,38.5385],[141.5325,38.5386],[141.5325,38.5384],[141.5324,38.5385]]],[[[141.529,38.5469],[141.5289,38.5469],[141.529,38.547],[141.529,38.5469]]],[[[141.5287,38.547],[141.5286,38.547],[141.5286,38.547],[141.5287,38.547]]],[[[141.5288,38.5471],[141.5288,38.5472],[141.5288,38.5471],[141.5288,38.5471]]],[[[141.5325,38.5473],[141.5325,38.5473],[141.5325,38.5474],[141.5325,38.5473]]],[[[141.5326,38.5475],[141.5325,38.5474],[141.5326,38.5475],[141.5326,38.5475]]],[[[141.53,38.5476],[141.5301,38.5476],[141.53,38.5476],[141.53,38.5476]]],[[[141.53,38.5478],[141.53,38.5478],[141.5299,38.5476],[141.53,38.5478]]],[[[141.5298,38.5477],[141.5299,38.5478],[141.5299,38.5478],[141.5298,38.5477]]],[[[141.5304,38.5478],[141.5304,38.5478],[141.5304,38.5478],[141.5304,38.5478]]],[[[141.5309,38.5485],[141.5309,38.5485],[141.5309,38.5485],[141.5309,38.5485]]],[[[141.5311,38.5486],[141.531,38.5485],[141.531,38.5486],[141.5311,38.5486]]],[[[141.5326,38.5488],[141.5326,38.5488],[141.5326,38.5488],[141.5326,38.5488]]],[[[141.531,38.5489],[141.5311,38.549],[141.5311,38.5489],[141.531,38.5489]]],[[[141.5326,38.549],[141.5326,38.549],[141.5326,38.549],[141.5326,38.549]]],[[[141.5319,38.549],[141.532,38.549],[141.5319,38.549],[141.5319,38.549]]],[[[141.5315,38.5494],[141.5313,38.5494],[141.5315,38.5495],[141.5315,38.5494]]],[[[141.5324,38.5498],[141.5321,38.5496],[141.5322,38.5497],[141.5324,38.5498]]],[[[141.5325,38.5501],[141.5326,38.5499],[141.5324,38.5498],[141.5325,38.5501]]],[[[141.5326,38.5506],[141.5327,38.5507],[141.5326,38.5506],[141.5326,38.5506]]],[[[141.5322,38.5514],[141.5322,38.5513],[141.5321,38.5514],[141.5322,38.5514]]],[[[141.532,38.5518],[141.5321,38.5518],[141.5321,38.5517],[141.532,38.5518]]],[[[141.5319,38.5519],[141.5321,38.5519],[141.532,38.5518],[141.5319,38.5519]]],[[[141.5313,38.5518],[141.5312,38.5519],[141.5313,38.5521],[141.5313,38.5518]]],[[[141.5316,38.552],[141.5317,38.5521],[141.5317,38.552],[141.5316,38.552]]],[[[141.532,38.5523],[141.5321,38.5521],[141.532,38.5522],[141.532,38.5523]]],[[[141.5323,38.5523],[141.5323,38.5523],[141.5323,38.5523],[141.5323,38.5523]]],[[[141.5323,38.5527],[141.5324,38.5523],[141.5322,38.5523],[141.5323,38.5527]]],[[[141.5298,38.613],[141.5298,38.613],[141.5299,38.613],[141.5298,38.613]]],[[[141.5298,38.613],[141.5298,38.6131],[141.5298,38.6131],[141.5298,38.613]]],[[[141.5298,38.6133],[141.5299,38.6132],[141.5298,38.6132],[141.5298,38.6133]]],[[[141.5296,38.6137],[141.5297,38.6137],[141.5296,38.6136],[141.5296,38.6137]]],[[[141.5297,38.614],[141.5296,38.614],[141.5296,38.6142],[141.5297,38.614]]],[[[141.5292,38.6145],[141.5292,38.6146],[141.5292,38.6145],[141.5292,38.6145]]],[[[141.5289,38.6225],[141.5292,38.6226],[141.5292,38.6224],[141.5289,38.6225]]],[[[141.5291,38.6259],[141.529,38.6259],[141.529,38.626],[141.5291,38.6259]]],[[[141.5287,38.626],[141.5287,38.6259],[141.5287,38.6259],[141.5287,38.626]]],[[[141.5287,38.6292],[141.5288,38.6291],[141.5287,38.6292],[141.5287,38.6292]]],[[[141.533,38.3004],[141.533,38.3005],[141.5331,38.3005],[141.533,38.3004]]],[[[141.5352,38.3008],[141.5353,38.3007],[141.5353,38.3007],[141.5352,38.3008]]],[[[141.535,38.3008],[141.5351,38.3007],[141.535,38.3008],[141.535,38.3008]]],[[[141.5345,38.3008],[141.5345,38.3008],[141.5344,38.3008],[141.5345,38.3008]]],[[[141.5335,38.3009],[141.5336,38.3012],[141.5338,38.301],[141.5335,38.3009]]],[[[141.5334,38.3011],[141.5335,38.3012],[141.5335,38.3012],[141.5334,38.3011]]],[[[141.5329,38.3189],[141.533,38.3191],[141.533,38.319],[141.5329,38.3189]]],[[[141.5352,38.3191],[141.5354,38.3192],[141.5354,38.3191],[141.5352,38.3191]]],[[[141.5328,38.3351],[141.5327,38.3353],[141.5328,38.3352],[141.5328,38.3351]]],[[[141.5327,38.3355],[141.5328,38.3354],[141.5326,38.3353],[141.5327,38.3355]]],[[[141.5337,38.3381],[141.5337,38.3381],[141.5337,38.3381],[141.5337,38.3381]]],[[[141.5352,38.3385],[141.5353,38.3385],[141.5353,38.3384],[141.5352,38.3385]]],[[[141.534,38.3389],[141.534,38.3389],[141.534,38.3389],[141.534,38.3389]]],[[[141.5349,38.3391],[141.5349,38.3391],[141.5349,38.3391],[141.5349,38.3391]]],[[[141.535,38.3391],[141.5348,38.3391],[141.5349,38.3391],[141.535,38.3391]]],[[[141.535,38.3393],[141.535,38.3394],[141.5352,38.3393],[141.535,38.3393]]],[[[141.5348,38.3394],[141.5347,38.3392],[141.5346,38.3394],[141.5348,38.3394]]],[[[141.5343,38.3396],[141.5345,38.3395],[141.5344,38.3395],[141.5343,38.3396]]],[[[141.5352,38.3396],[141.5351,38.3396],[141.5352,38.3396],[141.5352,38.3396]]],[[[141.5348,38.3395],[141.5345,38.3399],[141.5348,38.3402],[141.5348,38.3395]]],[[[141.5342,38.3399],[141.5341,38.3401],[141.5343,38.34],[141.5342,38.3399]]],[[[141.5354,38.3399],[141.5351,38.3401],[141.5353,38.3401],[141.5354,38.3399]]],[[[141.535,38.3401],[141.5351,38.3401],[141.535,38.3401],[141.535,38.3401]]],[[[141.5337,38.3401],[141.5337,38.3401],[141.5337,38.3401],[141.5337,38.3401]]],[[[141.5337,38.3402],[141.5337,38.3402],[141.5337,38.3401],[141.5337,38.3402]]],[[[141.5341,38.3406],[141.534,38.3406],[141.534,38.3406],[141.5341,38.3406]]],[[[141.5339,38.3407],[141.5339,38.3407],[141.5339,38.3407],[141.5339,38.3407]]],[[[141.5341,38.3407],[141.5339,38.3408],[141.534,38.3408],[141.5341,38.3407]]],[[[141.5344,38.3408],[141.5344,38.3408],[141.5344,38.3408],[141.5343,38.3408],[141.5344,38.3408]]],[[[141.5341,38.3408],[141.534,38.3408],[141.5339,38.3409],[141.5341,38.3408]]],[[[141.5341,38.3409],[141.5342,38.3409],[141.5342,38.3409],[141.5341,38.3409]]],[[[141.5341,38.341],[141.534,38.341],[141.5341,38.341],[141.5341,38.341]]],[[[141.5333,38.3414],[141.5334,38.3415],[141.5334,38.3414],[141.5333,38.3414]]],[[[141.5335,38.3415],[141.5335,38.3415],[141.5335,38.3415],[141.5335,38.3415]]],[[[141.5332,38.3415],[141.5331,38.3418],[141.5332,38.3417],[141.5332,38.3415]]],[[[141.5334,38.3416],[141.5334,38.3417],[141.5334,38.3417],[141.5334,38.3416]]],[[[141.5336,38.3418],[141.5337,38.3419],[141.5339,38.3416],[141.5336,38.3418]]],[[[141.5331,38.3419],[141.533,38.3418],[141.533,38.3418],[141.5331,38.3419]]],[[[141.5336,38.3419],[141.5336,38.3419],[141.5336,38.3419],[141.5336,38.3419]]],[[[141.5341,38.3419],[141.5342,38.3419],[141.5341,38.3418],[141.5341,38.3419]]],[[[141.5331,38.3833],[141.5331,38.3833],[141.5331,38.3833],[141.5331,38.3833]]],[[[141.5331,38.3834],[141.5331,38.3835],[141.5331,38.3834],[141.5331,38.3834]]],[[[141.5334,38.3837],[141.5335,38.3837],[141.5335,38.3837],[141.5334,38.3837]]],[[[141.5332,38.3838],[141.5333,38.3837],[141.5332,38.3837],[141.5332,38.3838]]],[[[141.5346,38.3843],[141.535,38.3844],[141.5344,38.384],[141.5346,38.3843]]],[[[141.5337,38.3842],[141.5337,38.3841],[141.5334,38.3846],[141.5335,38.3845],[141.5337,38.3843],[141.5337,38.3842]]],[[[141.5339,38.3844],[141.5338,38.3844],[141.5338,38.3845],[141.5339,38.3844]]],[[[141.534,38.3847],[141.5339,38.3847],[141.5339,38.3847],[141.534,38.3847]]],[[[141.534,38.3847],[141.5338,38.3849],[141.5342,38.3849],[141.534,38.3847]]],[[[141.5337,38.3858],[141.5337,38.3856],[141.5337,38.3856],[141.5337,38.3858]]],[[[141.5342,38.3865],[141.5342,38.3865],[141.5342,38.3866],[141.5342,38.3865]]],[[[141.5341,38.3866],[141.5341,38.3866],[141.5341,38.3867],[141.5341,38.3866]]],[[[141.534,38.3867],[141.534,38.3867],[141.5339,38.3867],[141.534,38.3867]]],[[[141.5338,38.3867],[141.5337,38.3867],[141.5337,38.3868],[141.5338,38.3867]]],[[[141.5344,38.3869],[141.5343,38.3869],[141.5343,38.387],[141.5344,38.3869]]],[[[141.5352,38.387],[141.5352,38.3869],[141.5352,38.387],[141.5352,38.387]]],[[[141.534,38.402],[141.5339,38.402],[141.5338,38.402],[141.534,38.402]]],[[[141.5346,38.402],[141.5346,38.402],[141.5346,38.4021],[141.5346,38.402]]],[[[141.5345,38.4022],[141.5345,38.4021],[141.5344,38.4022],[141.5345,38.4022]]],[[[141.534,38.4031],[141.5338,38.4029],[141.5338,38.4031],[141.534,38.4031]]],[[[141.5352,38.4863],[141.5352,38.4864],[141.5352,38.4863],[141.5352,38.4863]]],[[[141.5351,38.4864],[141.5351,38.4866],[141.5355,38.4868],[141.5351,38.4864]]],[[[141.5351,38.4871],[141.5351,38.4871],[141.5351,38.4871],[141.5351,38.4871]]],[[[141.5352,38.4872],[141.5353,38.4871],[141.5352,38.4871],[141.5352,38.4872]]],[[[141.5353,38.4871],[141.5353,38.4871],[141.5354,38.4872],[141.5353,38.4871]]],[[[141.5346,38.4874],[141.5345,38.4875],[141.5346,38.4875],[141.5346,38.4874]]],[[[141.535,38.4879],[141.5354,38.4873],[141.5348,38.4873],[141.535,38.4879]]],[[[141.5346,38.4876],[141.5346,38.4876],[141.5346,38.4876],[141.5346,38.4876]]],[[[141.5342,38.4876],[141.5344,38.4877],[141.5341,38.4875],[141.5342,38.4876]]],[[[141.5346,38.4877],[141.5347,38.4879],[141.535,38.4881],[141.5346,38.4877]]],[[[141.5345,38.4879],[141.5346,38.4879],[141.5346,38.4879],[141.5345,38.4879]]],[[[141.5351,38.488],[141.5351,38.4881],[141.5351,38.488],[141.5351,38.488]]],[[[141.5347,38.4881],[141.5347,38.488],[141.5347,38.4881],[141.5347,38.4881]]],[[[141.5353,38.4882],[141.5351,38.4881],[141.5352,38.4882],[141.5353,38.4882]]],[[[141.5346,38.4886],[141.5346,38.4886],[141.5346,38.4886],[141.5346,38.4886]]],[[[141.5348,38.4893],[141.535,38.4894],[141.535,38.4891],[141.5348,38.4893]]],[[[141.5334,38.4897],[141.5332,38.4897],[141.5333,38.4898],[141.5334,38.4897]]],[[[141.5353,38.4929],[141.5353,38.4929],[141.5352,38.4929],[141.5353,38.4929]]],[[[141.5353,38.4929],[141.5354,38.4929],[141.5353,38.4929],[141.5353,38.4929]]],[[[141.5354,38.493],[141.5352,38.4931],[141.5354,38.4932],[141.5354,38.493]]],[[[141.5351,38.4937],[141.5352,38.4937],[141.5352,38.4936],[141.5351,38.4937]]],[[[141.5352,38.4938],[141.5352,38.4938],[141.5352,38.4938],[141.5352,38.4938]]],[[[141.5353,38.4943],[141.5354,38.4941],[141.5353,38.4941],[141.5353,38.4943]]],[[[141.5341,38.5092],[141.5341,38.5092],[141.5341,38.5093],[141.5341,38.5092]]],[[[141.5341,38.5093],[141.5341,38.5093],[141.5341,38.5093],[141.5341,38.5093]]],[[[141.5344,38.5093],[141.5343,38.5093],[141.5344,38.5094],[141.5344,38.5093]]],[[[141.5342,38.5093],[141.5342,38.5093],[141.5342,38.5094],[141.5342,38.5093]]],[[[141.5345,38.5095],[141.5344,38.5095],[141.5345,38.5095],[141.5345,38.5095]]],[[[141.5344,38.5096],[141.5343,38.5096],[141.5344,38.5096],[141.5344,38.5096]]],[[[141.5342,38.5096],[141.5342,38.5096],[141.5341,38.5096],[141.5342,38.5096]]],[[[141.5348,38.5098],[141.5348,38.5097],[141.5346,38.5097],[141.5348,38.5098]]],[[[141.5346,38.5098],[141.5347,38.5098],[141.5346,38.5098],[141.5346,38.5098]]],[[[141.5351,38.5099],[141.5351,38.5099],[141.5351,38.5099],[141.5351,38.5099]]],[[[141.5345,38.5327],[141.5345,38.5327],[141.5345,38.5327],[141.5345,38.5327]]],[[[141.5349,38.5328],[141.5348,38.5328],[141.5348,38.5328],[141.5349,38.5328]]],[[[141.5346,38.5327],[141.5346,38.5328],[141.5346,38.5328],[141.5346,38.5327]]],[[[141.535,38.5333],[141.5352,38.533],[141.535,38.5329],[141.535,38.5333]]],[[[141.5352,38.5331],[141.5353,38.5331],[141.5353,38.5331],[141.5352,38.5331]]],[[[141.5328,38.5376],[141.5328,38.5376],[141.5327,38.5375],[141.5328,38.5376]]],[[[141.5335,38.5384],[141.5335,38.5385],[141.5335,38.5385],[141.5335,38.5384]]],[[[141.5335,38.5387],[141.5335,38.5386],[141.5334,38.5386],[141.5335,38.5387]]],[[[141.5336,38.5403],[141.5336,38.5402],[141.5336,38.5402],[141.5336,38.5403]]],[[[141.5347,38.5417],[141.5348,38.5417],[141.5348,38.5417],[141.5347,38.5417]]],[[[141.5343,38.542],[141.5345,38.5422],[141.5343,38.5419],[141.5343,38.542]]],[[[141.535,38.5421],[141.5349,38.5421],[141.535,38.5421],[141.535,38.5421]]],[[[141.535,38.5423],[141.5349,38.5421],[141.5351,38.5424],[141.535,38.5423]]],[[[141.5353,38.5425],[141.5353,38.5425],[141.5353,38.5425],[141.5353,38.5425]]],[[[141.5342,38.5425],[141.5342,38.5426],[141.5342,38.5426],[141.5342,38.5425]]],[[[141.5342,38.5427],[141.5343,38.5427],[141.5343,38.5427],[141.5342,38.5427]]],[[[141.534,38.5428],[141.5341,38.5428],[141.534,38.5427],[141.534,38.5428]]],[[[141.5343,38.5427],[141.5342,38.5428],[141.5344,38.5429],[141.5343,38.5427]]],[[[141.5344,38.5431],[141.5343,38.5431],[141.5343,38.5431],[141.5344,38.5431]]],[[[141.5352,38.5435],[141.5352,38.5433],[141.5351,38.5433],[141.5352,38.5435]]],[[[141.535,38.5455],[141.5351,38.5455],[141.535,38.5454],[141.535,38.5455]]],[[[141.5347,38.5455],[141.5348,38.5454],[141.5347,38.5454],[141.5347,38.5455]]],[[[141.5349,38.5456],[141.5349,38.5456],[141.5349,38.5456],[141.5349,38.5456]]],[[[141.5346,38.5459],[141.5346,38.546],[141.5346,38.546],[141.5346,38.5459]]],[[[141.5346,38.5462],[141.5346,38.5462],[141.5346,38.5462],[141.5346,38.5462]]],[[[141.5346,38.5462],[141.5346,38.5463],[141.5347,38.5463],[141.5346,38.5462]]],[[[141.5349,38.5464],[141.5348,38.5465],[141.5348,38.5465],[141.5349,38.5465],[141.5349,38.5464]]],[[[141.5334,38.5465],[141.5334,38.5465],[141.5334,38.5465],[141.5334,38.5465]]],[[[141.5346,38.5465],[141.5346,38.5465],[141.5346,38.5465],[141.5346,38.5465]]],[[[141.5349,38.5466],[141.5348,38.5465],[141.5348,38.5465],[141.5349,38.5466]]],[[[141.5347,38.5466],[141.5347,38.5466],[141.5347,38.5466],[141.5347,38.5466]]],[[[141.5348,38.5466],[141.5347,38.5466],[141.5348,38.5466],[141.5348,38.5466]]],[[[141.5334,38.5467],[141.5334,38.5467],[141.5334,38.5466],[141.5334,38.5467]]],[[[141.5335,38.5468],[141.5336,38.5467],[141.5335,38.5467],[141.5335,38.5468]]],[[[141.5343,38.5468],[141.5343,38.5468],[141.5343,38.5468],[141.5343,38.5468]]],[[[141.5351,38.5468],[141.5351,38.5468],[141.5351,38.5468],[141.5351,38.5468]]],[[[141.5334,38.5468],[141.5334,38.5469],[141.5334,38.5468],[141.5334,38.5468]]],[[[141.5329,38.5473],[141.533,38.5473],[141.5329,38.5472],[141.5329,38.5473]]],[[[141.5327,38.5473],[141.5327,38.5473],[141.5327,38.5473],[141.5327,38.5473]]],[[[141.5328,38.5475],[141.5329,38.5475],[141.5328,38.5475],[141.5328,38.5475]]],[[[141.5331,38.5479],[141.5333,38.548],[141.5332,38.5478],[141.5331,38.5479]]],[[[141.5328,38.5487],[141.5329,38.5487],[141.5329,38.5487],[141.5328,38.5487]]],[[[141.5337,38.5488],[141.5338,38.5489],[141.5338,38.5488],[141.5337,38.5488]]],[[[141.5326,38.5489],[141.5327,38.549],[141.5327,38.5489],[141.5326,38.5489]]],[[[141.5328,38.549],[141.5329,38.5491],[141.5328,38.549],[141.5328,38.549]]],[[[141.5326,38.549],[141.5327,38.5491],[141.5327,38.549],[141.5326,38.549]]],[[[141.5324,38.5492],[141.5322,38.5492],[141.5332,38.5502],[141.5324,38.5492]]],[[[141.5331,38.5497],[141.5332,38.5498],[141.5332,38.5498],[141.5331,38.5497]]],[[[141.5332,38.55],[141.5333,38.55],[141.5332,38.5499],[141.5332,38.55]]],[[[141.5327,38.5499],[141.5327,38.5499],[141.5327,38.55],[141.5327,38.5499]]],[[[141.5333,38.55],[141.5333,38.55],[141.5333,38.55],[141.5333,38.55]]],[[[141.5339,38.5507],[141.5339,38.5507],[141.5339,38.5507],[141.5339,38.5507]]],[[[141.5339,38.5507],[141.5338,38.5508],[141.5339,38.5508],[141.5339,38.5507]]],[[[141.5353,38.5508],[141.5354,38.5509],[141.5352,38.5507],[141.5353,38.5508]]],[[[141.5342,38.5509],[141.5342,38.551],[141.5342,38.551],[141.5342,38.5509]]],[[[141.5342,38.551],[141.5342,38.551],[141.5343,38.551],[141.5342,38.551]]],[[[141.5346,38.5509],[141.5344,38.551],[141.5344,38.5512],[141.5346,38.5509]]],[[[141.5353,38.5509],[141.5352,38.5509],[141.5354,38.5512],[141.5353,38.5509]]],[[[141.5352,38.5512],[141.5353,38.5512],[141.5352,38.551],[141.5352,38.5512]]],[[[141.5336,38.5517],[141.5334,38.5512],[141.5323,38.5515],[141.5336,38.5517]]],[[[141.5336,38.5515],[141.5338,38.5517],[141.5338,38.5518],[141.5336,38.5515]]],[[[141.5334,38.5522],[141.5334,38.5521],[141.5334,38.5522],[141.5334,38.5522]]],[[[141.534,38.5523],[141.5338,38.5521],[141.5338,38.5521],[141.534,38.5523]]],[[[141.5334,38.5522],[141.5333,38.5523],[141.5334,38.5523],[141.5334,38.5522]]],[[[141.5335,38.5524],[141.5335,38.5524],[141.5334,38.5523],[141.5335,38.5524]]],[[[141.5333,38.5524],[141.5334,38.5524],[141.5334,38.5523],[141.5333,38.5524]]],[[[141.5335,38.5525],[141.5335,38.5524],[141.5335,38.5524],[141.5335,38.5525]]],[[[141.5331,38.5524],[141.5332,38.5525],[141.5331,38.5524],[141.5331,38.5524]]],[[[141.5337,38.5525],[141.5337,38.5525],[141.5336,38.5524],[141.5337,38.5525]]],[[[141.534,38.5527],[141.5338,38.5524],[141.5337,38.5526],[141.534,38.5527]]],[[[141.5345,38.5525],[141.5345,38.5525],[141.5345,38.5525],[141.5345,38.5525]]],[[[141.5344,38.5527],[141.5345,38.5528],[141.5343,38.5524],[141.5344,38.5527]]],[[[141.5342,38.5525],[141.534,38.5525],[141.5342,38.5527],[141.5342,38.5525]]],[[[141.5335,38.5528],[141.5338,38.5527],[141.5335,38.5525],[141.5335,38.5528]]],[[[141.5341,38.5527],[141.5341,38.5527],[141.5341,38.5528],[141.5341,38.5527]]],[[[141.5343,38.5527],[141.5343,38.5528],[141.5343,38.5528],[141.5343,38.5527]]],[[[141.5346,38.5527],[141.5345,38.5528],[141.5347,38.5528],[141.5346,38.5527]]],[[[141.5341,38.5528],[141.5341,38.5529],[141.5341,38.5528],[141.5341,38.5528]]],[[[141.5339,38.553],[141.5339,38.5529],[141.5339,38.5529],[141.5339,38.553]]],[[[141.5334,38.553],[141.5333,38.5531],[141.5336,38.5533],[141.5334,38.553]]],[[[141.5347,38.5545],[141.5347,38.5544],[141.5346,38.5544],[141.5347,38.5545]]],[[[141.5347,38.5545],[141.5347,38.5545],[141.5348,38.5546],[141.5347,38.5545]]],[[[141.535,38.5548],[141.5349,38.5548],[141.5349,38.5548],[141.535,38.5548]]],[[[141.535,38.555],[141.5349,38.5549],[141.5349,38.5549],[141.535,38.555]]],[[[141.535,38.555],[141.535,38.555],[141.5351,38.5551],[141.535,38.555]]],[[[141.5353,38.6178],[141.5353,38.6178],[141.5353,38.6178],[141.5353,38.6178]]],[[[141.536,38.3008],[141.5359,38.3007],[141.5358,38.3008],[141.536,38.3008]]],[[[141.5373,38.301],[141.5372,38.301],[141.5373,38.301],[141.5373,38.301]]],[[[141.5374,38.3013],[141.5373,38.3014],[141.5374,38.3013],[141.5374,38.3013]]],[[[141.5376,38.3014],[141.5376,38.3013],[141.5374,38.3014],[141.5376,38.3014]]],[[[141.5377,38.3016],[141.5377,38.3017],[141.5377,38.3017],[141.5377,38.3016]]],[[[141.5375,38.3017],[141.5374,38.3017],[141.5375,38.3017],[141.5375,38.3017]]],[[[141.5376,38.3019],[141.5376,38.3019],[141.5376,38.3019],[141.5376,38.3019]]],[[[141.5375,38.3019],[141.5375,38.3019],[141.5375,38.3019],[141.5375,38.3019]]],[[[141.5375,38.302],[141.5375,38.302],[141.5375,38.302],[141.5375,38.302]]],[[[141.5375,38.3021],[141.5375,38.3021],[141.5375,38.3021],[141.5375,38.3021]]],[[[141.5374,38.3188],[141.5372,38.3189],[141.5373,38.3189],[141.5374,38.3188]]],[[[141.5374,38.3189],[141.5374,38.319],[141.5375,38.3189],[141.5374,38.3189]]],[[[141.536,38.3189],[141.536,38.319],[141.536,38.319],[141.536,38.3189]]],[[[141.5368,38.3192],[141.5368,38.3191],[141.5367,38.3191],[141.5368,38.3192]]],[[[141.538,38.3192],[141.5381,38.3191],[141.538,38.3191],[141.538,38.3192]]],[[[141.5374,38.3192],[141.5375,38.3192],[141.5374,38.3192],[141.5374,38.3192]]],[[[141.5359,38.3193],[141.5359,38.3193],[141.5359,38.3193],[141.5359,38.3193]]],[[[141.5367,38.327],[141.5365,38.3271],[141.5367,38.327],[141.5367,38.327]]],[[[141.5371,38.3272],[141.537,38.3272],[141.537,38.3272],[141.5371,38.3272]]],[[[141.5356,38.3389],[141.5357,38.3389],[141.5357,38.3388],[141.5356,38.3389]]],[[[141.5359,38.3388],[141.5359,38.3389],[141.5359,38.3389],[141.5359,38.3388]]],[[[141.5352,38.3389],[141.5352,38.339],[141.5355,38.339],[141.5352,38.3389]]],[[[141.5359,38.339],[141.5358,38.3391],[141.5359,38.3392],[141.5359,38.339]]],[[[141.5362,38.3392],[141.536,38.3393],[141.5361,38.3393],[141.5362,38.3392]]],[[[141.536,38.3393],[141.536,38.3392],[141.5359,38.3392],[141.536,38.3393]]],[[[141.538,38.3862],[141.5379,38.3863],[141.538,38.3863],[141.538,38.3862]]],[[[141.5382,38.3866],[141.5383,38.3866],[141.5382,38.3864],[141.5382,38.3866]]],[[[141.5355,38.3871],[141.5355,38.3871],[141.5354,38.3871],[141.5355,38.3871]]],[[[141.5355,38.3872],[141.5354,38.3871],[141.5354,38.3871],[141.5355,38.3872]]],[[[141.5358,38.3872],[141.5358,38.3872],[141.5358,38.3872],[141.5358,38.3872]]],[[[141.5375,38.3873],[141.5374,38.3873],[141.5374,38.3873],[141.5375,38.3873]]],[[[141.5373,38.3875],[141.5373,38.3875],[141.5373,38.3875],[141.5373,38.3875]]],[[[141.5382,38.3883],[141.5382,38.3884],[141.5382,38.3883],[141.5382,38.3883]]],[[[141.5379,38.3919],[141.538,38.392],[141.5379,38.3918],[141.5379,38.3919]]],[[[141.5383,38.3923],[141.5383,38.3922],[141.5383,38.3922],[141.5383,38.3923]]],[[[141.5379,38.3927],[141.538,38.3928],[141.5381,38.3927],[141.5379,38.3927]]],[[[141.5379,38.3932],[141.538,38.3933],[141.538,38.3932],[141.5379,38.3932]]],[[[141.5381,38.3935],[141.5381,38.3934],[141.538,38.3934],[141.5381,38.3935]]],[[[141.5382,38.3935],[141.5381,38.3935],[141.5381,38.3937],[141.5382,38.3935]]],[[[141.5382,38.3937],[141.5381,38.3937],[141.5381,38.3937],[141.5382,38.3937]]],[[[141.5384,38.3942],[141.5384,38.3941],[141.5384,38.3941],[141.5384,38.3942]]],[[[141.5384,38.3977],[141.5383,38.3978],[141.5383,38.3978],[141.5384,38.3977]]],[[[141.5381,38.3984],[141.5383,38.3985],[141.5381,38.3984],[141.5381,38.3984]]],[[[141.5377,38.4013],[141.5378,38.4013],[141.5377,38.4012],[141.5377,38.4013]]],[[[141.5371,38.4016],[141.5372,38.4019],[141.5372,38.4017],[141.5371,38.4016]]],[[[141.5374,38.4018],[141.5373,38.4017],[141.5373,38.4019],[141.5374,38.4018]]],[[[141.5366,38.4021],[141.5362,38.4018],[141.536,38.4021],[141.5366,38.4021]]],[[[141.5359,38.4021],[141.5359,38.402],[141.5359,38.402],[141.5359,38.4021]]],[[[141.5367,38.4023],[141.5367,38.4023],[141.5367,38.4023],[141.5367,38.4023]]],[[[141.5368,38.4025],[141.5367,38.4025],[141.5368,38.4027],[141.5368,38.4025]]],[[[141.5374,38.4026],[141.5372,38.4026],[141.5375,38.4028],[141.5374,38.4026]]],[[[141.5359,38.4868],[141.5359,38.4868],[141.5357,38.4867],[141.5359,38.4868]]],[[[141.5359,38.4869],[141.5359,38.487],[141.5359,38.487],[141.5359,38.4869]]],[[[141.5355,38.487],[141.5356,38.4871],[141.5356,38.4871],[141.5355,38.487]]],[[[141.5359,38.4871],[141.5359,38.4871],[141.5359,38.4873],[141.5359,38.4871]]],[[[141.5356,38.4872],[141.5355,38.4871],[141.5355,38.4872],[141.5356,38.4872]]],[[[141.5359,38.4878],[141.5358,38.4878],[141.5358,38.4879],[141.5359,38.4878]]],[[[141.5359,38.4878],[141.5359,38.4879],[141.536,38.4879],[141.5359,38.4878]]],[[[141.536,38.4881],[141.5358,38.488],[141.5355,38.488],[141.536,38.4881]]],[[[141.5367,38.4883],[141.5366,38.4885],[141.5367,38.4885],[141.5367,38.4883]]],[[[141.5358,38.4885],[141.5359,38.4885],[141.5358,38.4883],[141.5358,38.4885]]],[[[141.5369,38.4885],[141.5369,38.4885],[141.5368,38.4884],[141.5369,38.4885]]],[[[141.5365,38.4887],[141.5366,38.4887],[141.5366,38.4886],[141.5365,38.4887]]],[[[141.5369,38.489],[141.537,38.489],[141.5369,38.489],[141.5369,38.489]]],[[[141.5366,38.4892],[141.5366,38.4892],[141.5365,38.4892],[141.5366,38.4892]]],[[[141.5368,38.4891],[141.5369,38.4894],[141.5373,38.4894],[141.5368,38.4891]]],[[[141.5376,38.4894],[141.5374,38.4892],[141.5374,38.4894],[141.5376,38.4894]]],[[[141.5367,38.4896],[141.5366,38.4895],[141.5366,38.4896],[141.5367,38.4896]]],[[[141.5372,38.4898],[141.5372,38.4896],[141.5371,38.4895],[141.5372,38.4898]]],[[[141.5367,38.4896],[141.5368,38.4897],[141.5368,38.4896],[141.5367,38.4896]]],[[[141.5374,38.4898],[141.5375,38.4898],[141.5373,38.4896],[141.5374,38.4898]]],[[[141.5385,38.4904],[141.5383,38.4904],[141.5384,38.4904],[141.5385,38.4904]]],[[[141.5374,38.4905],[141.5374,38.4904],[141.5373,38.4905],[141.5374,38.4905]]],[[[141.5382,38.4907],[141.5381,38.4903],[141.538,38.4904],[141.5382,38.4907]]],[[[141.5375,38.4906],[141.5375,38.4904],[141.5374,38.4904],[141.5375,38.4906]]],[[[141.5376,38.4902],[141.5378,38.4909],[141.5379,38.4905],[141.5376,38.4902]]],[[[141.5374,38.4909],[141.5374,38.4909],[141.5374,38.4908],[141.5374,38.4909]]],[[[141.5383,38.4908],[141.5382,38.4908],[141.5383,38.4909],[141.5383,38.4908]]],[[[141.5383,38.4911],[141.5384,38.4911],[141.5383,38.491],[141.5383,38.4911]]],[[[141.5384,38.491],[141.5384,38.4911],[141.5385,38.4911],[141.5384,38.491]]],[[[141.5384,38.4913],[141.5383,38.4912],[141.5384,38.4914],[141.5384,38.4913]]],[[[141.537,38.4914],[141.5371,38.4914],[141.537,38.4914],[141.537,38.4914]]],[[[141.537,38.4915],[141.5369,38.4915],[141.537,38.4918],[141.537,38.4915]]],[[[141.5369,38.4919],[141.5368,38.4921],[141.5369,38.4922],[141.5369,38.4919]]],[[[141.537,38.492],[141.5371,38.4923],[141.5371,38.4919],[141.537,38.492]]],[[[141.5357,38.4924],[141.5357,38.4924],[141.5357,38.4924],[141.5357,38.4924]]],[[[141.5357,38.4926],[141.5356,38.4924],[141.5357,38.4926],[141.5357,38.4926]]],[[[141.5356,38.4929],[141.5355,38.4928],[141.5355,38.4928],[141.5356,38.4929]]],[[[141.5357,38.4931],[141.5358,38.4931],[141.5357,38.493],[141.5357,38.4931]]],[[[141.5355,38.4931],[141.5355,38.4931],[141.5356,38.4931],[141.5355,38.4931]]],[[[141.5357,38.4935],[141.5357,38.4935],[141.5357,38.4935],[141.5357,38.4935]]],[[[141.5354,38.4935],[141.5354,38.4937],[141.5355,38.4937],[141.5354,38.4935]]],[[[141.5359,38.4937],[141.5359,38.4935],[141.5358,38.4935],[141.5359,38.4937]]],[[[141.5369,38.4937],[141.537,38.4937],[141.5369,38.4937],[141.5369,38.4937]]],[[[141.5369,38.4937],[141.5369,38.4937],[141.5369,38.4936],[141.5369,38.4937]]],[[[141.5358,38.4937],[141.5358,38.4937],[141.5358,38.4937],[141.5358,38.4937]]],[[[141.5367,38.4937],[141.5365,38.4936],[141.5366,38.4938],[141.5367,38.4937]]],[[[141.5371,38.4938],[141.5371,38.4938],[141.5371,38.4937],[141.5371,38.4938]]],[[[141.5365,38.4937],[141.5365,38.4938],[141.5365,38.4938],[141.5365,38.4937]]],[[[141.5368,38.4939],[141.5369,38.4938],[141.5368,38.4938],[141.5368,38.4939]]],[[[141.5358,38.4939],[141.5359,38.4938],[141.5358,38.4938],[141.5358,38.4939]]],[[[141.5363,38.4938],[141.5363,38.4939],[141.5363,38.4939],[141.5363,38.4938]]],[[[141.5359,38.4939],[141.5359,38.4939],[141.5359,38.4939],[141.5359,38.4939]]],[[[141.5356,38.4963],[141.5356,38.4963],[141.5356,38.4964],[141.5356,38.4963]]],[[[141.5359,38.4963],[141.5359,38.4964],[141.536,38.4964],[141.5359,38.4963]]],[[[141.5361,38.4969],[141.5361,38.4967],[141.5361,38.4967],[141.5361,38.4969]]],[[[141.5361,38.4975],[141.536,38.4974],[141.5359,38.4975],[141.5361,38.4975]]],[[[141.5361,38.4975],[141.5362,38.4975],[141.5362,38.4974],[141.5361,38.4975]]],[[[141.5364,38.4976],[141.5365,38.4977],[141.5364,38.4976],[141.5364,38.4976]]],[[[141.5385,38.4985],[141.5383,38.4983],[141.5384,38.4984],[141.5385,38.4985]]],[[[141.5381,38.5049],[141.538,38.505],[141.5381,38.505],[141.5381,38.5049]]],[[[141.5383,38.505],[141.5384,38.5051],[141.5384,38.505],[141.5383,38.505]]],[[[141.538,38.5066],[141.5384,38.5065],[141.538,38.5064],[141.538,38.5066]]],[[[141.5371,38.5064],[141.5372,38.5066],[141.5373,38.5065],[141.5371,38.5064]]],[[[141.5365,38.508],[141.5364,38.508],[141.5364,38.5081],[141.5365,38.508]]],[[[141.5361,38.5082],[141.5362,38.5082],[141.5362,38.5082],[141.5361,38.5082]]],[[[141.537,38.5097],[141.5369,38.5097],[141.537,38.5097],[141.537,38.5097]]],[[[141.5355,38.5098],[141.5354,38.5098],[141.5354,38.5098],[141.5355,38.5098]]],[[[141.537,38.51],[141.5369,38.51],[141.5369,38.5101],[141.537,38.51]]],[[[141.536,38.5105],[141.536,38.5105],[141.536,38.5104],[141.536,38.5105]]],[[[141.5358,38.5106],[141.5359,38.5106],[141.5358,38.5105],[141.5358,38.5106]]],[[[141.5359,38.5107],[141.5359,38.5107],[141.5359,38.5108],[141.5359,38.5107]]],[[[141.5358,38.5107],[141.5358,38.5107],[141.5358,38.5108],[141.5358,38.5107]]],[[[141.5359,38.5108],[141.5359,38.5108],[141.5359,38.5108],[141.5359,38.5108]]],[[[141.538,38.5112],[141.538,38.5112],[141.538,38.5111],[141.538,38.5112]]],[[[141.5381,38.5113],[141.5381,38.5113],[141.5381,38.5113],[141.5381,38.5113]]],[[[141.5382,38.5151],[141.5382,38.5152],[141.5382,38.5152],[141.5382,38.5151]]],[[[141.5383,38.5298],[141.5383,38.5298],[141.5383,38.5298],[141.5383,38.5298]]],[[[141.5382,38.5299],[141.5381,38.5299],[141.5381,38.5299],[141.5382,38.5299]]],[[[141.5385,38.53],[141.5382,38.53],[141.5385,38.5304],[141.5385,38.53]]],[[[141.5379,38.5301],[141.5381,38.5304],[141.5382,38.5304],[141.5379,38.5301]]],[[[141.5382,38.5305],[141.5383,38.5305],[141.5382,38.5304],[141.5382,38.5305]]],[[[141.5378,38.5305],[141.538,38.5306],[141.5378,38.5303],[141.5378,38.5305]]],[[[141.5371,38.5317],[141.5372,38.5317],[141.5371,38.5316],[141.5371,38.5317]]],[[[141.5371,38.5317],[141.5371,38.5317],[141.5371,38.5317],[141.5371,38.5317]]],[[[141.537,38.5318],[141.537,38.5317],[141.5369,38.5318],[141.537,38.5318]]],[[[141.5382,38.532],[141.5382,38.5321],[141.5383,38.5321],[141.5382,38.532]]],[[[141.5381,38.5321],[141.5381,38.5322],[141.5382,38.5323],[141.5381,38.5321]]],[[[141.538,38.5323],[141.5381,38.5324],[141.5381,38.5322],[141.538,38.5323]]],[[[141.5361,38.5329],[141.5362,38.5329],[141.5361,38.5329],[141.5361,38.5329]]],[[[141.5359,38.5329],[141.5359,38.5329],[141.5359,38.5329],[141.5359,38.5329]]],[[[141.5369,38.5332],[141.5369,38.5332],[141.5369,38.5333],[141.5369,38.5332]]],[[[141.5374,38.5339],[141.5372,38.5336],[141.5372,38.5336],[141.5371,38.5337],[141.5374,38.5339]]],[[[141.5355,38.5505],[141.5355,38.5506],[141.5356,38.5506],[141.5355,38.5505]]],[[[141.5353,38.5508],[141.5354,38.551],[141.5355,38.5509],[141.5353,38.5508]]],[[[141.5371,38.5549],[141.537,38.5549],[141.5371,38.5549],[141.5371,38.5549]]],[[[141.5372,38.608],[141.5372,38.608],[141.5372,38.6081],[141.5372,38.608]]],[[[141.537,38.6082],[141.537,38.6082],[141.537,38.6081],[141.537,38.6082]]],[[[141.538,38.6082],[141.538,38.6082],[141.538,38.6082],[141.538,38.6082]]],[[[141.5379,38.6083],[141.538,38.6082],[141.5379,38.6082],[141.5379,38.6083]]],[[[141.538,38.6083],[141.5382,38.6082],[141.5381,38.6082],[141.538,38.6082],[141.538,38.6083]]],[[[141.5381,38.6084],[141.5381,38.6084],[141.5381,38.6084],[141.5381,38.6084]]],[[[141.5382,38.6086],[141.5381,38.6086],[141.5381,38.6086],[141.5382,38.6086]]],[[[141.5368,38.6098],[141.5367,38.6096],[141.5367,38.6098],[141.5368,38.6098]]],[[[141.5369,38.6098],[141.5369,38.6098],[141.5369,38.6097],[141.5369,38.6098]]],[[[141.5366,38.6098],[141.5365,38.6097],[141.5365,38.6098],[141.5366,38.6098]]],[[[141.5368,38.61],[141.5368,38.6099],[141.5368,38.6098],[141.5368,38.61]]],[[[141.5364,38.6101],[141.5364,38.6098],[141.5364,38.6098],[141.5364,38.6101]]],[[[141.537,38.6101],[141.5369,38.6101],[141.537,38.6101],[141.537,38.6101]]],[[[141.5368,38.6103],[141.5364,38.61],[141.5367,38.6104],[141.5368,38.6103]]],[[[141.5365,38.6102],[141.5365,38.6102],[141.5365,38.6103],[141.5365,38.6102]]],[[[141.5371,38.6105],[141.537,38.6104],[141.537,38.6103],[141.537,38.6104],[141.5371,38.6105]]],[[[141.5354,38.6171],[141.5354,38.6171],[141.5354,38.6171],[141.5354,38.6171]]],[[[141.5355,38.6172],[141.5355,38.6172],[141.5355,38.6173],[141.5355,38.6172]]],[[[141.5355,38.6175],[141.5355,38.6175],[141.5355,38.6176],[141.5355,38.6175]]],[[[141.5355,38.618],[141.536,38.6176],[141.5355,38.6172],[141.5356,38.6173],[141.5355,38.618]]],[[[141.5354,38.6175],[141.5355,38.6177],[141.5355,38.6177],[141.5354,38.6175]]],[[[141.5354,38.6178],[141.5354,38.618],[141.5354,38.6179],[141.5354,38.6178]]],[[[141.5354,38.618],[141.5355,38.6181],[141.5355,38.618],[141.5354,38.618]]],[[[141.5357,38.6181],[141.5357,38.6181],[141.5357,38.618],[141.5357,38.6181]]],[[[141.5364,38.6181],[141.5365,38.6181],[141.5364,38.6181],[141.5364,38.6181]]],[[[141.5363,38.6181],[141.5362,38.6182],[141.5364,38.6182],[141.5363,38.6181]]],[[[141.5363,38.6184],[141.5364,38.6184],[141.5363,38.6183],[141.5363,38.6184]]],[[[141.5364,38.6184],[141.5364,38.6184],[141.5364,38.6185],[141.5364,38.6184]]],[[[141.5364,38.6189],[141.5361,38.6187],[141.5363,38.619],[141.5364,38.6189]]],[[[141.5372,38.6192],[141.5372,38.6192],[141.5372,38.6191],[141.5372,38.6192]]],[[[141.5369,38.6192],[141.5369,38.6192],[141.5369,38.6193],[141.5369,38.6192]]],[[[141.5367,38.6191],[141.5366,38.619],[141.5367,38.6195],[141.5367,38.6191]]],[[[141.537,38.6196],[141.537,38.6196],[141.537,38.6196],[141.537,38.6196]]],[[[141.5392,38.3023],[141.5392,38.3023],[141.5391,38.3023],[141.5392,38.3023]]],[[[141.5388,38.3023],[141.5388,38.3024],[141.5389,38.3024],[141.5388,38.3023]]],[[[141.5391,38.3024],[141.5391,38.3025],[141.5392,38.3024],[141.5391,38.3024]]],[[[141.5396,38.3028],[141.5396,38.3027],[141.5396,38.3027],[141.5396,38.3028]]],[[[141.5402,38.303],[141.5402,38.303],[141.5401,38.303],[141.5402,38.303]]],[[[141.5401,38.3031],[141.5402,38.3031],[141.5401,38.3031],[141.5401,38.3031]]],[[[141.5402,38.3042],[141.5401,38.3042],[141.5402,38.3042],[141.5402,38.3042]]],[[[141.5402,38.3053],[141.5402,38.3053],[141.5403,38.3053],[141.5402,38.3053]]],[[[141.5403,38.3055],[141.5404,38.3055],[141.5403,38.3055],[141.5403,38.3055]]],[[[141.5406,38.3058],[141.5405,38.3058],[141.5405,38.3058],[141.5406,38.3058]]],[[[141.5406,38.3058],[141.5405,38.3058],[141.5405,38.3059],[141.5406,38.3058]]],[[[141.5406,38.3061],[141.5406,38.3064],[141.5406,38.3064],[141.5406,38.3061]]],[[[141.5407,38.3063],[141.5407,38.3064],[141.5408,38.3063],[141.5407,38.3063]]],[[[141.541,38.3064],[141.541,38.3064],[141.541,38.3064],[141.541,38.3064]]],[[[141.5408,38.3064],[141.5407,38.3064],[141.5407,38.3064],[141.5408,38.3064]]],[[[141.5408,38.3065],[141.5409,38.3065],[141.5409,38.3065],[141.5408,38.3065]]],[[[141.5406,38.3065],[141.5406,38.3065],[141.5407,38.3065],[141.5406,38.3065]]],[[[141.5406,38.307],[141.5406,38.307],[141.5406,38.3069],[141.5406,38.307]]],[[[141.5408,38.3077],[141.5408,38.3077],[141.5407,38.3077],[141.5408,38.3077]]],[[[141.541,38.3084],[141.541,38.3084],[141.541,38.3082],[141.541,38.3084]]],[[[141.541,38.3085],[141.541,38.3085],[141.5411,38.3085],[141.541,38.3085]]],[[[141.5409,38.309],[141.5409,38.309],[141.5409,38.3091],[141.5409,38.309]]],[[[141.5409,38.3097],[141.5409,38.3097],[141.5409,38.3097],[141.5409,38.3097]]],[[[141.5409,38.3107],[141.5409,38.3106],[141.5409,38.3106],[141.5409,38.3107]]],[[[141.5409,38.313],[141.5409,38.313],[141.5409,38.3131],[141.5409,38.313]]],[[[141.5407,38.3132],[141.5408,38.3132],[141.5408,38.3132],[141.5407,38.3132]]],[[[141.5409,38.3134],[141.5408,38.3135],[141.5409,38.3134],[141.5409,38.3134]]],[[[141.541,38.3141],[141.541,38.3141],[141.541,38.3141],[141.541,38.3141]]],[[[141.5406,38.3145],[141.5407,38.3145],[141.5407,38.3145],[141.5406,38.3145]]],[[[141.5408,38.3147],[141.5409,38.3147],[141.5408,38.3146],[141.5408,38.3147]]],[[[141.5406,38.315],[141.5406,38.315],[141.5406,38.3151],[141.5406,38.315]]],[[[141.5409,38.3151],[141.541,38.3151],[141.5409,38.3151],[141.5409,38.3151]]],[[[141.5407,38.3152],[141.5408,38.3151],[141.5407,38.3151],[141.5407,38.3152]]],[[[141.5408,38.3153],[141.5408,38.3152],[141.5407,38.3153],[141.5408,38.3153]]],[[[141.541,38.3156],[141.5409,38.3156],[141.541,38.3156],[141.541,38.3156]]],[[[141.541,38.3162],[141.541,38.316],[141.5409,38.3161],[141.541,38.3162]]],[[[141.541,38.3163],[141.5408,38.3162],[141.5408,38.3163],[141.541,38.3163]]],[[[141.541,38.3167],[141.5411,38.3165],[141.5409,38.3166],[141.541,38.3167]]],[[[141.5404,38.3167],[141.5403,38.3167],[141.5404,38.3169],[141.5404,38.3167]]],[[[141.5395,38.3171],[141.5395,38.317],[141.5394,38.3171],[141.5395,38.3171]]],[[[141.5393,38.3172],[141.5393,38.3173],[141.5393,38.3172],[141.5393,38.3172]]],[[[141.5393,38.3174],[141.5393,38.3174],[141.5393,38.3174],[141.5393,38.3174]]],[[[141.5396,38.3175],[141.5396,38.3175],[141.5396,38.3175],[141.5396,38.3175]]],[[[141.5397,38.3175],[141.5397,38.3175],[141.5398,38.3175],[141.5397,38.3175]]],[[[141.5398,38.3176],[141.5398,38.3176],[141.5398,38.3175],[141.5398,38.3176]]],[[[141.5397,38.3176],[141.5397,38.3176],[141.5397,38.3176],[141.5397,38.3176]]],[[[141.5395,38.3181],[141.5395,38.3181],[141.5395,38.3182],[141.5395,38.3181]]],[[[141.5385,38.3192],[141.5386,38.3192],[141.5385,38.3192],[141.5385,38.3192]]],[[[141.5401,38.3196],[141.5398,38.3196],[141.5398,38.3196],[141.5401,38.3196]]],[[[141.541,38.388],[141.541,38.388],[141.541,38.388],[141.541,38.388]]],[[[141.541,38.3881],[141.5409,38.388],[141.5409,38.3881],[141.541,38.3881]]],[[[141.5406,38.3885],[141.5404,38.388],[141.5402,38.3878],[141.5406,38.3885]]],[[[141.5385,38.3882],[141.5384,38.3882],[141.5384,38.3882],[141.5385,38.3882]]],[[[141.5398,38.3882],[141.5399,38.3883],[141.5398,38.3882],[141.5398,38.3882]]],[[[141.5397,38.3886],[141.5397,38.3881],[141.5395,38.388],[141.5397,38.3886]]],[[[141.5386,38.3884],[141.5385,38.3883],[141.5385,38.3884],[141.5386,38.3884]]],[[[141.54,38.3886],[141.5403,38.3884],[141.5401,38.3881],[141.54,38.3886]]],[[[141.5406,38.3887],[141.5406,38.3887],[141.5405,38.3887],[141.5406,38.3887]]],[[[141.5405,38.3887],[141.5405,38.3888],[141.5405,38.3888],[141.5405,38.3887]]],[[[141.5401,38.3888],[141.54,38.3888],[141.5401,38.3889],[141.5401,38.3888]]],[[[141.5408,38.3898],[141.5409,38.3896],[141.5408,38.3896],[141.5408,38.3898]]],[[[141.5405,38.3905],[141.5403,38.3902],[141.5403,38.3903],[141.5405,38.3905]]],[[[141.5394,38.3903],[141.5395,38.3904],[141.5395,38.3904],[141.5394,38.3903]]],[[[141.5393,38.3904],[141.5392,38.3904],[141.5391,38.3904],[141.5393,38.3904]]],[[[141.539,38.3905],[141.5388,38.3904],[141.5389,38.3905],[141.539,38.3905]]],[[[141.5409,38.3905],[141.5409,38.3905],[141.5408,38.3905],[141.5409,38.3905]]],[[[141.5386,38.3906],[141.5385,38.3905],[141.5385,38.3905],[141.5386,38.3906]]],[[[141.5388,38.3909],[141.5388,38.391],[141.5387,38.3906],[141.5388,38.3909]]],[[[141.5384,38.391],[141.5388,38.3914],[141.5386,38.3912],[141.5384,38.391]]],[[[141.5389,38.3916],[141.5389,38.3916],[141.5389,38.3916],[141.5389,38.3916]]],[[[141.5391,38.3921],[141.5392,38.3921],[141.5391,38.392],[141.5391,38.3921]]],[[[141.5385,38.3921],[141.5387,38.3923],[141.5387,38.3922],[141.5385,38.3921]]],[[[141.5387,38.3924],[141.5389,38.3924],[141.5388,38.3923],[141.5387,38.3924]]],[[[141.5392,38.3943],[141.5393,38.3943],[141.5393,38.3943],[141.5392,38.3943]]],[[[141.54,38.3945],[141.54,38.3945],[141.54,38.3945],[141.54,38.3945]]],[[[141.5396,38.3945],[141.5396,38.3945],[141.5396,38.3945],[141.5396,38.3945]]],[[[141.5401,38.3946],[141.5401,38.3946],[141.54,38.3946],[141.5401,38.3946]]],[[[141.5397,38.3946],[141.5397,38.3946],[141.5396,38.3946],[141.5397,38.3946]]],[[[141.5394,38.3947],[141.5394,38.3946],[141.5393,38.3946],[141.5394,38.3947]]],[[[141.5392,38.396],[141.5394,38.3963],[141.5393,38.396],[141.5392,38.396]]],[[[141.5397,38.3961],[141.5397,38.3961],[141.5397,38.3961],[141.5397,38.3961]]],[[[141.5396,38.3962],[141.5397,38.3962],[141.5396,38.3961],[141.5396,38.3962]]],[[[141.5385,38.3978],[141.5385,38.3977],[141.5384,38.3978],[141.5385,38.3978]]],[[[141.5385,38.3987],[141.5385,38.3987],[141.5386,38.3987],[141.5386,38.3986],[141.5385,38.3987]]],[[[141.5388,38.3998],[141.5385,38.3999],[141.5386,38.4],[141.5388,38.3998]]],[[[141.5387,38.4013],[141.5386,38.4014],[141.5387,38.4015],[141.5388,38.4014],[141.5387,38.4013]]],[[[141.5388,38.4975],[141.5388,38.4975],[141.5388,38.4975],[141.5388,38.4975]]],[[[141.5398,38.4976],[141.5399,38.4975],[141.5398,38.4975],[141.5398,38.4976]]],[[[141.5396,38.4979],[141.5396,38.4977],[141.5396,38.4978],[141.5396,38.4979]]],[[[141.5397,38.4986],[141.5397,38.4984],[141.5396,38.4983],[141.5397,38.4986]]],[[[141.5399,38.4984],[141.54,38.4986],[141.54,38.4986],[141.5399,38.4984]]],[[[141.5399,38.4987],[141.5399,38.4987],[141.5399,38.4987],[141.5399,38.4987]]],[[[141.5403,38.4994],[141.5404,38.4993],[141.5404,38.4993],[141.5403,38.4994]]],[[[141.5404,38.4994],[141.5405,38.4995],[141.5405,38.4995],[141.5404,38.4994]]],[[[141.541,38.5004],[141.541,38.5003],[141.5409,38.5004],[141.541,38.5004]]],[[[141.5409,38.5008],[141.5409,38.5008],[141.5409,38.5008],[141.5409,38.5008]]],[[[141.54,38.5036],[141.54,38.5035],[141.54,38.5035],[141.54,38.5036]]],[[[141.5405,38.5037],[141.5404,38.5037],[141.5404,38.5037],[141.5405,38.5037]]],[[[141.5387,38.5036],[141.5386,38.5038],[141.5387,38.5039],[141.5387,38.5036]]],[[[141.5402,38.5038],[141.5402,38.5038],[141.5402,38.5039],[141.5402,38.5038]]],[[[141.5387,38.504],[141.5387,38.5039],[141.5387,38.5042],[141.5387,38.504]]],[[[141.5388,38.5044],[141.5385,38.5044],[141.5388,38.5045],[141.5388,38.5044]]],[[[141.5386,38.5052],[141.5385,38.5051],[141.5386,38.5052],[141.5386,38.5052]]],[[[141.5385,38.5053],[141.5385,38.5054],[141.5385,38.5052],[141.5385,38.5053]]],[[[141.5386,38.5058],[141.5386,38.5058],[141.5386,38.5058],[141.5386,38.5058]]],[[[141.5389,38.5059],[141.5389,38.5058],[141.5389,38.5058],[141.5389,38.5059]]],[[[141.5386,38.5059],[141.5386,38.5059],[141.5386,38.5059],[141.5386,38.5059]]],[[[141.5391,38.5112],[141.5391,38.5111],[141.5391,38.5111],[141.5391,38.5112]]],[[[141.539,38.5116],[141.539,38.5115],[141.539,38.5116],[141.539,38.5116]]],[[[141.539,38.5116],[141.539,38.5116],[141.539,38.5117],[141.539,38.5116]]],[[[141.5387,38.5117],[141.5387,38.5117],[141.5387,38.5117],[141.5387,38.5117]]],[[[141.5403,38.5118],[141.5404,38.5117],[141.5403,38.5118],[141.5403,38.5118]]],[[[141.5401,38.5121],[141.5401,38.5123],[141.5401,38.512],[141.5401,38.5121]]],[[[141.5403,38.5122],[141.5403,38.5123],[141.5404,38.5122],[141.5403,38.5122]]],[[[141.5399,38.5124],[141.54,38.5123],[141.54,38.5123],[141.5399,38.5124]]],[[[141.5404,38.5123],[141.5403,38.5124],[141.5403,38.5125],[141.5404,38.5123]]],[[[141.5402,38.5125],[141.5401,38.5125],[141.5401,38.5125],[141.5402,38.5125]]],[[[141.5401,38.5125],[141.5401,38.5126],[141.5401,38.5126],[141.5401,38.5125]]],[[[141.5401,38.5128],[141.5401,38.5127],[141.5401,38.5127],[141.5401,38.5128]]],[[[141.5399,38.5128],[141.5399,38.5128],[141.54,38.5127],[141.5399,38.5128]]],[[[141.539,38.5134],[141.539,38.5134],[141.539,38.5134],[141.539,38.5134]]],[[[141.539,38.5134],[141.539,38.5134],[141.539,38.5134],[141.539,38.5134]]],[[[141.5389,38.5134],[141.5389,38.5135],[141.539,38.5134],[141.5389,38.5134]]],[[[141.539,38.5135],[141.5389,38.5135],[141.539,38.5135],[141.539,38.5135]]],[[[141.5389,38.5135],[141.539,38.5135],[141.5389,38.5135],[141.5389,38.5135]]],[[[141.5407,38.5134],[141.5402,38.5133],[141.5404,38.5138],[141.5407,38.5134]]],[[[141.539,38.5137],[141.539,38.5137],[141.5389,38.5136],[141.539,38.5137]]],[[[141.539,38.5137],[141.5389,38.5137],[141.5389,38.5137],[141.539,38.5137]]],[[[141.5388,38.5137],[141.5388,38.5137],[141.5388,38.5137],[141.5388,38.5137]]],[[[141.5387,38.5141],[141.5387,38.5141],[141.5387,38.5141],[141.5387,38.5141]]],[[[141.5388,38.5141],[141.5389,38.5141],[141.5388,38.5141],[141.5388,38.5141]]],[[[141.5387,38.5141],[141.5388,38.5141],[141.5388,38.5141],[141.5387,38.5141]]],[[[141.5385,38.5149],[141.5387,38.5148],[141.5386,38.5147],[141.5385,38.5149]]],[[[141.5388,38.5157],[141.5388,38.5157],[141.5388,38.5157],[141.5388,38.5157]]],[[[141.5392,38.516],[141.5392,38.5161],[141.5392,38.5161],[141.5392,38.516]]],[[[141.5401,38.5175],[141.5401,38.5175],[141.5401,38.5175],[141.5401,38.5175]]],[[[141.5408,38.5176],[141.5408,38.5177],[141.5409,38.5176],[141.5408,38.5176]]],[[[141.5404,38.518],[141.5404,38.5179],[141.5404,38.518],[141.5404,38.518]]],[[[141.5405,38.5181],[141.5405,38.518],[141.5404,38.518],[141.5405,38.5181]]],[[[141.5408,38.5181],[141.5408,38.5181],[141.5407,38.5181],[141.5408,38.5181]]],[[[141.5406,38.5181],[141.5407,38.5181],[141.5406,38.5181],[141.5406,38.5181]]],[[[141.5406,38.5182],[141.5407,38.5182],[141.5407,38.5182],[141.5406,38.5182]]],[[[141.5406,38.5185],[141.5407,38.5185],[141.5406,38.5185],[141.5406,38.5185]]],[[[141.5405,38.527],[141.5405,38.527],[141.5405,38.5269],[141.5405,38.527]]],[[[141.5409,38.527],[141.5409,38.527],[141.5408,38.527],[141.5409,38.527]]],[[[141.5398,38.5286],[141.5398,38.5286],[141.5397,38.5286],[141.5398,38.5286]]],[[[141.5396,38.5286],[141.5396,38.5286],[141.5396,38.5286],[141.5396,38.5286]]],[[[141.5395,38.5287],[141.5395,38.5288],[141.5395,38.5287],[141.5395,38.5287]]],[[[141.5388,38.5288],[141.5388,38.5288],[141.5388,38.5289],[141.5388,38.5288]]],[[[141.5388,38.529],[141.5388,38.5289],[141.5387,38.5289],[141.5388,38.529]]],[[[141.5391,38.5292],[141.5391,38.5293],[141.5391,38.5293],[141.5391,38.5292]]],[[[141.5387,38.5292],[141.5386,38.5292],[141.5386,38.5293],[141.5387,38.5292]]],[[[141.5386,38.5293],[141.5386,38.5293],[141.5386,38.5293],[141.5386,38.5293]]],[[[141.5391,38.5293],[141.5391,38.5293],[141.5391,38.5293],[141.5391,38.5293]]],[[[141.5387,38.5294],[141.5386,38.5294],[141.5387,38.5294],[141.5387,38.5294]]],[[[141.5386,38.5298],[141.5386,38.5298],[141.5386,38.5297],[141.5386,38.5298]]],[[[141.5385,38.5299],[141.5385,38.53],[141.5385,38.5299],[141.5385,38.5299]]],[[[141.5386,38.53],[141.5386,38.53],[141.5385,38.5299],[141.5386,38.53]]],[[[141.5392,38.53],[141.5392,38.53],[141.5391,38.53],[141.5392,38.53]]],[[[141.5386,38.5303],[141.5386,38.5303],[141.5386,38.5303],[141.5386,38.5303]]],[[[141.5387,38.5314],[141.5386,38.5314],[141.5387,38.5314],[141.5387,38.5314]]],[[[141.5388,38.5315],[141.5388,38.5316],[141.5388,38.5316],[141.5388,38.5315]]],[[[141.5387,38.5317],[141.5386,38.5318],[141.5387,38.5318],[141.5387,38.5317]]],[[[141.5389,38.5317],[141.539,38.5318],[141.5391,38.5318],[141.5389,38.5317]]],[[[141.5387,38.5317],[141.5388,38.5319],[141.539,38.532],[141.5387,38.5317]]],[[[141.5385,38.5318],[141.5385,38.5318],[141.5385,38.5321],[141.5385,38.5318]]],[[[141.5392,38.532],[141.5393,38.532],[141.5392,38.5319],[141.5392,38.532]]],[[[141.5394,38.532],[141.5393,38.532],[141.5393,38.5321],[141.5394,38.532]]],[[[141.5391,38.5322],[141.539,38.532],[141.5389,38.5321],[141.5391,38.5322]]],[[[141.5389,38.5324],[141.539,38.5324],[141.5389,38.5323],[141.5389,38.5324]]],[[[141.5387,38.6087],[141.5389,38.6088],[141.5388,38.6086],[141.5387,38.6087]]],[[[141.5397,38.6101],[141.5397,38.6101],[141.5397,38.6101],[141.5397,38.6101]]],[[[141.5397,38.6101],[141.5397,38.6101],[141.5397,38.6101],[141.5397,38.6101]]],[[[141.5397,38.6103],[141.5397,38.6103],[141.5397,38.6103],[141.5397,38.6103]]],[[[141.5396,38.6105],[141.5395,38.6104],[141.5395,38.6104],[141.5396,38.6105]]],[[[141.5402,38.6104],[141.5401,38.6104],[141.5401,38.6104],[141.5402,38.6104]]],[[[141.54,38.6105],[141.54,38.6105],[141.54,38.6106],[141.54,38.6105]]],[[[141.5396,38.6106],[141.5396,38.6106],[141.5396,38.6106],[141.5396,38.6106]]],[[[141.5395,38.6106],[141.5396,38.6106],[141.5396,38.6106],[141.5395,38.6106]]],[[[141.5676,38.2724],[141.5676,38.2726],[141.5679,38.2726],[141.5676,38.2724]]],[[[141.5678,38.2757],[141.5679,38.2756],[141.5678,38.2757],[141.5678,38.2757]]],[[[141.5679,38.276],[141.5678,38.2759],[141.5678,38.276],[141.5679,38.276]]],[[[141.5653,38.2768],[141.5653,38.2767],[141.5653,38.2768],[141.5653,38.2768]]],[[[141.5653,38.2769],[141.5654,38.2768],[141.5653,38.2768],[141.5653,38.2769]]],[[[141.5647,38.2769],[141.5647,38.2769],[141.5646,38.2768],[141.5647,38.2769]]],[[[141.5646,38.2771],[141.5645,38.2771],[141.5645,38.2771],[141.5646,38.2771]]],[[[141.564,38.2772],[141.564,38.2773],[141.5641,38.2773],[141.564,38.2772]]],[[[141.5654,38.2776],[141.5654,38.2777],[141.5655,38.2777],[141.5654,38.2776]]],[[[141.5628,38.2792],[141.5629,38.2791],[141.5627,38.2791],[141.5628,38.2792]]],[[[141.5633,38.2791],[141.5631,38.2792],[141.5633,38.2792],[141.5633,38.2791]]],[[[141.563,38.2792],[141.5631,38.2793],[141.5631,38.2792],[141.563,38.2792]]],[[[141.5627,38.2796],[141.5627,38.2796],[141.5627,38.2796],[141.5627,38.2796]]],[[[141.5623,38.2799],[141.5623,38.2799],[141.5623,38.2798],[141.5623,38.2799]]],[[[141.5609,38.2805],[141.5608,38.2805],[141.5609,38.2805],[141.5609,38.2805]]],[[[141.5589,38.2815],[141.5589,38.2814],[141.5589,38.2814],[141.5589,38.2815]]],[[[141.5563,38.2837],[141.5562,38.2837],[141.5562,38.2838],[141.5563,38.2837]]],[[[141.5562,38.2855],[141.5562,38.2854],[141.5561,38.2855],[141.5562,38.2855]]],[[[141.5544,38.286],[141.5543,38.2861],[141.5543,38.2861],[141.5544,38.286]]],[[[141.5543,38.2861],[141.5543,38.2861],[141.5543,38.2861],[141.5543,38.2861]]],[[[141.5542,38.2861],[141.5542,38.2861],[141.5542,38.2861],[141.5542,38.2861]]],[[[141.5535,38.2865],[141.5535,38.2865],[141.5536,38.2866],[141.5535,38.2865]]],[[[141.5534,38.2866],[141.5536,38.2866],[141.5534,38.2866],[141.5534,38.2866]]],[[[141.5525,38.2875],[141.5524,38.2874],[141.5524,38.2875],[141.5525,38.2875]]],[[[141.5524,38.2875],[141.5524,38.2876],[141.5524,38.2876],[141.5524,38.2875]]],[[[141.5518,38.2934],[141.5518,38.2934],[141.5518,38.2934],[141.5518,38.2934]]],[[[141.5518,38.2936],[141.5517,38.2935],[141.5517,38.2936],[141.5518,38.2936]]],[[[141.5511,38.2956],[141.5511,38.2956],[141.5511,38.2956],[141.5511,38.2956]]],[[[141.5511,38.2956],[141.5511,38.2957],[141.5511,38.2957],[141.5511,38.2956]]],[[[141.5527,38.3066],[141.5527,38.3065],[141.5527,38.3066],[141.5527,38.3066]]],[[[141.5553,38.3075],[141.5553,38.3074],[141.5552,38.3074],[141.5553,38.3075]]],[[[141.5553,38.3075],[141.5553,38.3075],[141.5553,38.3075],[141.5553,38.3075]]],[[[141.5412,38.3083],[141.5411,38.3082],[141.5412,38.3083],[141.5412,38.3083]]],[[[141.5582,38.3084],[141.5582,38.3084],[141.5582,38.3085],[141.5582,38.3085],[141.5582,38.3084]]],[[[141.5582,38.3085],[141.5582,38.3085],[141.5582,38.3085],[141.5582,38.3085]]],[[[141.5581,38.3085],[141.5581,38.3085],[141.558,38.3085],[141.5581,38.3085]]],[[[141.5412,38.3085],[141.5411,38.3085],[141.5411,38.3085],[141.5412,38.3085]]],[[[141.558,38.3085],[141.558,38.3086],[141.558,38.3086],[141.558,38.3085]]],[[[141.5582,38.3087],[141.5584,38.3087],[141.5584,38.3087],[141.5582,38.3087]]],[[[141.5411,38.309],[141.5411,38.309],[141.541,38.309],[141.5411,38.309]]],[[[141.5602,38.309],[141.5601,38.309],[141.5601,38.309],[141.5602,38.309]]],[[[141.5411,38.309],[141.5411,38.309],[141.5411,38.309],[141.5411,38.309]]],[[[141.5603,38.3093],[141.5603,38.3092],[141.5602,38.3093],[141.5603,38.3093]]],[[[141.5413,38.3092],[141.5413,38.3093],[141.5413,38.3093],[141.5413,38.3092]]],[[[141.5413,38.3095],[141.5413,38.3095],[141.5413,38.3095],[141.5413,38.3095]]],[[[141.5411,38.3096],[141.5412,38.3096],[141.5412,38.3096],[141.5411,38.3096]]],[[[141.5411,38.3096],[141.541,38.3097],[141.5411,38.3096],[141.5411,38.3096]]],[[[141.5626,38.311],[141.5626,38.311],[141.5626,38.311],[141.5626,38.311]]],[[[141.5416,38.3115],[141.5416,38.3115],[141.5416,38.3115],[141.5416,38.3115]]],[[[141.5416,38.3116],[141.5417,38.3116],[141.5417,38.3116],[141.5416,38.3116]]],[[[141.5416,38.3117],[141.5416,38.3116],[141.5415,38.3116],[141.5416,38.3117]]],[[[141.5415,38.3117],[141.5415,38.3117],[141.5415,38.3117],[141.5415,38.3117]]],[[[141.5416,38.3117],[141.5417,38.3117],[141.5416,38.3117],[141.5416,38.3117]]],[[[141.5416,38.3117],[141.5415,38.3117],[141.5415,38.3118],[141.5416,38.3117]]],[[[141.5634,38.3118],[141.5634,38.3118],[141.5634,38.3118],[141.5634,38.3118]]],[[[141.5416,38.3118],[141.5416,38.3118],[141.5416,38.3118],[141.5416,38.3118]]],[[[141.5635,38.312],[141.5634,38.312],[141.5635,38.312],[141.5635,38.312]]],[[[141.5413,38.3124],[141.5415,38.312],[141.5412,38.312],[141.5413,38.3124]]],[[[141.5415,38.3126],[141.5416,38.3126],[141.5415,38.3126],[141.5415,38.3126]]],[[[141.5417,38.3126],[141.5416,38.3126],[141.5417,38.3127],[141.5417,38.3126]]],[[[141.5415,38.3129],[141.5413,38.3128],[141.5412,38.3128],[141.5415,38.3129]]],[[[141.5411,38.3129],[141.5411,38.313],[141.5411,38.313],[141.5411,38.3129]]],[[[141.5411,38.3132],[141.5414,38.3132],[141.5412,38.313],[141.5411,38.3132]]],[[[141.5413,38.3134],[141.5415,38.3133],[141.5415,38.3132],[141.5413,38.3134]]],[[[141.5415,38.3134],[141.5414,38.3135],[141.5416,38.3136],[141.5415,38.3134]]],[[[141.5412,38.3167],[141.5412,38.3167],[141.5412,38.3168],[141.5412,38.3167]]],[[[141.5411,38.3899],[141.5411,38.3899],[141.5411,38.3899],[141.5411,38.3899]]],[[[141.541,38.39],[141.541,38.39],[141.5411,38.39],[141.541,38.39]]],[[[141.5411,38.39],[141.5411,38.39],[141.5411,38.39],[141.5411,38.39]]],[[[141.5418,38.3902],[141.5419,38.3902],[141.5418,38.3902],[141.5418,38.3902]]],[[[141.5419,38.3955],[141.5419,38.3954],[141.5419,38.3954],[141.5419,38.3955]]],[[[141.5411,38.3956],[141.5412,38.3955],[141.5413,38.3956],[141.5412,38.3954],[141.5411,38.3956]]],[[[141.5411,38.3956],[141.5411,38.3957],[141.5411,38.3957],[141.5411,38.3956]]],[[[141.5411,38.3958],[141.541,38.3958],[141.5411,38.3958],[141.5411,38.3958]]],[[[141.5412,38.396],[141.5413,38.396],[141.5413,38.3959],[141.5412,38.396]]],[[[141.5416,38.3961],[141.5416,38.396],[141.5416,38.3961],[141.5416,38.3961]]],[[[141.5409,38.3964],[141.5411,38.3963],[141.541,38.3958],[141.5409,38.3964]]],[[[141.5418,38.3966],[141.5418,38.3968],[141.5419,38.3968],[141.5418,38.3966]]],[[[141.5424,38.4969],[141.5424,38.4969],[141.5425,38.4969],[141.5424,38.4969]]],[[[141.5425,38.4971],[141.5425,38.4971],[141.5425,38.4971],[141.5425,38.4971]]],[[[141.5422,38.4975],[141.5422,38.4975],[141.5422,38.4974],[141.5422,38.4975]]],[[[141.5426,38.4975],[141.5427,38.4975],[141.5427,38.4976],[141.5426,38.4975],[141.5426,38.4975]]],[[[141.5426,38.4977],[141.5427,38.4976],[141.5427,38.4975],[141.5426,38.4977]]],[[[141.5413,38.4978],[141.5412,38.4979],[141.5412,38.498],[141.5413,38.4978]]],[[[141.5414,38.4987],[141.5413,38.4987],[141.5413,38.4989],[141.5414,38.4987]]],[[[141.5414,38.4993],[141.5416,38.4994],[141.5415,38.4992],[141.5414,38.4993]]],[[[141.5418,38.5],[141.5419,38.4999],[141.5418,38.4999],[141.5418,38.5]]],[[[141.5416,38.5016],[141.5416,38.5016],[141.5416,38.5016],[141.5416,38.5016]]],[[[141.5418,38.5016],[141.5418,38.5017],[141.5419,38.5017],[141.5418,38.5016]]],[[[141.5431,38.5023],[141.543,38.5023],[141.543,38.5023],[141.5431,38.5023]]],[[[141.5433,38.5026],[141.5434,38.5027],[141.5434,38.5027],[141.5433,38.5026]]],[[[141.5432,38.503],[141.5433,38.503],[141.5433,38.503],[141.5432,38.503]]],[[[141.5416,38.5051],[141.5415,38.505],[141.5416,38.5052],[141.5416,38.5051]]],[[[141.5416,38.5126],[141.5417,38.5136],[141.5416,38.5124],[141.5416,38.5126]]],[[[141.5419,38.5129],[141.542,38.5134],[141.542,38.5126],[141.5419,38.5129]]],[[[141.5414,38.5132],[141.5415,38.5133],[141.5414,38.5129],[141.5414,38.5132]]],[[[141.5415,38.5175],[141.5415,38.5175],[141.5415,38.5174],[141.5415,38.5175]]],[[[141.5412,38.5185],[141.5412,38.5185],[141.5413,38.5185],[141.5412,38.5185]]],[[[141.5412,38.5185],[141.5411,38.5185],[141.5411,38.5185],[141.5412,38.5185]]],[[[141.5411,38.5185],[141.541,38.5185],[141.541,38.5186],[141.5411,38.5185]]],[[[141.5411,38.5186],[141.5411,38.5185],[141.5411,38.5185],[141.5411,38.5186]]],[[[141.542,38.5186],[141.542,38.5185],[141.542,38.5186],[141.542,38.5186]]],[[[141.5412,38.5185],[141.5413,38.5186],[141.5413,38.5186],[141.5412,38.5185]]],[[[141.5415,38.5187],[141.5415,38.5187],[141.5416,38.5187],[141.5415,38.5187]]],[[[141.5425,38.5188],[141.5425,38.5187],[141.5424,38.5187],[141.5425,38.5188]]],[[[141.5423,38.5191],[141.5422,38.5186],[141.542,38.5188],[141.5423,38.5191]]],[[[141.5419,38.5189],[141.5419,38.519],[141.542,38.5189],[141.5419,38.5189]]],[[[141.5425,38.5189],[141.5424,38.5191],[141.5425,38.519],[141.5425,38.5189]]],[[[141.542,38.519],[141.542,38.5191],[141.542,38.5191],[141.542,38.519]]],[[[141.5419,38.5191],[141.5419,38.5191],[141.542,38.5191],[141.5419,38.5191]]],[[[141.5428,38.5195],[141.5428,38.5195],[141.5428,38.5195],[141.5428,38.5195]]],[[[141.5443,38.5205],[141.5445,38.5204],[141.5444,38.5203],[141.5443,38.5205]]],[[[141.544,38.5205],[141.544,38.5204],[141.544,38.5204],[141.544,38.5205]]],[[[141.5441,38.5205],[141.5441,38.5205],[141.5441,38.5205],[141.5441,38.5205]]],[[[141.5444,38.5205],[141.5444,38.5206],[141.5444,38.5206],[141.5444,38.5205]]],[[[141.5446,38.5205],[141.5445,38.5206],[141.5445,38.5206],[141.5446,38.5205]]],[[[141.5447,38.5208],[141.5447,38.5209],[141.5448,38.5209],[141.5447,38.5208]]],[[[141.5448,38.5212],[141.5448,38.5211],[141.5448,38.5212],[141.5448,38.5212]]],[[[141.5477,38.5213],[141.5477,38.5213],[141.5477,38.5213],[141.5477,38.5213]]],[[[141.5447,38.5213],[141.5447,38.5213],[141.5447,38.5213],[141.5447,38.5213]]],[[[141.5476,38.5214],[141.5476,38.5213],[141.5476,38.5213],[141.5476,38.5214]]],[[[141.5475,38.5213],[141.5475,38.5213],[141.5475,38.5214],[141.5475,38.5213]]],[[[141.5476,38.5215],[141.5476,38.5214],[141.5475,38.5214],[141.5476,38.5215]]],[[[141.5472,38.5215],[141.5472,38.5216],[141.5472,38.5216],[141.5472,38.5215]]],[[[141.5473,38.5216],[141.5473,38.5216],[141.5472,38.5216],[141.5473,38.5216]]],[[[141.5455,38.5216],[141.5455,38.5216],[141.5455,38.5216],[141.5455,38.5216]]],[[[141.5472,38.5216],[141.5472,38.5216],[141.5472,38.5216],[141.5472,38.5216]]],[[[141.5485,38.5217],[141.5485,38.5216],[141.5485,38.5217],[141.5485,38.5217]]],[[[141.5481,38.5216],[141.5482,38.5217],[141.5482,38.5216],[141.5481,38.5216]]],[[[141.5479,38.5218],[141.548,38.5218],[141.548,38.5218],[141.5479,38.5218]]],[[[141.5491,38.5219],[141.5491,38.5218],[141.549,38.5218],[141.5491,38.5219]]],[[[141.5484,38.522],[141.5484,38.522],[141.5484,38.5218],[141.5484,38.522]]],[[[141.5492,38.522],[141.5492,38.522],[141.5492,38.522],[141.5492,38.522]]],[[[141.5485,38.5221],[141.5485,38.522],[141.5485,38.5221],[141.5485,38.5221]]],[[[141.5484,38.5221],[141.5483,38.522],[141.5484,38.5222],[141.5484,38.5221]]],[[[141.5492,38.5221],[141.5492,38.5221],[141.5492,38.5221],[141.5492,38.5221]]],[[[141.5484,38.5224],[141.5484,38.5224],[141.5484,38.5224],[141.5484,38.5224]]],[[[141.5484,38.5224],[141.5484,38.5224],[141.5484,38.5225],[141.5484,38.5224]]],[[[141.5486,38.5227],[141.5486,38.5228],[141.5486,38.5228],[141.5486,38.5227]]],[[[141.5488,38.5232],[141.5488,38.5231],[141.5489,38.5233],[141.5488,38.5232]]],[[[141.5491,38.5234],[141.5493,38.5234],[141.5493,38.5233],[141.5491,38.5234]]],[[[141.5493,38.5234],[141.5493,38.5234],[141.5493,38.5234],[141.5493,38.5234]]],[[[141.5494,38.5234],[141.5494,38.5234],[141.5494,38.5234],[141.5494,38.5234]]],[[[141.5492,38.5235],[141.5492,38.5235],[141.5492,38.5235],[141.5492,38.5235]]],[[[141.5492,38.5235],[141.5492,38.5236],[141.5492,38.5236],[141.5492,38.5235]]],[[[141.5501,38.5238],[141.5502,38.5237],[141.5501,38.5237],[141.5501,38.5238]]],[[[141.55,38.5239],[141.5499,38.5239],[141.55,38.5239],[141.55,38.5239]]],[[[141.5499,38.5238],[141.5501,38.5241],[141.5501,38.5238],[141.5499,38.5238]]],[[[141.5495,38.5244],[141.5498,38.5238],[141.5492,38.5236],[141.5495,38.5244]]],[[[141.55,38.524],[141.55,38.524],[141.55,38.524],[141.55,38.524]]],[[[141.5457,38.5244],[141.5457,38.5244],[141.5457,38.5243],[141.5457,38.5244]]],[[[141.5459,38.5245],[141.5459,38.5243],[141.5459,38.5243],[141.5459,38.5245]]],[[[141.5482,38.5246],[141.549,38.5243],[141.5482,38.5245],[141.5482,38.5246]]],[[[141.5462,38.5244],[141.5462,38.5245],[141.5463,38.5244],[141.5462,38.5244]]],[[[141.5458,38.5245],[141.5457,38.5246],[141.5458,38.5246],[141.5458,38.5245]]],[[[141.5457,38.5245],[141.5457,38.5246],[141.5457,38.5246],[141.5457,38.5245]]],[[[141.5459,38.5246],[141.5459,38.5245],[141.5459,38.5246],[141.5459,38.5246]]],[[[141.5504,38.5249],[141.5501,38.5243],[141.5495,38.5246],[141.5504,38.5249]]],[[[141.5502,38.525],[141.5501,38.5249],[141.5501,38.525],[141.5502,38.525]]],[[[141.5502,38.525],[141.5502,38.525],[141.5501,38.525],[141.5502,38.525]]],[[[141.5504,38.5251],[141.5504,38.525],[141.5504,38.525],[141.5504,38.5251]]],[[[141.5461,38.5251],[141.5461,38.525],[141.546,38.5251],[141.5461,38.5251]]],[[[141.544,38.5254],[141.5442,38.5254],[141.544,38.5252],[141.544,38.5254]]],[[[141.5422,38.5253],[141.5423,38.5254],[141.5424,38.5253],[141.5422,38.5253]]],[[[141.5447,38.5256],[141.5448,38.5256],[141.5447,38.5253],[141.5447,38.5256]]],[[[141.544,38.5255],[141.5438,38.5254],[141.5439,38.5255],[141.544,38.5255]]],[[[141.5435,38.5255],[141.5437,38.5256],[141.5437,38.5255],[141.5435,38.5255]]],[[[141.5425,38.5256],[141.5427,38.5257],[141.5425,38.5256],[141.5425,38.5256]]],[[[141.5437,38.5257],[141.5438,38.5256],[141.5437,38.5257],[141.5437,38.5257]]],[[[141.5423,38.5258],[141.5423,38.5257],[141.5421,38.5256],[141.5423,38.5258]]],[[[141.545,38.5257],[141.5449,38.5257],[141.545,38.5258],[141.545,38.5257]]],[[[141.5418,38.5259],[141.5418,38.5258],[141.5417,38.5258],[141.5418,38.5259]]],[[[141.5419,38.5261],[141.5419,38.526],[141.5419,38.5261],[141.5419,38.5261]]],[[[141.542,38.5262],[141.542,38.5262],[141.5419,38.5262],[141.542,38.5262]]],[[[141.5414,38.5269],[141.5416,38.5267],[141.5414,38.5269],[141.5414,38.5269]]],[[[141.5413,38.5271],[141.5413,38.527],[141.5412,38.527],[141.5413,38.5271]]],[[[141.5411,38.527],[141.5412,38.5271],[141.5411,38.527],[141.5411,38.527]]],[[[141.5414,38.5272],[141.5412,38.5271],[141.5413,38.5273],[141.5414,38.5272]]],[[[141.5414,38.5271],[141.542,38.5274],[141.542,38.5271],[141.5414,38.5271]]],[[[141.5763,38.2687],[141.5764,38.2687],[141.5762,38.2687],[141.5763,38.2687]]],[[[141.5765,38.2688],[141.5764,38.2687],[141.5764,38.2688],[141.5765,38.2688]]],[[[141.5767,38.2687],[141.5767,38.2687],[141.5767,38.2687],[141.5767,38.2687]]],[[[141.5757,38.2687],[141.5757,38.2688],[141.5757,38.2687],[141.5757,38.2687]]],[[[141.5764,38.2689],[141.5764,38.2689],[141.5764,38.2689],[141.5764,38.2689]]],[[[141.5767,38.2689],[141.5767,38.2689],[141.5767,38.2689],[141.5767,38.2689]]],[[[141.5767,38.2689],[141.5767,38.2689],[141.5766,38.2689],[141.5767,38.2689]]],[[[141.5766,38.269],[141.5764,38.2689],[141.5765,38.2689],[141.5766,38.269]]],[[[141.5795,38.269],[141.5796,38.2689],[141.5796,38.2689],[141.5795,38.269]]],[[[141.5758,38.269],[141.5757,38.2689],[141.5757,38.269],[141.5758,38.269]]],[[[141.576,38.269],[141.576,38.2691],[141.576,38.2691],[141.576,38.269]]],[[[141.5765,38.2691],[141.5765,38.2691],[141.5766,38.2691],[141.5765,38.2691]]],[[[141.5766,38.2692],[141.5766,38.2692],[141.5766,38.2692],[141.5766,38.2692]]],[[[141.5746,38.2692],[141.5745,38.2692],[141.5746,38.2692],[141.5746,38.2692]]],[[[141.5747,38.2692],[141.5747,38.2692],[141.5746,38.2692],[141.5747,38.2692]]],[[[141.5745,38.2694],[141.5746,38.2694],[141.5745,38.2693],[141.5745,38.2694]]],[[[141.5744,38.2694],[141.5744,38.2695],[141.5744,38.2694],[141.5744,38.2694]]],[[[141.5743,38.2695],[141.5743,38.2694],[141.5743,38.2695],[141.5743,38.2695]]],[[[141.577,38.2696],[141.5771,38.2696],[141.5769,38.2696],[141.577,38.2696]]],[[[141.5771,38.2697],[141.5771,38.2696],[141.5771,38.2696],[141.5771,38.2697]]],[[[141.574,38.2697],[141.574,38.2697],[141.574,38.2697],[141.574,38.2697]]],[[[141.5734,38.2699],[141.5734,38.2698],[141.5733,38.2697],[141.5734,38.2699]]],[[[141.5736,38.2699],[141.5736,38.2699],[141.5736,38.2699],[141.5736,38.2699]]],[[[141.5734,38.2699],[141.5734,38.2699],[141.5734,38.2699],[141.5734,38.2699]]],[[[141.5735,38.2699],[141.5734,38.2699],[141.5735,38.2699],[141.5735,38.2699]]],[[[141.5732,38.2699],[141.5733,38.2699],[141.5732,38.2699],[141.5732,38.2699]]],[[[141.5732,38.2699],[141.5731,38.2699],[141.5731,38.2699],[141.5732,38.2699]]],[[[141.5732,38.27],[141.5732,38.27],[141.5733,38.27],[141.5732,38.27]]],[[[141.5778,38.2701],[141.5778,38.27],[141.5777,38.27],[141.5778,38.2701]]],[[[141.573,38.27],[141.573,38.27],[141.5731,38.27],[141.573,38.27]]],[[[141.5726,38.2701],[141.5725,38.2701],[141.5726,38.2701],[141.5726,38.2701]]],[[[141.5728,38.2701],[141.5728,38.2701],[141.5728,38.2701],[141.5728,38.2701]]],[[[141.5776,38.2701],[141.5777,38.2702],[141.5777,38.2701],[141.5776,38.2701]]],[[[141.5779,38.2701],[141.5778,38.2702],[141.5779,38.2702],[141.5779,38.2701]]],[[[141.5726,38.2702],[141.5725,38.2702],[141.5726,38.2702],[141.5726,38.2702]]],[[[141.5777,38.2703],[141.5778,38.2702],[141.5778,38.2702],[141.5777,38.2703]]],[[[141.5728,38.2702],[141.5728,38.2702],[141.5728,38.2703],[141.5728,38.2702]]],[[[141.5779,38.2703],[141.5778,38.2703],[141.5779,38.2703],[141.5779,38.2703]]],[[[141.5727,38.2703],[141.5727,38.2703],[141.5726,38.2703],[141.5727,38.2703]]],[[[141.5777,38.2705],[141.5778,38.2704],[141.5777,38.2704],[141.5777,38.2705]]],[[[141.5728,38.2707],[141.5728,38.2707],[141.5728,38.2706],[141.5728,38.2707]]],[[[141.5809,38.2712],[141.5808,38.2714],[141.581,38.2713],[141.5809,38.2712]]],[[[141.5782,38.272],[141.5782,38.2719],[141.5781,38.2719],[141.5782,38.272]]],[[[141.5779,38.2719],[141.578,38.2719],[141.578,38.2719],[141.5779,38.2719]]],[[[141.5779,38.2721],[141.5779,38.272],[141.5779,38.2721],[141.5779,38.2721]]],[[[141.5718,38.2724],[141.5718,38.2723],[141.5718,38.2723],[141.5718,38.2724]]],[[[141.5709,38.2726],[141.5711,38.2726],[141.5711,38.2725],[141.5709,38.2726]]],[[[141.571,38.2727],[141.571,38.2727],[141.5709,38.2727],[141.571,38.2727]]],[[[141.58,38.2728],[141.5801,38.2728],[141.5801,38.2728],[141.58,38.2728]]],[[[141.5804,38.2728],[141.5803,38.2728],[141.5804,38.2728],[141.5804,38.2728]]],[[[141.58,38.2729],[141.58,38.2729],[141.58,38.2729],[141.58,38.2729]]],[[[141.5805,38.273],[141.5806,38.2731],[141.5805,38.273],[141.5805,38.273]]],[[[141.5705,38.2731],[141.5704,38.2731],[141.5705,38.2731],[141.5705,38.2731]]],[[[141.5807,38.2731],[141.5807,38.2731],[141.5807,38.2731],[141.5807,38.2731]]],[[[141.5808,38.2731],[141.5807,38.2731],[141.5807,38.2731],[141.5808,38.2731]]],[[[141.569,38.2735],[141.5689,38.2735],[141.5689,38.2735],[141.569,38.2735]]],[[[141.5811,38.2735],[141.5811,38.2735],[141.5811,38.2735],[141.5811,38.2735]]],[[[141.569,38.2736],[141.5691,38.2735],[141.569,38.2735],[141.569,38.2736]]],[[[141.5689,38.2737],[141.569,38.2737],[141.5689,38.2735],[141.5689,38.2737]]],[[[141.5835,38.2737],[141.5835,38.2737],[141.5835,38.2738],[141.5835,38.2737]]],[[[141.5694,38.2738],[141.5695,38.2737],[141.5695,38.2737],[141.5694,38.2738]]],[[[141.5831,38.2739],[141.5831,38.2739],[141.5831,38.2739],[141.5831,38.2739]]],[[[141.5837,38.274],[141.5838,38.274],[141.5837,38.2738],[141.5837,38.274]]],[[[141.5827,38.274],[141.5826,38.2739],[141.5826,38.274],[141.5827,38.274]]],[[[141.5832,38.274],[141.5833,38.2739],[141.5832,38.274],[141.5832,38.274]]],[[[141.583,38.274],[141.5831,38.274],[141.5832,38.274],[141.583,38.274]]],[[[141.5834,38.2741],[141.5834,38.2739],[141.5833,38.2741],[141.5834,38.2741]]],[[[141.5818,38.2741],[141.5818,38.2741],[141.5817,38.2741],[141.5818,38.2741]]],[[[141.582,38.2743],[141.582,38.2743],[141.5821,38.2743],[141.582,38.2743]]],[[[141.5833,38.2748],[141.5833,38.2748],[141.5833,38.2748],[141.5833,38.2748]]],[[[141.5691,38.2753],[141.5692,38.2753],[141.5691,38.2753],[141.5691,38.2753]]],[[[141.5844,38.2756],[141.5843,38.2757],[141.5844,38.2757],[141.5844,38.2756]]],[[[141.568,38.2756],[141.5681,38.2757],[141.5681,38.2756],[141.568,38.2756]]],[[[141.5839,38.2757],[141.584,38.2757],[141.5839,38.2757],[141.5839,38.2757]]],[[[141.5685,38.2757],[141.5687,38.2757],[141.5687,38.2757],[141.5685,38.2757]]],[[[141.5839,38.2758],[141.584,38.2758],[141.5841,38.2757],[141.5839,38.2758]]],[[[141.585,38.2758],[141.585,38.2758],[141.585,38.2759],[141.585,38.2758]]],[[[141.5851,38.2758],[141.5851,38.2758],[141.5855,38.2759],[141.5851,38.2758]]],[[[141.5844,38.2759],[141.5845,38.276],[141.5844,38.2759],[141.5844,38.2759]]],[[[141.5848,38.276],[141.585,38.276],[141.585,38.276],[141.5848,38.276]]],[[[141.5854,38.2761],[141.5847,38.276],[141.5854,38.2763],[141.5854,38.2761]]],[[[141.5852,38.2765],[141.5853,38.2765],[141.5851,38.2764],[141.5852,38.2765]]],[[[141.5684,38.2765],[141.5684,38.2765],[141.5684,38.2765],[141.5684,38.2765]]],[[[141.5683,38.2765],[141.5684,38.2765],[141.5684,38.2765],[141.5683,38.2765]]],[[[141.5851,38.2767],[141.5851,38.2767],[141.5851,38.2767],[141.5851,38.2767]]],[[[141.5843,38.2782],[141.5842,38.2782],[141.5843,38.2783],[141.5843,38.2782]]],[[[141.5845,38.2783],[141.5846,38.2782],[141.5844,38.2782],[141.5845,38.2783]]],[[[141.5821,38.2791],[141.582,38.2791],[141.5825,38.2794],[141.5821,38.2791]]],[[[141.5828,38.2794],[141.5827,38.2792],[141.5827,38.2794],[141.5828,38.2794]]],[[[141.5824,38.2806],[141.5825,38.2805],[141.5817,38.2806],[141.5824,38.2806]]],[[[141.5826,38.2809],[141.5825,38.281],[141.5826,38.281],[141.5826,38.2809]]],[[[141.5836,38.2811],[141.5835,38.2809],[141.5833,38.2811],[141.5836,38.2811]]],[[[141.5833,38.2815],[141.5833,38.2815],[141.5833,38.2814],[141.5833,38.2815]]],[[[141.5832,38.2815],[141.5832,38.2815],[141.5831,38.2815],[141.5832,38.2815]]],[[[141.5829,38.282],[141.5828,38.282],[141.5829,38.2821],[141.5829,38.282]]],[[[141.5831,38.2823],[141.5831,38.2822],[141.583,38.2822],[141.5831,38.2823]]],[[[141.5829,38.2826],[141.5829,38.2826],[141.5829,38.2826],[141.5829,38.2826]]],[[[141.5829,38.283],[141.5829,38.283],[141.583,38.2829],[141.5829,38.283]]],[[[141.5826,38.2829],[141.5824,38.283],[141.5826,38.283],[141.5826,38.2829]]],[[[141.5828,38.2832],[141.5826,38.2832],[141.5826,38.2832],[141.5828,38.2832]]],[[[141.583,38.2833],[141.5831,38.2832],[141.583,38.2832],[141.583,38.2833]]],[[[141.5821,38.2832],[141.582,38.2833],[141.5822,38.2833],[141.5821,38.2832]]],[[[141.582,38.2835],[141.5834,38.2834],[141.5834,38.2832],[141.583,38.2833],[141.5825,38.2832],[141.582,38.2835]]],[[[141.5819,38.2835],[141.5819,38.2835],[141.582,38.2835],[141.5819,38.2835]]],[[[141.5818,38.2836],[141.5819,38.2836],[141.5818,38.2836],[141.5818,38.2836]]],[[[141.5814,38.2844],[141.5814,38.2845],[141.5815,38.2845],[141.5814,38.2844]]],[[[141.5815,38.2858],[141.5818,38.2857],[141.5815,38.2857],[141.5815,38.2858]]],[[[141.5796,38.287],[141.5797,38.287],[141.5796,38.287],[141.5796,38.287]]],[[[141.5796,38.287],[141.5796,38.287],[141.5796,38.287],[141.5796,38.287]]],[[[141.5795,38.2871],[141.5795,38.2871],[141.5796,38.2871],[141.5795,38.2871]]],[[[141.5797,38.2875],[141.5796,38.2875],[141.5797,38.2875],[141.5797,38.2875]]],[[[141.5798,38.2875],[141.5798,38.2875],[141.5798,38.2875],[141.5798,38.2875]]],[[[141.5814,38.2878],[141.5813,38.2878],[141.5815,38.2878],[141.5814,38.2878]]],[[[141.582,38.2883],[141.5821,38.2884],[141.5821,38.2883],[141.582,38.2883]]],[[[141.5826,38.2884],[141.5826,38.2885],[141.5828,38.2885],[141.5826,38.2884]]],[[[141.5826,38.2885],[141.5825,38.2884],[141.5825,38.2885],[141.5826,38.2885]]],[[[141.5822,38.289],[141.5822,38.289],[141.5822,38.289],[141.5822,38.289]]],[[[141.5822,38.289],[141.5822,38.289],[141.5822,38.2891],[141.5822,38.289]]],[[[141.5821,38.2899],[141.5822,38.2899],[141.5822,38.2899],[141.5821,38.2899]]],[[[141.5834,38.2903],[141.5835,38.2904],[141.5835,38.2903],[141.5834,38.2903]]],[[[141.5828,38.2912],[141.5828,38.2913],[141.5828,38.2913],[141.5828,38.2912]]],[[[141.5828,38.2913],[141.5828,38.2913],[141.5828,38.2913],[141.5828,38.2913]]],[[[141.558,38.282],[141.5583,38.2828],[141.5564,38.2838],[141.5566,38.2851],[141.5561,38.2856],[141.5542,38.2861],[141.5542,38.2861],[141.5526,38.2874],[141.552,38.294],[141.5505,38.2939],[141.548,38.2952],[141.5505,38.2941],[141.5519,38.2947],[141.5505,38.2954],[141.5512,38.2956],[141.5511,38.2961],[141.5481,38.3033],[141.5523,38.3064],[141.5543,38.3068],[141.5584,38.3083],[141.5589,38.3089],[141.5602,38.3089],[141.5649,38.3128],[141.568,38.3135],[141.5713,38.3121],[141.5681,38.3097],[141.5684,38.3083],[141.5701,38.3077],[141.5759,38.3069],[141.5782,38.3053],[141.5815,38.3056],[141.5826,38.3043],[141.5849,38.304],[141.5841,38.3037],[141.5861,38.3024],[141.5896,38.3019],[141.5888,38.2987],[141.5868,38.2979],[141.5873,38.296],[141.587,38.2964],[141.5848,38.2957],[141.5842,38.2949],[141.5844,38.294],[141.583,38.294],[141.5824,38.2934],[141.5832,38.2929],[141.5822,38.2919],[141.5832,38.2905],[141.5819,38.2899],[141.5818,38.2894],[141.5814,38.2894],[141.5824,38.2885],[141.5798,38.2877],[141.5796,38.2875],[141.5792,38.2871],[141.5794,38.2869],[141.5791,38.2869],[141.5811,38.2855],[141.5806,38.2853],[141.5833,38.2811],[141.5826,38.281],[141.5814,38.2808],[141.5811,38.28],[141.582,38.279],[141.5833,38.2787],[141.5833,38.2782],[141.586,38.2778],[141.5841,38.2771],[141.585,38.2762],[141.5838,38.2759],[141.583,38.2753],[141.5831,38.2744],[141.5819,38.2743],[141.5807,38.274],[141.5804,38.2731],[141.5805,38.273],[141.5806,38.2729],[141.5802,38.273],[141.5799,38.2732],[141.5795,38.2732],[141.5774,38.2719],[141.5765,38.2691],[141.5732,38.27],[141.5732,38.2718],[141.5701,38.2734],[141.5705,38.2736],[141.5684,38.2768],[141.5656,38.2778],[141.5641,38.278],[141.5626,38.2802],[141.558,38.282]]],[[[141.5826,38.2916],[141.5825,38.2916],[141.5825,38.2916],[141.5826,38.2916]]],[[[141.5827,38.2918],[141.5826,38.2918],[141.5826,38.2918],[141.5827,38.2918]]],[[[141.5829,38.2919],[141.5828,38.2918],[141.5828,38.2919],[141.5829,38.2919]]],[[[141.5832,38.2927],[141.5833,38.2929],[141.5834,38.2929],[141.5832,38.2927]]],[[[141.5829,38.2936],[141.5829,38.2937],[141.583,38.2937],[141.5829,38.2936]]],[[[141.5829,38.2937],[141.5829,38.2937],[141.5829,38.2937],[141.5829,38.2937]]],[[[141.5847,38.2942],[141.5848,38.2942],[141.5845,38.2941],[141.5847,38.2942]]],[[[141.5847,38.2943],[141.5847,38.2943],[141.5846,38.2943],[141.5847,38.2943]]],[[[141.5847,38.2949],[141.5846,38.2949],[141.5846,38.295],[141.5847,38.2949]]],[[[141.5868,38.296],[141.5868,38.2959],[141.5868,38.2959],[141.5868,38.296]]],[[[141.5869,38.296],[141.5869,38.2961],[141.5869,38.296],[141.5869,38.296]]],[[[141.587,38.2976],[141.5871,38.2976],[141.5871,38.2975],[141.587,38.2976]]],[[[141.5873,38.2978],[141.5873,38.2978],[141.5873,38.2979],[141.5873,38.2978]]],[[[141.5871,38.2979],[141.5871,38.2978],[141.587,38.2979],[141.5871,38.2979]]],[[[141.5884,38.2983],[141.5885,38.2982],[141.5885,38.2981],[141.5884,38.2983]]],[[[141.5895,38.2992],[141.5895,38.2993],[141.5896,38.2993],[141.5895,38.2992]]],[[[141.5899,38.2996],[141.5899,38.2995],[141.5898,38.2995],[141.5899,38.2996]]],[[[141.5896,38.2996],[141.5896,38.2995],[141.5895,38.2996],[141.5896,38.2996]]],[[[141.5893,38.2996],[141.5892,38.2996],[141.5893,38.2997],[141.5893,38.2996]]],[[[141.5867,38.3024],[141.5867,38.3024],[141.5867,38.3025],[141.5867,38.3024]]],[[[141.5862,38.3025],[141.5863,38.3024],[141.5862,38.3024],[141.5862,38.3025]]],[[[141.586,38.3025],[141.586,38.3026],[141.586,38.3025],[141.586,38.3025]]],[[[141.5862,38.3025],[141.5861,38.3026],[141.5862,38.3026],[141.5862,38.3025]]],[[[141.5862,38.3027],[141.5864,38.3026],[141.5863,38.3026],[141.5862,38.3027]]],[[[141.5829,38.3045],[141.5828,38.3045],[141.5829,38.3045],[141.5829,38.3045]]],[[[141.5825,38.3046],[141.5826,38.3046],[141.5825,38.3046],[141.5825,38.3046]]],[[[141.5786,38.3054],[141.5786,38.3055],[141.5786,38.3055],[141.5786,38.3054]]],[[[141.5796,38.3055],[141.5795,38.3055],[141.5795,38.3055],[141.5796,38.3055]]],[[[141.5786,38.3055],[141.5786,38.3055],[141.5786,38.3055],[141.5786,38.3055]]],[[[141.5778,38.3059],[141.5777,38.306],[141.5778,38.306],[141.5778,38.3059]]],[[[141.5755,38.307],[141.5755,38.307],[141.5755,38.307],[141.5755,38.307]]],[[[141.5742,38.3072],[141.5743,38.3073],[141.5746,38.3073],[141.5742,38.3072]]],[[[141.5739,38.3072],[141.5738,38.3073],[141.574,38.3073],[141.5739,38.3072]]],[[[141.5699,38.3104],[141.5699,38.3103],[141.5698,38.3103],[141.5699,38.3104]]],[[[141.5698,38.3105],[141.5698,38.3105],[141.5698,38.3105],[141.5698,38.3105]]],[[[141.5704,38.3126],[141.5704,38.3126],[141.5706,38.3126],[141.5704,38.3126]]],[[[141.5707,38.3127],[141.5707,38.3127],[141.5706,38.3127],[141.5707,38.3127]]],[[[141.5705,38.3127],[141.5706,38.3127],[141.5706,38.3127],[141.5705,38.3127]]],[[[141.5706,38.3128],[141.5706,38.3128],[141.5706,38.3127],[141.5706,38.3128]]],[[[141.5699,38.313],[141.57,38.313],[141.57,38.3129],[141.5699,38.313]]],[[[141.5694,38.3133],[141.5693,38.3134],[141.5694,38.3134],[141.5694,38.3133]]]]}},{"type":"Feature","properties":{"code":"04203","name":"塩竈市","pref_code":"04","pref":"宮城県"},"geometry":{"type":"MultiPolygon","coordinates":[[[[141.0366,38.3234],[141.0365,38.3229],[141.0362,38.3233],[141.0366,38.3234]]],[[[141.0486,38.3252],[141.0518,38.3232],[141.0486,38.3252],[141.0486,38.3253],[141.05,38.3267],[141.0507,38.3272],[141.0486,38.3252]]],[[[141.0438,38.3361],[141.0449,38.3355],[141.0446,38.3374],[141.0452,38.3362],[141.0466,38.3366],[141.0462,38.3374],[141.0466,38.3377],[141.0469,38.3386],[141.0467,38.3392],[141.0464,38.3396],[141.0464,38.3398],[141.0475,38.3376],[141.048,38.339],[141.0501,38.3395],[141.0485,38.338],[141.0481,38.3368],[141.0522,38.3338],[141.0526,38.3327],[141.0513,38.3324],[141.0539,38.3307],[141.0535,38.3298],[141.0511,38.3276],[141.0539,38.3306],[141.0522,38.3318],[141.0451,38.3252],[141.0427,38.3249],[141.0434,38.3235],[141.0406,38.3233],[141.0386,38.3247],[141.038,38.3222],[141.0366,38.3221],[141.0378,38.3223],[141.0379,38.3237],[141.035,38.3236],[141.0357,38.3226],[141.0346,38.3227],[141.0327,38.3245],[141.0329,38.3231],[141.0306,38.3233],[141.0286,38.3214],[141.0246,38.3201],[141.0251,38.3192],[141.0352,38.3196],[141.0348,38.3182],[141.0395,38.3192],[141.0384,38.3169],[141.0396,38.3165],[141.0418,38.3191],[141.0456,38.3186],[141.0411,38.3112],[141.0358,38.3072],[141.036,38.3028],[141.0345,38.3027],[141.0346,38.3039],[141.0323,38.3029],[141.029,38.3042],[141.0295,38.3058],[141.0271,38.3064],[141.0287,38.3068],[141.0273,38.3092],[141.028,38.3111],[141.026,38.3089],[141.0254,38.3097],[141.0216,38.3068],[141.0139,38.307],[141.0105,38.3037],[141.0075,38.3059],[141.004,38.3056],[141.0012,38.3041],[141.0005,38.3092],[140.9961,38.3099],[140.996,38.3124],[140.9939,38.3142],[141.0008,38.3196],[141.0007,38.3211],[141.0041,38.3256],[140.9996,38.326],[140.9981,38.3279],[141.0054,38.3308],[141.0054,38.3339],[141.0073,38.3348],[141.0101,38.3393],[141.0141,38.3412],[141.0143,38.3439],[141.018,38.3457],[141.0192,38.3485],[141.0238,38.3494],[141.0251,38.3491],[141.0258,38.3472],[141.0245,38.3423],[141.0229,38.3407],[141.024,38.3393],[141.0265,38.3386],[141.0288,38.3402],[141.03,38.3391],[141.038,38.3398],[141.0378,38.3375],[141.0393,38.3375],[141.0399,38.3388],[141.0413,38.3384],[141.0385,38.3353],[141.0393,38.3343],[141.0433,38.3381],[141.0414,38.335],[141.0437,38.3346],[141.0438,38.3361]]],[[[141.0512,38.3363],[141.0513,38.3363],[141.0513,38.3363],[141.0512,38.3363]]],[[[141.0516,38.3362],[141.051,38.3366],[141.0515,38.3371],[141.0516,38.3362]]],[[[141.0517,38.3348],[141.0526,38.337],[141.0539,38.3366],[141.0537,38.3375],[141.0551,38.3379],[141.0545,38.3387],[141.0554,38.3379],[141.0549,38.336],[141.0539,38.3354],[141.0543,38.3346],[141.053,38.3356],[141.0517,38.3348]]],[[[141.0461,38.3367],[141.0461,38.3367],[141.0461,38.3367],[141.0461,38.3367]]],[[[141.0445,38.3367],[141.0445,38.3367],[141.0445,38.3368],[141.0445,38.3367]]],[[[141.0457,38.3368],[141.0457,38.3368],[141.0457,38.3368],[141.0457,38.3368]]],[[[141.0505,38.3371],[141.0505,38.337],[141.0497,38.3376],[141.0505,38.3371]]],[[[141.0517,38.3377],[141.0516,38.3377],[141.0517,38.3377],[141.0517,38.3377]]],[[[141.0465,38.3378],[141.0465,38.3378],[141.0465,38.3378],[141.0465,38.3378]]],[[[141.0465,38.3379],[141.0465,38.3379],[141.0465,38.3379],[141.0465,38.3379]]],[[[141.0465,38.3379],[141.0465,38.3379],[141.0465,38.3379],[141.0465,38.3379]]],[[[141.0433,38.3381],[141.0433,38.3381],[141.0433,38.3381],[141.0433,38.3381]]],[[[141.0549,38.3381],[141.0549,38.3381],[141.0549,38.3381],[141.0549,38.3381]]],[[[141.0549,38.3381],[141.0549,38.3381],[141.0549,38.3381],[141.0549,38.3381]]],[[[141.0553,38.3382],[141.0552,38.3382],[141.0553,38.3382],[141.0553,38.3382]]],[[[141.0552,38.3382],[141.0552,38.3382],[141.0552,38.3382],[141.0552,38.3382]]],[[[141.0551,38.3383],[141.0551,38.3383],[141.0551,38.3383],[141.0551,38.3383]]],[[[141.0472,38.3383],[141.0472,38.3383],[141.0473,38.3383],[141.0472,38.3383]]],[[[141.0551,38.3383],[141.0551,38.3383],[141.0551,38.3383],[141.0551,38.3383]]],[[[141.0559,38.3383],[141.0558,38.3383],[141.0559,38.3383],[141.0559,38.3383]]],[[[141.0472,38.3383],[141.0472,38.3383],[141.0472,38.3383],[141.0472,38.3383]]],[[[141.056,38.3383],[141.056,38.3383],[141.056,38.3383],[141.056,38.3383]]],[[[141.0466,38.3384],[141.0467,38.3384],[141.0467,38.3384],[141.0466,38.3384]]],[[[141.056,38.3385],[141.056,38.3384],[141.0559,38.3385],[141.056,38.3385]]],[[[141.0559,38.3386],[141.0559,38.3384],[141.0557,38.3386],[141.0559,38.3386]]],[[[141.0471,38.3385],[141.0471,38.3385],[141.0471,38.3385],[141.0471,38.3385]]],[[[141.0557,38.3385],[141.0556,38.3385],[141.0556,38.3386],[141.0557,38.3385]]],[[[141.0557,38.3386],[141.0557,38.3386],[141.0556,38.3386],[141.0557,38.3386]]],[[[141.0562,38.3387],[141.0562,38.3387],[141.0562,38.3386],[141.0562,38.3387]]],[[[141.0554,38.3387],[141.0555,38.3387],[141.0554,38.3387],[141.0554,38.3387]]],[[[141.0563,38.3387],[141.0562,38.3387],[141.0562,38.3388],[141.0563,38.3387]]],[[[141.0562,38.3388],[141.0562,38.3388],[141.0563,38.3388],[141.0562,38.3388]]],[[[141.0563,38.3388],[141.0562,38.3388],[141.0562,38.3389],[141.0563,38.3388]]],[[[141.0563,38.3389],[141.0563,38.3388],[141.0563,38.3389],[141.0563,38.3389]]],[[[141.0564,38.3389],[141.0563,38.3389],[141.0563,38.3389],[141.0564,38.3389]]],[[[141.0467,38.339],[141.0467,38.339],[141.0467,38.339],[141.0467,38.339]]],[[[141.0497,38.3391],[141.0497,38.3391],[141.0497,38.3391],[141.0497,38.3391]]],[[[141.0479,38.3398],[141.048,38.3398],[141.0479,38.3398],[141.0479,38.3398]]],[[[141.0479,38.34],[141.0479,38.3398],[141.0478,38.3398],[141.0475,38.3407],[141.0486,38.3406],[141.0479,38.34]]],[[[141.0475,38.3404],[141.0475,38.3404],[141.0476,38.3404],[141.0475,38.3404]]],[[[141.0421,38.3404],[141.0421,38.3404],[141.0421,38.3404],[141.0421,38.3404]]],[[[141.0427,38.3404],[141.0427,38.3404],[141.0427,38.3405],[141.0427,38.3404]]],[[[141.0438,38.3406],[141.0438,38.3406],[141.0438,38.3406],[141.0438,38.3406]]],[[[141.0433,38.3406],[141.0433,38.3406],[141.0433,38.3406],[141.0433,38.3406]]],[[[141.0398,38.3411],[141.0398,38.3407],[141.0391,38.3404],[141.0398,38.3411]]],[[[141.0431,38.3407],[141.0421,38.3404],[141.0407,38.3408],[141.0428,38.3412],[141.0438,38.3432],[141.045,38.343],[141.0436,38.3404],[141.0434,38.3404],[141.0433,38.3406],[141.0433,38.3406],[141.0432,38.3406],[141.0431,38.3407]]],[[[141.0449,38.3428],[141.0449,38.3428],[141.0449,38.3428],[141.0449,38.3428]]],[[[141.1023,38.3202],[141.1022,38.3202],[141.1023,38.3202],[141.1023,38.3202]]],[[[141.1021,38.3206],[141.1016,38.3208],[141.1021,38.3209],[141.1021,38.3206]]],[[[141.0884,38.3249],[141.0884,38.3249],[141.0884,38.3249],[141.0884,38.3249]]],[[[141.0884,38.3265],[141.0883,38.3265],[141.0884,38.3265],[141.0884,38.3265]]],[[[141.0868,38.3282],[141.087,38.3282],[141.0869,38.3281],[141.0868,38.3282]]],[[[141.1036,38.3283],[141.1035,38.3284],[141.1036,38.3284],[141.1036,38.3283]]],[[[141.0838,38.3293],[141.0838,38.3292],[141.0835,38.3291],[141.0838,38.3293]]],[[[141.0834,38.3293],[141.0834,38.3293],[141.0833,38.3293],[141.0834,38.3293]]],[[[141.0834,38.3292],[141.0836,38.3295],[141.0835,38.3291],[141.0834,38.3292]]],[[[141.0831,38.3295],[141.0826,38.33],[141.0834,38.3301],[141.0831,38.3295]]],[[[141.0825,38.3301],[141.0825,38.3301],[141.0824,38.3301],[141.0825,38.3301]]],[[[141.1059,38.3301],[141.1059,38.3301],[141.1058,38.3301],[141.1059,38.3301]]],[[[141.0827,38.3302],[141.0824,38.3306],[141.0832,38.3308],[141.0827,38.3302]]],[[[141.0797,38.331],[141.0795,38.3307],[141.0795,38.3311],[141.0797,38.331]]],[[[141.0842,38.3315],[141.0858,38.3301],[141.0835,38.3316],[141.0843,38.3323],[141.0842,38.3315]]],[[[141.098,38.3311],[141.0978,38.3315],[141.0982,38.3311],[141.098,38.3311]]],[[[141.08,38.3314],[141.0799,38.3315],[141.08,38.3315],[141.08,38.3314]]],[[[141.0933,38.3322],[141.0934,38.3322],[141.0933,38.3322],[141.0933,38.3322]]],[[[141.0837,38.3327],[141.0839,38.3329],[141.0838,38.3325],[141.0837,38.3327]]],[[[141.0848,38.3341],[141.085,38.336],[141.0876,38.3354],[141.0888,38.3374],[141.0912,38.3385],[141.0919,38.3385],[141.0894,38.3376],[141.0905,38.3362],[141.0915,38.3365],[141.0909,38.3355],[141.0925,38.3371],[141.0961,38.3364],[141.0953,38.3362],[141.099,38.3338],[141.1029,38.3338],[141.102,38.3333],[141.1053,38.3318],[141.1055,38.3287],[141.1072,38.3276],[141.1054,38.3272],[141.1021,38.3306],[141.1008,38.3303],[141.097,38.3326],[141.0932,38.3329],[141.0877,38.3307],[141.0848,38.3341]]],[[[141.0989,38.334],[141.0989,38.3341],[141.0989,38.334],[141.0989,38.334]]],[[[141.1058,38.3343],[141.1058,38.3343],[141.1058,38.3343],[141.1058,38.3343]]],[[[141.0848,38.3343],[141.0847,38.3343],[141.0848,38.3344],[141.0848,38.3343]]],[[[141.0982,38.3349],[141.0982,38.3349],[141.0982,38.3349],[141.0982,38.3349]]],[[[141.0805,38.3351],[141.0806,38.3352],[141.0807,38.335],[141.0805,38.3351]]],[[[141.0806,38.3354],[141.0803,38.3359],[141.0807,38.3357],[141.0806,38.3354]]],[[[141.104,38.3354],[141.1042,38.3361],[141.1052,38.3354],[141.104,38.3354]]],[[[141.1058,38.336],[141.106,38.3359],[141.1058,38.3359],[141.1058,38.336]]],[[[141.1059,38.336],[141.1059,38.336],[141.1059,38.3359],[141.1059,38.336]]],[[[141.1059,38.3361],[141.106,38.3361],[141.1059,38.3361],[141.1059,38.3361]]],[[[141.0943,38.3378],[141.095,38.3368],[141.094,38.3379],[141.0943,38.3378]]],[[[141.0571,38.338],[141.0571,38.338],[141.057,38.338],[141.0571,38.338]]],[[[141.0569,38.338],[141.0568,38.338],[141.0569,38.338],[141.0569,38.338]]],[[[141.057,38.338],[141.057,38.338],[141.057,38.3381],[141.057,38.338]]],[[[141.0908,38.3383],[141.0894,38.3377],[141.0908,38.3383],[141.0908,38.3383]]],[[[141.0573,38.338],[141.0563,38.3387],[141.0574,38.3385],[141.0573,38.338]]],[[[141.0919,38.339],[141.0947,38.3385],[141.0947,38.3384],[141.0919,38.339]]],[[[141.0564,38.339],[141.0564,38.339],[141.0564,38.339],[141.0564,38.339]]],[[[141.101,38.342],[141.1007,38.342],[141.1011,38.3424],[141.101,38.342]]],[[[141.1019,38.3427],[141.102,38.3427],[141.1019,38.3426],[141.1019,38.3427]]],[[[141.1025,38.3429],[141.103,38.343],[141.1027,38.3428],[141.1025,38.3429]]],[[[141.1035,38.3433],[141.1031,38.3432],[141.1031,38.3435],[141.1035,38.3433]]],[[[141.1022,38.3441],[141.1021,38.3442],[141.1025,38.344],[141.1026,38.3439],[141.1022,38.3441]]],[[[141.1005,38.3447],[141.1005,38.3447],[141.1005,38.3447],[141.1005,38.3447]]],[[[141.1004,38.3448],[141.1005,38.3448],[141.1005,38.3448],[141.1004,38.3448]]],[[[141.1006,38.3449],[141.1006,38.3448],[141.1005,38.3448],[141.1006,38.3449]]],[[[141.1003,38.3448],[141.1003,38.3449],[141.1004,38.3447],[141.1003,38.3448]]],[[[141.1003,38.3451],[141.1003,38.3451],[141.1002,38.3451],[141.1003,38.3451]]],[[[141.0609,38.347],[141.0609,38.347],[141.0609,38.347],[141.0609,38.347]]],[[[141.0611,38.347],[141.0611,38.3471],[141.0611,38.3471],[141.0611,38.347]]],[[[141.1092,38.3257],[141.1092,38.3257],[141.1092,38.3257],[141.1092,38.3257]]],[[[141.1095,38.3261],[141.1095,38.326],[141.1093,38.326],[141.1095,38.3261]]],[[[141.1096,38.326],[141.1096,38.3261],[141.1102,38.326],[141.1096,38.326]]],[[[141.1092,38.3265],[141.107,38.3271],[141.1087,38.3271],[141.1092,38.3265]]],[[[141.1068,38.327],[141.1068,38.3271],[141.1068,38.327],[141.1068,38.327]]],[[[141.1061,38.3271],[141.1062,38.3271],[141.1061,38.3271],[141.1061,38.3271]]],[[[141.1078,38.3273],[141.1077,38.3273],[141.1078,38.3273],[141.1078,38.3273]]],[[[141.1079,38.3273],[141.1079,38.3274],[141.1079,38.3273],[141.1079,38.3273]]],[[[141.1077,38.3274],[141.1078,38.3274],[141.1077,38.3274],[141.1077,38.3274]]],[[[141.1068,38.328],[141.1068,38.328],[141.1068,38.328],[141.1068,38.328]]],[[[141.1069,38.3281],[141.1069,38.328],[141.1069,38.328],[141.1069,38.3281]]],[[[141.1106,38.3308],[141.111,38.3305],[141.1106,38.3307],[141.1106,38.3308]]],[[[141.1105,38.3309],[141.1105,38.3309],[141.1105,38.3309],[141.1105,38.3309]]],[[[141.1108,38.3309],[141.1108,38.3309],[141.1108,38.3309],[141.1108,38.3309]]],[[[141.1108,38.331],[141.1109,38.331],[141.1109,38.331],[141.1108,38.331]]],[[[141.1095,38.331],[141.1095,38.3311],[141.1095,38.331],[141.1095,38.331]]],[[[141.1096,38.3311],[141.1096,38.3311],[141.1096,38.331],[141.1096,38.3311]]],[[[141.1094,38.331],[141.1094,38.3311],[141.1095,38.3311],[141.1094,38.331]]],[[[141.1094,38.3312],[141.1094,38.3311],[141.1094,38.3312],[141.1094,38.3312]]],[[[141.1088,38.3312],[141.1088,38.3312],[141.1089,38.3312],[141.1088,38.3312]]],[[[141.1093,38.3312],[141.1093,38.3313],[141.1093,38.3312],[141.1093,38.3312]]],[[[141.1085,38.3316],[141.1085,38.3316],[141.1085,38.3317],[141.1085,38.3316]]],[[[141.1103,38.3325],[141.1103,38.3325],[141.1103,38.3325],[141.1103,38.3325]]],[[[141.1063,38.3344],[141.1062,38.3344],[141.1061,38.3344],[141.1063,38.3344]]],[[[141.1113,38.3339],[141.1108,38.3352],[141.1115,38.3342],[141.1113,38.3339]]],[[[141.1114,38.335],[141.1114,38.335],[141.1114,38.335],[141.1114,38.335]]],[[[141.1107,38.3352],[141.1107,38.3352],[141.1107,38.3352],[141.1107,38.3352]]],[[[141.1106,38.3352],[141.1106,38.3353],[141.1106,38.3352],[141.1106,38.3352]]],[[[141.1074,38.3399],[141.106,38.3405],[141.1076,38.3399],[141.1075,38.339],[141.1074,38.3399]]],[[[141.1091,38.3404],[141.1091,38.3402],[141.1085,38.3407],[141.1089,38.341],[141.1091,38.3404]]],[[[141.1085,38.3407],[141.1084,38.3407],[141.1085,38.3408],[141.1085,38.3407]]],[[[141.1084,38.3408],[141.1084,38.3408],[141.1084,38.3408],[141.1084,38.3408]]],[[[141.1088,38.3413],[141.1087,38.3413],[141.1088,38.3414],[141.1088,38.3413]]],[[[141.1064,38.3433],[141.1054,38.3441],[141.1066,38.3439],[141.1064,38.3433]]],[[[141.1066,38.3439],[141.1066,38.3439],[141.1066,38.344],[141.1066,38.3439]]],[[[141.1099,38.3457],[141.1099,38.3457],[141.1099,38.3457],[141.1099,38.3457]]],[[[141.1099,38.3459],[141.1098,38.346],[141.1099,38.346],[141.1099,38.3459]]],[[[141.1124,38.3453],[141.1109,38.3462],[141.11,38.3454],[141.1097,38.3468],[141.1122,38.347],[141.1124,38.3453]]],[[[141.1106,38.3471],[141.1106,38.3471],[141.1106,38.3471],[141.1106,38.3471]]],[[[141.1096,38.3473],[141.1096,38.3473],[141.1096,38.3473],[141.1096,38.3473]]],[[[141.1096,38.3473],[141.1096,38.3473],[141.1096,38.3473],[141.1096,38.3473]]],[[[141.1097,38.3473],[141.1097,38.3473],[141.1097,38.3475],[141.1097,38.3473]]],[[[141.1096,38.3476],[141.1096,38.3476],[141.1097,38.3476],[141.1096,38.3476]]],[[[141.1097,38.3477],[141.1097,38.3477],[141.1097,38.3477],[141.1097,38.3477]]],[[[141.1102,38.3492],[141.1101,38.349],[141.1102,38.3492],[141.1102,38.3492]]],[[[141.1099,38.3503],[141.1098,38.3502],[141.1098,38.3503],[141.1099,38.3503]]],[[[141.1103,38.3506],[141.1103,38.3506],[141.1104,38.3505],[141.1103,38.3504],[141.1103,38.3506]]],[[[141.1103,38.3507],[141.1101,38.3509],[141.1104,38.3509],[141.1103,38.3507]]],[[[141.1115,38.3517],[141.1115,38.3512],[141.1106,38.351],[141.1115,38.3517]]],[[[141.1115,38.3514],[141.1116,38.3515],[141.1116,38.3514],[141.1115,38.3514]]],[[[141.1178,38.3202],[141.1176,38.3208],[141.1186,38.3203],[141.1178,38.3202]]],[[[141.1147,38.3331],[141.1145,38.3328],[141.1143,38.3331],[141.1147,38.3331]]],[[[141.116,38.3345],[141.116,38.3345],[141.1161,38.3345],[141.116,38.3345]]],[[[141.116,38.3347],[141.116,38.3347],[141.116,38.3347],[141.116,38.3347]]],[[[141.1129,38.3361],[141.1127,38.3355],[141.1124,38.336],[141.1129,38.3361]]],[[[141.1127,38.3363],[141.1127,38.3364],[141.1127,38.3364],[141.1127,38.3363]]],[[[141.1065,38.342],[141.1047,38.3402],[141.1073,38.3395],[141.1069,38.3388],[141.1094,38.3389],[141.1091,38.3401],[141.1112,38.34],[141.1106,38.3408],[141.1107,38.3409],[141.1131,38.3382],[141.1189,38.3416],[141.1192,38.3434],[141.1211,38.3449],[141.1209,38.3433],[141.1159,38.3382],[141.1157,38.3363],[141.1118,38.3365],[141.1089,38.3345],[141.1086,38.3331],[141.1103,38.3325],[141.1098,38.3311],[141.1064,38.3344],[141.1063,38.3377],[141.1058,38.3366],[141.106,38.3378],[141.105,38.3384],[141.1043,38.3373],[141.1052,38.3391],[141.1038,38.3411],[141.1036,38.3434],[141.1065,38.342]]],[[[141.114,38.3389],[141.114,38.3389],[141.114,38.339],[141.114,38.3389]]],[[[141.1121,38.3406],[141.1122,38.3405],[141.1121,38.3405],[141.1121,38.3406]]],[[[141.1135,38.3414],[141.1124,38.3429],[141.1141,38.3423],[141.1153,38.3435],[141.1166,38.3429],[141.1163,38.342],[141.1145,38.3407],[141.1137,38.3409],[141.1133,38.3403],[141.1128,38.3404],[141.1135,38.3414]]],[[[141.1166,38.343],[141.1165,38.343],[141.1165,38.343],[141.1166,38.343]]],[[[141.1154,38.3437],[141.1154,38.3437],[141.1154,38.3437],[141.1154,38.3437]]],[[[141.1154,38.3437],[141.1154,38.3437],[141.1154,38.3437],[141.1154,38.3437]]],[[[141.1164,38.3462],[141.1164,38.3462],[141.1164,38.3462],[141.1164,38.3462]]],[[[141.1152,38.3483],[141.1152,38.3483],[141.1152,38.3483],[141.1152,38.3483]]],[[[141.1181,38.3484],[141.1182,38.3485],[141.1182,38.3483],[141.1181,38.3484]]],[[[141.1137,38.3488],[141.1137,38.3488],[141.1137,38.3488],[141.1137,38.3488]]],[[[141.1138,38.3489],[141.1137,38.3489],[141.1137,38.3489],[141.1138,38.3489]]],[[[141.1131,38.3503],[141.1139,38.3499],[141.1145,38.3501],[141.1142,38.3511],[141.1138,38.3515],[141.1148,38.3524],[141.1148,38.3533],[141.1153,38.3526],[141.1145,38.3519],[141.115,38.3505],[141.1171,38.3516],[141.1159,38.3502],[141.117,38.3495],[141.1157,38.3491],[141.1154,38.349],[141.1151,38.3485],[141.1152,38.3481],[141.1174,38.3476],[141.1166,38.3463],[141.1146,38.3466],[141.1141,38.3456],[141.1118,38.3491],[141.1138,38.3487],[141.1141,38.3495],[141.1131,38.3503]]],[[[141.117,38.3495],[141.117,38.3495],[141.1171,38.3495],[141.117,38.3495]]],[[[141.1169,38.3496],[141.1169,38.3497],[141.1169,38.3497],[141.1169,38.3496]]],[[[141.117,38.3497],[141.117,38.3497],[141.117,38.3497],[141.117,38.3497]]],[[[141.1137,38.3501],[141.1137,38.3501],[141.1137,38.3501],[141.1137,38.3501]]],[[[141.1137,38.3502],[141.1136,38.3502],[141.1136,38.3502],[141.1137,38.3502]]],[[[141.1144,38.3502],[141.1144,38.3502],[141.1144,38.3502],[141.1144,38.3502]]],[[[141.1135,38.3503],[141.1135,38.3503],[141.1135,38.3503],[141.1135,38.3503]]],[[[141.1136,38.3503],[141.1135,38.3503],[141.1136,38.3503],[141.1136,38.3503]]],[[[141.1135,38.3503],[141.1135,38.3503],[141.1135,38.3503],[141.1135,38.3503]]],[[[141.1149,38.3511],[141.1149,38.3511],[141.1149,38.3511],[141.1149,38.3511]]],[[[141.1115,38.3516],[141.1115,38.3516],[141.1116,38.3516],[141.1115,38.3516]]],[[[141.1116,38.3516],[141.1116,38.3516],[141.1117,38.3516],[141.1116,38.3516]]],[[[141.1118,38.3517],[141.1118,38.3516],[141.1117,38.3516],[141.1118,38.3517]]],[[[141.1165,38.3517],[141.1165,38.3517],[141.1165,38.3517],[141.1165,38.3517]]],[[[141.1115,38.3517],[141.1115,38.3517],[141.1116,38.3517],[141.1115,38.3517]]],[[[141.1142,38.3523],[141.1142,38.3523],[141.1142,38.3523],[141.1142,38.3523]]],[[[141.1141,38.3523],[141.1141,38.3523],[141.1141,38.3523],[141.1141,38.3523]]],[[[141.1144,38.3524],[141.1144,38.3524],[141.1145,38.3524],[141.1144,38.3524]]],[[[141.1158,38.354],[141.1158,38.354],[141.1158,38.3539],[141.1158,38.354]]],[[[141.1163,38.3544],[141.1163,38.3543],[141.1163,38.3543],[141.1163,38.3544]]],[[[141.1165,38.3545],[141.1164,38.3545],[141.1165,38.3545],[141.1165,38.3545]]],[[[141.1167,38.3545],[141.1167,38.3545],[141.1167,38.3545],[141.1167,38.3545]]],[[[141.117,38.3546],[141.117,38.3546],[141.117,38.3546],[141.117,38.3546]]],[[[141.1178,38.3539],[141.1157,38.3537],[141.1173,38.3548],[141.1176,38.3556],[141.1178,38.3539]]],[[[141.1171,38.3546],[141.1171,38.3546],[141.1171,38.3547],[141.1171,38.3546]]],[[[141.1172,38.3548],[141.1172,38.3547],[141.1172,38.3548],[141.1172,38.3548]]],[[[141.1173,38.355],[141.1173,38.355],[141.1174,38.355],[141.1173,38.355]]],[[[141.1175,38.3552],[141.1174,38.3552],[141.1175,38.3553],[141.1175,38.3552]]],[[[141.1183,38.3562],[141.1183,38.3562],[141.1183,38.3562],[141.1183,38.3562]]],[[[141.1181,38.3564],[141.1183,38.3566],[141.1183,38.3562],[141.1181,38.3564]]],[[[141.1182,38.3566],[141.1182,38.3566],[141.1182,38.3566],[141.1182,38.3566]]],[[[141.1186,38.3141],[141.1186,38.3139],[141.1185,38.3141],[141.1186,38.3141]]],[[[141.1199,38.3147],[141.1198,38.3148],[141.1199,38.3148],[141.1199,38.3147]]],[[[141.1209,38.3156],[141.1208,38.3156],[141.1208,38.3157],[141.1209,38.3156]]],[[[141.1215,38.3162],[141.1212,38.3161],[141.1212,38.3164],[141.1215,38.3162]]],[[[141.1215,38.3162],[141.1216,38.3163],[141.1217,38.3163],[141.1215,38.3162]]],[[[141.1217,38.3163],[141.1217,38.3164],[141.1218,38.3163],[141.1217,38.3163]]],[[[141.1192,38.3191],[141.1186,38.3198],[141.1198,38.3195],[141.1192,38.3191]]],[[[141.1197,38.3206],[141.1204,38.3204],[141.1189,38.3202],[141.1186,38.3217],[141.1197,38.3206]]],[[[141.1207,38.3232],[141.1206,38.323],[141.1204,38.3232],[141.1207,38.3232]]],[[[141.1189,38.3234],[141.1189,38.3234],[141.1189,38.3234],[141.1189,38.3234]]],[[[141.1208,38.3245],[141.1209,38.3244],[141.1205,38.324],[141.1208,38.3245]]],[[[141.1198,38.3247],[141.1197,38.3246],[141.1196,38.3247],[141.1198,38.3247]]],[[[141.1236,38.3246],[141.1231,38.3247],[141.1232,38.3249],[141.1236,38.3246]]],[[[141.1262,38.3253],[141.1262,38.3252],[141.126,38.3251],[141.1262,38.3253]]],[[[141.1239,38.3253],[141.1239,38.3254],[141.124,38.3252],[141.1239,38.3253]]],[[[141.1225,38.3269],[141.1225,38.3269],[141.1225,38.3269],[141.1225,38.3269]]],[[[141.1224,38.3269],[141.1224,38.3269],[141.1224,38.3269],[141.1224,38.3269]]],[[[141.1314,38.3269],[141.1313,38.3269],[141.1313,38.327],[141.1314,38.3269]]],[[[141.131,38.3271],[141.131,38.3272],[141.1311,38.3271],[141.131,38.3271]]],[[[141.1304,38.3273],[141.1302,38.3272],[141.1303,38.3274],[141.1304,38.3273]]],[[[141.1215,38.3275],[141.1219,38.3273],[141.1217,38.3271],[141.1215,38.3275]]],[[[141.1219,38.3273],[141.1219,38.3273],[141.122,38.3273],[141.1219,38.3273]]],[[[141.1217,38.3278],[141.1217,38.3279],[141.1218,38.3278],[141.1217,38.3278]]],[[[141.1219,38.328],[141.1219,38.328],[141.1218,38.328],[141.1219,38.328]]],[[[141.1308,38.3287],[141.1308,38.3294],[141.1311,38.3277],[141.1308,38.3287]]],[[[141.1268,38.3316],[141.1269,38.3316],[141.1268,38.3315],[141.1268,38.3316]]],[[[141.1268,38.3316],[141.1268,38.3316],[141.1269,38.3316],[141.1268,38.3316]]],[[[141.1231,38.3363],[141.1231,38.3363],[141.1231,38.3363],[141.1231,38.3363]]],[[[141.1283,38.3338],[141.1291,38.3326],[141.1313,38.3322],[141.1261,38.3316],[141.1262,38.3296],[141.1287,38.3291],[141.1274,38.3271],[141.1283,38.3267],[141.1265,38.3256],[141.1264,38.3267],[141.1248,38.3269],[141.1242,38.3255],[141.123,38.327],[141.1225,38.3267],[141.1225,38.3269],[141.1225,38.3269],[141.1222,38.3269],[141.1217,38.3299],[141.1177,38.3306],[141.1162,38.3321],[141.1169,38.3332],[141.1161,38.3337],[141.1165,38.3343],[141.1156,38.3349],[141.1156,38.3353],[141.1199,38.3395],[141.122,38.3374],[141.1208,38.3358],[141.1214,38.3347],[141.1245,38.3351],[141.1217,38.3401],[141.1239,38.3396],[141.1226,38.3416],[141.1252,38.3415],[141.1284,38.3441],[141.1282,38.3451],[141.1294,38.3451],[141.1281,38.3473],[141.1297,38.3474],[141.1297,38.349],[141.13,38.3457],[141.1312,38.3451],[141.1273,38.3425],[141.1275,38.3396],[141.1287,38.3391],[141.1296,38.3398],[141.1292,38.3412],[141.1303,38.341],[141.1305,38.3418],[141.1326,38.3434],[141.13,38.3381],[141.1315,38.3361],[141.1306,38.3352],[141.1296,38.3367],[141.1268,38.3357],[141.1295,38.3345],[141.1283,38.3338]]],[[[141.1281,38.3439],[141.1281,38.3439],[141.1281,38.344],[141.1281,38.3439]]],[[[141.1267,38.3438],[141.1258,38.3443],[141.1266,38.3443],[141.1267,38.3438]]],[[[141.1282,38.3447],[141.1283,38.3447],[141.1282,38.3446],[141.1282,38.3447]]],[[[141.1282,38.3447],[141.1282,38.3447],[141.1282,38.3447],[141.1282,38.3447]]],[[[141.1188,38.3519],[141.1195,38.3528],[141.121,38.3506],[141.1204,38.3489],[141.1223,38.3487],[141.1224,38.348],[141.119,38.3483],[141.1183,38.3502],[141.1197,38.351],[141.1188,38.3519]]],[[[141.1225,38.3529],[141.1238,38.3542],[141.1251,38.3538],[141.1249,38.3522],[141.1265,38.3522],[141.1249,38.3488],[141.1229,38.3489],[141.1215,38.3541],[141.1225,38.3529]]],[[[141.1271,38.3542],[141.1268,38.3529],[141.1266,38.3539],[141.1271,38.3542]]],[[[141.1211,38.3536],[141.1211,38.3536],[141.1211,38.3536],[141.1211,38.3536]]],[[[141.1212,38.3538],[141.1212,38.3538],[141.1212,38.3538],[141.1212,38.3538]]],[[[141.1212,38.3539],[141.1212,38.3539],[141.1212,38.3539],[141.1212,38.3539]]],[[[141.1211,38.3541],[141.1211,38.3541],[141.1211,38.3541],[141.1211,38.3541]]],[[[141.1213,38.3542],[141.1213,38.3542],[141.1213,38.3542],[141.1213,38.3542]]],[[[141.1213,38.3542],[141.1212,38.3542],[141.1213,38.3543],[141.1213,38.3542]]],[[[141.1211,38.3543],[141.1211,38.3543],[141.1212,38.3543],[141.1211,38.3543]]],[[[141.1211,38.3543],[141.1211,38.3543],[141.1211,38.3543],[141.1211,38.3543]]],[[[141.1274,38.3549],[141.1271,38.3544],[141.1263,38.3553],[141.1267,38.3571],[141.1274,38.3549]]],[[[141.1357,38.3561],[141.1358,38.3563],[141.1361,38.3559],[141.1357,38.3561]]],[[[141.1382,38.3567],[141.1382,38.3566],[141.1379,38.3565],[141.1382,38.3567]]]]}},{"type":"Feature","properties":{"code":"04205","name":"気仙沼市","pref_code":"04","pref":"宮城県"},"geometry":{"type":"MultiPolygon","coordinates":[[[[141.5291,38.7535],[141.5292,38.7535],[141.5292,38.7535],[141.5291,38.7535]]],[[[141.5287,38.7549],[141.5287,38.755],[141.5287,38.7549],[141.5287,38.7549]]],[[[141.5289,38.7551],[141.5289,38.7552],[141.5289,38.7551],[141.5289,38.7551]]],[[[141.529,38.7554],[141.5291,38.7551],[141.529,38.7553],[141.529,38.7554]]],[[[141.5293,38.7552],[141.5292,38.7552],[141.5292,38.7553],[141.5293,38.7552]]],[[[141.5289,38.7553],[141.5287,38.7552],[141.5288,38.7554],[141.5289,38.7553]]],[[[141.5285,38.7559],[141.5286,38.7559],[141.5286,38.7559],[141.5285,38.7559]]],[[[141.5287,38.7559],[141.5287,38.756],[141.5288,38.7559],[141.5287,38.7559]]],[[[141.5286,38.756],[141.5286,38.756],[141.5286,38.7561],[141.5286,38.756]]],[[[141.5287,38.7563],[141.5286,38.7565],[141.5288,38.7563],[141.5287,38.7563]]],[[[141.5283,38.7576],[141.5282,38.7577],[141.5282,38.7578],[141.5283,38.7576]]],[[[141.5289,38.7591],[141.529,38.759],[141.5289,38.7589],[141.5289,38.7591]]],[[[141.5286,38.7593],[141.5287,38.7592],[141.5286,38.7592],[141.5286,38.7593]]],[[[141.5287,38.7593],[141.5287,38.7593],[141.5288,38.7593],[141.5287,38.7593]]],[[[141.5281,38.7595],[141.5282,38.7595],[141.5281,38.7595],[141.5281,38.7595]]],[[[141.5271,38.7596],[141.5271,38.7596],[141.5271,38.7596],[141.5271,38.7596]]],[[[141.528,38.7597],[141.528,38.7597],[141.528,38.7596],[141.528,38.7597]]],[[[141.5273,38.7597],[141.5272,38.7596],[141.5272,38.7597],[141.5273,38.7597]]],[[[141.5274,38.7597],[141.5274,38.7597],[141.5275,38.7597],[141.5274,38.7597]]],[[[141.5269,38.76],[141.5269,38.76],[141.527,38.76],[141.5269,38.76]]],[[[141.522,38.76],[141.5221,38.76],[141.5221,38.76],[141.522,38.76]]],[[[141.522,38.76],[141.5219,38.76],[141.5219,38.76],[141.522,38.76]]],[[[141.5219,38.76],[141.522,38.76],[141.522,38.76],[141.5219,38.76]]],[[[141.5219,38.76],[141.5219,38.7601],[141.522,38.7601],[141.5219,38.76]]],[[[141.5218,38.7601],[141.5218,38.7601],[141.5218,38.7601],[141.5218,38.7601]]],[[[141.5271,38.7601],[141.5271,38.7602],[141.5271,38.7601],[141.5271,38.7601]]],[[[141.5247,38.76],[141.5247,38.7602],[141.5249,38.7601],[141.5247,38.76]]],[[[141.522,38.7602],[141.5219,38.7601],[141.5219,38.7602],[141.522,38.7602]]],[[[141.5235,38.7603],[141.5236,38.7603],[141.5235,38.7602],[141.5235,38.7603]]],[[[141.5227,38.7603],[141.5227,38.7604],[141.5228,38.7603],[141.5227,38.7603]]],[[[141.524,38.7604],[141.524,38.7605],[141.524,38.7604],[141.524,38.7604]]],[[[141.5242,38.7605],[141.5243,38.7605],[141.5242,38.7605],[141.5242,38.7605]]],[[[141.524,38.7606],[141.5239,38.7606],[141.5238,38.7606],[141.524,38.7606]]],[[[141.5243,38.761],[141.5244,38.7611],[141.5244,38.761],[141.5243,38.761]]],[[[141.5199,38.7617],[141.5199,38.7617],[141.5198,38.7617],[141.5199,38.7617]]],[[[141.5198,38.7618],[141.5198,38.7618],[141.5198,38.7618],[141.5198,38.7618]]],[[[141.5201,38.7621],[141.5201,38.7621],[141.5201,38.7621],[141.5201,38.7621]]],[[[141.5201,38.7621],[141.5202,38.7621],[141.5202,38.7621],[141.5201,38.7621]]],[[[141.52,38.7621],[141.5201,38.7622],[141.5201,38.7621],[141.52,38.7621]]],[[[141.5211,38.7624],[141.5214,38.7626],[141.5213,38.7622],[141.5211,38.7624]]],[[[141.5201,38.7625],[141.52,38.7624],[141.52,38.7625],[141.5201,38.7625]]],[[[141.5211,38.7626],[141.5211,38.7625],[141.5211,38.7625],[141.5211,38.7626]]],[[[141.5207,38.7628],[141.5208,38.7627],[141.5207,38.7627],[141.5207,38.7628]]],[[[141.5209,38.7629],[141.521,38.7629],[141.5209,38.7629],[141.5209,38.7629]]],[[[141.5212,38.763],[141.5212,38.7631],[141.5213,38.7631],[141.5212,38.763]]],[[[141.5212,38.7632],[141.5213,38.7632],[141.5212,38.7632],[141.5212,38.7632]]],[[[141.5212,38.7632],[141.5211,38.7632],[141.521,38.7632],[141.5212,38.7632]]],[[[141.5215,38.7632],[141.5215,38.7633],[141.5216,38.7633],[141.5215,38.7632]]],[[[141.5211,38.7635],[141.5214,38.7635],[141.5214,38.7632],[141.5211,38.7635]]],[[[141.5215,38.7635],[141.5215,38.7635],[141.5215,38.7635],[141.5215,38.7635]]],[[[141.5214,38.7636],[141.5216,38.7636],[141.5216,38.7636],[141.5214,38.7636]]],[[[141.5212,38.7636],[141.5212,38.7636],[141.5212,38.7636],[141.5212,38.7636]]],[[[141.5215,38.7638],[141.5215,38.7638],[141.5215,38.7638],[141.5215,38.7638]]],[[[141.5207,38.7643],[141.5207,38.7643],[141.5207,38.7643],[141.5207,38.7643]]],[[[141.5212,38.7643],[141.5211,38.7643],[141.5212,38.7644],[141.5212,38.7643]]],[[[141.5207,38.7645],[141.5206,38.7644],[141.5206,38.7644],[141.5207,38.7645]]],[[[141.5205,38.7644],[141.5204,38.7645],[141.5206,38.7645],[141.5205,38.7644]]],[[[141.5208,38.7645],[141.5208,38.7645],[141.5208,38.7645],[141.5208,38.7645]]],[[[141.5206,38.7645],[141.5206,38.7645],[141.5206,38.7645],[141.5206,38.7645]]],[[[141.5206,38.7648],[141.5205,38.7648],[141.5205,38.7649],[141.5206,38.7648]]],[[[141.521,38.7651],[141.5214,38.7649],[141.521,38.7647],[141.5207,38.7651],[141.521,38.7651]]],[[[141.5193,38.7649],[141.5193,38.765],[141.5193,38.7649],[141.5193,38.7649]]],[[[141.5196,38.7649],[141.5197,38.765],[141.5197,38.7649],[141.5196,38.7649]]],[[[141.5192,38.7651],[141.5192,38.765],[141.5191,38.7651],[141.5192,38.7651]]],[[[141.5199,38.7651],[141.52,38.7651],[141.5199,38.765],[141.5199,38.7651]]],[[[141.5197,38.7651],[141.5198,38.765],[141.5197,38.765],[141.5197,38.7651]]],[[[141.5202,38.7651],[141.5202,38.7651],[141.5202,38.7651],[141.5202,38.7651]]],[[[141.5202,38.7652],[141.5201,38.7651],[141.52,38.7652],[141.5202,38.7652]]],[[[141.5181,38.7652],[141.5181,38.7653],[141.5182,38.7652],[141.5181,38.7652]]],[[[141.518,38.7653],[141.518,38.7653],[141.518,38.7653],[141.518,38.7653]]],[[[141.5164,38.7654],[141.5165,38.7653],[141.5165,38.7653],[141.5164,38.7654]]],[[[141.5178,38.7653],[141.5178,38.7653],[141.5179,38.7654],[141.5178,38.7653]]],[[[141.5173,38.7654],[141.5172,38.7654],[141.5172,38.7654],[141.5173,38.7654]]],[[[141.5168,38.7655],[141.5168,38.7655],[141.5169,38.7654],[141.5168,38.7655]]],[[[141.5156,38.7654],[141.5154,38.7654],[141.5155,38.7655],[141.5156,38.7654]]],[[[141.5286,38.7657],[141.5285,38.7657],[141.5286,38.7657],[141.5286,38.7657]]],[[[141.5222,38.7728],[141.5222,38.7728],[141.5222,38.7728],[141.5222,38.7728]]],[[[141.5225,38.7729],[141.5225,38.7729],[141.5225,38.7729],[141.5225,38.7729]]],[[[141.5222,38.7729],[141.5222,38.7729],[141.5222,38.7729],[141.5222,38.7729]]],[[[141.522,38.773],[141.5221,38.773],[141.5221,38.7729],[141.522,38.773]]],[[[141.5221,38.773],[141.5222,38.773],[141.5221,38.773],[141.5221,38.773]]],[[[141.522,38.7731],[141.5221,38.773],[141.522,38.773],[141.522,38.7731]]],[[[141.5221,38.7731],[141.522,38.7732],[141.5221,38.7732],[141.5221,38.7731]]],[[[141.5221,38.7733],[141.5221,38.7732],[141.522,38.7732],[141.5221,38.7733]]],[[[141.522,38.7733],[141.522,38.7733],[141.5219,38.7733],[141.522,38.7733]]],[[[141.5193,38.7733],[141.5194,38.7734],[141.5194,38.7733],[141.5193,38.7733]]],[[[141.5221,38.7733],[141.522,38.7733],[141.5221,38.7733],[141.5221,38.7733]]],[[[141.5195,38.7734],[141.5196,38.7734],[141.5195,38.7734],[141.5195,38.7734]]],[[[141.5219,38.7734],[141.5219,38.7734],[141.5219,38.7733],[141.5219,38.7734]]],[[[141.519,38.7738],[141.519,38.7739],[141.5191,38.7738],[141.519,38.7738]]],[[[141.5185,38.7739],[141.5186,38.7739],[141.5186,38.7738],[141.5185,38.7739]]],[[[141.5256,38.7901],[141.5257,38.7901],[141.5256,38.7901],[141.5256,38.7901]]],[[[141.5254,38.7902],[141.5255,38.7903],[141.5255,38.7902],[141.5254,38.7902]]],[[[141.5267,38.7903],[141.5267,38.7903],[141.5267,38.7903],[141.5267,38.7903]]],[[[141.5285,38.7903],[141.5284,38.7904],[141.5285,38.7904],[141.5285,38.7903]]],[[[141.5282,38.7904],[141.5282,38.7904],[141.5282,38.7904],[141.5282,38.7904]]],[[[141.5278,38.7905],[141.5279,38.7905],[141.5278,38.7904],[141.5278,38.7905]]],[[[141.5274,38.7906],[141.5273,38.7906],[141.5274,38.7906],[141.5274,38.7904],[141.5274,38.7906]]],[[[141.5286,38.7905],[141.5285,38.7905],[141.5285,38.7906],[141.5286,38.7905]]],[[[141.5284,38.7906],[141.5283,38.7906],[141.5284,38.7906],[141.5284,38.7906]]],[[[141.5267,38.7906],[141.5268,38.7907],[141.5268,38.7907],[141.5267,38.7906]]],[[[141.5284,38.7907],[141.5284,38.7907],[141.5285,38.7907],[141.5284,38.7907]]],[[[141.5279,38.7908],[141.528,38.7907],[141.5279,38.7907],[141.5279,38.7908]]],[[[141.5284,38.7909],[141.5284,38.7909],[141.5284,38.7909],[141.5284,38.7909]]],[[[141.5285,38.7911],[141.5284,38.7911],[141.5286,38.7912],[141.5285,38.7911]]],[[[141.5281,38.7912],[141.5281,38.7913],[141.5282,38.7913],[141.5281,38.7912]]],[[[141.5291,38.7915],[141.5291,38.7916],[141.5292,38.7916],[141.5291,38.7915]]],[[[141.529,38.7926],[141.529,38.7929],[141.5291,38.7929],[141.529,38.7926]]],[[[141.5311,38.7497],[141.5311,38.7497],[141.5311,38.7499],[141.5311,38.7497]]],[[[141.5306,38.7499],[141.5306,38.75],[141.5307,38.75],[141.5306,38.7499]]],[[[141.5311,38.7516],[141.5311,38.7517],[141.5311,38.7516],[141.5311,38.7516]]],[[[141.5306,38.7517],[141.5307,38.7517],[141.5307,38.7517],[141.5306,38.7517]]],[[[141.5304,38.7517],[141.5304,38.7519],[141.5304,38.7519],[141.5304,38.7517]]],[[[141.5303,38.7519],[141.5302,38.7518],[141.5302,38.752],[141.5303,38.7519]]],[[[141.5302,38.7522],[141.5302,38.7522],[141.5302,38.7522],[141.5302,38.7522]]],[[[141.5301,38.7536],[141.5301,38.7536],[141.5301,38.7536],[141.5301,38.7536]]],[[[141.5338,38.7537],[141.5337,38.7538],[141.5338,38.7538],[141.5338,38.7537]]],[[[141.5338,38.7537],[141.5338,38.7539],[141.5339,38.7538],[141.5338,38.7537]]],[[[141.5326,38.7537],[141.5328,38.754],[141.5328,38.7537],[141.5326,38.7537]]],[[[141.5338,38.7539],[141.534,38.7539],[141.5338,38.7539],[141.5338,38.7539]]],[[[141.5331,38.7541],[141.533,38.7539],[141.5329,38.7537],[141.5331,38.7541]]],[[[141.5336,38.7539],[141.5335,38.754],[141.5336,38.754],[141.5336,38.7539]]],[[[141.5296,38.755],[141.5295,38.755],[141.5295,38.755],[141.5296,38.755]]],[[[141.5303,38.7551],[141.5302,38.7551],[141.5302,38.7551],[141.5303,38.7551]]],[[[141.5307,38.7557],[141.5307,38.7557],[141.5308,38.7558],[141.5307,38.7557]]],[[[141.5307,38.7559],[141.5307,38.756],[141.5307,38.7559],[141.5307,38.7559]]],[[[141.5323,38.7574],[141.5323,38.7574],[141.5323,38.7574],[141.5323,38.7574]]],[[[141.5321,38.7576],[141.5321,38.7576],[141.5321,38.7576],[141.5321,38.7576]]],[[[141.5322,38.7576],[141.5324,38.7577],[141.5324,38.7576],[141.5322,38.7576]]],[[[141.5321,38.7577],[141.5321,38.7577],[141.5321,38.7577],[141.5321,38.7577]]],[[[141.5323,38.7578],[141.5322,38.7578],[141.5323,38.7579],[141.5323,38.7578]]],[[[141.5322,38.7579],[141.5323,38.7579],[141.5322,38.7579],[141.5322,38.7579]]],[[[141.5304,38.7579],[141.5304,38.7579],[141.5304,38.7579],[141.5304,38.7579]]],[[[141.5319,38.758],[141.5321,38.758],[141.532,38.7578],[141.5319,38.758]]],[[[141.5305,38.7579],[141.5304,38.7579],[141.5305,38.758],[141.5305,38.7579]]],[[[141.5316,38.7579],[141.5315,38.758],[141.5315,38.758],[141.5316,38.7579]]],[[[141.5305,38.758],[141.5305,38.758],[141.5305,38.758],[141.5305,38.758]]],[[[141.5298,38.7585],[141.5303,38.7578],[141.5301,38.7576],[141.5298,38.7585]]],[[[141.5308,38.758],[141.5308,38.758],[141.5308,38.7581],[141.5308,38.758]]],[[[141.5296,38.7583],[141.5297,38.7582],[141.5296,38.758],[141.5296,38.7583]]],[[[141.5312,38.7582],[141.5311,38.7581],[141.5311,38.7582],[141.5312,38.7582]]],[[[141.5309,38.7582],[141.5309,38.7582],[141.5309,38.7582],[141.5309,38.7582]]],[[[141.5295,38.7582],[141.5294,38.7582],[141.5294,38.7583],[141.5295,38.7582]]],[[[141.5311,38.7582],[141.531,38.7582],[141.531,38.7583],[141.5311,38.7582]]],[[[141.5309,38.7583],[141.531,38.7583],[141.531,38.7583],[141.5309,38.7583]]],[[[141.5296,38.7587],[141.5297,38.7587],[141.5296,38.7587],[141.5296,38.7587]]],[[[141.5332,38.7592],[141.5332,38.7591],[141.5332,38.7591],[141.5332,38.7592]]],[[[141.5332,38.7593],[141.5332,38.7592],[141.5332,38.7592],[141.5332,38.7593]]],[[[141.5332,38.7594],[141.5335,38.7596],[141.5333,38.7593],[141.5332,38.7594]]],[[[141.5324,38.7595],[141.533,38.7597],[141.5327,38.7592],[141.5324,38.7595]]],[[[141.5298,38.7627],[141.5297,38.7629],[141.5299,38.7628],[141.5298,38.7627]]],[[[141.5313,38.7628],[141.5313,38.7629],[141.5313,38.7628],[141.5313,38.7628]]],[[[141.5303,38.763],[141.5303,38.7629],[141.5303,38.7629],[141.5303,38.763]]],[[[141.5298,38.763],[141.5298,38.763],[141.5298,38.763],[141.5298,38.763]]],[[[141.5296,38.7635],[141.5296,38.7634],[141.5295,38.7634],[141.5296,38.7635]]],[[[141.5346,38.7941],[141.5346,38.7942],[141.5346,38.7941],[141.5345,38.7941],[141.5346,38.7941]]],[[[141.5346,38.7942],[141.5346,38.7942],[141.5346,38.7942],[141.5346,38.7942]]],[[[141.5345,38.7942],[141.5345,38.7942],[141.5345,38.7942],[141.5345,38.7942]]],[[[141.5347,38.7942],[141.5347,38.7942],[141.5347,38.7942],[141.5347,38.7942]]],[[[141.5346,38.7943],[141.5346,38.7943],[141.5345,38.7944],[141.5346,38.7943]]],[[[141.5343,38.7943],[141.5343,38.7943],[141.5344,38.7943],[141.5343,38.7943]]],[[[141.5345,38.7944],[141.5344,38.7943],[141.5344,38.7944],[141.5345,38.7944]]],[[[141.5325,38.7944],[141.5328,38.7944],[141.5324,38.7944],[141.5325,38.7944]]],[[[141.5346,38.7944],[141.5347,38.7944],[141.5346,38.7943],[141.5346,38.7944]]],[[[141.5346,38.7944],[141.5345,38.7944],[141.5346,38.7944],[141.5346,38.7944]]],[[[141.5348,38.7944],[141.5348,38.7945],[141.5348,38.7945],[141.5348,38.7944]]],[[[141.5346,38.7945],[141.5347,38.7945],[141.5347,38.7945],[141.5346,38.7945]]],[[[141.5357,38.795],[141.5357,38.795],[141.5357,38.795],[141.5357,38.795]]],[[[141.535,38.7952],[141.5349,38.7952],[141.5349,38.7952],[141.535,38.7952]]],[[[141.5349,38.7952],[141.5348,38.7952],[141.5348,38.7952],[141.5349,38.7952]]],[[[141.5374,38.7952],[141.5374,38.7952],[141.5375,38.7952],[141.5374,38.7952]]],[[[141.5375,38.7953],[141.5375,38.7953],[141.5375,38.7953],[141.5375,38.7953]]],[[[141.5375,38.7953],[141.5375,38.7953],[141.5375,38.7953],[141.5375,38.7953]]],[[[141.5377,38.7954],[141.5377,38.7953],[141.5376,38.7953],[141.5377,38.7954]]],[[[141.5375,38.7954],[141.5376,38.7955],[141.5376,38.7955],[141.5375,38.7954]]],[[[141.5376,38.7955],[141.5376,38.7955],[141.5376,38.7955],[141.5376,38.7955]]],[[[141.537,38.7957],[141.537,38.7956],[141.537,38.7956],[141.537,38.7957]]],[[[141.538,38.7958],[141.5379,38.7959],[141.538,38.7959],[141.538,38.7958]]],[[[141.5433,38.7959],[141.5432,38.7959],[141.5432,38.7959],[141.5433,38.7959]]],[[[141.5431,38.7963],[141.5433,38.7962],[141.5431,38.7962],[141.5431,38.7963]]],[[[141.5386,38.7963],[141.5386,38.7963],[141.5386,38.7963],[141.5386,38.7963]]],[[[141.5432,38.7966],[141.5434,38.7963],[141.5431,38.7963],[141.5432,38.7966]]],[[[141.5387,38.7965],[141.5387,38.7965],[141.5387,38.7965],[141.5387,38.7965]]],[[[141.5387,38.7966],[141.5387,38.7966],[141.5387,38.7966],[141.5387,38.7966]]],[[[141.5388,38.7966],[141.5388,38.7966],[141.5388,38.7967],[141.5388,38.7966]]],[[[141.5431,38.7967],[141.5431,38.7967],[141.5432,38.7967],[141.5431,38.7967]]],[[[141.5432,38.7967],[141.5432,38.7968],[141.5432,38.7967],[141.5432,38.7967]]],[[[141.5431,38.7968],[141.5432,38.7968],[141.5431,38.7968],[141.5431,38.7968]]],[[[141.5433,38.7968],[141.5433,38.7968],[141.5433,38.7968],[141.5433,38.7968]]],[[[141.5434,38.7969],[141.5435,38.7968],[141.5434,38.7968],[141.5434,38.7969]]],[[[141.5419,38.797],[141.5419,38.797],[141.5419,38.797],[141.5419,38.797]]],[[[141.5409,38.797],[141.5409,38.797],[141.5409,38.797],[141.5409,38.797]]],[[[141.541,38.7971],[141.5409,38.7971],[141.541,38.7972],[141.541,38.7971]]],[[[141.5409,38.7973],[141.5409,38.7974],[141.5409,38.7974],[141.5409,38.7973]]],[[[141.5442,38.7974],[141.5442,38.7977],[141.5442,38.7974],[141.5442,38.7974]]],[[[141.5402,38.7976],[141.5402,38.7976],[141.5403,38.7976],[141.5402,38.7976]]],[[[141.544,38.7977],[141.544,38.7977],[141.544,38.7977],[141.544,38.7977]]],[[[141.5403,38.7977],[141.5403,38.7977],[141.5403,38.7977],[141.5403,38.7977]]],[[[141.5403,38.7977],[141.5402,38.7977],[141.5402,38.7977],[141.5403,38.7977]]],[[[141.544,38.7977],[141.544,38.7977],[141.544,38.7978],[141.544,38.7977]]],[[[141.5402,38.7978],[141.5402,38.7978],[141.5403,38.7978],[141.5402,38.7978]]],[[[141.5441,38.7981],[141.5441,38.7981],[141.5441,38.7981],[141.5441,38.7981]]],[[[141.5444,38.7982],[141.5445,38.7981],[141.5443,38.7981],[141.5444,38.7982]]],[[[141.5454,38.7982],[141.5454,38.7981],[141.5454,38.7982],[141.5454,38.7982]]],[[[141.5446,38.7987],[141.5445,38.7986],[141.5445,38.7987],[141.5446,38.7987]]],[[[141.5448,38.7986],[141.5448,38.7988],[141.545,38.7986],[141.5448,38.7986]]],[[[141.5452,38.7988],[141.5452,38.7989],[141.5453,38.7989],[141.5452,38.7988]]],[[[141.5451,38.7989],[141.5451,38.7989],[141.5451,38.7989],[141.5451,38.7989]]],[[[141.5455,38.7993],[141.5453,38.7989],[141.5452,38.7989],[141.5455,38.7993]]],[[[141.5456,38.7992],[141.5456,38.7992],[141.5459,38.7991],[141.5456,38.7992]]],[[[141.5455,38.7993],[141.5455,38.7993],[141.5455,38.7993],[141.5455,38.7993]]],[[[141.5461,38.7997],[141.546,38.7997],[141.546,38.7998],[141.5461,38.7997]]],[[[141.5461,38.7999],[141.5462,38.8],[141.5462,38.8],[141.5461,38.7999]]],[[[141.5461,38.8],[141.5461,38.8],[141.5461,38.8],[141.5461,38.8]]],[[[141.5461,38.8],[141.5461,38.8],[141.5461,38.8001],[141.5461,38.8]]],[[[141.6335,38.9683],[141.6351,38.9664],[141.6345,38.9656],[141.6358,38.9646],[141.6348,38.9654],[141.6323,38.9631],[141.6368,38.9629],[141.6371,38.9643],[141.6369,38.9627],[141.6392,38.962],[141.6391,38.9604],[141.6416,38.9588],[141.6413,38.9578],[141.6417,38.9561],[141.644,38.9555],[141.6409,38.9545],[141.6396,38.9558],[141.6359,38.9558],[141.6342,38.9579],[141.6327,38.9579],[141.6315,38.9577],[141.6313,38.9543],[141.6332,38.9533],[141.6326,38.9527],[141.6342,38.9516],[141.6332,38.9513],[141.6339,38.9506],[141.6358,38.9516],[141.6372,38.9509],[141.6356,38.9503],[141.6363,38.9488],[141.6376,38.9497],[141.6396,38.9494],[141.6387,38.9485],[141.6394,38.9483],[141.6393,38.948],[141.6379,38.9481],[141.6372,38.9468],[141.6387,38.9456],[141.6404,38.9462],[141.6388,38.9445],[141.6393,38.9427],[141.6405,38.9433],[141.6409,38.9432],[141.6396,38.9426],[141.6403,38.942],[141.6483,38.9423],[141.6475,38.9406],[141.6452,38.9418],[141.6426,38.9403],[141.6436,38.9394],[141.6417,38.9387],[141.6435,38.9366],[141.6427,38.937],[141.6422,38.9362],[141.6434,38.935],[141.6426,38.9339],[141.6431,38.933],[141.6401,38.933],[141.6399,38.9317],[141.6378,38.9319],[141.6377,38.931],[141.6367,38.9321],[141.6345,38.9313],[141.6343,38.9302],[141.6361,38.9294],[141.6364,38.9304],[141.6379,38.9272],[141.6427,38.9281],[141.6424,38.9273],[141.6451,38.9258],[141.6448,38.9249],[141.6452,38.9242],[141.6442,38.9241],[141.6445,38.9227],[141.6456,38.9234],[141.6455,38.923],[141.6456,38.9224],[141.6457,38.9224],[141.6465,38.9231],[141.6475,38.9228],[141.6478,38.9229],[141.648,38.9232],[141.6484,38.9222],[141.6496,38.9223],[141.649,38.9205],[141.6532,38.9191],[141.6506,38.917],[141.6509,38.9156],[141.6525,38.9156],[141.6504,38.9154],[141.6506,38.9114],[141.6485,38.9123],[141.6475,38.9113],[141.649,38.91],[141.6487,38.9095],[141.6497,38.9086],[141.6509,38.9089],[141.6506,38.9099],[141.6508,38.9106],[141.6512,38.9089],[141.6523,38.9092],[141.6515,38.9077],[141.6524,38.9067],[141.6548,38.907],[141.6518,38.905],[141.6523,38.9041],[141.6526,38.9033],[141.6514,38.9039],[141.6511,38.9025],[141.6527,38.9029],[141.6514,38.9018],[141.654,38.9003],[141.6554,38.9],[141.6561,38.9002],[141.6577,38.8986],[141.6587,38.8989],[141.6585,38.8986],[141.6592,38.8973],[141.6608,38.8961],[141.6621,38.8959],[141.6626,38.897],[141.6624,38.8972],[141.6636,38.8972],[141.6638,38.8961],[141.6652,38.8954],[141.6629,38.8937],[141.6632,38.8925],[141.6644,38.892],[141.666,38.8931],[141.6661,38.8929],[141.6666,38.8927],[141.6667,38.893],[141.667,38.8925],[141.6671,38.8929],[141.6675,38.8922],[141.6671,38.8918],[141.6678,38.8902],[141.6674,38.89],[141.6687,38.8898],[141.6682,38.8896],[141.6684,38.8889],[141.6651,38.8906],[141.6626,38.8888],[141.6625,38.8886],[141.6635,38.8884],[141.6635,38.8882],[141.6625,38.8885],[141.6625,38.8871],[141.6634,38.8864],[141.6631,38.8855],[141.6652,38.8831],[141.6638,38.8833],[141.663,38.8825],[141.6643,38.8822],[141.6626,38.8817],[141.6644,38.8811],[141.6639,38.8785],[141.6664,38.8783],[141.6667,38.8769],[141.6673,38.8773],[141.6669,38.8752],[141.6708,38.874],[141.6705,38.8736],[141.671,38.873],[141.6704,38.873],[141.6686,38.8725],[141.6705,38.8707],[141.6685,38.8699],[141.6703,38.87],[141.6694,38.8686],[141.6711,38.8685],[141.6705,38.8679],[141.6731,38.8682],[141.6732,38.8674],[141.6736,38.8674],[141.6726,38.8667],[141.6735,38.8666],[141.673,38.8657],[141.6731,38.8655],[141.6743,38.8658],[141.675,38.863],[141.6742,38.8621],[141.6746,38.8605],[141.673,38.8603],[141.6745,38.8597],[141.6746,38.8582],[141.6737,38.857],[141.6722,38.8584],[141.6716,38.8582],[141.6716,38.8579],[141.6714,38.8579],[141.6706,38.8584],[141.6713,38.8598],[141.6699,38.8591],[141.6686,38.8604],[141.6698,38.8612],[141.6695,38.8619],[141.6675,38.8611],[141.668,38.8616],[141.6674,38.8621],[141.6666,38.861],[141.6663,38.8626],[141.6656,38.8626],[141.6641,38.8618],[141.664,38.8628],[141.6622,38.8638],[141.6605,38.8631],[141.6608,38.8614],[141.6567,38.8626],[141.658,38.8647],[141.657,38.8652],[141.6585,38.8651],[141.658,38.8664],[141.6548,38.8664],[141.6543,38.8683],[141.6508,38.8693],[141.65,38.8712],[141.6512,38.873],[141.6496,38.8734],[141.649,38.8758],[141.6467,38.8752],[141.6483,38.8795],[141.647,38.8802],[141.643,38.8788],[141.6432,38.8807],[141.6422,38.8814],[141.6436,38.8808],[141.6459,38.8832],[141.6447,38.8843],[141.6411,38.8825],[141.6418,38.8839],[141.6371,38.8851],[141.6384,38.8858],[141.6383,38.8873],[141.6413,38.8884],[141.6415,38.8899],[141.6403,38.8906],[141.6388,38.8888],[141.6361,38.8888],[141.6353,38.8913],[141.6372,38.894],[141.6334,38.8966],[141.6349,38.8976],[141.6344,38.8997],[141.6383,38.9023],[141.6332,38.9024],[141.6313,38.9014],[141.6321,38.8988],[141.6294,38.8955],[141.6249,38.9],[141.6234,38.8998],[141.6253,38.896],[141.6241,38.895],[141.6262,38.8951],[141.6274,38.8936],[141.6301,38.894],[141.6309,38.8909],[141.6289,38.8928],[141.6257,38.8932],[141.6233,38.892],[141.6209,38.8929],[141.6211,38.8903],[141.6147,38.888],[141.6154,38.8821],[141.613,38.8812],[141.6125,38.8848],[141.6117,38.8865],[141.6108,38.8864],[141.6112,38.8834],[141.609,38.8824],[141.6096,38.8817],[141.6084,38.8801],[141.6047,38.8799],[141.6035,38.883],[141.603,38.883],[141.602,38.8834],[141.6037,38.8831],[141.6036,38.8857],[141.602,38.8839],[141.5968,38.8927],[141.5974,38.8938],[141.5962,38.8936],[141.5966,38.8929],[141.5921,38.8948],[141.5882,38.8946],[141.5878,38.8972],[141.5897,38.8968],[141.5883,38.8989],[141.5877,38.8976],[141.5878,38.9018],[141.5887,38.902],[141.5873,38.904],[141.5878,38.9062],[141.5863,38.907],[141.5868,38.9093],[141.5819,38.9101],[141.5805,38.9077],[141.5818,38.9073],[141.5813,38.9065],[141.5794,38.9073],[141.5788,38.9063],[141.5778,38.9074],[141.575,38.9062],[141.5797,38.9049],[141.5805,38.9039],[141.5795,38.901],[141.5813,38.9007],[141.586,38.8929],[141.5937,38.8897],[141.5941,38.886],[141.5934,38.885],[141.5907,38.8861],[141.5903,38.8855],[141.5917,38.8792],[141.5884,38.8751],[141.5897,38.8754],[141.5905,38.8739],[141.5886,38.8747],[141.5878,38.8735],[141.5888,38.8725],[141.5896,38.8728],[141.5899,38.8732],[141.59,38.8732],[141.5897,38.8728],[141.5887,38.8724],[141.5888,38.8723],[141.588,38.8721],[141.5911,38.8719],[141.5899,38.8717],[141.5908,38.8698],[141.5921,38.8699],[141.5918,38.8719],[141.5921,38.8698],[141.5881,38.8693],[141.5858,38.8673],[141.5858,38.8664],[141.5867,38.8668],[141.5856,38.8663],[141.586,38.863],[141.5848,38.8608],[141.5856,38.8597],[141.585,38.8584],[141.5856,38.8583],[141.5863,38.858],[141.5848,38.8584],[141.5835,38.8567],[141.5868,38.8578],[141.5848,38.8564],[141.5833,38.8567],[141.5825,38.8536],[141.5834,38.8485],[141.5849,38.8458],[141.5861,38.8465],[141.5853,38.846],[141.5865,38.845],[141.5869,38.8464],[141.5873,38.8454],[141.5862,38.8448],[141.5908,38.8356],[141.5925,38.8359],[141.5933,38.8358],[141.591,38.8355],[141.5908,38.8344],[141.5928,38.8332],[141.5943,38.8345],[141.5958,38.8342],[141.5942,38.8357],[141.5962,38.8363],[141.5949,38.8354],[141.5959,38.8347],[141.5975,38.8358],[141.5964,38.8368],[141.6023,38.8327],[141.6019,38.8314],[141.6027,38.8325],[141.6028,38.8318],[141.6017,38.8313],[141.6037,38.8291],[141.604,38.8291],[141.6037,38.8278],[141.6034,38.828],[141.603,38.8278],[141.6027,38.8269],[141.6021,38.828],[141.6,38.8293],[141.5967,38.8291],[141.5918,38.8252],[141.5916,38.8227],[141.5904,38.8222],[141.5892,38.8223],[141.5878,38.8227],[141.5896,38.8223],[141.5898,38.8234],[141.5891,38.8237],[141.5884,38.8229],[141.5881,38.8229],[141.5891,38.8238],[141.5856,38.8251],[141.5774,38.8234],[141.5748,38.8177],[141.576,38.8168],[141.575,38.8165],[141.5756,38.8154],[141.5766,38.817],[141.5767,38.8155],[141.5784,38.8131],[141.5724,38.8103],[141.5714,38.808],[141.5695,38.8102],[141.5709,38.8096],[141.5702,38.8105],[141.5711,38.8111],[141.5687,38.8134],[141.5591,38.8125],[141.5551,38.8094],[141.5553,38.8082],[141.5568,38.8084],[141.5551,38.8081],[141.5557,38.8063],[141.5582,38.8068],[141.5584,38.8078],[141.5589,38.8085],[141.5585,38.8078],[141.5581,38.8061],[141.5582,38.8058],[141.5575,38.8058],[141.5563,38.8042],[141.5571,38.8031],[141.5555,38.8021],[141.5554,38.8008],[141.555,38.8015],[141.5538,38.8018],[141.5527,38.8007],[141.5534,38.8015],[141.5512,38.8021],[141.551,38.8007],[141.5523,38.8008],[141.5502,38.7982],[141.5489,38.7996],[141.5465,38.7987],[141.5472,38.7995],[141.546,38.8004],[141.5438,38.7985],[141.5438,38.7967],[141.5425,38.7976],[141.5416,38.797],[141.5403,38.7982],[141.539,38.7982],[141.5384,38.7974],[141.5389,38.7972],[141.5383,38.7963],[141.5385,38.796],[141.5382,38.7963],[141.5388,38.7972],[141.5382,38.7974],[141.5374,38.7961],[141.5383,38.7954],[141.5393,38.7961],[141.5383,38.7953],[141.5372,38.7958],[141.5351,38.7954],[141.5333,38.7944],[141.5312,38.7948],[141.5296,38.7939],[141.5301,38.7933],[141.5297,38.7927],[141.5295,38.7938],[141.5286,38.793],[141.529,38.7918],[141.5298,38.7921],[141.5273,38.7912],[141.5274,38.7906],[141.5262,38.7908],[141.5257,38.7902],[141.525,38.7905],[141.5236,38.7904],[141.5204,38.7885],[141.5177,38.7803],[141.5187,38.7769],[141.5173,38.7751],[141.5179,38.7742],[141.5161,38.7745],[141.5146,38.7728],[141.5133,38.7692],[141.5143,38.7682],[141.5131,38.769],[141.5128,38.7674],[141.5145,38.7651],[141.518,38.7653],[141.5186,38.7645],[141.5203,38.7649],[141.52,38.7638],[141.5212,38.7633],[141.5208,38.7633],[141.5201,38.7628],[141.5195,38.7616],[141.5209,38.761],[141.5196,38.7611],[141.5197,38.7599],[141.5211,38.7597],[141.5211,38.7608],[141.522,38.7599],[141.5227,38.7596],[141.5245,38.7602],[141.5254,38.7591],[141.5277,38.7597],[141.5278,38.759],[141.5291,38.7588],[141.5286,38.7572],[141.5282,38.758],[141.5269,38.7571],[141.5289,38.757],[141.528,38.7559],[141.5283,38.7549],[141.5304,38.7537],[141.5306,38.7525],[141.5303,38.7537],[141.5286,38.7545],[141.5277,38.7538],[141.5286,38.7519],[141.5301,38.7524],[141.53,38.7518],[141.5312,38.7514],[141.5324,38.7522],[141.532,38.7502],[141.5296,38.751],[141.5306,38.7488],[141.5269,38.7472],[141.5215,38.7489],[141.5176,38.7485],[141.5154,38.7464],[141.5127,38.747],[141.5083,38.7452],[141.504,38.7449],[141.5001,38.7421],[141.499,38.7446],[141.4965,38.7459],[141.4864,38.7457],[141.4814,38.7493],[141.4806,38.7515],[141.4755,38.7535],[141.4673,38.7507],[141.4637,38.745],[141.4587,38.7446],[141.4573,38.7425],[141.4542,38.7421],[141.4511,38.7452],[141.4467,38.7457],[141.4416,38.7486],[141.437,38.745],[141.4356,38.745],[141.4351,38.7425],[141.4325,38.7407],[141.4275,38.7414],[141.422,38.7401],[141.4188,38.7413],[141.4152,38.741],[141.4141,38.7396],[141.4065,38.7437],[141.4036,38.7487],[141.4042,38.7521],[141.4033,38.7544],[141.4019,38.7542],[141.3988,38.757],[141.4065,38.7627],[141.4077,38.7657],[141.4101,38.7678],[141.414,38.768],[141.4175,38.7709],[141.4229,38.7717],[141.4229,38.7746],[141.4211,38.7779],[141.4217,38.7798],[141.4253,38.7813],[141.4297,38.7811],[141.4309,38.7833],[141.4379,38.7822],[141.4396,38.785],[141.4387,38.787],[141.4358,38.7867],[141.4325,38.7916],[141.4337,38.7979],[141.4368,38.8016],[141.4363,38.8056],[141.4334,38.8076],[141.4315,38.8066],[141.4294,38.8105],[141.4319,38.8122],[141.4344,38.8111],[141.4378,38.8129],[141.4464,38.8105],[141.4513,38.8119],[141.4543,38.8109],[141.4591,38.8152],[141.4545,38.8164],[141.453,38.8186],[141.4547,38.8222],[141.4521,38.828],[141.4519,38.8312],[141.4501,38.8326],[141.4498,38.8374],[141.4546,38.8473],[141.4574,38.8501],[141.4639,38.853],[141.4662,38.8567],[141.4642,38.8583],[141.4557,38.8603],[141.4527,38.8625],[141.4541,38.8655],[141.4512,38.8713],[141.4509,38.8758],[141.4537,38.8789],[141.4584,38.8811],[141.461,38.8836],[141.4657,38.8851],[141.4673,38.8882],[141.4654,38.8912],[141.4664,38.8939],[141.4705,38.8949],[141.4727,38.8975],[141.4831,38.9025],[141.4891,38.907],[141.4919,38.9128],[141.4921,38.9148],[141.4894,38.9175],[141.4921,38.9216],[141.4865,38.9301],[141.4856,38.9357],[141.4907,38.9439],[141.4915,38.9487],[141.4901,38.9502],[141.494,38.9554],[141.4902,38.9573],[141.4893,38.9606],[141.4902,38.9627],[141.4888,38.9686],[141.4865,38.9712],[141.4852,38.976],[141.4836,38.978],[141.4855,38.9822],[141.4841,38.9853],[141.4863,38.9883],[141.4859,38.9901],[141.4899,38.9975],[141.4924,38.999],[141.4984,38.9986],[141.5026,39.0002],[141.5068,38.9998],[141.5086,39.0027],[141.5185,39.0012],[141.5166,38.9982],[141.523,38.9914],[141.5369,38.9954],[141.5407,38.9948],[141.548,38.9963],[141.5533,38.9948],[141.557,38.9958],[141.5603,38.9938],[141.5671,38.996],[141.5752,38.987],[141.5802,38.9868],[141.5834,38.9886],[141.5869,38.9887],[141.5923,38.9869],[141.6018,38.9862],[141.6051,38.9851],[141.6215,38.9729],[141.6274,38.9706],[141.6317,38.9707],[141.632,38.9697],[141.6337,38.9693],[141.6335,38.9683]]],[[[141.5497,38.7981],[141.5498,38.7982],[141.5498,38.7981],[141.5497,38.7981]]],[[[141.5491,38.7981],[141.5491,38.7982],[141.5491,38.7981],[141.5491,38.7981]]],[[[141.5538,38.7985],[141.5537,38.7985],[141.5537,38.7985],[141.5538,38.7985]]],[[[141.5526,38.7989],[141.5526,38.7989],[141.5527,38.799],[141.5526,38.7989]]],[[[141.5491,38.7989],[141.5492,38.799],[141.5492,38.7989],[141.5491,38.7989]]],[[[141.5482,38.799],[141.5482,38.7989],[141.5482,38.799],[141.5482,38.799]]],[[[141.5524,38.799],[141.5524,38.799],[141.5524,38.7991],[141.5524,38.799]]],[[[141.5513,38.7991],[141.5512,38.7991],[141.5512,38.7991],[141.5513,38.7991]]],[[[141.5481,38.7991],[141.5481,38.7991],[141.5481,38.7991],[141.5481,38.7991]]],[[[141.5519,38.7991],[141.5518,38.7991],[141.5519,38.7991],[141.5519,38.7991]]],[[[141.5524,38.7992],[141.5524,38.7992],[141.5524,38.7991],[141.5524,38.7992]]],[[[141.5523,38.7992],[141.5523,38.7993],[141.5524,38.7993],[141.5523,38.7992]]],[[[141.5519,38.7994],[141.5518,38.7995],[141.5519,38.7995],[141.5519,38.7994]]],[[[141.5516,38.7995],[141.5516,38.7996],[141.5517,38.7994],[141.5516,38.7995]]],[[[141.552,38.7995],[141.5519,38.7995],[141.552,38.7995],[141.552,38.7995]]],[[[141.5462,38.7998],[141.5462,38.7999],[141.5462,38.7999],[141.5462,38.7998]]],[[[141.5563,38.8005],[141.5562,38.8006],[141.5563,38.8006],[141.5563,38.8005]]],[[[141.5557,38.8006],[141.5557,38.8006],[141.5557,38.8006],[141.5557,38.8006]]],[[[141.5563,38.8006],[141.5563,38.8007],[141.5564,38.8007],[141.5563,38.8006]]],[[[141.5558,38.8008],[141.5557,38.8007],[141.5558,38.8008],[141.5558,38.8008]]],[[[141.5549,38.8009],[141.5551,38.801],[141.555,38.8009],[141.5549,38.8009]]],[[[141.5561,38.8009],[141.5561,38.801],[141.5562,38.801],[141.5561,38.8009]]],[[[141.5558,38.801],[141.5559,38.8011],[141.5558,38.801],[141.5558,38.801]]],[[[141.5563,38.8013],[141.5562,38.8011],[141.5562,38.8012],[141.5563,38.8013]]],[[[141.5538,38.8013],[141.5538,38.8012],[141.5537,38.8013],[141.5538,38.8013]]],[[[141.5543,38.8015],[141.5543,38.8015],[141.5543,38.8014],[141.5543,38.8015]]],[[[141.5563,38.8016],[141.5563,38.8016],[141.5563,38.8016],[141.5563,38.8016]]],[[[141.554,38.8017],[141.554,38.8016],[141.5539,38.8017],[141.554,38.8017]]],[[[141.5564,38.8017],[141.5563,38.8017],[141.5564,38.8018],[141.5564,38.8017]]],[[[141.5563,38.8018],[141.5563,38.8017],[141.5563,38.8018],[141.5563,38.8018]]],[[[141.557,38.8018],[141.557,38.8018],[141.557,38.8018],[141.557,38.8018]]],[[[141.5598,38.802],[141.5598,38.802],[141.5597,38.802],[141.5598,38.802]]],[[[141.557,38.802],[141.557,38.8021],[141.5571,38.8021],[141.557,38.802]]],[[[141.5567,38.8023],[141.5566,38.8022],[141.5566,38.8023],[141.5567,38.8023]]],[[[141.5568,38.8022],[141.5569,38.8025],[141.5572,38.8023],[141.557,38.8021],[141.5568,38.8022]]],[[[141.5574,38.8026],[141.5573,38.8027],[141.5573,38.8028],[141.5574,38.8026]]],[[[141.5574,38.8028],[141.5575,38.8029],[141.5575,38.8028],[141.5574,38.8028]]],[[[141.5576,38.803],[141.5575,38.803],[141.5576,38.803],[141.5576,38.803]]],[[[141.5574,38.8032],[141.5574,38.8031],[141.5573,38.8032],[141.5574,38.8032]]],[[[141.5573,38.8032],[141.5572,38.8032],[141.5573,38.8032],[141.5573,38.8032]]],[[[141.5576,38.8035],[141.5576,38.8036],[141.5577,38.8036],[141.5576,38.8035]]],[[[141.5574,38.804],[141.5575,38.804],[141.5575,38.804],[141.5574,38.804]]],[[[141.5579,38.8041],[141.5579,38.804],[141.5579,38.804],[141.5579,38.8041]]],[[[141.5571,38.804],[141.557,38.804],[141.5571,38.8041],[141.5571,38.804]]],[[[141.5578,38.8042],[141.5578,38.8042],[141.5579,38.8042],[141.5578,38.8042]]],[[[141.5571,38.8042],[141.5571,38.8043],[141.5571,38.8042],[141.5571,38.8042]]],[[[141.5569,38.8044],[141.557,38.8044],[141.5569,38.8043],[141.5569,38.8044]]],[[[141.5582,38.8047],[141.5583,38.8045],[141.5581,38.8045],[141.5582,38.8047]]],[[[141.5581,38.8047],[141.5581,38.8045],[141.5581,38.8047],[141.5581,38.8047]]],[[[141.5576,38.8053],[141.5576,38.8053],[141.5576,38.8053],[141.5576,38.8053]]],[[[141.5583,38.8054],[141.5584,38.8054],[141.5584,38.8053],[141.5583,38.8054]]],[[[141.5589,38.8054],[141.5588,38.8053],[141.5588,38.8054],[141.5589,38.8054]]],[[[141.5589,38.8055],[141.559,38.8054],[141.559,38.8054],[141.5589,38.8055]]],[[[141.5587,38.8054],[141.5586,38.8055],[141.5587,38.8055],[141.5587,38.8054]]],[[[141.5583,38.8056],[141.5584,38.8055],[141.5583,38.8055],[141.5583,38.8056]]],[[[141.5578,38.8056],[141.5579,38.8057],[141.5579,38.8056],[141.5578,38.8056]]],[[[141.5582,38.8061],[141.5583,38.806],[141.5583,38.8059],[141.5582,38.8061]]],[[[141.559,38.8062],[141.5591,38.8062],[141.5591,38.8061],[141.559,38.8062]]],[[[141.5583,38.8061],[141.5583,38.8062],[141.5584,38.8062],[141.5583,38.8061]]],[[[141.5585,38.8065],[141.5585,38.8066],[141.5585,38.8065],[141.5585,38.8065]]],[[[141.5725,38.8066],[141.5725,38.8066],[141.5725,38.8066],[141.5725,38.8066]]],[[[141.5595,38.8068],[141.5595,38.8067],[141.5594,38.8067],[141.5595,38.8068]]],[[[141.5721,38.8068],[141.572,38.8068],[141.572,38.8068],[141.5721,38.8068]]],[[[141.5709,38.8068],[141.5709,38.8068],[141.5709,38.8068],[141.5709,38.8068]]],[[[141.5593,38.8068],[141.5594,38.8068],[141.5593,38.8068],[141.5593,38.8068]]],[[[141.5595,38.8069],[141.5596,38.8069],[141.5595,38.8068],[141.5595,38.8069]]],[[[141.5598,38.8069],[141.5598,38.8069],[141.5598,38.8069],[141.5598,38.8069]]],[[[141.5594,38.807],[141.5595,38.8069],[141.5594,38.8069],[141.5594,38.807]]],[[[141.569,38.8069],[141.569,38.807],[141.569,38.807],[141.569,38.8069]]],[[[141.5722,38.807],[141.5722,38.807],[141.5721,38.807],[141.5722,38.807]]],[[[141.5689,38.807],[141.5688,38.807],[141.5689,38.8071],[141.5689,38.807]]],[[[141.5598,38.8071],[141.5599,38.807],[141.5598,38.8071],[141.5598,38.8071]]],[[[141.56,38.8073],[141.5601,38.8072],[141.56,38.8072],[141.56,38.8073]]],[[[141.5705,38.8074],[141.5705,38.8074],[141.5704,38.8074],[141.5705,38.8074]]],[[[141.5719,38.8074],[141.572,38.8075],[141.572,38.8074],[141.5719,38.8074]]],[[[141.5707,38.8075],[141.5707,38.8075],[141.5707,38.8075],[141.5707,38.8075]]],[[[141.5719,38.8076],[141.572,38.8075],[141.5719,38.8075],[141.5719,38.8076]]],[[[141.5737,38.8075],[141.5737,38.8075],[141.5737,38.8076],[141.5737,38.8075]]],[[[141.5703,38.8076],[141.5703,38.8075],[141.5703,38.8076],[141.5703,38.8076]]],[[[141.574,38.8076],[141.574,38.8076],[141.574,38.8076],[141.574,38.8076]]],[[[141.572,38.8076],[141.5718,38.8077],[141.572,38.8078],[141.572,38.8076]]],[[[141.5701,38.8078],[141.5697,38.8075],[141.5697,38.8075],[141.5701,38.8078]]],[[[141.5717,38.8077],[141.5718,38.8077],[141.5718,38.8077],[141.5717,38.8077]]],[[[141.5702,38.8078],[141.5702,38.8079],[141.5702,38.8078],[141.5702,38.8078]]],[[[141.5553,38.8081],[141.5553,38.8081],[141.5554,38.808],[141.5553,38.8081]]],[[[141.5558,38.8081],[141.5559,38.808],[141.5558,38.8081],[141.5558,38.8081]]],[[[141.5566,38.808],[141.5565,38.8081],[141.5566,38.8081],[141.5566,38.808]]],[[[141.5739,38.8081],[141.5739,38.8081],[141.5739,38.8081],[141.5739,38.8081]]],[[[141.5739,38.8083],[141.5739,38.8083],[141.5739,38.8083],[141.5739,38.8083]]],[[[141.5702,38.8084],[141.5703,38.8084],[141.5702,38.8083],[141.5702,38.8084]]],[[[141.5569,38.8084],[141.5568,38.8084],[141.5568,38.8084],[141.5569,38.8084]]],[[[141.5703,38.8085],[141.5703,38.8084],[141.5703,38.8084],[141.5703,38.8085]]],[[[141.5733,38.8091],[141.5735,38.8091],[141.5731,38.8089],[141.5733,38.8091]]],[[[141.575,38.8091],[141.575,38.8091],[141.5751,38.8091],[141.575,38.8091]]],[[[141.575,38.8094],[141.575,38.8095],[141.5751,38.8095],[141.575,38.8094]]],[[[141.5574,38.8099],[141.5574,38.81],[141.5575,38.81],[141.5574,38.8099]]],[[[141.5575,38.8101],[141.5575,38.8102],[141.5576,38.8101],[141.5575,38.8101]]],[[[141.5574,38.8102],[141.5574,38.8103],[141.5575,38.8102],[141.5574,38.8102]]],[[[141.5567,38.8103],[141.5567,38.8103],[141.5568,38.8102],[141.5567,38.8103]]],[[[141.5575,38.8103],[141.5575,38.8104],[141.5576,38.8103],[141.5575,38.8103]]],[[[141.5572,38.8104],[141.5572,38.8105],[141.5572,38.8104],[141.5572,38.8104]]],[[[141.5574,38.8105],[141.5574,38.8105],[141.5573,38.8104],[141.5574,38.8105]]],[[[141.5745,38.8107],[141.5746,38.8109],[141.5747,38.8108],[141.5745,38.8107]]],[[[141.5572,38.8108],[141.5572,38.8109],[141.5572,38.8107],[141.5572,38.8108]]],[[[141.5747,38.8109],[141.5748,38.8111],[141.5748,38.8109],[141.5747,38.8109]]],[[[141.575,38.8112],[141.5749,38.8111],[141.5749,38.8113],[141.575,38.8112]]],[[[141.5751,38.8114],[141.5749,38.8113],[141.575,38.8114],[141.5751,38.8114]]],[[[141.5592,38.8119],[141.5592,38.8121],[141.5593,38.8121],[141.5592,38.8119]]],[[[141.5777,38.8082],[141.5776,38.8081],[141.5776,38.8082],[141.5777,38.8082]]],[[[141.5779,38.8084],[141.578,38.8085],[141.578,38.8084],[141.5779,38.8084]]],[[[141.5751,38.809],[141.5751,38.8091],[141.5752,38.809],[141.5751,38.809]]],[[[141.5772,38.8093],[141.5772,38.8094],[141.5772,38.8093],[141.5772,38.8093]]],[[[141.5754,38.8101],[141.5756,38.8101],[141.5754,38.81],[141.5754,38.8101]]],[[[141.5765,38.8103],[141.5764,38.8103],[141.5765,38.8103],[141.5765,38.8103]]],[[[141.5755,38.8104],[141.5755,38.8103],[141.5754,38.8104],[141.5755,38.8104]]],[[[141.5767,38.8113],[141.5766,38.8113],[141.5767,38.8114],[141.5767,38.8113]]],[[[141.5761,38.8115],[141.5762,38.8115],[141.5761,38.8114],[141.5761,38.8115]]],[[[141.5762,38.8116],[141.5763,38.8117],[141.5763,38.8116],[141.5762,38.8116]]],[[[141.5782,38.8116],[141.5781,38.8117],[141.5782,38.8117],[141.5782,38.8116]]],[[[141.5788,38.8117],[141.5787,38.8118],[141.5788,38.8118],[141.5788,38.8117]]],[[[141.5782,38.8118],[141.5782,38.8119],[141.5783,38.8121],[141.5782,38.8118]]],[[[141.5777,38.812],[141.5778,38.812],[141.5778,38.812],[141.5777,38.812]]],[[[141.579,38.8119],[141.5791,38.8121],[141.5792,38.8121],[141.579,38.8119]]],[[[141.5789,38.812],[141.5788,38.8121],[141.5789,38.812],[141.5789,38.812]]],[[[141.579,38.8121],[141.579,38.812],[141.5789,38.8121],[141.579,38.8121]]],[[[141.5781,38.8122],[141.578,38.8121],[141.5781,38.8122],[141.5781,38.8122]]],[[[141.5775,38.8122],[141.5775,38.8122],[141.5776,38.8122],[141.5775,38.8122]]],[[[141.5778,38.8122],[141.5779,38.8123],[141.5779,38.8122],[141.5778,38.8122]]],[[[141.5789,38.813],[141.579,38.8131],[141.5789,38.813],[141.5789,38.813]]],[[[141.5786,38.813],[141.5787,38.8132],[141.5789,38.813],[141.5786,38.813]]],[[[141.5797,38.8131],[141.5797,38.8131],[141.5798,38.8131],[141.5797,38.8131]]],[[[141.5795,38.8132],[141.5793,38.8131],[141.5793,38.8132],[141.5795,38.8132]]],[[[141.5789,38.8132],[141.579,38.8132],[141.5789,38.8131],[141.5789,38.8132]]],[[[141.5798,38.8132],[141.5797,38.8132],[141.5797,38.8132],[141.5798,38.8132]]],[[[141.5784,38.8133],[141.5784,38.8134],[141.5785,38.8132],[141.5784,38.8133]]],[[[141.5796,38.8134],[141.5796,38.8133],[141.5794,38.8133],[141.5796,38.8134]]],[[[141.5797,38.8136],[141.5797,38.8135],[141.5796,38.8135],[141.5797,38.8136]]],[[[141.5799,38.8135],[141.5799,38.8136],[141.5799,38.8135],[141.5799,38.8135]]],[[[141.5799,38.8137],[141.5798,38.8138],[141.5799,38.8138],[141.5799,38.8137]]],[[[141.5784,38.8145],[141.5783,38.8145],[141.5785,38.8146],[141.5784,38.8145]]],[[[141.5782,38.8146],[141.5781,38.8145],[141.5782,38.8146],[141.5782,38.8146]]],[[[141.5785,38.8146],[141.5786,38.8147],[141.5786,38.8146],[141.5785,38.8146]]],[[[141.5783,38.8146],[141.5784,38.8147],[141.5785,38.8147],[141.5783,38.8146]]],[[[141.5782,38.8147],[141.5783,38.8148],[141.5783,38.8148],[141.5782,38.8147]]],[[[141.577,38.8157],[141.577,38.8157],[141.5771,38.8156],[141.577,38.8157]]],[[[141.6001,38.8158],[141.6001,38.8158],[141.6001,38.8158],[141.6001,38.8158]]],[[[141.5995,38.8164],[141.5995,38.8165],[141.5996,38.8165],[141.5995,38.8164]]],[[[141.6002,38.8166],[141.6002,38.8166],[141.6002,38.8166],[141.6002,38.8166]]],[[[141.5995,38.8166],[141.5994,38.8167],[141.5995,38.8167],[141.5995,38.8166]]],[[[141.5997,38.8167],[141.5997,38.8167],[141.5997,38.8168],[141.5997,38.8167]]],[[[141.5999,38.817],[141.5999,38.817],[141.5999,38.817],[141.5999,38.817]]],[[[141.6001,38.8174],[141.6001,38.8175],[141.6001,38.8174],[141.6001,38.8174]]],[[[141.5892,38.8188],[141.5893,38.8185],[141.589,38.8186],[141.5892,38.8188]]],[[[141.5892,38.8188],[141.5893,38.8189],[141.5893,38.8189],[141.5892,38.8188]]],[[[141.5894,38.8191],[141.5895,38.8192],[141.5894,38.8191],[141.5894,38.8191]]],[[[141.5894,38.8193],[141.5894,38.8193],[141.5893,38.8193],[141.5894,38.8193]]],[[[141.5894,38.8193],[141.5893,38.8193],[141.5894,38.8194],[141.5894,38.8193]]],[[[141.5908,38.8209],[141.5908,38.8209],[141.5908,38.8209],[141.5908,38.8209]]],[[[141.5905,38.8209],[141.5906,38.821],[141.5906,38.821],[141.5905,38.8209]]],[[[141.5904,38.821],[141.5904,38.8209],[141.5903,38.8209],[141.5904,38.821]]],[[[141.5907,38.8212],[141.5908,38.8212],[141.5908,38.8212],[141.5907,38.8212]]],[[[141.5952,38.8212],[141.5953,38.8212],[141.5953,38.8212],[141.5952,38.8212]]],[[[141.59,38.8214],[141.5906,38.8214],[141.5907,38.8212],[141.59,38.8214]]],[[[141.5907,38.8212],[141.5908,38.8214],[141.5908,38.8214],[141.5907,38.8212]]],[[[141.5929,38.8214],[141.5929,38.8214],[141.593,38.8214],[141.5929,38.8214]]],[[[141.5953,38.8215],[141.5953,38.8215],[141.5954,38.8215],[141.5953,38.8215]]],[[[141.5955,38.8216],[141.5955,38.8216],[141.5955,38.8215],[141.5955,38.8216]]],[[[141.5923,38.8216],[141.5924,38.8216],[141.5924,38.8216],[141.5923,38.8216]]],[[[141.5921,38.8218],[141.5921,38.8218],[141.5921,38.8218],[141.5921,38.8218]]],[[[141.5923,38.8219],[141.5923,38.8218],[141.5922,38.8219],[141.5923,38.8219]]],[[[141.5923,38.822],[141.5922,38.8219],[141.5922,38.822],[141.5923,38.822]]],[[[141.5953,38.8221],[141.5952,38.822],[141.5952,38.822],[141.5953,38.8221]]],[[[141.592,38.8221],[141.592,38.8221],[141.592,38.8221],[141.592,38.8221]]],[[[141.5923,38.8221],[141.5924,38.8221],[141.5923,38.8221],[141.5923,38.8221]]],[[[141.5917,38.8222],[141.5918,38.8223],[141.5917,38.8222],[141.5917,38.8222]]],[[[141.5953,38.8222],[141.5953,38.8222],[141.5953,38.8223],[141.5953,38.8222]]],[[[141.5956,38.8224],[141.5956,38.8223],[141.5956,38.8223],[141.5956,38.8224]]],[[[141.592,38.8223],[141.5918,38.8223],[141.5919,38.8225],[141.592,38.8223]]],[[[141.5953,38.8224],[141.5953,38.8224],[141.5953,38.8224],[141.5953,38.8224]]],[[[141.5957,38.8224],[141.5957,38.8224],[141.5956,38.8224],[141.5957,38.8224]]],[[[141.5919,38.8225],[141.5918,38.8224],[141.5919,38.8225],[141.5919,38.8225]]],[[[141.5916,38.8225],[141.5916,38.8225],[141.5916,38.8225],[141.5916,38.8225]]],[[[141.5957,38.8226],[141.5957,38.8225],[141.5957,38.8226],[141.5957,38.8226]]],[[[141.593,38.8227],[141.593,38.8228],[141.5931,38.8228],[141.593,38.8227]]],[[[141.5937,38.8229],[141.5936,38.8228],[141.5936,38.8229],[141.5937,38.8229]]],[[[141.5931,38.8229],[141.5932,38.8229],[141.5932,38.8229],[141.5931,38.8229]]],[[[141.596,38.8256],[141.596,38.8256],[141.596,38.8255],[141.596,38.8256]]],[[[141.5999,38.8283],[141.5999,38.8282],[141.5999,38.8282],[141.5999,38.8283]]],[[[141.5984,38.8285],[141.5985,38.8285],[141.5984,38.8285],[141.5984,38.8285]]],[[[141.5983,38.8286],[141.5982,38.8285],[141.5982,38.8286],[141.5983,38.8286]]],[[[141.5984,38.8288],[141.5983,38.8286],[141.5983,38.8288],[141.5984,38.8288]]],[[[141.5982,38.8289],[141.5984,38.8289],[141.5982,38.8289],[141.5982,38.8289]]],[[[141.5997,38.8289],[141.5998,38.829],[141.5997,38.8289],[141.5997,38.8289]]],[[[141.5984,38.829],[141.5984,38.8289],[141.5983,38.829],[141.5984,38.829]]],[[[141.5983,38.8289],[141.5982,38.829],[141.5983,38.829],[141.5983,38.8289]]],[[[141.5998,38.8291],[141.5997,38.829],[141.5998,38.8291],[141.5998,38.8291]]],[[[141.5999,38.8291],[141.5998,38.8291],[141.5999,38.8291],[141.5999,38.8291]]],[[[141.6,38.8292],[141.6,38.8291],[141.6,38.8292],[141.6,38.8292]]],[[[141.6,38.8291],[141.6,38.8292],[141.6,38.8291],[141.6,38.8291]]],[[[141.5996,38.8291],[141.5996,38.8292],[141.5996,38.8292],[141.5996,38.8291]]],[[[141.6,38.8292],[141.6,38.8292],[141.6001,38.8292],[141.6,38.8292]]],[[[141.5996,38.8292],[141.5997,38.8292],[141.5996,38.8292],[141.5996,38.8292]]],[[[141.5997,38.8292],[141.5997,38.8293],[141.5997,38.8293],[141.5997,38.8292]]],[[[141.6,38.8358],[141.6001,38.8358],[141.6,38.8358],[141.6,38.8358]]],[[[141.6001,38.8359],[141.6002,38.8359],[141.6002,38.8357],[141.6001,38.8359]]],[[[141.5918,38.8367],[141.5918,38.8367],[141.5906,38.839],[141.5918,38.8367]]],[[[141.5932,38.8653],[141.5932,38.8653],[141.5931,38.8653],[141.5932,38.8653]]],[[[141.5932,38.8653],[141.5932,38.8654],[141.5933,38.8653],[141.5932,38.8653]]],[[[141.5902,38.8731],[141.5911,38.8737],[141.5911,38.8736],[141.5902,38.8731]]],[[[141.5925,38.8846],[141.5925,38.8847],[141.5931,38.8844],[141.5925,38.8846]]],[[[141.5919,38.8849],[141.5919,38.8849],[141.5924,38.8847],[141.5919,38.8849]]],[[[141.5912,38.8852],[141.5917,38.885],[141.5918,38.885],[141.5912,38.8852]]],[[[141.5911,38.8852],[141.5906,38.8855],[141.5911,38.8852],[141.5911,38.8852]]],[[[141.5875,38.8928],[141.5874,38.8927],[141.5873,38.8928],[141.5875,38.8928]]],[[[141.5867,38.8931],[141.5866,38.8931],[141.5867,38.8931],[141.5867,38.8931]]],[[[141.5868,38.9065],[141.5868,38.9064],[141.5864,38.9065],[141.5868,38.9065]]],[[[141.6018,38.8107],[141.602,38.8106],[141.6019,38.8106],[141.6018,38.8107]]],[[[141.6021,38.8162],[141.6021,38.8162],[141.6022,38.8162],[141.6021,38.8162]]],[[[141.6004,38.8162],[141.6004,38.8163],[141.6004,38.8163],[141.6004,38.8162]]],[[[141.6022,38.8163],[141.6022,38.8163],[141.6022,38.8163],[141.6022,38.8163]]],[[[141.6021,38.8163],[141.6021,38.8163],[141.6021,38.8163],[141.6021,38.8163]]],[[[141.6022,38.8163],[141.6022,38.8164],[141.6022,38.8164],[141.6022,38.8163]]],[[[141.6027,38.8163],[141.6027,38.8164],[141.6028,38.8163],[141.6027,38.8163]]],[[[141.6005,38.8163],[141.6004,38.8164],[141.6004,38.8164],[141.6005,38.8163]]],[[[141.6004,38.8165],[141.6004,38.8164],[141.6004,38.8165],[141.6004,38.8165]]],[[[141.6023,38.8164],[141.6023,38.8166],[141.6026,38.8165],[141.6023,38.8164]]],[[[141.6026,38.8165],[141.6025,38.8166],[141.6026,38.8166],[141.6026,38.8165]]],[[[141.6002,38.8166],[141.6002,38.8166],[141.6002,38.8166],[141.6002,38.8166]]],[[[141.6016,38.8166],[141.6016,38.8166],[141.6016,38.8166],[141.6016,38.8166]]],[[[141.6018,38.8167],[141.6018,38.8167],[141.6017,38.8167],[141.6018,38.8167]]],[[[141.6037,38.8173],[141.6038,38.8174],[141.6038,38.8173],[141.6037,38.8173]]],[[[141.6017,38.8182],[141.6016,38.8182],[141.6017,38.8182],[141.6017,38.8182]]],[[[141.6012,38.8184],[141.6012,38.8183],[141.6012,38.8184],[141.6012,38.8184]]],[[[141.601,38.8188],[141.601,38.8188],[141.601,38.8188],[141.601,38.8188]]],[[[141.601,38.8193],[141.6011,38.8192],[141.601,38.8192],[141.601,38.8193]]],[[[141.6038,38.8265],[141.6038,38.8265],[141.6039,38.8266],[141.6038,38.8265]]],[[[141.6027,38.8267],[141.6027,38.8268],[141.6028,38.8267],[141.6027,38.8267]]],[[[141.6035,38.8274],[141.6033,38.8272],[141.6032,38.8275],[141.6035,38.8274]]],[[[141.6032,38.8276],[141.6031,38.8276],[141.6031,38.8276],[141.6032,38.8276]]],[[[141.603,38.8276],[141.6029,38.8276],[141.603,38.8276],[141.603,38.8276]]],[[[141.6035,38.8277],[141.6037,38.8276],[141.6036,38.8276],[141.6035,38.8277]]],[[[141.6033,38.8277],[141.6033,38.8277],[141.6033,38.8277],[141.6033,38.8277]]],[[[141.6036,38.8277],[141.6037,38.8277],[141.6037,38.8277],[141.6036,38.8277]]],[[[141.6032,38.8278],[141.6032,38.8277],[141.6031,38.8278],[141.6032,38.8278]]],[[[141.6015,38.8279],[141.6014,38.8278],[141.6015,38.8279],[141.6015,38.8279]]],[[[141.6015,38.828],[141.6015,38.828],[141.6016,38.828],[141.6015,38.828]]],[[[141.6016,38.8281],[141.6016,38.8281],[141.6016,38.828],[141.6016,38.8281]]],[[[141.604,38.8284],[141.6041,38.8284],[141.604,38.8283],[141.604,38.8284]]],[[[141.6042,38.8284],[141.6042,38.8284],[141.6041,38.8284],[141.6042,38.8284]]],[[[141.604,38.8284],[141.604,38.8285],[141.604,38.8284],[141.604,38.8284]]],[[[141.6042,38.8284],[141.6042,38.8285],[141.6043,38.8284],[141.6042,38.8284]]],[[[141.6038,38.8285],[141.6039,38.8286],[141.6039,38.8284],[141.6038,38.8285]]],[[[141.6041,38.8286],[141.6041,38.8286],[141.6041,38.8286],[141.6041,38.8286]]],[[[141.6009,38.8287],[141.601,38.8287],[141.601,38.8286],[141.6009,38.8287]]],[[[141.6005,38.8289],[141.6006,38.8286],[141.6004,38.8288],[141.6005,38.8289]]],[[[141.604,38.8287],[141.604,38.8288],[141.604,38.8287],[141.604,38.8287]]],[[[141.6047,38.8288],[141.6047,38.8289],[141.6047,38.8288],[141.6047,38.8288]]],[[[141.6004,38.8289],[141.6005,38.8289],[141.6004,38.8288],[141.6004,38.8289]]],[[[141.6041,38.8289],[141.6041,38.8289],[141.6041,38.8289],[141.6041,38.8289]]],[[[141.6004,38.829],[141.6004,38.829],[141.6004,38.829],[141.6004,38.829]]],[[[141.6042,38.829],[141.6041,38.829],[141.6042,38.8291],[141.6042,38.829]]],[[[141.604,38.8291],[141.6041,38.8291],[141.604,38.8291],[141.604,38.8291]]],[[[141.604,38.8291],[141.6039,38.8291],[141.604,38.8292],[141.604,38.8291]]],[[[141.6042,38.8292],[141.6042,38.8292],[141.6042,38.8292],[141.6042,38.8292]]],[[[141.604,38.8292],[141.604,38.8292],[141.604,38.8292],[141.604,38.8292]]],[[[141.6052,38.8294],[141.6052,38.8294],[141.6052,38.8293],[141.6052,38.8294]]],[[[141.605,38.8294],[141.6051,38.8294],[141.6051,38.8293],[141.605,38.8294]]],[[[141.6041,38.8294],[141.6041,38.8294],[141.6041,38.8294],[141.6041,38.8294]]],[[[141.6051,38.8295],[141.6052,38.8294],[141.6051,38.8294],[141.6051,38.8295]]],[[[141.6038,38.8297],[141.604,38.8292],[141.6037,38.8293],[141.6038,38.8297]]],[[[141.6037,38.8295],[141.6037,38.8295],[141.6037,38.8295],[141.6037,38.8295]]],[[[141.605,38.8295],[141.6051,38.8296],[141.6051,38.8295],[141.605,38.8295]]],[[[141.6051,38.8296],[141.6051,38.8296],[141.6051,38.8296],[141.6051,38.8296]]],[[[141.6037,38.8297],[141.6036,38.8296],[141.6036,38.8297],[141.6037,38.8297]]],[[[141.6042,38.8296],[141.6043,38.8297],[141.6042,38.8296],[141.6042,38.8296]]],[[[141.6036,38.8297],[141.6036,38.8297],[141.6035,38.8297],[141.6036,38.8297]]],[[[141.6041,38.8296],[141.604,38.8297],[141.6041,38.8297],[141.6041,38.8296]]],[[[141.6036,38.8298],[141.6037,38.8298],[141.6035,38.8297],[141.6036,38.8298]]],[[[141.6041,38.8298],[141.6041,38.8298],[141.6041,38.8298],[141.6041,38.8298]]],[[[141.604,38.8298],[141.604,38.8298],[141.604,38.8299],[141.604,38.8298]]],[[[141.604,38.8299],[141.604,38.8299],[141.604,38.8298],[141.604,38.8299]]],[[[141.6049,38.8299],[141.6049,38.8299],[141.605,38.8299],[141.6049,38.8299]]],[[[141.605,38.8299],[141.605,38.83],[141.605,38.8299],[141.605,38.8299]]],[[[141.6037,38.83],[141.6037,38.83],[141.6037,38.83],[141.6037,38.83]]],[[[141.6041,38.83],[141.6041,38.83],[141.6041,38.83],[141.6041,38.83]]],[[[141.605,38.83],[141.605,38.83],[141.605,38.83],[141.605,38.83]]],[[[141.6033,38.83],[141.6032,38.83],[141.6033,38.83],[141.6033,38.83]]],[[[141.6041,38.8301],[141.6039,38.83],[141.604,38.8301],[141.6041,38.8301]]],[[[141.6046,38.8302],[141.6044,38.83],[141.6046,38.8302],[141.6046,38.8302]]],[[[141.6043,38.8301],[141.6045,38.8301],[141.6043,38.8297],[141.6042,38.8306],[141.6043,38.8301]]],[[[141.6039,38.8301],[141.6038,38.8302],[141.6039,38.8302],[141.6039,38.8301]]],[[[141.604,38.8302],[141.6041,38.8302],[141.6041,38.8302],[141.604,38.8302]]],[[[141.6044,38.8302],[141.6044,38.8303],[141.6045,38.8303],[141.6044,38.8302]]],[[[141.6054,38.8303],[141.6054,38.8302],[141.6054,38.8302],[141.6054,38.8303]]],[[[141.6056,38.8305],[141.6056,38.8304],[141.6055,38.8304],[141.6056,38.8305]]],[[[141.604,38.8306],[141.6041,38.8304],[141.604,38.8304],[141.604,38.8306]]],[[[141.6046,38.8307],[141.6047,38.8306],[141.6045,38.8303],[141.6046,38.8307]]],[[[141.6047,38.8307],[141.6045,38.8308],[141.6046,38.8308],[141.6047,38.8307]]],[[[141.6053,38.8309],[141.6053,38.8308],[141.6053,38.8309],[141.6053,38.8309]]],[[[141.6055,38.831],[141.6055,38.831],[141.6055,38.8311],[141.6055,38.831]]],[[[141.6053,38.831],[141.6053,38.8311],[141.6054,38.8311],[141.6053,38.831]]],[[[141.6049,38.8321],[141.6048,38.832],[141.6048,38.8321],[141.6049,38.8321]]],[[[141.6053,38.8323],[141.6054,38.8323],[141.6053,38.8323],[141.6053,38.8323]]],[[[141.6047,38.8325],[141.6047,38.8323],[141.6046,38.8323],[141.6047,38.8325]]],[[[141.6054,38.8325],[141.6053,38.8325],[141.6054,38.8326],[141.6054,38.8325]]],[[[141.6055,38.8326],[141.6054,38.8326],[141.6055,38.8326],[141.6055,38.8326]]],[[[141.6054,38.8327],[141.6054,38.8327],[141.6055,38.8327],[141.6054,38.8327]]],[[[141.605,38.8331],[141.6053,38.833],[141.6051,38.8328],[141.605,38.8331]]],[[[141.6053,38.8335],[141.6054,38.8336],[141.6053,38.8335],[141.6053,38.8335]]],[[[141.6044,38.8356],[141.6043,38.8356],[141.6044,38.8356],[141.6044,38.8356]]],[[[141.6004,38.8358],[141.6004,38.8357],[141.6004,38.8357],[141.6004,38.8358]]],[[[141.6002,38.8359],[141.6002,38.836],[141.6003,38.8358],[141.6002,38.8359]]],[[[141.6037,38.8359],[141.6037,38.8359],[141.6037,38.8359],[141.6037,38.8359]]],[[[141.6006,38.8361],[141.6007,38.8361],[141.6006,38.836],[141.6006,38.8361]]],[[[141.6007,38.8362],[141.6006,38.8362],[141.6006,38.8362],[141.6007,38.8362]]],[[[141.6008,38.8362],[141.6007,38.8362],[141.6009,38.8363],[141.6008,38.8362]]],[[[141.6012,38.8364],[141.6011,38.8364],[141.6011,38.8365],[141.6012,38.8364]]],[[[141.6018,38.8365],[141.6018,38.8366],[141.6019,38.8366],[141.6018,38.8365]]],[[[141.6021,38.8366],[141.6021,38.8366],[141.6021,38.8366],[141.6021,38.8366]]],[[[141.6016,38.8373],[141.6016,38.8374],[141.6016,38.8373],[141.6016,38.8373]]],[[[141.6017,38.8376],[141.6017,38.8376],[141.6017,38.8376],[141.6017,38.8376]]],[[[141.6017,38.8741],[141.6017,38.874],[141.6016,38.8741],[141.6017,38.8741]]],[[[141.6029,38.8748],[141.6028,38.8748],[141.6029,38.8749],[141.6029,38.8748]]],[[[141.6017,38.8836],[141.6017,38.8841],[141.6017,38.8841],[141.6017,38.8836]]],[[[141.6273,38.8265],[141.6269,38.8262],[141.6264,38.8273],[141.6257,38.8275],[141.6268,38.8277],[141.6273,38.8265]]],[[[141.626,38.8271],[141.6261,38.8272],[141.6261,38.8271],[141.626,38.8271]]],[[[141.6259,38.8279],[141.6259,38.828],[141.6261,38.8281],[141.6259,38.8279]]],[[[141.6263,38.8282],[141.6263,38.8281],[141.6263,38.8282],[141.6263,38.8282]]],[[[141.6264,38.8284],[141.6264,38.8283],[141.6263,38.8284],[141.6264,38.8284]]],[[[141.6254,38.8289],[141.6254,38.8289],[141.6254,38.8289],[141.6254,38.8289]]],[[[141.6256,38.829],[141.6256,38.829],[141.6255,38.8289],[141.6256,38.829]]],[[[141.6252,38.829],[141.6251,38.829],[141.6251,38.829],[141.6252,38.829]]],[[[141.6255,38.8293],[141.6254,38.829],[141.6253,38.8291],[141.6255,38.8293]]],[[[141.6242,38.8295],[141.6243,38.8296],[141.6243,38.8295],[141.6242,38.8295]]],[[[141.6247,38.8297],[141.6247,38.8297],[141.6247,38.8297],[141.6247,38.8297]]],[[[141.6248,38.8297],[141.6247,38.8297],[141.6248,38.8297],[141.6248,38.8297]]],[[[141.6256,38.8297],[141.6256,38.8299],[141.6257,38.8298],[141.6256,38.8297]]],[[[141.6256,38.83],[141.6252,38.8296],[141.625,38.8299],[141.6256,38.83]]],[[[141.6247,38.8301],[141.6246,38.83],[141.6246,38.8301],[141.6247,38.8301]]],[[[141.6251,38.8301],[141.625,38.8301],[141.6251,38.8301],[141.6251,38.8301]]],[[[141.6056,38.8301],[141.6056,38.8302],[141.6056,38.8302],[141.6056,38.8301]]],[[[141.625,38.8301],[141.625,38.8302],[141.625,38.8302],[141.625,38.8301]]],[[[141.6246,38.8303],[141.6247,38.8302],[141.6245,38.8302],[141.6246,38.8303]]],[[[141.6057,38.8303],[141.6056,38.8303],[141.6057,38.8303],[141.6057,38.8303]]],[[[141.6057,38.8304],[141.6057,38.8305],[141.6057,38.8304],[141.6057,38.8304]]],[[[141.625,38.8304],[141.6253,38.8306],[141.625,38.8304],[141.625,38.8304]]],[[[141.6057,38.8306],[141.6057,38.8305],[141.6057,38.8306],[141.6057,38.8306]]],[[[141.6057,38.8308],[141.6057,38.8307],[141.6057,38.8308],[141.6057,38.8308]]],[[[141.6056,38.831],[141.6057,38.831],[141.6056,38.831],[141.6056,38.831]]],[[[141.6056,38.8312],[141.6057,38.8312],[141.6057,38.8311],[141.6056,38.8312]]],[[[141.6272,38.8318],[141.6269,38.8315],[141.6268,38.8318],[141.6272,38.8318]]],[[[141.627,38.832],[141.6269,38.832],[141.6268,38.8321],[141.627,38.832]]],[[[141.6061,38.8324],[141.6061,38.8324],[141.6061,38.8325],[141.6061,38.8324]]],[[[141.6278,38.833],[141.6277,38.8318],[141.626,38.8325],[141.6259,38.8336],[141.6265,38.8329],[141.6278,38.833]]],[[[141.6061,38.8331],[141.606,38.833],[141.606,38.8331],[141.6061,38.8331]]],[[[141.6248,38.833],[141.6246,38.8331],[141.6246,38.8331],[141.6248,38.833]]],[[[141.627,38.8335],[141.6266,38.8332],[141.6268,38.8336],[141.627,38.8335]]],[[[141.6264,38.8337],[141.6266,38.8337],[141.6265,38.8336],[141.6264,38.8337]]],[[[141.6186,38.8346],[141.6186,38.8348],[141.6188,38.8346],[141.6186,38.8346]]],[[[141.6176,38.8348],[141.6175,38.8349],[141.6176,38.8348],[141.6176,38.8348]]],[[[141.6218,38.8349],[141.6217,38.8349],[141.6217,38.8349],[141.6218,38.8349]]],[[[141.6184,38.835],[141.6184,38.8351],[141.6185,38.8349],[141.6184,38.835]]],[[[141.6216,38.835],[141.6215,38.835],[141.6215,38.8354],[141.6216,38.835]]],[[[141.6212,38.8349],[141.6207,38.835],[141.6208,38.8355],[141.6212,38.8349]]],[[[141.6225,38.8353],[141.6224,38.8354],[141.6224,38.8354],[141.6225,38.8353]]],[[[141.6206,38.8357],[141.6203,38.8356],[141.6205,38.8358],[141.6206,38.8357]]],[[[141.6268,38.836],[141.6269,38.8361],[141.6269,38.836],[141.6268,38.836]]],[[[141.6266,38.8363],[141.6268,38.8363],[141.6267,38.836],[141.6266,38.8363]]],[[[141.6183,38.8363],[141.6183,38.8364],[141.6182,38.8367],[141.6183,38.8363]]],[[[141.627,38.8364],[141.6268,38.8366],[141.627,38.8367],[141.627,38.8364]]],[[[141.618,38.8365],[141.6181,38.8367],[141.6182,38.8365],[141.618,38.8365]]],[[[141.6163,38.837],[141.6166,38.837],[141.6165,38.8367],[141.6163,38.837]]],[[[141.6157,38.8366],[141.6156,38.8367],[141.6156,38.837],[141.6157,38.8366]]],[[[141.6154,38.8368],[141.6155,38.837],[141.6155,38.8368],[141.6154,38.8368]]],[[[141.6183,38.837],[141.6185,38.8369],[141.6183,38.8369],[141.6183,38.837]]],[[[141.6181,38.8372],[141.6178,38.837],[141.6178,38.8372],[141.6181,38.8372]]],[[[141.6162,38.8374],[141.6165,38.8375],[141.6163,38.837],[141.6162,38.8374]]],[[[141.6173,38.8373],[141.6175,38.8374],[141.6173,38.8372],[141.6173,38.8373]]],[[[141.619,38.8374],[141.6191,38.8374],[141.619,38.8374],[141.619,38.8374]]],[[[141.6271,38.8373],[141.6272,38.8376],[141.6272,38.8373],[141.6271,38.8373]]],[[[141.6164,38.8381],[141.6162,38.8382],[141.6163,38.8384],[141.6164,38.8381]]],[[[141.6157,38.8386],[141.6157,38.8387],[141.6157,38.8389],[141.6157,38.8386]]],[[[141.6152,38.8393],[141.6154,38.8392],[141.6153,38.8391],[141.6152,38.8393]]],[[[141.6152,38.8396],[141.6153,38.8396],[141.6152,38.8396],[141.6152,38.8396]]],[[[141.6154,38.8397],[141.6154,38.8397],[141.6154,38.8397],[141.6154,38.8397]]],[[[141.6157,38.8397],[141.6158,38.8398],[141.6157,38.8397],[141.6157,38.8397]]],[[[141.6161,38.8399],[141.616,38.8399],[141.6155,38.8406],[141.6161,38.8399]]],[[[141.611,38.8422],[141.6112,38.8421],[141.6111,38.842],[141.611,38.8422]]],[[[141.6115,38.8424],[141.6113,38.8425],[141.6114,38.8425],[141.6115,38.8424]]],[[[141.6106,38.843],[141.6107,38.843],[141.6106,38.8429],[141.6106,38.843]]],[[[141.6147,38.8431],[141.6147,38.8431],[141.6147,38.8431],[141.6147,38.8431]]],[[[141.6108,38.8432],[141.6109,38.8431],[141.6108,38.8431],[141.6108,38.8432]]],[[[141.6128,38.8432],[141.6128,38.8432],[141.6128,38.8433],[141.6128,38.8432]]],[[[141.6151,38.8433],[141.615,38.8435],[141.615,38.8435],[141.6151,38.8433]]],[[[141.6141,38.8437],[141.6141,38.8436],[141.6141,38.8437],[141.6141,38.8437]]],[[[141.6114,38.8447],[141.6114,38.8447],[141.6114,38.8447],[141.6114,38.8447]]],[[[141.6093,38.8488],[141.6092,38.8488],[141.6092,38.8489],[141.6093,38.8488]]],[[[141.6093,38.849],[141.6093,38.8491],[141.6094,38.849],[141.6093,38.849]]],[[[141.6091,38.8491],[141.6091,38.8492],[141.6091,38.8491],[141.6091,38.8491]]],[[[141.6093,38.8492],[141.6094,38.8492],[141.6093,38.8491],[141.6093,38.8492]]],[[[141.6256,38.85],[141.6258,38.8499],[141.6256,38.8499],[141.6256,38.85]]],[[[141.6259,38.8505],[141.6256,38.8506],[141.6259,38.8506],[141.6259,38.8505]]],[[[141.6101,38.8527],[141.61,38.8527],[141.61,38.8527],[141.6101,38.8527]]],[[[141.61,38.8528],[141.61,38.8527],[141.6099,38.8528],[141.61,38.8528]]],[[[141.6101,38.8528],[141.6101,38.8528],[141.61,38.8528],[141.6101,38.8528]]],[[[141.6067,38.853],[141.6068,38.8529],[141.6067,38.8529],[141.6067,38.853]]],[[[141.6068,38.853],[141.6069,38.8531],[141.607,38.8528],[141.6068,38.853]]],[[[141.607,38.8539],[141.607,38.8538],[141.6069,38.8539],[141.607,38.8539]]],[[[141.6063,38.8541],[141.6064,38.8541],[141.6064,38.8541],[141.6063,38.8541]]],[[[141.627,38.8565],[141.6271,38.8565],[141.627,38.8565],[141.627,38.8565]]],[[[141.6268,38.8566],[141.627,38.8568],[141.6269,38.8566],[141.6268,38.8566]]],[[[141.6273,38.8567],[141.6272,38.8567],[141.6272,38.8568],[141.6273,38.8567]]],[[[141.6271,38.8569],[141.6271,38.8569],[141.627,38.8569],[141.6271,38.8569]]],[[[141.6268,38.8568],[141.6268,38.8571],[141.6269,38.8571],[141.6268,38.8568]]],[[[141.6272,38.8571],[141.6271,38.8571],[141.6271,38.8571],[141.6272,38.8571]]],[[[141.6257,38.8575],[141.6257,38.8574],[141.6256,38.8574],[141.6257,38.8575]]],[[[141.6262,38.8576],[141.6262,38.8576],[141.6262,38.8576],[141.6262,38.8576]]],[[[141.6268,38.8645],[141.6241,38.8636],[141.6224,38.8616],[141.6229,38.8584],[141.6247,38.8582],[141.626,38.857],[141.627,38.8565],[141.6277,38.8561],[141.6273,38.8559],[141.6274,38.8549],[141.6262,38.8533],[141.6267,38.855],[141.623,38.8542],[141.6224,38.8513],[141.6231,38.8504],[141.6259,38.8498],[141.6252,38.849],[141.6273,38.8479],[141.6323,38.8484],[141.6322,38.8491],[141.6332,38.8486],[141.6363,38.8485],[141.6335,38.8468],[141.6332,38.8456],[141.6343,38.8452],[141.6347,38.8427],[141.6378,38.8404],[141.6373,38.8394],[141.6344,38.8394],[141.6339,38.8381],[141.6322,38.84],[141.6285,38.84],[141.6262,38.8363],[141.6259,38.8349],[141.6268,38.8346],[141.6255,38.8346],[141.6255,38.8332],[141.6249,38.8333],[141.6242,38.8328],[141.6252,38.8311],[141.6243,38.8302],[141.6227,38.8332],[141.6235,38.8349],[141.6221,38.8357],[141.621,38.8354],[141.6203,38.8371],[141.6197,38.8377],[141.6173,38.8374],[141.6164,38.8388],[141.6155,38.839],[141.6177,38.8402],[141.6174,38.8416],[141.6105,38.8476],[141.6136,38.847],[141.6139,38.849],[141.6102,38.8532],[141.6097,38.8528],[141.6088,38.8528],[141.6096,38.8529],[141.6102,38.8537],[141.607,38.8549],[141.6067,38.8583],[141.6047,38.8604],[141.6067,38.865],[141.6075,38.864],[141.6129,38.8641],[141.6129,38.8654],[141.6072,38.8665],[141.6059,38.869],[141.605,38.8689],[141.6044,38.869],[141.6056,38.869],[141.6028,38.8709],[141.6017,38.8735],[141.6038,38.8751],[141.6054,38.8776],[141.6076,38.8769],[141.6114,38.8783],[141.6145,38.8777],[141.6187,38.8788],[141.6222,38.8814],[141.6222,38.8848],[141.6242,38.885],[141.6249,38.8833],[141.6277,38.8828],[141.6284,38.8805],[141.6268,38.8794],[141.6278,38.8783],[141.6297,38.8791],[141.6314,38.8775],[141.6314,38.876],[141.6335,38.8759],[141.6344,38.8747],[141.6343,38.8737],[141.6321,38.8738],[141.6314,38.8727],[141.6312,38.8719],[141.6313,38.8704],[141.6343,38.8674],[141.633,38.8667],[141.6329,38.8648],[141.6318,38.8653],[141.6304,38.8646],[141.6298,38.8639],[141.6303,38.8631],[141.6268,38.8645]]],[[[141.6251,38.8581],[141.6251,38.8581],[141.6251,38.8582],[141.6251,38.8581]]],[[[141.6248,38.8583],[141.6249,38.8582],[141.6248,38.8582],[141.6248,38.8583]]],[[[141.6249,38.8583],[141.6248,38.8583],[141.6248,38.8583],[141.6249,38.8583]]],[[[141.6257,38.8583],[141.6258,38.8583],[141.6258,38.8583],[141.6257,38.8583]]],[[[141.6248,38.8584],[141.6248,38.8584],[141.6248,38.8584],[141.6248,38.8584]]],[[[141.6263,38.8585],[141.6264,38.8583],[141.6262,38.8584],[141.6263,38.8585]]],[[[141.6248,38.8585],[141.6248,38.8585],[141.6248,38.8584],[141.6248,38.8585]]],[[[141.6258,38.8623],[141.6251,38.8614],[141.6256,38.8622],[141.6258,38.8623]]],[[[141.6256,38.863],[141.6262,38.8625],[141.6259,38.8625],[141.6256,38.863]]],[[[141.6195,38.8845],[141.6195,38.8846],[141.6196,38.8845],[141.6195,38.8845]]],[[[141.6178,38.889],[141.6178,38.889],[141.6178,38.889],[141.6178,38.889]]],[[[141.6214,38.8908],[141.6215,38.8908],[141.6215,38.8907],[141.6214,38.8908]]],[[[141.6233,38.8917],[141.6233,38.8918],[141.6233,38.8917],[141.6233,38.8917]]],[[[141.6233,38.8918],[141.6232,38.8918],[141.6232,38.8919],[141.6233,38.8918]]],[[[141.6282,38.8253],[141.6279,38.8252],[141.6275,38.8255],[141.6282,38.8253]]],[[[141.6272,38.8254],[141.6273,38.8254],[141.6273,38.8253],[141.6272,38.8254]]],[[[141.6282,38.8255],[141.6282,38.8255],[141.6282,38.8255],[141.6282,38.8255]]],[[[141.6281,38.8257],[141.6282,38.8256],[141.628,38.8255],[141.6281,38.8257]]],[[[141.6279,38.8256],[141.6278,38.8258],[141.6279,38.8258],[141.6279,38.8256]]],[[[141.627,38.8256],[141.6276,38.8259],[141.6273,38.8255],[141.627,38.8256]]],[[[141.6274,38.8316],[141.6274,38.8316],[141.6272,38.8316],[141.6274,38.8316]]],[[[141.6277,38.8345],[141.6279,38.8345],[141.6279,38.8345],[141.6277,38.8345]]],[[[141.6278,38.8361],[141.628,38.8362],[141.6279,38.836],[141.6278,38.8361]]],[[[141.6322,38.8371],[141.6323,38.8373],[141.6325,38.8373],[141.6322,38.8371]]],[[[141.6278,38.8377],[141.6278,38.8374],[141.6273,38.8376],[141.6278,38.8377]]],[[[141.6336,38.8377],[141.6336,38.8377],[141.6336,38.8377],[141.6336,38.8377]]],[[[141.6317,38.8379],[141.6318,38.8381],[141.6319,38.8379],[141.6317,38.8379]]],[[[141.6345,38.8381],[141.6345,38.8385],[141.6347,38.8383],[141.6345,38.8381]]],[[[141.6317,38.8387],[141.6318,38.8381],[141.6315,38.8381],[141.6317,38.8387]]],[[[141.6321,38.8384],[141.6321,38.8385],[141.6321,38.8384],[141.6321,38.8384]]],[[[141.6348,38.8386],[141.6346,38.8385],[141.6346,38.8388],[141.6348,38.8386]]],[[[141.6377,38.8394],[141.6378,38.8382],[141.6369,38.8389],[141.6377,38.8394]]],[[[141.6349,38.8388],[141.6349,38.8391],[141.635,38.8388],[141.6349,38.8388]]],[[[141.6363,38.839],[141.6365,38.8391],[141.6363,38.839],[141.6363,38.839]]],[[[141.6357,38.8391],[141.6356,38.839],[141.6356,38.8391],[141.6357,38.8391]]],[[[141.6343,38.839],[141.6343,38.8391],[141.6344,38.839],[141.6343,38.839]]],[[[141.6375,38.8411],[141.6375,38.8411],[141.6375,38.841],[141.6375,38.8411]]],[[[141.6365,38.8419],[141.6365,38.8421],[141.6367,38.8421],[141.6365,38.8419]]],[[[141.6362,38.8422],[141.6363,38.8423],[141.6363,38.8422],[141.6362,38.8422]]],[[[141.6347,38.8433],[141.6346,38.8433],[141.6347,38.8433],[141.6347,38.8433]]],[[[141.6349,38.8433],[141.6349,38.8433],[141.6349,38.8433],[141.6349,38.8433]]],[[[141.6347,38.8434],[141.6349,38.8434],[141.6349,38.8434],[141.6347,38.8434]]],[[[141.6348,38.8436],[141.6348,38.8436],[141.6348,38.8436],[141.6348,38.8436]]],[[[141.6346,38.8445],[141.6346,38.8444],[141.6345,38.8444],[141.6346,38.8445]]],[[[141.635,38.8446],[141.6349,38.8446],[141.635,38.8447],[141.635,38.8446]]],[[[141.6347,38.8447],[141.6348,38.8448],[141.6348,38.8448],[141.6347,38.8447]]],[[[141.6347,38.8471],[141.6348,38.8471],[141.6347,38.847],[141.6347,38.8471]]],[[[141.6372,38.8469],[141.637,38.8473],[141.6373,38.8471],[141.6372,38.8469]]],[[[141.6359,38.8476],[141.6359,38.8476],[141.6361,38.8476],[141.6359,38.8476]]],[[[141.637,38.8484],[141.6369,38.8484],[141.637,38.8485],[141.637,38.8484]]],[[[141.6374,38.8488],[141.6373,38.8488],[141.6374,38.8489],[141.6374,38.8488]]],[[[141.6364,38.849],[141.6363,38.849],[141.6363,38.849],[141.6364,38.849]]],[[[141.6328,38.849],[141.6324,38.8492],[141.6328,38.8493],[141.6328,38.849]]],[[[141.6345,38.8493],[141.6344,38.8494],[141.6345,38.8494],[141.6345,38.8493]]],[[[141.6365,38.8494],[141.6366,38.8494],[141.6366,38.8494],[141.6365,38.8494]]],[[[141.6359,38.8498],[141.636,38.8499],[141.636,38.8498],[141.6359,38.8498]]],[[[141.6372,38.8503],[141.637,38.8505],[141.6373,38.8505],[141.6372,38.8503]]],[[[141.6278,38.8545],[141.6277,38.8545],[141.6277,38.8545],[141.6278,38.8545]]],[[[141.6278,38.8555],[141.628,38.8556],[141.6279,38.8555],[141.6278,38.8555]]],[[[141.6278,38.8558],[141.6282,38.8557],[141.6278,38.8558],[141.6278,38.8558]]],[[[141.6273,38.8567],[141.6273,38.8567],[141.6274,38.8567],[141.6273,38.8567]]],[[[141.6275,38.857],[141.6275,38.8569],[141.6275,38.857],[141.6275,38.857]]],[[[141.6309,38.8626],[141.6308,38.8626],[141.6308,38.8626],[141.6309,38.8626]]],[[[141.6305,38.8627],[141.6305,38.8627],[141.6305,38.8627],[141.6305,38.8627]]],[[[141.63,38.8628],[141.63,38.8627],[141.6299,38.8628],[141.63,38.8628]]],[[[141.6303,38.8628],[141.6304,38.8629],[141.6305,38.8628],[141.6303,38.8628]]],[[[141.6306,38.8629],[141.6307,38.8631],[141.6307,38.8629],[141.6306,38.8629]]],[[[141.6299,38.863],[141.63,38.8632],[141.63,38.863],[141.6299,38.863]]],[[[141.628,38.8635],[141.628,38.8635],[141.628,38.8635],[141.628,38.8635]]],[[[141.6305,38.8635],[141.6304,38.8635],[141.6304,38.8636],[141.6305,38.8635]]],[[[141.6303,38.8637],[141.6303,38.8636],[141.6302,38.8636],[141.6303,38.8637]]],[[[141.6304,38.8637],[141.6303,38.8637],[141.6303,38.8637],[141.6304,38.8637]]],[[[141.6305,38.8638],[141.6305,38.8637],[141.6305,38.8638],[141.6305,38.8638]]],[[[141.6311,38.8646],[141.6309,38.8646],[141.631,38.8646],[141.6311,38.8646]]],[[[141.6309,38.8646],[141.6309,38.8646],[141.6309,38.8646],[141.6309,38.8646]]],[[[141.6326,38.8646],[141.6325,38.8648],[141.6326,38.8647],[141.6326,38.8646]]],[[[141.6313,38.8648],[141.6312,38.8647],[141.6312,38.8648],[141.6313,38.8648]]],[[[141.6338,38.8668],[141.6338,38.8668],[141.6338,38.8668],[141.6338,38.8668]]],[[[141.6337,38.8668],[141.6337,38.8669],[141.6337,38.8669],[141.6337,38.8668]]],[[[141.6343,38.867],[141.6342,38.867],[141.6343,38.867],[141.6343,38.867]]],[[[141.6342,38.8676],[141.6343,38.8675],[141.6342,38.8675],[141.6342,38.8676]]],[[[141.6337,38.8681],[141.6338,38.8681],[141.6338,38.8681],[141.6337,38.8681]]],[[[141.6338,38.8689],[141.6338,38.8688],[141.6338,38.8689],[141.6338,38.8689]]],[[[141.6337,38.8692],[141.6338,38.869],[141.6337,38.8689],[141.6337,38.8692]]],[[[141.6332,38.8695],[141.6332,38.8695],[141.6332,38.8694],[141.6332,38.8695]]],[[[141.6329,38.8695],[141.633,38.8695],[141.633,38.8694],[141.6329,38.8695]]],[[[141.6316,38.8725],[141.6314,38.8722],[141.6314,38.8725],[141.6316,38.8725]]],[[[141.6345,38.8737],[141.6342,38.8734],[141.6344,38.8738],[141.6345,38.8737]]],[[[141.6318,38.8767],[141.632,38.8768],[141.632,38.8767],[141.6318,38.8767]]],[[[141.6302,38.8794],[141.6304,38.8792],[141.6301,38.8791],[141.6302,38.8794]]],[[[141.6348,38.8834],[141.6348,38.8834],[141.6348,38.8833],[141.6348,38.8834]]],[[[141.635,38.8836],[141.635,38.8837],[141.635,38.8837],[141.635,38.8836]]],[[[141.6338,38.8954],[141.6337,38.8953],[141.6337,38.8954],[141.6338,38.8954]]],[[[141.6337,38.8955],[141.6338,38.8955],[141.6338,38.8955],[141.6337,38.8955]]],[[[141.6303,38.8959],[141.6303,38.8958],[141.6303,38.8959],[141.6303,38.8959]]],[[[141.6369,38.9297],[141.6368,38.9297],[141.6369,38.9298],[141.6369,38.9297]]],[[[141.6359,38.9497],[141.6361,38.9497],[141.6359,38.9497],[141.6359,38.9497]]],[[[141.6361,38.9498],[141.6362,38.9498],[141.6361,38.9498],[141.6361,38.9498]]],[[[141.6362,38.9499],[141.6363,38.9499],[141.6362,38.9499],[141.6362,38.9499]]],[[[141.6361,38.95],[141.6361,38.95],[141.6361,38.95],[141.6361,38.95]]],[[[141.637,38.95],[141.6369,38.95],[141.6369,38.95],[141.637,38.95]]],[[[141.6367,38.95],[141.6365,38.9502],[141.6367,38.95],[141.6367,38.95]]],[[[141.6371,38.9502],[141.637,38.9503],[141.6372,38.9502],[141.6371,38.9502]]],[[[141.6368,38.9503],[141.6369,38.9502],[141.6368,38.9502],[141.6368,38.9503]]],[[[141.6373,38.9506],[141.6376,38.9506],[141.6374,38.9504],[141.6373,38.9506]]],[[[141.6353,38.9515],[141.6352,38.9515],[141.6353,38.9518],[141.6353,38.9515]]],[[[141.6341,38.9521],[141.6342,38.9522],[141.6342,38.9522],[141.6341,38.9521]]],[[[141.6336,38.9523],[141.6336,38.9523],[141.6336,38.9523],[141.6336,38.9523]]],[[[141.6341,38.9524],[141.6342,38.9524],[141.6341,38.9524],[141.6341,38.9524]]],[[[141.6336,38.9524],[141.6336,38.9524],[141.6336,38.9524],[141.6336,38.9524]]],[[[141.6335,38.9524],[141.6335,38.9524],[141.6335,38.9525],[141.6335,38.9524]]],[[[141.6338,38.9525],[141.6338,38.9525],[141.6339,38.9525],[141.6338,38.9525]]],[[[141.6333,38.9525],[141.6334,38.9526],[141.6334,38.9525],[141.6333,38.9525]]],[[[141.6368,38.9557],[141.6369,38.9555],[141.6367,38.9555],[141.6368,38.9557]]],[[[141.635,38.9669],[141.635,38.9669],[141.635,38.9669],[141.635,38.9669]]],[[[141.6349,38.9672],[141.6349,38.9672],[141.6349,38.9672],[141.6349,38.9672]]],[[[141.6347,38.9672],[141.6349,38.9672],[141.6347,38.9672],[141.6347,38.9672]]],[[[141.6357,38.9677],[141.6357,38.9677],[141.6358,38.9677],[141.6357,38.9677]]],[[[141.6343,38.9678],[141.6343,38.9678],[141.6342,38.9678],[141.6343,38.9678]]],[[[141.6348,38.9677],[141.6358,38.968],[141.6355,38.9677],[141.6348,38.9677]]],[[[141.6346,38.9679],[141.6346,38.9679],[141.6347,38.9679],[141.6346,38.9679]]],[[[141.6334,38.9695],[141.6334,38.9695],[141.6335,38.9695],[141.6334,38.9695]]],[[[141.6378,38.8368],[141.6381,38.8369],[141.6381,38.8368],[141.6378,38.8368]]],[[[141.6382,38.8369],[141.6383,38.8371],[141.6385,38.837],[141.6382,38.8369]]],[[[141.6385,38.8399],[141.6384,38.8401],[141.6386,38.8399],[141.6385,38.8399]]],[[[141.6388,38.8402],[141.6389,38.8403],[141.6389,38.8402],[141.6388,38.8402]]],[[[141.6382,38.8404],[141.6384,38.8403],[141.6384,38.8402],[141.6382,38.8404]]],[[[141.639,38.8405],[141.6389,38.8405],[141.639,38.8405],[141.639,38.8405]]],[[[141.6387,38.8407],[141.6387,38.8406],[141.6387,38.8407],[141.6387,38.8407]]],[[[141.6383,38.8407],[141.6383,38.8407],[141.6383,38.8407],[141.6383,38.8407]]],[[[141.6378,38.8407],[141.6377,38.8408],[141.6379,38.8407],[141.6378,38.8407]]],[[[141.6386,38.8409],[141.6386,38.8407],[141.6384,38.8409],[141.6386,38.8409]]],[[[141.6378,38.8409],[141.6376,38.8409],[141.6377,38.8409],[141.6378,38.8409]]],[[[141.6386,38.841],[141.6383,38.8411],[141.6386,38.8411],[141.6386,38.841]]],[[[141.6422,38.8411],[141.6422,38.8412],[141.6424,38.8411],[141.6422,38.8411]]],[[[141.6381,38.8413],[141.6382,38.8413],[141.6381,38.8413],[141.6381,38.8413]]],[[[141.6377,38.8413],[141.6378,38.8413],[141.6377,38.8413],[141.6377,38.8413]]],[[[141.6377,38.8416],[141.6377,38.8415],[141.6377,38.8416],[141.6377,38.8416]]],[[[141.641,38.8423],[141.641,38.8421],[141.6409,38.8423],[141.641,38.8423]]],[[[141.641,38.8425],[141.6409,38.8425],[141.6409,38.8426],[141.641,38.8425]]],[[[141.6409,38.8426],[141.6403,38.8445],[141.6424,38.8449],[141.6416,38.8444],[141.6416,38.844],[141.6427,38.8431],[141.6441,38.843],[141.6433,38.8413],[141.6409,38.8426]]],[[[141.6396,38.8437],[141.6391,38.8437],[141.6393,38.8439],[141.6396,38.8437]]],[[[141.6393,38.8443],[141.6389,38.844],[141.6388,38.8442],[141.6393,38.8443]]],[[[141.6418,38.8444],[141.6418,38.8443],[141.6416,38.8443],[141.6418,38.8444]]],[[[141.6399,38.8447],[141.6399,38.8446],[141.6398,38.8447],[141.6399,38.8447]]],[[[141.6402,38.8447],[141.6401,38.8447],[141.6402,38.8448],[141.6402,38.8447]]],[[[141.6414,38.8454],[141.6414,38.8455],[141.6414,38.8454],[141.6414,38.8454]]],[[[141.6378,38.847],[141.6378,38.8469],[141.6377,38.8469],[141.6378,38.847]]],[[[141.6377,38.8476],[141.6375,38.8473],[141.6374,38.8476],[141.6377,38.8476]]],[[[141.64,38.8488],[141.6402,38.849],[141.6402,38.8487],[141.64,38.8488]]],[[[141.6399,38.849],[141.64,38.8491],[141.64,38.8489],[141.6399,38.849]]],[[[141.6403,38.8491],[141.6403,38.849],[141.6403,38.849],[141.6403,38.8491]]],[[[141.6385,38.8491],[141.6386,38.8491],[141.6385,38.849],[141.6385,38.8491]]],[[[141.6402,38.8492],[141.6402,38.8491],[141.6401,38.8492],[141.6402,38.8492]]],[[[141.6402,38.8493],[141.6401,38.8492],[141.6402,38.8493],[141.6402,38.8493]]],[[[141.6379,38.8502],[141.6379,38.8501],[141.6378,38.8501],[141.6379,38.8502]]],[[[141.6403,38.85],[141.6396,38.8494],[141.6399,38.8485],[141.6382,38.8494],[141.638,38.8517],[141.639,38.852],[141.6386,38.8514],[141.6397,38.8515],[141.6395,38.8501],[141.6403,38.85]]],[[[141.6398,38.8504],[141.6397,38.8504],[141.6397,38.8504],[141.6398,38.8504]]],[[[141.6402,38.8504],[141.6403,38.8505],[141.6403,38.8504],[141.6402,38.8504]]],[[[141.6404,38.8504],[141.6403,38.8505],[141.6404,38.8505],[141.6404,38.8504]]],[[[141.6376,38.8504],[141.6377,38.8505],[141.6378,38.8504],[141.6376,38.8504]]],[[[141.6397,38.8507],[141.6401,38.8505],[141.6398,38.8505],[141.6397,38.8507]]],[[[141.64,38.851],[141.6401,38.851],[141.6399,38.8509],[141.6399,38.851],[141.6399,38.8511],[141.64,38.851]]],[[[141.6377,38.8509],[141.6378,38.851],[141.6378,38.8509],[141.6377,38.8509]]],[[[141.6395,38.8516],[141.6396,38.8517],[141.6397,38.8516],[141.6395,38.8516]]],[[[141.6388,38.8523],[141.6389,38.8524],[141.6388,38.8523],[141.6388,38.8523]]],[[[141.6387,38.8525],[141.6387,38.8524],[141.6387,38.8525],[141.6387,38.8525]]],[[[141.6387,38.8525],[141.6388,38.8526],[141.6387,38.8525],[141.6387,38.8525]]],[[[141.6389,38.8526],[141.639,38.8526],[141.6389,38.8525],[141.6389,38.8526]]],[[[141.6398,38.861],[141.6398,38.8609],[141.6397,38.861],[141.6398,38.861]]],[[[141.6393,38.8612],[141.6393,38.8611],[141.6392,38.8612],[141.6393,38.8612]]],[[[141.6402,38.8612],[141.6404,38.8613],[141.6403,38.8611],[141.6402,38.8612]]],[[[141.6403,38.8612],[141.6403,38.8613],[141.6403,38.8613],[141.6403,38.8612]]],[[[141.6399,38.8614],[141.6399,38.8614],[141.6399,38.8614],[141.6399,38.8614]]],[[[141.6403,38.8613],[141.6403,38.8614],[141.6403,38.8614],[141.6403,38.8613]]],[[[141.6414,38.8615],[141.6413,38.8614],[141.6413,38.8616],[141.6414,38.8615]]],[[[141.6412,38.8617],[141.6412,38.8616],[141.6411,38.8616],[141.6412,38.8617]]],[[[141.6409,38.8614],[141.6398,38.8616],[141.6399,38.8619],[141.6402,38.8619],[141.6404,38.8623],[141.6409,38.8614]]],[[[141.6414,38.8618],[141.6413,38.8619],[141.6414,38.8619],[141.6414,38.8618]]],[[[141.6402,38.8621],[141.6402,38.8621],[141.6402,38.8622],[141.6402,38.8621]]],[[[141.6404,38.8624],[141.6405,38.8624],[141.6404,38.8623],[141.6404,38.8624]]],[[[141.6411,38.8625],[141.6413,38.8624],[141.6412,38.8624],[141.6411,38.8625]]],[[[141.641,38.8624],[141.6411,38.8625],[141.6411,38.8625],[141.641,38.8624]]],[[[141.6408,38.8625],[141.6409,38.8625],[141.6408,38.8625],[141.6408,38.8625]]],[[[141.641,38.8625],[141.641,38.8625],[141.641,38.8625],[141.641,38.8625]]],[[[141.641,38.8627],[141.641,38.8627],[141.641,38.8627],[141.641,38.8627]]],[[[141.6427,38.8779],[141.6426,38.8778],[141.6427,38.8779],[141.6427,38.8779]]],[[[141.6425,38.8822],[141.6422,38.8824],[141.6423,38.8824],[141.6425,38.8822]]],[[[141.6383,38.884],[141.6383,38.8841],[141.6384,38.884],[141.6383,38.884]]],[[[141.6386,38.8842],[141.6387,38.8842],[141.6387,38.8842],[141.6386,38.8842]]],[[[141.6387,38.8843],[141.6387,38.8842],[141.6386,38.8843],[141.6387,38.8843]]],[[[141.6424,38.9283],[141.6422,38.9283],[141.6422,38.9285],[141.6424,38.9283]]],[[[141.6429,38.9284],[141.6426,38.9284],[141.6427,38.9285],[141.6429,38.9284]]],[[[141.6414,38.9286],[141.6415,38.9286],[141.6415,38.9285],[141.6414,38.9286]]],[[[141.6402,38.9308],[141.6402,38.931],[141.6403,38.9309],[141.6402,38.9308]]],[[[141.6403,38.9314],[141.6403,38.9315],[141.6403,38.9315],[141.6403,38.9314]]],[[[141.6401,38.9315],[141.6401,38.9315],[141.6402,38.9315],[141.6401,38.9315]]],[[[141.6398,38.9315],[141.6397,38.9316],[141.6398,38.9316],[141.6398,38.9315]]],[[[141.6404,38.9316],[141.6404,38.9317],[141.6404,38.9317],[141.6404,38.9316]]],[[[141.6401,38.9317],[141.64,38.9318],[141.6401,38.9317],[141.6401,38.9317]]],[[[141.6399,38.9317],[141.6399,38.9318],[141.64,38.9318],[141.6399,38.9317]]],[[[141.6402,38.932],[141.6402,38.9319],[141.6401,38.932],[141.6402,38.932]]],[[[141.6417,38.932],[141.6417,38.9322],[141.6418,38.932],[141.6417,38.932]]],[[[141.6414,38.9324],[141.6413,38.9324],[141.6413,38.9324],[141.6414,38.9324]]],[[[141.6413,38.9324],[141.6413,38.9324],[141.6413,38.9324],[141.6413,38.9324]]],[[[141.6411,38.9326],[141.6411,38.9327],[141.6411,38.9326],[141.6411,38.9326]]],[[[141.6411,38.9327],[141.641,38.9327],[141.6411,38.9327],[141.6411,38.9327]]],[[[141.6427,38.934],[141.6428,38.9339],[141.6427,38.9339],[141.6427,38.934]]],[[[141.6395,38.9439],[141.6395,38.944],[141.6396,38.944],[141.6395,38.9439]]],[[[141.6397,38.9442],[141.6397,38.9441],[141.6396,38.9442],[141.6397,38.9442]]],[[[141.6396,38.9443],[141.6395,38.9442],[141.6393,38.9442],[141.6396,38.9443]]],[[[141.6397,38.9462],[141.6396,38.9461],[141.6396,38.9462],[141.6397,38.9462]]],[[[141.6407,38.9462],[141.6406,38.9461],[141.6405,38.9462],[141.6407,38.9462]]],[[[141.6425,38.9541],[141.6426,38.9541],[141.6425,38.9541],[141.6425,38.9541]]],[[[141.6409,38.9544],[141.6413,38.954],[141.6409,38.9542],[141.6409,38.9544]]],[[[141.6411,38.9543],[141.6413,38.9544],[141.6412,38.9542],[141.6411,38.9543]]],[[[141.6425,38.9544],[141.6425,38.9542],[141.6422,38.9544],[141.6425,38.9544]]],[[[141.6426,38.9545],[141.6425,38.9548],[141.6427,38.9547],[141.6426,38.9545]]],[[[141.64,38.9547],[141.64,38.9548],[141.6401,38.9547],[141.64,38.9547]]],[[[141.6401,38.9552],[141.6399,38.9551],[141.6398,38.9553],[141.6401,38.9552]]],[[[141.6422,38.9567],[141.6422,38.9566],[141.642,38.9567],[141.6422,38.9567]]],[[[141.6422,38.9569],[141.6421,38.9569],[141.6421,38.957],[141.6422,38.9569]]],[[[141.6418,38.9571],[141.6419,38.9573],[141.6419,38.9571],[141.6418,38.9571]]],[[[141.642,38.9579],[141.642,38.9579],[141.6421,38.9579],[141.642,38.9579]]],[[[141.6417,38.9579],[141.6416,38.958],[141.6417,38.9579],[141.6417,38.9579]]],[[[141.6417,38.959],[141.6421,38.959],[141.6418,38.9588],[141.6417,38.959]]],[[[141.6403,38.9602],[141.6403,38.9602],[141.6404,38.9602],[141.6403,38.9602]]],[[[141.64,38.9604],[141.6401,38.9604],[141.64,38.9604],[141.64,38.9604]]],[[[141.6397,38.9605],[141.6399,38.9603],[141.6397,38.9604],[141.6397,38.9605]]],[[[141.6383,38.9627],[141.6382,38.9627],[141.6383,38.9627],[141.6383,38.9627]]],[[[141.6446,38.8405],[141.6446,38.8406],[141.6448,38.8405],[141.6446,38.8405]]],[[[141.6438,38.8407],[141.644,38.8414],[141.6452,38.8411],[141.6438,38.8407]]],[[[141.6443,38.8431],[141.6444,38.843],[141.6444,38.843],[141.6443,38.8431]]],[[[141.6446,38.8429],[141.6446,38.8431],[141.6447,38.843],[141.6446,38.8429]]],[[[141.6435,38.8432],[141.6435,38.8433],[141.6436,38.8433],[141.6435,38.8432]]],[[[141.6434,38.8433],[141.6434,38.8433],[141.6433,38.8433],[141.6434,38.8433]]],[[[141.6435,38.8433],[141.6436,38.8435],[141.6438,38.8433],[141.6435,38.8433]]],[[[141.6429,38.8435],[141.6429,38.8434],[141.6429,38.8434],[141.6429,38.8435]]],[[[141.6429,38.8439],[141.6428,38.8439],[141.6428,38.844],[141.6429,38.8439]]],[[[141.6496,38.8668],[141.6496,38.8668],[141.6495,38.8668],[141.6496,38.8668]]],[[[141.6503,38.8669],[141.6503,38.8669],[141.6503,38.8668],[141.6503,38.8669]]],[[[141.65,38.867],[141.65,38.867],[141.65,38.867],[141.65,38.867]]],[[[141.6503,38.867],[141.6503,38.867],[141.6503,38.8671],[141.6503,38.867]]],[[[141.6494,38.8672],[141.6494,38.8671],[141.6494,38.8672],[141.6494,38.8672]]],[[[141.6499,38.8675],[141.65,38.8674],[141.6499,38.8675],[141.6499,38.8675]]],[[[141.6506,38.8674],[141.6506,38.8674],[141.6506,38.8674],[141.6506,38.8674]]],[[[141.6505,38.8674],[141.6505,38.8674],[141.6505,38.8675],[141.6505,38.8674]]],[[[141.6505,38.8676],[141.6505,38.8676],[141.6505,38.8676],[141.6505,38.8676]]],[[[141.6506,38.8676],[141.6505,38.8676],[141.6506,38.8676],[141.6506,38.8676]]],[[[141.6504,38.8677],[141.6504,38.8677],[141.6504,38.8677],[141.6504,38.8677]]],[[[141.6505,38.8678],[141.6505,38.8677],[141.6505,38.8677],[141.6505,38.8678]]],[[[141.6505,38.8678],[141.6505,38.8679],[141.6505,38.8678],[141.6505,38.8678]]],[[[141.65,38.8684],[141.6499,38.8685],[141.65,38.8685],[141.65,38.8684]]],[[[141.6502,38.8688],[141.6503,38.8689],[141.6503,38.8688],[141.6502,38.8688]]],[[[141.6505,38.8693],[141.6501,38.869],[141.65,38.8694],[141.6505,38.8693]]],[[[141.65,38.8696],[141.65,38.8694],[141.6499,38.8695],[141.65,38.8696]]],[[[141.6484,38.8736],[141.6485,38.8734],[141.6484,38.8735],[141.6484,38.8736]]],[[[141.6485,38.8736],[141.6485,38.8736],[141.6485,38.8736],[141.6485,38.8736]]],[[[141.6487,38.8738],[141.6487,38.8738],[141.6487,38.8738],[141.6487,38.8738]]],[[[141.6491,38.8739],[141.649,38.874],[141.6491,38.874],[141.6491,38.8739]]],[[[141.6464,38.8758],[141.6464,38.8759],[141.6465,38.876],[141.6464,38.8758]]],[[[141.6437,38.8772],[141.6437,38.877],[141.6436,38.8772],[141.6437,38.8772]]],[[[141.6437,38.8776],[141.6437,38.8775],[141.6436,38.8776],[141.6437,38.8776]]],[[[141.6429,38.8778],[141.6428,38.8778],[141.6429,38.8779],[141.6429,38.8778]]],[[[141.6441,38.8778],[141.644,38.8778],[141.644,38.8779],[141.6441,38.8778]]],[[[141.6436,38.8778],[141.6435,38.8779],[141.6435,38.8779],[141.6436,38.8778]]],[[[141.6429,38.8782],[141.643,38.8781],[141.6429,38.8781],[141.6429,38.8782]]],[[[141.6437,38.8782],[141.6437,38.8781],[141.6436,38.8781],[141.6437,38.8782]]],[[[141.643,38.8785],[141.6433,38.8784],[141.6431,38.8783],[141.643,38.8785]]],[[[141.6438,38.8817],[141.6438,38.8816],[141.6437,38.8817],[141.6438,38.8817]]],[[[141.6508,38.9124],[141.6507,38.9124],[141.6508,38.9124],[141.6508,38.9124]]],[[[141.6508,38.9124],[141.6508,38.9125],[141.6508,38.9124],[141.6508,38.9124]]],[[[141.6509,38.9125],[141.6511,38.9126],[141.6509,38.9125],[141.6509,38.9125]]],[[[141.6514,38.9136],[141.6513,38.9136],[141.6513,38.9136],[141.6514,38.9136]]],[[[141.6512,38.914],[141.6511,38.9139],[141.6509,38.9139],[141.6512,38.914]]],[[[141.6514,38.9144],[141.6512,38.9142],[141.6512,38.9143],[141.6514,38.9144]]],[[[141.6514,38.9146],[141.6514,38.9145],[141.6512,38.9146],[141.6514,38.9146]]],[[[141.6506,38.9201],[141.6505,38.9202],[141.6506,38.9201],[141.6506,38.9201]]],[[[141.6502,38.9206],[141.6503,38.9207],[141.6503,38.9206],[141.6502,38.9206]]],[[[141.6507,38.9207],[141.6506,38.9208],[141.6507,38.9208],[141.6507,38.9207]]],[[[141.6498,38.922],[141.6498,38.9222],[141.6499,38.9221],[141.6498,38.922]]],[[[141.6457,38.9225],[141.6457,38.9226],[141.6458,38.9226],[141.6457,38.9225]]],[[[141.6484,38.9226],[141.6483,38.9227],[141.6484,38.9228],[141.6484,38.9226]]],[[[141.6457,38.9228],[141.6459,38.9228],[141.6457,38.9227],[141.6457,38.9228]]],[[[141.6493,38.9228],[141.6494,38.9228],[141.6494,38.9227],[141.6493,38.9228]]],[[[141.6488,38.9226],[141.6487,38.923],[141.6488,38.923],[141.6488,38.9226]]],[[[141.6482,38.9228],[141.6482,38.923],[141.6483,38.9228],[141.6482,38.9228]]],[[[141.6478,38.923],[141.6477,38.9231],[141.6478,38.923],[141.6478,38.923]]],[[[141.6494,38.923],[141.6494,38.9232],[141.6495,38.9231],[141.6494,38.923]]],[[[141.6482,38.9232],[141.6483,38.9233],[141.6482,38.9232],[141.6482,38.9232]]],[[[141.6446,38.9236],[141.6447,38.9236],[141.6446,38.9235],[141.6446,38.9236]]],[[[141.6484,38.9236],[141.6483,38.9237],[141.6484,38.9237],[141.6484,38.9236]]],[[[141.6463,38.924],[141.6463,38.924],[141.6464,38.9237],[141.6463,38.924]]],[[[141.6452,38.9252],[141.6451,38.9256],[141.6452,38.9256],[141.6452,38.9252]]],[[[141.6455,38.9253],[141.6453,38.9255],[141.6455,38.9255],[141.6455,38.9253]]],[[[141.6442,38.9265],[141.6441,38.9267],[141.6444,38.9265],[141.6442,38.9265]]],[[[141.6443,38.9271],[141.6445,38.927],[141.6443,38.9268],[141.6443,38.9271]]],[[[141.6446,38.9271],[141.6444,38.9271],[141.6445,38.9272],[141.6446,38.9271]]],[[[141.6431,38.9272],[141.6433,38.9273],[141.6433,38.9272],[141.6431,38.9272]]],[[[141.6435,38.9324],[141.6436,38.9325],[141.6436,38.9324],[141.6435,38.9324]]],[[[141.6429,38.9325],[141.643,38.9327],[141.643,38.9325],[141.6429,38.9325]]],[[[141.6432,38.9325],[141.643,38.9324],[141.6432,38.9328],[141.6432,38.9325]]],[[[141.6438,38.9328],[141.6437,38.9328],[141.6438,38.9329],[141.6438,38.9328]]],[[[141.6428,38.9328],[141.6429,38.9329],[141.643,38.9328],[141.6428,38.9328]]],[[[141.6438,38.9329],[141.6438,38.9331],[141.6438,38.9331],[141.6438,38.9329]]],[[[141.6443,38.9331],[141.6444,38.9331],[141.6444,38.9331],[141.6443,38.9331]]],[[[141.6436,38.9329],[141.6428,38.9336],[141.6437,38.9333],[141.6436,38.9329]]],[[[141.6438,38.9333],[141.6438,38.9334],[141.6438,38.9333],[141.6438,38.9333]]],[[[141.6445,38.9334],[141.6445,38.9334],[141.6445,38.9334],[141.6445,38.9334]]],[[[141.6435,38.9335],[141.6435,38.9337],[141.6436,38.9337],[141.6435,38.9335]]],[[[141.643,38.934],[141.6431,38.9339],[141.643,38.9339],[141.643,38.934]]],[[[141.6437,38.9341],[141.6437,38.9341],[141.6439,38.9341],[141.6437,38.9341]]],[[[141.6433,38.9341],[141.6433,38.9342],[141.6433,38.9341],[141.6433,38.9341]]],[[[141.6435,38.9347],[141.6436,38.9347],[141.6434,38.9344],[141.6433,38.9345],[141.6435,38.9347]]],[[[141.6441,38.9352],[141.6442,38.9351],[141.6441,38.9351],[141.6441,38.9352]]],[[[141.6435,38.9352],[141.6437,38.9352],[141.6436,38.9352],[141.6435,38.9352]]],[[[141.6435,38.9352],[141.6433,38.9352],[141.6435,38.9353],[141.6435,38.9352]]],[[[141.6438,38.9356],[141.6441,38.9355],[141.6438,38.9355],[141.6438,38.9356]]],[[[141.6432,38.9355],[141.6431,38.9357],[141.6433,38.9356],[141.6432,38.9355]]],[[[141.6434,38.9359],[141.6435,38.9358],[141.6434,38.9358],[141.6434,38.9359]]],[[[141.6442,38.9359],[141.6443,38.936],[141.6443,38.9359],[141.6442,38.9359]]],[[[141.643,38.9363],[141.643,38.9363],[141.6429,38.9365],[141.643,38.9363]]],[[[141.6444,38.9369],[141.6443,38.9368],[141.6444,38.9369],[141.6444,38.9369]]],[[[141.6438,38.9371],[141.6439,38.9372],[141.644,38.9371],[141.6438,38.9371]]],[[[141.6433,38.9401],[141.6433,38.9402],[141.6434,38.9401],[141.6433,38.9401]]],[[[141.6475,38.9405],[141.647,38.94],[141.6469,38.9403],[141.6475,38.9405]]],[[[141.6443,38.9408],[141.6441,38.9408],[141.6442,38.941],[141.6443,38.9408]]],[[[141.6444,38.9409],[141.6444,38.941],[141.6445,38.9409],[141.6444,38.9409]]],[[[141.6443,38.9412],[141.6444,38.9411],[141.6443,38.941],[141.6443,38.9412]]],[[[141.6445,38.9411],[141.6445,38.9412],[141.6446,38.9411],[141.6445,38.9411]]],[[[141.6461,38.9425],[141.6461,38.9425],[141.6462,38.9425],[141.6461,38.9425]]],[[[141.6462,38.9433],[141.6446,38.943],[141.6442,38.9439],[141.6459,38.9444],[141.6462,38.9433]]],[[[141.6433,38.9549],[141.6432,38.9547],[141.643,38.9548],[141.6433,38.9549]]],[[[141.6442,38.9554],[141.6441,38.9553],[141.6441,38.9553],[141.6441,38.9554],[141.6442,38.9554]]],[[[141.6442,38.9561],[141.6443,38.956],[141.6442,38.956],[141.6442,38.9561]]],[[[141.6435,38.9561],[141.6436,38.9563],[141.6437,38.9561],[141.6435,38.9561]]],[[[141.643,38.9566],[141.6428,38.9567],[141.643,38.9566],[141.643,38.9566]]],[[[141.6437,38.9584],[141.6425,38.9589],[141.643,38.9592],[141.6437,38.9584]]],[[[141.6598,38.8603],[141.6597,38.8603],[141.6598,38.8605],[141.6598,38.8603]]],[[[141.6588,38.8605],[141.6588,38.8606],[141.6589,38.8606],[141.6588,38.8605]]],[[[141.6578,38.8608],[141.6579,38.8609],[141.6579,38.8608],[141.6578,38.8608]]],[[[141.6594,38.8609],[141.6594,38.861],[141.6595,38.8609],[141.6594,38.8609]]],[[[141.6574,38.8609],[141.6573,38.8609],[141.6573,38.861],[141.6574,38.8609]]],[[[141.6586,38.861],[141.6587,38.8613],[141.6589,38.8612],[141.659,38.8607],[141.6586,38.861]]],[[[141.6584,38.8611],[141.6583,38.861],[141.6584,38.8611],[141.6584,38.8611]]],[[[141.6573,38.861],[141.6572,38.8611],[141.6573,38.8611],[141.6573,38.861]]],[[[141.6595,38.8611],[141.6596,38.8612],[141.6596,38.8611],[141.6595,38.8611]]],[[[141.6578,38.8613],[141.6578,38.8613],[141.6578,38.8613],[141.6578,38.8613]]],[[[141.6592,38.8614],[141.6591,38.8614],[141.6591,38.8614],[141.6592,38.8614]]],[[[141.6585,38.8616],[141.6583,38.8614],[141.6583,38.8617],[141.6585,38.8616]]],[[[141.657,38.8619],[141.6569,38.862],[141.657,38.862],[141.657,38.8619]]],[[[141.6574,38.8624],[141.6573,38.8621],[141.657,38.8622],[141.6574,38.8624]]],[[[141.6564,38.8629],[141.6564,38.8626],[141.6564,38.8629],[141.6564,38.8629]]],[[[141.6567,38.8632],[141.6565,38.8627],[141.6565,38.8631],[141.6567,38.8632]]],[[[141.6564,38.863],[141.6564,38.8633],[141.6565,38.8633],[141.6564,38.863]]],[[[141.6568,38.8634],[141.6565,38.8635],[141.6568,38.8635],[141.6568,38.8634]]],[[[141.6558,38.8641],[141.656,38.8636],[141.6557,38.8635],[141.6558,38.8641]]],[[[141.6556,38.8642],[141.6556,38.8641],[141.6554,38.8639],[141.6556,38.8642]]],[[[141.6558,38.8663],[141.6559,38.8661],[141.6555,38.8662],[141.6558,38.8663]]],[[[141.6538,38.8665],[141.6538,38.8663],[141.6538,38.8663],[141.6538,38.8665]]],[[[141.6542,38.8665],[141.6543,38.8665],[141.6542,38.8665],[141.6542,38.8665]]],[[[141.6534,38.8668],[141.6533,38.8668],[141.6534,38.8668],[141.6534,38.8668]]],[[[141.6536,38.8669],[141.6537,38.867],[141.6537,38.8668],[141.6536,38.8669]]],[[[141.6537,38.8673],[141.6541,38.8674],[141.6538,38.8671],[141.6537,38.8673]]],[[[141.6522,38.868],[141.6523,38.8681],[141.6522,38.868],[141.6522,38.868]]],[[[141.6519,38.8681],[141.652,38.8681],[141.6519,38.8681],[141.6519,38.8681]]],[[[141.6519,38.8683],[141.6519,38.8683],[141.6519,38.8683],[141.6519,38.8683]]],[[[141.6522,38.8684],[141.6522,38.8684],[141.6523,38.8684],[141.6522,38.8684]]],[[[141.6519,38.8684],[141.652,38.8684],[141.652,38.8684],[141.6519,38.8684]]],[[[141.6514,38.8684],[141.6515,38.8685],[141.6514,38.8684],[141.6514,38.8684]]],[[[141.6595,38.8971],[141.6596,38.8972],[141.6596,38.8972],[141.6595,38.8971]]],[[[141.6595,38.8979],[141.6594,38.898],[141.6596,38.8979],[141.6595,38.8979]]],[[[141.6593,38.8981],[141.6595,38.8982],[141.6594,38.8981],[141.6593,38.8981]]],[[[141.6591,38.8982],[141.6591,38.8982],[141.6592,38.8982],[141.6591,38.8982]]],[[[141.6592,38.8984],[141.6592,38.8983],[141.6592,38.8983],[141.6592,38.8984]]],[[[141.659,38.8984],[141.659,38.8984],[141.659,38.8984],[141.659,38.8984]]],[[[141.6588,38.8984],[141.6589,38.8985],[141.6589,38.8984],[141.6588,38.8984]]],[[[141.6589,38.8986],[141.6588,38.8986],[141.6589,38.8986],[141.6589,38.8986]]],[[[141.6588,38.8989],[141.6588,38.8988],[141.6588,38.8989],[141.6588,38.8989]]],[[[141.6592,38.8991],[141.6592,38.8991],[141.6592,38.8991],[141.6592,38.8991]]],[[[141.6589,38.8991],[141.6589,38.8992],[141.6589,38.8991],[141.6589,38.8991]]],[[[141.6582,38.8996],[141.6582,38.8995],[141.6582,38.8995],[141.6582,38.8996]]],[[[141.6585,38.8996],[141.6583,38.8995],[141.6584,38.8996],[141.6585,38.8996]]],[[[141.6585,38.8996],[141.6585,38.8996],[141.6586,38.8996],[141.6585,38.8996]]],[[[141.6574,38.8997],[141.6576,38.8997],[141.6576,38.8996],[141.6574,38.8997]]],[[[141.6581,38.8998],[141.6582,38.8996],[141.6581,38.8999],[141.6581,38.8998]]],[[[141.6578,38.8997],[141.6579,38.8997],[141.6577,38.8996],[141.6575,38.8999],[141.6578,38.8997]]],[[[141.6569,38.8998],[141.6567,38.8998],[141.6568,38.9],[141.6569,38.8998]]],[[[141.6579,38.8998],[141.6577,38.8998],[141.6578,38.9],[141.6579,38.8998]]],[[[141.6577,38.9001],[141.6577,38.9002],[141.6577,38.9002],[141.6577,38.9001]]],[[[141.6555,38.9002],[141.6554,38.9002],[141.6554,38.9002],[141.6555,38.9002]]],[[[141.6564,38.9004],[141.6567,38.9001],[141.6563,38.9003],[141.6564,38.9004]]],[[[141.6551,38.9002],[141.6551,38.9003],[141.6551,38.9002],[141.6551,38.9002]]],[[[141.6574,38.9006],[141.6574,38.9007],[141.6574,38.9006],[141.6574,38.9006]]],[[[141.6542,38.9006],[141.6542,38.9008],[141.6543,38.9008],[141.6542,38.9006]]],[[[141.6539,38.9008],[141.6539,38.9007],[141.6539,38.9007],[141.6539,38.9008]]],[[[141.6543,38.9007],[141.6544,38.9008],[141.6544,38.9008],[141.6543,38.9007]]],[[[141.6543,38.9009],[141.6543,38.901],[141.6543,38.9009],[141.6543,38.9009]]],[[[141.6546,38.901],[141.6546,38.9009],[141.6545,38.901],[141.6546,38.901]]],[[[141.6535,38.901],[141.6536,38.901],[141.6535,38.901],[141.6535,38.901]]],[[[141.6536,38.9011],[141.6536,38.901],[141.6536,38.9011],[141.6536,38.9011]]],[[[141.6536,38.9014],[141.6538,38.9013],[141.6538,38.9012],[141.6536,38.9014]]],[[[141.653,38.9014],[141.6529,38.9014],[141.6529,38.9014],[141.653,38.9014]]],[[[141.653,38.9014],[141.6533,38.9016],[141.6533,38.9015],[141.6532,38.9014],[141.653,38.9014]]],[[[141.6523,38.9041],[141.6524,38.9041],[141.6524,38.904],[141.6523,38.9041]]],[[[141.6556,38.9049],[141.6557,38.9047],[141.6555,38.9048],[141.6556,38.9049]]],[[[141.6535,38.9054],[141.6534,38.9054],[141.6535,38.9054],[141.6535,38.9054]]],[[[141.6557,38.9055],[141.6557,38.9057],[141.6559,38.9055],[141.6557,38.9055]]],[[[141.6546,38.9061],[141.6547,38.9061],[141.6548,38.906],[141.6546,38.9061]]],[[[141.6548,38.9064],[141.6544,38.9063],[141.6546,38.9065],[141.6548,38.9064]]],[[[141.6549,38.9068],[141.655,38.9066],[141.6548,38.9067],[141.6549,38.9068]]],[[[141.656,38.9066],[141.6563,38.9068],[141.6564,38.9067],[141.656,38.9066]]],[[[141.6552,38.9067],[141.6553,38.9068],[141.6556,38.9068],[141.6552,38.9067]]],[[[141.6589,38.9068],[141.6588,38.9067],[141.6589,38.9068],[141.6589,38.9068]]],[[[141.654,38.9071],[141.6538,38.9069],[141.6537,38.907],[141.654,38.9071]]],[[[141.6558,38.9075],[141.6563,38.9074],[141.6554,38.9072],[141.6558,38.9075]]],[[[141.6557,38.9079],[141.6558,38.9082],[141.656,38.908],[141.6557,38.9079]]],[[[141.6522,38.9084],[141.6524,38.9085],[141.6523,38.9084],[141.6522,38.9084]]],[[[141.6526,38.9087],[141.6526,38.9086],[141.6526,38.9087],[141.6526,38.9087]]],[[[141.6524,38.9089],[141.6525,38.9088],[141.6525,38.9088],[141.6524,38.9089]]],[[[141.6525,38.9092],[141.6526,38.9091],[141.6525,38.9091],[141.6525,38.9092]]],[[[141.6525,38.9094],[141.6525,38.9095],[141.6526,38.9095],[141.6525,38.9094]]],[[[141.653,38.9095],[141.6529,38.9095],[141.6529,38.9096],[141.653,38.9095]]],[[[141.6513,38.9097],[141.6516,38.9098],[141.6513,38.9096],[141.6513,38.9097]]],[[[141.6517,38.9099],[141.6516,38.9098],[141.6515,38.9098],[141.6517,38.9099]]],[[[141.6517,38.9122],[141.6516,38.9123],[141.6518,38.9123],[141.6517,38.9122]]],[[[141.6525,38.9132],[141.6521,38.9132],[141.6525,38.9133],[141.6525,38.9132]]],[[[141.6515,38.9145],[141.6516,38.9146],[141.6516,38.9144],[141.6515,38.9145]]],[[[141.6514,38.915],[141.6516,38.915],[141.6516,38.915],[141.6514,38.9149],[141.6514,38.915]]],[[[141.6518,38.917],[141.6517,38.9171],[141.6519,38.917],[141.6518,38.917]]],[[[141.652,38.9174],[141.6521,38.9173],[141.6521,38.9173],[141.652,38.9174]]],[[[141.6523,38.9173],[141.6524,38.9174],[141.6524,38.9173],[141.6523,38.9173]]],[[[141.6585,38.9177],[141.6585,38.9178],[141.6585,38.9177],[141.6585,38.9177]]],[[[141.6579,38.9178],[141.6579,38.9179],[141.658,38.9178],[141.6579,38.9178]]],[[[141.6582,38.9179],[141.6584,38.9179],[141.6584,38.9179],[141.6582,38.9179]]],[[[141.6529,38.9186],[141.6529,38.9186],[141.653,38.9186],[141.6529,38.9186]]],[[[141.6527,38.9186],[141.6528,38.9186],[141.6526,38.9186],[141.6527,38.9186]]],[[[141.6527,38.9186],[141.6527,38.9186],[141.6527,38.9187],[141.6527,38.9186]]],[[[141.6533,38.9189],[141.6533,38.9189],[141.6533,38.919],[141.6533,38.9189]]],[[[141.6542,38.9192],[141.6544,38.9192],[141.6542,38.9191],[141.6542,38.9192]]],[[[141.6532,38.9192],[141.6533,38.9192],[141.6533,38.9192],[141.6532,38.9192]]],[[[141.6534,38.9193],[141.6534,38.9193],[141.6534,38.9193],[141.6534,38.9193]]],[[[141.6531,38.9194],[141.6532,38.9196],[141.6534,38.9196],[141.6531,38.9194]]],[[[141.6578,38.9199],[141.6578,38.9192],[141.6578,38.9198],[141.6578,38.9199]]],[[[141.6581,38.9196],[141.658,38.9198],[141.6581,38.9198],[141.6581,38.9196]]],[[[141.6583,38.9199],[141.6587,38.9196],[141.6584,38.9195],[141.6583,38.9199]]],[[[141.6611,38.8581],[141.6612,38.858],[141.6611,38.858],[141.6611,38.8581]]],[[[141.6612,38.8582],[141.6612,38.8582],[141.6612,38.8581],[141.6612,38.8582]]],[[[141.6599,38.8596],[141.6598,38.8595],[141.6598,38.8596],[141.6599,38.8596]]],[[[141.6607,38.8595],[141.6607,38.8595],[141.6605,38.8596],[141.6607,38.8595]]],[[[141.6606,38.8597],[141.6605,38.8598],[141.6606,38.8597],[141.6606,38.8597]]],[[[141.6642,38.8604],[141.6643,38.8603],[141.6642,38.8603],[141.6642,38.8604]]],[[[141.6599,38.8599],[141.6597,38.8611],[141.661,38.8603],[141.6609,38.8597],[141.6601,38.8606],[141.6602,38.8597],[141.6599,38.8599]]],[[[141.6641,38.8605],[141.6642,38.8606],[141.6643,38.8603],[141.6641,38.8605]]],[[[141.6641,38.8604],[141.664,38.8605],[141.6641,38.8605],[141.6641,38.8604]]],[[[141.6644,38.8606],[141.6644,38.8606],[141.6644,38.8606],[141.6644,38.8606]]],[[[141.6644,38.8606],[141.6643,38.8607],[141.6644,38.8607],[141.6644,38.8606]]],[[[141.6644,38.8607],[141.6646,38.8608],[141.6645,38.8606],[141.6644,38.8607]]],[[[141.6646,38.8608],[141.6647,38.8608],[141.6647,38.8607],[141.6646,38.8608]]],[[[141.6644,38.8608],[141.6644,38.8609],[141.6645,38.8608],[141.6644,38.8608]]],[[[141.6653,38.861],[141.6652,38.8611],[141.6652,38.8611],[141.6653,38.861]]],[[[141.6649,38.8613],[141.6649,38.8614],[141.6649,38.8613],[141.6649,38.8613]]],[[[141.6628,38.8614],[141.6628,38.8614],[141.6629,38.8614],[141.6628,38.8614]]],[[[141.663,38.8616],[141.6631,38.8617],[141.6631,38.8615],[141.663,38.8616]]],[[[141.6642,38.8617],[141.6642,38.8618],[141.6642,38.8618],[141.6642,38.8617]]],[[[141.6646,38.8618],[141.6646,38.8617],[141.6645,38.8618],[141.6646,38.8618]]],[[[141.6663,38.8618],[141.666,38.8618],[141.666,38.8619],[141.6663,38.8618]]],[[[141.665,38.8622],[141.665,38.8622],[141.665,38.8622],[141.665,38.8622]]],[[[141.6651,38.8622],[141.6652,38.8623],[141.6653,38.8621],[141.6651,38.8622]]],[[[141.6631,38.8622],[141.6632,38.8622],[141.6631,38.8622],[141.6631,38.8622]]],[[[141.6633,38.8622],[141.6632,38.8622],[141.6633,38.8623],[141.6633,38.8622]]],[[[141.6651,38.8622],[141.665,38.8623],[141.6651,38.8622],[141.6651,38.8622]]],[[[141.6655,38.8623],[141.6653,38.8623],[141.6654,38.8624],[141.6655,38.8623]]],[[[141.6638,38.8624],[141.6638,38.8624],[141.6638,38.8624],[141.6638,38.8624]]],[[[141.6631,38.8624],[141.6631,38.8625],[141.6632,38.8623],[141.6631,38.8624]]],[[[141.6657,38.8625],[141.6658,38.8625],[141.6657,38.8625],[141.6657,38.8625]]],[[[141.6632,38.8625],[141.6632,38.8626],[141.6632,38.8625],[141.6632,38.8625]]],[[[141.6634,38.8627],[141.6635,38.8627],[141.6634,38.8626],[141.6634,38.8627]]],[[[141.6632,38.8628],[141.6632,38.8627],[141.6632,38.8628],[141.6632,38.8628]]],[[[141.6659,38.8786],[141.6657,38.8784],[141.6657,38.8785],[141.6659,38.8786]]],[[[141.6662,38.8786],[141.6661,38.8787],[141.6662,38.8786],[141.6662,38.8786]]],[[[141.6659,38.8786],[141.6659,38.8787],[141.6659,38.8786],[141.6659,38.8786]]],[[[141.6644,38.8797],[141.6643,38.8798],[141.6644,38.8797],[141.6644,38.8797]]],[[[141.6655,38.8799],[141.6655,38.8798],[141.6655,38.8799],[141.6655,38.8799]]],[[[141.6647,38.8802],[141.6648,38.8797],[141.6644,38.88],[141.6647,38.8802]]],[[[141.6654,38.8802],[141.6654,38.8803],[141.6654,38.8803],[141.6654,38.8802]]],[[[141.6654,38.8807],[141.6655,38.8807],[141.6654,38.8807],[141.6654,38.8807]]],[[[141.6645,38.8811],[141.6648,38.881],[141.6645,38.8809],[141.6645,38.8811]]],[[[141.6649,38.8824],[141.6649,38.8822],[141.6648,38.8824],[141.6649,38.8824]]],[[[141.6656,38.8825],[141.6656,38.8826],[141.6657,38.8826],[141.6656,38.8825]]],[[[141.6658,38.8826],[141.6658,38.8826],[141.6657,38.8826],[141.6658,38.8826]]],[[[141.6652,38.8826],[141.6652,38.8826],[141.6652,38.8826],[141.6652,38.8826]]],[[[141.665,38.8826],[141.6649,38.8826],[141.665,38.8826],[141.665,38.8826]]],[[[141.6661,38.8827],[141.6661,38.8827],[141.6661,38.8827],[141.6661,38.8827]]],[[[141.6656,38.8827],[141.6655,38.8827],[141.6655,38.8828],[141.6656,38.8827]]],[[[141.665,38.8827],[141.6649,38.8828],[141.6651,38.8827],[141.665,38.8827]]],[[[141.6648,38.8828],[141.6647,38.8829],[141.6648,38.8829],[141.6648,38.8828]]],[[[141.6645,38.8829],[141.6645,38.8829],[141.6645,38.883],[141.6645,38.8829]]],[[[141.6662,38.8831],[141.6662,38.8829],[141.666,38.883],[141.6662,38.8831]]],[[[141.6653,38.8832],[141.6657,38.8835],[141.6654,38.8831],[141.6653,38.8832]]],[[[141.6654,38.8834],[141.6653,38.8835],[141.6654,38.8835],[141.6654,38.8834]]],[[[141.6651,38.8838],[141.6651,38.8839],[141.6652,38.8838],[141.6651,38.8838]]],[[[141.6652,38.8838],[141.6652,38.8839],[141.6652,38.8839],[141.6652,38.8838]]],[[[141.6649,38.8839],[141.665,38.8841],[141.665,38.8839],[141.6649,38.8839]]],[[[141.6652,38.8841],[141.6652,38.884],[141.6652,38.884],[141.6652,38.8841]]],[[[141.6656,38.8841],[141.6655,38.8841],[141.6656,38.8841],[141.6656,38.8841]]],[[[141.6654,38.8841],[141.6653,38.8841],[141.6654,38.8841],[141.6654,38.8841]]],[[[141.6649,38.8842],[141.6649,38.8843],[141.665,38.8842],[141.6649,38.8842]]],[[[141.6652,38.8843],[141.6652,38.8842],[141.6652,38.8842],[141.6652,38.8843]]],[[[141.6661,38.8844],[141.6661,38.8844],[141.6662,38.8844],[141.6661,38.8844]]],[[[141.6645,38.885],[141.6643,38.8848],[141.6643,38.8849],[141.6645,38.885]]],[[[141.6648,38.8853],[141.6649,38.8853],[141.6648,38.8852],[141.6648,38.8853]]],[[[141.6639,38.8874],[141.6639,38.8874],[141.6639,38.8874],[141.6639,38.8874]]],[[[141.6627,38.8874],[141.6627,38.8874],[141.6627,38.8875],[141.6627,38.8874]]],[[[141.6628,38.8875],[141.6629,38.8875],[141.6628,38.8874],[141.6628,38.8875]]],[[[141.6626,38.8875],[141.6626,38.8875],[141.6627,38.8875],[141.6626,38.8875]]],[[[141.6634,38.8875],[141.6638,38.8881],[141.6639,38.888],[141.6634,38.8875]]],[[[141.6646,38.89],[141.6647,38.8898],[141.6646,38.8897],[141.6646,38.89]]],[[[141.6645,38.8899],[141.6645,38.89],[141.6645,38.89],[141.6645,38.8899]]],[[[141.6635,38.8931],[141.6636,38.8931],[141.6634,38.893],[141.6635,38.8931]]],[[[141.6651,38.8931],[141.6651,38.8932],[141.6652,38.8931],[141.6651,38.8931]]],[[[141.6655,38.8931],[141.6654,38.8932],[141.6655,38.8932],[141.6655,38.8931]]],[[[141.6661,38.8932],[141.6661,38.8932],[141.666,38.8932],[141.6661,38.8932]]],[[[141.6634,38.8933],[141.6634,38.8933],[141.6632,38.8933],[141.6634,38.8933]]],[[[141.6632,38.8935],[141.6632,38.8935],[141.6632,38.8935],[141.6632,38.8935]]],[[[141.6634,38.894],[141.6634,38.894],[141.6634,38.894],[141.6634,38.894]]],[[[141.6659,38.8946],[141.6659,38.8945],[141.6659,38.8945],[141.6659,38.8946]]],[[[141.6657,38.895],[141.6661,38.895],[141.6661,38.8946],[141.6657,38.895]]],[[[141.6652,38.8956],[141.6652,38.8956],[141.6652,38.8956],[141.6652,38.8956]]],[[[141.6652,38.8957],[141.6652,38.8958],[141.6653,38.8957],[141.6652,38.8957]]],[[[141.6652,38.896],[141.6653,38.896],[141.6652,38.8959],[141.6652,38.896]]],[[[141.6659,38.8961],[141.6659,38.8961],[141.6659,38.8961],[141.6659,38.8961]]],[[[141.6622,38.8964],[141.6622,38.8963],[141.6622,38.8964],[141.6622,38.8964]]],[[[141.6612,38.8963],[141.6611,38.8963],[141.6612,38.8965],[141.6612,38.8963]]],[[[141.6641,38.8963],[141.664,38.8966],[141.6645,38.8963],[141.6641,38.8963]]],[[[141.6642,38.8967],[141.6641,38.8967],[141.6641,38.8967],[141.6642,38.8967]]],[[[141.664,38.8967],[141.664,38.8968],[141.6641,38.8967],[141.664,38.8967]]],[[[141.6642,38.8968],[141.6643,38.8969],[141.6643,38.8968],[141.6642,38.8968]]],[[[141.6641,38.897],[141.664,38.8969],[141.6641,38.897],[141.6641,38.897]]],[[[141.6603,38.897],[141.6602,38.897],[141.6602,38.897],[141.6603,38.897]]],[[[141.6601,38.8971],[141.6602,38.8972],[141.6602,38.8972],[141.6601,38.8971]]],[[[141.6605,38.8972],[141.6605,38.8973],[141.6606,38.8973],[141.6605,38.8972]]],[[[141.6637,38.8972],[141.6638,38.8974],[141.6639,38.8973],[141.6637,38.8972]]],[[[141.6637,38.8973],[141.6637,38.8974],[141.6637,38.8973],[141.6637,38.8973]]],[[[141.66,38.898],[141.66,38.8979],[141.66,38.898],[141.66,38.898]]],[[[141.6598,38.8982],[141.6598,38.8983],[141.6598,38.8982],[141.6598,38.8982]]],[[[141.66,38.8984],[141.6601,38.8984],[141.66,38.8984],[141.66,38.8984]]],[[[141.6597,38.8987],[141.6599,38.8985],[141.6597,38.8985],[141.6597,38.8987]]],[[[141.6598,38.8989],[141.6598,38.899],[141.6599,38.899],[141.6598,38.8989]]],[[[141.6598,38.8996],[141.6597,38.8993],[141.6597,38.8995],[141.6598,38.8996]]],[[[141.6602,38.8997],[141.6602,38.8998],[141.6602,38.8998],[141.6602,38.8997]]],[[[141.6602,38.8998],[141.6602,38.8999],[141.6602,38.8998],[141.6602,38.8998]]],[[[141.6618,38.9052],[141.662,38.9051],[141.662,38.9051],[141.6618,38.9052]]],[[[141.6619,38.9059],[141.6616,38.9061],[141.6619,38.9063],[141.6619,38.9059]]],[[[141.6744,38.8558],[141.6746,38.8562],[141.6748,38.8558],[141.6744,38.8558]]],[[[141.6743,38.8562],[141.6742,38.8561],[141.6742,38.8562],[141.6743,38.8562]]],[[[141.675,38.8564],[141.6748,38.8563],[141.6747,38.8564],[141.675,38.8564]]],[[[141.6753,38.8563],[141.6752,38.8564],[141.6753,38.8564],[141.6753,38.8563]]],[[[141.6744,38.8564],[141.6745,38.8564],[141.6745,38.8564],[141.6744,38.8564]]],[[[141.6724,38.8571],[141.6728,38.8573],[141.6731,38.8566],[141.6724,38.8571]]],[[[141.6712,38.8576],[141.6712,38.8576],[141.6712,38.8576],[141.6712,38.8576]]],[[[141.6716,38.8578],[141.6715,38.8578],[141.6715,38.8578],[141.6716,38.8578]]],[[[141.671,38.8579],[141.671,38.8578],[141.671,38.8579],[141.671,38.8579]]],[[[141.6707,38.858],[141.6709,38.858],[141.6708,38.8579],[141.6707,38.858]]],[[[141.6752,38.8584],[141.6754,38.859],[141.6759,38.8587],[141.6752,38.8584]]],[[[141.6756,38.859],[141.6757,38.8591],[141.6757,38.8591],[141.6756,38.859]]],[[[141.6669,38.8601],[141.666,38.8597],[141.6668,38.8601],[141.6684,38.8601],[141.6669,38.8601]]],[[[141.6752,38.8615],[141.6752,38.8615],[141.6753,38.8615],[141.6752,38.8615]]],[[[141.6752,38.8616],[141.6752,38.8616],[141.6752,38.8616],[141.6752,38.8616]]],[[[141.6748,38.8612],[141.6748,38.8622],[141.6752,38.8615],[141.6748,38.8612]]],[[[141.6758,38.8618],[141.6759,38.8618],[141.6759,38.8618],[141.6758,38.8618]]],[[[141.676,38.8619],[141.6759,38.8619],[141.6759,38.8619],[141.676,38.8619]]],[[[141.676,38.8619],[141.676,38.8619],[141.676,38.8619],[141.676,38.8619]]],[[[141.675,38.8619],[141.675,38.862],[141.6751,38.862],[141.675,38.8619]]],[[[141.6755,38.8619],[141.6758,38.8622],[141.6758,38.8618],[141.6755,38.8619]]],[[[141.6745,38.8622],[141.6746,38.8623],[141.6747,38.8623],[141.6746,38.8622],[141.6745,38.8622]]],[[[141.6749,38.8623],[141.6749,38.8623],[141.6748,38.8623],[141.6749,38.8623]]],[[[141.6755,38.8629],[141.6754,38.8628],[141.6755,38.8629],[141.6755,38.8629]]],[[[141.6752,38.863],[141.6752,38.863],[141.6752,38.863],[141.6752,38.863]]],[[[141.675,38.8632],[141.6751,38.8632],[141.6752,38.8631],[141.675,38.8632]]],[[[141.6752,38.8632],[141.6752,38.8632],[141.6753,38.8633],[141.6752,38.8632]]],[[[141.6749,38.8639],[141.6754,38.8636],[141.675,38.8633],[141.6749,38.8639]]],[[[141.6749,38.8639],[141.6749,38.864],[141.675,38.864],[141.6749,38.8639]]],[[[141.675,38.8641],[141.6749,38.8641],[141.675,38.8641],[141.675,38.864],[141.675,38.8641]]],[[[141.6749,38.8643],[141.6748,38.8645],[141.6753,38.8645],[141.6748,38.8641],[141.6749,38.8643]]],[[[141.6748,38.8644],[141.6749,38.8644],[141.6748,38.8643],[141.6748,38.8644]]],[[[141.6736,38.8663],[141.674,38.866],[141.6732,38.8657],[141.6736,38.8663]]],[[[141.674,38.8664],[141.6741,38.8663],[141.6739,38.8663],[141.674,38.8664]]],[[[141.6744,38.8665],[141.6743,38.8664],[141.6743,38.8665],[141.6744,38.8665]]],[[[141.6743,38.8669],[141.6744,38.867],[141.6745,38.8669],[141.6743,38.8669]]],[[[141.6736,38.8677],[141.6736,38.8676],[141.6734,38.8676],[141.6736,38.8677]]],[[[141.6724,38.8682],[141.6721,38.8682],[141.6721,38.8683],[141.6724,38.8683],[141.6726,38.8684],[141.6724,38.8682]]],[[[141.6722,38.8684],[141.6723,38.8683],[141.6722,38.8683],[141.6722,38.8684]]],[[[141.6728,38.8684],[141.6729,38.8684],[141.6728,38.8684],[141.6728,38.8684]]],[[[141.6703,38.8697],[141.6703,38.8696],[141.6702,38.8696],[141.6703,38.8697]]],[[[141.6713,38.8699],[141.6713,38.8695],[141.6703,38.8695],[141.6713,38.8699]]],[[[141.6716,38.87],[141.6709,38.8701],[141.6712,38.8701],[141.6713,38.8703],[141.6716,38.87]]],[[[141.6712,38.8702],[141.6712,38.8702],[141.6712,38.8702],[141.6712,38.8702]]],[[[141.6705,38.8713],[141.6703,38.8713],[141.6704,38.8714],[141.6705,38.8713]]],[[[141.6705,38.8714],[141.6703,38.8716],[141.6705,38.8715],[141.6705,38.8714]]],[[[141.6714,38.8729],[141.6713,38.8729],[141.6714,38.873],[141.6714,38.8729]]],[[[141.6707,38.873],[141.6708,38.8729],[141.6707,38.873],[141.6707,38.873]]],[[[141.6715,38.873],[141.6715,38.873],[141.6715,38.873],[141.6715,38.873]]],[[[141.6713,38.873],[141.6713,38.873],[141.6714,38.873],[141.6713,38.873]]],[[[141.671,38.8734],[141.671,38.8733],[141.6709,38.8733],[141.671,38.8734]]],[[[141.6707,38.8735],[141.6707,38.8737],[141.6709,38.8733],[141.6707,38.8735]]],[[[141.671,38.8743],[141.6712,38.8742],[141.6711,38.8741],[141.671,38.8743]]],[[[141.671,38.8742],[141.6709,38.8743],[141.6709,38.8743],[141.671,38.8742]]],[[[141.6704,38.8744],[141.6703,38.8745],[141.6704,38.8746],[141.6704,38.8744]]],[[[141.6705,38.8746],[141.6706,38.8747],[141.6709,38.8745],[141.6705,38.8746]]],[[[141.6705,38.8747],[141.6706,38.8747],[141.6706,38.8747],[141.6705,38.8747]]],[[[141.6706,38.8747],[141.6706,38.8747],[141.6706,38.8747],[141.6706,38.8747]]],[[[141.669,38.8748],[141.6691,38.8748],[141.669,38.8748],[141.669,38.8748]]],[[[141.669,38.8749],[141.6684,38.8749],[141.6686,38.875],[141.669,38.8749]]],[[[141.6679,38.875],[141.6685,38.8752],[141.6681,38.8749],[141.6679,38.875]]],[[[141.6689,38.8751],[141.6689,38.8751],[141.6689,38.8751],[141.6689,38.8751]]],[[[141.6701,38.8753],[141.6703,38.875],[141.6695,38.875],[141.6701,38.8753]]],[[[141.669,38.8752],[141.669,38.8751],[141.6689,38.8751],[141.669,38.8752]]],[[[141.668,38.8752],[141.668,38.8752],[141.668,38.8751],[141.668,38.8752]]],[[[141.6699,38.8752],[141.6698,38.8752],[141.6698,38.8752],[141.6699,38.8752]]],[[[141.6703,38.8753],[141.6703,38.8753],[141.6703,38.8753],[141.6703,38.8753]]],[[[141.6685,38.8753],[141.668,38.8752],[141.6685,38.8754],[141.6685,38.8753]]],[[[141.668,38.8757],[141.6679,38.8757],[141.668,38.8758],[141.668,38.8757]]],[[[141.668,38.8758],[141.6681,38.8758],[141.6681,38.8758],[141.668,38.8758]]],[[[141.6683,38.876],[141.6683,38.8759],[141.6682,38.876],[141.6683,38.876]]],[[[141.6677,38.876],[141.6679,38.8761],[141.6679,38.876],[141.6677,38.876]]],[[[141.6685,38.8761],[141.6684,38.8761],[141.6684,38.8761],[141.6685,38.8761]]],[[[141.6681,38.8761],[141.668,38.8762],[141.6681,38.8762],[141.6681,38.8761]]],[[[141.6668,38.8774],[141.6667,38.8774],[141.6667,38.8776],[141.6668,38.8774]]],[[[141.6669,38.8778],[141.6669,38.8776],[141.6668,38.8777],[141.6669,38.8778]]],[[[141.6667,38.8781],[141.6667,38.8781],[141.6667,38.878],[141.6667,38.8781]]],[[[141.6677,38.8784],[141.6677,38.8782],[141.6675,38.8783],[141.6677,38.8784]]],[[[141.6663,38.8783],[141.6662,38.8784],[141.6664,38.8784],[141.6663,38.8783]]],[[[141.6661,38.8785],[141.6662,38.8785],[141.6662,38.8784],[141.6661,38.8785]]],[[[141.6669,38.8823],[141.6666,38.8822],[141.6668,38.8824],[141.6669,38.8823]]],[[[141.6662,38.8829],[141.6663,38.883],[141.6662,38.8828],[141.6662,38.8829]]],[[[141.6695,38.8834],[141.6695,38.8835],[141.6695,38.8834],[141.6695,38.8834]]],[[[141.6695,38.8837],[141.6695,38.8835],[141.6692,38.8837],[141.6695,38.8837]]],[[[141.6694,38.8839],[141.6695,38.8838],[141.6693,38.8839],[141.6694,38.8839]]],[[[141.6692,38.884],[141.6692,38.884],[141.6693,38.884],[141.6692,38.884]]],[[[141.6691,38.8841],[141.6691,38.8841],[141.6691,38.8841],[141.6691,38.8841]]],[[[141.6694,38.8847],[141.6693,38.8849],[141.6694,38.885],[141.6694,38.8847]]],[[[141.6695,38.8888],[141.6695,38.8888],[141.6695,38.8888],[141.6695,38.8888]]],[[[141.6662,38.8889],[141.6663,38.8889],[141.6663,38.8888],[141.6662,38.8889]]],[[[141.6678,38.8889],[141.6678,38.8889],[141.6678,38.889],[141.6678,38.8889]]],[[[141.6674,38.889],[141.6676,38.889],[141.6675,38.8889],[141.6674,38.889]]],[[[141.6671,38.8889],[141.6671,38.889],[141.6672,38.889],[141.6671,38.8889]]],[[[141.6685,38.889],[141.6685,38.889],[141.6685,38.889],[141.6685,38.889]]],[[[141.6686,38.8893],[141.6685,38.8891],[141.6684,38.8893],[141.6686,38.8893]]],[[[141.6689,38.8896],[141.6689,38.8896],[141.6689,38.8896],[141.6689,38.8896]]],[[[141.6694,38.8897],[141.6693,38.8897],[141.6693,38.8898],[141.6694,38.8897]]],[[[141.6674,38.8917],[141.6674,38.8918],[141.6675,38.8917],[141.6674,38.8917]]],[[[141.668,38.8918],[141.6678,38.8918],[141.6679,38.8919],[141.668,38.8918]]],[[[141.6677,38.8918],[141.6677,38.8919],[141.6678,38.8918],[141.6677,38.8918]]],[[[141.6663,38.8929],[141.6663,38.893],[141.6663,38.8929],[141.6663,38.8929]]],[[[141.6773,38.8934],[141.6772,38.8934],[141.6772,38.8936],[141.6773,38.8934]]],[[[141.6663,38.8951],[141.6662,38.8949],[141.6662,38.8951],[141.6663,38.8951]]]]}},{"type":"Feature","properties":{"code":"04207","name":"名取市","pref_code":"04","pref":"宮城県"},"geometry":{"type":"Polygon","coordinates":[[[140.7953,38.2192],[140.7978,38.2181],[140.7975,38.2143],[140.7984,38.2127],[140.8025,38.2126],[140.8068,38.2105],[140.8096,38.2113],[140.8082,38.212],[140.808,38.2137],[140.8119,38.2143],[140.8131,38.2171],[140.817,38.2187],[140.8202,38.2172],[140.8267,38.2169],[140.831,38.2137],[140.853,38.2043],[140.8609,38.2041],[140.8636,38.2007],[140.8596,38.1949],[140.8636,38.1953],[140.8634,38.194],[140.8664,38.1912],[140.867,38.1878],[140.8724,38.1876],[140.8732,38.1891],[140.8798,38.189],[140.8841,38.1904],[140.8849,38.189],[140.8888,38.1883],[140.8904,38.1898],[140.895,38.1904],[140.8999,38.1896],[140.8999,38.1866],[140.8986,38.1864],[140.8986,38.1847],[140.9034,38.1846],[140.9038,38.188],[140.901,38.1884],[140.9015,38.1894],[140.9076,38.1882],[140.9042,38.1871],[140.9039,38.1846],[140.9071,38.1846],[140.9074,38.1856],[140.9097,38.1863],[140.9123,38.185],[140.9152,38.1853],[140.9151,38.1844],[140.9176,38.1837],[140.9335,38.1825],[140.9353,38.1844],[140.9349,38.1867],[140.9297,38.1895],[140.928,38.1931],[140.9348,38.1989],[140.9359,38.1976],[140.9371,38.1893],[140.9403,38.186],[140.9479,38.1833],[140.9514,38.1799],[140.9591,38.1762],[140.9615,38.1738],[140.9656,38.1735],[140.9653,38.1705],[140.9649,38.1735],[140.9632,38.1736],[140.9607,38.1697],[140.9633,38.1688],[140.9676,38.1705],[140.9633,38.1687],[140.962,38.1692],[140.9597,38.1666],[140.9513,38.1526],[140.9414,38.1318],[140.931,38.1337],[140.9251,38.1367],[140.9203,38.1377],[140.9196,38.1384],[140.9221,38.142],[140.9208,38.1425],[140.9197,38.1427],[140.9177,38.1393],[140.914,38.1401],[140.9174,38.1426],[140.9171,38.1437],[140.9114,38.1421],[140.9113,38.1434],[140.9051,38.1442],[140.9037,38.1412],[140.9015,38.1411],[140.9039,38.1405],[140.8927,38.125],[140.8951,38.1237],[140.8906,38.119],[140.8835,38.1174],[140.8828,38.1159],[140.8849,38.1136],[140.882,38.1098],[140.8764,38.1102],[140.8791,38.1122],[140.8761,38.115],[140.8732,38.123],[140.8741,38.1266],[140.8683,38.1263],[140.8662,38.1271],[140.8666,38.1314],[140.8677,38.1313],[140.8714,38.1391],[140.8677,38.1407],[140.8633,38.1324],[140.8469,38.133],[140.8427,38.1346],[140.8373,38.134],[140.8361,38.1353],[140.8331,38.1358],[140.8314,38.1378],[140.812,38.1396],[140.8022,38.1443],[140.7955,38.149],[140.7946,38.1516],[140.7963,38.1534],[140.7939,38.1559],[140.7936,38.1584],[140.7946,38.1623],[140.7907,38.1664],[140.7919,38.1702],[140.7904,38.1711],[140.7899,38.1735],[140.7958,38.1753],[140.7968,38.1804],[140.8053,38.1854],[140.8086,38.1842],[140.8136,38.1852],[140.8152,38.1873],[140.81,38.1886],[140.806,38.1929],[140.8008,38.1931],[140.8004,38.1942],[140.7983,38.1946],[140.7945,38.1942],[140.7968,38.1996],[140.7929,38.2032],[140.7879,38.2024],[140.7861,38.2049],[140.7868,38.2062],[140.7846,38.2094],[140.784,38.2147],[140.7883,38.2181],[140.7953,38.2192]]]}},{"type":"Feature","properties":{"code":"04211","name":"岩沼市","pref_code":"04","pref":"宮城県"},"geometry":{"type":"Polygon","coordinates":[[[140.7966,38.1481],[140.812,38.1396],[140.8314,38.1378],[140.8331,38.1358],[140.8361,38.1353],[140.8373,38.134],[140.8427,38.1346],[140.8469,38.133],[140.8633,38.1324],[140.8677,38.1407],[140.8714,38.1391],[140.8677,38.1313],[140.8666,38.1314],[140.8662,38.1271],[140.8683,38.1263],[140.8741,38.1266],[140.8732,38.123],[140.8761,38.115],[140.8791,38.1122],[140.8773,38.1115],[140.8764,38.1102],[140.8771,38.1101],[140.882,38.1098],[140.8849,38.1136],[140.8828,38.1159],[140.8835,38.1174],[140.8906,38.119],[140.8951,38.1237],[140.8927,38.125],[140.9039,38.1405],[140.9015,38.1411],[140.9037,38.1412],[140.9051,38.1442],[140.9113,38.1434],[140.9114,38.1421],[140.9171,38.1437],[140.9174,38.1426],[140.914,38.1401],[140.9177,38.1393],[140.9197,38.1427],[140.9208,38.1425],[140.9221,38.142],[140.9196,38.1384],[140.9203,38.1377],[140.9251,38.1367],[140.931,38.1337],[140.9414,38.1318],[140.9298,38.0966],[140.9246,38.0711],[140.922,38.047],[140.9137,38.05],[140.9072,38.0547],[140.9064,38.0602],[140.9101,38.0711],[140.9091,38.075],[140.8946,38.09],[140.8891,38.094],[140.8814,38.0956],[140.872,38.0954],[140.8684,38.0931],[140.8643,38.0854],[140.8613,38.0831],[140.8494,38.0801],[140.8407,38.0814],[140.8347,38.0837],[140.8348,38.0865],[140.8318,38.0892],[140.8318,38.0905],[140.8286,38.0924],[140.8294,38.0963],[140.8271,38.0973],[140.8247,38.0969],[140.8257,38.1028],[140.825,38.1041],[140.8265,38.1055],[140.8253,38.1077],[140.8272,38.1111],[140.8249,38.1128],[140.8243,38.1151],[140.8259,38.1165],[140.8249,38.1184],[140.8271,38.1198],[140.8271,38.122],[140.8243,38.1222],[140.8188,38.1269],[140.8125,38.1273],[140.806,38.127],[140.8019,38.1223],[140.7961,38.1215],[140.793,38.1237],[140.7899,38.124],[140.7889,38.1255],[140.7808,38.1258],[140.7803,38.1277],[140.7771,38.1285],[140.7798,38.1315],[140.7792,38.1325],[140.7803,38.1342],[140.7827,38.1341],[140.7844,38.1362],[140.7872,38.1369],[140.7867,38.1401],[140.7888,38.1419],[140.7885,38.1434],[140.7902,38.1453],[140.7966,38.1481]]]}},{"type":"Feature","properties":{"code":"04214","name":"東松島市","pref_code":"04","pref":"宮城県"},"geometry":{"type":"MultiPolygon","coordinates":[[[[141.1409,38.3172],[141.1409,38.3173],[141.1409,38.3172],[141.1409,38.3172]]],[[[141.1548,38.3178],[141.1546,38.3178],[141.1547,38.318],[141.1548,38.3178]]],[[[141.1607,38.3186],[141.1615,38.3166],[141.159,38.3177],[141.1576,38.3171],[141.1572,38.3186],[141.1565,38.3178],[141.1553,38.3183],[141.1562,38.3186],[141.1551,38.3211],[141.158,38.3212],[141.1595,38.3197],[141.1591,38.3187],[141.1592,38.3187],[141.1607,38.3186]]],[[[141.1533,38.3183],[141.1527,38.3214],[141.1541,38.3195],[141.1533,38.3183]]],[[[141.1409,38.3205],[141.1406,38.3205],[141.1406,38.3209],[141.1409,38.3205]]],[[[141.1589,38.3209],[141.1589,38.321],[141.159,38.3209],[141.1589,38.3209]]],[[[141.159,38.321],[141.159,38.321],[141.159,38.321],[141.159,38.321]]],[[[141.1381,38.3216],[141.1381,38.3215],[141.138,38.321],[141.1381,38.3216]]],[[[141.1526,38.3215],[141.1526,38.3215],[141.1527,38.3215],[141.1526,38.3215]]],[[[141.1567,38.3223],[141.1567,38.3223],[141.1567,38.3223],[141.1567,38.3223]]],[[[141.1397,38.3222],[141.1399,38.3224],[141.1401,38.3223],[141.1397,38.3222]]],[[[141.157,38.3225],[141.157,38.3225],[141.157,38.3225],[141.157,38.3225]]],[[[141.1435,38.3228],[141.1436,38.323],[141.1436,38.3228],[141.1435,38.3228]]],[[[141.1565,38.3231],[141.1565,38.3229],[141.1564,38.323],[141.1565,38.3231]]],[[[141.1563,38.323],[141.1563,38.323],[141.1563,38.323],[141.1563,38.323]]],[[[141.1418,38.3231],[141.1417,38.3231],[141.1418,38.3231],[141.1418,38.3231]]],[[[141.1422,38.3231],[141.1419,38.3231],[141.1421,38.3233],[141.1422,38.3231]]],[[[141.1435,38.3232],[141.1436,38.3233],[141.1436,38.3231],[141.1435,38.3232]]],[[[141.1437,38.3234],[141.144,38.3235],[141.144,38.3232],[141.1437,38.3234]]],[[[141.1468,38.3244],[141.1471,38.3252],[141.1475,38.3248],[141.1468,38.3244]]],[[[141.1581,38.3249],[141.158,38.3249],[141.158,38.325],[141.1581,38.3249]]],[[[141.1384,38.326],[141.1384,38.3259],[141.1383,38.3259],[141.1384,38.326]]],[[[141.138,38.326],[141.1382,38.3263],[141.1383,38.3259],[141.138,38.326]]],[[[141.1472,38.3317],[141.1472,38.3316],[141.1471,38.3317],[141.1472,38.3317]]],[[[141.1469,38.3317],[141.1479,38.3319],[141.147,38.3317],[141.1469,38.3317]]],[[[141.1359,38.3318],[141.1359,38.3319],[141.1359,38.3319],[141.1359,38.3318]]],[[[141.1359,38.3319],[141.1359,38.3319],[141.1359,38.3319],[141.1359,38.3319]]],[[[141.1421,38.3335],[141.142,38.3335],[141.142,38.3336],[141.1421,38.3335]]],[[[141.1318,38.3381],[141.1327,38.3374],[141.1321,38.3374],[141.1318,38.3381]]],[[[141.1609,38.3473],[141.1593,38.3489],[141.1597,38.3495],[141.1588,38.3504],[141.1592,38.3504],[141.1593,38.3509],[141.1617,38.348],[141.1623,38.3492],[141.1606,38.3522],[141.1637,38.3524],[141.1621,38.3517],[141.1635,38.3513],[141.1625,38.3508],[141.1631,38.3501],[141.1641,38.3508],[141.1642,38.3495],[141.165,38.3508],[141.1661,38.3495],[141.1656,38.3523],[141.1668,38.3517],[141.1668,38.3491],[141.1674,38.3504],[141.1677,38.349],[141.1687,38.349],[141.1689,38.3501],[141.1691,38.3478],[141.1683,38.3487],[141.1654,38.3487],[141.1637,38.3471],[141.1673,38.3469],[141.1654,38.3467],[141.1639,38.3456],[141.1642,38.345],[141.165,38.3447],[141.1674,38.3455],[141.1657,38.3441],[141.1669,38.3424],[141.1695,38.3447],[141.1683,38.3418],[141.1691,38.3408],[141.1681,38.3408],[141.1679,38.3403],[141.1695,38.3398],[141.1699,38.3388],[141.1676,38.339],[141.1687,38.3365],[141.1707,38.3389],[141.1694,38.3367],[141.1671,38.335],[141.1668,38.332],[141.1709,38.3272],[141.1715,38.3274],[141.172,38.3252],[141.1766,38.3256],[141.1762,38.3251],[141.1767,38.3247],[141.1781,38.3249],[141.178,38.3241],[141.1805,38.324],[141.1801,38.3237],[141.1811,38.3235],[141.1809,38.3229],[141.182,38.3225],[141.1827,38.3215],[141.1772,38.3237],[141.1767,38.3231],[141.1772,38.3214],[141.1782,38.3218],[141.1795,38.3209],[141.1776,38.3213],[141.1782,38.3207],[141.1771,38.3195],[141.1763,38.3199],[141.177,38.321],[141.1764,38.3213],[141.1744,38.3206],[141.1762,38.3218],[141.1749,38.3231],[141.1733,38.3236],[141.1734,38.3229],[141.1727,38.3227],[141.1728,38.3228],[141.1728,38.3233],[141.1724,38.3235],[141.1721,38.3235],[141.1723,38.3237],[141.1723,38.3239],[141.1718,38.3241],[141.1714,38.3236],[141.1712,38.3231],[141.1711,38.3239],[141.1709,38.3241],[141.1707,38.3241],[141.1707,38.324],[141.1707,38.3241],[141.1692,38.3231],[141.1689,38.3262],[141.1651,38.3254],[141.1667,38.3259],[141.1665,38.3274],[141.1654,38.3275],[141.165,38.3261],[141.1653,38.3275],[141.1626,38.3279],[141.1615,38.3278],[141.16,38.3271],[141.159,38.326],[141.1589,38.3251],[141.1602,38.3244],[141.1581,38.3251],[141.1572,38.3242],[141.1574,38.3233],[141.157,38.3242],[141.1572,38.3246],[141.1562,38.3246],[141.1553,38.3236],[141.1566,38.3222],[141.1542,38.3224],[141.1453,38.33],[141.1486,38.3316],[141.1496,38.3332],[141.1488,38.3341],[141.1447,38.3325],[141.1419,38.3341],[141.1416,38.3329],[141.1438,38.3317],[141.1432,38.3309],[141.1415,38.3315],[141.1416,38.3298],[141.1387,38.3305],[141.1378,38.3301],[141.1425,38.3266],[141.1418,38.3287],[141.1429,38.3291],[141.1466,38.3247],[141.1434,38.3246],[141.1428,38.3228],[141.1424,38.3242],[141.1407,38.3248],[141.139,38.323],[141.1394,38.3216],[141.1377,38.3217],[141.1398,38.3243],[141.139,38.3253],[141.1401,38.3259],[141.1397,38.3273],[141.1378,38.3289],[141.1364,38.3287],[141.1358,38.3303],[141.1366,38.3306],[141.1355,38.3329],[141.1349,38.3336],[141.1337,38.3334],[141.1327,38.3341],[141.1346,38.3351],[141.133,38.336],[141.1329,38.3375],[141.1315,38.3387],[141.1327,38.3391],[141.1331,38.341],[141.1343,38.3394],[141.1345,38.3427],[141.1366,38.3392],[141.1377,38.3394],[141.1378,38.3406],[141.1387,38.3392],[141.1394,38.3402],[141.1422,38.3393],[141.1435,38.3404],[141.1418,38.3413],[141.1428,38.3425],[141.1453,38.3402],[141.1455,38.3383],[141.1482,38.3388],[141.1477,38.3402],[141.1487,38.341],[141.148,38.3415],[141.1498,38.3426],[141.1467,38.3439],[141.1465,38.3461],[141.1448,38.3468],[141.1446,38.3484],[141.1426,38.3487],[141.143,38.3499],[141.1418,38.3501],[141.1413,38.3519],[141.1422,38.3523],[141.1405,38.3543],[141.1443,38.3543],[141.1465,38.3568],[141.148,38.3557],[141.1505,38.3568],[141.1505,38.356],[141.1583,38.3532],[141.1579,38.3516],[141.1547,38.3498],[141.1543,38.348],[141.1558,38.3481],[141.1555,38.3487],[141.1569,38.3496],[141.1584,38.3447],[141.1575,38.3433],[141.1591,38.3436],[141.1628,38.3404],[141.1601,38.3445],[141.1612,38.3447],[141.16,38.3461],[141.1599,38.3472],[141.1609,38.3473]]],[[[141.1472,38.3389],[141.1465,38.3397],[141.1472,38.3392],[141.1478,38.3391],[141.1472,38.3389]]],[[[141.1466,38.341],[141.1469,38.3415],[141.1474,38.3412],[141.1466,38.341]]],[[[141.1395,38.3417],[141.1387,38.3419],[141.1395,38.3419],[141.1395,38.3417]]],[[[141.1381,38.3429],[141.1385,38.3431],[141.1388,38.3424],[141.1381,38.3429]]],[[[141.1378,38.3441],[141.1381,38.3436],[141.1377,38.3439],[141.1378,38.3441]]],[[[141.1413,38.3456],[141.1413,38.3457],[141.1413,38.3456],[141.1413,38.3456]]],[[[141.1358,38.3448],[141.1358,38.3469],[141.1365,38.3453],[141.1376,38.3444],[141.1358,38.3448]]],[[[141.1464,38.3457],[141.1464,38.3457],[141.1464,38.3457],[141.1464,38.3457]]],[[[141.1357,38.3469],[141.134,38.3475],[141.1355,38.3475],[141.1357,38.3469]]],[[[141.1437,38.3483],[141.1437,38.3482],[141.1437,38.3483],[141.1437,38.3483]]],[[[141.1591,38.3505],[141.1591,38.3505],[141.159,38.3506],[141.1591,38.3505]]],[[[141.1414,38.3506],[141.1414,38.3506],[141.1414,38.3506],[141.1414,38.3506]]],[[[141.1349,38.3592],[141.1349,38.3593],[141.1373,38.3592],[141.1349,38.3592]]],[[[141.1334,38.3592],[141.1334,38.3593],[141.1345,38.3592],[141.1334,38.3592]]],[[[141.1326,38.3599],[141.1327,38.3599],[141.1326,38.3594],[141.1326,38.3599]]],[[[141.1322,38.3601],[141.1322,38.3601],[141.1322,38.3601],[141.1322,38.3601]]],[[[141.1322,38.3602],[141.1322,38.3601],[141.1322,38.3602],[141.1322,38.3602]]],[[[141.1322,38.3602],[141.1322,38.3602],[141.1322,38.3602],[141.1322,38.3602]]],[[[141.1322,38.3616],[141.1312,38.3619],[141.1318,38.3623],[141.1322,38.3616]]],[[[141.162,38.3084],[141.162,38.3085],[141.1622,38.3084],[141.162,38.3084]]],[[[141.1653,38.3111],[141.1652,38.3112],[141.1653,38.3112],[141.1653,38.3111]]],[[[141.1647,38.3117],[141.1646,38.3118],[141.1648,38.3117],[141.1647,38.3117]]],[[[141.1603,38.313],[141.1602,38.3131],[141.1604,38.3131],[141.1603,38.313]]],[[[141.1634,38.3134],[141.1633,38.3134],[141.1634,38.3135],[141.1634,38.3134]]],[[[141.1638,38.3137],[141.1636,38.3137],[141.1638,38.3138],[141.1638,38.3137]]],[[[141.1636,38.3141],[141.1632,38.3135],[141.1621,38.3144],[141.1625,38.3151],[141.1636,38.3141]]],[[[141.1623,38.3154],[141.1623,38.3154],[141.1623,38.3154],[141.1623,38.3154]]],[[[141.1592,38.317],[141.1592,38.317],[141.1592,38.3171],[141.1592,38.317]]],[[[141.1592,38.3187],[141.1592,38.3187],[141.1591,38.3187],[141.1592,38.3187]]],[[[141.1605,38.3187],[141.1605,38.3187],[141.1606,38.3188],[141.1605,38.3187]]],[[[141.1605,38.3188],[141.1605,38.3188],[141.1605,38.3188],[141.1605,38.3188]]],[[[141.1595,38.32],[141.1595,38.32],[141.1596,38.32],[141.1595,38.32]]],[[[141.1599,38.3238],[141.1599,38.3238],[141.1599,38.3238],[141.1599,38.3238]]],[[[141.1671,38.3242],[141.167,38.3242],[141.167,38.3242],[141.1671,38.3242]]],[[[141.167,38.3244],[141.167,38.3244],[141.167,38.3244],[141.167,38.3244]]],[[[141.1599,38.3248],[141.1599,38.3247],[141.1599,38.3248],[141.1599,38.3248]]],[[[141.1593,38.3249],[141.1592,38.3249],[141.1592,38.3249],[141.1593,38.3249]]],[[[141.1594,38.325],[141.1594,38.325],[141.1594,38.325],[141.1594,38.325]]],[[[141.1593,38.3251],[141.1594,38.325],[141.1593,38.3251],[141.1593,38.3251]]],[[[141.16,38.3251],[141.1601,38.3251],[141.1601,38.325],[141.16,38.3251]]],[[[141.1613,38.3255],[141.1613,38.3255],[141.1613,38.3254],[141.1613,38.3255]]],[[[141.167,38.3257],[141.1671,38.3257],[141.1669,38.3256],[141.167,38.3257]]],[[[141.166,38.327],[141.1661,38.327],[141.166,38.327],[141.166,38.327]]],[[[141.1605,38.327],[141.1606,38.3273],[141.1607,38.3271],[141.1605,38.327]]],[[[141.1613,38.3275],[141.1612,38.3274],[141.1613,38.3275],[141.1613,38.3275]]],[[[141.1633,38.3275],[141.1633,38.3275],[141.1633,38.3275],[141.1633,38.3275]]],[[[141.1634,38.3275],[141.1634,38.3275],[141.1634,38.3275],[141.1634,38.3275]]],[[[141.1605,38.3447],[141.1605,38.3447],[141.1605,38.3447],[141.1605,38.3447]]],[[[141.1643,38.345],[141.1643,38.345],[141.1643,38.345],[141.1643,38.345]]],[[[141.1653,38.3463],[141.1652,38.3462],[141.1653,38.3463],[141.1653,38.3463]]],[[[141.1652,38.3463],[141.1652,38.3463],[141.1652,38.3463],[141.1652,38.3463]]],[[[141.1651,38.3463],[141.1651,38.3463],[141.1651,38.3463],[141.1651,38.3463]]],[[[141.166,38.3466],[141.166,38.3466],[141.166,38.3466],[141.166,38.3466]]],[[[141.1658,38.3466],[141.1659,38.3467],[141.1659,38.3466],[141.1658,38.3466]]],[[[141.1594,38.3498],[141.1593,38.3498],[141.1593,38.3498],[141.1594,38.3498]]],[[[141.1592,38.3506],[141.1592,38.3506],[141.1592,38.3506],[141.1592,38.3506]]],[[[141.1634,38.3514],[141.1637,38.3515],[141.1635,38.3513],[141.1634,38.3514]]],[[[141.1604,38.3517],[141.1604,38.3517],[141.1604,38.3517],[141.1604,38.3517]]],[[[141.1642,38.3532],[141.1642,38.3532],[141.1642,38.3532],[141.1642,38.3532]]],[[[141.1643,38.3533],[141.1644,38.3533],[141.1643,38.3532],[141.1643,38.3533]]],[[[141.1641,38.3533],[141.1641,38.3533],[141.1641,38.3533],[141.1641,38.3533]]],[[[141.1643,38.3533],[141.1643,38.3533],[141.1643,38.3533],[141.1643,38.3533]]],[[[141.1606,38.3536],[141.1604,38.3536],[141.1605,38.3537],[141.1606,38.3536]]],[[[141.1612,38.3539],[141.1612,38.3539],[141.1612,38.3539],[141.1612,38.3539]]],[[[141.1609,38.3541],[141.1609,38.3541],[141.161,38.3541],[141.1609,38.3541]]],[[[141.1639,38.3539],[141.1673,38.3545],[141.1673,38.3541],[141.1635,38.3534],[141.1625,38.3526],[141.1607,38.3525],[141.1601,38.353],[141.1617,38.3532],[141.1615,38.3543],[141.1628,38.3535],[141.1635,38.3549],[141.1629,38.3557],[141.1653,38.3552],[141.1642,38.355],[141.1639,38.3539]]],[[[141.1643,38.3545],[141.1643,38.3546],[141.1643,38.3546],[141.1643,38.3545]]],[[[141.1629,38.3553],[141.1629,38.3552],[141.1628,38.3552],[141.1629,38.3553]]],[[[141.1703,38.3235],[141.1702,38.3235],[141.1702,38.3235],[141.1703,38.3235]]],[[[141.1702,38.3236],[141.1701,38.3235],[141.1702,38.3236],[141.1702,38.3236]]],[[[141.1702,38.3236],[141.1703,38.3237],[141.1703,38.3236],[141.1702,38.3236]]],[[[141.1704,38.3237],[141.1704,38.3237],[141.1704,38.3237],[141.1704,38.3237]]],[[[141.1706,38.3239],[141.1706,38.3239],[141.1707,38.3239],[141.1706,38.3239]]],[[[141.1708,38.324],[141.1708,38.324],[141.1708,38.324],[141.1708,38.324]]],[[[141.1672,38.3241],[141.1671,38.3241],[141.167,38.3241],[141.1672,38.3241]]],[[[141.1671,38.3243],[141.1671,38.3243],[141.1671,38.3243],[141.1671,38.3243]]],[[[141.1671,38.3244],[141.1671,38.3244],[141.1671,38.3244],[141.1671,38.3244]]],[[[141.1708,38.3278],[141.1708,38.3278],[141.1708,38.3278],[141.1708,38.3278]]],[[[141.1708,38.328],[141.1707,38.328],[141.1708,38.3281],[141.1708,38.328]]],[[[141.1708,38.3281],[141.1708,38.3281],[141.1708,38.3281],[141.1708,38.3281]]],[[[141.1706,38.329],[141.1705,38.3289],[141.1706,38.329],[141.1706,38.329]]],[[[141.169,38.3299],[141.1691,38.3299],[141.169,38.3298],[141.169,38.3299]]],[[[141.1691,38.3301],[141.1693,38.3301],[141.1692,38.33],[141.1691,38.3301]]],[[[141.1694,38.3301],[141.1695,38.3302],[141.1698,38.3304],[141.1694,38.3301]]],[[[141.168,38.3308],[141.168,38.3308],[141.1679,38.3308],[141.168,38.3308]]],[[[141.168,38.331],[141.168,38.331],[141.168,38.3309],[141.168,38.331]]],[[[141.168,38.3311],[141.1682,38.3311],[141.1681,38.331],[141.168,38.3311]]],[[[141.1683,38.3312],[141.1682,38.3311],[141.1681,38.3311],[141.1683,38.3312]]],[[[141.1675,38.3317],[141.1676,38.3317],[141.1676,38.3316],[141.1675,38.3317]]],[[[141.1672,38.3325],[141.1675,38.3327],[141.1674,38.3325],[141.1672,38.3325]]],[[[141.169,38.3347],[141.1688,38.3348],[141.1691,38.3347],[141.169,38.3347]]],[[[141.1681,38.3407],[141.1681,38.3407],[141.1682,38.3407],[141.1681,38.3407]]],[[[141.1692,38.3437],[141.1692,38.3437],[141.1692,38.3437],[141.1692,38.3437]]],[[[141.1688,38.3478],[141.1687,38.3478],[141.1688,38.3478],[141.1688,38.3478]]],[[[141.1688,38.3479],[141.1688,38.3479],[141.1688,38.3479],[141.1688,38.3479]]],[[[141.1686,38.348],[141.1687,38.348],[141.1686,38.3479],[141.1686,38.348]]],[[[141.1694,38.348],[141.1694,38.3479],[141.1694,38.348],[141.1694,38.348]]],[[[141.1694,38.348],[141.1694,38.348],[141.1694,38.348],[141.1694,38.348]]],[[[141.1693,38.348],[141.1693,38.348],[141.1693,38.3481],[141.1693,38.348]]],[[[141.1702,38.3492],[141.1703,38.3492],[141.1701,38.3489],[141.1702,38.3492]]],[[[141.1702,38.3495],[141.1702,38.3495],[141.1703,38.3492],[141.1702,38.3495]]],[[[141.1698,38.3503],[141.1699,38.3503],[141.1699,38.3502],[141.1698,38.3503]]],[[[141.1685,38.3507],[141.1687,38.3505],[141.1684,38.3505],[141.1685,38.3507]]],[[[141.17,38.3503],[141.1702,38.3507],[141.1693,38.3518],[141.1707,38.3509],[141.17,38.3503]]],[[[141.1695,38.3513],[141.1695,38.3513],[141.1695,38.3514],[141.1695,38.3513]]],[[[141.1695,38.3514],[141.1695,38.3514],[141.1695,38.3514],[141.1695,38.3514]]],[[[141.1707,38.3516],[141.1708,38.3516],[141.1707,38.3516],[141.1707,38.3516]]],[[[141.1698,38.352],[141.1696,38.3521],[141.1697,38.3522],[141.1698,38.352]]],[[[141.1696,38.3522],[141.1696,38.3522],[141.1696,38.3522],[141.1696,38.3522]]],[[[141.1696,38.3523],[141.1695,38.3523],[141.1695,38.3524],[141.1696,38.3523]]],[[[141.1696,38.3523],[141.1697,38.3524],[141.1698,38.3523],[141.1696,38.3523]]],[[[141.1696,38.3524],[141.1696,38.3524],[141.1696,38.3524],[141.1696,38.3524]]],[[[141.1697,38.3524],[141.1697,38.3524],[141.1697,38.3524],[141.1697,38.3524]]],[[[141.1693,38.3525],[141.1693,38.3525],[141.1693,38.3525],[141.1693,38.3525]]],[[[141.1693,38.3529],[141.1698,38.3529],[141.1695,38.3525],[141.1693,38.3529]]],[[[141.1698,38.3528],[141.1699,38.3527],[141.1699,38.3527],[141.1698,38.3528]]],[[[141.1673,38.3539],[141.1673,38.3539],[141.1673,38.3539],[141.1673,38.3539]]],[[[141.1727,38.3227],[141.1726,38.3226],[141.1726,38.3226],[141.1727,38.3227]]],[[[141.1725,38.3229],[141.1725,38.3229],[141.1725,38.3229],[141.1725,38.3229]]],[[[141.1727,38.3229],[141.1727,38.3229],[141.1726,38.3229],[141.1727,38.3229]]],[[[141.1726,38.3229],[141.1726,38.3229],[141.1727,38.3229],[141.1726,38.3229]]],[[[141.1726,38.3229],[141.1726,38.3229],[141.1726,38.323],[141.1726,38.3229]]],[[[141.1727,38.323],[141.1727,38.323],[141.1727,38.323],[141.1727,38.323]]],[[[141.1712,38.3231],[141.1711,38.3229],[141.1711,38.3231],[141.1712,38.3231]]],[[[141.1709,38.3231],[141.1709,38.3232],[141.1709,38.3231],[141.1709,38.3231]]],[[[141.1726,38.3233],[141.1726,38.3232],[141.1726,38.3233],[141.1726,38.3233]]],[[[141.1725,38.3233],[141.1723,38.3233],[141.1725,38.3233],[141.1725,38.3233]]],[[[141.1724,38.3234],[141.1723,38.3234],[141.1723,38.3235],[141.1724,38.3234]]],[[[141.1715,38.3235],[141.1714,38.3236],[141.1715,38.3236],[141.1715,38.3235]]],[[[141.1714,38.3236],[141.1714,38.3236],[141.1715,38.3236],[141.1714,38.3236]]],[[[141.1715,38.3236],[141.1715,38.3236],[141.1715,38.3236],[141.1715,38.3236]]],[[[141.1716,38.3237],[141.1716,38.3236],[141.1716,38.3237],[141.1716,38.3237]]],[[[141.1722,38.3237],[141.1722,38.3238],[141.1722,38.3237],[141.1722,38.3237]]],[[[141.171,38.3237],[141.171,38.3237],[141.171,38.3238],[141.171,38.3237]]],[[[141.171,38.3238],[141.171,38.3238],[141.171,38.3239],[141.171,38.3238]]],[[[141.1719,38.3238],[141.1719,38.3239],[141.172,38.3239],[141.1719,38.3238]]],[[[141.1709,38.324],[141.1708,38.324],[141.1709,38.3241],[141.1709,38.324]]],[[[141.1735,38.3257],[141.1734,38.3256],[141.1734,38.3257],[141.1735,38.3257]]],[[[141.1734,38.3257],[141.1734,38.3257],[141.1734,38.3257],[141.1734,38.3257]]],[[[141.1756,38.3259],[141.1755,38.3258],[141.1755,38.326],[141.1756,38.3259]]],[[[141.1755,38.326],[141.1754,38.3262],[141.1756,38.3261],[141.1755,38.326]]],[[[141.1751,38.3264],[141.1752,38.3264],[141.1752,38.3263],[141.1751,38.3264]]],[[[141.1721,38.3268],[141.1722,38.3268],[141.1723,38.3267],[141.1721,38.3268]]],[[[141.172,38.3268],[141.172,38.3268],[141.1721,38.3268],[141.172,38.3268]]],[[[141.1733,38.3272],[141.1729,38.3269],[141.1733,38.3272],[141.1733,38.3272]]],[[[141.1713,38.3277],[141.1712,38.3277],[141.1713,38.3277],[141.1713,38.3277]]],[[[141.1712,38.3277],[141.1711,38.3277],[141.1711,38.3277],[141.1712,38.3277]]],[[[141.1709,38.3278],[141.1709,38.3278],[141.1709,38.3278],[141.1709,38.3278]]],[[[141.1707,38.3279],[141.171,38.3283],[141.1711,38.328],[141.1707,38.3279]]],[[[141.1711,38.3284],[141.1719,38.3288],[141.1713,38.3284],[141.1711,38.3284]]],[[[141.1748,38.3352],[141.1747,38.3351],[141.1747,38.3351],[141.1748,38.3352]]],[[[141.1728,38.3402],[141.1726,38.3404],[141.1729,38.3409],[141.1728,38.3402]]],[[[141.173,38.3415],[141.1729,38.3414],[141.1729,38.3415],[141.173,38.3415]]],[[[141.1731,38.3415],[141.1732,38.3416],[141.1732,38.3415],[141.1731,38.3415]]],[[[141.1718,38.3449],[141.1719,38.3449],[141.1718,38.3449],[141.1718,38.3449]]],[[[141.1725,38.3451],[141.1721,38.3452],[141.1723,38.3454],[141.1725,38.3451]]],[[[141.1718,38.3471],[141.1721,38.3469],[141.172,38.3456],[141.1718,38.3471]]],[[[141.1723,38.3466],[141.1723,38.3465],[141.1723,38.3466],[141.1723,38.3466]]],[[[141.1723,38.3466],[141.1723,38.3466],[141.1724,38.3467],[141.1723,38.3466]]],[[[141.1763,38.347],[141.1763,38.3468],[141.1762,38.347],[141.1763,38.347]]],[[[141.1763,38.3471],[141.1763,38.3471],[141.1763,38.3471],[141.1763,38.3471]]],[[[141.1763,38.3471],[141.1763,38.3472],[141.1763,38.3472],[141.1763,38.3471]]],[[[141.1759,38.3475],[141.1761,38.3476],[141.1762,38.3471],[141.1759,38.3475]]],[[[141.175,38.3478],[141.175,38.3478],[141.1751,38.3479],[141.175,38.3478]]],[[[141.1763,38.3509],[141.1762,38.3509],[141.1763,38.3509],[141.1763,38.3509]]],[[[141.1759,38.3745],[141.1758,38.3744],[141.1759,38.3745],[141.1759,38.3745]]],[[[141.1797,38.3137],[141.1796,38.3139],[141.1798,38.3137],[141.1797,38.3137]]],[[[141.1803,38.3142],[141.1802,38.3142],[141.1803,38.3142],[141.1803,38.3142]]],[[[141.1795,38.3143],[141.1796,38.3143],[141.1795,38.3141],[141.1795,38.3143]]],[[[141.1847,38.315],[141.1847,38.3148],[141.1846,38.3149],[141.1847,38.315]]],[[[141.1847,38.315],[141.1848,38.3151],[141.1848,38.315],[141.1847,38.315]]],[[[141.1847,38.3151],[141.1847,38.315],[141.1847,38.3151],[141.1847,38.3151]]],[[[141.1845,38.3152],[141.1847,38.3152],[141.1845,38.3152],[141.1845,38.3152]]],[[[141.1887,38.3152],[141.1888,38.3153],[141.1888,38.3152],[141.1887,38.3152]]],[[[141.1846,38.3152],[141.1845,38.3152],[141.1845,38.3153],[141.1846,38.3152]]],[[[141.1849,38.3154],[141.1849,38.3154],[141.185,38.3153],[141.1849,38.3154]]],[[[141.1847,38.3154],[141.1846,38.3154],[141.1847,38.3155],[141.1847,38.3154]]],[[[141.1842,38.3155],[141.1841,38.3155],[141.1842,38.3156],[141.1842,38.3155]]],[[[141.1876,38.3156],[141.1876,38.3155],[141.1876,38.3156],[141.1876,38.3156]]],[[[141.178,38.3156],[141.178,38.3156],[141.178,38.3156],[141.178,38.3156]]],[[[141.1778,38.3156],[141.1779,38.3156],[141.1778,38.3156],[141.1778,38.3156]]],[[[141.1876,38.3156],[141.1876,38.3156],[141.1876,38.3157],[141.1877,38.3157],[141.1876,38.3156]]],[[[141.1853,38.3156],[141.1851,38.3157],[141.1855,38.3157],[141.1853,38.3156]]],[[[141.1872,38.3153],[141.1852,38.315],[141.1865,38.3159],[141.1863,38.3171],[141.1872,38.3153]]],[[[141.1783,38.32],[141.1783,38.3202],[141.1785,38.32],[141.1783,38.32]]],[[[141.1768,38.3209],[141.1767,38.3209],[141.1768,38.321],[141.1768,38.3209]]],[[[141.1769,38.321],[141.1768,38.3209],[141.1769,38.321],[141.1769,38.321]]],[[[141.1769,38.321],[141.1769,38.321],[141.1769,38.321],[141.1769,38.321]]],[[[141.1768,38.321],[141.1768,38.321],[141.1768,38.321],[141.1768,38.321]]],[[[141.1773,38.3217],[141.1772,38.3217],[141.1773,38.3218],[141.1773,38.3217]]],[[[141.1772,38.3224],[141.1772,38.3223],[141.1772,38.3224],[141.1772,38.3224]]],[[[141.177,38.3225],[141.177,38.3225],[141.177,38.3225],[141.177,38.3225]]],[[[141.1812,38.3236],[141.1812,38.3235],[141.1811,38.3236],[141.1812,38.3236]]],[[[141.1806,38.3237],[141.1805,38.3237],[141.1806,38.3237],[141.1806,38.3237]]],[[[141.1784,38.3241],[141.1783,38.3241],[141.1784,38.3242],[141.1784,38.3241]]],[[[141.1785,38.3242],[141.1785,38.3242],[141.1785,38.3242],[141.1785,38.3242]]],[[[141.1781,38.3242],[141.1781,38.3242],[141.1781,38.3243],[141.1781,38.3242]]],[[[141.1782,38.3243],[141.1781,38.3243],[141.1782,38.3244],[141.1782,38.3243]]],[[[141.1798,38.3244],[141.1797,38.3246],[141.1799,38.3245],[141.1798,38.3244]]],[[[141.1789,38.3248],[141.1789,38.3248],[141.1789,38.3247],[141.1789,38.3248]]],[[[141.1774,38.3252],[141.1776,38.3253],[141.1775,38.3252],[141.1774,38.3252]]],[[[141.1767,38.3253],[141.1767,38.3253],[141.1766,38.3253],[141.1767,38.3253]]],[[[141.1763,38.3257],[141.1762,38.3257],[141.1764,38.326],[141.1763,38.3257]]],[[[141.1785,38.3445],[141.1784,38.3445],[141.1785,38.3447],[141.1785,38.3445]]],[[[141.179,38.3448],[141.1789,38.3448],[141.179,38.3449],[141.179,38.3448]]],[[[141.1793,38.3449],[141.1793,38.345],[141.1794,38.3449],[141.1793,38.3449]]],[[[141.178,38.3449],[141.1779,38.3451],[141.1781,38.345],[141.178,38.3449]]],[[[141.1776,38.3452],[141.1774,38.3453],[141.1775,38.3454],[141.1776,38.3452]]],[[[141.1772,38.3456],[141.177,38.3455],[141.1771,38.3457],[141.1772,38.3456]]],[[[141.1769,38.3457],[141.1768,38.3458],[141.177,38.3458],[141.1769,38.3457]]],[[[141.1769,38.3463],[141.1769,38.3461],[141.1766,38.3462],[141.1769,38.3463]]],[[[141.1765,38.3468],[141.1764,38.3468],[141.1765,38.3468],[141.1765,38.3468]]],[[[141.1765,38.3469],[141.1764,38.3469],[141.1765,38.3469],[141.1765,38.3469]]],[[[141.1764,38.3511],[141.1763,38.3511],[141.1765,38.3512],[141.1764,38.3511]]],[[[141.2432,38.4045],[141.2334,38.4011],[141.2312,38.4013],[141.2235,38.3984],[141.2238,38.3975],[141.2227,38.3981],[141.2163,38.3957],[141.2144,38.3948],[141.2148,38.394],[141.2126,38.3942],[141.1929,38.3852],[141.1883,38.3827],[141.1888,38.3822],[141.1807,38.3786],[141.1799,38.3772],[141.1786,38.3779],[141.174,38.3756],[141.1738,38.3742],[141.1665,38.3704],[141.1607,38.3647],[141.1585,38.359],[141.159,38.3535],[141.1493,38.3584],[141.1451,38.3591],[141.1442,38.3603],[141.141,38.3593],[141.1387,38.3597],[141.1388,38.361],[141.1324,38.36],[141.1322,38.3615],[141.1354,38.3651],[141.1378,38.3719],[141.1311,38.3783],[141.1318,38.3785],[141.1264,38.3799],[141.1269,38.3821],[141.1233,38.3859],[141.1243,38.3902],[141.122,38.3936],[141.1194,38.3926],[141.1196,38.3963],[141.1148,38.399],[141.112,38.3972],[141.1108,38.3933],[141.1082,38.3955],[141.1068,38.4002],[141.1016,38.4036],[141.1,38.4031],[141.0989,38.4051],[141.1002,38.4055],[141.1001,38.4068],[141.0991,38.4084],[141.0941,38.4082],[141.0998,38.4143],[141.1041,38.4122],[141.1074,38.413],[141.1087,38.4122],[141.1272,38.4218],[141.124,38.4239],[141.1222,38.431],[141.1153,38.4366],[141.1173,38.4419],[141.1153,38.4445],[141.1159,38.4453],[141.1189,38.4452],[141.1279,38.4499],[141.1308,38.4464],[141.1249,38.4435],[141.1238,38.4413],[141.1288,38.4382],[141.1321,38.4388],[141.1306,38.442],[141.1312,38.4428],[141.135,38.442],[141.1394,38.4438],[141.1389,38.4443],[141.1478,38.4505],[141.1495,38.4492],[141.154,38.4511],[141.1555,38.45],[141.1603,38.4528],[141.1627,38.4514],[141.1667,38.4533],[141.169,38.4529],[141.1718,38.4554],[141.1739,38.4541],[141.1758,38.455],[141.1739,38.4585],[141.166,38.4606],[141.1665,38.4614],[141.1785,38.4614],[141.1798,38.4594],[141.1821,38.4586],[141.1895,38.4601],[141.1934,38.4577],[141.1915,38.4555],[141.1916,38.4539],[141.1943,38.4532],[141.1931,38.45],[141.196,38.4493],[141.1988,38.4509],[141.1996,38.4532],[141.2024,38.4505],[141.2027,38.4522],[141.2058,38.4543],[141.2072,38.4529],[141.2086,38.4542],[141.2077,38.4574],[141.2124,38.4594],[141.2152,38.4577],[141.2155,38.4607],[141.224,38.4597],[141.2262,38.4724],[141.2369,38.4681],[141.236,38.4575],[141.2391,38.456],[141.2419,38.4521],[141.2417,38.446],[141.2457,38.4464],[141.2459,38.4445],[141.2554,38.445],[141.2588,38.4336],[141.258,38.4274],[141.2524,38.4263],[141.2486,38.4269],[141.2469,38.42],[141.249,38.4153],[141.2479,38.411],[141.2483,38.4057],[141.2437,38.4046],[141.244,38.4037],[141.2432,38.4045]]]]}},{"type":"Feature","properties":{"code":"04361","name":"亘理町","pref_code":"04","pref":"宮城県"},"geometry":{"type":"Polygon","coordinates":[[[140.8775,38.0958],[140.887,38.0948],[140.8904,38.0932],[140.9082,38.0767],[140.9101,38.0711],[140.9064,38.0607],[140.9069,38.0552],[140.9095,38.0523],[140.922,38.047],[140.9226,38.0349],[140.9261,38.0352],[140.9226,38.0339],[140.9253,38.0344],[140.9278,38.0343],[140.9226,38.0338],[140.9194,38.0264],[140.9175,38.0185],[140.9181,38.0152],[140.9163,38.01],[140.9165,38.0027],[140.9153,38.0003],[140.9164,37.999],[140.9152,37.9936],[140.8988,37.9933],[140.8899,37.9951],[140.8895,37.9935],[140.8848,37.9928],[140.8857,37.9896],[140.8795,37.989],[140.8777,38.001],[140.8714,37.9992],[140.8708,38.001],[140.8652,38.0009],[140.8615,38.0002],[140.8605,37.9978],[140.8584,37.9974],[140.8583,37.9964],[140.843,37.9917],[140.8403,37.9966],[140.8414,37.9999],[140.8392,38.0015],[140.8411,38.0074],[140.8391,38.0102],[140.8392,38.0183],[140.8354,38.0214],[140.8351,38.0233],[140.8319,38.0253],[140.8295,38.0312],[140.8304,38.035],[140.8286,38.0372],[140.8281,38.0422],[140.8309,38.0477],[140.8299,38.0486],[140.83,38.0508],[140.831,38.0516],[140.8299,38.055],[140.8301,38.0602],[140.8261,38.0661],[140.8269,38.0717],[140.8263,38.0754],[140.8231,38.0772],[140.8297,38.082],[140.8345,38.0837],[140.8453,38.0802],[140.8576,38.0816],[140.8637,38.0846],[140.8668,38.0909],[140.8697,38.0943],[140.8775,38.0958]]]}},{"type":"Feature","properties":{"code":"04362","name":"山元町","pref_code":"04","pref":"宮城県"},"geometry":{"type":"Polygon","coordinates":[[[140.871,38.0005],[140.8714,37.9992],[140.8777,38.001],[140.8795,37.989],[140.8857,37.9896],[140.8848,37.9928],[140.8895,37.9935],[140.8899,37.9951],[140.8988,37.9933],[140.9151,37.9936],[140.9148,37.9761],[140.9151,37.9744],[140.9166,37.9742],[140.915,37.973],[140.915,37.9664],[140.9169,37.9654],[140.9158,37.9652],[140.9155,37.9621],[140.9164,37.9571],[140.9176,37.9564],[140.9167,37.9556],[140.918,37.9475],[140.9196,37.9475],[140.9181,37.947],[140.9195,37.9385],[140.9209,37.9385],[140.9195,37.9384],[140.92,37.9314],[140.9208,37.9296],[140.9219,37.9297],[140.9208,37.9293],[140.9215,37.9252],[140.9237,37.9253],[140.9216,37.9243],[140.9221,37.9215],[140.9245,37.9212],[140.9246,37.9201],[140.9224,37.9197],[140.9231,37.9155],[140.9241,37.9154],[140.923,37.9153],[140.9237,37.9123],[140.9258,37.9126],[140.9261,37.9117],[140.9244,37.9106],[140.9249,37.908],[140.9273,37.908],[140.9275,37.9074],[140.9254,37.9067],[140.9268,37.9032],[140.9296,37.9041],[140.9274,37.9033],[140.9284,37.902],[140.9299,37.9022],[140.9286,37.9017],[140.9293,37.9004],[140.9308,37.9008],[140.93,37.9044],[140.9315,37.904],[140.9306,37.9021],[140.9317,37.9001],[140.931,37.9004],[140.9304,37.9001],[140.9311,37.8962],[140.9241,37.895],[140.9237,37.8921],[140.9202,37.892],[140.9196,37.8946],[140.9149,37.898],[140.9119,37.8966],[140.9011,37.8976],[140.8997,37.9],[140.9002,37.9043],[140.8965,37.9025],[140.8907,37.9024],[140.88,37.8975],[140.8702,37.8964],[140.8641,37.893],[140.8562,37.8909],[140.8564,37.8923],[140.8593,37.8952],[140.8575,37.8979],[140.8582,37.9019],[140.8562,37.9045],[140.8572,37.9064],[140.8549,37.908],[140.853,37.9115],[140.8509,37.9122],[140.8508,37.9143],[140.852,37.917],[140.8549,37.9183],[140.8554,37.9202],[140.8541,37.922],[140.8567,37.9278],[140.8526,37.934],[140.8525,37.9362],[140.8507,37.9376],[140.8526,37.9393],[140.8514,37.9422],[140.8529,37.9436],[140.8538,37.9484],[140.8515,37.9511],[140.8528,37.9549],[140.8515,37.957],[140.8536,37.9612],[140.8525,37.9655],[140.8533,37.9665],[140.8509,37.9715],[140.8505,37.9774],[140.8479,37.9803],[140.8476,37.9842],[140.8433,37.9895],[140.843,37.9917],[140.8583,37.9964],[140.8584,37.9974],[140.8605,37.9978],[140.862,38.0004],[140.871,38.0005]]]}},{"type":"Feature","properties":{"code":"04401","name":"松島町","pref_code":"04","pref":"宮城県"},"geometry":{"type":"MultiPolygon","coordinates":[[[[141.0673,38.35],[141.0674,38.35],[141.0675,38.3499],[141.0673,38.35]]],[[[141.0685,38.3503],[141.0682,38.3502],[141.0682,38.3502],[141.0685,38.3503]]],[[[141.063,38.3509],[141.0634,38.3503],[141.0627,38.3506],[141.063,38.3509]]],[[[141.0622,38.3515],[141.0622,38.3515],[141.0621,38.3515],[141.0622,38.3515]]],[[[141.0694,38.3556],[141.0696,38.3557],[141.07,38.3553],[141.0694,38.3556]]],[[[141.0673,38.3562],[141.0668,38.3555],[141.0663,38.3559],[141.0673,38.3562]]],[[[141.0658,38.3557],[141.0654,38.3559],[141.0654,38.356],[141.0658,38.3557]]],[[[141.0656,38.3559],[141.0656,38.3559],[141.0656,38.3558],[141.0656,38.3559]]],[[[141.0664,38.3567],[141.0662,38.3568],[141.0664,38.357],[141.0664,38.3567]]],[[[141.0637,38.3574],[141.0634,38.3574],[141.0637,38.3576],[141.0637,38.3574]]],[[[141.0721,38.363],[141.0721,38.363],[141.0722,38.363],[141.0721,38.363]]],[[[141.0719,38.363],[141.0719,38.3631],[141.0719,38.3631],[141.0719,38.363]]],[[[141.0718,38.363],[141.0717,38.3631],[141.0718,38.3631],[141.0718,38.363]]],[[[141.0711,38.3637],[141.0711,38.3629],[141.0708,38.363],[141.0711,38.3637]]],[[[141.0732,38.3633],[141.0721,38.3631],[141.073,38.364],[141.0732,38.3633]]],[[[141.0732,38.3637],[141.0732,38.3637],[141.0731,38.3637],[141.0732,38.3637]]],[[[141.065,38.3643],[141.0648,38.3643],[141.0647,38.3644],[141.065,38.3643]]],[[[141.0647,38.3645],[141.0645,38.3647],[141.0645,38.3649],[141.0647,38.3645]]],[[[141.0684,38.3654],[141.0682,38.3648],[141.0679,38.3649],[141.0684,38.3654]]],[[[141.0621,38.3655],[141.0628,38.3663],[141.063,38.3652],[141.0628,38.3642],[141.0621,38.3655]]],[[[141.0716,38.3674],[141.072,38.3684],[141.073,38.3655],[141.0698,38.3658],[141.0692,38.3679],[141.07,38.3679],[141.0702,38.3688],[141.0716,38.3674]]],[[[141.0619,38.3672],[141.0618,38.3675],[141.062,38.3674],[141.0619,38.3672]]],[[[141.0734,38.3675],[141.0734,38.3676],[141.0734,38.3675],[141.0734,38.3675]]],[[[141.0699,38.3685],[141.07,38.3685],[141.07,38.3685],[141.0699,38.3685]]],[[[141.0699,38.3686],[141.07,38.3686],[141.07,38.3686],[141.0699,38.3686]]],[[[141.0644,38.3699],[141.0641,38.3697],[141.064,38.3698],[141.0644,38.3699]]],[[[141.0643,38.3699],[141.0641,38.3701],[141.0643,38.37],[141.0643,38.3699]]],[[[141.0643,38.3701],[141.0642,38.3702],[141.0644,38.3703],[141.0643,38.3701]]],[[[141.0715,38.3705],[141.0715,38.3705],[141.0711,38.3701],[141.0715,38.3705]]],[[[141.0724,38.3714],[141.0724,38.3714],[141.0717,38.3707],[141.0724,38.3714]]],[[[141.1153,38.4368],[141.1222,38.431],[141.124,38.4239],[141.1272,38.4218],[141.1087,38.4122],[141.1074,38.413],[141.1041,38.4122],[141.0998,38.4143],[141.0941,38.4082],[141.0991,38.4084],[141.1001,38.4068],[141.1002,38.4055],[141.0989,38.4051],[141.1,38.4031],[141.1016,38.4036],[141.1068,38.4002],[141.1082,38.3955],[141.1108,38.3933],[141.1124,38.3976],[141.1145,38.399],[141.1167,38.3987],[141.1196,38.3963],[141.1194,38.3926],[141.1218,38.3938],[141.1226,38.3914],[141.1242,38.3907],[141.1233,38.3859],[141.127,38.382],[141.1264,38.3798],[141.125,38.38],[141.1242,38.3787],[141.123,38.3803],[141.1222,38.3801],[141.1213,38.3794],[141.1212,38.379],[141.1211,38.3787],[141.1208,38.3787],[141.1198,38.3806],[141.1166,38.3815],[141.1155,38.3806],[141.1148,38.382],[141.1105,38.384],[141.1098,38.3834],[141.1096,38.3848],[141.1072,38.3862],[141.1056,38.3858],[141.1074,38.3834],[141.1079,38.38],[141.1118,38.3791],[141.112,38.3775],[141.1131,38.3783],[141.114,38.3766],[141.1163,38.3761],[141.1134,38.3745],[141.111,38.3765],[141.1075,38.3755],[141.1071,38.3728],[141.108,38.371],[141.1083,38.371],[141.1083,38.3708],[141.1087,38.3704],[141.1061,38.3702],[141.1053,38.368],[141.1037,38.3688],[141.105,38.3697],[141.1047,38.3705],[141.1025,38.3703],[141.1039,38.3713],[141.1037,38.3727],[141.1024,38.3723],[141.1023,38.3736],[141.0996,38.375],[141.0985,38.3747],[141.0991,38.3731],[141.0979,38.3748],[141.0966,38.3747],[141.0962,38.3761],[141.0999,38.3757],[141.0987,38.3785],[141.0906,38.3789],[141.0879,38.3817],[141.0828,38.3806],[141.0815,38.3789],[141.0818,38.3788],[141.0815,38.3787],[141.0818,38.378],[141.0815,38.3767],[141.0815,38.3786],[141.0778,38.3778],[141.077,38.379],[141.0744,38.3779],[141.0712,38.3727],[141.0721,38.3721],[141.0714,38.3726],[141.0686,38.37],[141.0644,38.3704],[141.0616,38.3691],[141.0608,38.3673],[141.0622,38.365],[141.0613,38.3618],[141.0633,38.3572],[141.0622,38.3565],[141.0632,38.3558],[141.0622,38.3544],[141.0645,38.3554],[141.0651,38.3525],[141.0667,38.3524],[141.0652,38.3508],[141.0594,38.3529],[141.0594,38.3506],[141.054,38.3529],[141.0514,38.3556],[141.0496,38.3553],[141.0498,38.3593],[141.0476,38.3618],[141.0454,38.3681],[141.0443,38.3682],[141.0433,38.3732],[141.0344,38.3701],[141.0316,38.3676],[141.0232,38.3711],[141.0213,38.3706],[141.0219,38.3716],[141.019,38.371],[141.0172,38.3722],[141.0195,38.3756],[141.0252,38.3786],[141.0261,38.3855],[141.0324,38.3923],[141.0333,38.395],[141.0369,38.3991],[141.0371,38.4029],[141.0389,38.4038],[141.0401,38.4064],[141.0435,38.4059],[141.0468,38.4089],[141.0473,38.4102],[141.0453,38.4137],[141.0495,38.4157],[141.0479,38.4184],[141.0523,38.4227],[141.053,38.4265],[141.0556,38.4285],[141.0567,38.4322],[141.0606,38.4328],[141.0618,38.4347],[141.0614,38.4377],[141.0636,38.4378],[141.0603,38.4388],[141.0598,38.4444],[141.0609,38.4446],[141.0607,38.4455],[141.0675,38.4471],[141.0677,38.4459],[141.069,38.4459],[141.0687,38.4482],[141.0809,38.4497],[141.0876,38.4458],[141.0977,38.445],[141.0994,38.4423],[141.1008,38.4425],[141.1015,38.4443],[141.1022,38.4422],[141.1057,38.4433],[141.1087,38.4423],[141.111,38.4436],[141.113,38.4416],[141.1163,38.4433],[141.1172,38.4426],[141.1153,38.4368]]],[[[141.0738,38.362],[141.0739,38.362],[141.0738,38.362],[141.0738,38.362]]],[[[141.0747,38.3624],[141.0746,38.3622],[141.0744,38.3626],[141.0747,38.3624]]],[[[141.0787,38.3624],[141.0787,38.3622],[141.0783,38.3626],[141.0787,38.3624]]],[[[141.0785,38.3631],[141.0785,38.3631],[141.0785,38.3631],[141.0785,38.3631]]],[[[141.0785,38.3631],[141.0785,38.3631],[141.0785,38.3631],[141.0785,38.3631]]],[[[141.0761,38.3644],[141.0757,38.3654],[141.0777,38.3639],[141.0775,38.3652],[141.0785,38.3631],[141.0785,38.3631],[141.077,38.3623],[141.0749,38.3636],[141.0761,38.3644]]],[[[141.0796,38.364],[141.0797,38.3645],[141.0805,38.364],[141.0796,38.364]]],[[[141.0751,38.3643],[141.0751,38.3642],[141.0751,38.3643],[141.0751,38.3643]]],[[[141.0803,38.3645],[141.0803,38.3646],[141.0803,38.3646],[141.0803,38.3645]]],[[[141.081,38.3647],[141.0815,38.3645],[141.081,38.3644],[141.081,38.3647]]],[[[141.0773,38.3655],[141.0771,38.3656],[141.0771,38.3657],[141.0773,38.3655]]],[[[141.0733,38.3658],[141.0733,38.3658],[141.0744,38.3656],[141.0733,38.3658]]],[[[141.0813,38.3666],[141.0813,38.3667],[141.0814,38.3667],[141.0813,38.3666]]],[[[141.0813,38.3667],[141.0813,38.3667],[141.0813,38.3667],[141.0813,38.3667]]],[[[141.079,38.3667],[141.0789,38.3667],[141.0789,38.3667],[141.079,38.3667]]],[[[141.0814,38.3671],[141.0814,38.3671],[141.0815,38.3671],[141.0814,38.3671]]],[[[141.0734,38.3674],[141.0734,38.3674],[141.0734,38.3674],[141.0734,38.3674]]],[[[141.0742,38.3673],[141.0735,38.3674],[141.0734,38.3676],[141.0742,38.3673]]],[[[141.0734,38.3676],[141.0734,38.3676],[141.0734,38.3676],[141.0734,38.3676]]],[[[141.0735,38.3676],[141.0735,38.3676],[141.0735,38.3676],[141.0735,38.3676]]],[[[141.0767,38.3697],[141.0767,38.3697],[141.0767,38.3697],[141.0767,38.3697]]],[[[141.075,38.3699],[141.075,38.3699],[141.075,38.37],[141.075,38.3699]]],[[[141.0769,38.3699],[141.075,38.3698],[141.0763,38.37],[141.0766,38.3701],[141.0769,38.3699]]],[[[141.075,38.37],[141.075,38.37],[141.075,38.37],[141.075,38.37]]],[[[141.0763,38.37],[141.0763,38.3701],[141.0763,38.3701],[141.0763,38.37]]],[[[141.076,38.3702],[141.076,38.3703],[141.076,38.3703],[141.076,38.3702]]],[[[141.0759,38.3704],[141.0759,38.3703],[141.0759,38.3704],[141.0759,38.3704]]],[[[141.0758,38.3704],[141.0758,38.3704],[141.0759,38.3704],[141.0758,38.3704]]],[[[141.0758,38.3704],[141.0758,38.3704],[141.0758,38.3704],[141.0758,38.3704]]],[[[141.0749,38.3701],[141.0749,38.37],[141.0726,38.3717],[141.0749,38.3701]]],[[[141.0771,38.3772],[141.0818,38.376],[141.0802,38.3764],[141.0796,38.3749],[141.0824,38.3758],[141.0806,38.3746],[141.0758,38.3759],[141.075,38.3769],[141.0771,38.3772]]],[[[141.0894,38.3646],[141.0892,38.364],[141.0888,38.3644],[141.0894,38.3646]]],[[[141.0887,38.3644],[141.0887,38.3645],[141.0887,38.3644],[141.0887,38.3644]]],[[[141.0887,38.3645],[141.0887,38.3645],[141.0886,38.3646],[141.0887,38.3645]]],[[[141.0859,38.3646],[141.0859,38.3646],[141.0859,38.3646],[141.0859,38.3646]]],[[[141.0818,38.3648],[141.0819,38.3648],[141.0819,38.3648],[141.0818,38.3648]]],[[[141.085,38.3644],[141.0819,38.3643],[141.0818,38.3643],[141.0818,38.3644],[141.0819,38.3646],[141.0818,38.3649],[141.0811,38.3654],[141.0812,38.3661],[141.0796,38.3667],[141.0814,38.3666],[141.0819,38.3653],[141.0827,38.3647],[141.0846,38.3654],[141.0849,38.3649],[141.0854,38.3652],[141.0855,38.3647],[141.0858,38.3645],[141.0864,38.3645],[141.0873,38.3657],[141.0876,38.3651],[141.0881,38.3651],[141.0882,38.3648],[141.0851,38.3634],[141.085,38.3644]]],[[[141.0877,38.3653],[141.0877,38.3652],[141.0877,38.3653],[141.0877,38.3653]]],[[[141.0823,38.3653],[141.0823,38.3653],[141.0823,38.3653],[141.0823,38.3653]]],[[[141.0818,38.3657],[141.0819,38.3658],[141.0819,38.3657],[141.0818,38.3657]]],[[[141.0815,38.367],[141.0814,38.367],[141.0816,38.367],[141.0815,38.367]]],[[[141.1096,38.3695],[141.1096,38.3696],[141.1096,38.3695],[141.1096,38.3695]]],[[[141.1061,38.3698],[141.1061,38.3698],[141.1061,38.3698],[141.1061,38.3698]]],[[[141.1073,38.37],[141.1073,38.3701],[141.1073,38.3701],[141.1073,38.37]]],[[[141.1087,38.3705],[141.1087,38.3705],[141.1087,38.3705],[141.1087,38.3705]]],[[[141.1084,38.3709],[141.1083,38.3709],[141.1083,38.3709],[141.1084,38.3709]]],[[[141.1081,38.3713],[141.1081,38.3713],[141.1081,38.3713],[141.1081,38.3713]]],[[[141.1007,38.3715],[141.1008,38.3715],[141.1008,38.3715],[141.1007,38.3715]]],[[[141.1003,38.3719],[141.1003,38.3719],[141.1003,38.3719],[141.1003,38.3719]]],[[[141.1011,38.3719],[141.1011,38.372],[141.1011,38.372],[141.1011,38.3719]]],[[[141.101,38.372],[141.1011,38.372],[141.1011,38.372],[141.101,38.372]]],[[[141.1006,38.3721],[141.1006,38.3721],[141.1007,38.3721],[141.1006,38.3721]]],[[[141.101,38.3722],[141.1011,38.3722],[141.1011,38.3722],[141.101,38.3722]]],[[[141.1006,38.3715],[141.1012,38.373],[141.101,38.3723],[141.101,38.3716],[141.1006,38.3715]]],[[[141.101,38.3723],[141.1011,38.3723],[141.1011,38.3723],[141.101,38.3723]]],[[[141.1012,38.3729],[141.1012,38.3729],[141.1012,38.3729],[141.1012,38.3729]]],[[[141.0987,38.3732],[141.0987,38.3732],[141.0987,38.3731],[141.0987,38.3732]]],[[[141.0987,38.3732],[141.0987,38.3732],[141.0988,38.3732],[141.0987,38.3732]]],[[[141.0983,38.3736],[141.0983,38.3736],[141.0983,38.3736],[141.0983,38.3736]]],[[[141.1018,38.3736],[141.1018,38.3736],[141.1018,38.3736],[141.1018,38.3736]]],[[[141.0983,38.3736],[141.0983,38.3736],[141.0983,38.3736],[141.0983,38.3736]]],[[[141.0969,38.3742],[141.0969,38.3742],[141.0969,38.3742],[141.0969,38.3742]]],[[[141.1097,38.3684],[141.1106,38.3687],[141.1099,38.3684],[141.1096,38.3672],[141.1097,38.3684]]],[[[141.1099,38.3687],[141.1099,38.3687],[141.1099,38.3687],[141.1099,38.3687]]],[[[141.1105,38.369],[141.1105,38.369],[141.1105,38.369],[141.1105,38.369]]],[[[141.1096,38.3695],[141.1096,38.3695],[141.1096,38.3695],[141.1096,38.3695]]],[[[141.1096,38.3697],[141.1099,38.3701],[141.1097,38.3695],[141.1096,38.3692],[141.1096,38.3697]]],[[[141.1184,38.3734],[141.1184,38.3734],[141.1185,38.3734],[141.1184,38.3734]]],[[[141.1187,38.3734],[141.1185,38.3735],[141.1186,38.3737],[141.1187,38.3734]]],[[[141.1251,38.3735],[141.125,38.3736],[141.1251,38.3736],[141.1251,38.3735]]],[[[141.1242,38.3739],[141.1242,38.3739],[141.1242,38.3739],[141.1242,38.3739]]],[[[141.1241,38.3739],[141.1241,38.3739],[141.1242,38.3739],[141.1241,38.3739]]],[[[141.1177,38.3741],[141.1183,38.3734],[141.1178,38.3734],[141.1175,38.3737],[141.1179,38.3747],[141.1177,38.3741]]],[[[141.1248,38.374],[141.1248,38.3741],[141.1248,38.374],[141.1248,38.374]]],[[[141.1248,38.3741],[141.1249,38.3741],[141.1249,38.3741],[141.1248,38.3741]]],[[[141.1248,38.3741],[141.1248,38.3741],[141.1248,38.3741],[141.1248,38.3741]]],[[[141.1239,38.3746],[141.1246,38.3745],[141.1248,38.374],[141.125,38.3739],[141.125,38.3737],[141.1239,38.3746]]],[[[141.1179,38.3743],[141.1178,38.3743],[141.1179,38.3743],[141.1179,38.3743]]],[[[141.1179,38.3743],[141.1179,38.3744],[141.1179,38.3743],[141.1179,38.3743]]],[[[141.1238,38.3744],[141.1238,38.3744],[141.1238,38.3744],[141.1238,38.3744]]],[[[141.1237,38.3744],[141.1237,38.3744],[141.1238,38.3744],[141.1237,38.3744]]],[[[141.1149,38.3743],[141.1145,38.3744],[141.1163,38.3751],[141.1164,38.3751],[141.1149,38.3743]]],[[[141.118,38.3747],[141.1179,38.3747],[141.118,38.3747],[141.118,38.3747]]],[[[141.1139,38.3772],[141.1141,38.3772],[141.1141,38.3771],[141.1139,38.3772]]],[[[141.1212,38.379],[141.1212,38.379],[141.1212,38.379],[141.1212,38.379]]],[[[141.1201,38.3792],[141.1201,38.3792],[141.1201,38.3792],[141.1201,38.3792]]],[[[141.1213,38.3793],[141.1213,38.3793],[141.1214,38.3793],[141.1213,38.3793]]],[[[141.1145,38.3815],[141.1145,38.3815],[141.1146,38.3815],[141.1145,38.3815]]],[[[141.1145,38.3815],[141.1145,38.3815],[141.1145,38.3815],[141.1145,38.3815]]],[[[141.1097,38.3835],[141.1097,38.3836],[141.1097,38.3836],[141.1097,38.3835]]]]}},{"type":"Feature","properties":{"code":"04404","name":"七ヶ浜町","pref_code":"04","pref":"宮城県"},"geometry":{"type":"MultiPolygon","coordinates":[[[[141.0591,38.2689],[141.0567,38.2719],[141.0568,38.272],[141.0591,38.2689]]],[[[141.0496,38.2772],[141.0497,38.2773],[141.0497,38.2772],[141.0496,38.2772]]],[[[141.053,38.2771],[141.0525,38.2771],[141.0525,38.2774],[141.053,38.2771]]],[[[141.0524,38.2775],[141.0525,38.2775],[141.0525,38.2775],[141.0524,38.2775]]],[[[141.0523,38.2775],[141.0523,38.2775],[141.0523,38.2775],[141.0523,38.2775]]],[[[141.0522,38.2777],[141.0523,38.2777],[141.0522,38.2777],[141.0522,38.2777]]],[[[141.0524,38.2777],[141.0524,38.2777],[141.0525,38.2777],[141.0524,38.2777]]],[[[141.0523,38.2778],[141.0523,38.2777],[141.0523,38.2777],[141.0523,38.2778]]],[[[141.0525,38.2778],[141.0526,38.2777],[141.0525,38.2778],[141.0525,38.2778]]],[[[141.0526,38.2778],[141.0527,38.2778],[141.0527,38.2777],[141.0526,38.2778]]],[[[141.0523,38.2778],[141.0522,38.2778],[141.0522,38.2778],[141.0523,38.2778]]],[[[141.0526,38.2779],[141.0525,38.2779],[141.0526,38.278],[141.0526,38.2779]]],[[[141.0525,38.2782],[141.0526,38.2782],[141.0525,38.2781],[141.0525,38.2782]]],[[[141.0524,38.2785],[141.0525,38.2786],[141.0525,38.2785],[141.0524,38.2785]]],[[[141.0525,38.2792],[141.0526,38.2792],[141.0525,38.2792],[141.0525,38.2792]]],[[[141.0524,38.2793],[141.0523,38.2793],[141.0526,38.2793],[141.0524,38.2793]]],[[[141.0592,38.2806],[141.0592,38.2806],[141.0591,38.2806],[141.0592,38.2806]]],[[[141.059,38.2806],[141.059,38.2806],[141.0589,38.2806],[141.059,38.2806]]],[[[141.0587,38.2809],[141.0584,38.2806],[141.0583,38.2809],[141.0587,38.2809]]],[[[141.058,38.2807],[141.058,38.2809],[141.0581,38.2807],[141.058,38.2807]]],[[[141.0589,38.2808],[141.0588,38.2809],[141.059,38.2809],[141.0589,38.2808]]],[[[141.0841,38.3051],[141.0832,38.3066],[141.0833,38.3072],[141.0843,38.3052],[141.0871,38.3047],[141.0844,38.3041],[141.0853,38.3034],[141.0891,38.3021],[141.0876,38.3049],[141.0893,38.303],[141.09,38.3005],[141.0898,38.3003],[141.0874,38.2989],[141.0873,38.2977],[141.0878,38.2971],[141.0872,38.2965],[141.0878,38.2956],[141.086,38.2963],[141.0851,38.2957],[141.0857,38.2938],[141.0847,38.2929],[141.0807,38.2938],[141.0789,38.2956],[141.077,38.2957],[141.0726,38.2946],[141.0647,38.288],[141.0634,38.2852],[141.0638,38.2835],[141.0647,38.2844],[141.0644,38.2837],[141.0635,38.2832],[141.0637,38.2821],[141.0623,38.2812],[141.0627,38.2828],[141.0603,38.2823],[141.0598,38.2814],[141.0612,38.2811],[141.0617,38.2807],[141.0595,38.2814],[141.0563,38.2809],[141.0562,38.2801],[141.0542,38.2806],[141.0522,38.2796],[141.0521,38.2792],[141.0526,38.278],[141.0522,38.278],[141.0521,38.2776],[141.05,38.2766],[141.052,38.2777],[141.051,38.279],[141.0493,38.2785],[141.0503,38.2774],[141.0491,38.2786],[141.0435,38.2768],[141.0382,38.2828],[141.0346,38.2822],[141.0338,38.2807],[141.0322,38.2803],[141.0337,38.281],[141.0357,38.287],[141.0451,38.2873],[141.0433,38.2888],[141.042,38.2877],[141.0408,38.2882],[141.0417,38.289],[141.0404,38.2893],[141.0419,38.2899],[141.0439,38.2893],[141.0428,38.2929],[141.0356,38.2991],[141.0359,38.307],[141.0415,38.3083],[141.0459,38.3129],[141.0489,38.3088],[141.0501,38.309],[141.0487,38.3137],[141.0513,38.3136],[141.0521,38.3149],[141.052,38.3136],[141.054,38.3133],[141.0554,38.3144],[141.0549,38.3148],[141.0528,38.3147],[141.0524,38.3148],[141.0549,38.3149],[141.0588,38.3128],[141.061,38.315],[141.0604,38.3164],[141.0616,38.3166],[141.0634,38.3192],[141.0617,38.3166],[141.0643,38.3181],[141.0641,38.32],[141.0654,38.3217],[141.0694,38.321],[141.0684,38.3209],[141.0695,38.3198],[141.0697,38.3211],[141.0704,38.3201],[141.0708,38.3208],[141.0774,38.3187],[141.08,38.3146],[141.0793,38.3102],[141.0823,38.3072],[141.0808,38.3075],[141.0814,38.3058],[141.0824,38.3048],[141.0841,38.3051]]],[[[141.0448,38.313],[141.0448,38.3129],[141.0448,38.3129],[141.0448,38.313]]],[[[141.0486,38.3136],[141.0487,38.3136],[141.0486,38.3136],[141.0486,38.3136]]],[[[141.0602,38.3158],[141.0603,38.3157],[141.0602,38.3158],[141.0602,38.3158]]],[[[141.0602,38.3158],[141.0602,38.3158],[141.0602,38.3158],[141.0602,38.3158]]],[[[141.0602,38.316],[141.0602,38.3159],[141.0602,38.3159],[141.0602,38.316]]],[[[141.0602,38.316],[141.0601,38.316],[141.0601,38.316],[141.0602,38.316]]],[[[141.0656,38.2779],[141.0656,38.2779],[141.0657,38.2778],[141.0656,38.2779]]],[[[141.0627,38.2782],[141.0627,38.2782],[141.0627,38.2782],[141.0627,38.2782]]],[[[141.0629,38.2799],[141.063,38.2796],[141.0628,38.2797],[141.0629,38.2799]]],[[[141.0637,38.2828],[141.0637,38.2828],[141.0637,38.2828],[141.0637,38.2828]]],[[[141.0641,38.2845],[141.0642,38.2845],[141.0642,38.2845],[141.0641,38.2845]]],[[[141.0641,38.2845],[141.0641,38.2846],[141.0642,38.2846],[141.0641,38.2845]]],[[[141.0642,38.2848],[141.0639,38.2847],[141.0641,38.2848],[141.0642,38.2848]]],[[[141.0715,38.3224],[141.0708,38.3228],[141.0708,38.3229],[141.071,38.3228],[141.0714,38.3228],[141.0714,38.3226],[141.0716,38.3227],[141.0715,38.3224]]],[[[141.071,38.3228],[141.071,38.3229],[141.071,38.3228],[141.071,38.3228]]],[[[141.0716,38.3234],[141.0719,38.3232],[141.0717,38.3231],[141.0716,38.3234]]],[[[141.0665,38.3245],[141.0665,38.3245],[141.0665,38.3245],[141.0665,38.3245]]],[[[141.0674,38.3246],[141.0667,38.3244],[141.0665,38.3245],[141.0674,38.3246]]],[[[141.0674,38.3247],[141.0679,38.3247],[141.0679,38.3246],[141.0674,38.3247]]],[[[141.0678,38.3256],[141.0678,38.3257],[141.0679,38.3256],[141.0678,38.3256]]],[[[141.0682,38.3255],[141.0667,38.3265],[141.0753,38.328],[141.0745,38.3271],[141.0747,38.3267],[141.075,38.3266],[141.0752,38.326],[141.0758,38.3258],[141.0758,38.3255],[141.0725,38.3266],[141.072,38.3258],[141.0728,38.3253],[141.0702,38.3251],[141.0692,38.3234],[141.0682,38.3237],[141.0682,38.3255]]],[[[141.0747,38.3267],[141.0747,38.3267],[141.0748,38.3267],[141.0747,38.3267]]],[[[141.0696,38.3273],[141.0696,38.3272],[141.0696,38.3273],[141.0696,38.3273]]],[[[141.0748,38.328],[141.0748,38.328],[141.0748,38.328],[141.0748,38.328]]],[[[141.0746,38.328],[141.0746,38.328],[141.0746,38.328],[141.0746,38.328]]],[[[141.0747,38.328],[141.0747,38.3281],[141.0748,38.3281],[141.0747,38.328]]],[[[141.0746,38.3281],[141.0746,38.328],[141.0746,38.328],[141.0746,38.3281]]],[[[141.0699,38.3292],[141.0711,38.3289],[141.0698,38.3289],[141.0699,38.3292]]],[[[141.0693,38.3302],[141.0695,38.3298],[141.0695,38.3297],[141.0693,38.3302]]],[[[141.0694,38.3303],[141.0694,38.3302],[141.0694,38.3302],[141.0694,38.3303]]],[[[141.0693,38.3304],[141.0694,38.3304],[141.0694,38.3304],[141.0693,38.3304]]],[[[141.0703,38.331],[141.0706,38.3311],[141.0706,38.3309],[141.0703,38.331]]],[[[141.0703,38.331],[141.0703,38.3311],[141.0703,38.331],[141.0703,38.331]]],[[[141.0702,38.3319],[141.0701,38.3319],[141.0702,38.3319],[141.0702,38.3319]]],[[[141.0831,38.2901],[141.0831,38.2901],[141.083,38.2902],[141.0831,38.2901]]],[[[141.0883,38.2916],[141.0882,38.2914],[141.0881,38.2915],[141.0883,38.2916]]],[[[141.0805,38.294],[141.0805,38.294],[141.0805,38.294],[141.0805,38.294]]],[[[141.0804,38.294],[141.0805,38.294],[141.0805,38.294],[141.0804,38.294]]],[[[141.0795,38.2945],[141.0795,38.2945],[141.0795,38.2944],[141.0795,38.2945]]],[[[141.0795,38.2945],[141.0795,38.2945],[141.0795,38.2945],[141.0795,38.2945]]],[[[141.0793,38.2946],[141.0793,38.2946],[141.0792,38.2945],[141.0793,38.2946]]],[[[141.0752,38.2949],[141.0752,38.2949],[141.0751,38.2949],[141.0752,38.2949]]],[[[141.0755,38.2951],[141.0756,38.2951],[141.0756,38.295],[141.0755,38.2951]]],[[[141.0762,38.295],[141.0761,38.2951],[141.0761,38.2952],[141.0762,38.295]]],[[[141.0867,38.2959],[141.0867,38.2958],[141.0867,38.2958],[141.0867,38.2959]]],[[[141.1007,38.296],[141.1007,38.2959],[141.1006,38.2959],[141.1007,38.296]]],[[[141.0874,38.2978],[141.0873,38.2977],[141.0873,38.2977],[141.0874,38.2978]]],[[[141.1029,38.2997],[141.1028,38.2996],[141.1027,38.2996],[141.1029,38.2997]]],[[[141.0887,38.2997],[141.0888,38.2997],[141.0888,38.2996],[141.0887,38.2997]]],[[[141.0888,38.2997],[141.0889,38.2997],[141.0888,38.2997],[141.0888,38.2997]]],[[[141.0898,38.3003],[141.0898,38.3003],[141.0898,38.3003],[141.0898,38.3003]]],[[[141.1048,38.3006],[141.1047,38.3005],[141.1047,38.3008],[141.1048,38.3006]]],[[[141.0975,38.3058],[141.0975,38.3057],[141.0974,38.3057],[141.0975,38.3058]]],[[[141.1019,38.3072],[141.1016,38.3068],[141.1016,38.3069],[141.1019,38.3072]]],[[[141.102,38.3078],[141.1022,38.3076],[141.1021,38.3076],[141.102,38.3078]]],[[[141.0922,38.3146],[141.0923,38.3148],[141.0925,38.3147],[141.0922,38.3146]]],[[[141.087,38.3182],[141.0878,38.318],[141.0868,38.3178],[141.087,38.3182]]],[[[141.083,38.3189],[141.083,38.3189],[141.083,38.3189],[141.083,38.3189]]],[[[141.0778,38.3226],[141.0777,38.3228],[141.0782,38.3229],[141.0778,38.3226]]],[[[141.0801,38.3237],[141.0803,38.3232],[141.0797,38.3233],[141.0801,38.3237]]],[[[141.076,38.328],[141.0765,38.328],[141.0765,38.3279],[141.076,38.328]]]]}},{"type":"Feature","properties":{"code":"04406","name":"利府町","pref_code":"04","pref":"宮城県"},"geometry":{"type":"MultiPolygon","coordinates":[[[[141.0369,38.3397],[141.0368,38.3397],[141.0369,38.3398],[141.0369,38.3397]]],[[[140.9871,38.3747],[140.9929,38.3665],[140.9955,38.3645],[140.9981,38.3681],[141.0002,38.3678],[141.0029,38.3652],[141.0072,38.3659],[141.008,38.3639],[141.0105,38.3627],[141.0166,38.3721],[141.019,38.371],[141.0219,38.3716],[141.0213,38.3706],[141.0232,38.3711],[141.0316,38.3676],[141.0344,38.3701],[141.0433,38.3732],[141.0443,38.3682],[141.0454,38.3681],[141.0476,38.3618],[141.0498,38.3593],[141.0496,38.3553],[141.0514,38.3556],[141.054,38.3529],[141.0594,38.3506],[141.054,38.3513],[141.0519,38.351],[141.0519,38.3502],[141.0555,38.3503],[141.0581,38.3479],[141.0595,38.3479],[141.0585,38.3472],[141.0571,38.3481],[141.0579,38.3461],[141.0557,38.3482],[141.0562,38.3463],[141.055,38.3467],[141.0545,38.3454],[141.0536,38.3449],[141.0542,38.3471],[141.0519,38.3477],[141.0528,38.3468],[141.0515,38.3469],[141.0515,38.3458],[141.0505,38.347],[141.0498,38.345],[141.0479,38.3458],[141.0485,38.3479],[141.0454,38.3472],[141.0466,38.3492],[141.0422,38.3487],[141.042,38.3496],[141.0415,38.3492],[141.0431,38.3462],[141.0394,38.3452],[141.0398,38.3437],[141.0378,38.3438],[141.037,38.3398],[141.0367,38.3401],[141.03,38.3391],[141.0288,38.3402],[141.0265,38.3386],[141.0229,38.3407],[141.0259,38.3468],[141.0252,38.3489],[141.0193,38.3485],[141.018,38.3457],[141.0143,38.3439],[141.0141,38.3412],[141.0101,38.3393],[141.0073,38.3348],[141.0054,38.3339],[141.0054,38.3308],[140.9981,38.3279],[140.9996,38.326],[141.0041,38.3256],[141.0007,38.3211],[141.0008,38.3196],[140.9939,38.3142],[140.9861,38.3119],[140.9817,38.3096],[140.9816,38.3085],[140.977,38.3087],[140.9749,38.3099],[140.9575,38.3101],[140.9601,38.3128],[140.9595,38.3134],[140.9572,38.3127],[140.9537,38.3085],[140.9498,38.3103],[140.9476,38.3086],[140.9464,38.3108],[140.9427,38.3122],[140.9413,38.3148],[140.9364,38.3169],[140.9359,38.3257],[140.9391,38.3269],[140.9393,38.3282],[140.9368,38.3317],[140.9405,38.3377],[140.9376,38.3365],[140.9341,38.3408],[140.9349,38.3424],[140.9334,38.3443],[140.9339,38.3462],[140.9382,38.3483],[140.9377,38.3503],[140.9397,38.3545],[140.9478,38.3567],[140.9543,38.3607],[140.9606,38.3543],[140.9657,38.3537],[140.9658,38.3585],[140.9685,38.3609],[140.9712,38.3615],[140.9717,38.3632],[140.9762,38.3646],[140.9768,38.3733],[140.9837,38.3731],[140.9871,38.3747]]],[[[141.0551,38.344],[141.055,38.344],[141.055,38.344],[141.0551,38.344]]],[[[141.04,38.3442],[141.04,38.3443],[141.0401,38.3442],[141.04,38.3442]]],[[[141.0536,38.3445],[141.0527,38.3436],[141.0519,38.3441],[141.0528,38.3448],[141.0536,38.3445]]],[[[141.0548,38.3449],[141.0547,38.3446],[141.0547,38.3451],[141.0548,38.3449]]],[[[141.0581,38.3456],[141.0581,38.3457],[141.0582,38.3457],[141.0581,38.3456]]],[[[141.0606,38.3462],[141.0605,38.3464],[141.0607,38.3467],[141.0608,38.3465],[141.0607,38.3464],[141.0606,38.3462]]],[[[141.0528,38.3467],[141.0528,38.3467],[141.0528,38.3467],[141.0528,38.3467]]],[[[141.0455,38.3471],[141.0458,38.3465],[141.0455,38.3466],[141.0455,38.3471]]],[[[141.0595,38.3472],[141.0593,38.3472],[141.0593,38.3474],[141.0595,38.3472]]],[[[141.0626,38.345],[141.0626,38.3451],[141.0626,38.345],[141.0626,38.345]]],[[[141.0632,38.3452],[141.0627,38.345],[141.0626,38.345],[141.0632,38.3452]]],[[[141.0624,38.3451],[141.0624,38.3451],[141.0623,38.3451],[141.0624,38.3451]]],[[[141.0632,38.3455],[141.0632,38.3456],[141.0632,38.3456],[141.0632,38.3455]]],[[[141.0633,38.3456],[141.0633,38.3454],[141.0632,38.3454],[141.0633,38.3456]]],[[[141.0631,38.3456],[141.0631,38.3455],[141.0631,38.3456],[141.0631,38.3456]]],[[[141.0608,38.3464],[141.0607,38.3464],[141.0607,38.3464],[141.0608,38.3464]]],[[[141.0626,38.3469],[141.0626,38.3469],[141.0625,38.3469],[141.0626,38.3469]]],[[[141.0611,38.3472],[141.0607,38.3468],[141.0604,38.3471],[141.0611,38.3472]]],[[[141.0614,38.3472],[141.0616,38.3469],[141.0611,38.3471],[141.0614,38.3472]]]]}},{"type":"Feature","properties":{"code":"04581","name":"女川町","pref_code":"04","pref":"宮城県"},"geometry":{"type":"MultiPolygon","coordinates":[[[[141.47,38.4029],[141.47,38.403],[141.47,38.403],[141.47,38.4029]]],[[[141.4702,38.403],[141.4701,38.403],[141.4702,38.403],[141.4702,38.403]]],[[[141.4702,38.4031],[141.4701,38.4031],[141.4702,38.4031],[141.4702,38.4031]]],[[[141.4717,38.4046],[141.4718,38.4046],[141.4717,38.4046],[141.4717,38.4046]]],[[[141.471,38.4051],[141.471,38.4051],[141.471,38.4051],[141.471,38.4051]]],[[[141.4731,38.409],[141.4731,38.409],[141.4731,38.409],[141.4731,38.409]]],[[[141.4733,38.4092],[141.4733,38.4092],[141.4733,38.4092],[141.4733,38.4092]]],[[[141.4735,38.4093],[141.4733,38.4092],[141.4734,38.4093],[141.4735,38.4093]]],[[[141.4742,38.4113],[141.4744,38.4113],[141.4743,38.4112],[141.4742,38.4113]]],[[[141.4723,38.4142],[141.4725,38.4143],[141.4722,38.4141],[141.4723,38.4142]]],[[[141.4726,38.4142],[141.4727,38.4143],[141.4727,38.4143],[141.4726,38.4142]]],[[[141.4724,38.4144],[141.4724,38.4143],[141.4724,38.4144],[141.4724,38.4144]]],[[[141.4725,38.4144],[141.4725,38.4145],[141.4726,38.4145],[141.4725,38.4144]]],[[[141.4735,38.4147],[141.4735,38.4147],[141.4735,38.4147],[141.4735,38.4147]]],[[[141.4711,38.4148],[141.471,38.4148],[141.471,38.4148],[141.4711,38.4148]]],[[[141.4713,38.415],[141.4713,38.415],[141.4714,38.415],[141.4713,38.415]]],[[[141.4713,38.4151],[141.4712,38.415],[141.4712,38.4151],[141.4715,38.4152],[141.4713,38.4151]]],[[[141.4722,38.4164],[141.4722,38.4163],[141.4722,38.4164],[141.4722,38.4164]]],[[[141.474,38.4179],[141.4741,38.4179],[141.474,38.4178],[141.474,38.4179]]],[[[141.4743,38.418],[141.4743,38.418],[141.4743,38.418],[141.4743,38.418]]],[[[141.4741,38.4211],[141.4743,38.4212],[141.4743,38.4213],[141.4741,38.4211]]],[[[141.4741,38.4216],[141.474,38.4216],[141.4741,38.4216],[141.4741,38.4216]]],[[[141.4741,38.4221],[141.4739,38.422],[141.474,38.4221],[141.4741,38.4221]]],[[[141.4734,38.4229],[141.4733,38.4229],[141.4733,38.4229],[141.4734,38.4229]]],[[[141.4734,38.423],[141.4733,38.423],[141.4734,38.423],[141.4734,38.423]]],[[[141.4729,38.4234],[141.4729,38.4235],[141.4729,38.4235],[141.4729,38.4234]]],[[[141.4727,38.4235],[141.4728,38.4235],[141.4727,38.4235],[141.4727,38.4235]]],[[[141.4729,38.4235],[141.4728,38.4235],[141.4728,38.4236],[141.4729,38.4235]]],[[[141.4729,38.4237],[141.473,38.4237],[141.473,38.4237],[141.4729,38.4237]]],[[[141.4638,38.4239],[141.4638,38.4239],[141.4638,38.4239],[141.4638,38.4239]]],[[[141.4729,38.4238],[141.4731,38.4241],[141.473,38.4238],[141.4729,38.4238]]],[[[141.4728,38.4241],[141.4728,38.4241],[141.4728,38.4241],[141.4728,38.4241]]],[[[141.4663,38.4241],[141.4663,38.4241],[141.4663,38.4241],[141.4663,38.4241]]],[[[141.4727,38.4243],[141.4727,38.4243],[141.4727,38.4244],[141.4727,38.4243]]],[[[141.4685,38.4246],[141.4685,38.4246],[141.4685,38.4246],[141.4685,38.4246]]],[[[141.4684,38.4246],[141.4685,38.4247],[141.4685,38.4246],[141.4684,38.4246]]],[[[141.4697,38.4247],[141.4697,38.4247],[141.4697,38.4247],[141.4697,38.4247]]],[[[141.469,38.4247],[141.469,38.4247],[141.469,38.4247],[141.469,38.4247]]],[[[141.4685,38.4247],[141.4685,38.4247],[141.4685,38.4247],[141.4685,38.4247]]],[[[141.4726,38.4248],[141.4726,38.4248],[141.4726,38.4247],[141.4726,38.4248]]],[[[141.4687,38.4247],[141.4687,38.4248],[141.4688,38.4248],[141.4687,38.4247]]],[[[141.4685,38.4248],[141.4685,38.4248],[141.4685,38.4248],[141.4685,38.4248]]],[[[141.4721,38.4256],[141.4721,38.4254],[141.472,38.4255],[141.4721,38.4256]]],[[[141.464,38.4257],[141.4639,38.4257],[141.464,38.4257],[141.464,38.4257]]],[[[141.4717,38.4258],[141.4718,38.4258],[141.4718,38.4257],[141.4717,38.4258]]],[[[141.4717,38.4259],[141.4715,38.4259],[141.4716,38.426],[141.4717,38.4259]]],[[[141.4715,38.4259],[141.4716,38.426],[141.4716,38.426],[141.4715,38.4259]]],[[[141.4643,38.426],[141.4643,38.426],[141.4643,38.4259],[141.4643,38.426]]],[[[141.4715,38.426],[141.4715,38.426],[141.4715,38.426],[141.4715,38.426]]],[[[141.4648,38.4261],[141.4647,38.4261],[141.4647,38.4262],[141.4648,38.4261]]],[[[141.4642,38.4262],[141.4642,38.4262],[141.4642,38.4262],[141.4642,38.4262]]],[[[141.4717,38.4263],[141.4717,38.4263],[141.4717,38.4263],[141.4717,38.4263]]],[[[141.4642,38.4263],[141.4643,38.4263],[141.4643,38.4263],[141.4642,38.4263]]],[[[141.4655,38.4279],[141.4655,38.4279],[141.4655,38.4279],[141.4655,38.4279]]],[[[141.4657,38.4288],[141.4656,38.4289],[141.4658,38.4289],[141.4657,38.4288]]],[[[141.4656,38.4291],[141.4657,38.4291],[141.4656,38.4291],[141.4656,38.4291]]],[[[141.4654,38.4294],[141.4655,38.4294],[141.4654,38.4293],[141.4654,38.4294]]],[[[141.466,38.4295],[141.4658,38.4295],[141.466,38.4295],[141.466,38.4295]]],[[[141.466,38.4295],[141.466,38.4295],[141.4661,38.4295],[141.466,38.4295]]],[[[141.4662,38.4304],[141.4661,38.4304],[141.4661,38.4304],[141.4662,38.4304]]],[[[141.4658,38.4304],[141.4658,38.4304],[141.4657,38.4305],[141.4658,38.4304]]],[[[141.4661,38.4306],[141.4661,38.4306],[141.4661,38.4306],[141.4661,38.4306]]],[[[141.4655,38.431],[141.4656,38.4309],[141.4655,38.4309],[141.4655,38.431]]],[[[141.4655,38.431],[141.4655,38.431],[141.4654,38.431],[141.4655,38.431]]],[[[141.4654,38.4312],[141.4654,38.4312],[141.4654,38.4312],[141.4654,38.4312]]],[[[141.4654,38.4315],[141.4655,38.4314],[141.4654,38.4314],[141.4654,38.4315]]],[[[141.4651,38.4317],[141.465,38.4318],[141.4651,38.4318],[141.4651,38.4317]]],[[[141.4638,38.4331],[141.4637,38.433],[141.4637,38.433],[141.4638,38.4331]]],[[[141.4599,38.4348],[141.4599,38.4348],[141.4599,38.4348],[141.4599,38.4348]]],[[[141.4594,38.4348],[141.4593,38.4348],[141.4594,38.4348],[141.4594,38.4348]]],[[[141.4594,38.4351],[141.4593,38.4351],[141.4594,38.4351],[141.4594,38.4351]]],[[[141.4595,38.4352],[141.4595,38.4352],[141.4595,38.4352],[141.4595,38.4352]]],[[[141.459,38.4354],[141.459,38.4354],[141.459,38.4354],[141.459,38.4354]]],[[[141.4591,38.4355],[141.4591,38.4356],[141.4591,38.4356],[141.4591,38.4355]]],[[[141.459,38.4358],[141.4591,38.4358],[141.4591,38.4358],[141.459,38.4358]]],[[[141.4588,38.436],[141.4588,38.436],[141.4588,38.436],[141.4588,38.436]]],[[[141.4589,38.436],[141.4589,38.436],[141.4588,38.436],[141.4589,38.436]]],[[[141.459,38.436],[141.459,38.436],[141.459,38.436],[141.459,38.436]]],[[[141.4589,38.4361],[141.4588,38.436],[141.4588,38.4361],[141.4589,38.4361]]],[[[141.4584,38.4361],[141.4584,38.4361],[141.4584,38.4361],[141.4584,38.4361]]],[[[141.4581,38.4372],[141.4578,38.4372],[141.4579,38.4373],[141.4581,38.4372]]],[[[141.4679,38.4386],[141.468,38.4386],[141.4679,38.4386],[141.4679,38.4386]]],[[[141.4903,38.4715],[141.4895,38.4696],[141.4895,38.4696],[141.4893,38.4691],[141.4854,38.4704],[141.4838,38.4697],[141.485,38.471],[141.4836,38.4712],[141.4824,38.4707],[141.4822,38.4699],[141.4816,38.4695],[141.4812,38.4704],[141.478,38.4687],[141.4779,38.4673],[141.4762,38.4679],[141.477,38.4632],[141.4834,38.4628],[141.4836,38.4619],[141.4856,38.4608],[141.4887,38.4608],[141.4895,38.4616],[141.4897,38.462],[141.4915,38.4623],[141.4917,38.4626],[141.4921,38.4626],[141.4922,38.4627],[141.4931,38.4597],[141.4938,38.46],[141.4954,38.4607],[141.4976,38.4601],[141.4997,38.4613],[141.4996,38.4611],[141.5003,38.4609],[141.4999,38.4604],[141.5001,38.4601],[141.5016,38.4607],[141.5021,38.4599],[141.5003,38.4594],[141.5002,38.4578],[141.496,38.4571],[141.4959,38.4567],[141.4965,38.4561],[141.4966,38.4552],[141.4961,38.4565],[141.4947,38.4562],[141.4942,38.4537],[141.4972,38.4525],[141.4964,38.4501],[141.4975,38.4488],[141.502,38.4511],[141.5015,38.4475],[141.5026,38.4468],[141.5069,38.4479],[141.5073,38.4495],[141.5089,38.4494],[141.51,38.4512],[141.5084,38.4524],[141.5088,38.4535],[141.5099,38.4535],[141.5099,38.4524],[141.5102,38.4522],[141.512,38.4529],[141.5108,38.4508],[141.5127,38.45],[141.5093,38.4487],[141.509,38.4476],[141.5103,38.4456],[141.5094,38.4447],[141.5094,38.4442],[141.509,38.4459],[141.5079,38.4465],[141.5057,38.4461],[141.5052,38.4448],[141.5036,38.4449],[141.5021,38.4449],[141.5015,38.4442],[141.5021,38.4437],[141.5005,38.4432],[141.5003,38.4435],[141.4993,38.4436],[141.4983,38.4434],[141.4981,38.4431],[141.4958,38.444],[141.4942,38.4424],[141.4962,38.4412],[141.4964,38.4395],[141.4946,38.4379],[141.4944,38.4371],[141.4931,38.4374],[141.4942,38.438],[141.4943,38.4404],[141.4915,38.4408],[141.4885,38.4404],[141.4898,38.441],[141.4899,38.4431],[141.487,38.4422],[141.487,38.4405],[141.4879,38.4405],[141.4871,38.4405],[141.4847,38.4385],[141.4855,38.4377],[141.4852,38.4375],[141.4849,38.4369],[141.4841,38.4374],[141.4828,38.4371],[141.4815,38.4367],[141.4816,38.4374],[141.4804,38.439],[141.4788,38.4384],[141.48,38.4388],[141.4786,38.4394],[141.4793,38.4404],[141.4769,38.4405],[141.4753,38.4386],[141.4749,38.4404],[141.4741,38.4409],[141.4714,38.4403],[141.4707,38.439],[141.4702,38.4392],[141.4683,38.4386],[141.4669,38.439],[141.4644,38.4373],[141.467,38.4392],[141.4661,38.441],[141.4636,38.4431],[141.4626,38.4425],[141.4622,38.4426],[141.4627,38.4441],[141.461,38.4451],[141.4558,38.4442],[141.4553,38.4459],[141.4538,38.4455],[141.4543,38.4438],[141.4529,38.4436],[141.4525,38.4448],[141.4505,38.444],[141.4485,38.4457],[141.4474,38.4439],[141.4486,38.4432],[141.4477,38.4429],[141.4481,38.4413],[141.4546,38.4412],[141.4571,38.4391],[141.455,38.4402],[141.457,38.4378],[141.4577,38.4391],[141.4569,38.4376],[141.4594,38.4344],[141.4618,38.4341],[141.4633,38.4364],[141.462,38.434],[141.4653,38.4314],[141.4652,38.429],[141.466,38.4283],[141.465,38.4278],[141.4644,38.427],[141.464,38.4269],[141.4636,38.4255],[141.4644,38.4246],[141.4634,38.4252],[141.4634,38.4239],[141.4647,38.424],[141.4651,38.4249],[141.4651,38.4242],[141.4674,38.4235],[141.4685,38.4246],[141.4686,38.4247],[141.4688,38.4246],[141.4697,38.4247],[141.4698,38.4247],[141.4716,38.4256],[141.4719,38.4248],[141.4728,38.4246],[141.4723,38.4241],[141.4733,38.4218],[141.4738,38.4214],[141.474,38.4215],[141.4742,38.4216],[141.474,38.421],[141.4744,38.4211],[141.4741,38.4204],[141.475,38.4199],[141.4738,38.4174],[141.4703,38.4152],[141.4721,38.414],[141.4726,38.4142],[141.4739,38.4147],[141.4746,38.4136],[141.4735,38.4095],[141.472,38.4083],[141.4728,38.4076],[141.473,38.4068],[141.4726,38.4058],[141.4723,38.4079],[141.4709,38.4063],[141.4699,38.4067],[141.47,38.4053],[141.4707,38.405],[141.4712,38.4051],[141.4719,38.4057],[141.4716,38.4049],[141.4667,38.4008],[141.4679,38.3995],[141.4667,38.4008],[141.4655,38.3988],[141.4673,38.3967],[141.4685,38.3974],[141.4678,38.396],[141.4703,38.3953],[141.4688,38.3951],[141.4696,38.3943],[141.4729,38.394],[141.4757,38.3974],[141.4755,38.3991],[141.4813,38.3987],[141.4804,38.3998],[141.482,38.3994],[141.4832,38.4014],[141.4812,38.4018],[141.4822,38.4021],[141.4837,38.4012],[141.4845,38.4043],[141.4908,38.4057],[141.4912,38.4064],[141.4907,38.4066],[141.4905,38.4069],[141.492,38.4074],[141.4918,38.4076],[141.4914,38.4075],[141.4906,38.4077],[141.4913,38.4075],[141.4919,38.4094],[141.4896,38.4083],[141.4907,38.4096],[141.493,38.4098],[141.4931,38.4121],[141.4939,38.4114],[141.4967,38.4113],[141.5001,38.4157],[141.4999,38.4149],[141.5007,38.4142],[141.5016,38.4155],[141.5017,38.416],[141.5019,38.4146],[141.5024,38.4144],[141.5028,38.4144],[141.5029,38.4146],[141.503,38.415],[141.503,38.4144],[141.5035,38.4149],[141.5031,38.4134],[141.5046,38.4135],[141.5034,38.4123],[141.5035,38.4107],[141.504,38.4101],[141.5043,38.4103],[141.5041,38.4096],[141.5031,38.409],[141.503,38.4086],[141.5032,38.4068],[141.5019,38.4082],[141.5027,38.407],[141.5008,38.4064],[141.5016,38.4051],[141.501,38.4043],[141.5009,38.4034],[141.5018,38.4025],[141.5031,38.4034],[141.5039,38.4034],[141.5019,38.4025],[141.5044,38.4006],[141.5061,38.4024],[141.5059,38.4046],[141.5064,38.4016],[141.5062,38.4014],[141.5071,38.4009],[141.505,38.3994],[141.5062,38.3976],[141.4978,38.389],[141.4925,38.3926],[141.4881,38.3933],[141.4848,38.3916],[141.482,38.3915],[141.4751,38.3847],[141.4602,38.386],[141.4586,38.3873],[141.458,38.392],[141.4508,38.3927],[141.452,38.3995],[141.4504,38.4012],[141.4513,38.406],[141.4492,38.41],[141.443,38.4105],[141.4399,38.4128],[141.4351,38.4132],[141.4322,38.4153],[141.4294,38.4141],[141.4277,38.4149],[141.4253,38.412],[141.4224,38.4117],[141.4213,38.4098],[141.4122,38.4112],[141.4126,38.4128],[141.4096,38.4166],[141.3998,38.4195],[141.4003,38.4366],[141.4043,38.4406],[141.4063,38.4469],[141.4054,38.4493],[141.4068,38.4538],[141.4039,38.4562],[141.4075,38.4589],[141.4109,38.4674],[141.4132,38.4686],[141.4119,38.4703],[141.4152,38.4729],[141.4149,38.48],[141.4172,38.4842],[141.4169,38.4853],[141.4196,38.4869],[141.4256,38.4837],[141.4304,38.484],[141.4402,38.4791],[141.4501,38.4823],[141.45,38.4847],[141.4523,38.4855],[141.4589,38.4926],[141.4616,38.4904],[141.4701,38.4896],[141.4699,38.4862],[141.4727,38.4822],[141.4791,38.4818],[141.4874,38.4792],[141.4894,38.4805],[141.4965,38.4801],[141.4988,38.4785],[141.4949,38.476],[141.4954,38.4753],[141.4947,38.475],[141.4949,38.4745],[141.4945,38.4744],[141.4942,38.4737],[141.4938,38.4735],[141.4941,38.4734],[141.4935,38.4734],[141.4932,38.4725],[141.493,38.4729],[141.492,38.4727],[141.4903,38.4715]]],[[[141.4689,38.4387],[141.4689,38.4387],[141.4689,38.4387],[141.4689,38.4387]]],[[[141.4694,38.4387],[141.4694,38.4387],[141.4694,38.4387],[141.4694,38.4387]]],[[[141.4704,38.439],[141.4704,38.439],[141.4703,38.439],[141.4704,38.439]]],[[[141.47,38.439],[141.4701,38.439],[141.4701,38.439],[141.47,38.439]]],[[[141.4712,38.4392],[141.4712,38.4392],[141.4712,38.4392],[141.4712,38.4392]]],[[[141.4723,38.4402],[141.4724,38.4401],[141.4723,38.4401],[141.4723,38.4402]]],[[[141.4723,38.4402],[141.4723,38.4402],[141.4723,38.4402],[141.4723,38.4402]]],[[[141.4721,38.4402],[141.4722,38.4403],[141.4722,38.4402],[141.4721,38.4402]]],[[[141.4662,38.4407],[141.4662,38.4406],[141.4661,38.4406],[141.4662,38.4407]]],[[[141.4647,38.4415],[141.4647,38.4414],[141.4647,38.4415],[141.4647,38.4415]]],[[[141.4643,38.4422],[141.4642,38.4422],[141.4643,38.4422],[141.4643,38.4422]]],[[[141.4618,38.4427],[141.4614,38.4437],[141.4616,38.4439],[141.4618,38.4427]]],[[[141.4776,38.3995],[141.4775,38.3996],[141.4776,38.3995],[141.4776,38.3995]]],[[[141.4774,38.3999],[141.4774,38.3999],[141.4775,38.3999],[141.4774,38.3999]]],[[[141.4839,38.4027],[141.4839,38.4026],[141.4839,38.4026],[141.4839,38.4027]]],[[[141.4862,38.4053],[141.4862,38.4053],[141.4862,38.4053],[141.4862,38.4053]]],[[[141.4744,38.4121],[141.4744,38.412],[141.4744,38.412],[141.4744,38.4121]]],[[[141.4748,38.4123],[141.4748,38.4123],[141.4748,38.4123],[141.4748,38.4123]]],[[[141.4859,38.4135],[141.4859,38.4135],[141.4859,38.4136],[141.4859,38.4135]]],[[[141.4745,38.4137],[141.4745,38.4138],[141.4746,38.4138],[141.4745,38.4137]]],[[[141.4747,38.4138],[141.4748,38.4138],[141.4748,38.4138],[141.4747,38.4138]]],[[[141.4747,38.4138],[141.4747,38.4138],[141.4747,38.4138],[141.4747,38.4138]]],[[[141.4746,38.4139],[141.4746,38.4138],[141.4745,38.4138],[141.4746,38.4139]]],[[[141.4859,38.4139],[141.486,38.4141],[141.486,38.4141],[141.4859,38.4139]]],[[[141.4862,38.4141],[141.4862,38.4141],[141.4862,38.4141],[141.4862,38.4141]]],[[[141.4746,38.4143],[141.4747,38.4143],[141.4746,38.4142],[141.4746,38.4143]]],[[[141.4744,38.4143],[141.4743,38.4143],[141.4744,38.4143],[141.4744,38.4143]]],[[[141.4861,38.4141],[141.4864,38.4146],[141.4864,38.4146],[141.4861,38.4141]]],[[[141.4749,38.419],[141.4749,38.4191],[141.4749,38.419],[141.4749,38.419]]],[[[141.4748,38.419],[141.4748,38.4191],[141.4749,38.4191],[141.4748,38.419]]],[[[141.475,38.4193],[141.475,38.4192],[141.475,38.4193],[141.475,38.4193]]],[[[141.475,38.4196],[141.4751,38.4195],[141.475,38.4194],[141.475,38.4196]]],[[[141.475,38.4201],[141.475,38.42],[141.4749,38.42],[141.475,38.4201]]],[[[141.4744,38.4207],[141.4745,38.4208],[141.4744,38.4206],[141.4743,38.4206],[141.4744,38.4207]]],[[[141.4744,38.4208],[141.4743,38.4207],[141.4744,38.4208],[141.4744,38.4208]]],[[[141.4746,38.4209],[141.4745,38.4208],[141.4745,38.4208],[141.4746,38.4209]]],[[[141.4744,38.4213],[141.4744,38.4213],[141.4744,38.4213],[141.4744,38.4213]]],[[[141.487,38.4369],[141.4866,38.4365],[141.4865,38.4369],[141.487,38.4373],[141.487,38.4369]]],[[[141.4828,38.437],[141.4829,38.437],[141.4828,38.437],[141.4828,38.437]]],[[[141.4828,38.437],[141.4828,38.437],[141.4828,38.4371],[141.4828,38.437]]],[[[141.4853,38.4373],[141.4853,38.4372],[141.4853,38.4373],[141.4853,38.4373]]],[[[141.4861,38.4376],[141.4865,38.4373],[141.4862,38.437],[141.4861,38.4376]]],[[[141.4853,38.4372],[141.4852,38.4374],[141.4853,38.4374],[141.4853,38.4372]]],[[[141.4857,38.4373],[141.4857,38.4374],[141.4858,38.4374],[141.4857,38.4373]]],[[[141.4811,38.4374],[141.4811,38.4374],[141.4811,38.4374],[141.4811,38.4374]]],[[[141.4812,38.4374],[141.4812,38.4375],[141.4812,38.4374],[141.4812,38.4374]]],[[[141.4814,38.4374],[141.4814,38.4374],[141.4814,38.4375],[141.4814,38.4374]]],[[[141.4858,38.4375],[141.4858,38.4375],[141.4857,38.4375],[141.4858,38.4375]]],[[[141.4856,38.4376],[141.4855,38.4377],[141.4856,38.4377],[141.4856,38.4376]]],[[[141.4855,38.4379],[141.4854,38.4378],[141.4855,38.4379],[141.4855,38.4379]]],[[[141.4759,38.4382],[141.476,38.4381],[141.4759,38.4382],[141.4759,38.4382]]],[[[141.4758,38.4383],[141.4758,38.4383],[141.4758,38.4383],[141.4758,38.4383]]],[[[141.4758,38.4384],[141.4758,38.4384],[141.4758,38.4384],[141.4758,38.4384]]],[[[141.4751,38.4384],[141.475,38.4384],[141.475,38.4384],[141.4751,38.4384]]],[[[141.4754,38.4386],[141.4753,38.4382],[141.4751,38.4383],[141.4754,38.4386]]],[[[141.4751,38.4385],[141.4751,38.4385],[141.475,38.4385],[141.4751,38.4385]]],[[[141.4759,38.4385],[141.4759,38.4385],[141.4759,38.4385],[141.4759,38.4385]]],[[[141.4762,38.4385],[141.4762,38.4385],[141.4762,38.4385],[141.4762,38.4385]]],[[[141.4759,38.4385],[141.4758,38.4385],[141.4759,38.4386],[141.4759,38.4385]]],[[[141.476,38.4386],[141.476,38.4386],[141.476,38.4387],[141.476,38.4386]]],[[[141.4749,38.4387],[141.4748,38.4387],[141.4749,38.4387],[141.4749,38.4387]]],[[[141.4748,38.4388],[141.4748,38.4387],[141.4748,38.4387],[141.4748,38.4388]]],[[[141.4747,38.4389],[141.4747,38.4388],[141.4747,38.4389],[141.4747,38.4389]]],[[[141.476,38.439],[141.476,38.439],[141.4761,38.439],[141.476,38.439]]],[[[141.4858,38.4392],[141.4858,38.4392],[141.4858,38.4392],[141.4858,38.4392]]],[[[141.4766,38.4393],[141.4766,38.4393],[141.4766,38.4393],[141.4766,38.4393]]],[[[141.4868,38.4398],[141.4867,38.4397],[141.4867,38.4397],[141.4868,38.4398]]],[[[141.4747,38.4399],[141.4747,38.4399],[141.4747,38.4399],[141.4747,38.4399]]],[[[141.4871,38.4402],[141.4871,38.4402],[141.4871,38.4402],[141.4871,38.4402]]],[[[141.4872,38.4404],[141.4872,38.4404],[141.4872,38.4404],[141.4872,38.4404]]],[[[141.4872,38.4404],[141.4871,38.4404],[141.4872,38.4404],[141.4872,38.4404]]],[[[141.488,38.4615],[141.488,38.4614],[141.488,38.4614],[141.488,38.4615]]],[[[141.4849,38.4615],[141.4849,38.4614],[141.4848,38.4614],[141.4849,38.4615]]],[[[141.485,38.4615],[141.4851,38.4615],[141.4851,38.4614],[141.485,38.4615]]],[[[141.4879,38.4616],[141.4879,38.4615],[141.4879,38.4615],[141.4879,38.4616]]],[[[141.4895,38.4619],[141.4895,38.4618],[141.4895,38.4619],[141.4895,38.4619]]],[[[141.4849,38.4619],[141.485,38.4619],[141.485,38.4619],[141.4849,38.4619]]],[[[141.4845,38.462],[141.4845,38.462],[141.4845,38.462],[141.4845,38.462]]],[[[141.4897,38.4621],[141.4897,38.4621],[141.4897,38.4621],[141.4897,38.4621]]],[[[141.4844,38.4622],[141.4844,38.4622],[141.4844,38.4622],[141.4844,38.4622]]],[[[141.4845,38.4622],[141.4845,38.4622],[141.4845,38.4622],[141.4845,38.4622]]],[[[141.4814,38.463],[141.4815,38.463],[141.4815,38.463],[141.4814,38.463]]],[[[141.4815,38.463],[141.4815,38.463],[141.4815,38.463],[141.4815,38.463]]],[[[141.4821,38.463],[141.482,38.4631],[141.4821,38.4631],[141.4821,38.463]]],[[[141.4816,38.463],[141.4815,38.4631],[141.4816,38.4631],[141.4816,38.463]]],[[[141.482,38.4631],[141.482,38.4631],[141.482,38.4631],[141.482,38.4631]]],[[[141.4819,38.4631],[141.482,38.4631],[141.4819,38.4631],[141.4819,38.4631]]],[[[141.4799,38.4633],[141.4799,38.4633],[141.4799,38.4633],[141.4799,38.4633]]],[[[141.4803,38.4685],[141.4803,38.4685],[141.4803,38.4685],[141.4803,38.4685]]],[[[141.4881,38.4687],[141.4881,38.4687],[141.4881,38.4687],[141.4881,38.4687]]],[[[141.4883,38.4687],[141.4883,38.4687],[141.4883,38.4687],[141.4883,38.4687]]],[[[141.4882,38.4689],[141.4881,38.4687],[141.4881,38.4688],[141.4882,38.4689]]],[[[141.488,38.4689],[141.488,38.4688],[141.488,38.4688],[141.488,38.4689]]],[[[141.4799,38.4689],[141.4799,38.4688],[141.4799,38.4688],[141.4799,38.4689]]],[[[141.488,38.4689],[141.4881,38.4689],[141.488,38.4689],[141.488,38.4689]]],[[[141.4892,38.469],[141.4892,38.469],[141.4892,38.469],[141.4892,38.469]]],[[[141.4799,38.4691],[141.4799,38.4689],[141.4799,38.4691],[141.4799,38.4691]]],[[[141.486,38.4697],[141.486,38.4697],[141.486,38.4697],[141.486,38.4697]]],[[[141.4859,38.4697],[141.4859,38.4697],[141.4859,38.4697],[141.4859,38.4697]]],[[[141.4865,38.4697],[141.4865,38.4698],[141.4865,38.4697],[141.4865,38.4697]]],[[[141.4863,38.4698],[141.4864,38.4698],[141.4864,38.4698],[141.4863,38.4698]]],[[[141.4864,38.4698],[141.4864,38.4698],[141.4864,38.4698],[141.4864,38.4698]]],[[[141.4897,38.4698],[141.4897,38.4699],[141.4897,38.4698],[141.4897,38.4698]]],[[[141.4896,38.4699],[141.4897,38.4699],[141.4896,38.4699],[141.4896,38.4699]]],[[[141.4857,38.4701],[141.4857,38.4701],[141.4856,38.4701],[141.4857,38.4701]]],[[[141.4825,38.4704],[141.4825,38.4704],[141.4825,38.4704],[141.4825,38.4704]]],[[[141.4825,38.4706],[141.4826,38.4705],[141.4825,38.4705],[141.4825,38.4706]]],[[[141.4928,38.4101],[141.4928,38.4101],[141.4929,38.4102],[141.4929,38.4102],[141.4928,38.4101]]],[[[141.4926,38.4103],[141.4926,38.4103],[141.4926,38.4103],[141.4926,38.4103]]],[[[141.4927,38.4104],[141.4927,38.4104],[141.4927,38.4104],[141.4927,38.4104]]],[[[141.4928,38.4104],[141.4928,38.4104],[141.4928,38.4104],[141.4928,38.4104]]],[[[141.4955,38.4115],[141.4955,38.4116],[141.4957,38.4116],[141.4955,38.4115]]],[[[141.4964,38.4117],[141.4964,38.4116],[141.4964,38.4117],[141.4964,38.4117]]],[[[141.4958,38.4119],[141.4957,38.4119],[141.4958,38.4119],[141.4958,38.4119]]],[[[141.4925,38.412],[141.4927,38.4122],[141.4925,38.4119],[141.4925,38.412]]],[[[141.4933,38.4122],[141.4933,38.4122],[141.4934,38.4122],[141.4933,38.4122]]],[[[141.4928,38.4124],[141.4929,38.4125],[141.4928,38.4123],[141.4928,38.4124]]],[[[141.4916,38.4126],[141.4916,38.4127],[141.4916,38.4127],[141.4916,38.4126]]],[[[141.4919,38.4128],[141.4918,38.4128],[141.4918,38.4128],[141.4919,38.4128]]],[[[141.49,38.4129],[141.4901,38.4129],[141.49,38.4129],[141.49,38.4129]]],[[[141.4977,38.4129],[141.4977,38.4129],[141.4977,38.4129],[141.4977,38.4129]]],[[[141.4921,38.413],[141.492,38.4129],[141.4921,38.413],[141.4921,38.413]]],[[[141.4977,38.413],[141.4977,38.4131],[141.4977,38.4131],[141.4977,38.413]]],[[[141.4904,38.4132],[141.4905,38.4132],[141.4904,38.4131],[141.4904,38.4132]]],[[[141.4977,38.4132],[141.4978,38.4132],[141.4978,38.4131],[141.4977,38.4131],[141.4977,38.4132]]],[[[141.4921,38.4134],[141.4918,38.4128],[141.4917,38.4132],[141.492,38.4135],[141.4921,38.4134]]],[[[141.4921,38.4131],[141.4921,38.4132],[141.4922,38.4132],[141.4921,38.4131]]],[[[141.4902,38.4132],[141.4905,38.4134],[141.4903,38.4131],[141.4902,38.4132]]],[[[141.5001,38.4158],[141.5,38.4158],[141.5001,38.4159],[141.5001,38.4158]]],[[[141.4947,38.436],[141.4946,38.4362],[141.495,38.4363],[141.4947,38.436]]],[[[141.4951,38.4363],[141.4951,38.4363],[141.4951,38.4363],[141.4951,38.4363]]],[[[141.4952,38.4364],[141.4951,38.4365],[141.4953,38.4365],[141.4952,38.4364]]],[[[141.4953,38.4365],[141.4953,38.4365],[141.4953,38.4365],[141.4953,38.4365]]],[[[141.4954,38.4367],[141.4957,38.4368],[141.4953,38.4366],[141.4954,38.4367]]],[[[141.4958,38.4368],[141.4957,38.4368],[141.4958,38.4368],[141.4958,38.4368]]],[[[141.4947,38.4376],[141.4946,38.4376],[141.4947,38.4376],[141.4947,38.4376]]],[[[141.4965,38.4391],[141.4965,38.4391],[141.4965,38.4391],[141.4965,38.4391]]],[[[141.4935,38.4404],[141.4935,38.4403],[141.4934,38.4403],[141.4935,38.4404]]],[[[141.4967,38.4406],[141.4967,38.4405],[141.4966,38.4406],[141.4967,38.4406]]],[[[141.4993,38.4429],[141.4993,38.4429],[141.4993,38.4429],[141.4993,38.4429]]],[[[141.4982,38.4431],[141.4981,38.4431],[141.4982,38.4431],[141.4982,38.4431]]],[[[141.4999,38.4433],[141.5001,38.4434],[141.5,38.4434],[141.4999,38.4433]]],[[[141.5002,38.4434],[141.5002,38.4434],[141.5002,38.4434],[141.5002,38.4434]]],[[[141.4995,38.4435],[141.4995,38.4435],[141.4995,38.4435],[141.4995,38.4435]]],[[[141.4973,38.4524],[141.4973,38.4524],[141.4973,38.4524],[141.4973,38.4524]]],[[[141.4973,38.4525],[141.4974,38.4525],[141.4974,38.4525],[141.4973,38.4525]]],[[[141.4972,38.4571],[141.4972,38.4571],[141.4972,38.4571],[141.4972,38.4571]]],[[[141.4934,38.4599],[141.4935,38.46],[141.4934,38.4599],[141.4934,38.4599]]],[[[141.4938,38.4601],[141.4938,38.46],[141.4938,38.46],[141.4938,38.4601]]],[[[141.4931,38.4601],[141.493,38.4601],[141.4931,38.4602],[141.4931,38.4601]]],[[[141.4977,38.4605],[141.4977,38.4604],[141.4977,38.4604],[141.4977,38.4605]]],[[[141.5,38.4604],[141.5001,38.4606],[141.5001,38.4606],[141.5,38.4604]]],[[[141.4979,38.4605],[141.4979,38.4606],[141.498,38.4606],[141.4979,38.4605]]],[[[141.4962,38.4606],[141.4963,38.4607],[141.4963,38.4606],[141.4962,38.4606]]],[[[141.498,38.4607],[141.4979,38.4607],[141.498,38.4607],[141.498,38.4607]]],[[[141.4953,38.4608],[141.4952,38.4608],[141.4953,38.4608],[141.4953,38.4608]]],[[[141.4986,38.4612],[141.4985,38.4611],[141.4985,38.4611],[141.4986,38.4612]]],[[[141.5001,38.4611],[141.5002,38.4612],[141.5001,38.4611],[141.5001,38.4611]]],[[[141.5001,38.4611],[141.5001,38.4613],[141.5001,38.4613],[141.5001,38.4611]]],[[[141.4992,38.4612],[141.4992,38.4612],[141.4992,38.4612],[141.4992,38.4612]]],[[[141.4991,38.4612],[141.4991,38.4613],[141.4991,38.4613],[141.4991,38.4612]]],[[[141.4985,38.4612],[141.4984,38.4614],[141.4985,38.4615],[141.4985,38.4612]]],[[[141.4993,38.4613],[141.4994,38.4615],[141.4993,38.4613],[141.4993,38.4613]]],[[[141.4997,38.4615],[141.4996,38.4613],[141.4996,38.4613],[141.4997,38.4615]]],[[[141.4992,38.4613],[141.4991,38.4614],[141.4993,38.4615],[141.4992,38.4613]]],[[[141.499,38.4616],[141.499,38.4614],[141.4989,38.4615],[141.499,38.4616]]],[[[141.4929,38.4617],[141.4929,38.4617],[141.4929,38.4617],[141.4929,38.4617]]],[[[141.4991,38.4618],[141.4992,38.4618],[141.4991,38.4618],[141.4991,38.4618]]],[[[141.4898,38.4621],[141.4898,38.4621],[141.4898,38.4621],[141.4898,38.4621]]],[[[141.4905,38.4623],[141.4906,38.4623],[141.4906,38.4623],[141.4905,38.4623]]],[[[141.4923,38.4624],[141.4923,38.4624],[141.4923,38.4624],[141.4923,38.4624]]],[[[141.4923,38.4625],[141.4924,38.4625],[141.4923,38.4625],[141.4923,38.4625]]],[[[141.4921,38.4626],[141.4921,38.4626],[141.4921,38.4626],[141.4921,38.4626]]],[[[141.4915,38.4627],[141.4914,38.4628],[141.4915,38.4629],[141.4914,38.4629],[141.4916,38.4628],[141.4915,38.4627]]],[[[141.4914,38.4629],[141.4914,38.4628],[141.4914,38.4629],[141.4914,38.4629]]],[[[141.4916,38.463],[141.4917,38.463],[141.4917,38.463],[141.4916,38.463]]],[[[141.4914,38.463],[141.4914,38.4631],[141.4914,38.463],[141.4914,38.463]]],[[[141.4899,38.4703],[141.49,38.4702],[141.4899,38.4701],[141.4899,38.4703]]],[[[141.4899,38.4704],[141.4899,38.4704],[141.4899,38.4704],[141.4899,38.4704]]],[[[141.49,38.4707],[141.49,38.4707],[141.49,38.4707],[141.49,38.4707]]],[[[141.4906,38.4716],[141.4906,38.4715],[141.4906,38.4714],[141.4906,38.4716]]],[[[141.4918,38.4716],[141.4916,38.4716],[141.4918,38.4717],[141.4918,38.4716]]],[[[141.4917,38.4718],[141.4918,38.4718],[141.4918,38.4718],[141.4917,38.4718]]],[[[141.4916,38.4718],[141.4917,38.4718],[141.4916,38.4718],[141.4916,38.4718]]],[[[141.4918,38.4719],[141.4918,38.4719],[141.4917,38.4719],[141.4918,38.4719]]],[[[141.4917,38.4721],[141.4918,38.4721],[141.4918,38.472],[141.4917,38.4721]]],[[[141.492,38.4723],[141.4921,38.4724],[141.4921,38.4723],[141.492,38.4723]]],[[[141.4923,38.4726],[141.4923,38.4727],[141.4923,38.4727],[141.4923,38.4726]]],[[[141.4924,38.4727],[141.4924,38.4727],[141.4924,38.4727],[141.4924,38.4727]]],[[[141.4936,38.4732],[141.4935,38.4729],[141.4935,38.4728],[141.4936,38.4732]]],[[[141.4945,38.4743],[141.4949,38.474],[141.4946,38.4738],[141.4945,38.4743]]],[[[141.4948,38.475],[141.4949,38.475],[141.4948,38.4749],[141.4948,38.475]]],[[[141.4953,38.476],[141.4954,38.4759],[141.4953,38.4759],[141.4953,38.476]]],[[[141.496,38.4762],[141.496,38.4761],[141.4959,38.4761],[141.496,38.4762]]],[[[141.4966,38.4763],[141.4966,38.4763],[141.4966,38.4763],[141.4966,38.4763]]],[[[141.4966,38.4765],[141.4966,38.4764],[141.4966,38.4764],[141.4966,38.4765]]],[[[141.497,38.4766],[141.4969,38.4766],[141.497,38.4767],[141.497,38.4766]]],[[[141.4974,38.4769],[141.4973,38.477],[141.4974,38.4769],[141.4974,38.4769]]],[[[141.4973,38.4773],[141.4972,38.4773],[141.4973,38.4773],[141.4973,38.4773]]],[[[141.499,38.4779],[141.4991,38.4778],[141.499,38.4778],[141.499,38.4779]]],[[[141.4991,38.478],[141.4991,38.4779],[141.4991,38.4779],[141.4991,38.478]]],[[[141.4992,38.4783],[141.4992,38.478],[141.4991,38.4781],[141.4992,38.4783]]],[[[141.5014,38.4034],[141.5014,38.4034],[141.5014,38.4034],[141.5014,38.4034]]],[[[141.5011,38.4038],[141.5011,38.4038],[141.5011,38.4038],[141.5011,38.4038]]],[[[141.5013,38.4039],[141.5014,38.4039],[141.5013,38.4039],[141.5013,38.4039]]],[[[141.5011,38.404],[141.5011,38.404],[141.5011,38.404],[141.5011,38.404]]],[[[141.5013,38.404],[141.5013,38.404],[141.5013,38.404],[141.5013,38.404]]],[[[141.5012,38.4041],[141.5011,38.4041],[141.5012,38.4041],[141.5012,38.4041]]],[[[141.5014,38.4042],[141.5014,38.4042],[141.5014,38.4042],[141.5014,38.4042]]],[[[141.5014,38.4044],[141.5015,38.4044],[141.5014,38.4044],[141.5014,38.4044]]],[[[141.5017,38.4044],[141.5017,38.4045],[141.5017,38.4044],[141.5017,38.4044]]],[[[141.5016,38.4046],[141.5016,38.4046],[141.5016,38.4046],[141.5016,38.4046]]],[[[141.5017,38.4047],[141.5017,38.4046],[141.5017,38.4046],[141.5017,38.4047]]],[[[141.5018,38.4047],[141.5017,38.4047],[141.5017,38.4047],[141.5018,38.4047]]],[[[141.5015,38.4048],[141.5014,38.4047],[141.5015,38.4048],[141.5015,38.4048]]],[[[141.5014,38.4058],[141.5014,38.4058],[141.5014,38.4058],[141.5014,38.4058]]],[[[141.5015,38.4058],[141.5015,38.4059],[141.5016,38.4058],[141.5015,38.4058]]],[[[141.5016,38.4059],[141.5016,38.4059],[141.5016,38.406],[141.5016,38.4059]]],[[[141.5032,38.4085],[141.5032,38.4084],[141.5032,38.4084],[141.5032,38.4085]]],[[[141.5034,38.4086],[141.5033,38.4086],[141.5034,38.4086],[141.5034,38.4086]]],[[[141.5032,38.4089],[141.5033,38.4089],[141.5033,38.4089],[141.5032,38.4089]]],[[[141.5039,38.409],[141.5039,38.409],[141.5039,38.409],[141.5039,38.409]]],[[[141.5038,38.409],[141.504,38.4093],[141.504,38.4093],[141.5038,38.409]]],[[[141.5041,38.4092],[141.5041,38.4092],[141.5041,38.4092],[141.5041,38.4092]]],[[[141.5043,38.4096],[141.5042,38.4095],[141.5042,38.4095],[141.5043,38.4096]]],[[[141.5042,38.4096],[141.5043,38.4097],[141.5042,38.4096],[141.5042,38.4096]]],[[[141.5045,38.4097],[141.5044,38.4097],[141.5045,38.4097],[141.5045,38.4097]]],[[[141.5044,38.4099],[141.5044,38.4099],[141.5044,38.4099],[141.5044,38.4099]]],[[[141.5048,38.4101],[141.5044,38.4097],[141.5048,38.4102],[141.5048,38.4101]]],[[[141.5045,38.41],[141.5045,38.4101],[141.5045,38.4101],[141.5045,38.41]]],[[[141.5044,38.4102],[141.5044,38.4101],[141.5043,38.4101],[141.5044,38.4102]]],[[[141.5043,38.4105],[141.5044,38.4105],[141.5043,38.4104],[141.5043,38.4105]]],[[[141.5046,38.4106],[141.5045,38.4106],[141.5046,38.4106],[141.5046,38.4106]]],[[[141.5037,38.4106],[141.5038,38.4106],[141.5037,38.4106],[141.5037,38.4106]]],[[[141.504,38.4107],[141.504,38.4107],[141.504,38.4107],[141.504,38.4107]]],[[[141.504,38.4108],[141.5039,38.4107],[141.5038,38.4107],[141.504,38.4108]]],[[[141.5042,38.4109],[141.5042,38.4109],[141.5042,38.4109],[141.5042,38.4109]]],[[[141.5037,38.4111],[141.5037,38.4111],[141.5036,38.4111],[141.5037,38.4111]]],[[[141.5038,38.4112],[141.5037,38.4111],[141.5038,38.4112],[141.5038,38.4112]]],[[[141.5037,38.4114],[141.5036,38.4113],[141.5036,38.4113],[141.5037,38.4114]]],[[[141.5042,38.4115],[141.5042,38.4115],[141.5042,38.4115],[141.5042,38.4115]]],[[[141.5037,38.4115],[141.5038,38.4116],[141.5037,38.4115],[141.5037,38.4115]]],[[[141.504,38.412],[141.504,38.412],[141.504,38.412],[141.504,38.412]]],[[[141.5037,38.412],[141.5037,38.412],[141.5038,38.4121],[141.5037,38.412]]],[[[141.5046,38.4136],[141.5046,38.4135],[141.5046,38.4135],[141.5046,38.4136]]],[[[141.5034,38.4136],[141.5032,38.4136],[141.5034,38.4137],[141.5034,38.4136]]],[[[141.5035,38.4137],[141.5035,38.4137],[141.5035,38.4137],[141.5035,38.4137]]],[[[141.5048,38.4137],[141.5047,38.4137],[141.5048,38.4137],[141.5048,38.4137]]],[[[141.5035,38.4137],[141.5035,38.4137],[141.5035,38.4137],[141.5035,38.4137]]],[[[141.5039,38.4141],[141.504,38.4141],[141.504,38.4141],[141.5039,38.4141]]],[[[141.5038,38.4141],[141.5038,38.4141],[141.5038,38.4141],[141.5038,38.4141]]],[[[141.504,38.4142],[141.504,38.4141],[141.504,38.4141],[141.504,38.4142]]],[[[141.5039,38.4142],[141.504,38.4142],[141.504,38.4142],[141.5039,38.4142]]],[[[141.5038,38.4144],[141.5039,38.4144],[141.5039,38.4144],[141.5038,38.4144]]],[[[141.5028,38.4145],[141.5027,38.4144],[141.5027,38.4145],[141.5028,38.4145]]],[[[141.5042,38.4145],[141.5042,38.4145],[141.5042,38.4145],[141.5042,38.4145]]],[[[141.5043,38.4145],[141.5042,38.4145],[141.5043,38.4145],[141.5043,38.4145]]],[[[141.5037,38.4145],[141.5037,38.4146],[141.5037,38.4146],[141.5037,38.4145]]],[[[141.5037,38.4146],[141.5037,38.4147],[141.5037,38.4146],[141.5036,38.4145],[141.5037,38.4146]]],[[[141.5031,38.4147],[141.5031,38.4147],[141.5031,38.4147],[141.5031,38.4147]]],[[[141.5029,38.4149],[141.5028,38.4147],[141.5028,38.4146],[141.5029,38.4149]]],[[[141.5032,38.415],[141.5031,38.4148],[141.5032,38.415],[141.5032,38.415]]],[[[141.5038,38.415],[141.5038,38.415],[141.5038,38.415],[141.5038,38.415]]],[[[141.5031,38.4151],[141.5031,38.415],[141.503,38.415],[141.5031,38.4151]]],[[[141.5033,38.4151],[141.5033,38.4151],[141.5033,38.4151],[141.5033,38.4151]]],[[[141.5003,38.4153],[141.5003,38.415],[141.5001,38.4149],[141.5003,38.4153]]],[[[141.5031,38.4151],[141.5032,38.4152],[141.5031,38.4151],[141.5031,38.4151]]],[[[141.5024,38.4151],[141.5024,38.4152],[141.5025,38.4152],[141.5024,38.4151]]],[[[141.5022,38.4155],[141.5023,38.4156],[141.5023,38.4155],[141.5022,38.4155]]],[[[141.5016,38.4156],[141.5016,38.4156],[141.5016,38.4156],[141.5016,38.4156]]],[[[141.5014,38.4157],[141.5014,38.4156],[141.5014,38.4156],[141.5014,38.4157]]],[[[141.5026,38.416],[141.5024,38.4157],[141.5026,38.4162],[141.5026,38.416]]],[[[141.5028,38.4163],[141.5028,38.4163],[141.5027,38.4161],[141.5028,38.4163]]],[[[141.5026,38.4402],[141.5026,38.4401],[141.5026,38.4402],[141.5026,38.4402]]],[[[141.502,38.4407],[141.5022,38.4404],[141.5015,38.4404],[141.502,38.4407]]],[[[141.5024,38.4411],[141.5024,38.441],[141.5023,38.441],[141.5024,38.4411]]],[[[141.5025,38.4434],[141.5025,38.4433],[141.5024,38.4434],[141.5025,38.4434]]],[[[141.5023,38.4434],[141.5023,38.4433],[141.5023,38.4434],[141.5023,38.4434]]],[[[141.5022,38.4434],[141.5021,38.4436],[141.5022,38.4436],[141.5022,38.4434]]],[[[141.5022,38.444],[141.5023,38.4439],[141.5022,38.4439],[141.5022,38.444]]],[[[141.5015,38.4442],[141.5015,38.4442],[141.5015,38.4442],[141.5015,38.4442]]],[[[141.5018,38.4445],[141.5018,38.4445],[141.5018,38.4445],[141.5018,38.4445]]],[[[141.5019,38.4445],[141.5018,38.4446],[141.5019,38.4445],[141.5019,38.4445]]],[[[141.5033,38.4446],[141.5033,38.4446],[141.5033,38.4446],[141.5033,38.4446]]],[[[141.5035,38.4449],[141.5035,38.4448],[141.5034,38.4448],[141.5035,38.4449]]],[[[141.5037,38.4449],[141.5037,38.4448],[141.5037,38.4448],[141.5037,38.4449]]],[[[141.5024,38.4448],[141.5025,38.4448],[141.5024,38.4448],[141.5024,38.4448]]],[[[141.5036,38.4449],[141.5036,38.4448],[141.5035,38.4449],[141.5036,38.4449]]],[[[141.5022,38.449],[141.5022,38.449],[141.5022,38.449],[141.5022,38.449]]],[[[141.5016,38.4518],[141.5016,38.4514],[141.5014,38.4515],[141.5016,38.4518]]],[[[141.5014,38.452],[141.5014,38.452],[141.5014,38.452],[141.5014,38.452]]],[[[141.5015,38.4522],[141.5015,38.4521],[141.5015,38.4521],[141.5015,38.4522]]],[[[141.5012,38.4524],[141.5013,38.4527],[141.5014,38.4527],[141.5012,38.4524]]],[[[141.5004,38.4581],[141.5005,38.458],[141.5004,38.4579],[141.5004,38.4581]]],[[[141.5023,38.4611],[141.5023,38.4611],[141.5023,38.4611],[141.5023,38.4611]]],[[[141.5025,38.4612],[141.5025,38.4612],[141.5024,38.4611],[141.5025,38.4612]]],[[[141.5025,38.4613],[141.5023,38.4613],[141.5025,38.4613],[141.5025,38.4613]]],[[[141.5059,38.3985],[141.5059,38.3985],[141.5059,38.3985],[141.5059,38.3985]]],[[[141.5054,38.3991],[141.5054,38.3991],[141.5054,38.399],[141.5054,38.3991]]],[[[141.5053,38.3991],[141.5053,38.3992],[141.5054,38.3992],[141.5053,38.3991]]],[[[141.5056,38.3991],[141.5056,38.3991],[141.5055,38.3991],[141.5056,38.3991]]],[[[141.5058,38.3993],[141.5056,38.3991],[141.5059,38.3993],[141.5058,38.3993]]],[[[141.506,38.4084],[141.5061,38.4084],[141.506,38.4083],[141.506,38.4084]]],[[[141.5066,38.4084],[141.5069,38.4086],[141.5067,38.4084],[141.5066,38.4084]]],[[[141.5066,38.4086],[141.5066,38.4086],[141.5065,38.4085],[141.5066,38.4086]]],[[[141.5067,38.4085],[141.5066,38.4085],[141.5067,38.4087],[141.5067,38.4085]]],[[[141.506,38.4085],[141.506,38.4093],[141.5075,38.4093],[141.506,38.4085]]],[[[141.5076,38.4092],[141.5075,38.409],[141.5076,38.4092],[141.5076,38.4092]]],[[[141.5075,38.4092],[141.5075,38.4092],[141.5075,38.4092],[141.5075,38.4092]]],[[[141.5061,38.4095],[141.5061,38.4096],[141.5061,38.4096],[141.5061,38.4095]]],[[[141.5058,38.4099],[141.5058,38.4099],[141.5058,38.4098],[141.5058,38.4099]]],[[[141.5057,38.4099],[141.5058,38.4099],[141.5057,38.4098],[141.5057,38.4099]]],[[[141.5071,38.4103],[141.5071,38.4103],[141.5072,38.4103],[141.5071,38.4103]]],[[[141.5076,38.4106],[141.5076,38.4105],[141.5076,38.4105],[141.5076,38.4106]]],[[[141.5176,38.4423],[141.5176,38.4423],[141.5176,38.4423],[141.5176,38.4423]]],[[[141.5098,38.4435],[141.51,38.4434],[141.5099,38.4434],[141.5098,38.4435]]],[[[141.51,38.4438],[141.51,38.4437],[141.51,38.4437],[141.51,38.4438]]],[[[141.5095,38.4438],[141.5096,38.444],[141.5097,38.4439],[141.5095,38.4438]]],[[[141.5091,38.4441],[141.5091,38.4442],[141.5092,38.4441],[141.5091,38.4441]]],[[[141.5094,38.4442],[141.5094,38.4441],[141.5094,38.4441],[141.5094,38.4442]]],[[[141.5091,38.4442],[141.5091,38.4442],[141.5091,38.4442],[141.5091,38.4442]]],[[[141.5089,38.4447],[141.5089,38.4447],[141.5089,38.4447],[141.5089,38.4447]]],[[[141.509,38.4447],[141.5089,38.4447],[141.5089,38.4447],[141.509,38.4447]]],[[[141.5097,38.445],[141.5098,38.4449],[141.5097,38.4449],[141.5097,38.445]]],[[[141.5088,38.4452],[141.5087,38.4452],[141.5088,38.4452],[141.5088,38.4452]]],[[[141.5173,38.4453],[141.5174,38.4454],[141.5174,38.4453],[141.5173,38.4453]]],[[[141.5059,38.4454],[141.5059,38.4454],[141.5059,38.4454],[141.5059,38.4454]]],[[[141.5059,38.4457],[141.5058,38.4453],[141.5056,38.4453],[141.5059,38.4457]]],[[[141.5175,38.4455],[141.5175,38.4454],[141.5174,38.4455],[141.5175,38.4455]]],[[[141.5177,38.4454],[141.5176,38.4456],[141.5177,38.4457],[141.5177,38.4454]]],[[[141.5103,38.4456],[141.5103,38.4457],[141.5103,38.4457],[141.5103,38.4456]]],[[[141.5083,38.446],[141.5083,38.446],[141.5083,38.446],[141.5083,38.446]]],[[[141.5101,38.4462],[141.5102,38.4462],[141.5101,38.4462],[141.5101,38.4462]]],[[[141.5049,38.4479],[141.505,38.4479],[141.5049,38.4478],[141.5049,38.4479]]],[[[141.5132,38.4493],[141.5135,38.449],[141.5133,38.4489],[141.5132,38.4493]]],[[[141.513,38.4496],[141.5129,38.449],[141.5125,38.4493],[141.513,38.4496]]],[[[141.5119,38.4495],[141.512,38.4495],[141.5119,38.4495],[141.5119,38.4495]]],[[[141.5155,38.4508],[141.5157,38.4507],[141.5156,38.4506],[141.5155,38.4508]]],[[[141.5162,38.4521],[141.5162,38.4521],[141.5162,38.4521],[141.5162,38.4521]]],[[[141.5163,38.4523],[141.5163,38.4522],[141.5163,38.4522],[141.5163,38.4523]]],[[[141.5163,38.4523],[141.5163,38.4523],[141.5163,38.4524],[141.5163,38.4523]]],[[[141.51,38.4526],[141.5101,38.4526],[141.51,38.4526],[141.51,38.4526]]],[[[141.5177,38.453],[141.5177,38.4531],[141.5177,38.4531],[141.5177,38.453]]],[[[141.5159,38.4556],[141.516,38.4561],[141.5161,38.4561],[141.5159,38.4556]]],[[[141.5161,38.4561],[141.5162,38.4566],[141.5163,38.4565],[141.5161,38.4561]]],[[[141.5163,38.4566],[141.5163,38.457],[141.5164,38.457],[141.5163,38.4566]]],[[[141.5136,38.4581],[141.5136,38.4581],[141.5136,38.4581],[141.5136,38.4581]]],[[[141.5121,38.4583],[141.512,38.4583],[141.512,38.4583],[141.5121,38.4583]]],[[[141.5145,38.4596],[141.5152,38.4584],[141.5121,38.4584],[141.5145,38.4596]]],[[[141.5143,38.4597],[141.5142,38.4596],[141.5142,38.4596],[141.5143,38.4597]]],[[[141.5164,38.4605],[141.5165,38.4605],[141.5164,38.4604],[141.5164,38.4605]]],[[[141.5137,38.4622],[141.5136,38.4622],[141.5137,38.4622],[141.5137,38.4622]]],[[[141.5139,38.4624],[141.5141,38.4624],[141.5139,38.4624],[141.5139,38.4624]]],[[[141.5147,38.4626],[141.5147,38.4626],[141.5147,38.4626],[141.5147,38.4626]]],[[[141.5138,38.4627],[141.5138,38.4626],[141.5138,38.4626],[141.5138,38.4627]]],[[[141.5139,38.4628],[141.5139,38.4628],[141.5139,38.4627],[141.5139,38.4628]]],[[[141.5146,38.463],[141.5141,38.4626],[141.5139,38.4626],[141.5146,38.463]]],[[[141.516,38.4653],[141.5161,38.4653],[141.516,38.4652],[141.516,38.4653]]],[[[141.5163,38.4654],[141.5164,38.4654],[141.5164,38.4653],[141.5163,38.4654]]],[[[141.517,38.4656],[141.517,38.4656],[141.517,38.4656],[141.517,38.4656]]],[[[141.5172,38.4656],[141.5172,38.4656],[141.5172,38.4656],[141.5172,38.4656]]],[[[141.5166,38.4657],[141.5166,38.4657],[141.5165,38.4657],[141.5166,38.4657]]],[[[141.5171,38.4658],[141.5171,38.4657],[141.5171,38.4657],[141.5171,38.4658]]],[[[141.5141,38.4658],[141.5141,38.4658],[141.5141,38.4658],[141.5141,38.4658]]],[[[141.5148,38.4661],[141.5142,38.4657],[141.5141,38.4659],[141.5148,38.4661]]],[[[141.5148,38.4662],[141.5149,38.4661],[141.5148,38.4662],[141.5148,38.4662]]],[[[141.5147,38.4662],[141.5147,38.4662],[141.5147,38.4662],[141.5147,38.4662]]],[[[141.5164,38.4667],[141.5165,38.4668],[141.5164,38.4667],[141.5164,38.4667]]],[[[141.5169,38.467],[141.5167,38.4666],[141.5166,38.4666],[141.5169,38.467]]],[[[141.5166,38.4669],[141.5166,38.4669],[141.5165,38.4668],[141.5164,38.4668],[141.5166,38.4669]]],[[[141.5177,38.467],[141.5176,38.4669],[141.5175,38.467],[141.5177,38.467]]],[[[141.5168,38.4671],[141.5167,38.467],[141.5165,38.467],[141.5168,38.4671]]],[[[141.5176,38.4667],[141.5173,38.4666],[141.5175,38.4677],[141.5178,38.4677],[141.5174,38.4669],[141.5176,38.4667]]],[[[141.5164,38.4677],[141.5164,38.4676],[141.5163,38.4676],[141.5164,38.4677]]],[[[141.5164,38.4678],[141.5165,38.4677],[141.5164,38.4678],[141.5164,38.4678]]],[[[141.5163,38.468],[141.5164,38.4678],[141.5163,38.4679],[141.5163,38.468]]],[[[141.5159,38.468],[141.5159,38.468],[141.5159,38.468],[141.5159,38.468]]],[[[141.5174,38.468],[141.5176,38.468],[141.5179,38.4682],[141.5176,38.4679],[141.5174,38.468]]],[[[141.5166,38.4681],[141.5167,38.4681],[141.5166,38.4681],[141.5166,38.4681]]],[[[141.5176,38.4682],[141.5176,38.4681],[141.5175,38.4681],[141.5176,38.4682]]],[[[141.5157,38.4681],[141.5159,38.4682],[141.5158,38.4681],[141.5157,38.4681]]],[[[141.5164,38.468],[141.5165,38.4683],[141.5166,38.4683],[141.5164,38.468]]],[[[141.5163,38.4683],[141.5163,38.4681],[141.5161,38.4681],[141.5163,38.4683]]],[[[141.5156,38.4683],[141.5157,38.4683],[141.5156,38.4682],[141.5156,38.4683]]],[[[141.5156,38.4683],[141.5155,38.4683],[141.5155,38.4683],[141.5156,38.4683]]],[[[141.5158,38.4684],[141.5159,38.4685],[141.5159,38.4684],[141.5158,38.4684]]],[[[141.5166,38.4685],[141.5167,38.4684],[141.5166,38.4685],[141.5166,38.4685]]],[[[141.5163,38.4685],[141.5161,38.4685],[141.5163,38.4686],[141.5163,38.4685]]],[[[141.5167,38.4713],[141.5166,38.4711],[141.5165,38.4712],[141.5167,38.4713]]],[[[141.5165,38.4713],[141.5165,38.4712],[141.5164,38.4713],[141.5165,38.4713]]],[[[141.5158,38.4714],[141.5158,38.4713],[141.5158,38.4713],[141.5158,38.4714]]],[[[141.5164,38.4716],[141.5164,38.4715],[141.5163,38.4715],[141.5164,38.4716]]],[[[141.5274,38.4368],[141.5275,38.4368],[141.5274,38.4368],[141.5274,38.4368]]],[[[141.5268,38.4368],[141.5267,38.4369],[141.5268,38.4369],[141.5268,38.4368]]],[[[141.5265,38.4369],[141.5266,38.4369],[141.5265,38.4369],[141.5265,38.4369]]],[[[141.5266,38.4369],[141.5266,38.4369],[141.5267,38.4369],[141.5266,38.4369]]],[[[141.5278,38.437],[141.5277,38.437],[141.5278,38.437],[141.5278,38.437]]],[[[141.5278,38.4374],[141.5275,38.4369],[141.5274,38.437],[141.5278,38.4374]]],[[[141.5212,38.4377],[141.5212,38.4376],[141.5211,38.4377],[141.5212,38.4377]]],[[[141.5207,38.4377],[141.5208,38.4377],[141.5208,38.4377],[141.5207,38.4377]]],[[[141.5204,38.4378],[141.5204,38.4377],[141.5204,38.4377],[141.5204,38.4378]]],[[[141.5211,38.4378],[141.521,38.4378],[141.5211,38.4378],[141.5211,38.4378]]],[[[141.521,38.4378],[141.5211,38.4379],[141.5211,38.4378],[141.521,38.4378]]],[[[141.5202,38.4379],[141.5203,38.4379],[141.5203,38.4379],[141.5202,38.4379]]],[[[141.5212,38.438],[141.5212,38.438],[141.5212,38.4379],[141.5212,38.438]]],[[[141.5206,38.4379],[141.5206,38.438],[141.5206,38.4379],[141.5206,38.4379]]],[[[141.5211,38.438],[141.521,38.438],[141.521,38.438],[141.5211,38.438]]],[[[141.5214,38.4381],[141.5214,38.438],[141.5213,38.438],[141.5214,38.4381]]],[[[141.5212,38.4381],[141.5212,38.4381],[141.5211,38.4381],[141.5212,38.4381]]],[[[141.5207,38.4384],[141.5212,38.4384],[141.5204,38.4378],[141.5207,38.4384]]],[[[141.5209,38.4384],[141.521,38.4385],[141.521,38.4384],[141.5209,38.4384]]],[[[141.5215,38.4386],[141.5212,38.4387],[141.5214,38.4389],[141.5215,38.4386]]],[[[141.5215,38.4389],[141.5216,38.439],[141.5216,38.4389],[141.5215,38.4389]]],[[[141.5225,38.4391],[141.5229,38.4388],[141.5225,38.4389],[141.5225,38.4391]]],[[[141.5213,38.4391],[141.5211,38.439],[141.5213,38.4392],[141.5213,38.4391]]],[[[141.5203,38.4391],[141.5204,38.4392],[141.5203,38.4391],[141.5203,38.4391]]],[[[141.5219,38.4391],[141.5219,38.4393],[141.522,38.4392],[141.5219,38.4391]]],[[[141.5231,38.4392],[141.5231,38.4392],[141.5231,38.4392],[141.5231,38.4392]]],[[[141.5217,38.4393],[141.5218,38.4394],[141.5218,38.4392],[141.5217,38.4393]]],[[[141.5215,38.4394],[141.5216,38.4395],[141.5215,38.4393],[141.5215,38.4394]]],[[[141.5215,38.4397],[141.5205,38.439],[141.5206,38.4392],[141.5203,38.4399],[141.5215,38.4397]]],[[[141.5219,38.4396],[141.522,38.4393],[141.5218,38.4395],[141.5219,38.4396]]],[[[141.5203,38.4395],[141.5202,38.4396],[141.5203,38.4396],[141.5203,38.4395]]],[[[141.5215,38.4396],[141.5215,38.4396],[141.5215,38.4396],[141.5215,38.4396]]],[[[141.5242,38.4403],[141.5241,38.4403],[141.5242,38.4403],[141.5242,38.4403]]],[[[141.5241,38.4403],[141.5241,38.4404],[141.5242,38.4403],[141.5241,38.4403]]],[[[141.5211,38.4405],[141.5211,38.4405],[141.5211,38.4405],[141.5211,38.4405]]],[[[141.5209,38.4408],[141.521,38.4408],[141.5208,38.4407],[141.5209,38.4408]]],[[[141.5202,38.4421],[141.5202,38.4422],[141.5202,38.4422],[141.5202,38.4421]]],[[[141.5201,38.4422],[141.5202,38.4422],[141.5202,38.4422],[141.5201,38.4422]]],[[[141.5181,38.4424],[141.5181,38.4423],[141.518,38.4423],[141.5181,38.4424]]],[[[141.52,38.4424],[141.52,38.4424],[141.52,38.4423],[141.52,38.4424]]],[[[141.52,38.4424],[141.52,38.4425],[141.52,38.4424],[141.52,38.4424]]],[[[141.5193,38.4425],[141.5193,38.4424],[141.5193,38.4424],[141.5193,38.4425]]],[[[141.5186,38.4425],[141.5185,38.4425],[141.5185,38.4425],[141.5186,38.4425]]],[[[141.518,38.4428],[141.518,38.4425],[141.5178,38.4425],[141.518,38.4428]]],[[[141.5182,38.4429],[141.5186,38.4427],[141.5185,38.4426],[141.5182,38.4429]]],[[[141.5197,38.4427],[141.5197,38.4428],[141.5197,38.4427],[141.5197,38.4427]]],[[[141.5182,38.4429],[141.5182,38.4429],[141.5182,38.443],[141.5182,38.4429]]],[[[141.5188,38.444],[141.5187,38.4441],[141.5188,38.4441],[141.5188,38.444]]],[[[141.5185,38.4469],[141.5185,38.447],[141.5185,38.447],[141.5185,38.4469]]],[[[141.5185,38.447],[141.5185,38.447],[141.5185,38.447],[141.5185,38.447]]],[[[141.5246,38.4537],[141.5271,38.4525],[141.5283,38.4547],[141.5283,38.454],[141.5303,38.4548],[141.531,38.4537],[141.5315,38.4537],[141.5319,38.4543],[141.5314,38.4531],[141.5304,38.453],[141.5303,38.4524],[141.5306,38.4523],[141.53,38.4524],[141.5294,38.4502],[141.5315,38.4496],[141.5301,38.4483],[141.5309,38.4479],[141.5323,38.4483],[141.5326,38.4476],[141.5331,38.4479],[141.5323,38.4473],[141.532,38.4464],[141.5339,38.4458],[141.5346,38.446],[141.5343,38.4457],[141.5343,38.4448],[141.5345,38.4446],[141.5347,38.4446],[141.5342,38.4441],[141.535,38.4438],[141.5328,38.4433],[141.5306,38.4409],[141.5296,38.4392],[141.5305,38.4387],[141.5311,38.4392],[141.5311,38.4391],[141.5302,38.4377],[141.5296,38.4383],[141.5291,38.4375],[141.5285,38.4381],[141.5264,38.437],[141.524,38.4381],[141.5261,38.4376],[141.5265,38.4388],[141.5263,38.439],[141.5247,38.4392],[141.5247,38.4393],[141.5263,38.4391],[141.5266,38.4388],[141.5273,38.4404],[141.5256,38.4399],[141.5253,38.4415],[141.524,38.4407],[141.5242,38.4393],[141.5227,38.4393],[141.5225,38.44],[141.5216,38.4396],[141.5214,38.4422],[141.5203,38.4415],[141.5203,38.4422],[141.52,38.4427],[141.5195,38.443],[141.519,38.4425],[141.5186,38.4429],[141.519,38.4446],[141.5178,38.4457],[141.5188,38.4462],[141.5186,38.4488],[141.5159,38.4507],[141.5178,38.4509],[141.5164,38.4521],[141.5181,38.4522],[141.5186,38.4537],[141.5181,38.454],[141.5191,38.4546],[141.518,38.4547],[141.5192,38.4552],[141.5194,38.4566],[141.5186,38.4577],[141.5164,38.4571],[141.5171,38.4599],[141.5161,38.4601],[141.5176,38.4608],[141.5176,38.4618],[141.5152,38.4624],[141.5168,38.4639],[141.5159,38.4651],[141.5179,38.4653],[141.5184,38.4652],[141.5191,38.4654],[141.5192,38.4646],[141.5205,38.4647],[141.5208,38.4639],[141.5229,38.4635],[141.5239,38.4623],[141.5234,38.4607],[141.5243,38.461],[141.5242,38.4605],[141.5244,38.46],[141.5262,38.4596],[141.5252,38.4593],[141.5269,38.4578],[141.5268,38.4558],[141.5252,38.4556],[141.5255,38.4548],[141.5245,38.4547],[141.5244,38.4541],[141.5246,38.4537]]],[[[141.5264,38.4531],[141.5265,38.4534],[141.5264,38.4531],[141.5264,38.4531]]],[[[141.5255,38.4535],[141.5255,38.4535],[141.5256,38.4535],[141.5255,38.4535]]],[[[141.5262,38.4535],[141.5262,38.4536],[141.5262,38.4535],[141.5262,38.4535]]],[[[141.5183,38.4537],[141.5183,38.4537],[141.5182,38.4537],[141.5183,38.4537]]],[[[141.5247,38.4543],[141.5247,38.4544],[141.5247,38.4543],[141.5247,38.4543]]],[[[141.5246,38.4545],[141.5246,38.4546],[141.5246,38.4545],[141.5246,38.4545]]],[[[141.5254,38.4546],[141.5253,38.4546],[141.5254,38.4547],[141.5254,38.4546]]],[[[141.5266,38.4555],[141.5265,38.4556],[141.5265,38.4556],[141.5266,38.4555]]],[[[141.526,38.4589],[141.5261,38.459],[141.526,38.4588],[141.526,38.4589]]],[[[141.5251,38.4601],[141.5252,38.4601],[141.5251,38.46],[141.5251,38.4601]]],[[[141.5257,38.4601],[141.5254,38.4601],[141.5256,38.4602],[141.5257,38.4601]]],[[[141.5258,38.4602],[141.5259,38.4603],[141.5259,38.4602],[141.5258,38.4602]]],[[[141.5246,38.4605],[141.5244,38.4601],[141.5243,38.4602],[141.5246,38.4605]]],[[[141.526,38.4604],[141.5261,38.4605],[141.526,38.4603],[141.526,38.4604]]],[[[141.525,38.4605],[141.5249,38.4604],[141.5249,38.4606],[141.525,38.4605]]],[[[141.5243,38.4611],[141.5242,38.4611],[141.5242,38.4611],[141.5243,38.4611]]],[[[141.5255,38.4633],[141.5263,38.4627],[141.5257,38.4625],[141.5255,38.4633]]],[[[141.5249,38.4631],[141.5249,38.463],[141.5248,38.4631],[141.5249,38.4631]]],[[[141.5252,38.463],[141.5252,38.4632],[141.5252,38.4632],[141.5252,38.463]]],[[[141.5241,38.4631],[141.5239,38.4632],[141.5241,38.4633],[141.5241,38.4631]]],[[[141.5242,38.4633],[141.5242,38.4633],[141.5242,38.4631],[141.5242,38.4633]]],[[[141.5256,38.4634],[141.5256,38.4635],[141.5256,38.4634],[141.5256,38.4634]]],[[[141.5248,38.4636],[141.5247,38.4636],[141.5247,38.4636],[141.5248,38.4636]]],[[[141.5237,38.4639],[141.5243,38.4634],[141.5235,38.4634],[141.5237,38.4639]]],[[[141.5232,38.4638],[141.5232,38.4637],[141.5231,38.4637],[141.5232,38.4638]]],[[[141.5258,38.4638],[141.5258,38.4638],[141.5257,38.4638],[141.5258,38.4638]]],[[[141.5252,38.4638],[141.525,38.4639],[141.5251,38.4639],[141.5252,38.4638]]],[[[141.5225,38.4641],[141.5228,38.4637],[141.5224,38.4638],[141.5225,38.4641]]],[[[141.521,38.4639],[141.521,38.464],[141.521,38.464],[141.521,38.4639]]],[[[141.526,38.4642],[141.526,38.4641],[141.5259,38.4642],[141.526,38.4642]]],[[[141.5227,38.4644],[141.5231,38.4643],[141.5229,38.464],[141.5227,38.4644]]],[[[141.5257,38.4645],[141.5256,38.4644],[141.5256,38.4646],[141.5257,38.4645]]],[[[141.5259,38.4652],[141.5268,38.4644],[141.5258,38.4643],[141.5259,38.4652]]],[[[141.5207,38.465],[141.5206,38.4648],[141.5205,38.4649],[141.5207,38.465]]],[[[141.5256,38.4648],[141.5255,38.4649],[141.5256,38.465],[141.5256,38.4648]]],[[[141.526,38.4653],[141.526,38.4653],[141.526,38.4653],[141.526,38.4653]]],[[[141.518,38.4653],[141.518,38.4653],[141.5181,38.4653],[141.518,38.4653]]],[[[141.5182,38.4656],[141.5182,38.4656],[141.5182,38.4656],[141.5182,38.4656]]],[[[141.518,38.4658],[141.518,38.4658],[141.5181,38.4658],[141.518,38.4658]]],[[[141.5177,38.4671],[141.5178,38.4672],[141.5179,38.4672],[141.5177,38.4671]]],[[[141.5177,38.4674],[141.5177,38.4674],[141.5177,38.4674],[141.5177,38.4674]]],[[[141.5179,38.4678],[141.518,38.468],[141.518,38.468],[141.5179,38.4678]]],[[[141.5181,38.4681],[141.518,38.4681],[141.5181,38.4681],[141.5181,38.4681]]],[[[141.5225,38.4734],[141.5224,38.4734],[141.5224,38.4735],[141.5225,38.4734]]],[[[141.5297,38.4137],[141.5298,38.4137],[141.5297,38.4136],[141.5297,38.4137]]],[[[141.5296,38.4139],[141.5296,38.4137],[141.5296,38.4138],[141.5296,38.4139]]],[[[141.5286,38.4372],[141.5286,38.4372],[141.5286,38.4372],[141.5286,38.4372]]],[[[141.5279,38.4374],[141.528,38.4374],[141.5279,38.4373],[141.5279,38.4374]]],[[[141.5308,38.4375],[141.5308,38.4375],[141.5308,38.4375],[141.5308,38.4375]]],[[[141.5281,38.4376],[141.5281,38.4376],[141.5281,38.4376],[141.5281,38.4376]]],[[[141.5301,38.4376],[141.5298,38.4375],[141.5297,38.4376],[141.5301,38.4376]]],[[[141.5307,38.438],[141.531,38.4377],[141.5306,38.4374],[141.5307,38.438]]],[[[141.5279,38.4377],[141.5278,38.4377],[141.5279,38.4377],[141.5279,38.4377]]],[[[141.5314,38.4377],[141.5314,38.4377],[141.5314,38.4377],[141.5314,38.4377]]],[[[141.5314,38.4379],[141.5312,38.4376],[141.5311,38.4376],[141.5314,38.4379]]],[[[141.5284,38.4377],[141.5285,38.4378],[141.5285,38.4378],[141.5284,38.4377]]],[[[141.5297,38.4378],[141.5298,38.4378],[141.5297,38.4378],[141.5297,38.4378]]],[[[141.5315,38.4379],[141.5315,38.4378],[141.5314,38.4378],[141.5315,38.4379]]],[[[141.5307,38.4381],[141.5307,38.4381],[141.5307,38.4381],[141.5307,38.4381]]],[[[141.531,38.4382],[141.5313,38.4382],[141.5311,38.4382],[141.531,38.4382]]],[[[141.5312,38.4385],[141.5311,38.4386],[141.5313,38.4388],[141.5312,38.4385]]],[[[141.5303,38.4389],[141.5303,38.4389],[141.5303,38.4389],[141.5303,38.4389]]],[[[141.5303,38.4392],[141.5303,38.4392],[141.5303,38.4392],[141.5303,38.4392]]],[[[141.5304,38.4392],[141.5304,38.4393],[141.5306,38.4394],[141.5304,38.4392]]],[[[141.5303,38.4393],[141.5303,38.4393],[141.5303,38.4393],[141.5303,38.4393]]],[[[141.5306,38.4394],[141.5305,38.4395],[141.5306,38.4395],[141.5306,38.4394]]],[[[141.5301,38.4395],[141.5301,38.4395],[141.5301,38.4395],[141.5302,38.4396],[141.5301,38.4395]]],[[[141.5303,38.4396],[141.5304,38.4397],[141.5303,38.4396],[141.5303,38.4396]]],[[[141.5304,38.4397],[141.5304,38.4397],[141.5304,38.4397],[141.5304,38.4397]]],[[[141.5309,38.4405],[141.5308,38.4404],[141.5308,38.4405],[141.5309,38.4405]]],[[[141.5321,38.4409],[141.5321,38.4409],[141.5321,38.4409],[141.5321,38.4409]]],[[[141.532,38.4412],[141.5319,38.4408],[141.5316,38.4408],[141.532,38.4412]]],[[[141.5321,38.441],[141.5322,38.4411],[141.5321,38.441],[141.5321,38.441]]],[[[141.5324,38.4412],[141.5324,38.441],[141.5323,38.441],[141.5324,38.4412]]],[[[141.5323,38.4412],[141.5323,38.4412],[141.5324,38.4412],[141.5323,38.4412]]],[[[141.5324,38.4412],[141.5324,38.4412],[141.5324,38.4412],[141.5324,38.4412]]],[[[141.5317,38.4415],[141.5317,38.4415],[141.5317,38.4415],[141.5317,38.4415]]],[[[141.5319,38.4416],[141.5319,38.4415],[141.5318,38.4415],[141.5319,38.4416]]],[[[141.5337,38.4431],[141.5336,38.4431],[141.5337,38.4431],[141.5337,38.4431]]],[[[141.5332,38.4433],[141.5332,38.4433],[141.5331,38.4433],[141.5332,38.4433]]],[[[141.533,38.4463],[141.533,38.4462],[141.5329,38.4462],[141.533,38.4463]]],[[[141.5332,38.4464],[141.5333,38.4464],[141.5334,38.4464],[141.5332,38.4464]]],[[[141.5323,38.4464],[141.5323,38.4464],[141.5323,38.4464],[141.5323,38.4464]]],[[[141.5335,38.4465],[141.5335,38.4465],[141.5335,38.4465],[141.5335,38.4465]]],[[[141.5336,38.4465],[141.5336,38.4465],[141.5336,38.4465],[141.5336,38.4465]]],[[[141.5323,38.4466],[141.5324,38.4466],[141.5323,38.4466],[141.5323,38.4466]]],[[[141.5335,38.4466],[141.5336,38.4467],[141.5336,38.4467],[141.5335,38.4466]]],[[[141.5324,38.4473],[141.5325,38.4473],[141.5325,38.4473],[141.5324,38.4473]]],[[[141.5326,38.4477],[141.5326,38.4478],[141.5327,38.4478],[141.5326,38.4477]]],[[[141.5329,38.4479],[141.533,38.448],[141.5331,38.448],[141.5329,38.4479]]],[[[141.5327,38.4483],[141.5327,38.4483],[141.5327,38.4483],[141.5327,38.4483]]],[[[141.5326,38.4483],[141.5326,38.4483],[141.5326,38.4483],[141.5326,38.4483]]],[[[141.531,38.449],[141.5313,38.4488],[141.531,38.4488],[141.531,38.449]]],[[[141.531,38.449],[141.531,38.449],[141.531,38.449],[141.531,38.449]]],[[[141.5311,38.449],[141.5311,38.449],[141.5311,38.4491],[141.5311,38.449]]],[[[141.5312,38.4491],[141.5313,38.4492],[141.5313,38.4491],[141.5312,38.4491]]],[[[141.5319,38.4499],[141.5318,38.4498],[141.5318,38.4499],[141.5319,38.4499]]],[[[141.5314,38.45],[141.5314,38.4499],[141.5314,38.4499],[141.5314,38.45]]],[[[141.5313,38.4501],[141.5313,38.4498],[141.5311,38.4499],[141.5313,38.4501]]],[[[141.5311,38.45],[141.5311,38.45],[141.5311,38.45],[141.5311,38.45]]],[[[141.5307,38.45],[141.5307,38.45],[141.5307,38.45],[141.5307,38.45]]],[[[141.5309,38.4502],[141.5312,38.4501],[141.5308,38.4501],[141.5309,38.4502]]],[[[141.53,38.4502],[141.53,38.4501],[141.5299,38.4502],[141.53,38.4502]]],[[[141.5317,38.4502],[141.5316,38.4502],[141.5317,38.4503],[141.5317,38.4502]]],[[[141.5299,38.4506],[141.5299,38.4507],[141.5299,38.4507],[141.5299,38.4506]]],[[[141.53,38.4507],[141.5301,38.4506],[141.53,38.4506],[141.53,38.4507]]],[[[141.5301,38.4509],[141.5301,38.451],[141.5301,38.4509],[141.5301,38.4509]]],[[[141.5302,38.4511],[141.5302,38.4511],[141.5302,38.4511],[141.5302,38.4511]]],[[[141.5303,38.4518],[141.5302,38.4519],[141.5303,38.4519],[141.5303,38.4518]]],[[[141.5302,38.4518],[141.5302,38.4519],[141.5302,38.4518],[141.5302,38.4518]]],[[[141.5304,38.4522],[141.5304,38.4522],[141.5303,38.4522],[141.5304,38.4522]]],[[[141.5305,38.4525],[141.5305,38.4524],[141.5305,38.4524],[141.5305,38.4525]]],[[[141.5305,38.4525],[141.5305,38.4526],[141.5305,38.4525],[141.5305,38.4525]]],[[[141.5305,38.4526],[141.5305,38.4526],[141.5305,38.4526],[141.5305,38.4526]]],[[[141.5316,38.4526],[141.5316,38.4527],[141.5316,38.4526],[141.5316,38.4526]]],[[[141.5317,38.4528],[141.5317,38.4527],[141.5317,38.4528],[141.5317,38.4528]]],[[[141.5316,38.4527],[141.5316,38.4528],[141.5317,38.4528],[141.5316,38.4527]]],[[[141.5316,38.4534],[141.5316,38.4534],[141.5316,38.4534],[141.5316,38.4534]]],[[[141.5325,38.4534],[141.533,38.4537],[141.5332,38.4534],[141.5325,38.4534]]],[[[141.5321,38.4537],[141.5322,38.4537],[141.5321,38.4537],[141.5321,38.4537]]],[[[141.5321,38.4537],[141.5319,38.4537],[141.5321,38.4538],[141.5321,38.4537]]],[[[141.5332,38.4537],[141.5332,38.4538],[141.5333,38.4537],[141.5332,38.4537]]],[[[141.5312,38.4538],[141.5313,38.4538],[141.5312,38.4538],[141.5312,38.4538]]],[[[141.5335,38.4541],[141.5334,38.4536],[141.5333,38.4536],[141.5335,38.4541]]],[[[141.5336,38.4544],[141.5333,38.4541],[141.5334,38.4543],[141.5335,38.4543],[141.5336,38.4544]]],[[[141.532,38.454],[141.5324,38.4545],[141.5321,38.4541],[141.532,38.454]]],[[[141.5318,38.4544],[141.5319,38.4543],[141.5318,38.4543],[141.5318,38.4544]]],[[[141.5309,38.4545],[141.5313,38.4545],[141.5308,38.4543],[141.5309,38.4545]]],[[[141.5335,38.4544],[141.5336,38.4545],[141.5335,38.4544],[141.5335,38.4544]]],[[[141.5325,38.4544],[141.5325,38.4545],[141.5325,38.4545],[141.5325,38.4544]]],[[[141.5308,38.4546],[141.5308,38.4546],[141.5308,38.4546],[141.5308,38.4546]]],[[[141.5281,38.4545],[141.5281,38.4547],[141.5281,38.4547],[141.5281,38.4545]]],[[[141.5296,38.4547],[141.5296,38.4547],[141.5295,38.4547],[141.5296,38.4547]]],[[[141.5313,38.4547],[141.5312,38.4547],[141.5312,38.4547],[141.5313,38.4547]]],[[[141.5294,38.4547],[141.5294,38.4547],[141.5293,38.4547],[141.5294,38.4547]]],[[[141.5315,38.4548],[141.5315,38.4546],[141.5314,38.4546],[141.5315,38.4548]]],[[[141.5317,38.4549],[141.5318,38.4548],[141.5317,38.4548],[141.5317,38.4549]]],[[[141.5299,38.455],[141.53,38.4549],[141.5297,38.4549],[141.5299,38.455]]],[[[141.5285,38.465],[141.5285,38.4649],[141.5284,38.465],[141.5285,38.465]]],[[[141.5424,38.4414],[141.5423,38.4414],[141.5423,38.4414],[141.5424,38.4414]]],[[[141.5422,38.4416],[141.5422,38.4416],[141.5422,38.4416],[141.5422,38.4416]]],[[[141.5424,38.4415],[141.5424,38.4417],[141.5425,38.4417],[141.5424,38.4415]]],[[[141.5427,38.4418],[141.5428,38.4417],[141.5428,38.4416],[141.5427,38.4418]]],[[[141.5425,38.4418],[141.5425,38.4417],[141.5425,38.4417],[141.5425,38.4418]]],[[[141.5427,38.4419],[141.5428,38.4419],[141.5427,38.4418],[141.5427,38.4419]]],[[[141.5427,38.4419],[141.5426,38.4419],[141.5427,38.4419],[141.5427,38.4419]]],[[[141.5424,38.4419],[141.5423,38.4419],[141.5423,38.4419],[141.5424,38.4419]]],[[[141.5437,38.4422],[141.5437,38.4421],[141.5437,38.4421],[141.5437,38.4422]]],[[[141.5435,38.4421],[141.5437,38.4422],[141.5436,38.4421],[141.5435,38.4421]]],[[[141.5428,38.4425],[141.5431,38.442],[141.5428,38.442],[141.5428,38.4425]]],[[[141.5437,38.4422],[141.5438,38.4424],[141.5439,38.4423],[141.5437,38.4422]]],[[[141.5427,38.4423],[141.5427,38.4424],[141.5427,38.4424],[141.5427,38.4423]]],[[[141.5425,38.4425],[141.5425,38.4424],[141.5425,38.4424],[141.5425,38.4425]]],[[[141.543,38.4426],[141.5432,38.4426],[141.5432,38.4425],[141.543,38.4426]]],[[[141.5427,38.4426],[141.5429,38.4428],[141.5427,38.4426],[141.5427,38.4426]]],[[[141.5426,38.4428],[141.5427,38.4429],[141.5427,38.4427],[141.5426,38.4428]]],[[[141.5339,38.443],[141.5338,38.4431],[141.5339,38.4431],[141.5339,38.443]]],[[[141.541,38.4431],[141.541,38.443],[141.541,38.443],[141.541,38.4431]]],[[[141.5433,38.443],[141.5432,38.4432],[141.5434,38.4432],[141.5433,38.443]]],[[[141.5428,38.4432],[141.543,38.4433],[141.5429,38.4431],[141.5428,38.4432]]],[[[141.5427,38.4433],[141.5427,38.4432],[141.5427,38.4433],[141.5427,38.4433]]],[[[141.5343,38.4434],[141.5343,38.4433],[141.5342,38.4434],[141.5343,38.4434]]],[[[141.542,38.4434],[141.5419,38.4434],[141.542,38.4434],[141.542,38.4434]]],[[[141.5337,38.4435],[141.5337,38.4434],[141.5337,38.4433],[141.5337,38.4435]]],[[[141.534,38.4434],[141.534,38.4434],[141.534,38.4434],[141.534,38.4434]]],[[[141.541,38.4438],[141.5412,38.4431],[141.5407,38.4434],[141.541,38.4438]]],[[[141.543,38.4435],[141.543,38.4434],[141.543,38.4434],[141.543,38.4435]]],[[[141.5425,38.4441],[141.5429,38.4436],[141.5422,38.4429],[141.5425,38.4441]]],[[[141.5342,38.4436],[141.5343,38.4436],[141.5343,38.4435],[141.5342,38.4436]]],[[[141.5416,38.4439],[141.5416,38.4439],[141.5416,38.4439],[141.5416,38.4439]]],[[[141.5414,38.444],[141.5415,38.4439],[141.5414,38.4439],[141.5414,38.444]]],[[[141.5351,38.4439],[141.535,38.444],[141.5351,38.444],[141.5351,38.444],[141.5351,38.4439]]],[[[141.5412,38.4441],[141.5414,38.444],[141.5411,38.4439],[141.5412,38.4441]]],[[[141.5414,38.4441],[141.5416,38.4441],[141.5414,38.444],[141.5414,38.4441]]],[[[141.5347,38.4442],[141.5345,38.4442],[141.5347,38.4442],[141.5347,38.4442]]],[[[141.5401,38.4443],[141.5401,38.4443],[141.5401,38.4443],[141.5401,38.4443]]],[[[141.5429,38.4443],[141.5429,38.4443],[141.5429,38.4443],[141.5429,38.4443]]],[[[141.5419,38.4443],[141.5419,38.4443],[141.5419,38.4443],[141.5419,38.4443]]],[[[141.5417,38.4442],[141.5416,38.4444],[141.5418,38.4444],[141.5417,38.4442]]],[[[141.5387,38.4444],[141.5387,38.4443],[141.5386,38.4444],[141.5387,38.4444]]],[[[141.5388,38.4444],[141.5388,38.4444],[141.5388,38.4444],[141.5388,38.4444]]],[[[141.5431,38.4444],[141.543,38.4444],[141.5432,38.4445],[141.5431,38.4444]]],[[[141.5387,38.4445],[141.5388,38.4445],[141.5388,38.4445],[141.5387,38.4445]]],[[[141.5381,38.4445],[141.5381,38.4445],[141.5381,38.4445],[141.5381,38.4445]]],[[[141.5394,38.4447],[141.5392,38.4443],[141.5391,38.4443],[141.5394,38.4447]]],[[[141.5349,38.4445],[141.5349,38.4445],[141.5349,38.4445],[141.5349,38.4445]]],[[[141.543,38.4447],[141.5433,38.4446],[141.5428,38.4443],[141.543,38.4447]]],[[[141.5402,38.4445],[141.5402,38.4446],[141.5403,38.4446],[141.5402,38.4445]]],[[[141.5345,38.4447],[141.5346,38.4447],[141.5345,38.4446],[141.5345,38.4447]]],[[[141.5414,38.4447],[141.5414,38.4447],[141.5414,38.4447],[141.5414,38.4447]]],[[[141.5382,38.4447],[141.5382,38.4447],[141.5381,38.4446],[141.5382,38.4447]]],[[[141.5347,38.4446],[141.5348,38.4447],[141.5347,38.4446],[141.5347,38.4446]]],[[[141.5353,38.4446],[141.5352,38.4448],[141.5353,38.4447],[141.5353,38.4446]]],[[[141.5394,38.4448],[141.5395,38.4449],[141.5394,38.4448],[141.5394,38.4448]]],[[[141.5391,38.4448],[141.5388,38.4446],[141.5391,38.445],[141.5391,38.4448]]],[[[141.5389,38.4451],[141.5386,38.4447],[141.5389,38.4451],[141.5389,38.4451]]],[[[141.5382,38.4449],[141.5383,38.445],[141.5383,38.4448],[141.5382,38.4449]]],[[[141.5345,38.4449],[141.5345,38.4449],[141.5345,38.4449],[141.5345,38.4449]]],[[[141.5433,38.445],[141.5433,38.445],[141.5434,38.445],[141.5433,38.445]]],[[[141.5345,38.445],[141.5346,38.445],[141.5345,38.445],[141.5345,38.445]]],[[[141.5389,38.4453],[141.5391,38.4453],[141.5389,38.4453],[141.5389,38.4453]]],[[[141.5393,38.4453],[141.5393,38.4454],[141.5393,38.4454],[141.5393,38.4453]]],[[[141.537,38.4453],[141.5371,38.4454],[141.5371,38.4455],[141.537,38.4453]]],[[[141.5347,38.4455],[141.5346,38.4455],[141.5348,38.4455],[141.5347,38.4455]]],[[[141.5345,38.4456],[141.5346,38.4457],[141.5346,38.4456],[141.5345,38.4456]]],[[[141.5351,38.4458],[141.5351,38.4458],[141.5351,38.4459],[141.5351,38.4458]]],[[[141.534,38.4459],[141.534,38.4459],[141.534,38.4459],[141.534,38.4459]]],[[[141.5348,38.4461],[141.5349,38.4459],[141.5346,38.4459],[141.5348,38.4461]]],[[[141.5342,38.446],[141.5342,38.4461],[141.5343,38.4461],[141.5342,38.446]]],[[[141.5345,38.4463],[141.5346,38.4461],[141.5344,38.4462],[141.5345,38.4463]]],[[[141.5356,38.4463],[141.5357,38.4462],[141.5356,38.4462],[141.5356,38.4463]]],[[[141.535,38.4463],[141.535,38.4465],[141.5352,38.4464],[141.535,38.4463]]],[[[141.5337,38.4464],[141.5337,38.4465],[141.5337,38.4465],[141.5337,38.4464]]],[[[141.5339,38.4465],[141.534,38.4465],[141.534,38.4465],[141.5339,38.4465]]],[[[141.5352,38.4466],[141.5352,38.4465],[141.5352,38.4465],[141.5352,38.4466]]],[[[141.5339,38.4466],[141.5339,38.4466],[141.5339,38.4466],[141.5339,38.4466]]],[[[141.5341,38.4467],[141.5341,38.4467],[141.5341,38.4467],[141.5341,38.4467]]],[[[141.5344,38.4536],[141.5347,38.4532],[141.5344,38.4534],[141.5344,38.4536]]],[[[141.535,38.4535],[141.535,38.4534],[141.535,38.4535],[141.535,38.4535]]],[[[141.5342,38.4535],[141.5342,38.4536],[141.5343,38.4536],[141.5342,38.4535]]],[[[141.5348,38.4535],[141.5348,38.4537],[141.5349,38.4535],[141.5348,38.4535]]],[[[141.5341,38.4536],[141.5341,38.4536],[141.5341,38.4536],[141.5341,38.4536]]],[[[141.5346,38.4536],[141.5345,38.4536],[141.5345,38.4537],[141.5346,38.4536]]],[[[141.5358,38.4538],[141.5357,38.4538],[141.5358,38.4539],[141.5358,38.4538]]],[[[141.534,38.454],[141.5342,38.4539],[141.5341,38.4539],[141.534,38.454]]],[[[141.5353,38.454],[141.5354,38.454],[141.5354,38.4539],[141.5353,38.454]]],[[[141.5346,38.4539],[141.5345,38.454],[141.5345,38.454],[141.5346,38.4539]]],[[[141.5355,38.454],[141.5355,38.454],[141.5355,38.454],[141.5355,38.454]]],[[[141.5341,38.4541],[141.5342,38.4541],[141.5342,38.4541],[141.5341,38.4541]]],[[[141.5354,38.4541],[141.5354,38.4541],[141.5354,38.4541],[141.5354,38.4541]]],[[[141.5354,38.4541],[141.5354,38.4541],[141.5354,38.4541],[141.5354,38.4541]]],[[[141.5337,38.4541],[141.5337,38.4541],[141.5337,38.4541],[141.5337,38.4541]]],[[[141.5357,38.4544],[141.5358,38.4545],[141.5358,38.4544],[141.5357,38.4544]]],[[[141.5345,38.4546],[141.5344,38.4547],[141.5345,38.4546],[141.5345,38.4546]]],[[[141.5791,38.4015],[141.579,38.4008],[141.5788,38.4006],[141.5791,38.4015]]],[[[141.5498,38.4018],[141.5498,38.4017],[141.5497,38.4019],[141.5498,38.4018]]],[[[141.5794,38.4022],[141.5795,38.4017],[141.5792,38.4018],[141.5794,38.4022]]],[[[141.5526,38.4021],[141.5528,38.4022],[141.5527,38.402],[141.5526,38.4021]]],[[[141.553,38.402],[141.5531,38.4021],[141.5531,38.4021],[141.553,38.402]]],[[[141.5494,38.4021],[141.5494,38.4022],[141.5494,38.4021],[141.5494,38.4021]]],[[[141.5836,38.4032],[141.58,38.3998],[141.5798,38.4009],[141.5833,38.4046],[141.5836,38.4032]]],[[[141.549,38.4022],[141.549,38.4022],[141.549,38.4022],[141.549,38.4022]]],[[[141.5792,38.4023],[141.5792,38.4022],[141.5791,38.4022],[141.5792,38.4023]]],[[[141.5846,38.4025],[141.5844,38.402],[141.584,38.4021],[141.5846,38.4025]]],[[[141.5498,38.4023],[141.5496,38.4023],[141.5497,38.4024],[141.5498,38.4023]]],[[[141.5493,38.4023],[141.5494,38.4024],[141.5494,38.4024],[141.5493,38.4023]]],[[[141.5503,38.4025],[141.5507,38.4022],[141.5503,38.4023],[141.5503,38.4025]]],[[[141.5529,38.4024],[141.5528,38.4023],[141.5528,38.4024],[141.5529,38.4024]]],[[[141.5534,38.4024],[141.5534,38.4024],[141.5535,38.4024],[141.5534,38.4024]]],[[[141.5526,38.4025],[141.5526,38.4024],[141.5526,38.4024],[141.5526,38.4025]]],[[[141.5509,38.4025],[141.551,38.4026],[141.551,38.4025],[141.5509,38.4025]]],[[[141.5536,38.4026],[141.5536,38.4026],[141.5535,38.4025],[141.5536,38.4026]]],[[[141.5529,38.4026],[141.5525,38.4027],[141.5528,38.4029],[141.5529,38.4026]]],[[[141.5846,38.4029],[141.5846,38.4028],[141.5846,38.4028],[141.5846,38.4029]]],[[[141.5538,38.4029],[141.5538,38.4029],[141.5538,38.4029],[141.5538,38.4029]]],[[[141.5504,38.4039],[141.5508,38.4028],[141.5495,38.4027],[141.549,38.4023],[141.5494,38.4033],[141.5486,38.4038],[141.5499,38.4037],[141.5504,38.4039]]],[[[141.5541,38.4031],[141.5541,38.4031],[141.5541,38.4031],[141.5541,38.4031]]],[[[141.554,38.4032],[141.554,38.4031],[141.5539,38.4031],[141.554,38.4032]]],[[[141.5542,38.4033],[141.5543,38.4032],[141.5542,38.4032],[141.5542,38.4033]]],[[[141.5512,38.4033],[141.5511,38.4032],[141.5511,38.4033],[141.5512,38.4033]]],[[[141.551,38.4033],[141.5509,38.4033],[141.5509,38.4033],[141.551,38.4033]]],[[[141.5537,38.4033],[141.5535,38.4034],[141.5537,38.4034],[141.5537,38.4033]]],[[[141.5537,38.4034],[141.5538,38.4035],[141.5538,38.4034],[141.5537,38.4034]]],[[[141.5511,38.4034],[141.5511,38.4034],[141.5512,38.4034],[141.5511,38.4034]]],[[[141.5483,38.4033],[141.5482,38.4034],[141.5483,38.4036],[141.5483,38.4033]]],[[[141.5513,38.4034],[141.5513,38.4035],[141.5513,38.4034],[141.5513,38.4034]]],[[[141.5511,38.4034],[141.5511,38.4035],[141.5511,38.4035],[141.5511,38.4034]]],[[[141.5481,38.4037],[141.5482,38.4035],[141.5482,38.4034],[141.5481,38.4037]]],[[[141.5479,38.4036],[141.5478,38.4036],[141.5478,38.4036],[141.5479,38.4036]]],[[[141.5507,38.4036],[141.5507,38.4037],[141.5507,38.4036],[141.5507,38.4036]]],[[[141.5541,38.4037],[141.5541,38.4037],[141.5541,38.4037],[141.5541,38.4037]]],[[[141.554,38.4037],[141.554,38.4038],[141.554,38.4038],[141.554,38.4037]]],[[[141.5508,38.4038],[141.5507,38.4037],[141.5506,38.4038],[141.5508,38.4038]]],[[[141.5539,38.4038],[141.5539,38.4039],[141.5539,38.4039],[141.5539,38.4038]]],[[[141.5526,38.4031],[141.5516,38.4031],[141.5519,38.4044],[141.554,38.4057],[141.5534,38.4033],[141.5537,38.4032],[141.553,38.4022],[141.5529,38.4028],[141.5526,38.4031]]],[[[141.5503,38.404],[141.5504,38.404],[141.5503,38.4039],[141.5503,38.404]]],[[[141.5542,38.404],[141.5541,38.404],[141.5542,38.404],[141.5542,38.404]]],[[[141.554,38.404],[141.554,38.404],[141.554,38.404],[141.554,38.404]]],[[[141.5481,38.4039],[141.5481,38.404],[141.5482,38.4041],[141.5481,38.4039]]],[[[141.5505,38.4041],[141.5504,38.404],[141.5504,38.4041],[141.5505,38.4041]]],[[[141.5505,38.4041],[141.5505,38.4042],[141.5505,38.4041],[141.5505,38.4041]]],[[[141.5485,38.4042],[141.5486,38.4042],[141.5485,38.4041],[141.5485,38.4042]]],[[[141.5664,38.4042],[141.5663,38.4041],[141.5663,38.4042],[141.5664,38.4042]]],[[[141.5807,38.4042],[141.5807,38.4042],[141.5807,38.4042],[141.5807,38.4042]]],[[[141.5498,38.4043],[141.5497,38.4045],[141.5499,38.4046],[141.5498,38.4043]]],[[[141.5488,38.4047],[141.5489,38.4043],[141.5488,38.4043],[141.5488,38.4047]]],[[[141.5545,38.4047],[141.5544,38.4043],[141.5542,38.4044],[141.5545,38.4047]]],[[[141.5842,38.4045],[141.5841,38.4046],[141.5842,38.4046],[141.5842,38.4045]]],[[[141.5548,38.4047],[141.5548,38.4046],[141.5547,38.4047],[141.5548,38.4047]]],[[[141.549,38.4047],[141.5491,38.4046],[141.5489,38.4047],[141.549,38.4047]]],[[[141.583,38.4047],[141.583,38.4047],[141.583,38.4047],[141.583,38.4047]]],[[[141.584,38.4047],[141.5841,38.4047],[141.584,38.4047],[141.584,38.4047]]],[[[141.552,38.4047],[141.5519,38.4049],[141.552,38.4048],[141.552,38.4047]]],[[[141.5841,38.4048],[141.5842,38.4048],[141.5841,38.4048],[141.5841,38.4048]]],[[[141.555,38.4047],[141.5549,38.4049],[141.555,38.4049],[141.555,38.4047]]],[[[141.549,38.4048],[141.549,38.4048],[141.5491,38.4048],[141.549,38.4048]]],[[[141.5524,38.4049],[141.5525,38.4049],[141.5523,38.4048],[141.5524,38.4049]]],[[[141.5495,38.4051],[141.5496,38.4048],[141.5495,38.4047],[141.5495,38.4051]]],[[[141.5519,38.405],[141.5519,38.405],[141.5519,38.405],[141.5519,38.405]]],[[[141.5487,38.4051],[141.5488,38.4051],[141.5487,38.4051],[141.5487,38.4051]]],[[[141.5831,38.4052],[141.5831,38.4051],[141.583,38.4051],[141.5831,38.4052]]],[[[141.554,38.4052],[141.5541,38.4052],[141.554,38.4051],[141.554,38.4052]]],[[[141.5542,38.4052],[141.5542,38.4052],[141.5542,38.4051],[141.5542,38.4052]]],[[[141.5539,38.4051],[141.554,38.4053],[141.554,38.4053],[141.5539,38.4051]]],[[[141.5832,38.4051],[141.5834,38.4053],[141.5835,38.4053],[141.5832,38.4051]]],[[[141.5833,38.4053],[141.5834,38.4054],[141.5834,38.4054],[141.5833,38.4053]]],[[[141.5835,38.4053],[141.5834,38.4054],[141.5836,38.4054],[141.5835,38.4053]]],[[[141.552,38.4055],[141.552,38.4055],[141.552,38.4055],[141.552,38.4055]]],[[[141.5531,38.4055],[141.5532,38.4056],[141.5531,38.4054],[141.5531,38.4055]]],[[[141.5837,38.4055],[141.5837,38.4055],[141.5837,38.4055],[141.5837,38.4055]]],[[[141.5534,38.406],[141.5535,38.4058],[141.5533,38.4057],[141.5534,38.406]]],[[[141.5533,38.4061],[141.5534,38.4061],[141.5533,38.406],[141.5533,38.4061]]],[[[141.5536,38.4061],[141.5537,38.4062],[141.5536,38.4061],[141.5536,38.4061]]],[[[141.5528,38.4062],[141.5528,38.4062],[141.5528,38.4062],[141.5528,38.4062]]],[[[141.5546,38.4064],[141.5544,38.4063],[141.5545,38.4064],[141.5546,38.4064]]],[[[141.5527,38.4066],[141.5528,38.4062],[141.5526,38.4062],[141.5527,38.4066]]],[[[141.5539,38.4066],[141.5539,38.4064],[141.5537,38.4063],[141.5539,38.4066]]],[[[141.5521,38.4066],[141.5522,38.4067],[141.5521,38.4066],[141.5521,38.4066]]],[[[141.5534,38.4066],[141.5534,38.4067],[141.5534,38.4067],[141.5534,38.4066]]],[[[141.5523,38.407],[141.5524,38.4068],[141.5522,38.4068],[141.5523,38.407]]],[[[141.5825,38.407],[141.5825,38.4071],[141.5826,38.407],[141.5825,38.407]]],[[[141.5831,38.4077],[141.583,38.4075],[141.5828,38.4075],[141.5831,38.4077]]],[[[141.5454,38.4417],[141.5453,38.4416],[141.5453,38.4416],[141.5454,38.4417]]],[[[141.544,38.4417],[141.5441,38.4417],[141.544,38.4417],[141.544,38.4417]]],[[[141.5452,38.4419],[141.545,38.4417],[141.5449,38.4417],[141.5452,38.4419]]],[[[141.5456,38.4419],[141.5455,38.4421],[141.5457,38.4422],[141.5456,38.4419]]],[[[141.5455,38.4421],[141.5454,38.4421],[141.5454,38.4421],[141.5455,38.4421]]],[[[141.5443,38.4422],[141.5444,38.4421],[141.5442,38.4421],[141.5443,38.4422]]],[[[141.546,38.443],[141.546,38.443],[141.546,38.443],[141.546,38.443]]],[[[141.5905,38.3922],[141.5906,38.3923],[141.5905,38.3922],[141.5905,38.3922]]],[[[141.5906,38.3923],[141.5906,38.3923],[141.5906,38.3923],[141.5906,38.3923]]],[[[141.5908,38.3924],[141.5908,38.3923],[141.5908,38.3923],[141.5908,38.3924]]],[[[141.5907,38.3923],[141.5907,38.3924],[141.5907,38.3923],[141.5907,38.3923]]],[[[141.5908,38.3924],[141.5908,38.3923],[141.5907,38.3924],[141.5908,38.3924]]],[[[141.591,38.3924],[141.5909,38.3923],[141.5909,38.3924],[141.591,38.3924]]],[[[141.5908,38.3924],[141.5908,38.3924],[141.5907,38.3924],[141.5908,38.3924]]],[[[141.5906,38.393],[141.5906,38.3929],[141.5906,38.393],[141.5906,38.393]]],[[[141.5907,38.393],[141.5907,38.393],[141.5907,38.393],[141.5907,38.393]]],[[[141.5905,38.3931],[141.5906,38.3928],[141.5901,38.3926],[141.5909,38.3939],[141.5905,38.3931]]],[[[141.5908,38.3935],[141.5908,38.3935],[141.5908,38.3935],[141.5908,38.3935]]],[[[141.5908,38.3942],[141.5908,38.3942],[141.5908,38.3941],[141.5908,38.3942]]],[[[141.593,38.3945],[141.5923,38.3943],[141.5929,38.3948],[141.593,38.3945]]],[[[141.5927,38.3948],[141.5927,38.3948],[141.5927,38.3948],[141.5927,38.3948]]],[[[141.5921,38.3959],[141.5926,38.3946],[141.5918,38.3949],[141.5921,38.3959]]],[[[141.5913,38.3964],[141.5911,38.3962],[141.5911,38.3962],[141.5913,38.3964]]],[[[141.5952,38.3967],[141.5952,38.3967],[141.5952,38.3966],[141.5952,38.3967]]],[[[141.596,38.3968],[141.596,38.3969],[141.596,38.3968],[141.596,38.3968]]],[[[141.5959,38.3969],[141.5959,38.3969],[141.5959,38.3969],[141.5959,38.3969]]],[[[141.5904,38.397],[141.5906,38.397],[141.5904,38.3969],[141.5904,38.397]]],[[[141.5962,38.397],[141.5962,38.3969],[141.5961,38.397],[141.5962,38.397]]],[[[141.5953,38.3971],[141.5953,38.3972],[141.5953,38.3971],[141.5953,38.3971]]],[[[141.5873,38.3971],[141.5873,38.3972],[141.5873,38.3971],[141.5873,38.3971]]],[[[141.5873,38.3972],[141.5874,38.3972],[141.5873,38.3972],[141.5873,38.3972]]],[[[141.5874,38.3973],[141.5875,38.3976],[141.5876,38.3974],[141.5874,38.3973]]],[[[141.5896,38.3978],[141.5896,38.3978],[141.5896,38.3978],[141.5896,38.3978]]],[[[141.5878,38.3976],[141.5877,38.3978],[141.5879,38.398],[141.5878,38.3976]]],[[[141.5873,38.3981],[141.5873,38.398],[141.5872,38.398],[141.5873,38.3981]]],[[[141.588,38.3981],[141.5879,38.398],[141.5879,38.3981],[141.588,38.3981]]],[[[141.5877,38.3983],[141.5876,38.3979],[141.5873,38.3981],[141.5877,38.3983]]],[[[141.5918,38.4027],[141.5947,38.4008],[141.5954,38.4004],[141.5967,38.4027],[141.5963,38.4013],[141.5966,38.3996],[141.5981,38.3999],[141.5994,38.3977],[141.5952,38.3972],[141.5933,38.3957],[141.5905,38.3974],[141.5895,38.3973],[141.5902,38.3974],[141.5893,38.3991],[141.5911,38.401],[141.5912,38.4004],[141.5921,38.4004],[141.5923,38.401],[141.5926,38.4001],[141.5934,38.3997],[141.5942,38.4002],[141.5918,38.4027]]],[[[141.5878,38.3994],[141.5878,38.3994],[141.5878,38.3994],[141.5878,38.3994]]],[[[141.5886,38.3996],[141.5887,38.3996],[141.5886,38.3996],[141.5886,38.3996]]],[[[141.5877,38.3996],[141.5877,38.3996],[141.5876,38.3996],[141.5877,38.3996]]],[[[141.5885,38.3993],[141.588,38.3993],[141.5879,38.3995],[141.5877,38.3994],[141.5888,38.4002],[141.5885,38.3993]]],[[[141.5886,38.4004],[141.5886,38.4004],[141.5885,38.4003],[141.5886,38.4004]]],[[[141.5879,38.4004],[141.588,38.4004],[141.588,38.4004],[141.5879,38.4004]]],[[[141.5885,38.4004],[141.5885,38.4004],[141.5885,38.4004],[141.5885,38.4004]]],[[[141.5885,38.4004],[141.5885,38.4003],[141.5882,38.4003],[141.5885,38.4005],[141.5885,38.4004]]],[[[141.5916,38.4004],[141.5917,38.4004],[141.5917,38.4004],[141.5916,38.4004]]],[[[141.5889,38.4005],[141.589,38.4005],[141.5888,38.4005],[141.5889,38.4005]]],[[[141.588,38.4006],[141.588,38.4005],[141.5879,38.4005],[141.588,38.4006]]],[[[141.592,38.4006],[141.5921,38.4005],[141.592,38.4005],[141.592,38.4006]]],[[[141.5915,38.4005],[141.5915,38.4006],[141.5915,38.4005],[141.5915,38.4005]]],[[[141.5913,38.4006],[141.5914,38.4006],[141.5913,38.4006],[141.5913,38.4006]]],[[[141.5885,38.4006],[141.5885,38.4006],[141.5885,38.4006],[141.5885,38.4006]]],[[[141.588,38.4007],[141.588,38.4006],[141.5878,38.4006],[141.588,38.4007]]],[[[141.5891,38.4006],[141.5892,38.4006],[141.5892,38.4006],[141.5891,38.4006]]],[[[141.5952,38.4006],[141.5952,38.4007],[141.5952,38.4007],[141.5952,38.4006]]],[[[141.5951,38.4007],[141.5951,38.4007],[141.5951,38.4007],[141.5951,38.4007]]],[[[141.595,38.4007],[141.595,38.4008],[141.5951,38.4008],[141.595,38.4007]]],[[[141.5913,38.4008],[141.5914,38.4008],[141.5914,38.4008],[141.5913,38.4008]]],[[[141.5953,38.4008],[141.5953,38.4008],[141.5953,38.4008],[141.5953,38.4008]]],[[[141.5947,38.4008],[141.5948,38.4008],[141.5947,38.4008],[141.5947,38.4008]]],[[[141.5925,38.4008],[141.5925,38.4008],[141.5924,38.4008],[141.5925,38.4008]]],[[[141.5924,38.4009],[141.5925,38.401],[141.5925,38.4009],[141.5924,38.4009]]],[[[141.592,38.401],[141.5921,38.4009],[141.592,38.401],[141.592,38.401]]],[[[141.5922,38.401],[141.5921,38.401],[141.5922,38.401],[141.5922,38.401]]],[[[141.5924,38.401],[141.5924,38.401],[141.5923,38.401],[141.5924,38.401]]],[[[141.5925,38.4011],[141.5925,38.401],[141.5925,38.401],[141.5925,38.4011]]],[[[141.5923,38.401],[141.5923,38.4011],[141.5923,38.401],[141.5923,38.401]]],[[[141.5955,38.4011],[141.5956,38.401],[141.5955,38.401],[141.5955,38.4011]]],[[[141.5922,38.401],[141.5922,38.4012],[141.5923,38.4012],[141.5922,38.401]]],[[[141.5956,38.4012],[141.5957,38.4012],[141.5955,38.4011],[141.5956,38.4012]]],[[[141.5956,38.4013],[141.5956,38.4013],[141.5956,38.4013],[141.5956,38.4013]]],[[[141.5924,38.4012],[141.5924,38.4013],[141.5925,38.4013],[141.5924,38.4012]]],[[[141.5921,38.4016],[141.5922,38.4012],[141.5917,38.4013],[141.5921,38.4016]]],[[[141.5959,38.4016],[141.5959,38.4017],[141.596,38.4016],[141.5959,38.4016]]],[[[141.5919,38.4017],[141.5919,38.4016],[141.5919,38.4016],[141.5919,38.4017]]],[[[141.5922,38.4016],[141.5921,38.4017],[141.5923,38.4017],[141.5922,38.4016]]],[[[141.5958,38.4017],[141.5957,38.4017],[141.5958,38.4017],[141.5958,38.4017]]],[[[141.596,38.4017],[141.596,38.4017],[141.596,38.4017],[141.596,38.4017]]],[[[141.5959,38.4018],[141.5959,38.4018],[141.5959,38.4018],[141.5959,38.4018]]],[[[141.5962,38.4022],[141.5963,38.4023],[141.5963,38.4022],[141.5962,38.4022]]],[[[141.5962,38.4023],[141.5962,38.4024],[141.5962,38.4024],[141.5962,38.4023]]],[[[141.5963,38.4026],[141.5963,38.4025],[141.5962,38.4026],[141.5963,38.4026]]],[[[141.5917,38.4027],[141.5915,38.4026],[141.5915,38.4027],[141.5917,38.4027]]],[[[141.5926,38.4029],[141.5926,38.4029],[141.5926,38.4029],[141.5926,38.4029]]],[[[141.5926,38.4029],[141.5926,38.4029],[141.5925,38.4029],[141.5926,38.4029]]],[[[141.5927,38.403],[141.5928,38.4031],[141.5928,38.403],[141.5927,38.403]]],[[[141.5927,38.4031],[141.5928,38.4031],[141.5927,38.4031],[141.5927,38.4031]]],[[[141.5921,38.4221],[141.5922,38.4221],[141.5923,38.422],[141.5921,38.4221]]],[[[141.5923,38.4221],[141.5923,38.4222],[141.5924,38.4221],[141.5923,38.4221]]],[[[141.592,38.4222],[141.592,38.4222],[141.5921,38.4222],[141.592,38.4222]]],[[[141.5914,38.4223],[141.5915,38.4223],[141.5914,38.4223],[141.5914,38.4223]]],[[[141.5916,38.4224],[141.5916,38.4224],[141.5916,38.4224],[141.5916,38.4224]]],[[[141.5936,38.4226],[141.5936,38.4225],[141.5936,38.4226],[141.5936,38.4226]]],[[[141.5955,38.4228],[141.595,38.4223],[141.5933,38.4227],[141.5915,38.4222],[141.5933,38.424],[141.5957,38.4233],[141.5955,38.4228]]],[[[141.5923,38.4239],[141.5924,38.4239],[141.5923,38.4239],[141.5923,38.4239]]],[[[141.5937,38.4241],[141.5937,38.424],[141.5936,38.424],[141.5937,38.4241]]],[[[141.5957,38.4241],[141.5958,38.424],[141.5957,38.424],[141.5957,38.4241]]],[[[141.5962,38.4243],[141.5959,38.4241],[141.5959,38.4242],[141.5962,38.4243]]],[[[141.5929,38.4243],[141.593,38.4243],[141.593,38.4243],[141.5929,38.4243]]],[[[141.5956,38.4244],[141.5956,38.4245],[141.5957,38.4244],[141.5956,38.4244]]],[[[141.5933,38.4245],[141.5933,38.4245],[141.5934,38.4245],[141.5933,38.4245]]],[[[141.5985,38.383],[141.5985,38.3831],[141.5986,38.383],[141.5985,38.383]]],[[[141.5986,38.3831],[141.5987,38.3831],[141.5987,38.3831],[141.5986,38.3831]]],[[[141.5987,38.3832],[141.5987,38.3832],[141.5988,38.3832],[141.5987,38.3832]]],[[[141.6012,38.3832],[141.6013,38.3832],[141.6013,38.3832],[141.6012,38.3832]]],[[[141.599,38.3836],[141.5988,38.3836],[141.599,38.3836],[141.599,38.3836]]],[[[141.5994,38.3838],[141.5995,38.3838],[141.5994,38.3837],[141.5994,38.3838]]],[[[141.5996,38.3838],[141.5996,38.3838],[141.5996,38.3838],[141.5996,38.3838]]],[[[141.5997,38.384],[141.5994,38.3839],[141.5996,38.3841],[141.5997,38.384]]],[[[141.5995,38.3841],[141.5994,38.3842],[141.5995,38.3843],[141.5995,38.3841]]],[[[141.5995,38.3842],[141.5996,38.3843],[141.5996,38.3842],[141.5995,38.3842]]],[[[141.6009,38.3849],[141.6017,38.3842],[141.6001,38.3839],[141.6009,38.3849]]],[[[141.6028,38.3852],[141.6028,38.3852],[141.6027,38.3852],[141.6028,38.3852]]],[[[141.6056,38.386],[141.6056,38.3861],[141.6056,38.386],[141.6056,38.386]]],[[[141.6044,38.3869],[141.6044,38.387],[141.6044,38.387],[141.6044,38.3869]]],[[[141.6046,38.3875],[141.6046,38.3876],[141.6047,38.3876],[141.6046,38.3875]]],[[[141.6049,38.3878],[141.6049,38.3878],[141.6049,38.3878],[141.6049,38.3878]]],[[[141.6058,38.388],[141.6057,38.388],[141.6057,38.3881],[141.6058,38.388]]],[[[141.6021,38.3883],[141.6022,38.3883],[141.6021,38.3883],[141.6021,38.3883]]],[[[141.6016,38.3885],[141.6016,38.3884],[141.6016,38.3884],[141.6016,38.3885]]],[[[141.6003,38.3857],[141.603,38.3875],[141.6018,38.3894],[141.6064,38.3919],[141.6052,38.3896],[141.6063,38.3897],[141.6054,38.389],[141.6057,38.388],[141.6051,38.3882],[141.6037,38.3874],[141.6048,38.3865],[141.6028,38.3853],[141.6003,38.3857]]],[[[141.6015,38.3888],[141.6015,38.3888],[141.6015,38.3888],[141.6015,38.3888]]],[[[141.5966,38.3967],[141.5966,38.3967],[141.5968,38.3965],[141.5967,38.3965],[141.5966,38.3967]]],[[[141.5966,38.3967],[141.5971,38.3967],[141.5972,38.3965],[141.5966,38.3967]]],[[[141.5967,38.397],[141.5971,38.3968],[141.5967,38.3969],[141.5967,38.397]]],[[[141.5965,38.3971],[141.5965,38.397],[141.5965,38.397],[141.5965,38.3971]]],[[[141.5972,38.3971],[141.5972,38.397],[141.597,38.397],[141.5972,38.3971]]],[[[141.5966,38.3971],[141.5967,38.3971],[141.5966,38.397],[141.5966,38.3971]]],[[[141.597,38.3971],[141.5971,38.3971],[141.5969,38.397],[141.597,38.3971]]],[[[141.5975,38.3974],[141.5974,38.3973],[141.5974,38.3974],[141.5975,38.3974]]],[[[141.5995,38.3975],[141.5996,38.3974],[141.5996,38.3974],[141.5995,38.3975]]],[[[141.6,38.3977],[141.5999,38.3974],[141.5994,38.3976],[141.6,38.3977]]],[[[141.6,38.3978],[141.5999,38.3978],[141.5999,38.3978],[141.6,38.3978]]],[[[141.5986,38.3992],[141.5986,38.3993],[141.5986,38.3992],[141.5986,38.3992]]],[[[141.5968,38.3998],[141.5967,38.3998],[141.5967,38.3998],[141.5968,38.3998]]],[[[141.5968,38.3999],[141.5969,38.3999],[141.5969,38.3999],[141.5968,38.3999]]],[[[141.5978,38.4001],[141.5977,38.4],[141.5977,38.4001],[141.5978,38.4001]]],[[[141.6025,38.4001],[141.6025,38.4001],[141.6025,38.4001],[141.6025,38.4001]]],[[[141.6026,38.4004],[141.6024,38.4003],[141.6025,38.4001],[141.6023,38.4001],[141.6024,38.4004],[141.6026,38.4004]]],[[[141.5979,38.4008],[141.5994,38.4009],[141.5991,38.3996],[141.5979,38.4008]]],[[[141.6025,38.4003],[141.6025,38.4003],[141.6026,38.4003],[141.6025,38.4003]]],[[[141.6021,38.4003],[141.6021,38.4004],[141.6021,38.4003],[141.6021,38.4003]]],[[[141.6024,38.4004],[141.6024,38.4005],[141.6024,38.4004],[141.6024,38.4004]]],[[[141.5967,38.4006],[141.5967,38.4006],[141.5967,38.4006],[141.5967,38.4006]]],[[[141.5966,38.4008],[141.5966,38.4007],[141.5966,38.4007],[141.5966,38.4008]]],[[[141.6,38.4008],[141.6,38.4008],[141.6,38.4008],[141.6,38.4008]]],[[[141.5966,38.4008],[141.5966,38.4008],[141.5965,38.4008],[141.5966,38.4008]]],[[[141.5966,38.4008],[141.5966,38.4008],[141.5966,38.4008],[141.5966,38.4008]]],[[[141.6,38.4008],[141.6,38.4008],[141.6,38.4008],[141.6,38.4008]]],[[[141.5999,38.4009],[141.5999,38.4008],[141.5999,38.4008],[141.5999,38.4009]]],[[[141.5999,38.4009],[141.5998,38.4009],[141.5998,38.401],[141.5999,38.4009]]],[[[141.6002,38.401],[141.6002,38.4009],[141.6001,38.401],[141.6002,38.401]]],[[[141.6,38.401],[141.6,38.401],[141.5999,38.401],[141.6,38.401]]],[[[141.6,38.401],[141.6001,38.4011],[141.6001,38.401],[141.6,38.401]]],[[[141.5996,38.4014],[141.5995,38.4009],[141.5992,38.4012],[141.5996,38.4014]]],[[[141.6005,38.401],[141.6003,38.4012],[141.6004,38.4013],[141.6005,38.401]]],[[[141.6003,38.4012],[141.6003,38.4012],[141.6003,38.4012],[141.6003,38.4012]]],[[[141.6004,38.4014],[141.6011,38.4014],[141.6005,38.4011],[141.6004,38.4014]]],[[[141.6003,38.4013],[141.6003,38.4013],[141.6002,38.4013],[141.6003,38.4013]]],[[[141.5966,38.4014],[141.5965,38.4012],[141.5964,38.4013],[141.5966,38.4014]]],[[[141.6003,38.4013],[141.6003,38.4013],[141.6003,38.4013],[141.6003,38.4013]]],[[[141.5993,38.4014],[141.5993,38.4014],[141.5993,38.4014],[141.5993,38.4014]]],[[[141.6015,38.4014],[141.6014,38.4014],[141.6015,38.4014],[141.6015,38.4014]]],[[[141.6004,38.4015],[141.6004,38.4014],[141.6004,38.4014],[141.6004,38.4015]]],[[[141.599,38.4012],[141.5991,38.4016],[141.5996,38.4017],[141.599,38.4012]]],[[[141.5967,38.4015],[141.5967,38.4015],[141.5967,38.4015],[141.5967,38.4015]]],[[[141.5986,38.4015],[141.5984,38.4016],[141.5986,38.4015],[141.5986,38.4015]]],[[[141.5965,38.4015],[141.5965,38.4016],[141.5966,38.4015],[141.5965,38.4015]]],[[[141.5987,38.4016],[141.5987,38.4015],[141.5986,38.4016],[141.5987,38.4016]]],[[[141.6022,38.4016],[141.6024,38.4016],[141.6023,38.4015],[141.6022,38.4016]]],[[[141.5966,38.4016],[141.5965,38.4016],[141.5967,38.4016],[141.5966,38.4016]]],[[[141.5986,38.4016],[141.5986,38.4016],[141.5986,38.4016],[141.5986,38.4016]]],[[[141.5968,38.4017],[141.5968,38.4017],[141.5968,38.4017],[141.5968,38.4017]]],[[[141.5988,38.4019],[141.5988,38.4019],[141.5988,38.4019],[141.5988,38.4019]]],[[[141.5986,38.4019],[141.5986,38.4019],[141.5986,38.4019],[141.5986,38.4019]]],[[[141.5988,38.402],[141.5989,38.4019],[141.5988,38.4019],[141.5988,38.402]]],[[[141.597,38.4019],[141.597,38.4019],[141.597,38.4019],[141.597,38.4019]]],[[[141.5992,38.402],[141.5992,38.4019],[141.5991,38.4019],[141.5992,38.402]]],[[[141.597,38.402],[141.5969,38.4019],[141.5969,38.402],[141.597,38.402]]],[[[141.5989,38.402],[141.5989,38.402],[141.5989,38.402],[141.5989,38.402]]],[[[141.5991,38.4021],[141.5991,38.402],[141.5991,38.4021],[141.5991,38.4021]]],[[[141.599,38.4021],[141.599,38.402],[141.599,38.402],[141.599,38.4021]]],[[[141.597,38.4021],[141.5969,38.4021],[141.5969,38.4021],[141.597,38.4021]]],[[[141.5968,38.4021],[141.5968,38.4021],[141.5968,38.4021],[141.5968,38.4021]]],[[[141.5969,38.4021],[141.5969,38.4021],[141.5969,38.4021],[141.5969,38.4021]]],[[[141.5991,38.4021],[141.5992,38.4021],[141.5992,38.4021],[141.5991,38.4021]]],[[[141.5992,38.4021],[141.5993,38.4021],[141.5993,38.4021],[141.5992,38.4021]]],[[[141.599,38.4021],[141.5991,38.4022],[141.5991,38.4022],[141.599,38.4021]]],[[[141.5992,38.4022],[141.5992,38.4022],[141.5992,38.4022],[141.5992,38.4022]]],[[[141.5964,38.4023],[141.5963,38.4023],[141.5963,38.4023],[141.5964,38.4023]]],[[[141.5968,38.4028],[141.5968,38.4027],[141.5967,38.4027],[141.5968,38.4028]]],[[[141.5969,38.4029],[141.5968,38.4027],[141.5968,38.4028],[141.5969,38.4029]]],[[[141.597,38.4028],[141.597,38.4029],[141.597,38.4029],[141.597,38.4028]]],[[[141.5969,38.4029],[141.5969,38.4029],[141.5969,38.4029],[141.5969,38.4029]]],[[[141.5968,38.4029],[141.5968,38.4029],[141.5969,38.4029],[141.5968,38.4029]]],[[[141.5964,38.4243],[141.5968,38.4244],[141.5965,38.4241],[141.5964,38.4243]]]]}},{"type":"Feature","properties":{"code":"04606","name":"南三陸町","pref_code":"04","pref":"宮城県"},"geometry":{"type":"MultiPolygon","coordinates":[[[[141.482,38.6427],[141.482,38.6426],[141.482,38.6426],[141.482,38.6427]]],[[[141.4569,38.6427],[141.4569,38.6427],[141.4569,38.6427],[141.4569,38.6427]]],[[[141.4567,38.6427],[141.4569,38.6428],[141.4568,38.6427],[141.4567,38.6427]]],[[[141.4819,38.6429],[141.4819,38.6429],[141.4819,38.6429],[141.4819,38.6429]]],[[[141.4872,38.6432],[141.4872,38.6431],[141.4872,38.6432],[141.4872,38.6432]]],[[[141.4902,38.6433],[141.4903,38.6433],[141.4903,38.6433],[141.4902,38.6433]]],[[[141.4901,38.6443],[141.4901,38.6442],[141.4901,38.6443],[141.4901,38.6443]]],[[[141.4901,38.6443],[141.4901,38.6443],[141.4901,38.6443],[141.4901,38.6443]]],[[[141.4898,38.6444],[141.4898,38.6444],[141.4898,38.6444],[141.4898,38.6444]]],[[[141.4889,38.6448],[141.4888,38.6448],[141.4889,38.6448],[141.4889,38.6448]]],[[[141.4771,38.6453],[141.4772,38.6453],[141.4771,38.6452],[141.4771,38.6453]]],[[[141.4775,38.6455],[141.4775,38.6455],[141.4771,38.6454],[141.4775,38.6455]]],[[[141.4795,38.6483],[141.4799,38.6484],[141.4799,38.6478],[141.4795,38.6483]]],[[[141.4872,38.65],[141.4874,38.6501],[141.4873,38.6499],[141.4872,38.65]]],[[[141.4875,38.6501],[141.4874,38.6501],[141.4875,38.6501],[141.4875,38.65],[141.4875,38.6501]]],[[[141.4874,38.6501],[141.4874,38.6501],[141.4874,38.6501],[141.4874,38.6501]]],[[[141.4874,38.6501],[141.4874,38.6501],[141.4874,38.6501],[141.4874,38.6501]]],[[[141.4875,38.6501],[141.4875,38.6501],[141.4876,38.6501],[141.4875,38.6501]]],[[[141.487,38.6502],[141.487,38.6502],[141.487,38.6502],[141.487,38.6502]]],[[[141.4871,38.6502],[141.487,38.6502],[141.487,38.6502],[141.4871,38.6502]]],[[[141.4869,38.6502],[141.4869,38.6503],[141.487,38.6503],[141.4869,38.6502]]],[[[141.4868,38.6502],[141.4868,38.6502],[141.4869,38.6503],[141.4868,38.6502]]],[[[141.4869,38.6502],[141.4869,38.6503],[141.4869,38.6503],[141.4869,38.6502]]],[[[141.4868,38.6503],[141.4868,38.6503],[141.4868,38.6503],[141.4868,38.6503]]],[[[141.4868,38.6503],[141.4868,38.6503],[141.4869,38.6503],[141.4868,38.6503]]],[[[141.4869,38.6504],[141.4869,38.6504],[141.487,38.6504],[141.4869,38.6504]]],[[[141.4883,38.6504],[141.4882,38.6504],[141.4883,38.6505],[141.4883,38.6504]]],[[[141.4882,38.6505],[141.4882,38.6505],[141.4883,38.6505],[141.4882,38.6505]]],[[[141.4902,38.6506],[141.4902,38.6505],[141.4902,38.6505],[141.4902,38.6506]]],[[[141.4882,38.6506],[141.4882,38.6506],[141.4882,38.6505],[141.4882,38.6506]]],[[[141.488,38.6505],[141.488,38.6505],[141.4879,38.6506],[141.488,38.6505]]],[[[141.49,38.6506],[141.4899,38.6506],[141.4899,38.6506],[141.49,38.6506]]],[[[141.4897,38.6506],[141.4898,38.6506],[141.4897,38.6506],[141.4897,38.6506]]],[[[141.4893,38.6508],[141.4894,38.6508],[141.4893,38.6507],[141.4893,38.6508]]],[[[141.4898,38.6507],[141.4898,38.6508],[141.4898,38.6507],[141.4898,38.6507]]],[[[141.4879,38.6506],[141.4878,38.6505],[141.4874,38.6502],[141.487,38.6501],[141.4871,38.6502],[141.4871,38.6508],[141.4874,38.6511],[141.4871,38.6516],[141.4885,38.6522],[141.4883,38.6528],[141.4904,38.6522],[141.4902,38.6518],[141.4907,38.6516],[141.4906,38.651],[141.4886,38.6508],[141.4879,38.6506]]],[[[141.4904,38.6518],[141.4904,38.6519],[141.4904,38.6519],[141.4904,38.6518]]],[[[141.4873,38.652],[141.4873,38.6519],[141.4871,38.652],[141.4873,38.652]]],[[[141.4877,38.652],[141.4877,38.652],[141.4877,38.6521],[141.4877,38.652]]],[[[141.4876,38.6521],[141.4876,38.6521],[141.4877,38.6521],[141.4876,38.6521]]],[[[141.4874,38.6523],[141.4874,38.6523],[141.4874,38.6523],[141.4874,38.6523]]],[[[141.4874,38.6523],[141.4873,38.6524],[141.4873,38.6524],[141.4874,38.6523]]],[[[141.4874,38.6524],[141.4874,38.6524],[141.4875,38.6524],[141.4874,38.6524]]],[[[141.4904,38.6524],[141.4904,38.6524],[141.4904,38.6524],[141.4904,38.6524]]],[[[141.4899,38.6526],[141.4901,38.6527],[141.4901,38.6525],[141.4899,38.6526]]],[[[141.4904,38.6526],[141.4904,38.6526],[141.4903,38.6526],[141.4904,38.6526]]],[[[141.4905,38.6527],[141.4905,38.6527],[141.4904,38.6527],[141.4905,38.6527]]],[[[141.4898,38.6527],[141.4899,38.6528],[141.4899,38.6527],[141.4898,38.6527]]],[[[141.4898,38.6527],[141.4898,38.6527],[141.4898,38.6528],[141.4898,38.6527]]],[[[141.4886,38.6529],[141.4886,38.653],[141.4886,38.6529],[141.4886,38.6529]]],[[[141.4898,38.6531],[141.4898,38.6531],[141.4899,38.6531],[141.4898,38.6531]]],[[[141.4894,38.653],[141.4895,38.6532],[141.4896,38.6532],[141.4894,38.653]]],[[[141.4891,38.6531],[141.4891,38.6531],[141.4891,38.6531],[141.4891,38.6531]]],[[[141.4888,38.6531],[141.4888,38.6532],[141.4888,38.6531],[141.4888,38.6531]]],[[[141.4899,38.6533],[141.4899,38.6533],[141.4899,38.6533],[141.4899,38.6533]]],[[[141.4896,38.6533],[141.4896,38.6532],[141.4895,38.6533],[141.4896,38.6533]]],[[[141.4896,38.6534],[141.4896,38.6534],[141.4896,38.6534],[141.4896,38.6534]]],[[[141.4881,38.6534],[141.4882,38.6535],[141.4883,38.6534],[141.4881,38.6534]]],[[[141.4884,38.6535],[141.4884,38.6535],[141.4883,38.6536],[141.4884,38.6535]]],[[[141.4481,38.6558],[141.4481,38.6557],[141.448,38.6557],[141.4481,38.6558]]],[[[141.4488,38.6562],[141.4487,38.6561],[141.4488,38.6562],[141.4488,38.6562]]],[[[141.4489,38.6562],[141.4489,38.6562],[141.4489,38.6562],[141.4489,38.6562]]],[[[141.4497,38.657],[141.4497,38.657],[141.4497,38.657],[141.4497,38.657]]],[[[141.4497,38.657],[141.4496,38.6571],[141.4497,38.6571],[141.4497,38.657]]],[[[141.4497,38.6571],[141.4497,38.6572],[141.4498,38.6571],[141.4497,38.6571]]],[[[141.4499,38.6579],[141.4499,38.6579],[141.4499,38.6579],[141.4499,38.6579]]],[[[141.4499,38.658],[141.4499,38.658],[141.4498,38.658],[141.4499,38.658]]],[[[141.4499,38.6581],[141.4499,38.6581],[141.4499,38.6582],[141.4499,38.6581]]],[[[141.4496,38.6583],[141.4496,38.6583],[141.4497,38.6583],[141.4496,38.6583]]],[[[141.4498,38.6584],[141.4497,38.6584],[141.4497,38.6585],[141.4498,38.6584]]],[[[141.4498,38.6584],[141.4498,38.6584],[141.4498,38.6584],[141.4498,38.6584]]],[[[141.4498,38.6585],[141.4498,38.6585],[141.4498,38.6584],[141.4498,38.6585]]],[[[141.4495,38.6586],[141.4496,38.6586],[141.4496,38.6586],[141.4495,38.6586]]],[[[141.4495,38.6588],[141.4495,38.6587],[141.4494,38.6588],[141.4495,38.6588]]],[[[141.4495,38.6589],[141.4494,38.6589],[141.4495,38.6589],[141.4495,38.6589]]],[[[141.4487,38.6592],[141.4487,38.6593],[141.4487,38.6592],[141.4487,38.6592]]],[[[141.4487,38.6593],[141.4486,38.6593],[141.4487,38.6594],[141.4487,38.6593]]],[[[141.4486,38.6597],[141.4485,38.6597],[141.4485,38.6598],[141.4486,38.6597]]],[[[141.4482,38.6598],[141.4482,38.6598],[141.4482,38.6598],[141.4482,38.6598]]],[[[141.4483,38.6598],[141.4483,38.6598],[141.4483,38.6598],[141.4483,38.6598]]],[[[141.448,38.6599],[141.4481,38.6599],[141.448,38.6599],[141.448,38.6599]]],[[[141.4477,38.6602],[141.4478,38.6602],[141.4478,38.6602],[141.4477,38.6602]]],[[[141.4483,38.6602],[141.4482,38.6602],[141.4483,38.6603],[141.4483,38.6602]]],[[[141.4477,38.6602],[141.4477,38.6602],[141.4478,38.6602],[141.4477,38.6602]]],[[[141.4477,38.6602],[141.4477,38.6602],[141.4477,38.6603],[141.4477,38.6602]]],[[[141.4477,38.6603],[141.4478,38.6603],[141.4478,38.6603],[141.4477,38.6603]]],[[[141.4477,38.6604],[141.4477,38.6603],[141.4477,38.6604],[141.4477,38.6604]]],[[[141.4475,38.6606],[141.4475,38.6606],[141.4476,38.6606],[141.4475,38.6606]]],[[[141.4623,38.6652],[141.4622,38.6653],[141.4623,38.6653],[141.4623,38.6652]]],[[[141.4614,38.6657],[141.4616,38.6656],[141.4614,38.6656],[141.4614,38.6657]]],[[[141.4617,38.6658],[141.4616,38.6657],[141.4615,38.6659],[141.4617,38.6658]]],[[[141.4617,38.6659],[141.4616,38.6659],[141.4617,38.6659],[141.4617,38.6659]]],[[[141.4616,38.6659],[141.4616,38.6659],[141.4616,38.6659],[141.4616,38.6659]]],[[[141.4615,38.666],[141.4615,38.666],[141.4616,38.6659],[141.4615,38.666]]],[[[141.4615,38.6662],[141.4614,38.6661],[141.4613,38.6662],[141.4615,38.6662]]],[[[141.4617,38.6662],[141.4616,38.6662],[141.4616,38.6662],[141.4617,38.6662]]],[[[141.4615,38.6662],[141.4613,38.6664],[141.4615,38.6663],[141.4615,38.6662]]],[[[141.4624,38.6665],[141.4628,38.6664],[141.4625,38.6663],[141.4624,38.6665]]],[[[141.4632,38.6679],[141.4632,38.6678],[141.4632,38.6678],[141.4632,38.6679]]],[[[141.4633,38.6679],[141.4634,38.6679],[141.4634,38.6679],[141.4633,38.6679]]],[[[141.4632,38.6686],[141.4634,38.6685],[141.4631,38.6685],[141.4632,38.6686]]],[[[141.4634,38.6686],[141.4634,38.6685],[141.4633,38.6686],[141.4634,38.6686]]],[[[141.463,38.6686],[141.4626,38.6689],[141.463,38.6688],[141.4632,38.6687],[141.463,38.6686]]],[[[141.4633,38.6703],[141.4633,38.6702],[141.4632,38.6701],[141.4633,38.6703]]],[[[141.4635,38.6703],[141.4634,38.6703],[141.4634,38.6704],[141.4635,38.6703]]],[[[141.4638,38.6704],[141.4638,38.6704],[141.4638,38.6704],[141.4638,38.6704]]],[[[141.4634,38.6705],[141.4638,38.6706],[141.4636,38.6704],[141.4634,38.6705]]],[[[141.4639,38.6705],[141.4639,38.6705],[141.4639,38.6705],[141.4639,38.6705]]],[[[141.4639,38.6706],[141.4638,38.6706],[141.4639,38.6706],[141.4639,38.6706]]],[[[141.4538,38.6727],[141.4537,38.6727],[141.4538,38.6728],[141.4538,38.6727]]],[[[141.4473,38.6734],[141.4474,38.6722],[141.4473,38.673],[141.4473,38.6734]]],[[[141.54,38.7472],[141.5409,38.744],[141.5364,38.7434],[141.5365,38.7411],[141.5351,38.7409],[141.5351,38.7399],[141.5374,38.7398],[141.5385,38.7424],[141.5399,38.7396],[141.5407,38.7391],[141.5418,38.7392],[141.5425,38.7394],[141.5428,38.7399],[141.545,38.7391],[141.5452,38.7407],[141.5465,38.7399],[141.5468,38.7404],[141.5464,38.7376],[141.5486,38.7356],[141.5449,38.7357],[141.5464,38.7334],[141.5482,38.7334],[141.5521,38.7357],[141.5515,38.7373],[141.5527,38.7379],[141.5531,38.7388],[141.5534,38.738],[141.5539,38.7379],[141.5554,38.7378],[141.556,38.7383],[141.5561,38.7387],[141.557,38.7373],[141.5582,38.7374],[141.5584,38.738],[141.5587,38.7374],[141.5599,38.7372],[141.5605,38.7376],[141.5607,38.7381],[141.5609,38.7379],[141.5612,38.739],[141.5632,38.739],[141.5633,38.7402],[141.564,38.7404],[141.5648,38.7396],[141.5651,38.7399],[141.5645,38.7375],[141.5647,38.7374],[141.5647,38.7372],[141.5648,38.7371],[141.565,38.7371],[141.5659,38.7371],[141.565,38.7353],[141.5652,38.7344],[141.5658,38.7341],[141.5643,38.734],[141.5656,38.7333],[141.5643,38.7335],[141.564,38.7314],[141.563,38.7326],[141.563,38.7323],[141.5625,38.7321],[141.5621,38.7316],[141.5621,38.7307],[141.5618,38.7315],[141.5612,38.7305],[141.5627,38.7306],[141.5624,38.7296],[141.5636,38.7289],[141.5648,38.7289],[141.5652,38.7293],[141.5644,38.7283],[141.5648,38.728],[141.566,38.7282],[141.5657,38.7273],[141.5663,38.7263],[141.5659,38.7261],[141.5666,38.7258],[141.566,38.7257],[141.5657,38.7249],[141.5643,38.7257],[141.5635,38.7256],[141.562,38.7245],[141.5618,38.7238],[141.56,38.724],[141.5599,38.7233],[141.5586,38.724],[141.5584,38.7225],[141.5604,38.7227],[141.558,38.7224],[141.558,38.721],[141.5592,38.7208],[141.5598,38.7191],[141.5581,38.7209],[141.5567,38.7193],[141.5581,38.7154],[141.5591,38.7157],[141.5596,38.7155],[141.5601,38.715],[141.5583,38.7154],[141.5587,38.7146],[141.5614,38.7129],[141.5654,38.7124],[141.5655,38.7117],[141.5664,38.7111],[141.5654,38.7085],[141.5661,38.7082],[141.5653,38.7067],[141.5658,38.7055],[141.5655,38.7052],[141.5649,38.7055],[141.5644,38.7053],[141.5627,38.7034],[141.563,38.7029],[141.5637,38.7026],[141.5639,38.7027],[141.5641,38.7025],[141.564,38.7019],[141.5633,38.7014],[141.5633,38.701],[141.5647,38.7003],[141.5635,38.6984],[141.5641,38.6979],[141.5634,38.6977],[141.5633,38.6967],[141.5627,38.6972],[141.5623,38.6972],[141.5597,38.6955],[141.5603,38.6945],[141.5612,38.6938],[141.5614,38.6939],[141.5611,38.6936],[141.5611,38.6929],[141.5618,38.6916],[141.5599,38.69],[141.5591,38.6911],[141.5583,38.6917],[141.5577,38.6915],[141.5576,38.6937],[141.5571,38.6942],[141.5557,38.6943],[141.5554,38.6939],[141.5553,38.6951],[141.5547,38.6956],[141.5543,38.6953],[141.555,38.6978],[141.5529,38.6989],[141.5548,38.6979],[141.5592,38.7011],[141.5582,38.7027],[141.556,38.7038],[141.5556,38.7044],[141.5584,38.7038],[141.5581,38.7051],[141.5563,38.7048],[141.5577,38.7058],[141.5532,38.7092],[141.5466,38.7118],[141.5461,38.7116],[141.5464,38.7109],[141.5462,38.7103],[141.5461,38.7115],[141.5444,38.7105],[141.5439,38.7106],[141.5415,38.7084],[141.5393,38.7095],[141.538,38.7094],[141.5362,38.7053],[141.5359,38.7068],[141.5356,38.7073],[141.5353,38.7074],[141.5361,38.7082],[141.5339,38.7099],[141.536,38.7099],[141.5358,38.7114],[141.532,38.7162],[141.5288,38.7154],[141.53,38.7162],[141.5293,38.7177],[141.5255,38.7171],[141.5245,38.7152],[141.5241,38.7165],[141.5223,38.7159],[141.524,38.7136],[141.5256,38.7146],[141.524,38.7132],[141.5246,38.7114],[141.5262,38.7107],[141.5258,38.71],[141.5263,38.7096],[141.5259,38.7093],[141.5262,38.7091],[141.526,38.7088],[141.526,38.7086],[141.5258,38.7087],[141.5254,38.7098],[141.5249,38.7101],[141.5226,38.7102],[141.5208,38.7088],[141.5206,38.7075],[141.5225,38.7067],[141.5234,38.7077],[141.5226,38.7067],[141.5232,38.7057],[141.5243,38.7055],[141.523,38.7053],[141.5228,38.7048],[141.5231,38.7046],[141.5229,38.7042],[141.5225,38.7044],[141.5217,38.7041],[141.5215,38.7024],[141.5213,38.7025],[141.5201,38.7021],[141.5204,38.7018],[141.52,38.7017],[141.5202,38.701],[141.5206,38.7005],[141.5214,38.7],[141.5209,38.6998],[141.5208,38.6999],[141.5208,38.7],[141.5204,38.7],[141.5204,38.7],[141.5203,38.7],[141.5202,38.6999],[141.52,38.7],[141.5198,38.6998],[141.5188,38.6981],[141.5179,38.6985],[141.5173,38.6981],[141.5172,38.6964],[141.518,38.6962],[141.5171,38.6956],[141.517,38.6953],[141.5177,38.6948],[141.5187,38.6951],[141.5192,38.6946],[141.5188,38.6947],[141.5184,38.6945],[141.5186,38.694],[141.518,38.694],[141.5189,38.6936],[141.5184,38.6936],[141.5185,38.6927],[141.5172,38.6926],[141.5173,38.6922],[141.5178,38.6921],[141.5176,38.6914],[141.5158,38.6915],[141.5163,38.6893],[141.5149,38.6891],[141.5127,38.6876],[141.511,38.6878],[141.5106,38.6852],[141.5094,38.6857],[141.5092,38.6854],[141.5095,38.6875],[141.508,38.6897],[141.5065,38.6901],[141.5056,38.69],[141.5062,38.6911],[141.5007,38.6898],[141.5012,38.6908],[141.5009,38.693],[141.4993,38.6954],[141.4977,38.6947],[141.4988,38.6934],[141.497,38.6899],[141.4929,38.6893],[141.4917,38.6908],[141.4901,38.6896],[141.491,38.6892],[141.4904,38.6879],[141.4915,38.6875],[141.4913,38.6859],[141.4934,38.6841],[141.4948,38.6844],[141.4946,38.6826],[141.496,38.6824],[141.4959,38.6809],[141.4971,38.6805],[141.4963,38.679],[141.4952,38.6784],[141.4946,38.6775],[141.4947,38.674],[141.4929,38.6737],[141.4925,38.6765],[141.4883,38.6757],[141.49,38.6762],[141.4884,38.6779],[141.4871,38.6777],[141.4867,38.676],[141.4875,38.6758],[141.4839,38.676],[141.4816,38.6744],[141.4808,38.6775],[141.4767,38.6796],[141.4762,38.6785],[141.4766,38.6796],[141.4748,38.68],[141.4729,38.6785],[141.4737,38.6764],[141.4755,38.6765],[141.4714,38.6764],[141.466,38.6708],[141.4676,38.6735],[141.465,38.6741],[141.4638,38.6721],[141.4655,38.6711],[141.4641,38.6718],[141.4615,38.6698],[141.4635,38.6671],[141.4628,38.6665],[141.4624,38.6665],[141.4622,38.6663],[141.4614,38.6667],[141.4612,38.6702],[141.4526,38.6699],[141.4584,38.6706],[141.4557,38.6729],[141.4537,38.6729],[141.4536,38.6739],[141.4523,38.6739],[141.4522,38.673],[141.4514,38.672],[141.4522,38.6744],[141.4489,38.6738],[141.4488,38.6721],[141.4511,38.6715],[141.4481,38.6722],[141.448,38.6733],[141.4443,38.6735],[141.446,38.6689],[141.4468,38.6688],[141.446,38.6682],[141.4472,38.6688],[141.4456,38.6647],[141.4462,38.6624],[141.4481,38.6594],[141.4502,38.6576],[141.449,38.6567],[141.4486,38.6559],[141.4479,38.6558],[141.447,38.6546],[141.4457,38.654],[141.4435,38.6509],[141.4424,38.6476],[141.4433,38.6469],[141.4424,38.6475],[141.4412,38.6465],[141.4429,38.6437],[141.4483,38.6428],[141.4521,38.6443],[141.4551,38.6424],[141.4568,38.6425],[141.4573,38.6398],[141.4581,38.6394],[141.4598,38.644],[141.4593,38.6422],[141.4613,38.6417],[141.4622,38.6446],[141.4603,38.6448],[141.4626,38.6446],[141.4624,38.6464],[141.4642,38.6479],[141.4711,38.6446],[141.4746,38.6442],[141.4752,38.6457],[141.4771,38.6454],[141.4771,38.6451],[141.4772,38.6449],[141.4777,38.6445],[141.4788,38.6446],[141.4792,38.6437],[141.4812,38.6438],[141.4823,38.6421],[141.4844,38.6414],[141.4863,38.642],[141.4865,38.6431],[141.4854,38.6434],[141.487,38.643],[141.4872,38.6431],[141.4874,38.6437],[141.4887,38.6448],[141.4898,38.6443],[141.49,38.6444],[141.4902,38.6424],[141.4918,38.6419],[141.4928,38.6427],[141.4921,38.6429],[141.4919,38.6432],[141.4942,38.643],[141.4957,38.644],[141.4961,38.645],[141.4964,38.645],[141.4962,38.6447],[141.4966,38.6445],[141.4971,38.6447],[141.4976,38.6452],[141.4964,38.6437],[141.4967,38.6435],[141.4965,38.643],[141.4972,38.6415],[141.5009,38.6404],[141.5039,38.6417],[141.5036,38.6412],[141.5042,38.6401],[141.5046,38.64],[141.504,38.6394],[141.5049,38.6389],[141.5029,38.6386],[141.5035,38.6381],[141.5053,38.6384],[141.505,38.6372],[141.5055,38.6369],[141.5058,38.6373],[141.5059,38.6369],[141.5069,38.6371],[141.5087,38.6392],[141.5104,38.6383],[141.5099,38.6384],[141.5093,38.6381],[141.5092,38.6378],[141.5103,38.6363],[141.5106,38.6376],[141.5112,38.6367],[141.5127,38.6367],[141.5133,38.6371],[141.5132,38.6371],[141.5134,38.6375],[141.5134,38.6383],[141.5139,38.6378],[141.5148,38.638],[141.515,38.6382],[141.5151,38.6392],[141.5154,38.638],[141.5169,38.6378],[141.5185,38.6401],[141.5182,38.6379],[141.5189,38.6373],[141.5207,38.6375],[141.5198,38.6384],[141.5212,38.6372],[141.523,38.6374],[141.523,38.6372],[141.5227,38.6372],[141.5226,38.637],[141.523,38.6367],[141.5233,38.6368],[141.5235,38.6362],[141.5242,38.6359],[141.5255,38.6373],[141.5293,38.6366],[141.5296,38.6371],[141.5291,38.6355],[141.5291,38.6346],[141.5293,38.6344],[141.5294,38.6343],[141.5283,38.6338],[141.5289,38.6335],[141.5285,38.6333],[141.5282,38.6329],[141.5288,38.6325],[141.5278,38.6325],[141.5275,38.6321],[141.5289,38.6304],[141.5238,38.6325],[141.5212,38.6311],[141.5187,38.6277],[141.5161,38.6263],[141.5141,38.622],[141.508,38.6147],[141.4983,38.6173],[141.4935,38.6229],[141.4856,38.6186],[141.4844,38.6197],[141.479,38.6196],[141.4743,38.6208],[141.4701,38.6194],[141.466,38.6161],[141.461,38.6149],[141.4575,38.6097],[141.4532,38.6105],[141.4462,38.6088],[141.4478,38.6038],[141.4389,38.6004],[141.4366,38.5975],[141.4319,38.5967],[141.4261,38.5931],[141.4166,38.594],[141.4141,38.5971],[141.407,38.5978],[141.4063,38.5997],[141.4071,38.6018],[141.4159,38.6058],[141.4096,38.611],[141.405,38.6093],[141.3994,38.6105],[141.3999,38.6163],[141.4035,38.6243],[141.3956,38.6268],[141.3901,38.6359],[141.3884,38.6364],[141.3904,38.6385],[141.3861,38.6459],[141.3837,38.6476],[141.3803,38.648],[141.3794,38.6507],[141.3781,38.6509],[141.3758,38.6539],[141.3755,38.6581],[141.3773,38.6634],[141.3765,38.6673],[141.3799,38.6679],[141.3855,38.6717],[141.3857,38.6737],[141.3801,38.6772],[141.3768,38.6764],[141.3723,38.6771],[141.3721,38.6819],[141.3733,38.6821],[141.3742,38.6839],[141.3737,38.6852],[141.3747,38.6856],[141.3752,38.6885],[141.3739,38.6892],[141.3722,38.688],[141.371,38.6895],[141.3676,38.69],[141.371,38.6926],[141.3717,38.6953],[141.3701,38.6987],[141.3712,38.7018],[141.3698,38.7034],[141.37,38.7071],[141.3718,38.7107],[141.3704,38.7138],[141.3686,38.715],[141.3694,38.716],[141.3687,38.7189],[141.3755,38.719],[141.3779,38.7201],[141.3779,38.7224],[141.3823,38.7217],[141.3849,38.7236],[141.3897,38.7239],[141.3911,38.7255],[141.3933,38.7258],[141.3924,38.7313],[141.4058,38.7359],[141.4119,38.7359],[141.4152,38.741],[141.4188,38.7413],[141.422,38.7401],[141.4275,38.7414],[141.4325,38.7407],[141.4351,38.7425],[141.4356,38.745],[141.437,38.745],[141.4416,38.7486],[141.4467,38.7457],[141.4511,38.7452],[141.4542,38.7421],[141.4573,38.7425],[141.4587,38.7446],[141.4637,38.745],[141.4673,38.7507],[141.4755,38.7535],[141.4806,38.7515],[141.4814,38.7493],[141.4864,38.7457],[141.4965,38.7459],[141.499,38.7446],[141.5001,38.7421],[141.504,38.7449],[141.5083,38.7452],[141.5127,38.747],[141.5154,38.7464],[141.5176,38.7485],[141.5215,38.7489],[141.5269,38.7472],[141.5302,38.7486],[141.5317,38.7478],[141.5323,38.7483],[141.5337,38.7493],[141.5335,38.748],[141.5352,38.7468],[141.5381,38.7492],[141.5377,38.7487],[141.5375,38.7482],[141.5383,38.7478],[141.5387,38.748],[141.5382,38.7472],[141.54,38.7472]]],[[[141.4818,38.6736],[141.482,38.6736],[141.4819,38.6735],[141.4818,38.6736]]],[[[141.4817,38.6736],[141.4818,38.6735],[141.4817,38.6735],[141.4817,38.6736]]],[[[141.4815,38.6737],[141.4816,38.6737],[141.4816,38.6737],[141.4815,38.6737]]],[[[141.4818,38.6739],[141.4818,38.6738],[141.4816,38.6738],[141.4818,38.6739]]],[[[141.483,38.6741],[141.483,38.674],[141.483,38.6741],[141.483,38.6741]]],[[[141.4815,38.6742],[141.4815,38.6743],[141.4816,38.6742],[141.4815,38.6742]]],[[[141.47,38.6747],[141.47,38.6746],[141.4699,38.6746],[141.47,38.6747]]],[[[141.4837,38.6748],[141.4836,38.6747],[141.4837,38.6748],[141.4837,38.6748]]],[[[141.4843,38.6749],[141.4841,38.6749],[141.4842,38.675],[141.4843,38.6749]]],[[[141.4841,38.675],[141.4842,38.675],[141.4842,38.675],[141.4841,38.675]]],[[[141.4861,38.6755],[141.486,38.6754],[141.4861,38.6755],[141.4861,38.6755]]],[[[141.4861,38.6755],[141.4861,38.6755],[141.4861,38.6755],[141.4861,38.6755]]],[[[141.485,38.6755],[141.4851,38.6755],[141.4851,38.6755],[141.485,38.6755]]],[[[141.486,38.6756],[141.4861,38.6756],[141.4861,38.6756],[141.486,38.6756]]],[[[141.4844,38.6756],[141.4843,38.6756],[141.4844,38.6757],[141.4844,38.6756]]],[[[141.4844,38.6757],[141.4844,38.6757],[141.4844,38.6757],[141.4844,38.6757]]],[[[141.4858,38.6757],[141.4859,38.6757],[141.4858,38.6757],[141.4858,38.6757]]],[[[141.4858,38.6757],[141.4858,38.6757],[141.4858,38.6757],[141.4858,38.6757]]],[[[141.4784,38.6783],[141.4784,38.6783],[141.4784,38.6784],[141.4784,38.6783]]],[[[141.5039,38.6382],[141.5039,38.6382],[141.504,38.6383],[141.5039,38.6382]]],[[[141.5042,38.6382],[141.5042,38.6383],[141.5042,38.6382],[141.5042,38.6382]]],[[[141.5042,38.6403],[141.5043,38.6403],[141.5043,38.6402],[141.5042,38.6403]]],[[[141.5042,38.6409],[141.5042,38.6409],[141.5043,38.6408],[141.5042,38.6409]]],[[[141.5042,38.6412],[141.5042,38.6412],[141.5042,38.6411],[141.5042,38.6412]]],[[[141.5042,38.6412],[141.5042,38.6412],[141.5042,38.6412],[141.5042,38.6412]]],[[[141.499,38.6412],[141.499,38.6413],[141.499,38.6413],[141.499,38.6412]]],[[[141.5038,38.6413],[141.5038,38.6412],[141.5037,38.6413],[141.5038,38.6413]]],[[[141.4993,38.6412],[141.4993,38.6414],[141.4994,38.6412],[141.4993,38.6412]]],[[[141.5014,38.6413],[141.5014,38.6413],[141.5014,38.6413],[141.5014,38.6413]]],[[[141.5041,38.6414],[141.5041,38.6414],[141.5041,38.6413],[141.5041,38.6414]]],[[[141.5041,38.6414],[141.5041,38.6414],[141.5041,38.6414],[141.5041,38.6414]]],[[[141.5022,38.6414],[141.5022,38.6414],[141.5022,38.6414],[141.5022,38.6414]]],[[[141.5042,38.6414],[141.5043,38.6414],[141.5043,38.6414],[141.5042,38.6414]]],[[[141.5042,38.6414],[141.5042,38.6414],[141.5042,38.6414],[141.5042,38.6414]]],[[[141.504,38.6414],[141.504,38.6414],[141.5041,38.6414],[141.504,38.6414]]],[[[141.5039,38.6415],[141.504,38.6415],[141.5039,38.6414],[141.5039,38.6415]]],[[[141.5019,38.6415],[141.5019,38.6415],[141.5019,38.6415],[141.5019,38.6415]]],[[[141.503,38.6414],[141.5029,38.6415],[141.5032,38.6416],[141.503,38.6414]]],[[[141.5041,38.6416],[141.504,38.6415],[141.504,38.6415],[141.5041,38.6416]]],[[[141.5029,38.6415],[141.5029,38.6416],[141.5029,38.6416],[141.5029,38.6415]]],[[[141.5017,38.6416],[141.5016,38.6416],[141.5017,38.6416],[141.5017,38.6416]]],[[[141.5029,38.6418],[141.5028,38.6416],[141.5028,38.6418],[141.5029,38.6418]]],[[[141.5025,38.6419],[141.5026,38.6419],[141.5027,38.6416],[141.5025,38.6419]]],[[[141.4968,38.6426],[141.4969,38.6426],[141.4969,38.6425],[141.4968,38.6426]]],[[[141.4969,38.6426],[141.497,38.6426],[141.497,38.6426],[141.4969,38.6426]]],[[[141.5039,38.6426],[141.5038,38.6426],[141.5038,38.6426],[141.5039,38.6426]]],[[[141.5041,38.6427],[141.5041,38.6426],[141.504,38.6427],[141.5041,38.6427]]],[[[141.504,38.6427],[141.504,38.6427],[141.504,38.6427],[141.504,38.6427]]],[[[141.5041,38.6426],[141.5042,38.643],[141.5044,38.6426],[141.5041,38.6426]]],[[[141.504,38.6429],[141.504,38.6429],[141.504,38.6429],[141.504,38.6429]]],[[[141.4967,38.6429],[141.4967,38.6429],[141.4966,38.6429],[141.4967,38.6429]]],[[[141.4968,38.6429],[141.4968,38.643],[141.4968,38.643],[141.4968,38.6429]]],[[[141.497,38.643],[141.4969,38.6429],[141.4969,38.643],[141.497,38.643]]],[[[141.5041,38.6431],[141.5041,38.6431],[141.5041,38.6431],[141.5041,38.6431]]],[[[141.4971,38.6431],[141.4971,38.6431],[141.497,38.643],[141.4971,38.6431]]],[[[141.4969,38.6431],[141.4969,38.6431],[141.4969,38.6431],[141.4969,38.6431]]],[[[141.4966,38.6432],[141.4967,38.6432],[141.4967,38.6432],[141.4966,38.6432]]],[[[141.4966,38.6433],[141.4967,38.6433],[141.4967,38.6433],[141.4966,38.6433]]],[[[141.4967,38.6434],[141.4968,38.6434],[141.4968,38.6433],[141.4967,38.6434]]],[[[141.4972,38.6436],[141.4972,38.6436],[141.4972,38.6436],[141.4972,38.6436]]],[[[141.4974,38.6438],[141.4974,38.6437],[141.4973,38.6438],[141.4974,38.6438]]],[[[141.4947,38.6439],[141.4946,38.6438],[141.4945,38.6439],[141.4947,38.6439]]],[[[141.4951,38.6439],[141.4951,38.6439],[141.4951,38.6438],[141.4951,38.6439]]],[[[141.4973,38.6439],[141.4973,38.6439],[141.4973,38.6439],[141.4973,38.6439]]],[[[141.4951,38.6439],[141.4952,38.644],[141.4952,38.6439],[141.4951,38.6439]]],[[[141.4945,38.6439],[141.4945,38.644],[141.4947,38.644],[141.4945,38.6439]]],[[[141.4974,38.6441],[141.4974,38.6441],[141.4974,38.6441],[141.4974,38.6441]]],[[[141.4975,38.6443],[141.4975,38.6443],[141.4975,38.6443],[141.4975,38.6443]]],[[[141.4955,38.6444],[141.4954,38.6443],[141.4954,38.6444],[141.4955,38.6444]]],[[[141.4975,38.6444],[141.4975,38.6443],[141.4975,38.6444],[141.4975,38.6444]]],[[[141.4951,38.6444],[141.4951,38.6444],[141.4951,38.6444],[141.4951,38.6444]]],[[[141.4955,38.6445],[141.4955,38.6445],[141.4955,38.6445],[141.4955,38.6445]]],[[[141.4973,38.6445],[141.4976,38.6447],[141.4974,38.6444],[141.4973,38.6445]]],[[[141.4966,38.6446],[141.4966,38.6446],[141.4967,38.6446],[141.4966,38.6446]]],[[[141.4967,38.6447],[141.4968,38.6447],[141.4968,38.6447],[141.4967,38.6447]]],[[[141.4964,38.6447],[141.4963,38.6447],[141.4964,38.6447],[141.4964,38.6447]]],[[[141.4969,38.6448],[141.4968,38.6447],[141.4968,38.6448],[141.4969,38.6448]]],[[[141.497,38.6448],[141.497,38.6448],[141.4971,38.6448],[141.497,38.6448]]],[[[141.4957,38.6449],[141.4957,38.6449],[141.4958,38.6449],[141.4957,38.6449]]],[[[141.4973,38.6449],[141.4972,38.645],[141.4972,38.645],[141.4973,38.6449]]],[[[141.4973,38.6451],[141.4973,38.6451],[141.4973,38.6451],[141.4973,38.6451]]],[[[141.4965,38.6451],[141.4965,38.6451],[141.4965,38.6452],[141.4965,38.6451]]],[[[141.4914,38.6509],[141.4913,38.6509],[141.4914,38.6509],[141.4914,38.6509]]],[[[141.4908,38.6511],[141.4907,38.6511],[141.4908,38.6511],[141.4908,38.6511]]],[[[141.4909,38.6511],[141.4909,38.6511],[141.4909,38.6511],[141.4909,38.6511]]],[[[141.4927,38.6518],[141.4927,38.6518],[141.4927,38.6518],[141.4927,38.6518]]],[[[141.4933,38.6519],[141.4932,38.6517],[141.4932,38.6518],[141.4933,38.6519]]],[[[141.4905,38.6518],[141.4904,38.6518],[141.4904,38.6518],[141.4905,38.6518]]],[[[141.4925,38.6518],[141.4925,38.6519],[141.4925,38.6518],[141.4925,38.6518]]],[[[141.4935,38.6519],[141.4935,38.6519],[141.4935,38.6519],[141.4935,38.6519]]],[[[141.493,38.6521],[141.493,38.652],[141.493,38.6521],[141.493,38.6521]]],[[[141.4931,38.6521],[141.493,38.6521],[141.4931,38.6521],[141.4931,38.6521]]],[[[141.493,38.6522],[141.493,38.6522],[141.493,38.6522],[141.493,38.6522]]],[[[141.4932,38.6522],[141.4932,38.6522],[141.4932,38.6522],[141.4932,38.6522]]],[[[141.4932,38.6733],[141.493,38.6735],[141.4931,38.6737],[141.4932,38.6733]]],[[[141.494,38.6734],[141.4939,38.6734],[141.494,38.6735],[141.494,38.6734]]],[[[141.4939,38.6735],[141.4938,38.6735],[141.4939,38.6735],[141.4939,38.6735]]],[[[141.4935,38.6737],[141.4938,38.6734],[141.4935,38.6737],[141.4935,38.6737]]],[[[141.4933,38.6736],[141.4934,38.6736],[141.4934,38.6736],[141.4933,38.6736]]],[[[141.4921,38.6741],[141.4921,38.6741],[141.4921,38.6741],[141.4921,38.6741]]],[[[141.495,38.678],[141.495,38.678],[141.495,38.678],[141.495,38.678]]],[[[141.4989,38.6804],[141.4989,38.6804],[141.4989,38.6804],[141.4989,38.6804]]],[[[141.4989,38.6806],[141.4989,38.6805],[141.4988,38.6805],[141.4989,38.6806]]],[[[141.5013,38.6806],[141.5013,38.6806],[141.5013,38.6807],[141.5013,38.6806]]],[[[141.4974,38.6806],[141.4974,38.6808],[141.4976,38.6806],[141.4974,38.6806]]],[[[141.4985,38.6806],[141.4985,38.6809],[141.4988,38.6807],[141.4985,38.6806]]],[[[141.4995,38.6808],[141.4995,38.6808],[141.4995,38.6808],[141.4995,38.6808]]],[[[141.498,38.6809],[141.498,38.6808],[141.4977,38.6808],[141.498,38.6809]]],[[[141.4996,38.6809],[141.4997,38.6809],[141.4997,38.6809],[141.4996,38.6809]]],[[[141.499,38.6809],[141.499,38.6809],[141.499,38.6809],[141.499,38.6809]]],[[[141.4987,38.6811],[141.4986,38.6811],[141.4987,38.6812],[141.4987,38.6811]]],[[[141.4989,38.6819],[141.4988,38.6818],[141.4989,38.6819],[141.4989,38.6819]]],[[[141.497,38.6838],[141.497,38.6838],[141.497,38.6837],[141.497,38.6838]]],[[[141.4973,38.684],[141.4973,38.684],[141.4973,38.684],[141.4973,38.684]]],[[[141.4948,38.684],[141.4949,38.6841],[141.495,38.6841],[141.4948,38.684]]],[[[141.4968,38.684],[141.4967,38.6841],[141.4968,38.6841],[141.4968,38.684]]],[[[141.4949,38.6842],[141.4949,38.6842],[141.4949,38.6842],[141.4949,38.6842]]],[[[141.4949,38.6843],[141.4949,38.6844],[141.4949,38.6843],[141.4949,38.6843]]],[[[141.4947,38.6846],[141.4947,38.6846],[141.4947,38.6846],[141.4947,38.6846]]],[[[141.4966,38.6852],[141.4966,38.6852],[141.4966,38.6853],[141.4966,38.6852]]],[[[141.4964,38.6853],[141.4964,38.6854],[141.4965,38.6853],[141.4964,38.6853]]],[[[141.4965,38.6856],[141.4965,38.6856],[141.4965,38.6855],[141.4965,38.6856]]],[[[141.4963,38.6857],[141.4963,38.6857],[141.4963,38.6857],[141.4963,38.6857]]],[[[141.5043,38.6883],[141.5043,38.6882],[141.5042,38.6883],[141.5043,38.6883]]],[[[141.5042,38.6885],[141.5042,38.6885],[141.5042,38.6885],[141.5042,38.6885]]],[[[141.5043,38.6889],[141.5043,38.6889],[141.5042,38.6889],[141.5043,38.6889]]],[[[141.4952,38.6891],[141.4952,38.6891],[141.4953,38.6892],[141.4952,38.6891]]],[[[141.4972,38.6893],[141.4972,38.6893],[141.4972,38.6893],[141.4972,38.6893]]],[[[141.504,38.6896],[141.5039,38.6896],[141.504,38.6896],[141.504,38.6896]]],[[[141.504,38.6897],[141.5041,38.6897],[141.5041,38.6896],[141.504,38.6897]]],[[[141.5013,38.6896],[141.5011,38.6896],[141.5013,38.6897],[141.5013,38.6896]]],[[[141.504,38.6897],[141.504,38.6897],[141.504,38.6896],[141.504,38.6897]]],[[[141.4968,38.6897],[141.4969,38.6897],[141.4969,38.6897],[141.4968,38.6897]]],[[[141.5041,38.6897],[141.504,38.6897],[141.5041,38.6897],[141.5041,38.6897]]],[[[141.5038,38.6897],[141.5038,38.6897],[141.5039,38.6897],[141.5038,38.6897]]],[[[141.504,38.6897],[141.504,38.6897],[141.504,38.6897],[141.504,38.6897]]],[[[141.5043,38.6898],[141.5042,38.6898],[141.5043,38.6898],[141.5043,38.6898]]],[[[141.5009,38.6898],[141.5009,38.6898],[141.5009,38.6898],[141.5009,38.6898]]],[[[141.5042,38.6898],[141.5042,38.6898],[141.5042,38.6898],[141.5042,38.6898]]],[[[141.504,38.6898],[141.5041,38.6898],[141.5041,38.6898],[141.504,38.6898]]],[[[141.5038,38.6898],[141.5038,38.6898],[141.5039,38.6898],[141.5038,38.6898]]],[[[141.5009,38.6898],[141.5009,38.6898],[141.5009,38.6898],[141.5009,38.6898]]],[[[141.504,38.6898],[141.504,38.6898],[141.504,38.6898],[141.504,38.6898]]],[[[141.5038,38.6899],[141.5038,38.6899],[141.5038,38.6899],[141.5038,38.6899]]],[[[141.5041,38.6899],[141.504,38.6899],[141.504,38.6899],[141.5041,38.6899]]],[[[141.504,38.6899],[141.504,38.6899],[141.504,38.6899],[141.504,38.6899]]],[[[141.5005,38.6899],[141.5005,38.69],[141.5005,38.6899],[141.5005,38.6899]]],[[[141.5006,38.6904],[141.5006,38.6904],[141.5007,38.6904],[141.5006,38.6904]]],[[[141.501,38.6907],[141.501,38.6907],[141.501,38.6907],[141.501,38.6907]]],[[[141.501,38.6908],[141.501,38.6908],[141.501,38.6908],[141.501,38.6908]]],[[[141.5112,38.6368],[141.5112,38.6368],[141.5113,38.6368],[141.5112,38.6368]]],[[[141.5112,38.6369],[141.5112,38.6369],[141.5112,38.6369],[141.5112,38.6369]]],[[[141.5066,38.6371],[141.5067,38.6371],[141.5066,38.6371],[141.5066,38.6371]]],[[[141.507,38.6378],[141.507,38.6378],[141.507,38.6378],[141.507,38.6378]]],[[[141.5073,38.6383],[141.5073,38.6383],[141.5073,38.6382],[141.5073,38.6383]]],[[[141.5073,38.6383],[141.5073,38.6382],[141.5072,38.6382],[141.5072,38.6383],[141.5073,38.6383]]],[[[141.5044,38.6383],[141.5044,38.6383],[141.5044,38.6383],[141.5044,38.6383]]],[[[141.5044,38.6383],[141.5044,38.6383],[141.5044,38.6383],[141.5044,38.6383]]],[[[141.5045,38.6383],[141.5045,38.6384],[141.5045,38.6383],[141.5045,38.6383]]],[[[141.5098,38.6384],[141.5099,38.6384],[141.5098,38.6383],[141.5098,38.6384]]],[[[141.5074,38.6384],[141.5073,38.6384],[141.5073,38.6384],[141.5074,38.6384]]],[[[141.5052,38.6385],[141.5053,38.6385],[141.5052,38.6385],[141.5052,38.6385]]],[[[141.5075,38.6385],[141.5074,38.6385],[141.5075,38.6386],[141.5075,38.6385]]],[[[141.5071,38.6387],[141.5071,38.6387],[141.5071,38.6387],[141.5071,38.6387]]],[[[141.5074,38.6387],[141.5074,38.6387],[141.5074,38.6387],[141.5074,38.6387]]],[[[141.5078,38.6389],[141.5078,38.6389],[141.5078,38.639],[141.5078,38.6389]]],[[[141.5079,38.6389],[141.5078,38.6391],[141.508,38.639],[141.5079,38.6389]]],[[[141.5096,38.639],[141.5097,38.6391],[141.5098,38.639],[141.5096,38.639]]],[[[141.5077,38.6391],[141.5076,38.6391],[141.5077,38.6391],[141.5077,38.6391]]],[[[141.5077,38.6392],[141.5078,38.6392],[141.5078,38.639],[141.5077,38.6392]]],[[[141.5093,38.6391],[141.5093,38.6391],[141.5093,38.6391],[141.5093,38.6391]]],[[[141.51,38.6389],[141.5099,38.6393],[141.5101,38.6391],[141.51,38.6389]]],[[[141.508,38.6391],[141.508,38.6391],[141.5079,38.6391],[141.508,38.6391]]],[[[141.5082,38.6391],[141.5082,38.6391],[141.5082,38.6391],[141.5082,38.6391]]],[[[141.5097,38.6391],[141.5096,38.6391],[141.5097,38.6392],[141.5097,38.6391]]],[[[141.5084,38.6392],[141.5085,38.6392],[141.5084,38.6392],[141.5084,38.6392]]],[[[141.5098,38.6392],[141.5098,38.6392],[141.5097,38.6392],[141.5098,38.6392]]],[[[141.5091,38.6392],[141.5091,38.6392],[141.509,38.6392],[141.5091,38.6392]]],[[[141.508,38.6392],[141.5081,38.6392],[141.508,38.6392],[141.508,38.6392]]],[[[141.5095,38.6392],[141.5095,38.6393],[141.5095,38.6392],[141.5095,38.6392]]],[[[141.5083,38.6393],[141.5083,38.6393],[141.5083,38.6393],[141.5083,38.6393]]],[[[141.5083,38.6394],[141.5083,38.6394],[141.5083,38.6393],[141.5083,38.6394]]],[[[141.5089,38.6393],[141.5091,38.6395],[141.509,38.6393],[141.5089,38.6393]]],[[[141.5083,38.6394],[141.5082,38.6394],[141.5083,38.6394],[141.5083,38.6394]]],[[[141.5099,38.6395],[141.51,38.6394],[141.5099,38.6394],[141.5099,38.6395]]],[[[141.509,38.6395],[141.509,38.6395],[141.509,38.6395],[141.509,38.6395]]],[[[141.5099,38.6395],[141.5099,38.6395],[141.5099,38.6395],[141.5099,38.6395]]],[[[141.5081,38.6396],[141.5081,38.6396],[141.5081,38.6396],[141.5081,38.6396]]],[[[141.5083,38.6396],[141.5083,38.6397],[141.5083,38.6396],[141.5083,38.6396]]],[[[141.5045,38.6399],[141.5046,38.64],[141.5046,38.6399],[141.5045,38.6399]]],[[[141.5049,38.6401],[141.5049,38.6401],[141.5049,38.6401],[141.5049,38.6401]]],[[[141.5046,38.6402],[141.5046,38.6401],[141.5045,38.6402],[141.5046,38.6402]]],[[[141.5043,38.6403],[141.5043,38.6403],[141.5043,38.6403],[141.5043,38.6403]]],[[[141.5049,38.6405],[141.5049,38.6404],[141.5049,38.6405],[141.5049,38.6405]]],[[[141.5043,38.6406],[141.5044,38.6404],[141.5042,38.6405],[141.5043,38.6406]]],[[[141.5045,38.6406],[141.5046,38.6405],[141.5045,38.6405],[141.5045,38.6406]]],[[[141.5045,38.6406],[141.5044,38.6405],[141.5045,38.6406],[141.5045,38.6406]]],[[[141.5049,38.6406],[141.5049,38.6406],[141.5049,38.6406],[141.5049,38.6406]]],[[[141.5044,38.6407],[141.5045,38.6407],[141.5045,38.6407],[141.5044,38.6407]]],[[[141.5043,38.641],[141.5042,38.6411],[141.5043,38.6412],[141.5043,38.641]]],[[[141.5044,38.6415],[141.5044,38.6414],[141.5044,38.6415],[141.5044,38.6415]]],[[[141.5043,38.643],[141.5048,38.643],[141.5046,38.6426],[141.5043,38.643]]],[[[141.5043,38.6432],[141.5043,38.6432],[141.5043,38.6432],[141.5043,38.6432]]],[[[141.5049,38.6431],[141.5048,38.6433],[141.5051,38.6433],[141.5049,38.6431]]],[[[141.5052,38.6434],[141.5052,38.6433],[141.5052,38.6432],[141.5051,38.6432],[141.5052,38.6434]]],[[[141.5052,38.6433],[141.5052,38.6433],[141.5052,38.6433],[141.5052,38.6433]]],[[[141.5046,38.6433],[141.5046,38.6433],[141.5045,38.6433],[141.5046,38.6433]]],[[[141.5047,38.6434],[141.5048,38.6434],[141.5047,38.6433],[141.5047,38.6434]]],[[[141.505,38.6436],[141.505,38.6436],[141.505,38.6436],[141.505,38.6436]]],[[[141.5053,38.6437],[141.5052,38.6437],[141.5052,38.6437],[141.5053,38.6437]]],[[[141.5055,38.6435],[141.5054,38.6439],[141.5057,38.6438],[141.5055,38.6435]]],[[[141.5053,38.6439],[141.5053,38.6439],[141.5053,38.6439],[141.5053,38.6439]]],[[[141.5104,38.6723],[141.5103,38.6723],[141.5104,38.6725],[141.5104,38.6723]]],[[[141.5103,38.6725],[141.5103,38.6725],[141.5103,38.6725],[141.5103,38.6725]]],[[[141.5107,38.6725],[141.5106,38.6726],[141.5107,38.6726],[141.5107,38.6725]]],[[[141.511,38.6726],[141.511,38.6726],[141.511,38.6726],[141.511,38.6726]]],[[[141.5107,38.6727],[141.5107,38.6726],[141.5106,38.6726],[141.5107,38.6727]]],[[[141.5108,38.6727],[141.5108,38.6727],[141.5107,38.6728],[141.5108,38.6727]]],[[[141.5113,38.6744],[141.5113,38.6744],[141.5113,38.6744],[141.5113,38.6744]]],[[[141.5112,38.6744],[141.5112,38.6744],[141.5112,38.6744],[141.5112,38.6744]]],[[[141.511,38.6745],[141.511,38.6745],[141.511,38.6745],[141.511,38.6745]]],[[[141.5107,38.6748],[141.5107,38.6748],[141.5107,38.6748],[141.5107,38.6748]]],[[[141.5105,38.6748],[141.5104,38.6748],[141.5105,38.6748],[141.5105,38.6748]]],[[[141.5107,38.6748],[141.5107,38.6748],[141.5107,38.6748],[141.5107,38.6748]]],[[[141.5104,38.6748],[141.5104,38.6748],[141.5104,38.6749],[141.5104,38.6748]]],[[[141.5103,38.6749],[141.5102,38.6749],[141.5103,38.6749],[141.5103,38.6749]]],[[[141.51,38.675],[141.51,38.6751],[141.51,38.675],[141.51,38.675]]],[[[141.511,38.675],[141.51,38.675],[141.511,38.6762],[141.5109,38.6758],[141.5116,38.6754],[141.5121,38.6754],[141.5114,38.6752],[141.5117,38.6742],[141.511,38.675]]],[[[141.5099,38.6754],[141.5099,38.6754],[141.51,38.6754],[141.5099,38.6754]]],[[[141.5098,38.6756],[141.5098,38.6757],[141.5098,38.6756],[141.5098,38.6756]]],[[[141.5096,38.6758],[141.5096,38.6758],[141.5096,38.6757],[141.5096,38.6758]]],[[[141.5112,38.6758],[141.5111,38.6757],[141.5111,38.6758],[141.5112,38.6758]]],[[[141.5111,38.6759],[141.5113,38.6759],[141.5111,38.6758],[141.5111,38.6759]]],[[[141.5113,38.6759],[141.5113,38.6759],[141.5113,38.6759],[141.5113,38.6759]]],[[[141.5112,38.676],[141.5113,38.676],[141.5112,38.676],[141.5112,38.676]]],[[[141.511,38.6761],[141.511,38.6761],[141.511,38.6761],[141.511,38.6761]]],[[[141.5106,38.6763],[141.5106,38.6763],[141.5106,38.6763],[141.5106,38.6763]]],[[[141.5102,38.6763],[141.5102,38.6763],[141.5102,38.6763],[141.5102,38.6763]]],[[[141.51,38.6763],[141.51,38.6763],[141.5101,38.6763],[141.51,38.6763]]],[[[141.5102,38.6763],[141.5102,38.6763],[141.5102,38.6763],[141.5102,38.6763]]],[[[141.5102,38.6765],[141.5102,38.6765],[141.5102,38.6764],[141.5102,38.6765]]],[[[141.5103,38.6766],[141.5108,38.6767],[141.5107,38.6763],[141.5103,38.6766]]],[[[141.5102,38.6765],[141.5101,38.6765],[141.5102,38.6765],[141.5102,38.6765]]],[[[141.5101,38.6765],[141.5101,38.6766],[141.5101,38.6766],[141.5101,38.6765]]],[[[141.5103,38.6767],[141.5103,38.6766],[141.5103,38.6767],[141.5103,38.6767]]],[[[141.5102,38.6768],[141.5102,38.6768],[141.5103,38.6768],[141.5102,38.6768]]],[[[141.5102,38.6848],[141.5102,38.6848],[141.5102,38.6848],[141.5102,38.6848]]],[[[141.5103,38.6848],[141.5103,38.685],[141.5104,38.6848],[141.5103,38.6848]]],[[[141.5107,38.6849],[141.5107,38.685],[141.5107,38.6849],[141.5107,38.6849]]],[[[141.51,38.685],[141.51,38.685],[141.51,38.685],[141.51,38.685]]],[[[141.5102,38.685],[141.5102,38.685],[141.51,38.685],[141.5102,38.685]]],[[[141.5101,38.6853],[141.51,38.6853],[141.5101,38.6853],[141.5101,38.6853]]],[[[141.5095,38.6853],[141.5095,38.6853],[141.5095,38.6853],[141.5095,38.6853]]],[[[141.5107,38.6855],[141.5108,38.6855],[141.5107,38.6855],[141.5107,38.6855]]],[[[141.5094,38.6856],[141.5094,38.6856],[141.5094,38.6855],[141.5094,38.6856]]],[[[141.5109,38.6856],[141.5111,38.6857],[141.5109,38.6855],[141.5109,38.6856]]],[[[141.5094,38.6856],[141.5094,38.6856],[141.5094,38.6856],[141.5094,38.6856]]],[[[141.5112,38.6857],[141.5112,38.6856],[141.5111,38.6857],[141.5112,38.6857]]],[[[141.5089,38.6858],[141.5089,38.6857],[141.5088,38.6858],[141.5089,38.6858]]],[[[141.5111,38.6858],[141.5111,38.6861],[141.5112,38.6859],[141.5111,38.6858]]],[[[141.511,38.6861],[141.511,38.686],[141.511,38.6861],[141.511,38.6861]]],[[[141.5111,38.6865],[141.5112,38.6864],[141.5111,38.6862],[141.5111,38.6865]]],[[[141.5111,38.6865],[141.5111,38.6865],[141.5112,38.6865],[141.5111,38.6865]]],[[[141.5087,38.6869],[141.5087,38.6869],[141.5087,38.6869],[141.5087,38.6869]]],[[[141.5089,38.687],[141.5089,38.687],[141.5089,38.687],[141.5089,38.687]]],[[[141.5086,38.687],[141.5086,38.687],[141.5086,38.687],[141.5086,38.687]]],[[[141.5087,38.688],[141.5087,38.6878],[141.5087,38.688],[141.5087,38.688]]],[[[141.5086,38.688],[141.5086,38.6879],[141.5086,38.688],[141.5086,38.688]]],[[[141.5088,38.688],[141.5088,38.688],[141.5088,38.688],[141.5088,38.688]]],[[[141.5086,38.688],[141.5086,38.688],[141.5086,38.688],[141.5086,38.688]]],[[[141.5084,38.688],[141.5084,38.688],[141.5084,38.688],[141.5084,38.688]]],[[[141.5082,38.6884],[141.5082,38.6884],[141.5081,38.6884],[141.5082,38.6884]]],[[[141.5075,38.6885],[141.5075,38.6885],[141.5075,38.6884],[141.5075,38.6885]]],[[[141.5074,38.6887],[141.5074,38.6887],[141.5074,38.6887],[141.5074,38.6887]]],[[[141.5078,38.6891],[141.5078,38.6891],[141.5078,38.6891],[141.5078,38.6891]]],[[[141.5078,38.6892],[141.5079,38.6893],[141.5079,38.6891],[141.5078,38.6892]]],[[[141.5075,38.6896],[141.5075,38.6897],[141.5076,38.6897],[141.5075,38.6896]]],[[[141.5071,38.6896],[141.5071,38.6897],[141.5071,38.6897],[141.5071,38.6896]]],[[[141.5071,38.6897],[141.5071,38.6898],[141.5072,38.6898],[141.5071,38.6897]]],[[[141.5068,38.6898],[141.5068,38.6898],[141.5068,38.6898],[141.5068,38.6898]]],[[[141.507,38.6898],[141.507,38.6898],[141.507,38.6899],[141.507,38.6898]]],[[[141.5119,38.6368],[141.5119,38.6369],[141.5119,38.6368],[141.5119,38.6368]]],[[[141.5121,38.6369],[141.5121,38.6369],[141.5121,38.6368],[141.5121,38.6369]]],[[[141.5122,38.6369],[141.5122,38.6369],[141.5122,38.6369],[141.5122,38.6369]]],[[[141.5114,38.6369],[141.5114,38.637],[141.5115,38.6369],[141.5114,38.6369]]],[[[141.5123,38.6371],[141.5123,38.6371],[141.5123,38.6369],[141.5123,38.6371]]],[[[141.5132,38.6373],[141.5132,38.6373],[141.5132,38.6373],[141.5132,38.6373]]],[[[141.5131,38.6375],[141.5131,38.6375],[141.5131,38.6375],[141.5131,38.6375]]],[[[141.5134,38.6378],[141.5134,38.6378],[141.5134,38.6378],[141.5134,38.6378]]],[[[141.5137,38.6381],[141.5137,38.6381],[141.5137,38.6381],[141.5137,38.6381]]],[[[141.5132,38.6384],[141.5133,38.6384],[141.5132,38.6384],[141.5132,38.6384]]],[[[141.5133,38.6385],[141.5133,38.6386],[141.5133,38.6385],[141.5133,38.6385]]],[[[141.5171,38.6386],[141.517,38.6386],[141.5171,38.6387],[141.5171,38.6386]]],[[[141.5149,38.6387],[141.5149,38.6386],[141.5149,38.6386],[141.5149,38.6387]]],[[[141.5149,38.6387],[141.5149,38.6387],[141.5149,38.6387],[141.5149,38.6387]]],[[[141.5171,38.6387],[141.5171,38.6387],[141.5172,38.6387],[141.5171,38.6387]]],[[[141.517,38.6388],[141.517,38.6388],[141.517,38.6388],[141.517,38.6388]]],[[[141.515,38.6389],[141.515,38.6389],[141.515,38.6389],[141.515,38.6389]]],[[[141.5149,38.639],[141.5149,38.639],[141.5149,38.639],[141.5149,38.639]]],[[[141.515,38.639],[141.515,38.6391],[141.515,38.639],[141.515,38.639]]],[[[141.5152,38.6397],[141.5153,38.6397],[141.5153,38.6397],[141.5152,38.6397]]],[[[141.5152,38.6397],[141.5152,38.6398],[141.5153,38.6398],[141.5152,38.6397]]],[[[141.515,38.6399],[141.5151,38.6399],[141.5151,38.6397],[141.515,38.6399]]],[[[141.5152,38.6399],[141.5152,38.6399],[141.5152,38.6398],[141.5152,38.6399]]],[[[141.5152,38.6399],[141.5152,38.6399],[141.5152,38.6399],[141.5152,38.6399],[141.5152,38.6399]]],[[[141.5152,38.6399],[141.5152,38.64],[141.5152,38.6399],[141.5152,38.6399]]],[[[141.5167,38.6433],[141.5167,38.6433],[141.5168,38.6434],[141.5167,38.6433]]],[[[141.5171,38.6438],[141.5171,38.6438],[141.5171,38.6438],[141.5171,38.6438]]],[[[141.517,38.6439],[141.517,38.6439],[141.517,38.6439],[141.517,38.6439]]],[[[141.5171,38.6441],[141.5171,38.644],[141.5171,38.644],[141.5171,38.6441]]],[[[141.5135,38.6626],[141.513,38.6624],[141.5132,38.6628],[141.5135,38.6626]]],[[[141.5134,38.6726],[141.5134,38.6726],[141.5134,38.6726],[141.5134,38.6726]]],[[[141.5133,38.6727],[141.5133,38.6728],[141.5134,38.6728],[141.5133,38.6727]]],[[[141.5115,38.6728],[141.5116,38.6728],[141.5116,38.6728],[141.5115,38.6728]]],[[[141.5143,38.6728],[141.5143,38.6728],[141.5144,38.6728],[141.5143,38.6728]]],[[[141.5128,38.6729],[141.5129,38.6729],[141.5129,38.6727],[141.5128,38.6729]]],[[[141.5133,38.673],[141.5131,38.6728],[141.513,38.673],[141.5133,38.673]]],[[[141.5134,38.6729],[141.5133,38.673],[141.5135,38.673],[141.5134,38.6729]]],[[[141.5134,38.6731],[141.5134,38.6733],[141.5135,38.6732],[141.5134,38.6731]]],[[[141.5134,38.6733],[141.5135,38.6733],[141.5134,38.6733],[141.5134,38.6733]]],[[[141.5127,38.6734],[141.5128,38.6735],[141.513,38.6731],[141.5127,38.6734]]],[[[141.5117,38.6734],[141.5118,38.6735],[141.5118,38.6734],[141.5117,38.6734]]],[[[141.5131,38.6736],[141.5131,38.6736],[141.5131,38.6736],[141.5131,38.6736]]],[[[141.5127,38.6737],[141.5126,38.6737],[141.5127,38.6738],[141.5127,38.6737]]],[[[141.5127,38.6739],[141.5127,38.6739],[141.5127,38.6738],[141.5127,38.6739]]],[[[141.5124,38.6739],[141.5124,38.674],[141.5125,38.6739],[141.5124,38.6739]]],[[[141.5121,38.6739],[141.5123,38.674],[141.5122,38.6739],[141.5121,38.6739]]],[[[141.5118,38.674],[141.5117,38.6741],[141.5118,38.674],[141.5118,38.674]]],[[[141.5122,38.674],[141.5122,38.6741],[141.5123,38.6741],[141.5122,38.674]]],[[[141.5124,38.6741],[141.5125,38.6741],[141.5124,38.674],[141.5124,38.6741]]],[[[141.5125,38.6741],[141.5125,38.6741],[141.5125,38.6741],[141.5125,38.6741]]],[[[141.5126,38.674],[141.5126,38.6741],[141.5127,38.6741],[141.5126,38.674]]],[[[141.5119,38.6741],[141.5119,38.6741],[141.5119,38.6741],[141.5119,38.6741]]],[[[141.5119,38.674],[141.512,38.6742],[141.5119,38.674],[141.5119,38.674]]],[[[141.5122,38.6741],[141.5122,38.6741],[141.5122,38.6741],[141.5122,38.6741]]],[[[141.5125,38.6741],[141.5125,38.6742],[141.5126,38.6741],[141.5125,38.6741]]],[[[141.5114,38.6741],[141.5113,38.6741],[141.5113,38.6742],[141.5114,38.6741]]],[[[141.5126,38.6742],[141.5126,38.6742],[141.5126,38.6742],[141.5126,38.6742]]],[[[141.5126,38.6742],[141.5119,38.6744],[141.5125,38.6745],[141.5126,38.6742]]],[[[141.5121,38.6744],[141.5122,38.6745],[141.5122,38.6744],[141.5121,38.6744]]],[[[141.5123,38.6745],[141.5122,38.6745],[141.5122,38.6745],[141.5123,38.6745]]],[[[141.5123,38.6745],[141.5124,38.6745],[141.5124,38.6745],[141.5123,38.6745]]],[[[141.5123,38.6745],[141.5123,38.6746],[141.5123,38.6745],[141.5123,38.6745]]],[[[141.5124,38.6746],[141.5124,38.6746],[141.5124,38.6746],[141.5124,38.6746]]],[[[141.513,38.6746],[141.5131,38.6746],[141.513,38.6745],[141.513,38.6746]]],[[[141.5127,38.6748],[141.5127,38.6744],[141.5126,38.6746],[141.5127,38.6748]]],[[[141.5122,38.6746],[141.5122,38.6747],[141.5123,38.6746],[141.5122,38.6746]]],[[[141.5122,38.6747],[141.5123,38.6747],[141.5122,38.6747],[141.5122,38.6747]]],[[[141.5119,38.6748],[141.5119,38.6748],[141.5119,38.6748],[141.5119,38.6748]]],[[[141.5116,38.6752],[141.5121,38.6752],[141.5121,38.675],[141.5116,38.6752]]],[[[141.512,38.6752],[141.512,38.6752],[141.5121,38.6753],[141.512,38.6752]]],[[[141.5121,38.6752],[141.5121,38.6753],[141.5121,38.6752],[141.5121,38.6752]]],[[[141.5116,38.6755],[141.5117,38.6755],[141.5117,38.6755],[141.5116,38.6755]]],[[[141.512,38.6755],[141.5121,38.6755],[141.512,38.6755],[141.512,38.6755]]],[[[141.5117,38.6756],[141.5119,38.6756],[141.5118,38.6755],[141.5116,38.6755],[141.5117,38.6756]]],[[[141.5116,38.6756],[141.5116,38.6756],[141.5118,38.6756],[141.5116,38.6756]]],[[[141.5123,38.6756],[141.5123,38.6756],[141.5123,38.6756],[141.5123,38.6756]]],[[[141.5115,38.6757],[141.5117,38.6757],[141.5116,38.6756],[141.5115,38.6757]]],[[[141.5118,38.6757],[141.512,38.6758],[141.5119,38.6756],[141.5118,38.6757]]],[[[141.5115,38.6757],[141.5115,38.6757],[141.5114,38.6757],[141.5115,38.6757]]],[[[141.512,38.6757],[141.5121,38.6758],[141.5121,38.6757],[141.512,38.6757]]],[[[141.5115,38.6758],[141.5114,38.6758],[141.5114,38.6758],[141.5115,38.6758]]],[[[141.5115,38.676],[141.5116,38.676],[141.5116,38.6759],[141.5115,38.676]]],[[[141.5115,38.676],[141.5115,38.676],[141.5115,38.6759],[141.5115,38.676]]],[[[141.5113,38.676],[141.5113,38.676],[141.5114,38.6761],[141.5113,38.676]]],[[[141.5114,38.6843],[141.5113,38.6843],[141.5114,38.6843],[141.5114,38.6843]]],[[[141.5113,38.6865],[141.5114,38.6865],[141.5113,38.6865],[141.5113,38.6865]]],[[[141.5138,38.6869],[141.5137,38.6869],[141.5137,38.6869],[141.5138,38.6869]]],[[[141.5139,38.6869],[141.5139,38.687],[141.5139,38.6869],[141.5139,38.6869]]],[[[141.514,38.687],[141.514,38.687],[141.514,38.6871],[141.514,38.687]]],[[[141.5134,38.6869],[141.5132,38.6874],[141.5137,38.6873],[141.5134,38.6869]]],[[[141.5128,38.6869],[141.5123,38.6871],[141.5128,38.6875],[141.5128,38.6869]]],[[[141.5139,38.6873],[141.514,38.6872],[141.5137,38.6871],[141.5139,38.6873]]],[[[141.5123,38.6873],[141.5124,38.6874],[141.5124,38.6872],[141.5123,38.6873]]],[[[141.5132,38.6874],[141.5132,38.6872],[141.5132,38.6874],[141.5132,38.6874]]],[[[141.513,38.6875],[141.5131,38.6875],[141.513,38.6874],[141.513,38.6875]]],[[[141.5131,38.6877],[141.5131,38.6878],[141.5131,38.6877],[141.5131,38.6877]]],[[[141.5137,38.6879],[141.5139,38.6878],[141.5137,38.6877],[141.5137,38.6879]]],[[[141.5135,38.6877],[141.5134,38.6878],[141.5136,38.6879],[141.5135,38.6877]]],[[[141.5132,38.6877],[141.5132,38.6877],[141.5132,38.6878],[141.5132,38.6877]]],[[[141.5138,38.6879],[141.5138,38.6879],[141.5138,38.6879],[141.5138,38.6879]]],[[[141.5137,38.688],[141.5137,38.688],[141.5138,38.688],[141.5137,38.688]]],[[[141.5137,38.688],[141.5137,38.688],[141.5138,38.688],[141.5137,38.688]]],[[[141.5138,38.688],[141.5138,38.688],[141.5138,38.688],[141.5138,38.688]]],[[[141.514,38.688],[141.514,38.688],[141.514,38.688],[141.514,38.688]]],[[[141.5137,38.6881],[141.5137,38.6881],[141.5137,38.6881],[141.5137,38.6881]]],[[[141.5152,38.6881],[141.5152,38.6881],[141.5152,38.6881],[141.5152,38.6881]]],[[[141.5138,38.6881],[141.5138,38.6881],[141.5138,38.6881],[141.5138,38.6881]]],[[[141.5155,38.6881],[141.5154,38.6881],[141.5155,38.6882],[141.5155,38.6881]]],[[[141.514,38.6882],[141.5141,38.6883],[141.514,38.6881],[141.514,38.6882]]],[[[141.5152,38.6882],[141.5152,38.6882],[141.5152,38.6882],[141.5152,38.6882]]],[[[141.514,38.6882],[141.5141,38.6883],[141.514,38.6882],[141.514,38.6882]]],[[[141.5152,38.6883],[141.5153,38.6883],[141.5152,38.6882],[141.5152,38.6883]]],[[[141.514,38.6883],[141.514,38.6883],[141.514,38.6883],[141.514,38.6883]]],[[[141.5152,38.6883],[141.5152,38.6883],[141.5153,38.6883],[141.5152,38.6883]]],[[[141.5142,38.6883],[141.5141,38.6883],[141.5142,38.6883],[141.5142,38.6883]]],[[[141.5154,38.6884],[141.5157,38.6886],[141.5156,38.6882],[141.5154,38.6884]]],[[[141.5152,38.6885],[141.5152,38.6884],[141.5151,38.6884],[141.5152,38.6885]]],[[[141.5153,38.6886],[141.5153,38.6886],[141.5153,38.6886],[141.5153,38.6886]]],[[[141.5154,38.6886],[141.5155,38.6887],[141.5154,38.6886],[141.5154,38.6886]]],[[[141.5158,38.6888],[141.5157,38.6887],[141.5158,38.6888],[141.5158,38.6888]]],[[[141.5153,38.689],[141.5155,38.6889],[141.5153,38.6889],[141.5153,38.689]]],[[[141.5159,38.6889],[141.5157,38.689],[141.5159,38.689],[141.5159,38.6889]]],[[[141.5162,38.6892],[141.5163,38.6892],[141.5164,38.6892],[141.5162,38.6892]]],[[[141.5165,38.6896],[141.5165,38.6896],[141.5166,38.6896],[141.5165,38.6896]]],[[[141.5166,38.6898],[141.5166,38.6899],[141.5166,38.6898],[141.5166,38.6898]]],[[[141.5166,38.6907],[141.5169,38.6904],[141.5165,38.6904],[141.5166,38.6907]]],[[[141.5171,38.691],[141.5171,38.6911],[141.5171,38.691],[141.5171,38.691]]],[[[141.517,38.691],[141.517,38.6911],[141.517,38.6911],[141.517,38.691]]],[[[141.517,38.6912],[141.517,38.6911],[141.517,38.6912],[141.517,38.6912]]],[[[141.517,38.6913],[141.5171,38.6913],[141.5172,38.6911],[141.517,38.6913]]],[[[141.5161,38.6913],[141.5161,38.6913],[141.5161,38.6913],[141.5161,38.6913]]],[[[141.5207,38.638],[141.5207,38.638],[141.5207,38.638],[141.5207,38.638]]],[[[141.5206,38.638],[141.5207,38.6384],[141.5208,38.6381],[141.5206,38.638]]],[[[141.5205,38.6382],[141.5205,38.6382],[141.5205,38.6382],[141.5205,38.6382]]],[[[141.5172,38.6386],[141.5172,38.6386],[141.5172,38.6386],[141.5172,38.6386]]],[[[141.5172,38.6387],[141.5173,38.6387],[141.5172,38.6387],[141.5172,38.6387]]],[[[141.5173,38.6387],[141.5173,38.6387],[141.5173,38.6388],[141.5173,38.6387]]],[[[141.5206,38.6388],[141.5205,38.6388],[141.5206,38.6388],[141.5206,38.6388]]],[[[141.5172,38.6388],[141.5172,38.6388],[141.5172,38.6388],[141.5172,38.6388]]],[[[141.5172,38.6388],[141.5172,38.6388],[141.5172,38.6388],[141.5172,38.6388]]],[[[141.5175,38.6389],[141.5174,38.6389],[141.5175,38.6389],[141.5175,38.6389]]],[[[141.5186,38.6391],[141.5186,38.6391],[141.5186,38.6391],[141.5186,38.6391]]],[[[141.5187,38.6391],[141.5187,38.6391],[141.5187,38.6391],[141.5187,38.6391]]],[[[141.5177,38.6392],[141.5177,38.6392],[141.5177,38.6393],[141.5177,38.6392]]],[[[141.5189,38.6392],[141.5189,38.6393],[141.519,38.6393],[141.5189,38.6392]]],[[[141.5176,38.6393],[141.5176,38.6394],[141.5176,38.6394],[141.5176,38.6393]]],[[[141.5189,38.6396],[141.5189,38.6394],[141.5189,38.6396],[141.5189,38.6396]]],[[[141.5189,38.6396],[141.519,38.6396],[141.5189,38.6396],[141.5189,38.6396]]],[[[141.519,38.6397],[141.5191,38.6397],[141.519,38.6397],[141.519,38.6395],[141.519,38.6397]]],[[[141.5188,38.6396],[141.5188,38.6397],[141.5188,38.6397],[141.5188,38.6396]]],[[[141.5194,38.6398],[141.5194,38.6398],[141.5195,38.6398],[141.5194,38.6398]]],[[[141.5195,38.6398],[141.5195,38.6398],[141.5195,38.6398],[141.5195,38.6398]]],[[[141.5181,38.6398],[141.518,38.6398],[141.5181,38.6398],[141.5181,38.6398]]],[[[141.5188,38.6399],[141.5188,38.6399],[141.5188,38.6397],[141.5188,38.6399]]],[[[141.519,38.64],[141.5191,38.6398],[141.519,38.6397],[141.5189,38.6399],[141.519,38.64]]],[[[141.5182,38.6398],[141.518,38.6398],[141.5182,38.6399],[141.5182,38.6398]]],[[[141.5179,38.6399],[141.5178,38.64],[141.5178,38.64],[141.5179,38.6399]]],[[[141.5191,38.64],[141.5192,38.64],[141.5191,38.6399],[141.5191,38.64]]],[[[141.518,38.6401],[141.5181,38.6401],[141.518,38.64],[141.518,38.6401]]],[[[141.5182,38.6401],[141.5182,38.6401],[141.5182,38.6401],[141.5182,38.6401]]],[[[141.5183,38.64],[141.5183,38.6402],[141.5185,38.6401],[141.5183,38.64]]],[[[141.5187,38.6402],[141.5188,38.6402],[141.5187,38.6401],[141.5187,38.6402]]],[[[141.5178,38.6401],[141.5177,38.6401],[141.5177,38.6402],[141.5178,38.6401]]],[[[141.518,38.6403],[141.518,38.6402],[141.518,38.6403],[141.518,38.6403]]],[[[141.5185,38.6403],[141.5185,38.6403],[141.5186,38.6403],[141.5185,38.6403]]],[[[141.5184,38.6403],[141.5183,38.6402],[141.5182,38.6403],[141.5184,38.6403]]],[[[141.5185,38.6403],[141.5185,38.6403],[141.5184,38.6403],[141.5185,38.6403]]],[[[141.5188,38.643],[141.5188,38.6431],[141.5189,38.643],[141.5188,38.643]]],[[[141.5188,38.6431],[141.5188,38.6432],[141.5188,38.6431],[141.5188,38.6431]]],[[[141.5189,38.6432],[141.5189,38.6432],[141.5189,38.6432],[141.5189,38.6432]]],[[[141.5188,38.6432],[141.5188,38.6433],[141.5189,38.6432],[141.5188,38.6432]]],[[[141.5183,38.6913],[141.5182,38.6912],[141.5181,38.6914],[141.5183,38.6913]]],[[[141.5182,38.6915],[141.5185,38.6916],[141.5183,38.6914],[141.5182,38.6915]]],[[[141.518,38.6918],[141.5182,38.6919],[141.5181,38.6916],[141.518,38.6918]]],[[[141.5177,38.6924],[141.5176,38.6923],[141.5176,38.6924],[141.5177,38.6924]]],[[[141.5192,38.6925],[141.5193,38.6925],[141.5194,38.6923],[141.5192,38.6925]]],[[[141.5192,38.6924],[141.5192,38.6924],[141.5192,38.6924],[141.5192,38.6924]]],[[[141.5187,38.6924],[141.5186,38.6924],[141.5187,38.6925],[141.5187,38.6924]]],[[[141.5189,38.6927],[141.5188,38.6923],[141.5187,38.6926],[141.5189,38.6927]]],[[[141.5185,38.6925],[141.5185,38.6926],[141.5185,38.6925],[141.5185,38.6925]]],[[[141.5185,38.6927],[141.5185,38.6927],[141.5185,38.6927],[141.5185,38.6927]]],[[[141.5191,38.6932],[141.5192,38.6932],[141.5192,38.6931],[141.5191,38.6932]]],[[[141.5193,38.6931],[141.5192,38.6932],[141.5193,38.6932],[141.5193,38.6931]]],[[[141.5191,38.6933],[141.5191,38.6933],[141.5192,38.6932],[141.5191,38.6933]]],[[[141.5186,38.6934],[141.5187,38.6934],[141.5188,38.6933],[141.5186,38.6934]]],[[[141.5186,38.6934],[141.5186,38.6934],[141.5186,38.6934],[141.5186,38.6934]]],[[[141.519,38.6942],[141.5189,38.6942],[141.5189,38.6943],[141.519,38.6942]]],[[[141.5191,38.6943],[141.519,38.6943],[141.5191,38.6943],[141.5191,38.6943]]],[[[141.5189,38.6944],[141.5189,38.6944],[141.519,38.6944],[141.5189,38.6944]]],[[[141.5188,38.6945],[141.5189,38.6944],[141.5188,38.6944],[141.5188,38.6945]]],[[[141.5188,38.6944],[141.5187,38.6944],[141.5188,38.6944],[141.5188,38.6944]]],[[[141.5189,38.6945],[141.5191,38.6944],[141.5189,38.6945],[141.5189,38.6945]]],[[[141.5185,38.6945],[141.5185,38.6945],[141.5186,38.6945],[141.5185,38.6945]]],[[[141.5191,38.6945],[141.5192,38.6945],[141.5192,38.6945],[141.5191,38.6945]]],[[[141.5182,38.6951],[141.5184,38.6952],[141.5183,38.6951],[141.5182,38.6951]]],[[[141.5173,38.6957],[141.5174,38.6957],[141.5173,38.6956],[141.5173,38.6957]]],[[[141.5176,38.6958],[141.5176,38.6957],[141.5175,38.6958],[141.5176,38.6958]]],[[[141.5175,38.6958],[141.5175,38.6958],[141.5175,38.6958],[141.5175,38.6958]]],[[[141.5176,38.6958],[141.5176,38.6958],[141.5176,38.6958],[141.5176,38.6958]]],[[[141.518,38.6961],[141.5181,38.6961],[141.5181,38.6961],[141.518,38.6961]]],[[[141.5181,38.6961],[141.5181,38.6961],[141.5181,38.6962],[141.5181,38.6961]]],[[[141.518,38.6962],[141.518,38.6962],[141.518,38.6962],[141.518,38.6962]]],[[[141.5181,38.6963],[141.5181,38.6963],[141.5181,38.6963],[141.5181,38.6963]]],[[[141.5183,38.6963],[141.5182,38.6963],[141.5182,38.6964],[141.5183,38.6963]]],[[[141.518,38.6964],[141.518,38.6964],[141.518,38.6964],[141.518,38.6964]]],[[[141.5173,38.6965],[141.5173,38.6965],[141.5173,38.6965],[141.5173,38.6965]]],[[[141.5176,38.6965],[141.5175,38.6965],[141.5175,38.6965],[141.5176,38.6965]]],[[[141.5174,38.6965],[141.5173,38.6965],[141.5174,38.6965],[141.5174,38.6965]]],[[[141.5173,38.6965],[141.5173,38.6965],[141.5173,38.6965],[141.5173,38.6965]]],[[[141.5174,38.6965],[141.5175,38.6965],[141.5175,38.6965],[141.5174,38.6965]]],[[[141.5178,38.6968],[141.5178,38.6968],[141.5178,38.6968],[141.5178,38.6968]]],[[[141.5176,38.6969],[141.5176,38.6969],[141.5176,38.6969],[141.5176,38.6969]]],[[[141.5177,38.6973],[141.5176,38.6973],[141.5177,38.6973],[141.5177,38.6973]]],[[[141.5175,38.6976],[141.5174,38.6976],[141.5175,38.6976],[141.5175,38.6976]]],[[[141.5175,38.6976],[141.5176,38.6977],[141.5175,38.6976],[141.5175,38.6976]]],[[[141.5195,38.6977],[141.5196,38.6977],[141.5195,38.6977],[141.5195,38.6977]]],[[[141.5195,38.6978],[141.5196,38.6978],[141.5195,38.6977],[141.5195,38.6978]]],[[[141.5195,38.6978],[141.5195,38.6978],[141.5196,38.6978],[141.5195,38.6978]]],[[[141.5197,38.6977],[141.5196,38.6977],[141.5197,38.6979],[141.5197,38.6977]]],[[[141.5176,38.6979],[141.5176,38.6979],[141.5176,38.6979],[141.5176,38.6979]]],[[[141.5176,38.6979],[141.5177,38.698],[141.5177,38.6979],[141.5176,38.6979]]],[[[141.52,38.6981],[141.5201,38.6981],[141.5201,38.6979],[141.52,38.6981]]],[[[141.5181,38.6981],[141.5181,38.6981],[141.5181,38.698],[141.5181,38.6981]]],[[[141.5185,38.698],[141.5185,38.6981],[141.5185,38.698],[141.5185,38.698]]],[[[141.5189,38.6981],[141.5189,38.6981],[141.5189,38.6981],[141.5189,38.6981]]],[[[141.5182,38.6982],[141.5182,38.6981],[141.5181,38.6982],[141.5182,38.6982]]],[[[141.5183,38.6981],[141.5183,38.6982],[141.5183,38.6982],[141.5183,38.6981]]],[[[141.5182,38.6983],[141.5182,38.6983],[141.5182,38.6982],[141.5182,38.6983]]],[[[141.5192,38.6983],[141.5192,38.6983],[141.5192,38.6982],[141.5192,38.6983]]],[[[141.5183,38.6983],[141.5182,38.6982],[141.5183,38.6983],[141.5183,38.6983]]],[[[141.5183,38.6983],[141.5183,38.6983],[141.5183,38.6983],[141.5183,38.6983]]],[[[141.5194,38.6983],[141.5194,38.6983],[141.5194,38.6983],[141.5194,38.6983]]],[[[141.519,38.6983],[141.519,38.6983],[141.519,38.6983],[141.519,38.6983]]],[[[141.5192,38.6983],[141.5192,38.6984],[141.5192,38.6983],[141.5192,38.6983]]],[[[141.5195,38.6984],[141.5195,38.6984],[141.5195,38.6984],[141.5195,38.6984]]],[[[141.5196,38.6984],[141.5196,38.6984],[141.5196,38.6984],[141.5196,38.6984]]],[[[141.519,38.6984],[141.519,38.6984],[141.519,38.6984],[141.519,38.6984]]],[[[141.5198,38.6984],[141.5197,38.6984],[141.5198,38.6984],[141.5198,38.6984]]],[[[141.5193,38.6985],[141.5193,38.6986],[141.5194,38.6985],[141.5193,38.6985]]],[[[141.5193,38.6986],[141.5193,38.6986],[141.5193,38.6986],[141.5193,38.6986]]],[[[141.5194,38.6987],[141.5195,38.6987],[141.5195,38.6986],[141.5194,38.6987]]],[[[141.5202,38.6987],[141.5202,38.6987],[141.5202,38.6987],[141.5202,38.6987]]],[[[141.5201,38.6987],[141.5201,38.6988],[141.5202,38.6987],[141.5201,38.6987]]],[[[141.5197,38.6989],[141.5197,38.6988],[141.5196,38.6989],[141.5197,38.6989]]],[[[141.5202,38.699],[141.5202,38.699],[141.5202,38.699],[141.5202,38.699]]],[[[141.52,38.699],[141.52,38.699],[141.52,38.699],[141.52,38.699]]],[[[141.5201,38.6991],[141.5201,38.6991],[141.5201,38.6991],[141.5201,38.6991]]],[[[141.52,38.6991],[141.52,38.6991],[141.5199,38.6991],[141.52,38.6991]]],[[[141.5199,38.6992],[141.5199,38.6992],[141.52,38.6992],[141.5199,38.6992]]],[[[141.5198,38.6993],[141.5199,38.6993],[141.5199,38.6992],[141.5198,38.6993]]],[[[141.5196,38.6993],[141.5197,38.6993],[141.5196,38.6993],[141.5196,38.6993]]],[[[141.5199,38.6994],[141.5199,38.6993],[141.5199,38.6993],[141.5199,38.6994]]],[[[141.5197,38.6993],[141.5197,38.6993],[141.5197,38.6994],[141.5197,38.6993]]],[[[141.5198,38.6997],[141.5198,38.6997],[141.5198,38.6996],[141.5198,38.6997]]],[[[141.52,38.6999],[141.52,38.6999],[141.52,38.6999],[141.52,38.6999]]],[[[141.52,38.6999],[141.52,38.6999],[141.52,38.6999],[141.52,38.6999]]],[[[141.5205,38.7],[141.5205,38.7],[141.5205,38.7],[141.5205,38.7]]],[[[141.5205,38.7008],[141.5205,38.701],[141.5207,38.7008],[141.5205,38.7008]]],[[[141.5203,38.7013],[141.5204,38.7012],[141.5203,38.7012],[141.5203,38.7013]]],[[[141.5202,38.7013],[141.5202,38.7013],[141.5202,38.7013],[141.5202,38.7013]]],[[[141.5203,38.7015],[141.5203,38.7015],[141.5203,38.7015],[141.5203,38.7015]]],[[[141.5205,38.7017],[141.5204,38.7017],[141.5205,38.7017],[141.5205,38.7017]]],[[[141.5236,38.6362],[141.5236,38.6362],[141.5236,38.6362],[141.5236,38.6362]]],[[[141.5236,38.6363],[141.5236,38.6362],[141.5236,38.6362],[141.5236,38.6363]]],[[[141.5235,38.6364],[141.5235,38.6364],[141.5234,38.6364],[141.5235,38.6364]]],[[[141.5237,38.6365],[141.5237,38.6366],[141.5237,38.6365],[141.5237,38.6365]]],[[[141.5236,38.6368],[141.5234,38.6368],[141.5235,38.6369],[141.5236,38.6368]]],[[[141.523,38.6369],[141.523,38.6369],[141.523,38.6369],[141.523,38.6369]]],[[[141.5233,38.6369],[141.5232,38.6369],[141.5232,38.637],[141.5233,38.6369]]],[[[141.5235,38.637],[141.5234,38.6369],[141.5235,38.637],[141.5235,38.637]]],[[[141.5227,38.6369],[141.5227,38.637],[141.5228,38.637],[141.5227,38.6369]]],[[[141.5233,38.637],[141.5233,38.637],[141.5232,38.637],[141.5233,38.637]]],[[[141.525,38.637],[141.525,38.637],[141.5251,38.6371],[141.525,38.637]]],[[[141.5248,38.6371],[141.5249,38.6371],[141.5248,38.6371],[141.5248,38.6371]]],[[[141.5227,38.6371],[141.5227,38.6371],[141.5228,38.6371],[141.5227,38.6371]]],[[[141.5216,38.6373],[141.5215,38.6373],[141.5216,38.6374],[141.5216,38.6373]]],[[[141.5229,38.6374],[141.5229,38.6374],[141.5229,38.6374],[141.5229,38.6374]]],[[[141.522,38.6375],[141.522,38.6374],[141.522,38.6374],[141.522,38.6375]]],[[[141.5231,38.6375],[141.5231,38.6375],[141.5231,38.6375],[141.5231,38.6375]]],[[[141.5229,38.6375],[141.5229,38.6376],[141.5229,38.6376],[141.5229,38.6375]]],[[[141.5266,38.6375],[141.5262,38.6375],[141.5266,38.6377],[141.5266,38.6375]]],[[[141.5212,38.6376],[141.5212,38.6376],[141.5212,38.6376],[141.5212,38.6376]]],[[[141.5213,38.6376],[141.5213,38.6377],[141.5214,38.6377],[141.5213,38.6376]]],[[[141.5222,38.6378],[141.5222,38.6377],[141.5221,38.6378],[141.5222,38.6378]]],[[[141.5208,38.6379],[141.5208,38.6378],[141.5207,38.6379],[141.5208,38.6379]]],[[[141.5212,38.6379],[141.5212,38.6379],[141.5212,38.6379],[141.5212,38.6379]]],[[[141.5213,38.6381],[141.5212,38.6379],[141.5211,38.638],[141.5213,38.6381]]],[[[141.5214,38.6381],[141.5213,38.638],[141.5213,38.6381],[141.5214,38.6381]]],[[[141.5213,38.6383],[141.5214,38.6383],[141.5213,38.6381],[141.5213,38.6383]]],[[[141.5208,38.6384],[141.5208,38.6384],[141.5208,38.6384],[141.5208,38.6384]]],[[[141.5223,38.6988],[141.5222,38.699],[141.5225,38.6989],[141.5223,38.6988]]],[[[141.5215,38.6989],[141.5215,38.6989],[141.5214,38.6989],[141.5215,38.6989]]],[[[141.5213,38.6997],[141.5221,38.6992],[141.5213,38.6989],[141.5213,38.6997]]],[[[141.5223,38.6994],[141.5222,38.6994],[141.5222,38.6995],[141.5223,38.6994]]],[[[141.521,38.6994],[141.521,38.6994],[141.521,38.6994],[141.521,38.6994]]],[[[141.521,38.6995],[141.521,38.6995],[141.5211,38.6995],[141.521,38.6995]]],[[[141.5211,38.6996],[141.5212,38.6996],[141.5211,38.6995],[141.5211,38.6996]]],[[[141.522,38.6998],[141.5223,38.6997],[141.5221,38.6996],[141.522,38.6998]]],[[[141.5223,38.6997],[141.5223,38.6997],[141.5223,38.6997],[141.5223,38.6997]]],[[[141.522,38.6998],[141.522,38.6998],[141.522,38.6998],[141.522,38.6998]]],[[[141.5208,38.6999],[141.5208,38.6999],[141.5208,38.6998],[141.5208,38.6999]]],[[[141.5216,38.7],[141.5216,38.7001],[141.5216,38.7],[141.5216,38.7]]],[[[141.5216,38.7],[141.5215,38.7001],[141.5216,38.7001],[141.5216,38.7]]],[[[141.5208,38.7007],[141.5209,38.7006],[141.5208,38.7007],[141.5208,38.7007]]],[[[141.5209,38.7007],[141.5209,38.7007],[141.5209,38.7007],[141.5209,38.7007]]],[[[141.5208,38.7008],[141.5208,38.7008],[141.5208,38.7008],[141.5208,38.7008]]],[[[141.5209,38.7009],[141.5209,38.7008],[141.5209,38.7008],[141.5209,38.7009]]],[[[141.5219,38.7019],[141.522,38.7019],[141.5219,38.7019],[141.5219,38.7019]]],[[[141.5219,38.702],[141.5219,38.702],[141.5219,38.702],[141.5218,38.702],[141.5219,38.702]]],[[[141.5221,38.7021],[141.5222,38.702],[141.5221,38.702],[141.5221,38.7021]]],[[[141.5218,38.7021],[141.5218,38.7022],[141.5218,38.7021],[141.5218,38.7021]]],[[[141.5219,38.7022],[141.522,38.7023],[141.5219,38.7022],[141.5219,38.7022]]],[[[141.5216,38.7022],[141.5216,38.7023],[141.5216,38.7022],[141.5216,38.7022]]],[[[141.5208,38.7023],[141.5209,38.7022],[141.5209,38.7022],[141.5208,38.7023]]],[[[141.522,38.7024],[141.5222,38.7024],[141.5221,38.7022],[141.522,38.7024]]],[[[141.5218,38.7022],[141.5216,38.7023],[141.5218,38.7024],[141.5218,38.7022]]],[[[141.5224,38.7023],[141.5225,38.7023],[141.5225,38.7023],[141.5224,38.7023]]],[[[141.5215,38.7023],[141.5215,38.7023],[141.5216,38.7023],[141.5215,38.7023]]],[[[141.5211,38.7024],[141.5212,38.7024],[141.5211,38.7023],[141.5211,38.7024]]],[[[141.5218,38.7025],[141.5217,38.7025],[141.5218,38.7025],[141.5218,38.7025]]],[[[141.5219,38.7025],[141.5219,38.7026],[141.5219,38.7025],[141.5219,38.7025]]],[[[141.522,38.7032],[141.522,38.7032],[141.522,38.7033],[141.522,38.7032]]],[[[141.5221,38.7034],[141.522,38.7034],[141.5221,38.7035],[141.5221,38.7034]]],[[[141.5218,38.7035],[141.522,38.7035],[141.5219,38.7034],[141.5218,38.7035]]],[[[141.522,38.7037],[141.5219,38.7037],[141.5219,38.7037],[141.522,38.7037]]],[[[141.522,38.7037],[141.522,38.7037],[141.522,38.7038],[141.522,38.7037]]],[[[141.5237,38.7038],[141.5237,38.7037],[141.5236,38.7038],[141.5237,38.7038]]],[[[141.5236,38.7039],[141.5234,38.7039],[141.5233,38.7039],[141.5236,38.7039]]],[[[141.5219,38.704],[141.5219,38.704],[141.5219,38.704],[141.5219,38.704]]],[[[141.5233,38.7041],[141.5231,38.7042],[141.5233,38.7041],[141.5233,38.7041]]],[[[141.5235,38.7041],[141.5236,38.7041],[141.5236,38.7041],[141.5235,38.7041]]],[[[141.5234,38.7042],[141.5234,38.7041],[141.5234,38.7042],[141.5234,38.7042]]],[[[141.5223,38.7042],[141.5223,38.7043],[141.5224,38.7041],[141.5223,38.7042]]],[[[141.5234,38.7045],[141.5235,38.7045],[141.5234,38.7044],[141.5234,38.7045]]],[[[141.5232,38.7045],[141.5232,38.7045],[141.5233,38.7045],[141.5232,38.7045]]],[[[141.5232,38.7047],[141.5232,38.7047],[141.5233,38.7045],[141.5232,38.7047]]],[[[141.5246,38.7046],[141.5246,38.7046],[141.5246,38.7047],[141.5246,38.7046]]],[[[141.5236,38.7046],[141.5235,38.7047],[141.5235,38.7047],[141.5236,38.7046]]],[[[141.523,38.7049],[141.5231,38.7049],[141.523,38.7049],[141.523,38.7049]]],[[[141.5231,38.705],[141.5231,38.705],[141.5231,38.705],[141.5231,38.705]]],[[[141.5242,38.705],[141.5242,38.705],[141.5242,38.7051],[141.5242,38.705]]],[[[141.5245,38.7051],[141.5245,38.705],[141.5244,38.7051],[141.5245,38.7051]]],[[[141.5245,38.7052],[141.5245,38.7052],[141.5245,38.7052],[141.5245,38.7052]]],[[[141.5245,38.7053],[141.5244,38.7052],[141.5244,38.7052],[141.5245,38.7053]]],[[[141.5242,38.7053],[141.5242,38.7053],[141.5242,38.7053],[141.5242,38.7053]]],[[[141.5245,38.7053],[141.5244,38.7053],[141.5244,38.7054],[141.5245,38.7053]]],[[[141.525,38.7054],[141.525,38.7054],[141.5249,38.7054],[141.525,38.7054]]],[[[141.5249,38.7054],[141.5249,38.7054],[141.5249,38.7054],[141.5249,38.7054]]],[[[141.5244,38.7055],[141.5244,38.7054],[141.5243,38.7055],[141.5244,38.7055]]],[[[141.5247,38.7055],[141.5244,38.7055],[141.5245,38.7056],[141.5247,38.7055]]],[[[141.5242,38.7056],[141.5242,38.7056],[141.5242,38.7056],[141.5242,38.7056]]],[[[141.5244,38.7056],[141.5244,38.7056],[141.5244,38.7056],[141.5244,38.7056]]],[[[141.5246,38.7056],[141.5246,38.7056],[141.5246,38.7056],[141.5246,38.7056]]],[[[141.5239,38.7058],[141.5238,38.7058],[141.5238,38.7059],[141.5239,38.7058]]],[[[141.5238,38.706],[141.5239,38.706],[141.5238,38.706],[141.5238,38.706]]],[[[141.5233,38.7065],[141.5233,38.7065],[141.5233,38.7065],[141.5233,38.7065]]],[[[141.5234,38.7068],[141.5235,38.7067],[141.5234,38.7067],[141.5234,38.7068]]],[[[141.5234,38.7068],[141.5233,38.7068],[141.5234,38.7068],[141.5234,38.7068]]],[[[141.5234,38.7083],[141.5234,38.7083],[141.5234,38.7083],[141.5234,38.7083]]],[[[141.526,38.7083],[141.526,38.7083],[141.526,38.7083],[141.526,38.7083]]],[[[141.5233,38.7084],[141.5234,38.7084],[141.5233,38.7083],[141.5233,38.7084]]],[[[141.5258,38.7084],[141.5259,38.7084],[141.5258,38.7084],[141.5258,38.7084]]],[[[141.5263,38.7084],[141.5262,38.7084],[141.5263,38.7085],[141.5263,38.7084]]],[[[141.5257,38.7084],[141.5257,38.7085],[141.5257,38.7084],[141.5257,38.7084]]],[[[141.5259,38.7085],[141.5259,38.7085],[141.5259,38.7085],[141.5259,38.7085]]],[[[141.5263,38.7084],[141.5261,38.7087],[141.5265,38.7086],[141.5263,38.7084]]],[[[141.5232,38.7088],[141.5234,38.7088],[141.5232,38.7084],[141.5232,38.7088]]],[[[141.5227,38.7087],[141.5229,38.7087],[141.5228,38.7087],[141.5227,38.7087]]],[[[141.5261,38.7087],[141.526,38.7087],[141.5261,38.7087],[141.5261,38.7087]]],[[[141.5234,38.7088],[141.5236,38.7088],[141.5236,38.7087],[141.5234,38.7088]]],[[[141.5263,38.7092],[141.5264,38.7092],[141.5264,38.7091],[141.5263,38.7092]]],[[[141.5262,38.7092],[141.5262,38.7092],[141.5262,38.7092],[141.5262,38.7092]]],[[[141.5262,38.7095],[141.5262,38.7095],[141.5262,38.7095],[141.5262,38.7095]]],[[[141.5265,38.7095],[141.5265,38.7095],[141.5264,38.7096],[141.5265,38.7095]]],[[[141.5263,38.7095],[141.5263,38.7095],[141.5263,38.7095],[141.5263,38.7095]]],[[[141.5263,38.7096],[141.5263,38.7096],[141.5263,38.7096],[141.5263,38.7096]]],[[[141.5249,38.7096],[141.5252,38.7097],[141.525,38.7096],[141.5249,38.7096]]],[[[141.5262,38.7098],[141.5262,38.7098],[141.5262,38.7098],[141.5262,38.7098]]],[[[141.5261,38.7099],[141.5262,38.7099],[141.5261,38.7099],[141.5261,38.7099]]],[[[141.5262,38.71],[141.5262,38.71],[141.5262,38.7101],[141.5262,38.71]]],[[[141.5244,38.71],[141.5244,38.7101],[141.5245,38.71],[141.5244,38.71]]],[[[141.5236,38.7101],[141.5237,38.7101],[141.5236,38.71],[141.5236,38.7101]]],[[[141.5241,38.7101],[141.5241,38.7101],[141.5241,38.7101],[141.5241,38.7101]]],[[[141.5263,38.7101],[141.5263,38.7101],[141.5263,38.7101],[141.5263,38.7101]]],[[[141.5262,38.7101],[141.5262,38.7102],[141.5262,38.7101],[141.5262,38.7101]]],[[[141.5261,38.7102],[141.5261,38.7102],[141.5261,38.7102],[141.5261,38.7102]]],[[[141.5263,38.7104],[141.5263,38.7104],[141.5263,38.7104],[141.5263,38.7104]]],[[[141.526,38.7111],[141.5259,38.7111],[141.526,38.7111],[141.526,38.7111]]],[[[141.526,38.7111],[141.526,38.7111],[141.526,38.7111],[141.526,38.7111]]],[[[141.5259,38.7112],[141.5258,38.7112],[141.5259,38.7112],[141.5259,38.7112]]],[[[141.5253,38.716],[141.5252,38.716],[141.5253,38.716],[141.5253,38.716]]],[[[141.5253,38.7162],[141.5253,38.7162],[141.5253,38.7162],[141.5253,38.7162]]],[[[141.5252,38.7164],[141.5252,38.7164],[141.5252,38.7164],[141.5252,38.7164]]],[[[141.5288,38.631],[141.5288,38.631],[141.5288,38.6309],[141.5288,38.631]]],[[[141.5284,38.6311],[141.5287,38.6312],[141.5285,38.631],[141.5284,38.6311]]],[[[141.5286,38.6316],[141.5286,38.6316],[141.5286,38.6316],[141.5286,38.6316]]],[[[141.5277,38.632],[141.5278,38.632],[141.5277,38.6319],[141.5277,38.632]]],[[[141.5286,38.6324],[141.5285,38.6323],[141.5285,38.6324],[141.5286,38.6324]]],[[[141.5291,38.6327],[141.529,38.6327],[141.529,38.6328],[141.5291,38.6327]]],[[[141.5285,38.6329],[141.5286,38.633],[141.5287,38.6328],[141.5285,38.6329]]],[[[141.5284,38.6329],[141.5284,38.6329],[141.5284,38.633],[141.5284,38.6329]]],[[[141.5288,38.633],[141.5287,38.633],[141.5287,38.633],[141.5288,38.633]]],[[[141.5289,38.633],[141.529,38.633],[141.5289,38.633],[141.5289,38.633]]],[[[141.5291,38.6332],[141.529,38.6331],[141.529,38.6333],[141.5291,38.6332]]],[[[141.5286,38.6333],[141.5288,38.6333],[141.529,38.6331],[141.5286,38.6333]]],[[[141.5295,38.6333],[141.5294,38.6333],[141.5295,38.6334],[141.5295,38.6333]]],[[[141.5293,38.6334],[141.5293,38.6334],[141.5293,38.6334],[141.5293,38.6334]]],[[[141.5289,38.6335],[141.529,38.6335],[141.5292,38.6333],[141.5289,38.6335]]],[[[141.5292,38.6337],[141.5291,38.6337],[141.5292,38.6337],[141.5292,38.6337]]],[[[141.5288,38.6338],[141.5288,38.6338],[141.5289,38.6337],[141.5288,38.6338]]],[[[141.5316,38.6342],[141.5317,38.6342],[141.5316,38.6341],[141.5316,38.6342]]],[[[141.5315,38.6343],[141.5316,38.6344],[141.5316,38.6342],[141.5315,38.6343]]],[[[141.5303,38.6343],[141.5303,38.6344],[141.5303,38.6343],[141.5303,38.6343]]],[[[141.5316,38.6344],[141.5316,38.6344],[141.5315,38.6344],[141.5316,38.6344]]],[[[141.5293,38.6345],[141.5294,38.6345],[141.5293,38.6344],[141.5293,38.6345]]],[[[141.5308,38.6345],[141.5308,38.6345],[141.5308,38.6345],[141.5308,38.6345]]],[[[141.5293,38.6346],[141.5293,38.6346],[141.5293,38.6346],[141.5293,38.6346]]],[[[141.5303,38.6346],[141.5303,38.6347],[141.5303,38.6346],[141.5303,38.6346]]],[[[141.5308,38.6347],[141.5309,38.6346],[141.5308,38.6346],[141.5308,38.6347]]],[[[141.5303,38.6347],[141.5303,38.6347],[141.5304,38.6347],[141.5303,38.6347]]],[[[141.5294,38.6347],[141.5294,38.6347],[141.5294,38.6347],[141.5294,38.6347]]],[[[141.5312,38.6347],[141.5311,38.6347],[141.5312,38.6347],[141.5312,38.6347]]],[[[141.5311,38.6346],[141.5311,38.6346],[141.5311,38.6348],[141.5311,38.6346]]],[[[141.5294,38.6348],[141.5294,38.6347],[141.5293,38.6347],[141.5294,38.6348]]],[[[141.5293,38.6348],[141.5293,38.6348],[141.5293,38.6348],[141.5293,38.6348]]],[[[141.5303,38.6347],[141.5302,38.6349],[141.5304,38.6348],[141.5305,38.6347],[141.5303,38.6347]]],[[[141.5311,38.6348],[141.5311,38.6348],[141.5312,38.6348],[141.5311,38.6348]]],[[[141.5292,38.6348],[141.5292,38.6348],[141.5292,38.6348],[141.5292,38.6348]]],[[[141.5305,38.6348],[141.5305,38.6349],[141.5305,38.6348],[141.5305,38.6348]]],[[[141.5307,38.6348],[141.5307,38.6349],[141.5307,38.6348],[141.5307,38.6348]]],[[[141.5311,38.6349],[141.5311,38.635],[141.5311,38.6348],[141.5311,38.6349]]],[[[141.5293,38.6349],[141.5293,38.6349],[141.5293,38.6349],[141.5293,38.6349]]],[[[141.5302,38.635],[141.5302,38.6352],[141.5305,38.6351],[141.5302,38.635]]],[[[141.5295,38.6352],[141.5295,38.6351],[141.5294,38.6351],[141.5295,38.6352]]],[[[141.5294,38.6352],[141.5295,38.6352],[141.5294,38.6352],[141.5294,38.6352]]],[[[141.5302,38.6352],[141.5302,38.6354],[141.5304,38.6353],[141.5302,38.6352]]],[[[141.5304,38.6354],[141.5304,38.6354],[141.5304,38.6354],[141.5304,38.6354]]],[[[141.5299,38.6356],[141.5301,38.6356],[141.53,38.6354],[141.5299,38.6356]]],[[[141.5302,38.6355],[141.5302,38.6357],[141.5305,38.6354],[141.5302,38.6355]]],[[[141.53,38.6358],[141.53,38.6358],[141.5301,38.6358],[141.53,38.6358]]],[[[141.5304,38.6359],[141.5304,38.6359],[141.5304,38.6359],[141.5304,38.6359]]],[[[141.5303,38.636],[141.5303,38.6361],[141.5303,38.636],[141.5303,38.636]]],[[[141.5299,38.636],[141.5298,38.6366],[141.5302,38.6365],[141.5299,38.636]]],[[[141.53,38.6368],[141.5299,38.6368],[141.5299,38.6369],[141.53,38.6368]]],[[[141.5306,38.6367],[141.5301,38.6367],[141.5304,38.637],[141.5304,38.6369],[141.5306,38.6367]]],[[[141.5305,38.6369],[141.5305,38.6369],[141.5305,38.6369],[141.5305,38.6369]]],[[[141.5298,38.6369],[141.5297,38.6369],[141.5298,38.637],[141.5298,38.6369]]],[[[141.5299,38.6371],[141.53,38.6371],[141.5299,38.6371],[141.5299,38.6371]]],[[[141.5289,38.637],[141.5289,38.6371],[141.5289,38.637],[141.5289,38.637]]],[[[141.53,38.6372],[141.53,38.6372],[141.53,38.6372],[141.53,38.6372]]],[[[141.5299,38.6372],[141.5299,38.6372],[141.5299,38.6372],[141.5299,38.6372]]],[[[141.5296,38.6372],[141.5295,38.6372],[141.5296,38.6372],[141.5296,38.6372]]],[[[141.5296,38.6373],[141.5296,38.6373],[141.5296,38.6373],[141.5296,38.6373]]],[[[141.5285,38.6374],[141.5285,38.6374],[141.5286,38.6374],[141.5285,38.6374]]],[[[141.5269,38.6374],[141.5268,38.6374],[141.5268,38.6375],[141.5269,38.6374]]],[[[141.5273,38.6374],[141.5273,38.6375],[141.5273,38.6374],[141.5273,38.6374]]],[[[141.5275,38.6375],[141.5275,38.6375],[141.5275,38.6375],[141.5275,38.6375]]],[[[141.528,38.6376],[141.528,38.6376],[141.5281,38.6376],[141.528,38.6376]]],[[[141.5283,38.6377],[141.5283,38.6376],[141.5282,38.6377],[141.5283,38.6377]]],[[[141.5274,38.6376],[141.5274,38.6376],[141.5274,38.6377],[141.5274,38.6376]]],[[[141.5282,38.6376],[141.5282,38.6377],[141.5282,38.6377],[141.5282,38.6376]]],[[[141.5303,38.6377],[141.5303,38.6377],[141.5303,38.6377],[141.5303,38.6377]]],[[[141.5276,38.6377],[141.5276,38.6378],[141.5277,38.6377],[141.5276,38.6377]]],[[[141.5273,38.6377],[141.5274,38.6379],[141.5275,38.6379],[141.5273,38.6377]]],[[[141.5275,38.6379],[141.5275,38.6379],[141.5275,38.6378],[141.5275,38.6379]]],[[[141.5277,38.6379],[141.5276,38.6378],[141.5277,38.6379],[141.5277,38.6379]]],[[[141.5317,38.6379],[141.5316,38.6379],[141.5317,38.6379],[141.5317,38.6379]]],[[[141.5276,38.638],[141.5276,38.6379],[141.5275,38.638],[141.5276,38.638]]],[[[141.5274,38.638],[141.5274,38.6381],[141.5274,38.6381],[141.5274,38.638]]],[[[141.5304,38.6387],[141.5302,38.6385],[141.5319,38.6378],[141.5314,38.6375],[141.5304,38.6379],[141.5302,38.6377],[141.53,38.6386],[141.5304,38.6387]]],[[[141.5316,38.6382],[141.5315,38.6381],[141.5315,38.6382],[141.5316,38.6382]]],[[[141.5275,38.6382],[141.5275,38.6382],[141.5275,38.6382],[141.5275,38.6382]]],[[[141.5294,38.6382],[141.5294,38.6382],[141.5295,38.6382],[141.5294,38.6382]]],[[[141.5314,38.6382],[141.5315,38.6383],[141.5315,38.6382],[141.5314,38.6382]]],[[[141.5276,38.6384],[141.5278,38.6384],[141.5276,38.6382],[141.5276,38.6384]]],[[[141.5275,38.6384],[141.5275,38.6383],[141.5274,38.6383],[141.5275,38.6384]]],[[[141.5275,38.6383],[141.5275,38.6384],[141.5276,38.6384],[141.5275,38.6383]]],[[[141.5274,38.6384],[141.5275,38.6384],[141.5274,38.6384],[141.5274,38.6384]]],[[[141.5278,38.6386],[141.5278,38.6386],[141.5278,38.6386],[141.5278,38.6386]]],[[[141.53,38.6386],[141.53,38.6387],[141.53,38.6386],[141.53,38.6386]]],[[[141.5278,38.6386],[141.5277,38.6387],[141.5278,38.6387],[141.5278,38.6386]]],[[[141.5291,38.6388],[141.5292,38.6385],[141.5291,38.6388],[141.5291,38.6388]]],[[[141.5295,38.6388],[141.5296,38.6388],[141.5294,38.6388],[141.5295,38.6388]]],[[[141.5278,38.6388],[141.5277,38.6389],[141.5278,38.6389],[141.5278,38.6388]]],[[[141.5295,38.6389],[141.5295,38.6389],[141.5295,38.6389],[141.5295,38.6389]]],[[[141.5294,38.6389],[141.5294,38.6388],[141.5294,38.6389],[141.5294,38.6389]]],[[[141.5294,38.6389],[141.5293,38.6389],[141.5294,38.6389],[141.5294,38.6389]]],[[[141.5305,38.6392],[141.5305,38.6392],[141.5305,38.6392],[141.5305,38.6392]]],[[[141.5301,38.6394],[141.5302,38.6392],[141.5301,38.6393],[141.5301,38.6394]]],[[[141.5304,38.6392],[141.5303,38.6395],[141.5305,38.6393],[141.5304,38.6392]]],[[[141.5302,38.6395],[141.5303,38.6395],[141.5302,38.6394],[141.5302,38.6395]]],[[[141.5299,38.6466],[141.53,38.6466],[141.5299,38.6466],[141.5299,38.6466]]],[[[141.5293,38.6468],[141.5297,38.6468],[141.5296,38.6466],[141.5293,38.6468]]],[[[141.5301,38.6467],[141.5301,38.6468],[141.5301,38.6467],[141.5301,38.6467]]],[[[141.53,38.6467],[141.5297,38.6469],[141.53,38.6467],[141.53,38.6467]]],[[[141.5301,38.6467],[141.53,38.6467],[141.53,38.6468],[141.5301,38.6467]]],[[[141.5301,38.6468],[141.5301,38.6468],[141.5301,38.6468],[141.5301,38.6468]]],[[[141.5296,38.6468],[141.5296,38.6469],[141.5296,38.6469],[141.5296,38.6468]]],[[[141.53,38.6469],[141.53,38.6469],[141.53,38.6469],[141.53,38.6469]]],[[[141.5297,38.647],[141.5297,38.6469],[141.5297,38.647],[141.5297,38.647]]],[[[141.5288,38.6471],[141.5289,38.6471],[141.5289,38.647],[141.5288,38.6471]]],[[[141.529,38.6471],[141.5289,38.6471],[141.529,38.6471],[141.529,38.6471]]],[[[141.5341,38.7069],[141.534,38.7068],[141.534,38.7069],[141.5341,38.7069]]],[[[141.5327,38.7086],[141.5327,38.7087],[141.5328,38.7086],[141.5327,38.7086]]],[[[141.5337,38.7089],[141.5337,38.7089],[141.5337,38.7089],[141.5337,38.7089]]],[[[141.5264,38.7089],[141.5265,38.7089],[141.5264,38.7089],[141.5264,38.7089]]],[[[141.534,38.7115],[141.5339,38.7116],[141.5339,38.7117],[141.534,38.7115]]],[[[141.5322,38.7151],[141.5321,38.7151],[141.5321,38.7152],[141.5322,38.7151]]],[[[141.5324,38.7484],[141.5323,38.7483],[141.5324,38.7484],[141.5324,38.7484]]],[[[141.5318,38.7483],[141.5318,38.7483],[141.532,38.7484],[141.5318,38.7483]]],[[[141.5324,38.7485],[141.5324,38.7485],[141.5325,38.7486],[141.5324,38.7485]]],[[[141.534,38.7486],[141.5341,38.7486],[141.534,38.7485],[141.534,38.7486]]],[[[141.5326,38.7487],[141.5325,38.7486],[141.5326,38.7487],[141.5326,38.7487]]],[[[141.5325,38.7489],[141.5325,38.7488],[141.5323,38.7488],[141.5325,38.7489]]],[[[141.5326,38.749],[141.5325,38.749],[141.5325,38.7491],[141.5326,38.749]]],[[[141.5336,38.7493],[141.5334,38.7491],[141.5335,38.7493],[141.5336,38.7493]]],[[[141.5329,38.749],[141.5335,38.7494],[141.5333,38.7492],[141.5329,38.749]]],[[[141.5336,38.7495],[141.5336,38.7495],[141.5335,38.7495],[141.5336,38.7495]]],[[[141.5328,38.7492],[141.5333,38.7498],[141.5331,38.7493],[141.5328,38.7492]]],[[[141.5333,38.7495],[141.5334,38.7497],[141.5333,38.7495],[141.5333,38.7495]]],[[[141.5333,38.7499],[141.5333,38.7499],[141.5333,38.75],[141.5333,38.7499]]],[[[141.5332,38.75],[141.5333,38.75],[141.5333,38.75],[141.5332,38.75]]],[[[141.5332,38.7501],[141.5332,38.7501],[141.5333,38.7501],[141.5332,38.7501]]],[[[141.5334,38.7504],[141.5335,38.7504],[141.5335,38.7502],[141.5334,38.7504]]],[[[141.5382,38.6926],[141.5384,38.6926],[141.5382,38.6925],[141.5382,38.6926]]],[[[141.5382,38.6927],[141.5383,38.6927],[141.5383,38.6927],[141.5382,38.6927]]],[[[141.539,38.6928],[141.5389,38.6928],[141.539,38.6928],[141.539,38.6928]]],[[[141.539,38.6928],[141.5391,38.6928],[141.539,38.6928],[141.539,38.6928]]],[[[141.5389,38.6928],[141.539,38.6929],[141.539,38.6928],[141.5389,38.6928]]],[[[141.5391,38.693],[141.5391,38.6931],[141.5391,38.6931],[141.5391,38.693]]],[[[141.5392,38.6932],[141.5392,38.6932],[141.5392,38.6932],[141.5392,38.6932]]],[[[141.5392,38.6933],[141.5392,38.6932],[141.5392,38.6933],[141.5392,38.6933]]],[[[141.5393,38.6933],[141.5393,38.6933],[141.5393,38.6933],[141.5393,38.6933]]],[[[141.5391,38.6933],[141.5391,38.6933],[141.5392,38.6933],[141.5391,38.6933]]],[[[141.5393,38.6934],[141.5392,38.6934],[141.5392,38.6934],[141.5393,38.6934]]],[[[141.5382,38.6936],[141.5382,38.6936],[141.5382,38.6936],[141.5382,38.6936]]],[[[141.5382,38.6937],[141.5382,38.6936],[141.5382,38.6937],[141.5382,38.6937]]],[[[141.5383,38.6938],[141.5386,38.6941],[141.5385,38.6943],[141.5392,38.694],[141.5385,38.6935],[141.5383,38.6938]]],[[[141.5393,38.6939],[141.5393,38.6939],[141.5392,38.6939],[141.5393,38.6939]]],[[[141.5382,38.6939],[141.5382,38.6939],[141.5382,38.6939],[141.5382,38.6939]]],[[[141.5383,38.6939],[141.5382,38.6939],[141.5382,38.694],[141.5383,38.6939]]],[[[141.5394,38.6939],[141.5394,38.6939],[141.5395,38.694],[141.5394,38.6939]]],[[[141.5382,38.6939],[141.5382,38.694],[141.5382,38.694],[141.5382,38.6939]]],[[[141.5383,38.6939],[141.5384,38.6945],[141.5384,38.6943],[141.5386,38.694],[141.5383,38.6939]]],[[[141.5382,38.6942],[141.5382,38.6942],[141.5382,38.6943],[141.5382,38.6942]]],[[[141.539,38.6942],[141.5391,38.6942],[141.539,38.6942],[141.539,38.6942]]],[[[141.5389,38.6943],[141.5388,38.6942],[141.5389,38.6943],[141.5389,38.6943]]],[[[141.539,38.6943],[141.539,38.6943],[141.539,38.6943],[141.539,38.6943]]],[[[141.5383,38.6943],[141.5383,38.6943],[141.5383,38.6943],[141.5383,38.6943]]],[[[141.5387,38.6944],[141.5388,38.6945],[141.5388,38.6944],[141.5387,38.6944]]],[[[141.5381,38.6944],[141.5383,38.6946],[141.5382,38.6944],[141.5381,38.6944]]],[[[141.5381,38.6945],[141.5381,38.6945],[141.5381,38.6945],[141.5381,38.6945]]],[[[141.536,38.6948],[141.536,38.6947],[141.536,38.6948],[141.536,38.6948]]],[[[141.5362,38.6946],[141.5362,38.6949],[141.5364,38.6946],[141.5362,38.6946]]],[[[141.536,38.6948],[141.536,38.6948],[141.536,38.6948],[141.536,38.6948]]],[[[141.5359,38.6949],[141.5359,38.6949],[141.5359,38.6949],[141.5359,38.6949]]],[[[141.5361,38.695],[141.5361,38.6948],[141.5361,38.6949],[141.5361,38.695]]],[[[141.5381,38.695],[141.5381,38.695],[141.5381,38.695],[141.5381,38.695]]],[[[141.536,38.695],[141.5361,38.6951],[141.536,38.695],[141.536,38.695]]],[[[141.5365,38.6951],[141.5365,38.6951],[141.5365,38.6951],[141.5365,38.6951]]],[[[141.5378,38.6952],[141.5377,38.6952],[141.5378,38.6952],[141.5378,38.6952]]],[[[141.5363,38.6952],[141.5364,38.6952],[141.5364,38.6952],[141.5363,38.6952]]],[[[141.5375,38.6953],[141.5377,38.6952],[141.5375,38.6952],[141.5375,38.6953]]],[[[141.5357,38.6953],[141.5357,38.6953],[141.5357,38.6953],[141.5357,38.6953]]],[[[141.5359,38.6953],[141.5359,38.6953],[141.536,38.6953],[141.5359,38.6953]]],[[[141.5376,38.6955],[141.5381,38.6955],[141.5379,38.6952],[141.5376,38.6955]]],[[[141.5383,38.6953],[141.5386,38.6955],[141.5385,38.6952],[141.5383,38.6953]]],[[[141.5362,38.6955],[141.5361,38.6955],[141.5362,38.6955],[141.5362,38.6955]]],[[[141.5366,38.7051],[141.5365,38.7054],[141.5367,38.7052],[141.5366,38.7051]]],[[[141.5358,38.7052],[141.5358,38.7053],[141.5358,38.7053],[141.5358,38.7052]]],[[[141.5368,38.7054],[141.5369,38.7053],[141.5369,38.7052],[141.5368,38.7054]]],[[[141.5368,38.7054],[141.5367,38.7054],[141.5368,38.7054],[141.5368,38.7054]]],[[[141.5366,38.7054],[141.5365,38.7054],[141.5365,38.7054],[141.5366,38.7054]]],[[[141.5355,38.7052],[141.5353,38.7058],[141.5356,38.7052],[141.5355,38.7052]]],[[[141.5358,38.7058],[141.5359,38.7058],[141.5358,38.7052],[141.5358,38.7058]]],[[[141.5369,38.7056],[141.537,38.7056],[141.5369,38.7056],[141.5369,38.7056]]],[[[141.537,38.7057],[141.537,38.7057],[141.537,38.7057],[141.537,38.7057]]],[[[141.5368,38.7057],[141.5368,38.7057],[141.5368,38.7058],[141.5368,38.7057]]],[[[141.5374,38.7058],[141.5374,38.7058],[141.5374,38.7057],[141.5374,38.7058]]],[[[141.537,38.7058],[141.537,38.7058],[141.537,38.7058],[141.537,38.7058]]],[[[141.5371,38.7058],[141.5371,38.7058],[141.5371,38.7058],[141.5371,38.7058]]],[[[141.5369,38.7059],[141.5369,38.7058],[141.5369,38.7059],[141.5369,38.7059]]],[[[141.5371,38.7059],[141.5371,38.7059],[141.537,38.7059],[141.5371,38.7059]]],[[[141.5373,38.706],[141.5373,38.706],[141.5373,38.7059],[141.5373,38.706]]],[[[141.537,38.7062],[141.537,38.7062],[141.537,38.7062],[141.537,38.7062]]],[[[141.5374,38.7062],[141.5374,38.7063],[141.5374,38.7062],[141.5374,38.7062]]],[[[141.537,38.7063],[141.5371,38.7065],[141.5374,38.7062],[141.537,38.7063]]],[[[141.5371,38.7066],[141.5371,38.7066],[141.5372,38.7066],[141.5371,38.7066]]],[[[141.5357,38.7066],[141.5357,38.7067],[141.5358,38.7067],[141.5357,38.7066]]],[[[141.5353,38.7067],[141.5353,38.7067],[141.5353,38.7067],[141.5353,38.7067]]],[[[141.5356,38.7067],[141.5355,38.7067],[141.5356,38.7068],[141.5356,38.7067]]],[[[141.5357,38.7067],[141.5357,38.7068],[141.5357,38.7067],[141.5357,38.7067]]],[[[141.5372,38.7068],[141.5372,38.7068],[141.5372,38.7068],[141.5372,38.7068]]],[[[141.5356,38.7068],[141.5357,38.7068],[141.5357,38.7068],[141.5356,38.7068]]],[[[141.5357,38.7068],[141.5357,38.7069],[141.5357,38.7068],[141.5357,38.7068]]],[[[141.5376,38.7069],[141.5377,38.707],[141.5377,38.7068],[141.5376,38.7069]]],[[[141.5377,38.707],[141.5377,38.7072],[141.5379,38.707],[141.5377,38.707]]],[[[141.5355,38.7071],[141.5356,38.7071],[141.5356,38.7071],[141.5355,38.7071]]],[[[141.5352,38.7072],[141.5352,38.7073],[141.5353,38.7073],[141.5352,38.7072]]],[[[141.5353,38.7073],[141.5354,38.7073],[141.5354,38.7073],[141.5353,38.7073]]],[[[141.5375,38.7076],[141.5376,38.7076],[141.5375,38.7076],[141.5375,38.7076]]],[[[141.5376,38.7076],[141.5376,38.7077],[141.5376,38.7077],[141.5376,38.7076]]],[[[141.5376,38.7079],[141.5376,38.7079],[141.5376,38.7079],[141.5376,38.7079]]],[[[141.5377,38.7079],[141.5377,38.7079],[141.5377,38.708],[141.5377,38.7079]]],[[[141.5378,38.7082],[141.5378,38.7082],[141.5378,38.7082],[141.5378,38.7082]]],[[[141.5358,38.7082],[141.5358,38.7082],[141.5358,38.7082],[141.5358,38.7082]]],[[[141.536,38.7082],[141.536,38.7083],[141.536,38.7082],[141.536,38.7082]]],[[[141.5379,38.7083],[141.5379,38.7083],[141.538,38.7082],[141.5379,38.7083]]],[[[141.5357,38.7083],[141.5357,38.7083],[141.5357,38.7084],[141.5357,38.7083]]],[[[141.5378,38.7088],[141.5378,38.7088],[141.5378,38.7088],[141.5378,38.7088]]],[[[141.5378,38.7089],[141.5378,38.7089],[141.5379,38.7089],[141.5378,38.7089]]],[[[141.5344,38.7089],[141.5345,38.7089],[141.5346,38.7088],[141.5344,38.7089]]],[[[141.5378,38.7089],[141.5378,38.7089],[141.5378,38.7089],[141.5378,38.7089]]],[[[141.5387,38.7091],[141.5387,38.709],[141.5387,38.709],[141.5387,38.7091]]],[[[141.534,38.7116],[141.5341,38.7116],[141.534,38.7116],[141.534,38.7116]]],[[[141.5346,38.7118],[141.5346,38.7117],[141.5345,38.7118],[141.5346,38.7118]]],[[[141.5346,38.7119],[141.5346,38.7118],[141.5345,38.7118],[141.5346,38.7119]]],[[[141.5346,38.7123],[141.5345,38.7123],[141.5345,38.7124],[141.5346,38.7123]]],[[[141.5346,38.7123],[141.5346,38.7123],[141.5346,38.7123],[141.5346,38.7123]]],[[[141.5346,38.7126],[141.5346,38.7126],[141.5346,38.7127],[141.5346,38.7126]]],[[[141.5395,38.7406],[141.5396,38.7406],[141.5395,38.7406],[141.5395,38.7406]]],[[[141.5395,38.741],[141.5395,38.741],[141.5395,38.741],[141.5395,38.741]]],[[[141.5391,38.742],[141.5394,38.7421],[141.5394,38.7418],[141.5391,38.742]]],[[[141.5389,38.7421],[141.5389,38.742],[141.5389,38.7421],[141.5389,38.7421]]],[[[141.5396,38.7421],[141.5395,38.742],[141.5396,38.7421],[141.5396,38.7421]]],[[[141.5394,38.7421],[141.5394,38.7421],[141.5395,38.7421],[141.5394,38.7421]]],[[[141.5391,38.7421],[141.5392,38.7422],[141.5392,38.7421],[141.5391,38.7421]]],[[[141.5395,38.7433],[141.5394,38.7434],[141.5395,38.7434],[141.5395,38.7433]]],[[[141.5379,38.7434],[141.5379,38.7434],[141.5378,38.7434],[141.5379,38.7434]]],[[[141.538,38.7434],[141.5381,38.7435],[141.5381,38.7434],[141.538,38.7434]]],[[[141.5385,38.7476],[141.5385,38.7477],[141.5386,38.7477],[141.5385,38.7476]]],[[[141.5384,38.7479],[141.5385,38.7481],[141.5385,38.748],[141.5384,38.7479]]],[[[141.5382,38.7481],[141.5382,38.7482],[141.5383,38.7482],[141.5382,38.7481]]],[[[141.5355,38.7482],[141.5355,38.7482],[141.5355,38.7484],[141.5355,38.7482]]],[[[141.5353,38.7483],[141.5353,38.7483],[141.5354,38.7484],[141.5353,38.7483]]],[[[141.5383,38.7485],[141.5383,38.7486],[141.5383,38.7485],[141.5383,38.7485]]],[[[141.5389,38.7485],[141.5389,38.7485],[141.5389,38.7486],[141.5389,38.7485]]],[[[141.5357,38.7486],[141.5356,38.7485],[141.5355,38.7486],[141.5357,38.7486]]],[[[141.5378,38.7487],[141.5378,38.7486],[141.5378,38.7487],[141.5378,38.7487]]],[[[141.5388,38.7488],[141.5387,38.7487],[141.5387,38.7488],[141.5388,38.7488]]],[[[141.5356,38.7487],[141.5356,38.7487],[141.5357,38.7488],[141.5356,38.7487]]],[[[141.5385,38.7488],[141.5384,38.7487],[141.5385,38.7488],[141.5385,38.7489],[141.5385,38.7488]]],[[[141.5373,38.749],[141.5373,38.749],[141.5373,38.749],[141.5373,38.749]]],[[[141.537,38.7491],[141.5369,38.749],[141.537,38.7491],[141.537,38.7491]]],[[[141.537,38.749],[141.537,38.7491],[141.5371,38.749],[141.537,38.749]]],[[[141.5385,38.7491],[141.5384,38.7492],[141.5385,38.7492],[141.5385,38.7491]]],[[[141.5362,38.7493],[141.5362,38.7492],[141.5361,38.7492],[141.5362,38.7493]]],[[[141.5377,38.7493],[141.5378,38.7494],[141.538,38.7493],[141.5377,38.7493]]],[[[141.5382,38.7494],[141.5382,38.7493],[141.5381,38.7494],[141.5382,38.7494]]],[[[141.538,38.7494],[141.5379,38.7494],[141.5378,38.7494],[141.538,38.7494]]],[[[141.5361,38.7495],[141.536,38.7494],[141.536,38.7496],[141.5361,38.7495]]],[[[141.5359,38.7495],[141.5359,38.7496],[141.536,38.7496],[141.5359,38.7495]]],[[[141.5356,38.75],[141.5355,38.75],[141.5356,38.75],[141.5356,38.75]]],[[[141.5362,38.7503],[141.5362,38.7502],[141.5362,38.7503],[141.5362,38.7503]]],[[[141.5361,38.7503],[141.5361,38.7503],[141.5361,38.7503],[141.5361,38.7503]]],[[[141.5397,38.6932],[141.5398,38.6932],[141.5398,38.6932],[141.5397,38.6932]]],[[[141.5549,38.6943],[141.5549,38.6943],[141.5548,38.6943],[141.5549,38.6943]]],[[[141.555,38.6946],[141.555,38.6946],[141.555,38.6946],[141.555,38.6946]]],[[[141.5546,38.6949],[141.5546,38.6947],[141.5546,38.6949],[141.5546,38.6949]]],[[[141.5546,38.6949],[141.5546,38.6949],[141.5547,38.6949],[141.5546,38.6949]]],[[[141.5548,38.695],[141.5548,38.6951],[141.5548,38.6951],[141.5548,38.695]]],[[[141.5547,38.6951],[141.5547,38.695],[141.5547,38.6951],[141.5547,38.6951]]],[[[141.5548,38.6951],[141.5548,38.6951],[141.5549,38.6952],[141.5548,38.6951]]],[[[141.5545,38.6951],[141.5546,38.6952],[141.5545,38.6951],[141.5545,38.6951]]],[[[141.5544,38.6952],[141.5544,38.6952],[141.5544,38.6952],[141.5544,38.6952]]],[[[141.5546,38.6953],[141.5546,38.6954],[141.5546,38.6952],[141.5546,38.6953]]],[[[141.5541,38.6953],[141.554,38.6953],[141.5541,38.6954],[141.5541,38.6954],[141.5541,38.6953]]],[[[141.554,38.6954],[141.554,38.6954],[141.5541,38.6954],[141.554,38.6954]]],[[[141.5543,38.6957],[141.5543,38.6955],[141.5543,38.6956],[141.5543,38.6957]]],[[[141.5541,38.6956],[141.5541,38.6956],[141.5542,38.6957],[141.5541,38.6956]]],[[[141.5543,38.6958],[141.5543,38.6959],[141.5544,38.6959],[141.5543,38.6958]]],[[[141.5544,38.6959],[141.5544,38.6959],[141.5544,38.696],[141.5544,38.6959]]],[[[141.5541,38.6961],[141.5541,38.6961],[141.5542,38.6961],[141.5541,38.6961]]],[[[141.5541,38.6962],[141.5541,38.6962],[141.5541,38.6962],[141.5541,38.6962]]],[[[141.5543,38.6965],[141.5542,38.6963],[141.5542,38.6964],[141.5543,38.6965]]],[[[141.5545,38.6964],[141.5545,38.6964],[141.5544,38.6964],[141.5545,38.6964]]],[[[141.5546,38.6968],[141.5546,38.6967],[141.5546,38.6968],[141.5546,38.6968]]],[[[141.5544,38.6974],[141.5544,38.6974],[141.5544,38.6974],[141.5544,38.6974]]],[[[141.5548,38.6975],[141.5547,38.6975],[141.5548,38.6975],[141.5548,38.6975]]],[[[141.5542,38.698],[141.5543,38.698],[141.5542,38.6979],[141.5542,38.698]]],[[[141.5518,38.7016],[141.5519,38.7017],[141.5519,38.7016],[141.5518,38.7016]]],[[[141.5523,38.7018],[141.5523,38.7019],[141.5524,38.7018],[141.5523,38.7018]]],[[[141.5522,38.7019],[141.5522,38.7019],[141.5522,38.7019],[141.5522,38.7019]]],[[[141.5524,38.7019],[141.5523,38.702],[141.5524,38.702],[141.5524,38.7019]]],[[[141.5522,38.702],[141.5522,38.702],[141.5522,38.702],[141.5522,38.702]]],[[[141.5523,38.7022],[141.5524,38.7023],[141.5524,38.7021],[141.5523,38.7022]]],[[[141.5524,38.7022],[141.5524,38.7022],[141.5525,38.7022],[141.5524,38.7022]]],[[[141.5522,38.7024],[141.5522,38.7024],[141.5522,38.7024],[141.5522,38.7024]]],[[[141.553,38.7024],[141.553,38.7024],[141.553,38.7024],[141.553,38.7024]]],[[[141.5522,38.7025],[141.5522,38.7025],[141.552,38.7024],[141.5522,38.7025]]],[[[141.5531,38.7026],[141.5532,38.7026],[141.5532,38.7026],[141.5531,38.7026]]],[[[141.5532,38.7027],[141.5533,38.7027],[141.5533,38.7026],[141.5532,38.7027]]],[[[141.5524,38.7028],[141.5524,38.7027],[141.5524,38.7027],[141.5524,38.7028]]],[[[141.5412,38.7073],[141.5412,38.7073],[141.5412,38.7073],[141.5412,38.7073]]],[[[141.5412,38.7075],[141.5412,38.7075],[141.5412,38.7075],[141.5412,38.7075]]],[[[141.5409,38.7078],[141.5411,38.7079],[141.5409,38.7076],[141.5409,38.7078]]],[[[141.5413,38.708],[141.5413,38.708],[141.5413,38.708],[141.5413,38.708]]],[[[141.5414,38.7081],[141.5414,38.7081],[141.5414,38.7081],[141.5414,38.7081]]],[[[141.5414,38.7082],[141.5414,38.7081],[141.5413,38.7081],[141.5414,38.7082]]],[[[141.5417,38.7081],[141.5417,38.7082],[141.5417,38.7081],[141.5417,38.7081]]],[[[141.5415,38.7083],[141.5415,38.7082],[141.5415,38.7083],[141.5415,38.7083]]],[[[141.5444,38.7087],[141.5444,38.7086],[141.5443,38.7087],[141.5444,38.7087]]],[[[141.5441,38.7087],[141.5441,38.7088],[141.5441,38.7087],[141.5441,38.7087]]],[[[141.5398,38.709],[141.5398,38.7089],[141.5398,38.709],[141.5398,38.709]]],[[[141.5397,38.709],[141.5397,38.709],[141.5397,38.709],[141.5397,38.709]]],[[[141.5435,38.7094],[141.5435,38.7094],[141.5435,38.7095],[141.5435,38.7094]]],[[[141.5488,38.7341],[141.5489,38.7341],[141.5489,38.7341],[141.5488,38.7341]]],[[[141.5491,38.7345],[141.549,38.7345],[141.549,38.7345],[141.5491,38.7345]]],[[[141.5508,38.7356],[141.5508,38.7356],[141.5508,38.7356],[141.5508,38.7356]]],[[[141.5514,38.737],[141.5513,38.737],[141.5514,38.7371],[141.5514,38.737]]],[[[141.5517,38.7379],[141.5517,38.738],[141.5517,38.7379],[141.5517,38.7379]]],[[[141.5536,38.738],[141.5536,38.7381],[141.5537,38.738],[141.5536,38.738]]],[[[141.5521,38.7381],[141.5521,38.7381],[141.5521,38.7381],[141.5521,38.7381]]],[[[141.5519,38.7382],[141.552,38.7382],[141.5519,38.7382],[141.5519,38.7382]]],[[[141.5551,38.7382],[141.5551,38.7382],[141.5551,38.7382],[141.5551,38.7382]]],[[[141.5521,38.7383],[141.5522,38.7383],[141.5522,38.7381],[141.5521,38.7383]]],[[[141.5538,38.7383],[141.5537,38.7383],[141.5538,38.7383],[141.5538,38.7383]]],[[[141.5544,38.7382],[141.5545,38.7384],[141.5547,38.7382],[141.5544,38.7382]]],[[[141.555,38.7384],[141.555,38.7383],[141.5549,38.7383],[141.555,38.7384]]],[[[141.5549,38.7384],[141.5549,38.7384],[141.555,38.7384],[141.5549,38.7384]]],[[[141.5547,38.7384],[141.5546,38.7384],[141.5547,38.7385],[141.5547,38.7384]]],[[[141.5527,38.7386],[141.5528,38.7386],[141.5526,38.7384],[141.5527,38.7386]]],[[[141.5547,38.7386],[141.5548,38.7386],[141.5547,38.7385],[141.5547,38.7386]]],[[[141.5544,38.7386],[141.5545,38.7385],[141.5543,38.7386],[141.5544,38.7386]]],[[[141.5535,38.7388],[141.5535,38.7386],[141.5535,38.7388],[141.5535,38.7388]]],[[[141.5535,38.7387],[141.5534,38.7387],[141.5534,38.7388],[141.5535,38.7387]]],[[[141.5544,38.7386],[141.5545,38.739],[141.5546,38.7387],[141.5544,38.7386]]],[[[141.5531,38.7388],[141.5531,38.7389],[141.5531,38.7389],[141.5531,38.7388]]],[[[141.5546,38.739],[141.5546,38.739],[141.5547,38.739],[141.5546,38.739]]],[[[141.5547,38.739],[141.5548,38.7391],[141.5548,38.739],[141.5547,38.739]]],[[[141.5536,38.7391],[141.5536,38.7392],[141.5537,38.7392],[141.5536,38.7391]]],[[[141.5422,38.7393],[141.5421,38.7393],[141.5422,38.7393],[141.5422,38.7393]]],[[[141.5438,38.7396],[141.5438,38.7396],[141.5439,38.7396],[141.5438,38.7396]]],[[[141.5439,38.7396],[141.5439,38.7397],[141.5439,38.7396],[141.5439,38.7396]]],[[[141.5436,38.74],[141.5437,38.74],[141.5436,38.7399],[141.5436,38.74]]],[[[141.5431,38.74],[141.5431,38.74],[141.5431,38.74],[141.5431,38.74]]],[[[141.5429,38.74],[141.5429,38.7399],[141.5429,38.74],[141.5429,38.74]]],[[[141.5438,38.74],[141.5438,38.74],[141.5437,38.74],[141.5438,38.74]]],[[[141.5472,38.7401],[141.5472,38.7401],[141.5472,38.7401],[141.5472,38.7401]]],[[[141.5438,38.7401],[141.5437,38.7401],[141.5437,38.7401],[141.5438,38.7401]]],[[[141.5475,38.7401],[141.5475,38.7401],[141.5475,38.7401],[141.5475,38.7401]]],[[[141.5465,38.7401],[141.5464,38.7401],[141.5465,38.7402],[141.5465,38.7401]]],[[[141.5429,38.7401],[141.5429,38.7401],[141.5429,38.7403],[141.5429,38.7401]]],[[[141.5471,38.7402],[141.5471,38.7402],[141.5471,38.7402],[141.5471,38.7402]]],[[[141.5435,38.7403],[141.5434,38.7401],[141.5434,38.7403],[141.5435,38.7403]]],[[[141.54,38.7402],[141.5399,38.7402],[141.54,38.7403],[141.54,38.7402]]],[[[141.5467,38.7403],[141.5466,38.7402],[141.5467,38.7403],[141.5467,38.7403]]],[[[141.5479,38.7403],[141.5478,38.7402],[141.5478,38.7404],[141.5479,38.7403]]],[[[141.5429,38.7403],[141.5429,38.7403],[141.543,38.7403],[141.5429,38.7403]]],[[[141.5435,38.7404],[141.5434,38.7403],[141.5435,38.7404],[141.5435,38.7404]]],[[[141.5429,38.7404],[141.5429,38.7404],[141.543,38.7404],[141.5429,38.7404]]],[[[141.5398,38.7403],[141.5398,38.7403],[141.5399,38.7405],[141.5398,38.7403]]],[[[141.5482,38.7405],[141.5482,38.7404],[141.5482,38.7405],[141.5482,38.7405]]],[[[141.5397,38.7404],[141.5397,38.7405],[141.5398,38.7405],[141.5397,38.7404]]],[[[141.543,38.7405],[141.543,38.7405],[141.543,38.7405],[141.543,38.7405]]],[[[141.5399,38.7405],[141.54,38.7406],[141.54,38.7405],[141.5399,38.7405]]],[[[141.5451,38.7406],[141.5451,38.7406],[141.5451,38.7405],[141.5451,38.7406]]],[[[141.5485,38.7406],[141.5484,38.7406],[141.5485,38.7407],[141.5485,38.7406]]],[[[141.5404,38.7407],[141.5403,38.7406],[141.5403,38.7407],[141.5404,38.7407]]],[[[141.5455,38.7406],[141.5454,38.7409],[141.5456,38.7408],[141.5455,38.7406]]],[[[141.5485,38.7408],[141.5485,38.7408],[141.5484,38.7407],[141.5485,38.7408]]],[[[141.5486,38.7408],[141.5485,38.7409],[141.5487,38.7409],[141.5486,38.7408]]],[[[141.5398,38.7409],[141.5398,38.7409],[141.5399,38.7409],[141.5398,38.7409]]],[[[141.5475,38.7409],[141.5475,38.7409],[141.5475,38.7409],[141.5475,38.7409]]],[[[141.5455,38.741],[141.5455,38.741],[141.5454,38.741],[141.5455,38.741]]],[[[141.5457,38.7411],[141.5458,38.741],[141.5457,38.741],[141.5457,38.7411]]],[[[141.5485,38.7411],[141.5485,38.7411],[141.5486,38.7411],[141.5485,38.7411]]],[[[141.5396,38.7411],[141.5396,38.7411],[141.5396,38.7411],[141.5396,38.7411]]],[[[141.5476,38.7412],[141.5476,38.7412],[141.5477,38.7413],[141.5476,38.7412]]],[[[141.5456,38.7412],[141.5456,38.7412],[141.5456,38.7413],[141.5456,38.7412]]],[[[141.5487,38.7413],[141.5486,38.7412],[141.5487,38.7414],[141.5487,38.7413]]],[[[141.5488,38.7413],[141.5489,38.7413],[141.5488,38.7413],[141.5488,38.7413]]],[[[141.5477,38.7419],[141.5487,38.7421],[141.5483,38.7408],[141.5478,38.7405],[141.5475,38.7409],[141.5479,38.7414],[141.5477,38.7419]]],[[[141.5489,38.7414],[141.549,38.7415],[141.5489,38.7413],[141.5489,38.7414]]],[[[141.5487,38.7414],[141.5487,38.7414],[141.5487,38.7415],[141.5487,38.7414]]],[[[141.5477,38.7415],[141.5477,38.7415],[141.5478,38.7415],[141.5477,38.7415]]],[[[141.5488,38.7414],[141.549,38.742],[141.549,38.7415],[141.5488,38.7414]]],[[[141.5476,38.7417],[141.5476,38.7417],[141.5476,38.7417],[141.5476,38.7417]]],[[[141.5491,38.7417],[141.549,38.742],[141.5492,38.7418],[141.5491,38.7417]]],[[[141.5396,38.742],[141.5396,38.742],[141.5396,38.742],[141.5396,38.742]]],[[[141.5491,38.742],[141.5491,38.742],[141.5491,38.7421],[141.5491,38.742]]],[[[141.5474,38.7421],[141.5474,38.742],[141.5474,38.7421],[141.5474,38.7421]]],[[[141.5478,38.7424],[141.5477,38.7424],[141.5477,38.7424],[141.5478,38.7424]]],[[[141.5409,38.745],[141.5409,38.745],[141.5409,38.745],[141.5409,38.745]]],[[[141.5409,38.745],[141.541,38.745],[141.5409,38.745],[141.5409,38.745]]],[[[141.5398,38.7474],[141.5399,38.7474],[141.5398,38.7473],[141.5398,38.7474]]],[[[141.5595,38.6893],[141.5595,38.6893],[141.5596,38.6893],[141.5595,38.6893]]],[[[141.5597,38.6895],[141.5596,38.6895],[141.5596,38.6895],[141.5597,38.6895]]],[[[141.5594,38.6896],[141.5594,38.6895],[141.5594,38.6896],[141.5594,38.6896]]],[[[141.5596,38.6897],[141.5595,38.6894],[141.5596,38.6897],[141.5596,38.6897]]],[[[141.5597,38.6896],[141.5596,38.6896],[141.5597,38.6896],[141.5597,38.6896]]],[[[141.5594,38.6896],[141.5594,38.6897],[141.5595,38.6897],[141.5594,38.6896]]],[[[141.5608,38.6899],[141.5607,38.6899],[141.5607,38.6899],[141.5608,38.6899]]],[[[141.5592,38.69],[141.5593,38.69],[141.5593,38.69],[141.5592,38.69]]],[[[141.5602,38.69],[141.5602,38.69],[141.5603,38.69],[141.5602,38.69]]],[[[141.5596,38.6902],[141.5596,38.6902],[141.5596,38.6902],[141.5596,38.6902]]],[[[141.5594,38.6902],[141.5594,38.6902],[141.5595,38.6903],[141.5594,38.6902]]],[[[141.5587,38.6907],[141.5587,38.6907],[141.5587,38.6907],[141.5587,38.6907]]],[[[141.5591,38.6907],[141.5591,38.6908],[141.5591,38.6907],[141.5591,38.6907]]],[[[141.5584,38.6909],[141.5584,38.6909],[141.5585,38.6909],[141.5584,38.6909]]],[[[141.5613,38.6909],[141.5613,38.6909],[141.5613,38.691],[141.5613,38.6909]]],[[[141.5584,38.691],[141.5584,38.691],[141.5585,38.6911],[141.5584,38.691]]],[[[141.5587,38.691],[141.5587,38.6911],[141.5588,38.691],[141.5587,38.691]]],[[[141.5589,38.6911],[141.5589,38.6912],[141.559,38.6911],[141.5589,38.6911]]],[[[141.5568,38.6912],[141.5569,38.6912],[141.5569,38.6912],[141.5568,38.6912]]],[[[141.5569,38.6912],[141.5569,38.6912],[141.557,38.6912],[141.5569,38.6912]]],[[[141.5569,38.6912],[141.5567,38.6912],[141.5567,38.6913],[141.5569,38.6912]]],[[[141.5585,38.6913],[141.5585,38.6914],[141.5586,38.6914],[141.5585,38.6913]]],[[[141.558,38.6915],[141.5579,38.6914],[141.558,38.6915],[141.558,38.6915]]],[[[141.5578,38.6915],[141.5578,38.6915],[141.5579,38.6915],[141.5578,38.6915]]],[[[141.5576,38.6919],[141.5576,38.6919],[141.5576,38.6919],[141.5576,38.6919]]],[[[141.5574,38.6925],[141.5574,38.6925],[141.5575,38.6925],[141.5574,38.6925]]],[[[141.5574,38.6926],[141.5574,38.6926],[141.5574,38.6927],[141.5574,38.6926]]],[[[141.5573,38.6928],[141.5574,38.6928],[141.5573,38.6928],[141.5573,38.6928]]],[[[141.5574,38.6929],[141.5574,38.6929],[141.5575,38.6929],[141.5574,38.6929]]],[[[141.5573,38.6929],[141.5574,38.693],[141.5574,38.6929],[141.5573,38.6929]]],[[[141.5612,38.6932],[141.5612,38.693],[141.5612,38.6932],[141.5612,38.6932]]],[[[141.5572,38.6932],[141.5572,38.6932],[141.5572,38.6932],[141.5572,38.6932]]],[[[141.5575,38.6932],[141.5574,38.6932],[141.5574,38.6933],[141.5575,38.6932]]],[[[141.5611,38.6935],[141.5612,38.6935],[141.5612,38.6935],[141.5611,38.6935]]],[[[141.5611,38.6935],[141.5612,38.6935],[141.5611,38.6935],[141.5611,38.6935]]],[[[141.5573,38.6935],[141.5573,38.6935],[141.5574,38.6935],[141.5573,38.6935]]],[[[141.5613,38.6936],[141.5613,38.6935],[141.5613,38.6936],[141.5613,38.6936]]],[[[141.557,38.6939],[141.557,38.6938],[141.557,38.6939],[141.557,38.6939]]],[[[141.5557,38.6936],[141.5558,38.6941],[141.5559,38.6939],[141.5557,38.6936]]],[[[141.5561,38.694],[141.5561,38.694],[141.5561,38.694],[141.5561,38.694]]],[[[141.5564,38.694],[141.5564,38.694],[141.5564,38.6941],[141.5564,38.694]]],[[[141.5612,38.6941],[141.5612,38.6941],[141.5612,38.6941],[141.5612,38.6941]]],[[[141.5565,38.6941],[141.5566,38.6941],[141.5566,38.6941],[141.5565,38.6941]]],[[[141.5564,38.6941],[141.5564,38.6941],[141.5564,38.6942],[141.5564,38.6941]]],[[[141.5609,38.6942],[141.561,38.6942],[141.5609,38.6941],[141.5609,38.6942]]],[[[141.5611,38.6942],[141.5611,38.6942],[141.5611,38.6942],[141.5611,38.6942]]],[[[141.561,38.6942],[141.561,38.6942],[141.561,38.6942],[141.561,38.6942]]],[[[141.5612,38.6943],[141.5613,38.6944],[141.5613,38.6942],[141.5612,38.6943]]],[[[141.5608,38.6943],[141.5609,38.6943],[141.5608,38.6943],[141.5608,38.6943]]],[[[141.5611,38.6943],[141.5611,38.6943],[141.5611,38.6943],[141.5611,38.6943]]],[[[141.5605,38.6945],[141.5606,38.6945],[141.5606,38.6945],[141.5605,38.6945]]],[[[141.5604,38.6948],[141.5604,38.6948],[141.5604,38.6948],[141.5604,38.6948]]],[[[141.5551,38.6949],[141.5551,38.6948],[141.5551,38.6949],[141.5551,38.6949]]],[[[141.5553,38.6948],[141.5552,38.6948],[141.5553,38.6949],[141.5553,38.6948]]],[[[141.5553,38.695],[141.5553,38.695],[141.5553,38.695],[141.5553,38.695]]],[[[141.5552,38.6951],[141.5552,38.6951],[141.5552,38.6951],[141.5552,38.6951]]],[[[141.5551,38.6952],[141.5551,38.6952],[141.5551,38.6952],[141.5551,38.6952]]],[[[141.5605,38.6957],[141.5605,38.6956],[141.5604,38.6957],[141.5605,38.6957]]],[[[141.5604,38.6956],[141.5604,38.6957],[141.5604,38.6956],[141.5604,38.6956]]],[[[141.5603,38.6957],[141.5603,38.6957],[141.5604,38.6957],[141.5603,38.6957]]],[[[141.5604,38.6958],[141.5604,38.6958],[141.5604,38.6958],[141.5604,38.6958]]],[[[141.5606,38.6959],[141.5605,38.6959],[141.5606,38.6959],[141.5606,38.6959]]],[[[141.5606,38.6959],[141.5606,38.6959],[141.5606,38.6959],[141.5606,38.6959]]],[[[141.5608,38.696],[141.5608,38.6959],[141.5608,38.696],[141.5608,38.696]]],[[[141.5613,38.696],[141.5613,38.696],[141.5612,38.696],[141.5613,38.696]]],[[[141.561,38.696],[141.5611,38.696],[141.5611,38.696],[141.561,38.696]]],[[[141.5608,38.6961],[141.5608,38.696],[141.5608,38.6961],[141.5608,38.6961]]],[[[141.561,38.6961],[141.561,38.6961],[141.561,38.6961],[141.561,38.6961]]],[[[141.5614,38.6963],[141.5614,38.6962],[141.5613,38.6963],[141.5614,38.6963]]],[[[141.5613,38.6963],[141.5613,38.6964],[141.5614,38.6964],[141.5613,38.6963]]],[[[141.5563,38.6999],[141.5572,38.7012],[141.5563,38.6999],[141.5543,38.6988],[141.5563,38.6999]]],[[[141.5611,38.7137],[141.561,38.7136],[141.5611,38.7137],[141.5611,38.7137]]],[[[141.561,38.7137],[141.561,38.7138],[141.561,38.7137],[141.561,38.7137]]],[[[141.5603,38.7142],[141.5602,38.7141],[141.5602,38.7142],[141.5603,38.7142]]],[[[141.5605,38.7142],[141.5605,38.7142],[141.5604,38.7142],[141.5605,38.7142]]],[[[141.5597,38.7144],[141.5596,38.7144],[141.5597,38.7145],[141.5597,38.7144]]],[[[141.5598,38.718],[141.5599,38.7182],[141.5603,38.7186],[141.5598,38.718]]],[[[141.5606,38.7199],[141.5605,38.72],[141.5606,38.7199],[141.5606,38.7199]]],[[[141.5608,38.7198],[141.5609,38.72],[141.5611,38.7199],[141.5608,38.7198]]],[[[141.5604,38.72],[141.5604,38.72],[141.5604,38.72],[141.5604,38.72]]],[[[141.5605,38.72],[141.5605,38.7201],[141.5606,38.72],[141.5605,38.72]]],[[[141.5604,38.7202],[141.5604,38.7201],[141.5604,38.7201],[141.5604,38.7202]]],[[[141.5609,38.7202],[141.5608,38.7201],[141.5609,38.7202],[141.5609,38.7202]]],[[[141.5605,38.7202],[141.5606,38.7202],[141.5605,38.7201],[141.5605,38.7202]]],[[[141.5605,38.7201],[141.5604,38.7203],[141.5605,38.7203],[141.5605,38.7201]]],[[[141.5604,38.7202],[141.5604,38.7202],[141.5604,38.7202],[141.5604,38.7202]]],[[[141.5604,38.7203],[141.5603,38.7202],[141.5603,38.7203],[141.5604,38.7203]]],[[[141.5607,38.7204],[141.5607,38.7204],[141.5607,38.7204],[141.5607,38.7204]]],[[[141.5613,38.7205],[141.5613,38.7205],[141.5613,38.7204],[141.5613,38.7205]]],[[[141.5613,38.7204],[141.5613,38.7205],[141.5614,38.7205],[141.5613,38.7204]]],[[[141.5613,38.7205],[141.5613,38.7205],[141.5613,38.7205],[141.5613,38.7205]]],[[[141.5612,38.7205],[141.5613,38.7206],[141.5613,38.7206],[141.5612,38.7205]]],[[[141.5612,38.7206],[141.5611,38.7206],[141.5612,38.7206],[141.5612,38.7206]]],[[[141.5612,38.7206],[141.5612,38.7206],[141.5612,38.7206],[141.5612,38.7206]]],[[[141.5613,38.7206],[141.5612,38.7207],[141.5613,38.7207],[141.5613,38.7206]]],[[[141.5582,38.722],[141.5581,38.722],[141.5582,38.7221],[141.5582,38.722]]],[[[141.5581,38.7224],[141.5581,38.7224],[141.5581,38.7224],[141.5581,38.7224]]],[[[141.5603,38.7237],[141.5603,38.7236],[141.5603,38.7237],[141.5603,38.7237]]],[[[141.5573,38.7374],[141.5573,38.7374],[141.5573,38.7374],[141.5573,38.7374]]],[[[141.5573,38.7375],[141.5573,38.7375],[141.5573,38.7375],[141.5573,38.7375]]],[[[141.5587,38.7375],[141.5587,38.7377],[141.5587,38.7376],[141.5587,38.7375]]],[[[141.5604,38.7378],[141.5605,38.7376],[141.5604,38.7377],[141.5604,38.7378]]],[[[141.5603,38.7377],[141.5603,38.7378],[141.5603,38.7377],[141.5603,38.7377]]],[[[141.5582,38.7377],[141.5581,38.7378],[141.5583,38.7378],[141.5582,38.7377],[141.5582,38.7377]]],[[[141.558,38.7379],[141.558,38.7379],[141.5579,38.7379],[141.558,38.7379]]],[[[141.5583,38.7378],[141.5583,38.7378],[141.5582,38.7379],[141.5583,38.738],[141.5583,38.7378]]],[[[141.5582,38.7379],[141.5581,38.7379],[141.5582,38.7379],[141.5582,38.7379]]],[[[141.5579,38.7379],[141.5579,38.738],[141.5579,38.738],[141.5579,38.7379]]],[[[141.5584,38.7381],[141.5584,38.7381],[141.5584,38.7381],[141.5584,38.7381]]],[[[141.5559,38.7383],[141.5559,38.7383],[141.556,38.7383],[141.5559,38.7383]]],[[[141.5552,38.7384],[141.5552,38.7382],[141.5551,38.7383],[141.5552,38.7384]]],[[[141.5553,38.7383],[141.5553,38.7383],[141.5553,38.7384],[141.5553,38.7383]]],[[[141.5554,38.7384],[141.5553,38.7383],[141.5553,38.7384],[141.5554,38.7384]]],[[[141.5585,38.7384],[141.5585,38.7384],[141.5585,38.7384],[141.5585,38.7384]]],[[[141.5555,38.7384],[141.5555,38.7384],[141.5555,38.7384],[141.5555,38.7384]]],[[[141.5552,38.7384],[141.5552,38.7385],[141.5552,38.7385],[141.5552,38.7384]]],[[[141.5589,38.7385],[141.5588,38.7385],[141.5589,38.7385],[141.5589,38.7385]]],[[[141.5609,38.7386],[141.5609,38.7386],[141.5609,38.7385],[141.5609,38.7386]]],[[[141.5564,38.7388],[141.5565,38.7388],[141.5563,38.7387],[141.5564,38.7388]]],[[[141.5563,38.7388],[141.5562,38.739],[141.5562,38.7391],[141.5563,38.7388]]],[[[141.5564,38.7391],[141.5564,38.7391],[141.5564,38.7391],[141.5564,38.7391]]],[[[141.5611,38.7393],[141.5613,38.7392],[141.561,38.739],[141.5611,38.7393]]],[[[141.5563,38.7394],[141.5563,38.7394],[141.5563,38.7395],[141.5563,38.7394]]],[[[141.561,38.7396],[141.561,38.7394],[141.561,38.7396],[141.561,38.7396]]],[[[141.5609,38.7397],[141.561,38.7398],[141.5609,38.7394],[141.5609,38.7397]]],[[[141.5606,38.7397],[141.5607,38.7397],[141.5605,38.7397],[141.5606,38.7397]]],[[[141.5612,38.7398],[141.5612,38.7397],[141.5611,38.7397],[141.5612,38.7398]]],[[[141.561,38.7399],[141.561,38.7398],[141.561,38.7399],[141.561,38.7399]]],[[[141.5611,38.7399],[141.561,38.7399],[141.5611,38.74],[141.5611,38.7399]]],[[[141.5604,38.741],[141.5605,38.741],[141.5604,38.7409],[141.5604,38.741]]],[[[141.5604,38.741],[141.5605,38.741],[141.5604,38.741],[141.5604,38.741]]],[[[141.5617,38.6903],[141.5617,38.6903],[141.5618,38.6904],[141.5617,38.6903]]],[[[141.5617,38.6907],[141.5617,38.6908],[141.5617,38.6907],[141.5617,38.6907]]],[[[141.5614,38.6909],[141.5615,38.6909],[141.5615,38.6909],[141.5614,38.6909]]],[[[141.5622,38.6909],[141.5622,38.6909],[141.5621,38.6909],[141.5622,38.6909]]],[[[141.5615,38.6909],[141.5615,38.691],[141.5615,38.6909],[141.5615,38.6909]]],[[[141.5621,38.6909],[141.5621,38.691],[141.5621,38.691],[141.5621,38.6909]]],[[[141.5614,38.6909],[141.5614,38.6911],[141.5614,38.6909],[141.5614,38.6909]]],[[[141.562,38.691],[141.562,38.691],[141.562,38.691],[141.562,38.691]]],[[[141.5622,38.6912],[141.5623,38.6912],[141.5622,38.6911],[141.5622,38.6912]]],[[[141.5624,38.6912],[141.5624,38.6913],[141.5624,38.6912],[141.5624,38.6912]]],[[[141.5621,38.6912],[141.562,38.6912],[141.5621,38.6913],[141.5621,38.6912]]],[[[141.5619,38.6913],[141.562,38.6913],[141.5619,38.6912],[141.5619,38.6913]]],[[[141.5617,38.6915],[141.5619,38.6914],[141.5617,38.6913],[141.5617,38.6915]]],[[[141.5622,38.6915],[141.5622,38.6913],[141.5622,38.6914],[141.5622,38.6915]]],[[[141.5619,38.6915],[141.5619,38.6915],[141.5619,38.6915],[141.5619,38.6915]]],[[[141.5618,38.6915],[141.5618,38.6915],[141.5619,38.6915],[141.5618,38.6915]]],[[[141.5621,38.6915],[141.5621,38.6915],[141.562,38.6915],[141.5621,38.6915]]],[[[141.562,38.6917],[141.562,38.6917],[141.562,38.6917],[141.562,38.6917]]],[[[141.5632,38.6917],[141.5632,38.6917],[141.5631,38.6917],[141.5632,38.6917]]],[[[141.562,38.6921],[141.5619,38.692],[141.5619,38.6921],[141.562,38.6921]]],[[[141.5618,38.6921],[141.5618,38.6921],[141.5618,38.6921],[141.5618,38.6921]]],[[[141.5619,38.6921],[141.5619,38.6921],[141.5619,38.6921],[141.5619,38.6921]]],[[[141.5625,38.6922],[141.5625,38.6922],[141.5625,38.6922],[141.5625,38.6922]]],[[[141.5622,38.6923],[141.5622,38.6923],[141.5622,38.6923],[141.5622,38.6923]]],[[[141.5616,38.6926],[141.5616,38.6925],[141.5616,38.6926],[141.5616,38.6926]]],[[[141.5614,38.6926],[141.5614,38.6927],[141.5614,38.6926],[141.5614,38.6926]]],[[[141.5622,38.6927],[141.5622,38.6927],[141.5622,38.6928],[141.5622,38.6927]]],[[[141.5625,38.6928],[141.5625,38.6928],[141.5625,38.6928],[141.5625,38.6928]]],[[[141.5614,38.6934],[141.5613,38.6935],[141.5614,38.6936],[141.5614,38.6934]]],[[[141.5617,38.6941],[141.5617,38.6941],[141.5617,38.6942],[141.5617,38.6941]]],[[[141.5616,38.6942],[141.5616,38.6942],[141.5616,38.6942],[141.5616,38.6942]]],[[[141.5616,38.6944],[141.5616,38.6944],[141.5616,38.6944],[141.5616,38.6944]]],[[[141.5614,38.6945],[141.5614,38.6945],[141.5614,38.6944],[141.5614,38.6945]]],[[[141.5618,38.6959],[141.5617,38.6959],[141.5618,38.6959],[141.5618,38.6959]]],[[[141.5615,38.696],[141.5616,38.6961],[141.5616,38.696],[141.5615,38.696]]],[[[141.5615,38.6964],[141.5615,38.6961],[141.5615,38.6962],[141.5615,38.6964]]],[[[141.5622,38.6964],[141.5621,38.6964],[141.5621,38.6964],[141.5622,38.6964]]],[[[141.5617,38.6966],[141.5617,38.6966],[141.5618,38.6966],[141.5617,38.6966]]],[[[141.5623,38.6966],[141.5622,38.6966],[141.5623,38.6966],[141.5623,38.6966]]],[[[141.5625,38.6967],[141.5625,38.6967],[141.5625,38.6967],[141.5625,38.6967]]],[[[141.5634,38.6967],[141.5634,38.6967],[141.5634,38.6967],[141.5634,38.6967]]],[[[141.5636,38.6967],[141.5635,38.6967],[141.5636,38.6967],[141.5636,38.6967]]],[[[141.5621,38.6967],[141.5621,38.6967],[141.5621,38.6968],[141.5621,38.6967]]],[[[141.5619,38.6967],[141.5619,38.6968],[141.562,38.6967],[141.5619,38.6967]]],[[[141.5629,38.6968],[141.5629,38.6968],[141.5629,38.6968],[141.5629,38.6968]]],[[[141.5626,38.6969],[141.5627,38.697],[141.5627,38.6968],[141.5626,38.6969]]],[[[141.5636,38.697],[141.5635,38.6968],[141.5635,38.697],[141.5636,38.697]]],[[[141.5634,38.6968],[141.5634,38.6969],[141.5634,38.6969],[141.5634,38.6968]]],[[[141.5637,38.6969],[141.5636,38.697],[141.5637,38.697],[141.5637,38.6969]]],[[[141.5636,38.697],[141.5635,38.697],[141.5636,38.697],[141.5636,38.697]]],[[[141.5635,38.6974],[141.5636,38.6973],[141.5635,38.6972],[141.5635,38.6974]]],[[[141.5637,38.6975],[141.5638,38.6974],[141.5637,38.6975],[141.5637,38.6975]]],[[[141.5635,38.7014],[141.5635,38.7014],[141.5635,38.7015],[141.5635,38.7014]]],[[[141.5637,38.7014],[141.5637,38.7015],[141.5638,38.7015],[141.5637,38.7014]]],[[[141.5637,38.7027],[141.5637,38.7027],[141.5637,38.7027],[141.5637,38.7027]]],[[[141.5635,38.7028],[141.5635,38.7027],[141.5635,38.7028],[141.5635,38.7028]]],[[[141.5633,38.7028],[141.5633,38.7028],[141.5633,38.7028],[141.5633,38.7028]]],[[[141.5637,38.7028],[141.5637,38.7028],[141.5637,38.7028],[141.5637,38.7028]]],[[[141.5632,38.7029],[141.5632,38.7029],[141.5632,38.7029],[141.5632,38.7029]]],[[[141.5635,38.7029],[141.5635,38.7029],[141.5634,38.7029],[141.5635,38.7029]]],[[[141.5632,38.7029],[141.5632,38.703],[141.5632,38.7029],[141.5632,38.7029]]],[[[141.5634,38.703],[141.5635,38.703],[141.5633,38.7029],[141.5634,38.703]]],[[[141.5633,38.703],[141.5633,38.703],[141.5634,38.703],[141.5633,38.703]]],[[[141.5631,38.7031],[141.563,38.703],[141.563,38.7031],[141.5631,38.7031]]],[[[141.5634,38.7036],[141.5634,38.7036],[141.5634,38.7036],[141.5634,38.7036]]],[[[141.5631,38.7036],[141.563,38.7036],[141.5631,38.7036],[141.5631,38.7036]]],[[[141.563,38.7036],[141.563,38.7037],[141.563,38.7036],[141.563,38.7036]]],[[[141.5615,38.7129],[141.5614,38.713],[141.5615,38.713],[141.5615,38.7129]]],[[[141.5636,38.7131],[141.5636,38.7129],[141.5636,38.7131],[141.5636,38.7131]]],[[[141.5629,38.7131],[141.5628,38.7131],[141.5629,38.7131],[141.5629,38.7131]]],[[[141.5634,38.7132],[141.5634,38.7131],[141.5634,38.7132],[141.5634,38.7132]]],[[[141.5634,38.7133],[141.5634,38.7133],[141.5634,38.7133],[141.5634,38.7133]]],[[[141.5622,38.7134],[141.5623,38.7133],[141.5621,38.7133],[141.5622,38.7134]]],[[[141.5626,38.7139],[141.5628,38.7143],[141.5628,38.7139],[141.5626,38.7139]]],[[[141.5632,38.7141],[141.563,38.7144],[141.5633,38.7145],[141.5632,38.7141]]],[[[141.5634,38.7145],[141.5633,38.7144],[141.5633,38.7145],[141.5634,38.7145]]],[[[141.5636,38.7148],[141.5635,38.7148],[141.5635,38.7148],[141.5636,38.7148]]],[[[141.5636,38.715],[141.5636,38.715],[141.5636,38.715],[141.5636,38.715]]],[[[141.5614,38.7203],[141.5614,38.7203],[141.5614,38.7203],[141.5614,38.7203]]],[[[141.5614,38.7204],[141.5614,38.7205],[141.5614,38.7205],[141.5614,38.7204]]],[[[141.5615,38.7207],[141.5615,38.7207],[141.5614,38.7206],[141.5615,38.7207]]],[[[141.5626,38.7224],[141.5626,38.7224],[141.5627,38.7225],[141.5626,38.7224]]],[[[141.562,38.7228],[141.562,38.7229],[141.562,38.7229],[141.562,38.7228]]],[[[141.5616,38.7228],[141.5615,38.7228],[141.5616,38.7229],[141.5616,38.7228]]],[[[141.5621,38.723],[141.562,38.723],[141.5621,38.7231],[141.5621,38.723]]],[[[141.5616,38.7231],[141.5616,38.7231],[141.5616,38.7232],[141.5616,38.7231]]],[[[141.5616,38.7231],[141.5616,38.7231],[141.5616,38.7232],[141.5616,38.7231]]],[[[141.5617,38.7232],[141.5617,38.7233],[141.5617,38.7232],[141.5617,38.7232]]],[[[141.562,38.7231],[141.562,38.7235],[141.5622,38.7232],[141.562,38.7231]]],[[[141.5619,38.7234],[141.5619,38.7235],[141.562,38.7235],[141.5619,38.7234]]],[[[141.5617,38.7234],[141.5618,38.7238],[141.5618,38.7235],[141.5617,38.7234]]],[[[141.5619,38.7238],[141.5619,38.7236],[141.5619,38.7238],[141.5619,38.7238]]],[[[141.5621,38.7239],[141.5621,38.7238],[141.5621,38.7239],[141.5621,38.7239]]],[[[141.5619,38.7238],[141.5619,38.7239],[141.562,38.7239],[141.5619,38.7238]]],[[[141.5619,38.724],[141.5619,38.724],[141.5619,38.724],[141.5619,38.724]]],[[[141.5621,38.7241],[141.5623,38.7239],[141.5621,38.7239],[141.5621,38.7241]]],[[[141.5621,38.7241],[141.562,38.7241],[141.562,38.7242],[141.5621,38.7241]]],[[[141.5623,38.7242],[141.5623,38.7242],[141.5623,38.7242],[141.5623,38.7242]]],[[[141.5631,38.7244],[141.563,38.7243],[141.563,38.7244],[141.5631,38.7244]]],[[[141.5629,38.7244],[141.5629,38.7246],[141.563,38.7245],[141.5629,38.7244]]],[[[141.563,38.7245],[141.563,38.7245],[141.563,38.7245],[141.563,38.7245]]],[[[141.5623,38.7246],[141.5624,38.7246],[141.5623,38.7245],[141.5623,38.7246]]],[[[141.5632,38.7246],[141.5632,38.7246],[141.5631,38.7246],[141.5632,38.7246]]],[[[141.5628,38.7247],[141.5629,38.7247],[141.5628,38.7246],[141.5628,38.7247]]],[[[141.5634,38.7246],[141.5633,38.7247],[141.5634,38.7247],[141.5634,38.7246]]],[[[141.563,38.7249],[141.5631,38.7248],[141.563,38.7248],[141.563,38.7249]]],[[[141.5637,38.7251],[141.5637,38.7251],[141.5637,38.7251],[141.5637,38.7251]]],[[[141.5629,38.7296],[141.5629,38.7295],[141.5629,38.7296],[141.5629,38.7296]]],[[[141.5632,38.7296],[141.5631,38.7296],[141.5631,38.7297],[141.5632,38.7296]]],[[[141.563,38.7296],[141.563,38.7296],[141.563,38.7297],[141.563,38.7296]]],[[[141.563,38.7297],[141.563,38.7297],[141.5631,38.7297],[141.563,38.7297]]],[[[141.5628,38.7298],[141.5628,38.7298],[141.5628,38.7298],[141.5628,38.7298]]],[[[141.5631,38.7298],[141.5631,38.7298],[141.5631,38.7298],[141.5631,38.7298]]],[[[141.5622,38.7315],[141.5622,38.7315],[141.5622,38.7315],[141.5622,38.7315]]],[[[141.5624,38.7317],[141.5624,38.7317],[141.5625,38.7317],[141.5624,38.7317]]],[[[141.5623,38.7318],[141.5623,38.7317],[141.5623,38.7317],[141.5623,38.7318]]],[[[141.5625,38.732],[141.5625,38.7319],[141.5624,38.7318],[141.5625,38.732]]],[[[141.5629,38.7319],[141.5629,38.732],[141.563,38.732],[141.5629,38.7319]]],[[[141.563,38.732],[141.563,38.7321],[141.563,38.732],[141.563,38.732]]],[[[141.563,38.7322],[141.563,38.7322],[141.563,38.7322],[141.563,38.7322]]],[[[141.5619,38.739],[141.5619,38.7391],[141.5619,38.739],[141.5619,38.739]]],[[[141.5619,38.7392],[141.5619,38.7392],[141.5619,38.7392],[141.5619,38.7392]]],[[[141.5615,38.7392],[141.5615,38.7393],[141.5615,38.7393],[141.5615,38.7392]]],[[[141.5631,38.7406],[141.5633,38.7407],[141.5632,38.7403],[141.5631,38.7406]]],[[[141.5629,38.7407],[141.5629,38.7406],[141.5629,38.7404],[141.5629,38.7407]]],[[[141.5635,38.7406],[141.5636,38.7406],[141.5635,38.7406],[141.5635,38.7406]]],[[[141.563,38.7406],[141.563,38.7406],[141.563,38.7407],[141.563,38.7406]]],[[[141.5636,38.7406],[141.5636,38.7407],[141.5636,38.7407],[141.5636,38.7406]]],[[[141.5636,38.7409],[141.5637,38.7409],[141.5636,38.7407],[141.5636,38.7409]]],[[[141.5632,38.7412],[141.5633,38.7411],[141.5631,38.7411],[141.5632,38.7412]]],[[[141.5637,38.7421],[141.5637,38.7421],[141.5637,38.7421],[141.5637,38.7421]]],[[[141.5639,38.697],[141.5638,38.6971],[141.5639,38.6971],[141.5639,38.697]]],[[[141.5642,38.6972],[141.5643,38.6972],[141.5643,38.6972],[141.5642,38.6972]]],[[[141.5644,38.6973],[141.5644,38.6973],[141.5644,38.6974],[141.5644,38.6973]]],[[[141.5642,38.6974],[141.5642,38.6974],[141.5642,38.6974],[141.5642,38.6974]]],[[[141.5643,38.6974],[141.5642,38.6973],[141.5643,38.6974],[141.5643,38.6974]]],[[[141.5644,38.6974],[141.5645,38.6974],[141.5645,38.6973],[141.5644,38.6974]]],[[[141.5642,38.6974],[141.5641,38.6974],[141.5642,38.6975],[141.5642,38.6974]]],[[[141.5644,38.6975],[141.5643,38.6974],[141.5643,38.6975],[141.5644,38.6975]]],[[[141.5644,38.6977],[141.5643,38.6976],[141.5643,38.6976],[141.5644,38.6977]]],[[[141.5643,38.6979],[141.5643,38.6977],[141.564,38.6975],[141.5643,38.6979]]],[[[141.5642,38.6979],[141.5642,38.6979],[141.5642,38.6978],[141.5642,38.6979]]],[[[141.5641,38.698],[141.5641,38.698],[141.5642,38.698],[141.5641,38.698]]],[[[141.5641,38.698],[141.5642,38.698],[141.5642,38.698],[141.5641,38.698]]],[[[141.5639,38.6981],[141.5639,38.6982],[141.564,38.6982],[141.5639,38.6981]]],[[[141.564,38.6986],[141.5641,38.6986],[141.564,38.6984],[141.564,38.6986]]],[[[141.5644,38.6985],[141.5642,38.6985],[141.5643,38.6986],[141.5644,38.6985]]],[[[141.5641,38.6987],[141.5641,38.6986],[141.5641,38.6987],[141.5641,38.6987]]],[[[141.5642,38.6988],[141.5642,38.6987],[141.5642,38.6988],[141.5642,38.6988]]],[[[141.5641,38.6987],[141.5641,38.6987],[141.5641,38.6988],[141.5641,38.6987]]],[[[141.564,38.6987],[141.564,38.6988],[141.564,38.6987],[141.564,38.6987]]],[[[141.564,38.6989],[141.564,38.6989],[141.564,38.6989],[141.564,38.6989],[141.564,38.6989],[141.564,38.6989],[141.564,38.6989]]],[[[141.5642,38.699],[141.5642,38.6989],[141.5642,38.6989],[141.5642,38.699]]],[[[141.5644,38.6993],[141.5644,38.6992],[141.5644,38.6993],[141.5644,38.6993]]],[[[141.5647,38.6993],[141.5646,38.6993],[141.5647,38.6994],[141.5647,38.6993]]],[[[141.5648,38.6994],[141.5648,38.6994],[141.5648,38.6994],[141.5648,38.6994]]],[[[141.5648,38.6996],[141.5648,38.6996],[141.5647,38.6996],[141.5648,38.6996]]],[[[141.5648,38.7004],[141.5649,38.7003],[141.5647,38.7003],[141.5648,38.7004]]],[[[141.5651,38.7005],[141.565,38.7004],[141.565,38.7005],[141.5651,38.7005]]],[[[141.5648,38.7004],[141.5647,38.7004],[141.5648,38.7006],[141.5648,38.7004]]],[[[141.5645,38.7005],[141.5645,38.7005],[141.5645,38.7005],[141.5645,38.7005]]],[[[141.5646,38.7006],[141.5646,38.7006],[141.5646,38.7006],[141.5646,38.7006]]],[[[141.5643,38.7006],[141.5643,38.7006],[141.5644,38.7006],[141.5643,38.7006]]],[[[141.5647,38.7006],[141.5647,38.7007],[141.5647,38.7006],[141.5647,38.7006]]],[[[141.5644,38.7006],[141.5644,38.7007],[141.5645,38.7007],[141.5644,38.7006]]],[[[141.564,38.7009],[141.5639,38.7008],[141.5639,38.7009],[141.564,38.7009]]],[[[141.5638,38.7009],[141.5638,38.7008],[141.5637,38.7009],[141.5638,38.7009]]],[[[141.5643,38.7009],[141.5643,38.7009],[141.5643,38.7009],[141.5643,38.7009]]],[[[141.5645,38.7009],[141.5645,38.7009],[141.5645,38.7009],[141.5645,38.7009]]],[[[141.5639,38.7009],[141.564,38.7009],[141.564,38.7009],[141.5639,38.7009]]],[[[141.5642,38.701],[141.5641,38.701],[141.5642,38.701],[141.5642,38.701]]],[[[141.5639,38.7012],[141.5639,38.7012],[141.5639,38.7012],[141.5639,38.7012]]],[[[141.5641,38.7013],[141.5641,38.7014],[141.5642,38.7014],[141.5641,38.7013]]],[[[141.5637,38.7015],[141.5637,38.7015],[141.5638,38.7015],[141.5637,38.7015]]],[[[141.564,38.7016],[141.5639,38.7016],[141.564,38.7017],[141.564,38.7016]]],[[[141.5638,38.7017],[141.5638,38.7017],[141.5638,38.7016],[141.5638,38.7017]]],[[[141.5639,38.7017],[141.5639,38.7017],[141.564,38.7017],[141.5639,38.7017]]],[[[141.5641,38.7018],[141.564,38.7017],[141.564,38.7018],[141.5641,38.7018]]],[[[141.5643,38.702],[141.5644,38.702],[141.5643,38.702],[141.5643,38.702]]],[[[141.5642,38.7021],[141.5641,38.702],[141.5641,38.7021],[141.5642,38.7021]]],[[[141.5643,38.702],[141.5643,38.7021],[141.5643,38.7021],[141.5643,38.702]]],[[[141.5645,38.7021],[141.5644,38.7021],[141.5644,38.7021],[141.5645,38.7021]]],[[[141.5644,38.7021],[141.5644,38.7021],[141.5644,38.7021],[141.5644,38.7021]]],[[[141.5642,38.7024],[141.5642,38.7024],[141.5643,38.7025],[141.5642,38.7024]]],[[[141.5651,38.7025],[141.5651,38.7025],[141.565,38.7025],[141.5651,38.7025]]],[[[141.5641,38.7026],[141.564,38.7026],[141.5641,38.7026],[141.5641,38.7026]]],[[[141.5642,38.7027],[141.5641,38.7027],[141.5641,38.7028],[141.5642,38.7027]]],[[[141.5638,38.7028],[141.5638,38.7028],[141.5638,38.7028],[141.5638,38.7028]]],[[[141.5641,38.7028],[141.564,38.7028],[141.564,38.7028],[141.5641,38.7028]]],[[[141.564,38.7038],[141.564,38.7037],[141.564,38.7037],[141.564,38.7038]]],[[[141.5642,38.7038],[141.5643,38.7038],[141.5642,38.7037],[141.5642,38.7038]]],[[[141.565,38.7039],[141.565,38.7039],[141.565,38.7039],[141.565,38.7039]]],[[[141.5644,38.7038],[141.5644,38.7039],[141.5644,38.7039],[141.5644,38.7038]]],[[[141.5646,38.7039],[141.5647,38.7039],[141.5646,38.7038],[141.5646,38.7039]]],[[[141.5643,38.7039],[141.5643,38.7039],[141.5644,38.7039],[141.5643,38.7039]]],[[[141.5641,38.7039],[141.5641,38.7039],[141.5641,38.7039],[141.5641,38.7039]]],[[[141.5643,38.7039],[141.5642,38.704],[141.5643,38.704],[141.5643,38.7039]]],[[[141.5644,38.704],[141.5644,38.704],[141.5644,38.704],[141.5644,38.704]]],[[[141.5651,38.704],[141.5647,38.704],[141.565,38.7041],[141.5651,38.704]]],[[[141.5642,38.7041],[141.5642,38.7041],[141.5642,38.7041],[141.5642,38.7041]]],[[[141.5651,38.7043],[141.5651,38.7043],[141.565,38.7043],[141.5651,38.7043]]],[[[141.565,38.7045],[141.5651,38.7046],[141.5651,38.7045],[141.565,38.7045]]],[[[141.5649,38.7046],[141.5648,38.7046],[141.5649,38.7047],[141.5649,38.7046]]],[[[141.5644,38.7046],[141.5644,38.7047],[141.5644,38.7047],[141.5644,38.7046]]],[[[141.5644,38.7047],[141.5645,38.7048],[141.5645,38.7047],[141.5644,38.7047]]],[[[141.5648,38.7049],[141.565,38.7049],[141.565,38.7048],[141.5648,38.7049]]],[[[141.5645,38.7049],[141.5644,38.705],[141.5645,38.705],[141.5645,38.7049]]],[[[141.5644,38.7049],[141.5644,38.705],[141.5644,38.705],[141.5644,38.7049]]],[[[141.5648,38.7053],[141.5648,38.7053],[141.5647,38.7054],[141.5648,38.7053]]],[[[141.565,38.7129],[141.565,38.7128],[141.565,38.7129],[141.565,38.7129]]],[[[141.5648,38.7128],[141.5648,38.7131],[141.5648,38.7131],[141.5648,38.7128]]],[[[141.5649,38.7131],[141.5648,38.7131],[141.5649,38.7131],[141.5649,38.7131]]],[[[141.5651,38.7132],[141.5651,38.7132],[141.565,38.7132],[141.5651,38.7132]]],[[[141.5648,38.7132],[141.5648,38.7133],[141.5649,38.7133],[141.5648,38.7132]]],[[[141.5648,38.725],[141.5647,38.725],[141.5648,38.725],[141.5648,38.725]]],[[[141.5638,38.7252],[141.5638,38.7252],[141.5638,38.7251],[141.5638,38.7252]]],[[[141.5647,38.7252],[141.5646,38.7252],[141.5647,38.7252],[141.5647,38.7252]]],[[[141.5646,38.7252],[141.5647,38.7252],[141.5646,38.7252],[141.5646,38.7252]]],[[[141.564,38.7253],[141.564,38.7253],[141.564,38.7253],[141.564,38.7253]]],[[[141.564,38.7254],[141.5639,38.7253],[141.5639,38.7255],[141.564,38.7254]]],[[[141.564,38.7256],[141.564,38.7255],[141.5639,38.7255],[141.564,38.7256]]],[[[141.5648,38.7283],[141.5649,38.7283],[141.5649,38.7282],[141.5648,38.7283]]],[[[141.5647,38.729],[141.5647,38.729],[141.5648,38.729],[141.5647,38.729]]],[[[141.5645,38.7291],[141.5645,38.7291],[141.5645,38.7291],[141.5645,38.7291]]],[[[141.5642,38.7291],[141.5642,38.7291],[141.5642,38.7292],[141.5642,38.7291]]],[[[141.5645,38.7292],[141.5645,38.7292],[141.5645,38.7292],[141.5645,38.7292]]],[[[141.5648,38.7292],[141.5648,38.7292],[141.5648,38.7292],[141.5648,38.7292]]],[[[141.5645,38.7292],[141.5645,38.7293],[141.5645,38.7292],[141.5645,38.7292]]],[[[141.5645,38.7292],[141.5645,38.7293],[141.5645,38.7293],[141.5645,38.7292]]],[[[141.5643,38.7294],[141.5643,38.7293],[141.5643,38.7294],[141.5643,38.7294]]],[[[141.5646,38.7293],[141.5645,38.7293],[141.5645,38.7294],[141.5646,38.7293]]],[[[141.5644,38.7294],[141.5644,38.7294],[141.5644,38.7294],[141.5644,38.7294]]],[[[141.5644,38.7294],[141.5643,38.7294],[141.5644,38.7294],[141.5644,38.7294]]],[[[141.5646,38.7297],[141.5646,38.7296],[141.5646,38.7297],[141.5646,38.7297]]],[[[141.5642,38.7321],[141.5642,38.7323],[141.5644,38.7322],[141.5644,38.732],[141.5642,38.7321]]],[[[141.5646,38.7325],[141.5647,38.7325],[141.5648,38.7322],[141.5646,38.7322],[141.5646,38.7325]]],[[[141.5642,38.7324],[141.5645,38.7327],[141.5645,38.7323],[141.5642,38.7324]]],[[[141.5647,38.7325],[141.5646,38.7326],[141.5646,38.7326],[141.5647,38.7325]]],[[[141.5644,38.7331],[141.5644,38.7332],[141.5645,38.7331],[141.5644,38.7331]]],[[[141.5649,38.7373],[141.5649,38.7372],[141.5649,38.7372],[141.5649,38.7373]]],[[[141.5647,38.7373],[141.5648,38.7373],[141.5647,38.7372],[141.5647,38.7373]]],[[[141.5648,38.7377],[141.5648,38.7377],[141.5648,38.7377],[141.5648,38.7377]]],[[[141.5648,38.7378],[141.5648,38.7377],[141.5648,38.7378],[141.5648,38.7378]]],[[[141.5649,38.7379],[141.5648,38.7379],[141.5649,38.7381],[141.5649,38.7379]]],[[[141.565,38.7381],[141.565,38.738],[141.5649,38.738],[141.565,38.7381]]],[[[141.565,38.7383],[141.565,38.7383],[141.565,38.7385],[141.565,38.7383]]],[[[141.565,38.7385],[141.565,38.7385],[141.565,38.7385],[141.565,38.7385]]],[[[141.5651,38.7388],[141.565,38.7388],[141.5651,38.7389],[141.5651,38.7388]]],[[[141.5649,38.7398],[141.5649,38.74],[141.565,38.7398],[141.5649,38.7398]]],[[[141.5649,38.74],[141.5649,38.74],[141.565,38.74],[141.5649,38.74]]],[[[141.5647,38.7401],[141.5647,38.7401],[141.5647,38.7401],[141.5647,38.7401]]],[[[141.5647,38.7402],[141.5647,38.7402],[141.5647,38.7402],[141.5647,38.7402]]],[[[141.5645,38.7402],[141.5645,38.7404],[141.5645,38.7403],[141.5645,38.7402]]],[[[141.5643,38.7404],[141.5643,38.7404],[141.5643,38.7404],[141.5643,38.7404]]],[[[141.5643,38.7405],[141.5643,38.7405],[141.5643,38.7405],[141.5643,38.7405]]],[[[141.5641,38.7408],[141.5642,38.7408],[141.5641,38.7407],[141.5641,38.7408]]],[[[141.5643,38.7407],[141.5642,38.7407],[141.5643,38.7408],[141.5643,38.7407]]],[[[141.5639,38.7409],[141.564,38.7408],[141.5639,38.7407],[141.5639,38.7409]]],[[[141.5641,38.7408],[141.5641,38.7408],[141.5641,38.7409],[141.5641,38.7408]]],[[[141.5643,38.7409],[141.5644,38.7409],[141.5644,38.7408],[141.5643,38.7409]]],[[[141.5644,38.741],[141.5644,38.7409],[141.5643,38.7409],[141.5644,38.741]]],[[[141.5644,38.741],[141.5645,38.7412],[141.5647,38.7409],[141.5644,38.741]]],[[[141.5652,38.6983],[141.5651,38.6983],[141.5652,38.6983],[141.5652,38.6983]]],[[[141.5657,38.6995],[141.5657,38.6996],[141.5657,38.6996],[141.5657,38.6995]]],[[[141.5656,38.6996],[141.5655,38.6996],[141.5656,38.6997],[141.5656,38.6996]]],[[[141.5656,38.6996],[141.5656,38.6997],[141.5656,38.6997],[141.5656,38.6996]]],[[[141.5653,38.6998],[141.5653,38.6998],[141.5653,38.6998],[141.5653,38.6998]]],[[[141.5652,38.6998],[141.5651,38.6999],[141.5652,38.6999],[141.5652,38.6998]]],[[[141.5652,38.7005],[141.5652,38.7004],[141.5652,38.7004],[141.5652,38.7005]]],[[[141.5655,38.7007],[141.5655,38.7007],[141.5655,38.7007],[141.5655,38.7007]]],[[[141.5651,38.7022],[141.5651,38.7022],[141.5651,38.7022],[141.5651,38.7022]]],[[[141.5653,38.7025],[141.5653,38.7025],[141.5654,38.7025],[141.5653,38.7025]]],[[[141.5655,38.7027],[141.5655,38.7027],[141.5655,38.7027],[141.5655,38.7027]]],[[[141.5651,38.7039],[141.5651,38.7039],[141.5651,38.7039],[141.5651,38.7039]]],[[[141.5653,38.7043],[141.5654,38.7042],[141.5653,38.7041],[141.5653,38.7043]]],[[[141.5652,38.7042],[141.5651,38.7042],[141.5651,38.7043],[141.5652,38.7042]]],[[[141.5652,38.7044],[141.5653,38.7045],[141.5652,38.7044],[141.5652,38.7044]]],[[[141.5655,38.7051],[141.5655,38.7052],[141.5656,38.7052],[141.5655,38.7051]]],[[[141.5656,38.7052],[141.5656,38.7052],[141.5657,38.7052],[141.5656,38.7052]]],[[[141.5653,38.7052],[141.5653,38.7053],[141.5653,38.7052],[141.5653,38.7052]]],[[[141.5658,38.7053],[141.5658,38.7054],[141.5659,38.7053],[141.5658,38.7053]]],[[[141.5659,38.7053],[141.5659,38.7053],[141.5659,38.7054],[141.5659,38.7053]]],[[[141.5659,38.7057],[141.5659,38.7057],[141.5659,38.7057],[141.5659,38.7057]]],[[[141.5659,38.7059],[141.566,38.706],[141.5659,38.7058],[141.5659,38.7059]]],[[[141.566,38.7066],[141.5659,38.7066],[141.5659,38.7067],[141.566,38.7066]]],[[[141.5656,38.7069],[141.5656,38.7069],[141.5657,38.7069],[141.5656,38.7069]]],[[[141.5657,38.7069],[141.5658,38.7071],[141.5659,38.7069],[141.5657,38.7069]]],[[[141.566,38.7072],[141.5661,38.707],[141.5659,38.7071],[141.566,38.7072]]],[[[141.5659,38.7083],[141.5659,38.7084],[141.566,38.7083],[141.5659,38.7083]]],[[[141.5658,38.7087],[141.5658,38.7086],[141.5657,38.7086],[141.5658,38.7087]]],[[[141.5659,38.7087],[141.5659,38.7087],[141.5658,38.7088],[141.5659,38.7087]]],[[[141.5658,38.7088],[141.5658,38.709],[141.5659,38.7088],[141.5658,38.7088]]],[[[141.566,38.7089],[141.566,38.7089],[141.566,38.7089],[141.566,38.7089]]],[[[141.5657,38.7089],[141.5658,38.709],[141.5658,38.7088],[141.5657,38.7089]]],[[[141.5659,38.709],[141.5659,38.709],[141.5659,38.709],[141.5659,38.709]]],[[[141.5657,38.7091],[141.5657,38.7091],[141.5658,38.7091],[141.5657,38.7091]]],[[[141.566,38.7099],[141.5661,38.7099],[141.5661,38.7098],[141.566,38.7099]]],[[[141.5657,38.712],[141.5656,38.7123],[141.5657,38.7122],[141.5657,38.712]]],[[[141.5659,38.7123],[141.5659,38.7122],[141.5658,38.7123],[141.5659,38.7123]]],[[[141.5659,38.7124],[141.5655,38.7125],[141.5659,38.7125],[141.5659,38.7124]]],[[[141.5656,38.7128],[141.5656,38.7126],[141.5656,38.7128],[141.5656,38.7128]]],[[[141.5656,38.7126],[141.5656,38.7128],[141.5656,38.7126],[141.5656,38.7126]]],[[[141.5651,38.7141],[141.5652,38.7141],[141.5651,38.7141],[141.5651,38.7141]]],[[[141.5651,38.7142],[141.5652,38.7143],[141.5652,38.7142],[141.5651,38.7142]]],[[[141.5657,38.7242],[141.5657,38.7242],[141.5657,38.7242],[141.5657,38.7242]]],[[[141.5653,38.7243],[141.5653,38.7243],[141.5653,38.7242],[141.5653,38.7243]]],[[[141.5653,38.7243],[141.5655,38.7244],[141.5657,38.7242],[141.5653,38.7243]]],[[[141.5657,38.7245],[141.5657,38.7244],[141.5656,38.7244],[141.5657,38.7245]]],[[[141.5659,38.7245],[141.5659,38.7247],[141.566,38.7245],[141.5659,38.7245]]],[[[141.5658,38.7246],[141.5658,38.7246],[141.5658,38.7246],[141.5658,38.7246]]],[[[141.5656,38.7247],[141.5656,38.7246],[141.5655,38.7246],[141.5656,38.7247]]],[[[141.5653,38.7247],[141.5651,38.7247],[141.5652,38.7249],[141.5653,38.7247]]],[[[141.5658,38.7248],[141.5657,38.7248],[141.5657,38.7248],[141.5658,38.7248]]],[[[141.5654,38.7249],[141.5654,38.7249],[141.5654,38.7249],[141.5654,38.7249]]],[[[141.5655,38.7249],[141.5655,38.7249],[141.5655,38.7249],[141.5655,38.7249]]],[[[141.5651,38.7249],[141.5652,38.7249],[141.5652,38.7249],[141.5651,38.7249]]],[[[141.5658,38.725],[141.5658,38.725],[141.5659,38.725],[141.5658,38.725]]],[[[141.566,38.7269],[141.566,38.7269],[141.5661,38.7269],[141.566,38.7269]]],[[[141.5659,38.7272],[141.566,38.7272],[141.566,38.7272],[141.5659,38.7272]]],[[[141.5657,38.7287],[141.5657,38.7289],[141.5659,38.7287],[141.5657,38.7287]]],[[[141.5657,38.7298],[141.5658,38.7298],[141.5658,38.7297],[141.5657,38.7298]]],[[[141.5657,38.7298],[141.5657,38.7298],[141.5658,38.7298],[141.5657,38.7298]]],[[[141.5658,38.73],[141.5659,38.7301],[141.5659,38.73],[141.5658,38.73]]],[[[141.5658,38.7301],[141.5658,38.7301],[141.5658,38.7301],[141.5658,38.7301]]],[[[141.5654,38.7304],[141.5654,38.7304],[141.5654,38.7302],[141.5654,38.7304]]],[[[141.5658,38.7304],[141.5659,38.7304],[141.5659,38.7303],[141.5658,38.7304]]],[[[141.5655,38.733],[141.5655,38.733],[141.5655,38.733],[141.5655,38.733]]],[[[141.5658,38.7344],[141.5658,38.7342],[141.5658,38.7341],[141.5658,38.7344]]],[[[141.5654,38.7345],[141.5654,38.7346],[141.5654,38.7346],[141.5654,38.7345]]],[[[141.5656,38.7346],[141.5656,38.7348],[141.5657,38.7347],[141.5656,38.7346]]],[[[141.566,38.7349],[141.566,38.7349],[141.566,38.7349],[141.566,38.7349]]],[[[141.5657,38.735],[141.5657,38.7349],[141.5656,38.7349],[141.5657,38.735]]],[[[141.566,38.7349],[141.5658,38.7348],[141.5657,38.7351],[141.566,38.7349]]],[[[141.5657,38.735],[141.5657,38.735],[141.5657,38.735],[141.5657,38.735]]],[[[141.5656,38.7351],[141.5657,38.7351],[141.5656,38.735],[141.5656,38.7351]]],[[[141.5653,38.7352],[141.5653,38.7353],[141.5653,38.7352],[141.5653,38.7352]]],[[[141.5656,38.7353],[141.5656,38.7353],[141.5656,38.7353],[141.5656,38.7353]]],[[[141.5652,38.7354],[141.5652,38.7354],[141.5652,38.7355],[141.5652,38.7354]]],[[[141.566,38.7355],[141.566,38.7354],[141.566,38.7355],[141.566,38.7355]]],[[[141.5657,38.7355],[141.5656,38.7355],[141.5657,38.7356],[141.5657,38.7355]]],[[[141.5659,38.7356],[141.5659,38.7356],[141.5659,38.7356],[141.5659,38.7356]]],[[[141.566,38.7356],[141.5661,38.7356],[141.566,38.7356],[141.566,38.7356]]],[[[141.5659,38.7357],[141.5659,38.7357],[141.5659,38.7356],[141.5659,38.7357]]],[[[141.5656,38.7358],[141.5656,38.7358],[141.5656,38.7358],[141.5656,38.7358]]],[[[141.5656,38.736],[141.5657,38.736],[141.5656,38.7358],[141.5656,38.736]]],[[[141.5658,38.736],[141.5658,38.736],[141.5658,38.736],[141.5658,38.736]]],[[[141.5657,38.7361],[141.5657,38.7362],[141.5658,38.736],[141.5657,38.7361]]],[[[141.5657,38.736],[141.5656,38.7363],[141.5657,38.7362],[141.5657,38.736]]],[[[141.5659,38.7361],[141.5659,38.7361],[141.5659,38.7364],[141.5659,38.7361]]],[[[141.5657,38.7366],[141.5657,38.7364],[141.5656,38.7364],[141.5657,38.7366]]],[[[141.5658,38.7366],[141.5657,38.7366],[141.5658,38.7367],[141.5658,38.7366]]],[[[141.5659,38.7367],[141.5659,38.7367],[141.5659,38.7368],[141.5659,38.7367]]],[[[141.5659,38.7369],[141.566,38.7369],[141.5659,38.7367],[141.5659,38.7369]]],[[[141.566,38.7368],[141.566,38.7369],[141.5661,38.7369],[141.566,38.7368]]],[[[141.5653,38.7373],[141.5652,38.7373],[141.5653,38.7374],[141.5653,38.7373]]],[[[141.5655,38.7373],[141.5654,38.7373],[141.5655,38.7373],[141.5655,38.7373]]],[[[141.5655,38.7374],[141.5654,38.7374],[141.5655,38.7374],[141.5655,38.7374]]],[[[141.5655,38.7374],[141.5655,38.7374],[141.5656,38.7374],[141.5655,38.7374]]],[[[141.5658,38.7374],[141.5658,38.7374],[141.5658,38.7375],[141.5658,38.7374]]],[[[141.5657,38.7375],[141.5658,38.7375],[141.5657,38.7375],[141.5657,38.7375]]],[[[141.5657,38.7375],[141.5657,38.7375],[141.5657,38.7375],[141.5657,38.7375]]],[[[141.5656,38.7375],[141.5656,38.7375],[141.5656,38.7375],[141.5656,38.7375]]],[[[141.5652,38.738],[141.5653,38.7378],[141.5652,38.7378],[141.5652,38.738]]],[[[141.5651,38.738],[141.5651,38.738],[141.5651,38.738],[141.5651,38.738]]],[[[141.5653,38.738],[141.5652,38.738],[141.5653,38.738],[141.5653,38.738]]],[[[141.5654,38.7381],[141.5653,38.7381],[141.5653,38.7381],[141.5654,38.7381]]],[[[141.5658,38.7381],[141.5658,38.7382],[141.5659,38.7381],[141.5658,38.7381]]],[[[141.5659,38.7383],[141.5659,38.7383],[141.5659,38.7383],[141.5659,38.7383]]],[[[141.5652,38.7383],[141.5653,38.7384],[141.5653,38.7383],[141.5652,38.7383]]],[[[141.5659,38.7383],[141.5659,38.7383],[141.5659,38.7383],[141.5659,38.7383]]],[[[141.5658,38.7384],[141.5658,38.7384],[141.5658,38.7383],[141.5658,38.7384]]],[[[141.5658,38.7383],[141.5657,38.7383],[141.5657,38.7383],[141.5658,38.7383]]],[[[141.5654,38.7383],[141.5655,38.7384],[141.5654,38.7383],[141.5654,38.7383]]],[[[141.5651,38.7383],[141.5651,38.7385],[141.5652,38.7383],[141.5651,38.7383]]],[[[141.5658,38.7385],[141.5659,38.7385],[141.5658,38.7385],[141.5658,38.7385]]],[[[141.5658,38.7386],[141.5658,38.7385],[141.5652,38.7385],[141.5658,38.7386]]],[[[141.5651,38.7385],[141.5651,38.7385],[141.5651,38.7385],[141.5651,38.7385]]],[[[141.5652,38.7387],[141.5652,38.7387],[141.5652,38.7387],[141.5652,38.7387]]],[[[141.5658,38.7387],[141.5658,38.7387],[141.5658,38.7388],[141.5658,38.7387]]],[[[141.5653,38.7388],[141.5655,38.7388],[141.5654,38.7388],[141.5653,38.7388]]],[[[141.5659,38.7389],[141.5659,38.739],[141.566,38.739],[141.5659,38.7389]]],[[[141.5657,38.739],[141.5658,38.739],[141.5659,38.7392],[141.5659,38.739],[141.5657,38.739]]],[[[141.566,38.7391],[141.566,38.7391],[141.5659,38.7391],[141.566,38.7391]]],[[[141.5657,38.7392],[141.5658,38.7392],[141.5657,38.7391],[141.5657,38.7392]]],[[[141.5657,38.7394],[141.5659,38.7396],[141.5659,38.7393],[141.5658,38.7391],[141.5657,38.7394]]],[[[141.5659,38.7394],[141.5659,38.7394],[141.566,38.7394],[141.5659,38.7394]]],[[[141.5655,38.7396],[141.5654,38.7394],[141.5654,38.7396],[141.5655,38.7396]]],[[[141.5654,38.7396],[141.5654,38.7396],[141.5654,38.7396],[141.5654,38.7396]]],[[[141.5659,38.7396],[141.5659,38.7396],[141.5659,38.7396],[141.5659,38.7396]]],[[[141.5656,38.7396],[141.5655,38.7395],[141.5655,38.7397],[141.5656,38.7396]]],[[[141.566,38.7398],[141.566,38.7398],[141.566,38.7398],[141.566,38.7398]]],[[[141.5651,38.74],[141.5651,38.74],[141.5651,38.74],[141.5651,38.74]]],[[[141.5651,38.74],[141.5651,38.74],[141.5651,38.7401],[141.5651,38.74]]],[[[141.5665,38.7],[141.5667,38.7002],[141.5668,38.7001],[141.5665,38.7]]],[[[141.5665,38.7002],[141.5666,38.7002],[141.5665,38.7001],[141.5665,38.7002]]],[[[141.5666,38.7002],[141.5666,38.7002],[141.5666,38.7002],[141.5666,38.7002]]],[[[141.5671,38.7003],[141.5671,38.7003],[141.5672,38.7003],[141.5671,38.7003]]],[[[141.5666,38.7005],[141.5665,38.7005],[141.5666,38.7005],[141.5666,38.7005]]],[[[141.5668,38.7009],[141.5668,38.7009],[141.5668,38.701],[141.5668,38.7009]]],[[[141.5662,38.7016],[141.5662,38.7016],[141.5662,38.7016],[141.5662,38.7016]]],[[[141.5661,38.7055],[141.5662,38.7056],[141.5661,38.7054],[141.5661,38.7055]]],[[[141.566,38.7055],[141.566,38.7057],[141.5661,38.7056],[141.566,38.7055]]],[[[141.5665,38.7058],[141.5665,38.7058],[141.5665,38.7058],[141.5665,38.7058]]],[[[141.5667,38.7059],[141.5667,38.7058],[141.5667,38.7058],[141.5667,38.7059]]],[[[141.5661,38.7058],[141.5661,38.7057],[141.5661,38.7059],[141.5661,38.7058]]],[[[141.5667,38.7059],[141.5666,38.7058],[141.5666,38.7059],[141.5667,38.7059]]],[[[141.5663,38.7058],[141.5663,38.7059],[141.5664,38.7059],[141.5663,38.7058]]],[[[141.5667,38.706],[141.5668,38.7061],[141.5669,38.7057],[141.5667,38.706]]],[[[141.5665,38.7059],[141.5666,38.7059],[141.5666,38.7059],[141.5665,38.7059]]],[[[141.5663,38.7059],[141.5663,38.7059],[141.5663,38.7059],[141.5663,38.7059]]],[[[141.5664,38.706],[141.5665,38.706],[141.5665,38.7059],[141.5664,38.706]]],[[[141.5666,38.706],[141.5666,38.706],[141.5666,38.706],[141.5666,38.706]]],[[[141.5668,38.7061],[141.5666,38.706],[141.5667,38.7061],[141.5668,38.7061]]],[[[141.5666,38.7062],[141.5665,38.706],[141.5665,38.7062],[141.5666,38.7062]]],[[[141.5668,38.7061],[141.5668,38.7061],[141.5668,38.7062],[141.5668,38.7061]]],[[[141.5661,38.7061],[141.5662,38.7064],[141.5664,38.706],[141.5661,38.7061]]],[[[141.566,38.7065],[141.5662,38.7065],[141.5661,38.7064],[141.566,38.7065]]],[[[141.5665,38.7067],[141.5665,38.7067],[141.5664,38.7066],[141.5665,38.7067]]],[[[141.5662,38.707],[141.5663,38.7071],[141.5663,38.707],[141.5662,38.707]]],[[[141.5663,38.7071],[141.5663,38.7071],[141.5663,38.7071],[141.5663,38.7071]]],[[[141.5661,38.7071],[141.5661,38.7071],[141.5661,38.7072],[141.5661,38.7071]]],[[[141.5665,38.7073],[141.5665,38.7073],[141.5665,38.7073],[141.5665,38.7073]]],[[[141.5663,38.7075],[141.5662,38.7074],[141.5662,38.7075],[141.5663,38.7075]]],[[[141.5664,38.7075],[141.5663,38.7075],[141.5663,38.7076],[141.5664,38.7075]]],[[[141.5664,38.7076],[141.5663,38.7077],[141.5663,38.7077],[141.5664,38.7076]]],[[[141.5662,38.7076],[141.5662,38.7077],[141.5663,38.7077],[141.5662,38.7076]]],[[[141.5665,38.7077],[141.5664,38.7076],[141.5663,38.7077],[141.5665,38.7077]]],[[[141.5667,38.7077],[141.5668,38.7078],[141.5669,38.7077],[141.5667,38.7077]]],[[[141.5667,38.7077],[141.5667,38.7079],[141.5667,38.7077],[141.5667,38.7077]]],[[[141.566,38.7078],[141.5661,38.7079],[141.5662,38.7078],[141.566,38.7078]]],[[[141.5662,38.7079],[141.5663,38.7081],[141.5664,38.7079],[141.5662,38.7079]]],[[[141.5664,38.7084],[141.5664,38.7083],[141.5664,38.7084],[141.5664,38.7084]]],[[[141.5661,38.7089],[141.5661,38.7088],[141.5661,38.7087],[141.5661,38.7089]]],[[[141.5663,38.7092],[141.5663,38.7092],[141.5662,38.7092],[141.5663,38.7092]]],[[[141.5687,38.7098],[141.5687,38.7099],[141.5687,38.7098],[141.5687,38.7098]]],[[[141.5664,38.7103],[141.5664,38.7102],[141.5664,38.7103],[141.5664,38.7103]]],[[[141.5664,38.7103],[141.5664,38.7103],[141.5665,38.7104],[141.5664,38.7103]]],[[[141.5667,38.7105],[141.5668,38.7105],[141.5668,38.7105],[141.5667,38.7105]]],[[[141.5668,38.7105],[141.5667,38.7106],[141.5668,38.7106],[141.5668,38.7105]]],[[[141.5668,38.7107],[141.5668,38.7106],[141.5668,38.7107],[141.5668,38.7107]]],[[[141.568,38.7107],[141.5679,38.7107],[141.5679,38.7108],[141.568,38.7107]]],[[[141.5681,38.7108],[141.568,38.7108],[141.568,38.7108],[141.5681,38.7108]]],[[[141.568,38.7109],[141.5679,38.7109],[141.568,38.7109],[141.568,38.7109]]],[[[141.5667,38.7109],[141.5667,38.7109],[141.5668,38.7109],[141.5667,38.7109]]],[[[141.5679,38.711],[141.5679,38.7109],[141.5679,38.711],[141.5679,38.711]]],[[[141.5665,38.711],[141.5664,38.711],[141.5664,38.7111],[141.5665,38.711]]],[[[141.5679,38.7111],[141.5679,38.7111],[141.5679,38.7111],[141.5679,38.7111]]],[[[141.568,38.7112],[141.568,38.7112],[141.568,38.7112],[141.568,38.7112]]],[[[141.568,38.7109],[141.5681,38.7115],[141.5684,38.7111],[141.568,38.7109]]],[[[141.5663,38.7113],[141.5663,38.7113],[141.5663,38.7113],[141.5663,38.7113]]],[[[141.567,38.7113],[141.567,38.7114],[141.567,38.7114],[141.567,38.7113]]],[[[141.5663,38.7114],[141.5663,38.7114],[141.5663,38.7114],[141.5663,38.7114]]],[[[141.567,38.7114],[141.5669,38.7113],[141.5667,38.7113],[141.5667,38.7115],[141.5668,38.7116],[141.5668,38.7114],[141.5668,38.7113],[141.567,38.7114]]],[[[141.5671,38.7114],[141.567,38.7114],[141.5671,38.7114],[141.5671,38.7114]]],[[[141.5671,38.7114],[141.5671,38.7114],[141.5671,38.7114],[141.5671,38.7114]]],[[[141.5668,38.7115],[141.5668,38.7114],[141.5668,38.7115],[141.5668,38.7115]]],[[[141.5668,38.7115],[141.5668,38.7115],[141.5668,38.7115],[141.5668,38.7115]]],[[[141.5667,38.7116],[141.5667,38.7116],[141.5667,38.7117],[141.5667,38.7116]]],[[[141.5661,38.7118],[141.5661,38.7117],[141.5661,38.7118],[141.5661,38.7118]]],[[[141.5662,38.7117],[141.5662,38.7119],[141.5663,38.7118],[141.5662,38.7117]]],[[[141.5661,38.7118],[141.5662,38.7118],[141.5661,38.7118],[141.5661,38.7118]]],[[[141.5667,38.7119],[141.5667,38.7118],[141.5667,38.7119],[141.5667,38.7119]]],[[[141.5661,38.712],[141.5661,38.7119],[141.566,38.712],[141.5661,38.712]]],[[[141.5664,38.712],[141.5663,38.712],[141.5664,38.712],[141.5664,38.712]]],[[[141.5662,38.712],[141.5663,38.7121],[141.5663,38.712],[141.5662,38.712]]],[[[141.5663,38.7121],[141.5664,38.7121],[141.5663,38.712],[141.5663,38.7121]]],[[[141.5663,38.7122],[141.5663,38.7121],[141.5662,38.7121],[141.5663,38.7122]]],[[[141.5677,38.7248],[141.5675,38.7248],[141.5677,38.7249],[141.5677,38.7248]]],[[[141.5671,38.725],[141.5672,38.725],[141.5671,38.725],[141.5671,38.725]]],[[[141.5662,38.7251],[141.5662,38.725],[141.5659,38.725],[141.5662,38.7251]]],[[[141.5669,38.725],[141.5669,38.7252],[141.5672,38.7251],[141.5669,38.725]]],[[[141.5674,38.7251],[141.5673,38.7251],[141.5673,38.7251],[141.5674,38.7251]]],[[[141.5664,38.7252],[141.5664,38.7251],[141.5664,38.7252],[141.5664,38.7252]]],[[[141.5675,38.7252],[141.5675,38.7252],[141.5675,38.7252],[141.5675,38.7252]]],[[[141.5664,38.7252],[141.5662,38.7251],[141.5665,38.7253],[141.5664,38.7252]]],[[[141.5662,38.7253],[141.5661,38.7253],[141.5662,38.7253],[141.5662,38.7253]]],[[[141.5677,38.7253],[141.5676,38.7253],[141.5677,38.7253],[141.5677,38.7253]]],[[[141.5662,38.7255],[141.5662,38.7255],[141.5662,38.7255],[141.5662,38.7255]]],[[[141.5666,38.7256],[141.5665,38.7256],[141.5665,38.7257],[141.5666,38.7256]]],[[[141.5667,38.7259],[141.5667,38.7258],[141.5667,38.7259],[141.5667,38.7259]]],[[[141.5668,38.7258],[141.5668,38.7259],[141.5669,38.7259],[141.5668,38.7258]]],[[[141.5677,38.7265],[141.5677,38.7264],[141.5676,38.7265],[141.5677,38.7265]]],[[[141.5665,38.7265],[141.5665,38.7264],[141.5664,38.7265],[141.5665,38.7265]]],[[[141.5678,38.7264],[141.5678,38.7264],[141.5678,38.7265],[141.5678,38.7264]]],[[[141.5676,38.7265],[141.5676,38.7264],[141.5676,38.7265],[141.5676,38.7265]]],[[[141.5663,38.7265],[141.5663,38.7265],[141.5663,38.7265],[141.5663,38.7265]]],[[[141.5669,38.7267],[141.5669,38.7268],[141.5669,38.7268],[141.5669,38.7267]]],[[[141.5669,38.7271],[141.5669,38.7271],[141.5669,38.7272],[141.5669,38.7271]]],[[[141.5661,38.7275],[141.5662,38.7274],[141.5661,38.7274],[141.5661,38.7275]]],[[[141.5672,38.7278],[141.5672,38.7278],[141.5672,38.7277],[141.5672,38.7278]]],[[[141.5665,38.7277],[141.5664,38.7278],[141.5665,38.7278],[141.5665,38.7277]]],[[[141.568,38.7279],[141.568,38.7278],[141.568,38.7279],[141.568,38.7279]]],[[[141.5675,38.728],[141.5675,38.7279],[141.5674,38.7278],[141.5675,38.728]]],[[[141.5671,38.7278],[141.5671,38.7281],[141.5672,38.7278],[141.5671,38.7278]]],[[[141.5673,38.7279],[141.5673,38.7279],[141.5673,38.728],[141.5673,38.7279]]],[[[141.5661,38.7279],[141.566,38.7282],[141.5661,38.728],[141.5661,38.7279]]],[[[141.5682,38.728],[141.5681,38.7281],[141.5682,38.7281],[141.5682,38.728]]],[[[141.5681,38.7281],[141.5681,38.7281],[141.5681,38.7281],[141.5681,38.7281]]],[[[141.5672,38.7282],[141.5672,38.7281],[141.5671,38.7282],[141.5672,38.7282]]],[[[141.5672,38.7281],[141.5672,38.7282],[141.5672,38.7282],[141.5672,38.7281]]],[[[141.5661,38.7353],[141.5661,38.7353],[141.5662,38.7353],[141.5661,38.7353]]],[[[141.5661,38.7355],[141.5662,38.7354],[141.5661,38.7355],[141.5661,38.7355]]],[[[141.5659,38.7358],[141.5659,38.7359],[141.5662,38.7357],[141.5659,38.7358]]],[[[141.5665,38.7358],[141.5665,38.7359],[141.5665,38.7358],[141.5665,38.7358]]],[[[141.5664,38.7361],[141.5664,38.7361],[141.5664,38.7362],[141.5664,38.7361]]],[[[141.5664,38.7363],[141.5663,38.7362],[141.5663,38.7363],[141.5664,38.7363]]],[[[141.5662,38.7364],[141.5662,38.7361],[141.5661,38.7364],[141.5662,38.7364]]],[[[141.5665,38.7369],[141.5665,38.7368],[141.5665,38.7369],[141.5665,38.7369]]],[[[141.5661,38.737],[141.566,38.737],[141.5661,38.737],[141.5661,38.737]]],[[[141.5665,38.737],[141.5665,38.737],[141.5665,38.737],[141.5665,38.737]]],[[[141.5665,38.737],[141.5665,38.737],[141.5665,38.7371],[141.5665,38.737]]],[[[141.5663,38.7372],[141.5663,38.7373],[141.5664,38.7373],[141.5663,38.7372]]],[[[141.5661,38.7382],[141.5661,38.7381],[141.566,38.7382],[141.5661,38.7382]]],[[[141.5666,38.7389],[141.5666,38.7389],[141.5666,38.7389],[141.5666,38.7389]]],[[[141.5662,38.739],[141.5662,38.739],[141.5662,38.739],[141.5662,38.739]]],[[[141.5663,38.7391],[141.5663,38.7389],[141.5662,38.7391],[141.5663,38.7391]]],[[[141.5666,38.7392],[141.5666,38.739],[141.5666,38.7392],[141.5666,38.7392]]],[[[141.5662,38.7391],[141.5662,38.7391],[141.5662,38.7391],[141.5662,38.7391]]]]}}]}