{"type":"FeatureCollection","pref_code":"05","features":[{"type":"Feature","properties":{"code":"05201","name":"秋田市","pref_code":"05","pref":"秋田県"},"geometry":{"type":"MultiPolygon","coordinates":[[[[140.2393,39.8372],[140.2413,39.8361],[140.243,39.8318],[140.2458,39.831],[140.2457,39.8293],[140.2491,39.8289],[140.2507,39.8276],[140.2602,39.8302],[140.262,39.8291],[140.265,39.8293],[140.2663,39.8277],[140.2738,39.8274],[140.2819,39.835],[140.2864,39.8331],[140.2879,39.8308],[140.2925,39.8305],[140.2978,39.8331],[140.3065,39.8301],[140.3096,39.8256],[140.3088,39.8234],[140.3108,39.8205],[140.3086,39.8181],[140.3086,39.8167],[140.3136,39.8132],[140.3132,39.8092],[140.3144,39.8075],[140.3109,39.7972],[140.3164,39.7962],[140.3211,39.7966],[140.3256,39.8],[140.3304,39.8009],[140.3363,39.8041],[140.3402,39.8045],[140.3478,39.8098],[140.3491,39.8115],[140.3466,39.8164],[140.3478,39.819],[140.3518,39.8214],[140.3558,39.8263],[140.3636,39.8279],[140.3664,39.8313],[140.3707,39.8333],[140.3725,39.836],[140.3791,39.8339],[140.3907,39.835],[140.3943,39.8332],[140.4008,39.8349],[140.4041,39.829],[140.4102,39.8279],[140.4166,39.8287],[140.423,39.8254],[140.43,39.8246],[140.4319,39.8219],[140.4312,39.8203],[140.4321,39.8196],[140.4521,39.8245],[140.4591,39.8238],[140.4599,39.8225],[140.4589,39.82],[140.4608,39.8152],[140.4653,39.8124],[140.4672,39.8103],[140.4674,39.808],[140.471,39.8054],[140.4715,39.8011],[140.4745,39.7985],[140.475,39.7957],[140.4804,39.7965],[140.4835,39.7944],[140.4844,39.7899],[140.4869,39.7883],[140.4876,39.7851],[140.4904,39.7819],[140.4901,39.7807],[140.493,39.7777],[140.4967,39.7764],[140.498,39.7737],[140.5039,39.7717],[140.5063,39.769],[140.5074,39.7612],[140.5095,39.756],[140.5123,39.7537],[140.5156,39.7479],[140.5087,39.7406],[140.5088,39.7377],[140.5105,39.7362],[140.5071,39.7294],[140.4992,39.7246],[140.4918,39.7235],[140.4833,39.7175],[140.4769,39.7156],[140.4749,39.7169],[140.4728,39.7149],[140.4631,39.711],[140.4605,39.7112],[140.4544,39.7081],[140.4516,39.708],[140.4447,39.7045],[140.4323,39.7075],[140.4309,39.7105],[140.4274,39.7114],[140.4254,39.7135],[140.4205,39.715],[140.4167,39.7141],[140.4146,39.7147],[140.407,39.7069],[140.4023,39.7052],[140.3992,39.7064],[140.3981,39.7055],[140.3954,39.706],[140.395,39.7012],[140.3926,39.6999],[140.3896,39.7007],[140.3876,39.6992],[140.3855,39.6992],[140.3829,39.6963],[140.3774,39.6953],[140.3724,39.6929],[140.3617,39.6955],[140.359,39.6946],[140.3572,39.6922],[140.3548,39.6921],[140.3534,39.6909],[140.3515,39.6921],[140.3477,39.6913],[140.3461,39.6867],[140.3434,39.686],[140.3422,39.6837],[140.3435,39.6767],[140.3418,39.675],[140.3383,39.6765],[140.3344,39.6804],[140.332,39.6792],[140.3298,39.6804],[140.3266,39.6793],[140.3253,39.6806],[140.3223,39.6763],[140.3201,39.677],[140.3194,39.6747],[140.3173,39.6748],[140.3146,39.6727],[140.3118,39.6732],[140.3103,39.6705],[140.308,39.6701],[140.3067,39.6682],[140.3088,39.6662],[140.3076,39.664],[140.3087,39.6605],[140.3078,39.6593],[140.3103,39.6556],[140.3105,39.6499],[140.3091,39.6476],[140.3025,39.6487],[140.3008,39.6473],[140.2953,39.6488],[140.294,39.6532],[140.2922,39.6554],[140.2806,39.6531],[140.2768,39.6542],[140.2724,39.6538],[140.2708,39.6535],[140.2699,39.6515],[140.2655,39.6521],[140.2699,39.6468],[140.2691,39.6449],[140.2671,39.6442],[140.2713,39.6403],[140.2713,39.6383],[140.2774,39.6386],[140.2789,39.6417],[140.2845,39.6405],[140.2855,39.6342],[140.2828,39.6266],[140.2842,39.6251],[140.2812,39.6231],[140.276,39.6241],[140.2777,39.6207],[140.2769,39.6157],[140.2718,39.6124],[140.2704,39.6103],[140.2676,39.6099],[140.2662,39.6073],[140.2682,39.6018],[140.2655,39.5999],[140.2663,39.5981],[140.262,39.5941],[140.2578,39.5932],[140.2546,39.5884],[140.2544,39.5866],[140.2558,39.5854],[140.2548,39.5834],[140.2562,39.578],[140.2542,39.5752],[140.2509,39.5756],[140.2484,39.5733],[140.2435,39.5731],[140.2411,39.5706],[140.2419,39.5679],[140.2397,39.5665],[140.2406,39.5644],[140.2396,39.5627],[140.2328,39.5599],[140.2328,39.5566],[140.235,39.5558],[140.2332,39.5539],[140.2353,39.5517],[140.2273,39.5479],[140.2283,39.5435],[140.2414,39.5439],[140.2453,39.5414],[140.2467,39.5384],[140.2483,39.5213],[140.2516,39.5139],[140.2556,39.5122],[140.2631,39.5121],[140.2653,39.5074],[140.2683,39.5063],[140.2705,39.5038],[140.2685,39.4991],[140.2695,39.4981],[140.269,39.4967],[140.2729,39.4926],[140.2754,39.4919],[140.2758,39.4895],[140.2689,39.4875],[140.2655,39.4839],[140.2664,39.4823],[140.27,39.4819],[140.2714,39.4784],[140.2731,39.4782],[140.2752,39.475],[140.2765,39.4748],[140.2767,39.4718],[140.2809,39.4689],[140.281,39.466],[140.282,39.4656],[140.2838,39.4612],[140.2838,39.4588],[140.2795,39.4585],[140.2796,39.4571],[140.2818,39.4555],[140.2796,39.4538],[140.2789,39.451],[140.2757,39.4515],[140.2735,39.4494],[140.2729,39.4505],[140.269,39.4496],[140.2665,39.4522],[140.2644,39.4506],[140.2619,39.4518],[140.2598,39.4492],[140.257,39.449],[140.2512,39.4521],[140.2498,39.4542],[140.2473,39.4541],[140.2451,39.4554],[140.2438,39.4544],[140.2406,39.4547],[140.2344,39.4601],[140.2386,39.4641],[140.2391,39.4671],[140.2324,39.47],[140.2314,39.4721],[140.2286,39.4707],[140.228,39.4688],[140.223,39.4675],[140.2224,39.4695],[140.2233,39.4712],[140.2217,39.4724],[140.2229,39.4744],[140.2214,39.4765],[140.2223,39.4781],[140.2237,39.4784],[140.2239,39.4807],[140.2208,39.4817],[140.2228,39.4837],[140.2222,39.4872],[140.2277,39.4905],[140.2292,39.4904],[140.2293,39.4891],[140.2336,39.4891],[140.2354,39.4902],[140.2357,39.4923],[140.2304,39.4918],[140.2279,39.4942],[140.2244,39.4925],[140.2199,39.4922],[140.2193,39.4945],[140.2157,39.498],[140.2114,39.4957],[140.2076,39.496],[140.2063,39.4971],[140.2019,39.4966],[140.1975,39.4978],[140.1952,39.5016],[140.1918,39.5006],[140.1852,39.5038],[140.1805,39.504],[140.1796,39.5063],[140.1806,39.509],[140.1781,39.5124],[140.181,39.5158],[140.1791,39.5191],[140.1798,39.5204],[140.1842,39.5216],[140.1848,39.5301],[140.1878,39.5323],[140.1885,39.5346],[140.1857,39.5371],[140.1852,39.539],[140.182,39.5389],[140.1794,39.5362],[140.1712,39.5348],[140.1683,39.5326],[140.1658,39.5333],[140.1647,39.5352],[140.1609,39.5349],[140.1561,39.5378],[140.1647,39.5421],[140.165,39.5449],[140.1674,39.548],[140.161,39.5518],[140.1594,39.5583],[140.1601,39.5595],[140.1536,39.5632],[140.1536,39.5657],[140.1511,39.5692],[140.1485,39.5704],[140.1387,39.5685],[140.1369,39.5696],[140.1351,39.5688],[140.123,39.5701],[140.121,39.5711],[140.1219,39.5725],[140.1193,39.5735],[140.1221,39.5744],[140.1222,39.576],[140.1128,39.5773],[140.1107,39.58],[140.108,39.5812],[140.1086,39.5847],[140.0991,39.586],[140.0983,39.5837],[140.0932,39.5824],[140.0898,39.5832],[140.086,39.5797],[140.0822,39.5839],[140.0789,39.5827],[140.0735,39.5848],[140.0777,39.588],[140.0759,39.5898],[140.077,39.5922],[140.0756,39.5948],[140.0689,39.5983],[140.0657,39.5971],[140.0597,39.5978],[140.0626,39.634],[140.063,39.6536],[140.0613,39.685],[140.0598,39.69],[140.0605,39.6923],[140.0596,39.6928],[140.0592,39.7207],[140.0578,39.7296],[140.0552,39.7321],[140.0556,39.7342],[140.054,39.7389],[140.0521,39.7411],[140.0485,39.7407],[140.0463,39.7495],[140.0487,39.7499],[140.0482,39.7554],[140.0471,39.7571],[140.0397,39.7588],[140.0387,39.7596],[140.0479,39.7575],[140.0507,39.7612],[140.0482,39.768],[140.0503,39.7706],[140.0493,39.7741],[140.0428,39.7728],[140.0461,39.7635],[140.043,39.762],[140.0437,39.7625],[140.0418,39.764],[140.0382,39.7648],[140.0372,39.7677],[140.0408,39.7684],[140.0397,39.772],[140.0277,39.7691],[140.0366,39.7714],[140.0334,39.781],[140.0388,39.7821],[140.0392,39.7809],[140.0417,39.7814],[140.0423,39.7829],[140.0406,39.7867],[140.0345,39.7855],[140.0332,39.7897],[140.0337,39.7883],[140.0359,39.7887],[140.0367,39.7874],[140.0385,39.7886],[140.0376,39.7911],[140.0342,39.7906],[140.034,39.791],[140.0364,39.791],[140.0378,39.7929],[140.0376,39.7945],[140.0363,39.7947],[140.0374,39.7962],[140.034,39.8045],[140.056,39.8074],[140.0549,39.8288],[140.0496,39.8414],[140.0502,39.842],[140.0487,39.8448],[140.0498,39.8468],[140.0486,39.8479],[140.0488,39.849],[140.0551,39.8514],[140.0563,39.8516],[140.0598,39.8471],[140.0662,39.8504],[140.0663,39.8557],[140.0645,39.8589],[140.0679,39.8595],[140.0768,39.855],[140.0787,39.852],[140.077,39.8526],[140.0761,39.8505],[140.0775,39.8498],[140.0771,39.8479],[140.08,39.8479],[140.0814,39.8437],[140.0861,39.8455],[140.0896,39.8441],[140.0909,39.8417],[140.09,39.8401],[140.0912,39.8376],[140.0935,39.8353],[140.0951,39.8352],[140.0965,39.836],[140.0963,39.8378],[140.0987,39.8411],[140.1074,39.8414],[140.1078,39.8439],[140.1112,39.844],[140.1142,39.8464],[140.1144,39.8483],[140.1207,39.852],[140.1236,39.8519],[140.1246,39.8491],[140.133,39.8449],[140.1346,39.8456],[140.1391,39.8448],[140.1405,39.8465],[140.1443,39.8449],[140.1464,39.8459],[140.1476,39.8446],[140.1494,39.846],[140.1525,39.8464],[140.1552,39.8496],[140.1591,39.849],[140.161,39.8468],[140.1652,39.8474],[140.1668,39.8445],[140.1684,39.844],[140.1708,39.845],[140.1752,39.8447],[140.1774,39.8464],[140.1863,39.8483],[140.1926,39.8475],[140.1932,39.8517],[140.198,39.8539],[140.199,39.8556],[140.1977,39.8603],[140.2,39.8636],[140.208,39.865],[140.2196,39.8626],[140.2226,39.8611],[140.2226,39.8551],[140.2266,39.8535],[140.2338,39.8416],[140.2393,39.839],[140.2393,39.8372]]],[[[140.0537,39.7388],[140.0536,39.7387],[140.0535,39.7389],[140.0537,39.7388]]],[[[140.0328,39.7604],[140.0384,39.7591],[140.0388,39.7584],[140.0327,39.7603],[140.0151,39.7722],[140.0115,39.7757],[140.0328,39.7604]]],[[[140.0482,39.7737],[140.0482,39.7737],[140.0482,39.7737],[140.0482,39.7737]]],[[[140.0483,39.7737],[140.0483,39.7737],[140.0483,39.7737],[140.0483,39.7737]]],[[[140.0093,39.7782],[140.0107,39.7754],[140.009,39.7781],[140.0048,39.7822],[140.0093,39.7782]]],[[[140.0205,39.7816],[140.0239,39.7885],[140.0329,39.7903],[140.0329,39.7903],[140.024,39.7884],[140.0205,39.7816]]],[[[140.0351,39.7894],[140.0353,39.7887],[140.0351,39.7893],[140.0351,39.7894]]],[[[140.0356,39.7899],[140.0356,39.7894],[140.0355,39.7899],[140.0356,39.7899]]]]}},{"type":"Feature","properties":{"code":"05202","name":"能代市","pref_code":"05","pref":"秋田県"},"geometry":{"type":"MultiPolygon","coordinates":[[[[139.9666,40.1963],[139.9671,40.1984],[139.9674,40.1983],[139.9666,40.1963]]],[[[139.9681,40.1977],[139.9768,40.2073],[139.9824,40.2117],[139.9826,40.2109],[139.977,40.2071],[139.9681,40.1977]]],[[[140.1507,40.3743],[140.1662,40.3709],[140.1707,40.3646],[140.1696,40.3629],[140.1705,40.3615],[140.1775,40.3619],[140.178,40.3601],[140.1826,40.3578],[140.183,40.3558],[140.1857,40.3552],[140.1866,40.3537],[140.1933,40.3505],[140.1942,40.3464],[140.1968,40.3448],[140.1978,40.3419],[140.1949,40.3376],[140.1957,40.3328],[140.1943,40.3322],[140.1937,40.3301],[140.1954,40.3268],[140.1945,40.3246],[140.1957,40.3221],[140.195,40.3198],[140.1979,40.3181],[140.1985,40.3154],[140.2019,40.3128],[140.2011,40.3029],[140.2043,40.3009],[140.2045,40.2973],[140.2088,40.297],[140.2084,40.2995],[140.2107,40.2989],[140.2124,40.3007],[140.2116,40.2974],[140.2144,40.2986],[140.2125,40.2972],[140.2132,40.294],[140.2138,40.2952],[140.2148,40.2949],[140.2135,40.2928],[140.2144,40.292],[140.2135,40.2912],[140.2138,40.2871],[140.2166,40.2879],[140.2169,40.2923],[140.2188,40.2901],[140.2193,40.2882],[140.2176,40.2848],[140.2184,40.2822],[140.2162,40.2793],[140.2176,40.2775],[140.2162,40.2759],[140.2111,40.2742],[140.211,40.271],[140.2117,40.2694],[140.2163,40.2672],[140.2183,40.268],[140.2227,40.2672],[140.2236,40.2634],[140.2208,40.2629],[140.2191,40.2591],[140.2213,40.2554],[140.2262,40.2542],[140.2273,40.2524],[140.2303,40.251],[140.2307,40.2487],[140.232,40.2478],[140.2357,40.2492],[140.2482,40.2441],[140.2496,40.2457],[140.2524,40.2403],[140.2647,40.2439],[140.2682,40.2431],[140.2717,40.2448],[140.2734,40.2438],[140.2766,40.2402],[140.2735,40.236],[140.2764,40.2313],[140.2797,40.2291],[140.2829,40.2244],[140.2818,40.2213],[140.2797,40.2192],[140.2802,40.2171],[140.2788,40.2149],[140.2731,40.2114],[140.2746,40.2105],[140.2863,40.2104],[140.2931,40.2057],[140.296,40.2047],[140.2994,40.2052],[140.2998,40.2041],[140.2994,40.2012],[140.2955,40.1981],[140.29,40.1983],[140.2868,40.196],[140.283,40.1952],[140.2737,40.1965],[140.2723,40.1941],[140.2711,40.1868],[140.2658,40.1835],[140.2609,40.1847],[140.2548,40.1829],[140.2543,40.1818],[140.2542,40.1718],[140.253,40.1687],[140.2543,40.1661],[140.2534,40.164],[140.2545,40.1606],[140.2581,40.1585],[140.2566,40.1523],[140.255,40.1513],[140.2543,40.1464],[140.2525,40.143],[140.2498,40.1425],[140.2481,40.1377],[140.248,40.1347],[140.2503,40.1307],[140.247,40.1263],[140.248,40.1212],[140.2468,40.1198],[140.2477,40.1176],[140.2429,40.1116],[140.2473,40.1059],[140.2469,40.1036],[140.2501,40.0992],[140.2531,40.0971],[140.2513,40.0945],[140.2495,40.0944],[140.2494,40.0928],[140.2478,40.0928],[140.2468,40.0892],[140.2493,40.0883],[140.25,40.0867],[140.2555,40.0857],[140.2536,40.0829],[140.2548,40.0808],[140.2516,40.079],[140.2524,40.0768],[140.2512,40.0724],[140.2542,40.0714],[140.2523,40.0688],[140.2499,40.0686],[140.2501,40.0664],[140.249,40.0656],[140.2504,40.0635],[140.2453,40.0635],[140.2405,40.0606],[140.242,40.0578],[140.2398,40.0565],[140.2394,40.0551],[140.2425,40.0519],[140.2368,40.0475],[140.2329,40.0495],[140.2302,40.0494],[140.2165,40.0603],[140.2146,40.0694],[140.2066,40.0706],[140.1999,40.0678],[140.1962,40.0687],[140.1897,40.0678],[140.1928,40.075],[140.1931,40.0806],[140.1895,40.0805],[140.1882,40.0823],[140.1843,40.0825],[140.1832,40.0843],[140.1849,40.0861],[140.1845,40.0884],[140.1837,40.09],[140.1817,40.0908],[140.1823,40.093],[140.1798,40.0945],[140.1773,40.0979],[140.1744,40.0979],[140.1739,40.1002],[140.1752,40.1024],[140.1746,40.1038],[140.177,40.1055],[140.1749,40.1069],[140.1773,40.1083],[140.1772,40.1121],[140.1811,40.1162],[140.1831,40.1162],[140.1848,40.1183],[140.1838,40.1227],[140.1882,40.1253],[140.1882,40.1289],[140.18,40.1302],[140.1794,40.1319],[140.176,40.1316],[140.1747,40.1302],[140.1692,40.1318],[140.1623,40.1317],[140.1597,40.1287],[140.1552,40.1279],[140.1517,40.1292],[140.1447,40.1279],[140.1431,40.1295],[140.1376,40.1297],[140.1335,40.132],[140.1265,40.1299],[140.1261,40.1284],[140.1213,40.129],[140.1116,40.1359],[140.1085,40.141],[140.1086,40.1427],[140.1028,40.1452],[140.1015,40.1437],[140.1005,40.1447],[140.1009,40.1465],[140.0993,40.1452],[140.0979,40.146],[140.0988,40.147],[140.0974,40.1484],[140.0949,40.1477],[140.0931,40.1497],[140.0864,40.1484],[140.0824,40.149],[140.0828,40.1497],[140.078,40.1511],[140.079,40.1517],[140.0685,40.1573],[140.0613,40.1538],[140.0586,40.1529],[140.0579,40.1536],[140.053,40.1495],[140.048,40.1495],[140.0418,40.1539],[140.0393,40.1515],[140.0378,40.1454],[140.0352,40.1421],[140.0315,40.1404],[140.0316,40.1365],[140.0276,40.1345],[140.0259,40.1289],[140.0237,40.1289],[140.0237,40.128],[140.0257,40.128],[140.0263,40.1248],[140.0139,40.1257],[140.0129,40.1249],[140.0137,40.1241],[140.0083,40.1265],[140.0067,40.1222],[139.9776,40.1236],[139.9726,40.1251],[139.9842,40.153],[139.9909,40.1717],[139.9926,40.1798],[139.9921,40.1823],[139.984,40.1835],[139.9884,40.2002],[139.9792,40.2017],[139.9781,40.2024],[139.995,40.1992],[139.9978,40.21],[139.9935,40.2107],[139.9949,40.213],[139.9942,40.2136],[139.9992,40.2126],[139.9987,40.21],[139.9999,40.2098],[140.0004,40.2122],[140.0024,40.2119],[140.0036,40.2102],[140.0033,40.209],[140.0019,40.2092],[140.0012,40.2065],[140.0027,40.2063],[140.0052,40.2114],[140.0028,40.2148],[140.0028,40.2174],[140.0256,40.2167],[140.0195,40.2184],[140.0141,40.2182],[140.0114,40.2198],[140.0017,40.2192],[139.9978,40.2203],[139.9834,40.2111],[139.9931,40.2183],[139.9976,40.2204],[140.0009,40.2202],[140.0048,40.2242],[140.0078,40.2343],[140.0072,40.2382],[140.0089,40.2392],[140.0093,40.2407],[140.0082,40.2413],[140.0109,40.2446],[140.0156,40.2644],[140.0202,40.2622],[140.0231,40.2623],[140.0232,40.2639],[140.0303,40.2631],[140.032,40.2647],[140.0315,40.2674],[140.0335,40.271],[140.0409,40.2751],[140.0469,40.2703],[140.0517,40.2699],[140.0464,40.2696],[140.049,40.2684],[140.0524,40.2695],[140.0627,40.2694],[140.0654,40.2707],[140.0664,40.2695],[140.0667,40.2706],[140.0672,40.2685],[140.065,40.2655],[140.0674,40.2651],[140.0673,40.2641],[140.0757,40.2642],[140.079,40.2543],[140.0835,40.2548],[140.0833,40.2597],[140.0877,40.2598],[140.0881,40.2572],[140.0924,40.2572],[140.0925,40.2524],[140.0958,40.2524],[140.0963,40.2472],[140.0979,40.2485],[140.0978,40.2503],[140.101,40.255],[140.1028,40.2553],[140.1031,40.2565],[140.1096,40.2582],[140.1098,40.2592],[140.1166,40.2597],[140.1172,40.2614],[140.1232,40.261],[140.1262,40.2624],[140.1311,40.2616],[140.1338,40.2634],[140.1339,40.271],[140.1387,40.2816],[140.1365,40.2832],[140.1343,40.2878],[140.1416,40.2939],[140.138,40.3002],[140.134,40.3023],[140.1329,40.3041],[140.1362,40.3083],[140.1347,40.3158],[140.1386,40.3193],[140.1407,40.3242],[140.1379,40.3257],[140.1359,40.3292],[140.1347,40.3376],[140.1364,40.3388],[140.138,40.3429],[140.1456,40.3491],[140.1477,40.3554],[140.1505,40.3578],[140.1524,40.3681],[140.1494,40.3729],[140.1507,40.3743]]],[[[139.9995,40.2125],[140.0002,40.2128],[140.0003,40.2128],[139.9995,40.2125]]]]}},{"type":"Feature","properties":{"code":"05206","name":"男鹿市","pref_code":"05","pref":"秋田県"},"geometry":{"type":"MultiPolygon","coordinates":[[[[139.6921,39.9344],[139.6921,39.9346],[139.6922,39.9344],[139.6921,39.9344]]],[[[139.6951,39.9597],[139.6948,39.9595],[139.695,39.9598],[139.6951,39.9597]]],[[[139.6953,39.9784],[139.6952,39.9783],[139.6952,39.9784],[139.6953,39.9784]]],[[[139.6952,39.9784],[139.6952,39.9785],[139.6953,39.9784],[139.6952,39.9784]]],[[[139.6938,39.9784],[139.6939,39.9785],[139.694,39.9785],[139.6938,39.9784]]],[[[139.6953,39.9785],[139.6953,39.9785],[139.6953,39.9785],[139.6953,39.9785]]],[[[139.694,39.9785],[139.694,39.9786],[139.694,39.9785],[139.694,39.9785]]],[[[139.6941,39.9787],[139.6942,39.9787],[139.6942,39.9786],[139.6941,39.9787]]],[[[139.6943,39.9788],[139.6944,39.9788],[139.6943,39.9788],[139.6943,39.9788]]],[[[139.6949,39.9789],[139.6949,39.979],[139.6951,39.9789],[139.6949,39.9789]]],[[[139.6943,39.9789],[139.6944,39.9791],[139.6945,39.9789],[139.6943,39.9789]]],[[[139.6953,39.979],[139.6953,39.9791],[139.6953,39.979],[139.6953,39.979]]],[[[139.6945,39.9792],[139.6946,39.9793],[139.6946,39.9792],[139.6945,39.9792]]],[[[139.6952,39.9794],[139.6952,39.9794],[139.6951,39.9794],[139.6952,39.9794]]],[[[139.6941,39.9796],[139.6941,39.9797],[139.6941,39.9796],[139.6941,39.9796]]],[[[139.6942,39.9796],[139.6942,39.9797],[139.6943,39.9797],[139.6942,39.9796]]],[[[139.6933,39.9798],[139.6933,39.9799],[139.6933,39.9798],[139.6933,39.9798]]],[[[139.694,39.9799],[139.6937,39.98],[139.694,39.98],[139.694,39.9799]]],[[[139.6941,39.98],[139.6942,39.9801],[139.6942,39.98],[139.6941,39.98]]],[[[139.6942,39.9803],[139.6945,39.9803],[139.6943,39.98],[139.6942,39.9803]]],[[[139.6946,39.9803],[139.6946,39.9803],[139.6946,39.9802],[139.6946,39.9803]]],[[[139.6945,39.9804],[139.6945,39.9804],[139.6946,39.9803],[139.6945,39.9804]]],[[[139.6942,39.9806],[139.6943,39.9806],[139.6943,39.9806],[139.6942,39.9806]]],[[[139.6943,39.9806],[139.6944,39.9807],[139.6944,39.9806],[139.6943,39.9806]]],[[[139.6946,39.9807],[139.6945,39.9807],[139.6946,39.9807],[139.6946,39.9807]]],[[[139.6947,39.9807],[139.6948,39.9807],[139.6947,39.9807],[139.6947,39.9807]]],[[[139.6947,39.9808],[139.6947,39.9808],[139.6947,39.9808],[139.6947,39.9808]]],[[[139.694,39.9808],[139.6942,39.9808],[139.6942,39.9807],[139.694,39.9808]]],[[[139.6946,39.9808],[139.6947,39.9808],[139.6946,39.9808],[139.6946,39.9808]]],[[[139.6942,39.9808],[139.6943,39.9809],[139.6943,39.9808],[139.6942,39.9808]]],[[[139.6937,39.9808],[139.6936,39.9809],[139.6937,39.9808],[139.6937,39.9808]]],[[[139.6937,39.9809],[139.6938,39.9808],[139.6937,39.9808],[139.6937,39.9809]]],[[[139.6943,39.9809],[139.6944,39.981],[139.6944,39.9808],[139.6943,39.9809]]],[[[139.6947,39.9809],[139.6947,39.9809],[139.6948,39.9809],[139.6947,39.9809]]],[[[139.6945,39.981],[139.6945,39.981],[139.6945,39.9809],[139.6945,39.981]]],[[[139.694,39.981],[139.694,39.981],[139.694,39.9809],[139.694,39.981]]],[[[139.6945,39.981],[139.6945,39.981],[139.6945,39.981],[139.6945,39.981]]],[[[139.6944,39.981],[139.6944,39.981],[139.6944,39.981],[139.6944,39.981]]],[[[139.6947,39.981],[139.6948,39.981],[139.6947,39.981],[139.6947,39.981]]],[[[139.6945,39.9811],[139.6945,39.981],[139.6944,39.981],[139.6945,39.9811]]],[[[139.6941,39.9811],[139.6941,39.9811],[139.694,39.9811],[139.6941,39.9811]]],[[[139.6943,39.9811],[139.6943,39.9811],[139.6943,39.9811],[139.6943,39.9811]]],[[[139.6949,39.9811],[139.6947,39.9811],[139.6949,39.9812],[139.6949,39.9811]]],[[[139.6944,39.9811],[139.6944,39.9812],[139.6944,39.9811],[139.6944,39.9811]]],[[[139.6945,39.9811],[139.6945,39.9812],[139.6946,39.9811],[139.6945,39.9811]]],[[[139.6944,39.9812],[139.6945,39.9812],[139.6945,39.9812],[139.6944,39.9812]]],[[[139.6945,39.9812],[139.6945,39.9812],[139.6945,39.9812],[139.6945,39.9812]]],[[[139.6941,39.9812],[139.6941,39.9813],[139.6942,39.9812],[139.6941,39.9812]]],[[[139.6946,39.9813],[139.6946,39.9812],[139.6946,39.9812],[139.6946,39.9813]]],[[[139.6948,39.9813],[139.6946,39.9813],[139.6948,39.9813],[139.6948,39.9813]]],[[[139.6943,39.9813],[139.6943,39.9813],[139.6942,39.9813],[139.6943,39.9813]]],[[[139.6947,39.9814],[139.6949,39.9815],[139.6949,39.9812],[139.6947,39.9814]]],[[[139.6947,39.9815],[139.6948,39.9815],[139.6948,39.9815],[139.6947,39.9815]]],[[[139.6944,39.9816],[139.6943,39.9817],[139.6944,39.9817],[139.6944,39.9816]]],[[[139.6947,39.9816],[139.6946,39.9816],[139.6945,39.9819],[139.6947,39.9816]]],[[[139.6946,39.9821],[139.6947,39.9822],[139.6947,39.9821],[139.6946,39.9821]]],[[[139.6946,39.9824],[139.6946,39.9823],[139.6945,39.9823],[139.6946,39.9824]]],[[[139.6951,39.9824],[139.6952,39.9824],[139.6952,39.9824],[139.6951,39.9824]]],[[[139.6946,39.9824],[139.6947,39.9825],[139.6947,39.9824],[139.6946,39.9824]]],[[[139.695,39.9829],[139.6946,39.9828],[139.6949,39.9829],[139.695,39.9829]]],[[[139.6952,39.983],[139.6953,39.983],[139.6953,39.9829],[139.6952,39.983]]],[[[139.6952,39.983],[139.6952,39.9831],[139.6953,39.983],[139.6952,39.983]]],[[[139.6953,39.984],[139.6952,39.9839],[139.6951,39.984],[139.6953,39.984]]],[[[139.6952,39.9854],[139.6953,39.9853],[139.6952,39.9854],[139.6952,39.9854]]],[[[139.6953,39.9857],[139.6953,39.9857],[139.6953,39.9857],[139.6953,39.9857]]],[[[139.6951,39.9871],[139.6951,39.9871],[139.695,39.9872],[139.6951,39.9871]]],[[[139.6951,39.9873],[139.6951,39.9872],[139.6951,39.9873],[139.6951,39.9873]]],[[[139.6949,39.9874],[139.6948,39.9875],[139.6951,39.9875],[139.6949,39.9874]]],[[[139.6948,39.9874],[139.6948,39.9874],[139.6947,39.9875],[139.6948,39.9874]]],[[[139.6952,39.9881],[139.6952,39.9881],[139.6952,39.9881],[139.6952,39.9881]]],[[[139.6945,39.9881],[139.6945,39.9881],[139.6945,39.9881],[139.6945,39.9881]]],[[[139.6946,39.9882],[139.6946,39.9884],[139.6949,39.9881],[139.6946,39.9882]]],[[[139.6945,39.9885],[139.6945,39.9885],[139.6944,39.9885],[139.6945,39.9885]]],[[[139.6947,39.9887],[139.6946,39.9887],[139.6946,39.9888],[139.6947,39.9887]]],[[[139.6943,39.9887],[139.6944,39.9888],[139.6943,39.9887],[139.6943,39.9887]]],[[[139.6947,39.9887],[139.6947,39.9887],[139.6947,39.9888],[139.6947,39.9887]]],[[[139.694,39.989],[139.694,39.989],[139.6939,39.989],[139.694,39.989]]],[[[139.6941,39.9895],[139.6941,39.9895],[139.6942,39.9894],[139.6941,39.9895]]],[[[139.694,39.9895],[139.6939,39.9895],[139.6939,39.9896],[139.694,39.9895]]],[[[139.6938,39.9897],[139.6939,39.9897],[139.694,39.9896],[139.6938,39.9897]]],[[[139.6941,39.99],[139.6941,39.9901],[139.6943,39.9899],[139.6941,39.99]]],[[[139.6939,39.9901],[139.694,39.9901],[139.6939,39.99],[139.6939,39.9901]]],[[[139.6938,39.9902],[139.6937,39.9901],[139.6936,39.9902],[139.6938,39.9902]]],[[[139.6945,39.9905],[139.6944,39.9905],[139.6944,39.9906],[139.6945,39.9905]]],[[[139.694,39.9908],[139.6941,39.9909],[139.6943,39.9908],[139.694,39.9908]]],[[[139.6942,39.991],[139.6945,39.991],[139.6944,39.9909],[139.6942,39.991]]],[[[139.6945,39.9911],[139.6946,39.991],[139.6945,39.991],[139.6945,39.9911]]],[[[139.6939,39.9911],[139.694,39.9911],[139.6938,39.9911],[139.6939,39.9911]]],[[[139.6941,39.9912],[139.6944,39.9912],[139.6946,39.9911],[139.6941,39.9912]]],[[[139.6939,39.9912],[139.6938,39.9912],[139.6938,39.9913],[139.6939,39.9912]]],[[[139.6944,39.9913],[139.6945,39.9913],[139.6945,39.9913],[139.6944,39.9913]]],[[[139.694,39.9913],[139.694,39.9913],[139.6941,39.9913],[139.694,39.9913]]],[[[139.6939,39.9915],[139.6943,39.9913],[139.6939,39.9914],[139.6939,39.9915]]],[[[139.6943,39.9915],[139.6944,39.9914],[139.6941,39.9915],[139.6943,39.9915]]],[[[139.6943,39.9917],[139.6944,39.9917],[139.6943,39.9916],[139.6943,39.9917]]],[[[139.6944,39.9918],[139.6945,39.9918],[139.6945,39.9917],[139.6944,39.9918]]],[[[139.6943,39.9918],[139.6945,39.9919],[139.6944,39.9918],[139.6943,39.9918]]],[[[139.6944,39.9922],[139.6946,39.9923],[139.6944,39.9922],[139.6944,39.9922]]],[[[139.6945,39.9923],[139.6944,39.9922],[139.6943,39.9922],[139.6945,39.9923]]],[[[139.6949,39.9925],[139.695,39.9925],[139.695,39.9924],[139.6949,39.9925]]],[[[139.6949,39.9924],[139.6949,39.9924],[139.6949,39.9925],[139.6949,39.9924]]],[[[139.6939,39.9926],[139.6939,39.9925],[139.6939,39.9926],[139.6939,39.9926]]],[[[139.6948,39.9925],[139.6948,39.9925],[139.6947,39.9926],[139.6948,39.9925]]],[[[139.6947,39.9926],[139.6946,39.9926],[139.6947,39.9926],[139.6947,39.9926]]],[[[139.695,39.9926],[139.6951,39.9927],[139.6951,39.9926],[139.695,39.9926]]],[[[139.6949,39.9927],[139.6948,39.9927],[139.6948,39.9928],[139.6949,39.9927]]],[[[139.6949,39.9928],[139.695,39.9928],[139.6949,39.9927],[139.6949,39.9928]]],[[[139.6941,39.9928],[139.694,39.9928],[139.6941,39.9928],[139.6941,39.9928]]],[[[139.6953,39.993],[139.6952,39.993],[139.6953,39.9931],[139.6953,39.993]]],[[[139.6924,39.9937],[139.6924,39.9937],[139.6924,39.9938],[139.6924,39.9937]]],[[[139.6925,39.9938],[139.6925,39.9938],[139.6925,39.9939],[139.6925,39.9938]]],[[[139.6927,39.994],[139.6927,39.9939],[139.6927,39.994],[139.6927,39.994]]],[[[139.6936,39.9941],[139.6935,39.9941],[139.6936,39.9941],[139.6936,39.9941]]],[[[139.6932,39.9941],[139.6933,39.9942],[139.6933,39.9941],[139.6932,39.9941]]],[[[139.6952,39.9942],[139.6953,39.9943],[139.6953,39.9942],[139.6952,39.9942]]],[[[139.6951,39.9943],[139.6951,39.9943],[139.6948,39.9942],[139.6951,39.9943]]],[[[139.6922,39.9942],[139.692,39.9949],[139.6923,39.9948],[139.6934,39.9943],[139.6922,39.9942]]],[[[139.6918,39.9948],[139.6917,39.9948],[139.6917,39.9948],[139.6918,39.9948]]],[[[139.6918,39.9951],[139.6918,39.995],[139.6917,39.995],[139.6918,39.9951]]],[[[139.6919,39.9951],[139.692,39.9951],[139.6919,39.995],[139.6919,39.9951]]],[[[139.6932,39.9955],[139.6932,39.9955],[139.6931,39.9955],[139.6932,39.9955]]],[[[139.693,39.9959],[139.6933,39.9961],[139.6932,39.9958],[139.693,39.9959]]],[[[139.6934,39.9961],[139.6934,39.9961],[139.6934,39.9962],[139.6934,39.9961]]],[[[139.6933,39.9957],[139.6941,39.9965],[139.694,39.9963],[139.6938,39.9962],[139.6933,39.9957]]],[[[139.6933,39.9963],[139.6934,39.9963],[139.6934,39.9962],[139.6933,39.9963]]],[[[139.6934,39.9963],[139.6933,39.9964],[139.6934,39.9964],[139.6934,39.9963]]],[[[139.6935,39.9964],[139.6935,39.9965],[139.6935,39.9965],[139.6935,39.9964]]],[[[139.6936,39.9965],[139.6936,39.9965],[139.6936,39.9964],[139.6936,39.9965]]],[[[139.6933,39.9965],[139.6933,39.9965],[139.6933,39.9964],[139.6933,39.9965]]],[[[139.6937,39.9966],[139.6937,39.9965],[139.6937,39.9966],[139.6937,39.9966]]],[[[139.6939,39.9966],[139.6939,39.9966],[139.694,39.9966],[139.6939,39.9966]]],[[[139.6952,39.9988],[139.6952,39.9989],[139.6953,39.9989],[139.6952,39.9988]]],[[[139.6952,39.999],[139.6952,39.999],[139.6953,39.999],[139.6952,39.999]]],[[[139.695,39.9991],[139.695,39.9991],[139.695,39.9992],[139.695,39.9991]]],[[[139.6978,39.9589],[139.6977,39.959],[139.6978,39.959],[139.6978,39.9589]]],[[[139.6981,39.9592],[139.698,39.9591],[139.6981,39.9592],[139.6981,39.9592]]],[[[139.697,39.9593],[139.6969,39.9592],[139.697,39.9594],[139.697,39.9593]]],[[[139.6966,39.9594],[139.6966,39.9595],[139.6967,39.9594],[139.6966,39.9594]]],[[[139.6966,39.9596],[139.6966,39.9596],[139.6966,39.9595],[139.6966,39.9596]]],[[[139.696,39.9598],[139.6962,39.9602],[139.6979,39.9598],[139.696,39.9598]]],[[[139.6981,39.9602],[139.698,39.96],[139.698,39.9602],[139.6981,39.9602]]],[[[139.6979,39.9649],[139.6978,39.965],[139.6979,39.965],[139.6979,39.9649]]],[[[139.6976,39.965],[139.6974,39.9651],[139.6976,39.9651],[139.6976,39.965]]],[[[139.6977,39.9652],[139.698,39.9654],[139.698,39.965],[139.6977,39.9652]]],[[[139.6984,39.976],[139.6983,39.976],[139.6984,39.976],[139.6984,39.976]]],[[[139.6976,39.9765],[139.6974,39.9765],[139.6975,39.9766],[139.6976,39.9765]]],[[[139.6971,39.9766],[139.697,39.9766],[139.6971,39.9766],[139.6971,39.9766]]],[[[139.6978,39.9766],[139.6977,39.9766],[139.6978,39.9766],[139.6978,39.9766]]],[[[139.698,39.9769],[139.6979,39.9767],[139.6978,39.9769],[139.698,39.9769]]],[[[139.6983,39.977],[139.6982,39.977],[139.6983,39.977],[139.6983,39.977]]],[[[139.6967,39.9775],[139.6966,39.9774],[139.6966,39.9775],[139.6967,39.9775]]],[[[139.697,39.9775],[139.697,39.9775],[139.6971,39.9775],[139.697,39.9775]]],[[[139.6967,39.9781],[139.6967,39.9781],[139.6967,39.9781],[139.6967,39.9781]]],[[[139.6955,39.9784],[139.6953,39.9783],[139.6954,39.9785],[139.6955,39.9784]]],[[[139.6954,39.9786],[139.6954,39.9787],[139.6955,39.9786],[139.6954,39.9786]]],[[[139.6955,39.9787],[139.6955,39.9787],[139.6955,39.9787],[139.6955,39.9787]]],[[[139.6954,39.9788],[139.6954,39.9787],[139.6953,39.9787],[139.6954,39.9788]]],[[[139.6962,39.9825],[139.6962,39.9825],[139.6962,39.9825],[139.6962,39.9825]]],[[[139.6961,39.9825],[139.6961,39.9825],[139.6962,39.9825],[139.6961,39.9825]]],[[[139.6956,39.9828],[139.6956,39.9828],[139.6955,39.9828],[139.6956,39.9828]]],[[[139.6955,39.9828],[139.6955,39.9829],[139.6956,39.9829],[139.6955,39.9828]]],[[[139.6958,39.983],[139.6959,39.9829],[139.6957,39.9828],[139.6958,39.983]]],[[[139.6956,39.983],[139.6956,39.983],[139.6956,39.983],[139.6956,39.983]]],[[[139.6961,39.9831],[139.6961,39.9831],[139.6962,39.9831],[139.6961,39.9831]]],[[[139.6962,39.9831],[139.6962,39.9832],[139.6962,39.9831],[139.6962,39.9831]]],[[[139.696,39.9831],[139.696,39.9832],[139.6961,39.9831],[139.696,39.9831]]],[[[139.6955,39.9834],[139.6955,39.9834],[139.6955,39.9834],[139.6955,39.9834]]],[[[139.6963,39.9834],[139.6963,39.9835],[139.6963,39.9834],[139.6963,39.9834]]],[[[139.6961,39.9835],[139.6962,39.9834],[139.6961,39.9834],[139.6961,39.9835]]],[[[139.6962,39.9835],[139.6962,39.9835],[139.6962,39.9834],[139.6962,39.9835]]],[[[139.6973,39.9841],[139.6973,39.9841],[139.6972,39.9842],[139.6973,39.9841]]],[[[139.6977,39.9842],[139.6976,39.9841],[139.6976,39.9842],[139.6977,39.9842]]],[[[139.6967,39.9842],[139.6968,39.9842],[139.6967,39.9842],[139.6967,39.9842]]],[[[139.6972,39.9847],[139.6971,39.9849],[139.6972,39.9848],[139.6972,39.9847]]],[[[139.6964,39.985],[139.6965,39.985],[139.6965,39.9849],[139.6964,39.985]]],[[[139.6971,39.985],[139.6973,39.985],[139.6972,39.985],[139.6971,39.985]]],[[[139.6968,39.9851],[139.6969,39.9853],[139.6969,39.9851],[139.6968,39.9851]]],[[[139.6964,39.9853],[139.6964,39.9853],[139.6964,39.9853],[139.6964,39.9853]]],[[[139.6958,39.9856],[139.6958,39.9855],[139.6957,39.9856],[139.6958,39.9856]]],[[[139.6963,39.9856],[139.6964,39.9857],[139.6963,39.9855],[139.6963,39.9856]]],[[[139.6965,39.9857],[139.6964,39.9857],[139.6964,39.9857],[139.6965,39.9857]]],[[[139.6967,39.9858],[139.6968,39.9858],[139.6967,39.9857],[139.6967,39.9858]]],[[[139.6964,39.9857],[139.6964,39.9858],[139.6964,39.9858],[139.6964,39.9857]]],[[[139.6967,39.9858],[139.6967,39.9858],[139.6967,39.9858],[139.6967,39.9858]]],[[[139.6969,39.9858],[139.6969,39.9858],[139.6968,39.9858],[139.6969,39.9858]]],[[[139.6969,39.986],[139.6968,39.9859],[139.6969,39.986],[139.6969,39.986]]],[[[139.6969,39.986],[139.6967,39.986],[139.6967,39.9861],[139.6969,39.986]]],[[[139.696,39.9861],[139.696,39.9862],[139.6961,39.9862],[139.696,39.9861]]],[[[139.6958,39.9865],[139.6959,39.9865],[139.6959,39.9864],[139.6958,39.9865]]],[[[139.6964,39.9868],[139.6964,39.9869],[139.6964,39.9868],[139.6964,39.9868]]],[[[139.6961,39.9869],[139.6961,39.9869],[139.6962,39.9868],[139.6961,39.9869]]],[[[139.6965,39.987],[139.6966,39.987],[139.6966,39.9869],[139.6965,39.987]]],[[[139.6966,39.987],[139.6966,39.987],[139.6966,39.987],[139.6966,39.987]]],[[[139.6959,39.9873],[139.6959,39.9874],[139.696,39.9874],[139.6959,39.9873]]],[[[139.6954,39.9876],[139.6954,39.9876],[139.6954,39.9876],[139.6954,39.9876]]],[[[139.6956,39.9877],[139.6956,39.9877],[139.6955,39.9877],[139.6956,39.9877]]],[[[139.6954,39.9877],[139.6955,39.9877],[139.6954,39.9877],[139.6954,39.9877]]],[[[139.6956,39.9877],[139.6956,39.9878],[139.6956,39.9877],[139.6956,39.9877]]],[[[139.6955,39.9878],[139.6955,39.9877],[139.6955,39.9877],[139.6955,39.9878]]],[[[139.6958,39.9879],[139.6958,39.9878],[139.6956,39.9878],[139.6958,39.9879]]],[[[139.6959,39.988],[139.6959,39.9879],[139.6958,39.9879],[139.6959,39.988]]],[[[139.6954,39.9881],[139.6953,39.9881],[139.6954,39.9881],[139.6954,39.9881]]],[[[139.6954,39.9942],[139.6954,39.9942],[139.6954,39.9942],[139.6954,39.9942]]],[[[139.6954,39.9943],[139.6955,39.9944],[139.6956,39.9943],[139.6954,39.9943]]],[[[139.6958,39.9944],[139.6958,39.9944],[139.6958,39.9944],[139.6958,39.9944]]],[[[139.6959,39.9958],[139.6957,39.9957],[139.6958,39.9958],[139.6959,39.9958]]],[[[139.6961,39.9958],[139.6962,39.9958],[139.6962,39.9958],[139.6961,39.9958]]],[[[139.6955,39.9958],[139.6956,39.9958],[139.6956,39.9958],[139.6955,39.9958]]],[[[139.697,39.996],[139.6969,39.9959],[139.697,39.996],[139.697,39.996]]],[[[139.6959,39.9975],[139.6958,39.9975],[139.6958,39.9975],[139.6959,39.9975]]],[[[139.6961,39.9996],[139.6961,39.9996],[139.6961,39.9996],[139.6961,39.9996]]],[[[139.6963,40.0],[139.6964,39.9999],[139.6962,39.9999],[139.6963,40.0]]],[[[139.6957,39.9999],[139.6956,39.9999],[139.6957,40.0],[139.6957,39.9999]]],[[[139.696,40.0],[139.6958,40.0],[139.6959,40.0],[139.696,40.0]]],[[[139.6956,40.0002],[139.6955,40.0],[139.6956,40.0002],[139.6956,40.0002]]],[[[139.6954,40.0001],[139.6954,40.0001],[139.6954,40.0001],[139.6954,40.0001]]],[[[139.6962,40.0003],[139.6962,40.0003],[139.6963,40.0004],[139.6962,40.0003]]],[[[139.6967,40.0005],[139.6966,40.0003],[139.6965,40.0005],[139.6967,40.0005]]],[[[139.6965,40.0007],[139.6964,40.0006],[139.6964,40.0008],[139.6965,40.0007]]],[[[139.6962,40.0008],[139.6962,40.0009],[139.6963,40.0009],[139.6962,40.0008]]],[[[139.6958,40.0008],[139.6961,40.0012],[139.696,40.0008],[139.6958,40.0008]]],[[[139.6951,40.0009],[139.6953,40.0014],[139.6961,40.0013],[139.6951,40.0009]]],[[[139.6972,40.0013],[139.6971,40.0012],[139.6971,40.0013],[139.6972,40.0013]]],[[[139.6974,40.0014],[139.6974,40.0014],[139.6974,40.0014],[139.6974,40.0014]]],[[[139.6964,40.0014],[139.6963,40.0015],[139.6964,40.0016],[139.6964,40.0014]]],[[[139.697,40.0015],[139.697,40.0015],[139.6971,40.0016],[139.697,40.0015]]],[[[139.6972,40.0017],[139.6974,40.0017],[139.6974,40.0016],[139.6972,40.0017]]],[[[139.697,40.0017],[139.6969,40.0017],[139.697,40.0018],[139.697,40.0017]]],[[[139.6977,40.0018],[139.6976,40.0019],[139.6977,40.0019],[139.6977,40.0018]]],[[[139.6981,40.002],[139.698,40.0019],[139.698,40.002],[139.6981,40.002]]],[[[139.6978,40.002],[139.6978,40.0021],[139.6979,40.0021],[139.6978,40.002]]],[[[139.6976,40.0022],[139.6976,40.0022],[139.6976,40.0022],[139.6976,40.0022]]],[[[139.6978,40.0022],[139.6978,40.0022],[139.6978,40.0023],[139.6978,40.0022]]],[[[139.6979,40.0023],[139.6979,40.0023],[139.6979,40.0023],[139.6979,40.0023]]],[[[139.698,40.0023],[139.698,40.0023],[139.698,40.0023],[139.698,40.0023]]],[[[139.6981,40.0025],[139.698,40.0025],[139.698,40.0026],[139.6981,40.0025]]],[[[139.6983,40.0026],[139.6983,40.0027],[139.6985,40.0027],[139.6983,40.0026]]],[[[139.6981,40.0029],[139.6981,40.0029],[139.6983,40.0029],[139.6981,40.0029]]],[[[139.698,40.0033],[139.698,40.0033],[139.6981,40.0033],[139.698,40.0033]]],[[[139.6982,40.0033],[139.6982,40.0034],[139.6984,40.0034],[139.6982,40.0033]]],[[[139.6978,40.0038],[139.6978,40.0039],[139.698,40.0039],[139.6978,40.0038]]],[[[139.6981,40.0041],[139.6981,40.0041],[139.6982,40.0041],[139.6981,40.0041]]],[[[139.6981,40.0042],[139.6981,40.0042],[139.6983,40.0042],[139.6981,40.0042]]],[[[139.6984,40.0044],[139.6982,40.0043],[139.6983,40.0044],[139.6984,40.0044]]],[[[139.6982,40.0045],[139.6983,40.0045],[139.6983,40.0045],[139.6982,40.0045]]],[[[139.6982,40.0052],[139.6981,40.0052],[139.6981,40.0053],[139.6982,40.0052]]],[[[139.6981,40.0053],[139.6981,40.0053],[139.6981,40.0053],[139.6981,40.0053]]],[[[139.6976,40.0131],[139.6976,40.0131],[139.6976,40.0131],[139.6976,40.0131]]],[[[139.6976,40.0131],[139.6976,40.0132],[139.6977,40.0131],[139.6976,40.0131]]],[[[139.6977,40.0132],[139.6976,40.0131],[139.6976,40.0132],[139.6977,40.0132]]],[[[139.6975,40.0132],[139.6976,40.0132],[139.6975,40.0132],[139.6975,40.0132]]],[[[139.6977,40.0134],[139.6976,40.0134],[139.6977,40.0134],[139.6977,40.0134]]],[[[139.6981,40.0135],[139.698,40.0134],[139.698,40.0135],[139.6981,40.0135]]],[[[139.6971,40.0134],[139.6975,40.0136],[139.6983,40.0135],[139.698,40.0135],[139.6974,40.0134],[139.6971,40.0134]]],[[[139.6983,40.0135],[139.6983,40.0136],[139.6984,40.0135],[139.6983,40.0135]]],[[[139.6976,40.0138],[139.6972,40.0137],[139.6975,40.0138],[139.6976,40.0138]]],[[[139.6977,40.014],[139.6976,40.0138],[139.6975,40.014],[139.6977,40.014]]],[[[139.6975,40.0141],[139.6972,40.0139],[139.6973,40.0142],[139.6975,40.0141]]],[[[139.6969,40.0144],[139.6968,40.0143],[139.6969,40.0144],[139.6969,40.0144]]],[[[139.6975,40.0162],[139.6975,40.0162],[139.6975,40.0162],[139.6975,40.0162]]],[[[139.6975,40.0162],[139.6975,40.0163],[139.6976,40.0163],[139.6975,40.0162]]],[[[139.6977,40.0164],[139.6977,40.0164],[139.6978,40.0164],[139.6977,40.0164]]],[[[139.6983,40.0163],[139.6982,40.0164],[139.6983,40.0166],[139.6983,40.0163]]],[[[139.6979,40.0164],[139.6979,40.0164],[139.6979,40.0165],[139.6979,40.0164]]],[[[139.6973,40.0164],[139.6972,40.0164],[139.6972,40.0165],[139.6973,40.0164]]],[[[139.6978,40.0166],[139.6979,40.0166],[139.6979,40.0166],[139.6978,40.0166]]],[[[139.6977,40.0165],[139.6975,40.0164],[139.6975,40.0169],[139.6977,40.0165]]],[[[139.6967,40.0172],[139.6967,40.0172],[139.6968,40.0172],[139.6967,40.0172]]],[[[139.7003,39.9309],[139.7002,39.9309],[139.7002,39.931],[139.7003,39.9309]]],[[[139.6997,39.931],[139.7003,39.9314],[139.6999,39.931],[139.6997,39.931]]],[[[139.6998,39.9315],[139.6998,39.9315],[139.6999,39.9314],[139.6998,39.9315]]],[[[139.7003,39.9446],[139.7003,39.9446],[139.7004,39.9446],[139.7003,39.9446]]],[[[139.6996,39.9467],[139.6996,39.9467],[139.6996,39.9467],[139.6996,39.9467]]],[[[139.6995,39.9469],[139.6996,39.9468],[139.6994,39.9468],[139.6995,39.9469]]],[[[139.7,39.9467],[139.6997,39.9474],[139.7013,39.9473],[139.6993,39.9462],[139.7,39.9467]]],[[[139.6995,39.9472],[139.6996,39.9473],[139.6995,39.9472],[139.6995,39.9472]]],[[[139.6987,39.9474],[139.6986,39.9473],[139.6985,39.9474],[139.6987,39.9474]]],[[[139.6996,39.9474],[139.6997,39.9474],[139.6997,39.9474],[139.6996,39.9474]]],[[[139.6993,39.9473],[139.6992,39.9475],[139.6993,39.9474],[139.6993,39.9473]]],[[[139.6991,39.9475],[139.699,39.9475],[139.6991,39.9475],[139.6991,39.9475]]],[[[139.7003,39.9479],[139.7003,39.9479],[139.7002,39.9478],[139.7003,39.9479]]],[[[139.6986,39.9475],[139.6985,39.9482],[139.6995,39.9485],[139.6986,39.9475]]],[[[139.6996,39.9484],[139.6996,39.9484],[139.6997,39.9484],[139.6996,39.9484]]],[[[139.6997,39.9485],[139.6997,39.9485],[139.6997,39.9485],[139.6997,39.9485]]],[[[139.6996,39.9486],[139.6996,39.9486],[139.6996,39.9486],[139.6996,39.9486]]],[[[139.6991,39.9614],[139.7,39.9622],[139.6996,39.9613],[139.6991,39.9614]]],[[[139.7004,39.9625],[139.7005,39.9627],[139.7005,39.9624],[139.7004,39.9625]]],[[[139.6996,39.9643],[139.6995,39.9643],[139.6995,39.9645],[139.6996,39.9643]]],[[[139.7002,39.9645],[139.7002,39.9645],[139.7002,39.9646],[139.7002,39.9645]]],[[[139.6989,39.9667],[139.6989,39.9667],[139.6989,39.9667],[139.6989,39.9667]]],[[[139.7002,39.9669],[139.7006,39.9671],[139.7004,39.9667],[139.7002,39.9669]]],[[[139.7,39.9673],[139.6998,39.9673],[139.6999,39.9674],[139.7,39.9673]]],[[[139.6988,39.9675],[139.6992,39.9675],[139.6991,39.9672],[139.6988,39.9675]]],[[[139.7,39.9676],[139.6999,39.9676],[139.7,39.9676],[139.7,39.9676]]],[[[139.7003,39.9676],[139.7003,39.9677],[139.7003,39.9677],[139.7003,39.9676]]],[[[139.7004,39.9678],[139.7004,39.9678],[139.7004,39.9678],[139.7004,39.9678]]],[[[139.7003,39.9678],[139.7001,39.9677],[139.7,39.968],[139.7003,39.9678]]],[[[139.7003,39.9678],[139.7002,39.9679],[139.7003,39.9679],[139.7003,39.9678]]],[[[139.6995,39.9683],[139.6999,39.9681],[139.6997,39.9679],[139.6993,39.9682],[139.6995,39.9683]]],[[[139.7002,39.9681],[139.7002,39.9681],[139.7003,39.9681],[139.7002,39.9681]]],[[[139.7,39.9682],[139.6998,39.9682],[139.6998,39.9683],[139.7,39.9682]]],[[[139.7002,39.9682],[139.7002,39.9683],[139.7002,39.9683],[139.7002,39.9682]]],[[[139.7002,39.9684],[139.7,39.9684],[139.6998,39.9686],[139.7002,39.9684]]],[[[139.6998,39.9689],[139.6997,39.9689],[139.6998,39.9689],[139.6998,39.9689]]],[[[139.7005,39.9697],[139.7004,39.9695],[139.7004,39.9697],[139.7005,39.9697]]],[[[139.7003,39.9698],[139.7001,39.9698],[139.7001,39.9699],[139.7003,39.9698]]],[[[139.7001,39.9704],[139.7002,39.9704],[139.7002,39.9703],[139.7001,39.9704]]],[[[139.7004,39.9704],[139.7002,39.9704],[139.7004,39.9705],[139.7004,39.9704]]],[[[139.6993,39.9722],[139.6994,39.9724],[139.6999,39.9721],[139.6993,39.9722]]],[[[139.6998,39.9724],[139.6998,39.9724],[139.6999,39.9724],[139.6998,39.9724]]],[[[139.7002,39.9724],[139.7002,39.9724],[139.7001,39.9725],[139.7002,39.9724]]],[[[139.7002,39.9726],[139.7003,39.9726],[139.7002,39.9726],[139.7002,39.9726]]],[[[139.7002,39.9727],[139.7,39.9727],[139.7002,39.9728],[139.7002,39.9727]]],[[[139.6996,39.9728],[139.6998,39.9728],[139.6996,39.9727],[139.6996,39.9728]]],[[[139.6999,39.9728],[139.6999,39.9728],[139.6999,39.9727],[139.6999,39.9728]]],[[[139.6999,39.9728],[139.6999,39.9728],[139.6999,39.9728],[139.6999,39.9728]]],[[[139.7004,39.9729],[139.7004,39.9728],[139.7003,39.9729],[139.7004,39.9729]]],[[[139.7,39.9729],[139.7,39.9729],[139.7,39.9728],[139.7,39.9729]]],[[[139.7002,39.9729],[139.7003,39.9729],[139.7002,39.9729],[139.7002,39.9729]]],[[[139.6998,39.9729],[139.7,39.9729],[139.6998,39.9729],[139.6998,39.9729]]],[[[139.7001,39.973],[139.7004,39.9729],[139.7001,39.973],[139.7001,39.973]]],[[[139.7003,39.973],[139.7003,39.973],[139.7004,39.973],[139.7003,39.973]]],[[[139.6999,39.9731],[139.6999,39.9731],[139.6999,39.9731],[139.6999,39.9731]]],[[[139.7002,39.9731],[139.7003,39.9732],[139.7002,39.973],[139.6999,39.9731],[139.7002,39.9731]]],[[[139.7002,39.9731],[139.7002,39.9732],[139.7002,39.9732],[139.7002,39.9731]]],[[[139.7002,39.9734],[139.7003,39.9734],[139.7004,39.9733],[139.7002,39.9734]]],[[[139.7003,39.9735],[139.7002,39.9735],[139.7003,39.9735],[139.7003,39.9735]]],[[[139.6985,39.976],[139.6985,39.976],[139.6985,39.976],[139.6985,39.976]]],[[[139.6984,39.9761],[139.6986,39.9761],[139.6984,39.9761],[139.6984,39.9761]]],[[[139.7003,39.9761],[139.7003,39.9762],[139.7003,39.9761],[139.7003,39.9761]]],[[[139.6985,39.9762],[139.6984,39.9762],[139.6985,39.9762],[139.6985,39.9762]]],[[[139.7001,39.9762],[139.7001,39.9762],[139.7002,39.9762],[139.7001,39.9762]]],[[[139.7002,39.9762],[139.7002,39.9763],[139.7003,39.9762],[139.7002,39.9762]]],[[[139.6991,39.9763],[139.6991,39.9763],[139.6991,39.9762],[139.6991,39.9763]]],[[[139.6984,39.9764],[139.6986,39.9766],[139.6989,39.976],[139.6984,39.9764]]],[[[139.6995,39.9763],[139.6995,39.9763],[139.6995,39.9763],[139.6995,39.9763]]],[[[139.6989,39.9765],[139.6988,39.9765],[139.6989,39.9765],[139.6989,39.9765]]],[[[139.6987,39.977],[139.6987,39.977],[139.6988,39.977],[139.6987,39.977]]],[[[139.6986,40.0026],[139.6985,40.0026],[139.6986,40.0026],[139.6986,40.0026]]],[[[139.6988,40.0029],[139.6987,40.0028],[139.6988,40.0029],[139.6988,40.0029]]],[[[139.6987,40.0029],[139.6986,40.0029],[139.6986,40.003],[139.6987,40.0029]]],[[[139.6988,40.0032],[139.6987,40.0031],[139.6987,40.0032],[139.6988,40.0032]]],[[[139.6987,40.0032],[139.6987,40.0032],[139.6987,40.0032],[139.6987,40.0032]]],[[[139.6984,40.0032],[139.6984,40.0033],[139.6985,40.0033],[139.6984,40.0032]]],[[[139.6986,40.0034],[139.6986,40.0034],[139.6986,40.0034],[139.6986,40.0034]]],[[[139.6987,40.0034],[139.6987,40.0034],[139.6987,40.0035],[139.6987,40.0034]]],[[[139.6989,40.0035],[139.6988,40.0034],[139.6988,40.0035],[139.6989,40.0035]]],[[[139.6986,40.0039],[139.6986,40.0039],[139.6988,40.004],[139.6986,40.0039]]],[[[139.6986,40.0046],[139.6986,40.0046],[139.6986,40.0046],[139.6986,40.0046]]],[[[139.6987,40.0046],[139.6987,40.0046],[139.6987,40.0046],[139.6987,40.0046]]],[[[139.6987,40.0047],[139.6987,40.0047],[139.6987,40.0047],[139.6987,40.0047]]],[[[139.6987,40.0047],[139.6985,40.0047],[139.6986,40.0048],[139.6987,40.0047]]],[[[139.6987,40.0048],[139.6987,40.0048],[139.6988,40.0048],[139.6987,40.0048]]],[[[139.6988,40.0049],[139.6984,40.0048],[139.6988,40.0049],[139.6988,40.0049]]],[[[139.6983,40.0053],[139.6986,40.0054],[139.6984,40.0052],[139.6983,40.0053]]],[[[139.6986,40.0054],[139.6986,40.0054],[139.6985,40.0054],[139.6986,40.0054]]],[[[139.6985,40.0055],[139.6985,40.0054],[139.6984,40.0055],[139.6985,40.0055]]],[[[139.6996,40.0059],[139.6996,40.0059],[139.6997,40.0059],[139.6996,40.0059]]],[[[139.6995,40.0059],[139.6994,40.0059],[139.6993,40.0061],[139.6995,40.0059]]],[[[139.6997,40.0063],[139.6996,40.0063],[139.6997,40.0063],[139.6997,40.0063]]],[[[139.6997,40.0063],[139.6997,40.0063],[139.6997,40.0063],[139.6997,40.0063]]],[[[139.6994,40.0063],[139.6995,40.0064],[139.6995,40.0063],[139.6994,40.0063]]],[[[139.6996,40.0064],[139.6995,40.0064],[139.6996,40.0064],[139.6996,40.0064]]],[[[139.6999,40.0064],[139.6998,40.0064],[139.6999,40.0065],[139.6999,40.0064]]],[[[139.7002,40.0065],[139.7001,40.0066],[139.7002,40.0066],[139.7002,40.0065]]],[[[139.7003,40.0066],[139.7003,40.0066],[139.7003,40.0066],[139.7003,40.0066]]],[[[139.6996,40.0066],[139.6995,40.0067],[139.6996,40.0067],[139.6996,40.0066]]],[[[139.6996,40.0067],[139.6996,40.0068],[139.6997,40.0067],[139.6996,40.0067]]],[[[139.7001,40.0068],[139.7,40.0068],[139.7001,40.0068],[139.7001,40.0068]]],[[[139.6994,40.0068],[139.6993,40.0068],[139.6993,40.0068],[139.6994,40.0068]]],[[[139.7003,40.0068],[139.7003,40.0068],[139.7003,40.0068],[139.7003,40.0068]]],[[[139.7004,40.0068],[139.7004,40.0068],[139.7004,40.0068],[139.7004,40.0068]]],[[[139.7002,40.0068],[139.7001,40.0069],[139.7002,40.0069],[139.7002,40.0068]]],[[[139.7004,40.0069],[139.7004,40.0069],[139.7004,40.0069],[139.7004,40.0069]]],[[[139.7003,40.007],[139.7004,40.0069],[139.7002,40.0069],[139.7003,40.007]]],[[[139.7,40.007],[139.7,40.007],[139.6999,40.007],[139.7,40.007]]],[[[139.7003,40.007],[139.7002,40.007],[139.7003,40.007],[139.7003,40.007]]],[[[139.6991,40.007],[139.6991,40.0071],[139.6992,40.0071],[139.6991,40.007]]],[[[139.6997,40.007],[139.6996,40.0071],[139.6997,40.007],[139.6997,40.007]]],[[[139.6994,40.007],[139.6993,40.007],[139.6994,40.0071],[139.6994,40.007]]],[[[139.6999,40.0071],[139.6998,40.0071],[139.6999,40.0071],[139.6999,40.0071]]],[[[139.6997,40.0071],[139.6997,40.0071],[139.6997,40.0071],[139.6997,40.0071]]],[[[139.7002,40.0072],[139.7002,40.0072],[139.7002,40.0072],[139.7002,40.0072]]],[[[139.7003,40.0072],[139.7004,40.0074],[139.7005,40.0071],[139.7003,40.0072]]],[[[139.7005,40.0075],[139.7003,40.0075],[139.7005,40.0075],[139.7005,40.0075]]],[[[139.6996,40.0119],[139.6996,40.0119],[139.6996,40.0119],[139.6996,40.0119]]],[[[139.7,40.0121],[139.6999,40.0121],[139.6999,40.0122],[139.7,40.0121]]],[[[139.6998,40.0122],[139.6998,40.0122],[139.6998,40.0122],[139.6998,40.0122]]],[[[139.6989,40.0122],[139.6989,40.0123],[139.6989,40.0122],[139.6989,40.0122]]],[[[139.6993,40.0123],[139.6992,40.0123],[139.6993,40.0123],[139.6993,40.0123]]],[[[139.6995,40.0123],[139.6994,40.0123],[139.6995,40.0123],[139.6995,40.0123]]],[[[139.6998,40.0123],[139.6998,40.0123],[139.6997,40.0124],[139.6998,40.0123]]],[[[139.6979,40.014],[139.697,40.0145],[139.6963,40.0145],[139.6961,40.0148],[139.6977,40.0144],[139.6969,40.0151],[139.6988,40.0159],[139.6995,40.0162],[139.6995,40.0151],[139.7012,40.013],[139.6995,40.0123],[139.6979,40.0131],[139.6987,40.0135],[139.6977,40.0136],[139.6979,40.014]]],[[[139.6999,40.0153],[139.6999,40.0153],[139.7,40.0153],[139.6999,40.0153]]],[[[139.6999,40.0153],[139.6998,40.0153],[139.6999,40.0154],[139.6999,40.0153]]],[[[139.6998,40.016],[139.6997,40.016],[139.6998,40.0161],[139.6998,40.016]]],[[[139.6986,40.0163],[139.6986,40.0162],[139.6983,40.0163],[139.6986,40.0163]]],[[[139.7,40.0163],[139.6999,40.0163],[139.7,40.0163],[139.7,40.0163]]],[[[139.7002,40.0164],[139.7,40.0164],[139.7001,40.0164],[139.7002,40.0164]]],[[[139.6997,40.0165],[139.6997,40.0166],[139.6998,40.0165],[139.6997,40.0165]]],[[[139.6984,40.0166],[139.6984,40.0166],[139.6985,40.0166],[139.6984,40.0166]]],[[[139.6988,40.0166],[139.6989,40.0166],[139.6988,40.0166],[139.6988,40.0166]]],[[[139.7006,39.931],[139.7005,39.931],[139.7005,39.931],[139.7006,39.931]]],[[[139.7006,39.9317],[139.7005,39.9317],[139.7006,39.9317],[139.7006,39.9317]]],[[[139.7012,39.9416],[139.7012,39.9416],[139.7012,39.9417],[139.7012,39.9416]]],[[[139.7008,39.9434],[139.7007,39.9434],[139.7007,39.9434],[139.7008,39.9434]]],[[[139.7009,39.9434],[139.7008,39.9434],[139.7008,39.9435],[139.7009,39.9434]]],[[[139.7005,39.9446],[139.7005,39.9447],[139.7006,39.9447],[139.7005,39.9446]]],[[[139.7012,39.946],[139.7011,39.946],[139.7011,39.946],[139.7012,39.946]]],[[[139.701,39.946],[139.701,39.946],[139.7011,39.946],[139.701,39.946]]],[[[139.7005,39.9463],[139.7006,39.9464],[139.7007,39.9463],[139.7005,39.9463]]],[[[139.7014,39.9464],[139.7014,39.9463],[139.7014,39.9464],[139.7014,39.9464]]],[[[139.7015,39.9464],[139.7015,39.9464],[139.7015,39.9464],[139.7015,39.9464]]],[[[139.7006,39.9465],[139.7016,39.9475],[139.7013,39.9465],[139.7006,39.9465]]],[[[139.7014,39.9478],[139.7013,39.9477],[139.7013,39.9478],[139.7014,39.9478]]],[[[139.7014,39.9612],[139.7014,39.9611],[139.7014,39.9612],[139.7014,39.9612]]],[[[139.7015,39.9612],[139.7015,39.9612],[139.7015,39.9612],[139.7015,39.9612]]],[[[139.7012,39.9614],[139.7012,39.9614],[139.7012,39.9614],[139.7012,39.9614]]],[[[139.7013,39.9615],[139.7013,39.9615],[139.7014,39.9615],[139.7013,39.9615]]],[[[139.7015,39.9616],[139.7015,39.9617],[139.7016,39.9616],[139.7015,39.9616]]],[[[139.7015,39.9619],[139.7015,39.962],[139.7016,39.962],[139.7015,39.9619]]],[[[139.7014,39.9619],[139.7013,39.9619],[139.7013,39.962],[139.7014,39.9619]]],[[[139.7011,39.962],[139.7011,39.9619],[139.7011,39.962],[139.7011,39.962]]],[[[139.7014,39.962],[139.7014,39.962],[139.7015,39.962],[139.7014,39.962]]],[[[139.7012,39.962],[139.7012,39.962],[139.7012,39.9621],[139.7012,39.962]]],[[[139.7011,39.9621],[139.701,39.9621],[139.7011,39.9621],[139.7011,39.9621]]],[[[139.7011,39.9627],[139.7009,39.9625],[139.701,39.9628],[139.7011,39.9627]]],[[[139.7015,39.9635],[139.7014,39.9635],[139.7015,39.9635],[139.7015,39.9635]]],[[[139.7013,39.964],[139.7013,39.9641],[139.7013,39.964],[139.7013,39.964]]],[[[139.7009,39.9649],[139.7008,39.9648],[139.7009,39.9649],[139.7009,39.9649]]],[[[139.701,39.9665],[139.7009,39.9665],[139.701,39.9665],[139.701,39.9665]]],[[[139.701,39.9666],[139.701,39.9666],[139.701,39.9666],[139.701,39.9666]]],[[[139.7009,39.9667],[139.7009,39.9667],[139.701,39.9667],[139.7009,39.9667]]],[[[139.7011,39.9667],[139.701,39.9667],[139.701,39.9667],[139.7011,39.9667]]],[[[139.7005,39.9667],[139.7005,39.9668],[139.7006,39.9668],[139.7005,39.9667]]],[[[139.7008,39.9672],[139.7008,39.9672],[139.7008,39.9672],[139.7008,39.9672]]],[[[139.7006,39.9685],[139.7003,39.9687],[139.7004,39.9688],[139.7006,39.9685]]],[[[139.7006,39.969],[139.7007,39.9689],[139.7006,39.9689],[139.7006,39.969]]],[[[139.7007,39.9692],[139.7006,39.9692],[139.7007,39.9693],[139.7007,39.9692]]],[[[139.7007,39.9696],[139.7006,39.9694],[139.7006,39.9697],[139.7007,39.9696]]],[[[139.7009,39.9697],[139.7008,39.9697],[139.7007,39.9698],[139.7009,39.9697]]],[[[139.7005,39.9704],[139.7006,39.9705],[139.7006,39.9703],[139.7005,39.9704]]],[[[139.7013,39.9703],[139.7012,39.9703],[139.7012,39.9705],[139.7013,39.9703]]],[[[139.7014,39.9704],[139.7014,39.9705],[139.7015,39.9704],[139.7014,39.9704]]],[[[139.7012,39.9705],[139.7012,39.9705],[139.7014,39.9704],[139.7012,39.9705]]],[[[139.7009,39.9706],[139.7009,39.9706],[139.701,39.9706],[139.7009,39.9706]]],[[[139.7011,39.9707],[139.7011,39.9706],[139.7008,39.9707],[139.7011,39.9707]]],[[[139.7015,39.9707],[139.7014,39.9707],[139.7015,39.9707],[139.7015,39.9707]]],[[[139.7007,39.9707],[139.7007,39.9707],[139.7007,39.9707],[139.7007,39.9707]]],[[[139.701,39.9707],[139.701,39.9708],[139.7012,39.9706],[139.701,39.9707]]],[[[139.7007,39.9708],[139.7008,39.9708],[139.7008,39.9707],[139.7007,39.9708]]],[[[139.7013,39.9708],[139.7013,39.9708],[139.7013,39.9707],[139.7013,39.9708]]],[[[139.7012,39.9708],[139.7015,39.9709],[139.7014,39.9708],[139.7012,39.9708]]],[[[139.7013,39.9709],[139.7014,39.9709],[139.7014,39.9709],[139.7013,39.9709]]],[[[139.7015,39.9709],[139.7013,39.971],[139.7015,39.971],[139.7015,39.9709]]],[[[139.7012,39.971],[139.7012,39.971],[139.7012,39.9709],[139.7012,39.971]]],[[[139.7014,39.971],[139.7016,39.971],[139.7015,39.971],[139.7015,39.971],[139.7014,39.971]]],[[[139.7015,39.9712],[139.7015,39.9712],[139.7015,39.9711],[139.7015,39.9712]]],[[[139.7012,39.9712],[139.7011,39.9712],[139.7011,39.9712],[139.7012,39.9712]]],[[[139.7015,39.9713],[139.7015,39.9713],[139.7015,39.9713],[139.7015,39.9713]]],[[[139.7005,39.9715],[139.7005,39.9715],[139.7005,39.9714],[139.7005,39.9715]]],[[[139.7012,39.9716],[139.7013,39.9717],[139.7013,39.9716],[139.7012,39.9716]]],[[[139.7012,39.9717],[139.7012,39.9717],[139.7012,39.9717],[139.7012,39.9717]]],[[[139.7013,39.9718],[139.7013,39.9717],[139.7013,39.9718],[139.7013,39.9718]]],[[[139.7006,39.9718],[139.7006,39.9718],[139.7007,39.9717],[139.7006,39.9718]]],[[[139.7013,39.9719],[139.7013,39.9718],[139.7012,39.9718],[139.7013,39.9719]]],[[[139.7008,39.9719],[139.7008,39.9719],[139.7008,39.9719],[139.7008,39.9719]]],[[[139.7012,39.9719],[139.7013,39.972],[139.7015,39.972],[139.7012,39.9719]]],[[[139.7009,39.972],[139.7008,39.9721],[139.701,39.9721],[139.7009,39.972]]],[[[139.7011,39.9721],[139.7012,39.9722],[139.7012,39.9721],[139.7011,39.9721]]],[[[139.7009,39.9724],[139.7009,39.9724],[139.7009,39.9723],[139.7009,39.9724]]],[[[139.7012,39.9725],[139.7013,39.9724],[139.7012,39.9724],[139.7012,39.9725]]],[[[139.7012,39.9725],[139.7013,39.9725],[139.7012,39.9725],[139.7012,39.9725]]],[[[139.7006,39.9726],[139.7007,39.9726],[139.7007,39.9725],[139.7006,39.9726]]],[[[139.7007,39.9727],[139.7007,39.9727],[139.7006,39.9728],[139.7007,39.9727]]],[[[139.7007,39.9728],[139.7007,39.9728],[139.7006,39.9728],[139.7007,39.9728]]],[[[139.7009,39.9728],[139.7008,39.9728],[139.7009,39.9728],[139.7009,39.9728]]],[[[139.7005,39.9729],[139.7005,39.9729],[139.7005,39.9729],[139.7005,39.9729]]],[[[139.7005,39.973],[139.7004,39.973],[139.7004,39.9731],[139.7005,39.973]]],[[[139.701,39.9733],[139.7009,39.9732],[139.7009,39.9733],[139.701,39.9733]]],[[[139.7008,39.9733],[139.7008,39.9733],[139.7008,39.9733],[139.7008,39.9733]]],[[[139.7007,39.9733],[139.7006,39.9733],[139.7006,39.9733],[139.7007,39.9733]]],[[[139.7009,39.9733],[139.7009,39.9734],[139.7009,39.9733],[139.7009,39.9733]]],[[[139.7009,39.9734],[139.7009,39.9735],[139.7009,39.9734],[139.7009,39.9734]]],[[[139.7007,39.9736],[139.7007,39.9736],[139.7007,39.9736],[139.7007,39.9736]]],[[[139.7008,39.9736],[139.7008,39.9736],[139.7008,39.9736],[139.7008,39.9736]]],[[[139.7009,39.9736],[139.7009,39.9736],[139.701,39.9736],[139.7009,39.9736]]],[[[139.701,39.9736],[139.701,39.9736],[139.701,39.9736],[139.701,39.9736]]],[[[139.7008,39.9736],[139.7008,39.9737],[139.7008,39.9737],[139.7008,39.9736]]],[[[139.7009,39.9736],[139.7009,39.9737],[139.701,39.9736],[139.7009,39.9736]]],[[[139.7011,39.9737],[139.701,39.9737],[139.701,39.9737],[139.7011,39.9737]]],[[[139.7009,39.9738],[139.7009,39.9738],[139.7011,39.9738],[139.7009,39.9738]]],[[[139.7012,39.9738],[139.7012,39.9738],[139.7012,39.9738],[139.7012,39.9738]]],[[[139.7007,39.9739],[139.7007,39.9739],[139.7007,39.9739],[139.7007,39.9739]]],[[[139.7012,39.974],[139.7012,39.9738],[139.7012,39.974],[139.7012,39.974]]],[[[139.7011,39.974],[139.7009,39.974],[139.701,39.9741],[139.7011,39.974]]],[[[139.7008,39.9742],[139.7005,39.9741],[139.7007,39.9743],[139.7008,39.9742]]],[[[139.7006,39.9743],[139.7006,39.9744],[139.7006,39.9744],[139.7006,39.9743]]],[[[139.7008,39.9743],[139.7007,39.9743],[139.7009,39.9744],[139.7008,39.9743]]],[[[139.7011,39.9744],[139.7009,39.9743],[139.7009,39.9744],[139.7011,39.9744]]],[[[139.7007,39.9744],[139.7007,39.9744],[139.7006,39.9744],[139.7007,39.9744]]],[[[139.7006,39.9745],[139.7006,39.9745],[139.7006,39.9745],[139.7006,39.9745]]],[[[139.7009,39.9745],[139.7009,39.9745],[139.7009,39.9746],[139.7009,39.9745]]],[[[139.7011,39.9745],[139.7011,39.9746],[139.7011,39.9746],[139.7011,39.9745]]],[[[139.7013,39.9746],[139.7013,39.9746],[139.7014,39.9746],[139.7013,39.9746]]],[[[139.7013,39.9746],[139.7012,39.9746],[139.7012,39.9746],[139.7013,39.9746]]],[[[139.7009,39.9746],[139.7009,39.9746],[139.7008,39.9746],[139.7009,39.9746]]],[[[139.7011,39.9746],[139.701,39.9746],[139.7011,39.9746],[139.7011,39.9746]]],[[[139.7009,39.9746],[139.7009,39.9747],[139.701,39.9746],[139.7009,39.9746]]],[[[139.7011,39.9746],[139.7011,39.9747],[139.7012,39.9747],[139.7011,39.9746]]],[[[139.7012,39.9746],[139.7012,39.9747],[139.7013,39.9746],[139.7012,39.9746]]],[[[139.7011,39.9747],[139.7011,39.9748],[139.7011,39.9747],[139.7011,39.9747]]],[[[139.7014,39.975],[139.7013,39.9749],[139.7013,39.975],[139.7014,39.975]]],[[[139.7009,39.9751],[139.7007,39.9751],[139.7009,39.9751],[139.7009,39.9751]]],[[[139.7006,39.9751],[139.7006,39.9751],[139.7007,39.9751],[139.7006,39.9751]]],[[[139.7015,39.9751],[139.7015,39.9752],[139.7015,39.9751],[139.7015,39.9751]]],[[[139.7012,39.9754],[139.7012,39.9754],[139.7012,39.9754],[139.7012,39.9754]]],[[[139.7015,39.9755],[139.7015,39.9755],[139.7015,39.9755],[139.7015,39.9755]]],[[[139.7012,39.9755],[139.7012,39.9755],[139.7013,39.9755],[139.7012,39.9755]]],[[[139.7013,39.9756],[139.7012,39.9756],[139.7012,39.9757],[139.7013,39.9756]]],[[[139.7013,39.9762],[139.7014,39.9762],[139.7014,39.9762],[139.7013,39.9762]]],[[[139.7007,39.9763],[139.7007,39.9763],[139.7008,39.9763],[139.7007,39.9763]]],[[[139.7009,39.9763],[139.7009,39.9764],[139.7009,39.9763],[139.7009,39.9763]]],[[[139.7007,40.0069],[139.7006,40.0069],[139.7006,40.007],[139.7007,40.0069]]],[[[139.7012,40.007],[139.7012,40.007],[139.7011,40.007],[139.7012,40.007]]],[[[139.7006,40.0071],[139.7006,40.0071],[139.7007,40.0071],[139.7006,40.0071]]],[[[139.7012,40.0072],[139.7007,40.007],[139.7008,40.0071],[139.7009,40.0071],[139.7012,40.0072]]],[[[139.7009,40.0071],[139.7009,40.0072],[139.701,40.0072],[139.7009,40.0071]]],[[[139.7008,40.0071],[139.7007,40.0072],[139.7009,40.0073],[139.7008,40.0071]]],[[[139.701,40.0074],[139.7008,40.0073],[139.7009,40.0074],[139.701,40.0074]]],[[[139.7009,40.0076],[139.7008,40.0076],[139.7009,40.0076],[139.7009,40.0076]]],[[[139.7009,40.0077],[139.7009,40.0077],[139.7009,40.0077],[139.7009,40.0077]]],[[[139.7007,40.012],[139.7007,40.012],[139.7008,40.012],[139.7007,40.012]]],[[[139.7014,40.0128],[139.7013,40.0128],[139.7013,40.0129],[139.7014,40.0128]]],[[[139.7016,40.0129],[139.7015,40.0128],[139.7016,40.0129],[139.7016,40.0129]]],[[[139.7014,40.0129],[139.7014,40.0129],[139.7014,40.0129],[139.7014,40.0129]]],[[[139.7019,39.9318],[139.7018,39.9318],[139.7019,39.9318],[139.7019,39.9318]]],[[[139.7041,39.9331],[139.704,39.933],[139.704,39.9331],[139.7041,39.9331]]],[[[139.703,39.9333],[139.7029,39.9333],[139.703,39.9333],[139.703,39.9333]]],[[[139.704,39.9334],[139.7041,39.9335],[139.7041,39.9334],[139.704,39.9334]]],[[[139.7034,39.9336],[139.7033,39.9336],[139.7034,39.9336],[139.7034,39.9336]]],[[[139.7035,39.9337],[139.7035,39.9338],[139.7037,39.9339],[139.7035,39.9337]]],[[[139.703,39.9339],[139.703,39.9339],[139.7031,39.9339],[139.703,39.9339]]],[[[139.7026,39.934],[139.7026,39.934],[139.7026,39.934],[139.7026,39.934]]],[[[139.7028,39.934],[139.7028,39.934],[139.7027,39.934],[139.7028,39.934]]],[[[139.703,39.934],[139.703,39.934],[139.703,39.934],[139.703,39.934]]],[[[139.7036,39.934],[139.7037,39.934],[139.7037,39.934],[139.7036,39.934]]],[[[139.703,39.9341],[139.703,39.9341],[139.7031,39.934],[139.703,39.9341]]],[[[139.7042,39.9343],[139.7039,39.934],[139.704,39.9343],[139.7042,39.9343]]],[[[139.7037,39.9344],[139.7035,39.934],[139.7031,39.934],[139.7037,39.9344]]],[[[139.7037,39.9357],[139.7037,39.9357],[139.7039,39.9358],[139.7037,39.9357]]],[[[139.7039,39.9358],[139.7039,39.9359],[139.704,39.9359],[139.7039,39.9358]]],[[[139.704,39.9359],[139.704,39.9359],[139.7041,39.936],[139.704,39.9359]]],[[[139.7035,39.936],[139.7036,39.9361],[139.7037,39.9359],[139.7035,39.936]]],[[[139.7033,39.9368],[139.7042,39.9374],[139.704,39.9368],[139.7033,39.9368]]],[[[139.7027,39.9371],[139.7037,39.9373],[139.7027,39.937],[139.7027,39.9371]]],[[[139.7039,39.9373],[139.7039,39.9374],[139.704,39.9373],[139.7039,39.9373]]],[[[139.704,39.94],[139.704,39.94],[139.704,39.94],[139.704,39.94]]],[[[139.7019,39.9412],[139.7019,39.9412],[139.702,39.9412],[139.7019,39.9412]]],[[[139.7042,39.9414],[139.7042,39.9413],[139.7039,39.9412],[139.7042,39.9414]]],[[[139.7037,39.9412],[139.7038,39.9414],[139.704,39.9414],[139.7037,39.9412]]],[[[139.7041,39.9414],[139.704,39.9413],[139.704,39.9414],[139.7041,39.9414]]],[[[139.7033,39.9414],[139.7034,39.9414],[139.7032,39.9414],[139.7033,39.9414]]],[[[139.7023,39.9415],[139.7022,39.9414],[139.7023,39.9415],[139.7023,39.9415]]],[[[139.7026,39.9417],[139.7025,39.9416],[139.7023,39.9416],[139.7026,39.9417]]],[[[139.7023,39.9418],[139.7015,39.9414],[139.7016,39.9417],[139.7019,39.9417],[139.7023,39.9418]]],[[[139.7024,39.9416],[139.7024,39.9416],[139.7024,39.9416],[139.7024,39.9416]]],[[[139.7041,39.9416],[139.7041,39.9416],[139.7043,39.9417],[139.7041,39.9416]]],[[[139.7027,39.9415],[139.7028,39.9417],[139.703,39.9419],[139.7027,39.9415]]],[[[139.7026,39.9417],[139.7026,39.9417],[139.7027,39.9417],[139.7026,39.9417]]],[[[139.7036,39.9417],[139.7036,39.9417],[139.7037,39.9417],[139.7036,39.9417]]],[[[139.7019,39.9417],[139.702,39.9418],[139.702,39.9417],[139.7019,39.9417]]],[[[139.7034,39.9418],[139.7034,39.9418],[139.7035,39.9418],[139.7034,39.9418]]],[[[139.7025,39.9418],[139.7025,39.9418],[139.7025,39.9418],[139.7025,39.9418]]],[[[139.7024,39.9425],[139.7023,39.9425],[139.7022,39.9425],[139.7024,39.9425]]],[[[139.702,39.9425],[139.702,39.9425],[139.7021,39.9425],[139.702,39.9425]]],[[[139.7027,39.9425],[139.7028,39.9425],[139.7028,39.9425],[139.7027,39.9425]]],[[[139.7025,39.9426],[139.7024,39.9425],[139.7025,39.9426],[139.7025,39.9426]]],[[[139.7024,39.9427],[139.7027,39.9427],[139.7024,39.9427],[139.7021,39.9426],[139.7024,39.9427]]],[[[139.7032,39.9427],[139.7033,39.9427],[139.7033,39.9427],[139.7032,39.9427]]],[[[139.7033,39.9429],[139.7033,39.9428],[139.7028,39.9426],[139.7033,39.9429]]],[[[139.7039,39.9429],[139.7039,39.943],[139.7039,39.9429],[139.7039,39.9429]]],[[[139.704,39.943],[139.704,39.9431],[139.7042,39.9431],[139.704,39.943]]],[[[139.7032,39.9432],[139.7032,39.9432],[139.7033,39.9432],[139.7032,39.9432]]],[[[139.7042,39.9433],[139.7041,39.9432],[139.7042,39.9433],[139.7042,39.9433]]],[[[139.704,39.9434],[139.704,39.9433],[139.704,39.9434],[139.704,39.9434]]],[[[139.704,39.9434],[139.704,39.9434],[139.7041,39.9434],[139.704,39.9434]]],[[[139.7027,39.9435],[139.7027,39.9435],[139.7027,39.9434],[139.7027,39.9435]]],[[[139.7031,39.9438],[139.7028,39.9435],[139.7027,39.9438],[139.7031,39.9438]]],[[[139.7034,39.9441],[139.7029,39.9439],[139.7032,39.9442],[139.7034,39.9441]]],[[[139.7031,39.9442],[139.7031,39.9442],[139.7031,39.9442],[139.7031,39.9442]]],[[[139.7039,39.9445],[139.7038,39.9443],[139.7038,39.9444],[139.7039,39.9445]]],[[[139.7027,39.9445],[139.7025,39.9446],[139.7031,39.9449],[139.7027,39.9445]]],[[[139.7033,39.9447],[139.7032,39.9447],[139.7034,39.9447],[139.7033,39.9447]]],[[[139.7034,39.9447],[139.7033,39.9448],[139.7034,39.9448],[139.7034,39.9447]]],[[[139.7032,39.9447],[139.7031,39.9448],[139.7034,39.9449],[139.7032,39.9447]]],[[[139.7034,39.9448],[139.7034,39.9449],[139.7034,39.9448],[139.7034,39.9448]]],[[[139.7037,39.9448],[139.7035,39.9447],[139.7036,39.9449],[139.7038,39.9451],[139.7037,39.9448]]],[[[139.7038,39.9453],[139.7038,39.9451],[139.7037,39.9452],[139.7038,39.9453]]],[[[139.704,39.9452],[139.704,39.9452],[139.7041,39.9452],[139.704,39.9452]]],[[[139.7026,39.9449],[139.7032,39.9456],[139.7035,39.9449],[139.7026,39.9449]]],[[[139.7017,39.9453],[139.7018,39.9453],[139.7018,39.9453],[139.7017,39.9453]]],[[[139.7037,39.9455],[139.7037,39.9455],[139.7037,39.9455],[139.7037,39.9455]]],[[[139.7036,39.9455],[139.7035,39.9454],[139.7036,39.9455],[139.7036,39.9455]]],[[[139.7036,39.9455],[139.7035,39.9455],[139.7036,39.9455],[139.7036,39.9455]]],[[[139.7037,39.9455],[139.7036,39.9455],[139.7036,39.9456],[139.7037,39.9455]]],[[[139.7019,39.9458],[139.7019,39.9458],[139.7021,39.9459],[139.7019,39.9458]]],[[[139.7018,39.9463],[139.7017,39.9464],[139.7018,39.9464],[139.7018,39.9463]]],[[[139.7017,39.9465],[139.7015,39.9464],[139.7016,39.9465],[139.7017,39.9465]]],[[[139.7017,39.9469],[139.7017,39.947],[139.7018,39.9469],[139.7017,39.9469]]],[[[139.7018,39.9472],[139.7018,39.9471],[139.7017,39.9472],[139.7018,39.9472]]],[[[139.7037,39.9555],[139.7037,39.9556],[139.7038,39.9555],[139.7037,39.9555]]],[[[139.7027,39.9601],[139.7024,39.9599],[139.7025,39.9601],[139.7027,39.9601]]],[[[139.7028,39.96],[139.7028,39.96],[139.7029,39.9601],[139.7028,39.96]]],[[[139.702,39.9601],[139.702,39.9601],[139.702,39.9601],[139.702,39.9601]]],[[[139.7029,39.9603],[139.7028,39.9602],[139.7026,39.9602],[139.7029,39.9603]]],[[[139.7027,39.9603],[139.7026,39.9602],[139.7026,39.9603],[139.7027,39.9603]]],[[[139.7019,39.9603],[139.7019,39.9604],[139.702,39.9603],[139.7019,39.9603]]],[[[139.7019,39.9606],[139.7019,39.9606],[139.7019,39.9606],[139.7019,39.9606]]],[[[139.7023,39.9607],[139.7022,39.9606],[139.7022,39.9607],[139.7023,39.9607]]],[[[139.7021,39.961],[139.7021,39.9609],[139.702,39.961],[139.7021,39.961]]],[[[139.7019,39.961],[139.7019,39.961],[139.7019,39.961],[139.7019,39.961]]],[[[139.7016,39.9612],[139.7016,39.9612],[139.7016,39.9612],[139.7016,39.9612]]],[[[139.7017,39.9616],[139.7017,39.9616],[139.7017,39.9617],[139.7017,39.9616]]],[[[139.7017,39.9617],[139.7017,39.9617],[139.7018,39.9617],[139.7017,39.9617]]],[[[139.7015,39.9618],[139.7015,39.9618],[139.7017,39.9619],[139.7015,39.9618]]],[[[139.7016,39.9626],[139.7016,39.9626],[139.7016,39.9626],[139.7016,39.9626]]],[[[139.7016,39.9629],[139.7017,39.963],[139.7017,39.9629],[139.7016,39.9629]]],[[[139.7022,39.9631],[139.7023,39.9631],[139.7023,39.9631],[139.7022,39.9631]]],[[[139.7015,39.9634],[139.7015,39.9635],[139.7018,39.9635],[139.7015,39.9634]]],[[[139.7019,39.9634],[139.702,39.9636],[139.7021,39.9635],[139.7019,39.9634]]],[[[139.7021,39.9636],[139.7022,39.9636],[139.7022,39.9635],[139.7021,39.9636]]],[[[139.702,39.9637],[139.702,39.9637],[139.702,39.9637],[139.702,39.9637]]],[[[139.702,39.9639],[139.702,39.9638],[139.7019,39.9639],[139.702,39.9639]]],[[[139.7018,39.9639],[139.7018,39.9639],[139.7018,39.9639],[139.7018,39.9639]]],[[[139.7017,39.964],[139.7017,39.964],[139.7017,39.9639],[139.7017,39.964]]],[[[139.7022,39.9641],[139.7021,39.964],[139.7019,39.9641],[139.7022,39.9641]]],[[[139.7022,39.9643],[139.7024,39.9643],[139.7024,39.9642],[139.7022,39.9643]]],[[[139.702,39.9644],[139.7024,39.9644],[139.7021,39.9644],[139.702,39.9644]]],[[[139.7016,39.9649],[139.7016,39.9649],[139.7017,39.9649],[139.7016,39.9649]]],[[[139.7018,39.965],[139.7016,39.965],[139.7018,39.9652],[139.7018,39.965]]],[[[139.7023,39.9655],[139.7022,39.9655],[139.7023,39.9655],[139.7023,39.9655]]],[[[139.7027,39.9661],[139.7026,39.966],[139.7027,39.9661],[139.7027,39.9661]]],[[[139.7024,39.9661],[139.7024,39.9661],[139.7024,39.9661],[139.7024,39.9661]]],[[[139.7019,39.966],[139.7017,39.9661],[139.7018,39.9661],[139.7019,39.966]]],[[[139.7024,39.966],[139.7024,39.9661],[139.7026,39.9661],[139.7024,39.966]]],[[[139.7023,39.9661],[139.7023,39.9661],[139.7023,39.9661],[139.7023,39.9661]]],[[[139.7023,39.9662],[139.7023,39.9663],[139.7023,39.9662],[139.7023,39.9662]]],[[[139.7025,39.9663],[139.7025,39.9663],[139.7026,39.9663],[139.7025,39.9663]]],[[[139.7025,39.9663],[139.7025,39.9663],[139.7025,39.9663],[139.7025,39.9663]]],[[[139.7024,39.9716],[139.7023,39.9716],[139.7024,39.9716],[139.7024,39.9716]]],[[[139.7017,39.9718],[139.7016,39.9718],[139.7016,39.972],[139.7017,39.9718]]],[[[139.7017,39.972],[139.7018,39.9719],[139.7017,39.9719],[139.7017,39.972]]],[[[139.7016,39.972],[139.7016,39.972],[139.7017,39.9719],[139.7016,39.972]]],[[[139.7017,39.972],[139.7016,39.972],[139.7016,39.9721],[139.7017,39.972]]],[[[139.7017,39.9752],[139.7017,39.9752],[139.7017,39.9752],[139.7017,39.9752]]],[[[139.7018,39.9753],[139.7018,39.9753],[139.7017,39.9753],[139.7018,39.9753]]],[[[139.7015,39.9753],[139.7016,39.9753],[139.7015,39.9753],[139.7015,39.9753]]],[[[139.7019,39.9755],[139.7019,39.9754],[139.7019,39.9755],[139.7019,39.9755]]],[[[139.7014,39.9757],[139.7017,39.9757],[139.7015,39.9756],[139.7014,39.9757]]],[[[139.7039,40.005],[139.7038,40.005],[139.704,40.0051],[139.7039,40.005]]],[[[139.7023,40.0065],[139.7023,40.0064],[139.7023,40.0065],[139.7023,40.0065]]],[[[139.7023,40.0064],[139.7023,40.0065],[139.7024,40.0065],[139.7023,40.0064]]],[[[139.7017,40.0069],[139.7016,40.0069],[139.7017,40.0069],[139.7017,40.0069]]],[[[139.7015,40.0069],[139.7015,40.0069],[139.7016,40.0069],[139.7015,40.0069]]],[[[139.7027,40.012],[139.7025,40.0119],[139.7027,40.012],[139.7027,40.012]]],[[[139.7024,40.0121],[139.7024,40.0121],[139.7025,40.0121],[139.7024,40.0121]]],[[[139.7023,40.0121],[139.7023,40.0121],[139.7024,40.0121],[139.7023,40.0121]]],[[[139.7018,40.0128],[139.7018,40.0128],[139.7018,40.0129],[139.7018,40.0128]]],[[[139.7017,40.0129],[139.7017,40.0129],[139.7017,40.0129],[139.7017,40.0129]]],[[[139.7044,39.9262],[139.7045,39.9263],[139.7045,39.9262],[139.7044,39.9262]]],[[[139.7057,39.9275],[139.7056,39.9273],[139.7055,39.9276],[139.7057,39.9275]]],[[[139.7054,39.9279],[139.7054,39.9279],[139.7055,39.9279],[139.7054,39.9279]]],[[[139.7055,39.9279],[139.7054,39.928],[139.7056,39.928],[139.7055,39.9279]]],[[[139.7047,39.9282],[139.7047,39.9283],[139.7049,39.9282],[139.7047,39.9282]]],[[[139.7052,39.9285],[139.7051,39.9285],[139.7052,39.9285],[139.7052,39.9285]]],[[[139.7053,39.9285],[139.7054,39.9286],[139.7054,39.9285],[139.7053,39.9285]]],[[[139.7052,39.9287],[139.7053,39.9288],[139.7053,39.9287],[139.7052,39.9287]]],[[[139.7051,39.9288],[139.7051,39.9288],[139.7052,39.9288],[139.7051,39.9288]]],[[[139.7051,39.929],[139.7051,39.929],[139.7052,39.929],[139.7051,39.929]]],[[[139.7055,39.9291],[139.7055,39.9289],[139.7052,39.929],[139.7055,39.9291]]],[[[139.7049,39.929],[139.7049,39.929],[139.705,39.929],[139.7049,39.929]]],[[[139.7052,39.9291],[139.7053,39.9292],[139.7053,39.9291],[139.7052,39.9291]]],[[[139.7054,39.9292],[139.7053,39.9292],[139.7054,39.9292],[139.7054,39.9292]]],[[[139.705,39.9311],[139.705,39.9311],[139.705,39.9311],[139.705,39.9311]]],[[[139.7052,39.9312],[139.7051,39.9312],[139.7051,39.9313],[139.7052,39.9312]]],[[[139.7056,39.9316],[139.7055,39.9315],[139.7054,39.9316],[139.7056,39.9316]]],[[[139.7056,39.9318],[139.7055,39.9317],[139.7055,39.9318],[139.7056,39.9318]]],[[[139.7055,39.9329],[139.7055,39.9329],[139.7057,39.9329],[139.7055,39.9329]]],[[[139.7053,39.9332],[139.7053,39.9332],[139.7053,39.9332],[139.7053,39.9332]]],[[[139.7043,39.9332],[139.7043,39.9332],[139.7044,39.9333],[139.7043,39.9332]]],[[[139.7044,39.9333],[139.7044,39.9333],[139.7045,39.9334],[139.7044,39.9333]]],[[[139.7045,39.9334],[139.7045,39.9334],[139.7045,39.9334],[139.7045,39.9334]]],[[[139.7045,39.9334],[139.7044,39.9334],[139.7045,39.9334],[139.7045,39.9334]]],[[[139.7048,39.9334],[139.7048,39.9334],[139.7048,39.9334],[139.7048,39.9334]]],[[[139.7049,39.9334],[139.7048,39.9335],[139.7049,39.9334],[139.7049,39.9334]]],[[[139.7045,39.9335],[139.7045,39.9336],[139.7046,39.9335],[139.7045,39.9335]]],[[[139.7055,39.9335],[139.7055,39.9335],[139.7056,39.9335],[139.7055,39.9335]]],[[[139.7042,39.9335],[139.7042,39.9336],[139.7042,39.9335],[139.7042,39.9335]]],[[[139.7055,39.9336],[139.7056,39.9336],[139.7056,39.9336],[139.7055,39.9336]]],[[[139.7056,39.9336],[139.7056,39.9336],[139.7056,39.9336],[139.7056,39.9336]]],[[[139.7047,39.9337],[139.7046,39.9336],[139.7047,39.9337],[139.7047,39.9337]]],[[[139.7054,39.9337],[139.7053,39.9338],[139.7054,39.9338],[139.7054,39.9337]]],[[[139.7047,39.9337],[139.7047,39.9338],[139.7047,39.9338],[139.7047,39.9337]]],[[[139.7046,39.9339],[139.7046,39.9339],[139.7046,39.9339],[139.7046,39.9339]]],[[[139.7046,39.934],[139.7046,39.934],[139.7046,39.934],[139.7046,39.934]]],[[[139.7045,39.934],[139.7045,39.9341],[139.7046,39.934],[139.7045,39.934]]],[[[139.7046,39.934],[139.7046,39.9341],[139.7047,39.9341],[139.7046,39.934]]],[[[139.7039,39.9338],[139.7045,39.9344],[139.704,39.9338],[139.7039,39.9338]]],[[[139.7047,39.9341],[139.7047,39.9341],[139.7047,39.9341],[139.7047,39.9341]]],[[[139.7042,39.9343],[139.7042,39.9343],[139.7043,39.9343],[139.7042,39.9343]]],[[[139.7046,39.9348],[139.7045,39.9346],[139.7044,39.9347],[139.7046,39.9348]]],[[[139.7045,39.9349],[139.7045,39.935],[139.7046,39.9349],[139.7045,39.9349]]],[[[139.7055,39.935],[139.7055,39.935],[139.7056,39.935],[139.7055,39.935]]],[[[139.7052,39.935],[139.7052,39.935],[139.7052,39.935],[139.7052,39.935]]],[[[139.7055,39.935],[139.7055,39.9351],[139.7056,39.9351],[139.7055,39.935]]],[[[139.7054,39.9351],[139.7053,39.9352],[139.7054,39.9352],[139.7054,39.9351]]],[[[139.7053,39.9352],[139.7053,39.9353],[139.7053,39.9352],[139.7053,39.9352]]],[[[139.7055,39.9353],[139.7055,39.9353],[139.7055,39.9353],[139.7055,39.9353]]],[[[139.7057,39.9353],[139.7057,39.9354],[139.7058,39.9354],[139.7057,39.9353]]],[[[139.7056,39.9354],[139.7057,39.9354],[139.7055,39.9353],[139.7056,39.9354]]],[[[139.7055,39.9356],[139.7054,39.9356],[139.7055,39.9356],[139.7055,39.9356]]],[[[139.7041,39.9356],[139.7041,39.9357],[139.7043,39.9357],[139.7041,39.9356]]],[[[139.7041,39.9357],[139.7043,39.9359],[139.7046,39.9358],[139.7041,39.9357]]],[[[139.7054,39.9359],[139.7055,39.9359],[139.7056,39.9359],[139.7054,39.9359]]],[[[139.7049,39.9359],[139.705,39.9361],[139.705,39.936],[139.7049,39.9359]]],[[[139.7048,39.9361],[139.7049,39.9361],[139.7049,39.9361],[139.7048,39.9361]]],[[[139.7049,39.9362],[139.705,39.9363],[139.705,39.9362],[139.7049,39.9362]]],[[[139.7045,39.9368],[139.7045,39.9367],[139.7042,39.9366],[139.7045,39.9368]]],[[[139.7045,39.9368],[139.7045,39.9369],[139.7045,39.9368],[139.7045,39.9368]]],[[[139.7045,39.9368],[139.7049,39.9372],[139.7048,39.9368],[139.7045,39.9368]]],[[[139.7048,39.9372],[139.7048,39.9371],[139.7048,39.9372],[139.7048,39.9372]]],[[[139.7052,39.9372],[139.7051,39.9372],[139.7051,39.9373],[139.7052,39.9372]]],[[[139.7051,39.9374],[139.7051,39.9373],[139.7051,39.9374],[139.7051,39.9374]]],[[[139.7049,39.9374],[139.705,39.9374],[139.705,39.9374],[139.7049,39.9374]]],[[[139.7052,39.9386],[139.705,39.9385],[139.7051,39.9386],[139.7052,39.9386]]],[[[139.7046,39.9389],[139.7045,39.9389],[139.7045,39.939],[139.7046,39.9389]]],[[[139.7055,39.9391],[139.7055,39.939],[139.7055,39.9391],[139.7055,39.9391]]],[[[139.7056,39.939],[139.7057,39.9392],[139.7057,39.939],[139.7056,39.939]]],[[[139.7056,39.9394],[139.7055,39.9394],[139.7056,39.9394],[139.7056,39.9394]]],[[[139.7051,39.9398],[139.7047,39.9394],[139.705,39.9398],[139.7051,39.9398]]],[[[139.7053,39.9397],[139.7053,39.9397],[139.7053,39.9397],[139.7053,39.9397]]],[[[139.7044,39.9397],[139.7044,39.9398],[139.7044,39.9397],[139.7044,39.9397]]],[[[139.7053,39.9398],[139.7053,39.9398],[139.7054,39.9399],[139.7053,39.9398]]],[[[139.7054,39.94],[139.7053,39.9398],[139.7051,39.9398],[139.7054,39.94]]],[[[139.7043,39.9399],[139.7044,39.94],[139.7044,39.9399],[139.7043,39.9399]]],[[[139.705,39.94],[139.7048,39.94],[139.705,39.9401],[139.705,39.94]]],[[[139.7056,39.9401],[139.7055,39.94],[139.7055,39.94],[139.7056,39.9401]]],[[[139.7049,39.9401],[139.7048,39.9401],[139.7048,39.9401],[139.7049,39.9401]]],[[[139.7049,39.9401],[139.705,39.9401],[139.705,39.9401],[139.7049,39.9401]]],[[[139.705,39.9402],[139.705,39.9402],[139.705,39.9402],[139.705,39.9402]]],[[[139.7054,39.9402],[139.7054,39.9402],[139.7054,39.9403],[139.7054,39.9402]]],[[[139.705,39.9402],[139.705,39.9403],[139.7051,39.9402],[139.705,39.9402]]],[[[139.7051,39.9402],[139.7051,39.9403],[139.7051,39.9402],[139.7051,39.9402]]],[[[139.7054,39.9403],[139.7054,39.9403],[139.7055,39.9403],[139.7054,39.9403]]],[[[139.7045,39.9403],[139.7046,39.9404],[139.7046,39.9403],[139.7045,39.9403]]],[[[139.7049,39.9403],[139.705,39.9404],[139.705,39.9403],[139.7049,39.9403]]],[[[139.7052,39.9404],[139.7051,39.9404],[139.7052,39.9405],[139.7052,39.9404]]],[[[139.7042,39.9406],[139.7042,39.9406],[139.7042,39.9405],[139.7042,39.9406]]],[[[139.7042,39.9406],[139.7045,39.9408],[139.7044,39.9406],[139.7042,39.9406]]],[[[139.7046,39.941],[139.7046,39.941],[139.7047,39.941],[139.7046,39.941]]],[[[139.7051,39.941],[139.7051,39.941],[139.7052,39.941],[139.7051,39.941]]],[[[139.7051,39.9411],[139.7049,39.941],[139.705,39.9412],[139.7051,39.9411]]],[[[139.7049,39.9412],[139.7048,39.9411],[139.7048,39.9412],[139.7049,39.9412]]],[[[139.7052,39.9412],[139.7051,39.9412],[139.7051,39.9412],[139.7052,39.9412]]],[[[139.7048,39.9412],[139.7048,39.9412],[139.7049,39.9412],[139.7048,39.9412]]],[[[139.7047,39.9413],[139.7047,39.9413],[139.7047,39.9413],[139.7047,39.9413]]],[[[139.7045,39.9415],[139.7046,39.9415],[139.7046,39.9415],[139.7045,39.9415]]],[[[139.7048,39.9415],[139.7047,39.9415],[139.7047,39.9415],[139.7048,39.9415]]],[[[139.7045,39.9415],[139.7045,39.9415],[139.7046,39.9415],[139.7045,39.9415]]],[[[139.704,39.9414],[139.7043,39.9417],[139.7043,39.9415],[139.704,39.9414]]],[[[139.7042,39.9417],[139.7043,39.9418],[139.7042,39.9417],[139.7042,39.9417]]],[[[139.7042,39.9452],[139.7042,39.9453],[139.7043,39.9453],[139.7042,39.9452]]],[[[139.7041,39.9554],[139.7041,39.9554],[139.7043,39.9554],[139.7041,39.9554]]],[[[139.7048,39.9557],[139.7049,39.9558],[139.7049,39.9557],[139.7048,39.9557]]],[[[139.7046,39.9558],[139.7046,39.9559],[139.7047,39.9558],[139.7046,39.9558]]],[[[139.7045,39.956],[139.7046,39.956],[139.7046,39.956],[139.7045,39.956]]],[[[139.7051,39.956],[139.7051,39.956],[139.7052,39.956],[139.7051,39.956]]],[[[139.7057,39.9562],[139.7057,39.9562],[139.7057,39.9562],[139.7057,39.9562]]],[[[139.7056,39.9565],[139.7056,39.9564],[139.7055,39.9564],[139.7056,39.9565]]],[[[139.7055,39.9579],[139.7055,39.9579],[139.7055,39.958],[139.7055,39.9579]]],[[[139.7054,39.9585],[139.7053,39.9585],[139.7054,39.9585],[139.7054,39.9585]]],[[[139.7053,39.9587],[139.7054,39.9587],[139.7053,39.9587],[139.7053,39.9587]]],[[[139.7055,39.9593],[139.7055,39.9593],[139.7056,39.9593],[139.7055,39.9593]]],[[[139.7056,39.9595],[139.7056,39.9595],[139.7056,39.9594],[139.7056,39.9595]]],[[[139.7057,39.9595],[139.7057,39.9595],[139.7058,39.9595],[139.7057,39.9595]]],[[[139.7057,39.9596],[139.7057,39.9596],[139.7057,39.9596],[139.7057,39.9596]]],[[[139.7051,39.9597],[139.7051,39.9597],[139.7052,39.9597],[139.7051,39.9597]]],[[[139.7057,39.9597],[139.7057,39.9597],[139.7057,39.9597],[139.7057,39.9597]]],[[[139.7056,39.9598],[139.7056,39.9597],[139.7056,39.9598],[139.7056,39.9598]]],[[[139.7054,39.9599],[139.7053,39.9599],[139.7054,39.9599],[139.7054,39.9599]]],[[[139.7054,39.9601],[139.7054,39.9601],[139.7055,39.9601],[139.7054,39.9601]]],[[[139.7052,39.9601],[139.7051,39.9601],[139.7052,39.9601],[139.7052,39.9601]]],[[[139.7051,39.9602],[139.705,39.9601],[139.7051,39.9602],[139.7051,39.9602]]],[[[139.7054,39.9603],[139.7053,39.9602],[139.7054,39.9603],[139.7054,39.9603]]],[[[139.7052,39.9603],[139.7053,39.9603],[139.7052,39.9603],[139.7052,39.9603]]],[[[139.7049,39.9605],[139.7049,39.9605],[139.705,39.9605],[139.7049,39.9605]]],[[[139.7051,40.0041],[139.705,40.0041],[139.7052,40.0042],[139.7051,40.0041]]],[[[139.7052,40.0041],[139.7052,40.0042],[139.7052,40.0042],[139.7052,40.0041]]],[[[139.7049,40.0042],[139.7049,40.0043],[139.705,40.0043],[139.7049,40.0042]]],[[[139.7052,40.0044],[139.7051,40.0044],[139.7051,40.0045],[139.7052,40.0044]]],[[[139.7047,40.0047],[139.7046,40.0046],[139.7047,40.0047],[139.7047,40.0047]]],[[[139.7046,40.0046],[139.7046,40.0047],[139.7046,40.0047],[139.7046,40.0046]]],[[[139.7044,40.0047],[139.7044,40.0047],[139.7045,40.0048],[139.7044,40.0047]]],[[[139.7082,39.9227],[139.7082,39.9227],[139.7082,39.9227],[139.7082,39.9227]]],[[[139.7083,39.923],[139.708,39.9229],[139.7081,39.9231],[139.7083,39.923]]],[[[139.7079,39.9231],[139.7078,39.9231],[139.7079,39.9231],[139.7079,39.9231]]],[[[139.7087,39.9237],[139.7085,39.9235],[139.7085,39.9237],[139.7087,39.9237]]],[[[139.7082,39.9238],[139.7082,39.9237],[139.7082,39.9238],[139.7082,39.9238]]],[[[139.7086,39.9238],[139.7085,39.9237],[139.7083,39.9237],[139.7086,39.9238]]],[[[139.7081,39.9239],[139.7082,39.9238],[139.708,39.9237],[139.7081,39.9239]]],[[[139.7083,39.9238],[139.7087,39.924],[139.7083,39.9238],[139.7083,39.9238]]],[[[139.7069,39.9264],[139.7069,39.9264],[139.7069,39.9265],[139.7069,39.9264]]],[[[139.7081,39.9265],[139.7081,39.9264],[139.7081,39.9265],[139.7081,39.9265]]],[[[139.7078,39.9265],[139.7078,39.9265],[139.7079,39.9265],[139.7078,39.9265]]],[[[139.7082,39.9265],[139.7081,39.9265],[139.7082,39.9265],[139.7082,39.9265]]],[[[139.7081,39.9265],[139.7081,39.9265],[139.7081,39.9265],[139.7081,39.9265]]],[[[139.7079,39.9266],[139.7078,39.9265],[139.7078,39.9267],[139.7079,39.9266]]],[[[139.7076,39.9269],[139.7073,39.9268],[139.7074,39.927],[139.7076,39.9269]]],[[[139.7084,39.9269],[139.7085,39.9269],[139.7085,39.9269],[139.7084,39.9269]]],[[[139.7081,39.9268],[139.7085,39.9271],[139.7082,39.9268],[139.7081,39.9268]]],[[[139.7084,39.9271],[139.7083,39.9271],[139.7084,39.9271],[139.7084,39.9271]]],[[[139.7084,39.9273],[139.7084,39.9273],[139.7084,39.9273],[139.7084,39.9273]]],[[[139.7084,39.9274],[139.7084,39.9274],[139.7085,39.9274],[139.7084,39.9274]]],[[[139.7076,39.9275],[139.7075,39.9275],[139.7076,39.9275],[139.7076,39.9275]]],[[[139.7083,39.9275],[139.7083,39.9275],[139.7083,39.9276],[139.7083,39.9275]]],[[[139.7077,39.9276],[139.7077,39.9276],[139.7078,39.9277],[139.7077,39.9276]]],[[[139.7078,39.9276],[139.7078,39.9276],[139.7079,39.9277],[139.7078,39.9276]]],[[[139.7081,39.9278],[139.708,39.9275],[139.708,39.9278],[139.7081,39.9278]]],[[[139.7065,39.9276],[139.7065,39.9277],[139.7066,39.9277],[139.7065,39.9276]]],[[[139.7085,39.9278],[139.7085,39.9278],[139.7086,39.9278],[139.7085,39.9278]]],[[[139.7084,39.9278],[139.7084,39.9278],[139.7085,39.9278],[139.7084,39.9278]]],[[[139.7058,39.9278],[139.706,39.928],[139.7059,39.9278],[139.7058,39.9278]]],[[[139.7062,39.928],[139.7062,39.9279],[139.7062,39.928],[139.7062,39.928]]],[[[139.7077,39.9281],[139.7076,39.9279],[139.7073,39.9278],[139.7077,39.9281]]],[[[139.7077,39.9279],[139.7077,39.928],[139.7078,39.928],[139.7077,39.9279]]],[[[139.7062,39.9281],[139.7064,39.9281],[139.7062,39.928],[139.7062,39.9281]]],[[[139.7078,39.9281],[139.7078,39.9281],[139.7078,39.9281],[139.7078,39.9281]]],[[[139.7066,39.928],[139.7066,39.9281],[139.7067,39.9281],[139.7066,39.928]]],[[[139.7069,39.928],[139.7067,39.9279],[139.7069,39.9281],[139.7071,39.9283],[139.7069,39.928]]],[[[139.7059,39.9281],[139.7059,39.9281],[139.7059,39.9281],[139.7059,39.9281]]],[[[139.7068,39.9282],[139.7068,39.9282],[139.7069,39.9282],[139.7068,39.9282]]],[[[139.7075,39.9282],[139.7075,39.9283],[139.7076,39.9283],[139.7075,39.9282]]],[[[139.7076,39.9283],[139.7076,39.9283],[139.7076,39.9284],[139.7076,39.9283]]],[[[139.7075,39.9284],[139.7074,39.9284],[139.7075,39.9284],[139.7075,39.9284]]],[[[139.7063,39.9301],[139.706,39.9301],[139.7062,39.9301],[139.7063,39.9301]]],[[[139.7059,39.9301],[139.7058,39.9302],[139.7059,39.9302],[139.7059,39.9301]]],[[[139.7071,39.9306],[139.707,39.9305],[139.707,39.9306],[139.7071,39.9306]]],[[[139.7072,39.9307],[139.7073,39.9308],[139.7073,39.9306],[139.7072,39.9307]]],[[[139.7068,39.9308],[139.7068,39.9307],[139.7067,39.9308],[139.7068,39.9308]]],[[[139.7069,39.9308],[139.7072,39.9308],[139.7069,39.9307],[139.7069,39.9308]]],[[[139.7073,39.9309],[139.7073,39.9309],[139.7073,39.931],[139.7073,39.9309]]],[[[139.706,39.931],[139.706,39.9311],[139.7062,39.9311],[139.706,39.931]]],[[[139.7074,39.9312],[139.7073,39.9311],[139.7074,39.9312],[139.7074,39.9312]]],[[[139.7074,39.9313],[139.7071,39.931],[139.7073,39.9312],[139.7074,39.9313]]],[[[139.7071,39.9312],[139.7067,39.931],[139.7068,39.9312],[139.7071,39.9312]]],[[[139.7063,39.9311],[139.7063,39.9312],[139.7064,39.9311],[139.7063,39.9311]]],[[[139.7072,39.9313],[139.7071,39.9313],[139.7072,39.9313],[139.7072,39.9313]]],[[[139.7074,39.9313],[139.7074,39.9313],[139.7074,39.9314],[139.7074,39.9313]]],[[[139.7065,39.9314],[139.7065,39.9315],[139.7066,39.9315],[139.7065,39.9314]]],[[[139.7064,39.9317],[139.7064,39.9318],[139.7065,39.9318],[139.7064,39.9317]]],[[[139.7064,39.9318],[139.7063,39.9318],[139.7064,39.9318],[139.7064,39.9318]]],[[[139.7057,39.9318],[139.7058,39.9319],[139.7059,39.9318],[139.7057,39.9318]]],[[[139.7061,39.9319],[139.7061,39.9319],[139.7061,39.9319],[139.7061,39.9319]]],[[[139.7069,39.9323],[139.7069,39.9323],[139.707,39.9323],[139.7069,39.9323]]],[[[139.7069,39.9325],[139.707,39.9325],[139.7069,39.9325],[139.7069,39.9325]]],[[[139.7069,39.9326],[139.7069,39.9327],[139.707,39.9326],[139.7069,39.9326]]],[[[139.7059,39.9328],[139.7059,39.9328],[139.706,39.9329],[139.7059,39.9328]]],[[[139.7061,39.933],[139.7061,39.9329],[139.7061,39.933],[139.7061,39.933]]],[[[139.7058,39.9333],[139.7058,39.9333],[139.7058,39.9333],[139.7058,39.9333]]],[[[139.7059,39.9333],[139.7059,39.9333],[139.7061,39.9334],[139.7059,39.9333]]],[[[139.7059,39.9334],[139.7059,39.9335],[139.7059,39.9334],[139.7059,39.9334]]],[[[139.7058,39.9334],[139.7058,39.9335],[139.7059,39.9335],[139.7058,39.9334]]],[[[139.7063,39.9335],[139.7062,39.9335],[139.7062,39.9335],[139.7063,39.9335]]],[[[139.7059,39.9336],[139.706,39.9337],[139.7059,39.9336],[139.7059,39.9336]]],[[[139.7058,39.9351],[139.7058,39.9351],[139.7058,39.9351],[139.7058,39.9351]]],[[[139.7058,39.9353],[139.7058,39.9352],[139.7058,39.9353],[139.7058,39.9353]]],[[[139.7061,39.9355],[139.706,39.9354],[139.706,39.9355],[139.7061,39.9355]]],[[[139.7062,39.9388],[139.7061,39.9388],[139.7062,39.9388],[139.7062,39.9388]]],[[[139.7061,39.9388],[139.7062,39.9389],[139.7063,39.9388],[139.7061,39.9388]]],[[[139.7058,39.939],[139.7058,39.939],[139.7058,39.939],[139.7058,39.939]]],[[[139.706,39.9391],[139.7059,39.939],[139.7058,39.9391],[139.706,39.9391]]],[[[139.7058,39.9393],[139.7059,39.9393],[139.706,39.9394],[139.7058,39.9393]]],[[[139.7059,39.9396],[139.7059,39.9396],[139.706,39.9396],[139.7059,39.9396]]],[[[139.7074,39.9452],[139.7074,39.9452],[139.7075,39.9452],[139.7074,39.9452]]],[[[139.708,39.9453],[139.7079,39.9454],[139.708,39.9454],[139.708,39.9453]]],[[[139.708,39.9454],[139.7079,39.9454],[139.708,39.9455],[139.708,39.9454]]],[[[139.7083,39.9455],[139.7081,39.9454],[139.7082,39.9455],[139.7083,39.9455]]],[[[139.708,39.9455],[139.708,39.9455],[139.708,39.9455],[139.708,39.9455]]],[[[139.7083,39.9456],[139.7083,39.9456],[139.7083,39.9456],[139.7083,39.9456]]],[[[139.7082,39.9457],[139.7082,39.9458],[139.7083,39.9458],[139.7082,39.9457]]],[[[139.7084,39.946],[139.7084,39.9459],[139.7084,39.946],[139.7084,39.946]]],[[[139.706,39.9465],[139.7084,39.9468],[139.706,39.9464],[139.706,39.9465]]],[[[139.7086,39.947],[139.7085,39.947],[139.7086,39.9471],[139.7086,39.947]]],[[[139.7086,39.9472],[139.7085,39.9472],[139.7085,39.9473],[139.7086,39.9472]]],[[[139.709,39.9489],[139.7071,39.952],[139.7077,39.9513],[139.709,39.9489]]],[[[139.7061,39.9551],[139.7061,39.9552],[139.7062,39.9551],[139.7061,39.9551]]],[[[139.7062,39.9559],[139.7061,39.956],[139.7062,39.956],[139.7062,39.9559]]],[[[139.7058,39.956],[139.7058,39.9561],[139.7058,39.956],[139.7058,39.956]]],[[[139.708,39.9561],[139.708,39.9561],[139.708,39.9561],[139.708,39.9561]]],[[[139.7059,39.9561],[139.7059,39.9561],[139.7059,39.9561],[139.7059,39.9561]]],[[[139.7073,39.9561],[139.7072,39.9562],[139.7075,39.9562],[139.7073,39.9561]]],[[[139.706,39.9561],[139.706,39.9562],[139.706,39.9561],[139.706,39.9561]]],[[[139.7079,39.9561],[139.7079,39.9562],[139.708,39.9562],[139.7079,39.9561]]],[[[139.7069,39.9561],[139.7069,39.9562],[139.707,39.9563],[139.7069,39.9561]]],[[[139.7061,39.9562],[139.7061,39.9563],[139.7062,39.9562],[139.7061,39.9562]]],[[[139.708,39.9563],[139.7079,39.9562],[139.7079,39.9562],[139.708,39.9563]]],[[[139.7078,39.9562],[139.7077,39.9562],[139.7077,39.9563],[139.7078,39.9562]]],[[[139.7062,39.9563],[139.7062,39.9563],[139.7062,39.9563],[139.7062,39.9563]]],[[[139.7072,39.9563],[139.7072,39.9562],[139.7072,39.9564],[139.7072,39.9563]]],[[[139.7064,39.9563],[139.7064,39.9563],[139.7065,39.9564],[139.7064,39.9563]]],[[[139.7086,39.9563],[139.7086,39.9564],[139.7086,39.9563],[139.7086,39.9563]]],[[[139.7065,39.9564],[139.7065,39.9564],[139.7065,39.9564],[139.7065,39.9564]]],[[[139.7062,39.9564],[139.7061,39.9563],[139.706,39.9565],[139.7062,39.9564]]],[[[139.7064,39.9565],[139.7065,39.9566],[139.7065,39.9564],[139.7064,39.9565]]],[[[139.7062,39.9565],[139.7063,39.9565],[139.7063,39.9565],[139.7062,39.9565]]],[[[139.7061,39.9567],[139.7063,39.9567],[139.7062,39.9566],[139.7061,39.9567]]],[[[139.7059,39.9568],[139.706,39.9568],[139.7059,39.9568],[139.7059,39.9568]]],[[[139.7061,39.9569],[139.7061,39.9569],[139.7061,39.9569],[139.7061,39.9569]]],[[[139.7063,39.9569],[139.7062,39.957],[139.7063,39.957],[139.7063,39.9569]]],[[[139.7059,39.9574],[139.7063,39.9574],[139.7062,39.9572],[139.7059,39.9574]]],[[[139.7063,39.9579],[139.7062,39.9579],[139.7063,39.958],[139.7063,39.9579]]],[[[139.7062,39.9581],[139.7062,39.958],[139.7061,39.958],[139.7062,39.9581]]],[[[139.7064,39.9582],[139.7063,39.9581],[139.7063,39.9583],[139.7064,39.9582]]],[[[139.7061,39.9583],[139.7061,39.9584],[139.7062,39.9584],[139.7061,39.9583]]],[[[139.7059,39.9584],[139.706,39.9586],[139.706,39.9584],[139.7059,39.9584]]],[[[139.7058,39.9585],[139.7057,39.9585],[139.7057,39.9585],[139.7058,39.9585]]],[[[139.7058,39.9585],[139.7059,39.9586],[139.7059,39.9585],[139.7058,39.9585]]],[[[139.7061,39.9587],[139.7062,39.9587],[139.7061,39.9587],[139.7061,39.9587]]],[[[139.7058,39.9587],[139.7058,39.9588],[139.7059,39.9587],[139.7058,39.9587]]],[[[139.706,39.9588],[139.7059,39.9588],[139.706,39.9588],[139.706,39.9588]]],[[[139.706,39.9588],[139.706,39.9588],[139.706,39.9588],[139.706,39.9588]]],[[[139.7059,39.9593],[139.7059,39.9593],[139.706,39.9593],[139.7059,39.9593]]],[[[139.7057,39.9594],[139.7059,39.9595],[139.7058,39.9594],[139.7057,39.9594]]],[[[139.706,39.9596],[139.7059,39.9595],[139.7059,39.9597],[139.706,39.9596]]],[[[139.7058,39.9596],[139.7058,39.9597],[139.7058,39.9597],[139.7058,39.9596]]],[[[139.7069,40.0024],[139.7068,40.0024],[139.7068,40.0025],[139.7069,40.0024]]],[[[139.7068,40.0026],[139.7068,40.0026],[139.7067,40.0026],[139.7068,40.0026]]],[[[139.7114,39.9152],[139.7123,39.9158],[139.7121,39.9153],[139.7114,39.9152]]],[[[139.7109,39.9195],[139.7109,39.9193],[139.7108,39.9195],[139.7109,39.9195]]],[[[139.7109,39.9196],[139.7108,39.9195],[139.7108,39.9196],[139.7109,39.9196]]],[[[139.711,39.9203],[139.7108,39.9201],[139.7108,39.9202],[139.711,39.9203]]],[[[139.7105,39.9205],[139.7104,39.9205],[139.7105,39.9205],[139.7105,39.9205]]],[[[139.7116,39.9211],[139.7115,39.9211],[139.7116,39.9212],[139.7116,39.9211]]],[[[139.7112,39.922],[139.7112,39.922],[139.7112,39.922],[139.7112,39.922]]],[[[139.7105,39.9216],[139.7111,39.9224],[139.7109,39.9217],[139.7105,39.9216]]],[[[139.7097,39.9224],[139.7093,39.922],[139.7094,39.9223],[139.7097,39.9224]]],[[[139.7114,39.9224],[139.7114,39.9224],[139.7114,39.9224],[139.7114,39.9224]]],[[[139.7091,39.9225],[139.7086,39.9222],[139.709,39.9225],[139.7091,39.9225]]],[[[139.7106,39.9225],[139.7106,39.9225],[139.7106,39.9225],[139.7106,39.9225]]],[[[139.7101,39.9226],[139.7102,39.9226],[139.7102,39.9226],[139.7101,39.9226]]],[[[139.7095,39.9228],[139.7107,39.9232],[139.7098,39.9225],[139.709,39.9221],[139.7095,39.9228]]],[[[139.7114,39.9228],[139.7114,39.9226],[139.7112,39.9227],[139.7114,39.9228]]],[[[139.7109,39.9227],[139.7109,39.9228],[139.7109,39.9227],[139.7109,39.9227]]],[[[139.7113,39.9228],[139.7112,39.9228],[139.7113,39.9228],[139.7113,39.9228]]],[[[139.7104,39.9228],[139.7104,39.9228],[139.7106,39.9228],[139.7104,39.9228]]],[[[139.7115,39.9228],[139.7114,39.9228],[139.7114,39.9228],[139.7115,39.9228]]],[[[139.7114,39.9229],[139.7114,39.9228],[139.7114,39.9229],[139.7114,39.9229]]],[[[139.711,39.9228],[139.711,39.9229],[139.7111,39.9229],[139.711,39.9228]]],[[[139.7106,39.9229],[139.7106,39.9229],[139.7106,39.9229],[139.7106,39.9229]]],[[[139.7098,39.9229],[139.7098,39.923],[139.7098,39.923],[139.7098,39.9229]]],[[[139.7106,39.923],[139.7105,39.923],[139.7106,39.923],[139.7106,39.923]]],[[[139.7114,39.923],[139.7113,39.9229],[139.7113,39.923],[139.7114,39.923]]],[[[139.7112,39.923],[139.7112,39.923],[139.7112,39.9231],[139.7112,39.923]]],[[[139.7108,39.923],[139.7108,39.9231],[139.7108,39.9231],[139.7108,39.923]]],[[[139.7108,39.9231],[139.7108,39.9231],[139.7108,39.9231],[139.7108,39.9231]]],[[[139.7109,39.9231],[139.7109,39.9231],[139.711,39.9231],[139.7109,39.9231]]],[[[139.7108,39.9231],[139.7108,39.9231],[139.7109,39.9231],[139.7108,39.9231]]],[[[139.7111,39.9231],[139.7111,39.9232],[139.7112,39.9232],[139.7111,39.9231]]],[[[139.709,39.9232],[139.7089,39.9231],[139.709,39.9232],[139.709,39.9232]]],[[[139.71,39.9232],[139.71,39.9232],[139.7099,39.9232],[139.71,39.9232]]],[[[139.7086,39.9232],[139.7086,39.9232],[139.7087,39.9232],[139.7086,39.9232]]],[[[139.7088,39.9238],[139.7087,39.9237],[139.7088,39.9238],[139.7088,39.9238]]],[[[139.7088,39.9241],[139.7087,39.924],[139.7088,39.9241],[139.7088,39.9241]]],[[[139.7084,39.9245],[139.7089,39.9248],[139.7093,39.9248],[139.7084,39.9245]]],[[[139.7098,39.925],[139.7095,39.9248],[139.7097,39.9251],[139.7098,39.925]]],[[[139.7097,39.9252],[139.7095,39.925],[139.7095,39.9251],[139.7097,39.9252]]],[[[139.7102,39.9252],[139.7102,39.9252],[139.7103,39.9252],[139.7102,39.9252]]],[[[139.7096,39.9252],[139.7095,39.9252],[139.7096,39.9252],[139.7096,39.9252]]],[[[139.7103,39.9253],[139.7102,39.9252],[139.7103,39.9253],[139.7103,39.9253]]],[[[139.7104,39.9254],[139.7103,39.9253],[139.7103,39.9254],[139.7104,39.9254]]],[[[139.7092,39.9252],[139.7094,39.9255],[139.7096,39.9253],[139.7092,39.9252]]],[[[139.7104,39.9255],[139.7104,39.9255],[139.7104,39.9255],[139.7104,39.9255]]],[[[139.7106,39.9255],[139.7105,39.9255],[139.7106,39.9255],[139.7106,39.9255]]],[[[139.7102,39.9256],[139.71,39.9254],[139.7101,39.9256],[139.7102,39.9256]]],[[[139.7105,39.9256],[139.7105,39.9256],[139.7106,39.9256],[139.7105,39.9256]]],[[[139.7101,39.926],[139.7099,39.9259],[139.71,39.926],[139.7101,39.926]]],[[[139.7109,39.9259],[139.7109,39.9259],[139.7109,39.926],[139.7109,39.9259]]],[[[139.711,39.926],[139.7109,39.926],[139.711,39.926],[139.711,39.926]]],[[[139.711,39.9261],[139.711,39.9261],[139.711,39.9261],[139.711,39.9261]]],[[[139.7108,39.9263],[139.7108,39.9262],[139.7108,39.9263],[139.7108,39.9263]]],[[[139.7111,39.9262],[139.7111,39.9263],[139.7111,39.9262],[139.7111,39.9262]]],[[[139.711,39.9263],[139.7109,39.9262],[139.711,39.9263],[139.711,39.9263]]],[[[139.711,39.9263],[139.711,39.9263],[139.7111,39.9263],[139.711,39.9263]]],[[[139.7112,39.9263],[139.7112,39.9263],[139.7112,39.9263],[139.7112,39.9263]]],[[[139.7108,39.9264],[139.7108,39.9264],[139.7108,39.9265],[139.7108,39.9264]]],[[[139.711,39.9265],[139.711,39.9265],[139.7111,39.9265],[139.711,39.9265]]],[[[139.7109,39.9265],[139.7109,39.9265],[139.711,39.9265],[139.7109,39.9265]]],[[[139.7109,39.9265],[139.7108,39.9265],[139.7108,39.9265],[139.7109,39.9265]]],[[[139.7107,39.9265],[139.7107,39.9266],[139.7108,39.9266],[139.7107,39.9265]]],[[[139.7109,39.9266],[139.711,39.9266],[139.7109,39.9266],[139.7109,39.9266]]],[[[139.7109,39.9267],[139.7108,39.9267],[139.7107,39.9268],[139.7109,39.9267]]],[[[139.7104,39.9269],[139.7104,39.9269],[139.7104,39.927],[139.7104,39.9269]]],[[[139.7103,39.927],[139.7102,39.9269],[139.7103,39.9271],[139.7103,39.927]]],[[[139.7097,39.927],[139.7097,39.9271],[139.7097,39.9271],[139.7097,39.927]]],[[[139.7094,39.9271],[139.7094,39.9271],[139.7094,39.9271],[139.7094,39.9271]]],[[[139.7103,39.9271],[139.7102,39.9271],[139.7103,39.9271],[139.7103,39.9271]]],[[[139.7089,39.9271],[139.7089,39.9271],[139.7089,39.9271],[139.7089,39.9271]]],[[[139.7098,39.9271],[139.7097,39.9272],[139.7098,39.9272],[139.7098,39.9271]]],[[[139.7095,39.9271],[139.7095,39.9272],[139.7096,39.9272],[139.7095,39.9271]]],[[[139.7104,39.9272],[139.7103,39.9271],[139.7104,39.9272],[139.7104,39.9272]]],[[[139.7095,39.9272],[139.7094,39.9272],[139.7095,39.9272],[139.7095,39.9272]]],[[[139.71,39.9273],[139.7099,39.9271],[139.71,39.9273],[139.71,39.9273]]],[[[139.7093,39.9273],[139.7093,39.9273],[139.7093,39.9273],[139.7093,39.9273]]],[[[139.709,39.9273],[139.709,39.9273],[139.7091,39.9273],[139.709,39.9273]]],[[[139.71,39.9273],[139.71,39.9273],[139.7101,39.9273],[139.71,39.9273]]],[[[139.7095,39.9273],[139.7094,39.9273],[139.7094,39.9273],[139.7095,39.9273]]],[[[139.7098,39.9274],[139.7097,39.9272],[139.7097,39.9273],[139.7098,39.9274],[139.7098,39.9274]]],[[[139.7092,39.9273],[139.7092,39.9273],[139.7092,39.9274],[139.7092,39.9273]]],[[[139.7093,39.9274],[139.7093,39.9274],[139.7093,39.9274],[139.7093,39.9274]]],[[[139.7086,39.9274],[139.7086,39.9274],[139.7087,39.9274],[139.7086,39.9274]]],[[[139.7098,39.9274],[139.7097,39.9273],[139.7097,39.9274],[139.7098,39.9274]]],[[[139.7099,39.9275],[139.7098,39.9275],[139.7099,39.9275],[139.7099,39.9275]]],[[[139.7086,39.9279],[139.7086,39.9279],[139.7087,39.928],[139.7086,39.9279]]],[[[139.709,39.946],[139.709,39.9461],[139.7091,39.9461],[139.709,39.946]]],[[[139.7091,39.9464],[139.709,39.9463],[139.7091,39.9464],[139.7091,39.9464]]],[[[139.7119,39.9465],[139.7118,39.9465],[139.7119,39.9466],[139.7119,39.9465]]],[[[139.7118,39.9466],[139.7118,39.9466],[139.7118,39.9466],[139.7118,39.9466]]],[[[139.7118,39.9466],[139.7117,39.9466],[139.7117,39.9466],[139.7118,39.9466]]],[[[139.7114,39.9466],[139.7113,39.9466],[139.7113,39.9466],[139.7114,39.9466]]],[[[139.7086,39.9466],[139.7086,39.9466],[139.7086,39.9466],[139.7086,39.9466]]],[[[139.7108,39.9466],[139.7108,39.9467],[139.7109,39.9467],[139.7108,39.9466]]],[[[139.7116,39.9466],[139.7115,39.9466],[139.7115,39.9467],[139.7116,39.9466]]],[[[139.7085,39.9467],[139.7087,39.9468],[139.7088,39.9466],[139.7085,39.9467]]],[[[139.7091,39.9467],[139.7091,39.9467],[139.7091,39.9467],[139.7091,39.9467]]],[[[139.7117,39.9467],[139.7117,39.9467],[139.7117,39.9467],[139.7117,39.9467]]],[[[139.7119,39.9467],[139.7118,39.9467],[139.7118,39.9468],[139.7119,39.9467]]],[[[139.7104,39.9467],[139.7104,39.9467],[139.7104,39.9468],[139.7104,39.9467]]],[[[139.7113,39.9468],[139.7113,39.9467],[139.7112,39.9468],[139.7113,39.9468]]],[[[139.7112,39.9469],[139.7111,39.9467],[139.7111,39.9469],[139.7112,39.9469]]],[[[139.7113,39.9468],[139.7114,39.9468],[139.7114,39.9468],[139.7113,39.9468]]],[[[139.709,39.9468],[139.709,39.9468],[139.7091,39.9468],[139.709,39.9468]]],[[[139.7106,39.9468],[139.7106,39.9468],[139.7107,39.9468],[139.7106,39.9468]]],[[[139.7094,39.9469],[139.7094,39.9468],[139.7094,39.9469],[139.7094,39.9469]]],[[[139.7092,39.9468],[139.7092,39.9469],[139.7093,39.9469],[139.7092,39.9468]]],[[[139.7091,39.9469],[139.7091,39.9469],[139.7092,39.9469],[139.7091,39.9469]]],[[[139.7091,39.947],[139.709,39.9468],[139.709,39.947],[139.7091,39.947]]],[[[139.7106,39.9469],[139.7106,39.947],[139.7106,39.9469],[139.7106,39.9469]]],[[[139.7104,39.947],[139.7104,39.947],[139.7104,39.947],[139.7104,39.947]]],[[[139.7103,39.947],[139.7103,39.947],[139.7103,39.947],[139.7103,39.947]]],[[[139.7104,39.9471],[139.7104,39.9471],[139.7104,39.9471],[139.7104,39.9471]]],[[[139.7098,39.9471],[139.7097,39.9471],[139.7098,39.9471],[139.7098,39.9471]]],[[[139.71,39.9471],[139.71,39.9472],[139.7101,39.9471],[139.71,39.9471]]],[[[139.7102,39.9471],[139.7102,39.9472],[139.7102,39.9471],[139.7102,39.9471]]],[[[139.7087,39.9473],[139.7086,39.9472],[139.7087,39.9474],[139.7087,39.9473]]],[[[139.7088,39.9475],[139.7087,39.9475],[139.7088,39.9475],[139.7088,39.9475]]],[[[139.7106,39.9477],[139.7106,39.9477],[139.7106,39.9477],[139.7106,39.9477]]],[[[139.7093,39.9565],[139.7092,39.9565],[139.7093,39.9566],[139.7093,39.9565]]],[[[139.71,39.9576],[139.71,39.9576],[139.71,39.9576],[139.71,39.9576]]],[[[139.7118,39.996],[139.7118,39.9961],[139.7118,39.996],[139.7118,39.996]]],[[[139.7118,39.9963],[139.7118,39.9962],[139.7117,39.9962],[139.7118,39.9963]]],[[[139.7113,39.9968],[139.7113,39.9969],[139.7113,39.9968],[139.7113,39.9968]]],[[[139.7117,39.9968],[139.7117,39.9968],[139.7117,39.9969],[139.7117,39.9968]]],[[[139.7114,39.9968],[139.7113,39.9968],[139.7114,39.9969],[139.7114,39.9968]]],[[[139.7111,39.9971],[139.7111,39.9971],[139.7112,39.9971],[139.7111,39.9971]]],[[[139.7114,39.9972],[139.7117,39.9971],[139.7114,39.9971],[139.7114,39.9972]]],[[[139.7106,39.9971],[139.7105,39.9971],[139.7106,39.9972],[139.7106,39.9971]]],[[[139.7101,39.9974],[139.7101,39.9974],[139.7101,39.9974],[139.7101,39.9974]]],[[[139.7101,39.9974],[139.7101,39.9975],[139.7102,39.9974],[139.7101,39.9974]]],[[[139.7103,39.9976],[139.7103,39.9975],[139.7103,39.9976],[139.7103,39.9976]]],[[[139.7096,39.9986],[139.7095,39.9986],[139.7095,39.9986],[139.7096,39.9986]]],[[[139.7089,39.999],[139.7089,39.999],[139.7089,39.9991],[139.7089,39.999]]],[[[139.7163,39.9107],[139.7163,39.9106],[139.7162,39.9106],[139.7163,39.9107]]],[[[139.7167,39.9115],[139.7162,39.911],[139.7165,39.9115],[139.7167,39.9115]]],[[[139.7163,39.9135],[139.7165,39.913],[139.7154,39.9121],[139.7163,39.9135]]],[[[139.7155,39.9132],[139.7152,39.9129],[139.7151,39.9131],[139.7155,39.9132]]],[[[139.7132,39.9158],[139.7131,39.9156],[139.7132,39.9158],[139.7132,39.9158]]],[[[139.7162,39.9158],[139.7162,39.9158],[139.7162,39.9158],[139.7162,39.9158]]],[[[139.7154,39.9158],[139.7155,39.9159],[139.7156,39.9158],[139.7154,39.9158]]],[[[139.7161,39.9159],[139.7161,39.916],[139.7161,39.9159],[139.7161,39.9159]]],[[[139.716,39.916],[139.716,39.916],[139.716,39.916],[139.716,39.916]]],[[[139.7136,39.916],[139.7137,39.916],[139.7136,39.916],[139.7136,39.916]]],[[[139.7157,39.916],[139.7157,39.916],[139.7157,39.916],[139.7157,39.916]]],[[[139.7149,39.9159],[139.7149,39.916],[139.7152,39.9162],[139.7149,39.9159]]],[[[139.716,39.9161],[139.7161,39.9161],[139.7161,39.9161],[139.716,39.9161]]],[[[139.7163,39.9161],[139.7163,39.9161],[139.7163,39.9161],[139.7163,39.9161]]],[[[139.7162,39.9162],[139.7162,39.9162],[139.7162,39.9162],[139.7162,39.9162]]],[[[139.7161,39.9162],[139.7161,39.9163],[139.7161,39.9162],[139.7161,39.9162]]],[[[139.7162,39.9162],[139.7161,39.9163],[139.7162,39.9163],[139.7162,39.9162]]],[[[139.7159,39.9163],[139.7159,39.9163],[139.716,39.9162],[139.7159,39.9163]]],[[[139.7139,39.9163],[139.7139,39.9164],[139.714,39.9163],[139.7139,39.9163]]],[[[139.716,39.9164],[139.716,39.9164],[139.716,39.9164],[139.716,39.9164]]],[[[139.7129,39.9164],[139.7129,39.9164],[139.7129,39.9164],[139.7129,39.9164]]],[[[139.7135,39.9165],[139.7133,39.9164],[139.7134,39.9165],[139.7135,39.9165]]],[[[139.7129,39.9165],[139.7129,39.9165],[139.713,39.9165],[139.7129,39.9165]]],[[[139.7138,39.9165],[139.7138,39.9165],[139.7138,39.9165],[139.7138,39.9165]]],[[[139.7145,39.9167],[139.7145,39.9168],[139.7143,39.9163],[139.7139,39.9164],[139.7145,39.9167]]],[[[139.713,39.9165],[139.7132,39.9168],[139.7134,39.9166],[139.713,39.9165]]],[[[139.713,39.9167],[139.7129,39.9165],[139.7129,39.9167],[139.713,39.9167]]],[[[139.7156,39.9166],[139.7155,39.9166],[139.7155,39.9167],[139.7156,39.9166]]],[[[139.7139,39.9167],[139.7138,39.9166],[139.7138,39.9167],[139.7139,39.9167]]],[[[139.7144,39.9167],[139.7144,39.9167],[139.7145,39.9167],[139.7144,39.9167]]],[[[139.7141,39.9171],[139.7141,39.9171],[139.7142,39.9171],[139.7141,39.9171]]],[[[139.7141,39.9172],[139.714,39.9171],[139.714,39.9172],[139.7141,39.9172]]],[[[139.7134,39.9173],[139.7134,39.9173],[139.7135,39.9173],[139.7134,39.9173]]],[[[139.7136,39.9174],[139.7136,39.9174],[139.7137,39.9174],[139.7136,39.9174]]],[[[139.7138,39.9174],[139.7141,39.9175],[139.7139,39.9173],[139.7138,39.9174]]],[[[139.7128,39.9176],[139.7128,39.9177],[139.7129,39.9177],[139.7128,39.9176]]],[[[139.7137,39.9177],[139.7136,39.9176],[139.7136,39.9177],[139.7137,39.9177]]],[[[139.7127,39.9181],[139.7127,39.9184],[139.7133,39.9182],[139.7127,39.9181]]],[[[139.7133,39.9188],[139.7133,39.9188],[139.7134,39.9188],[139.7133,39.9188]]],[[[139.713,39.9189],[139.713,39.9189],[139.7131,39.9189],[139.713,39.9189]]],[[[139.7135,39.9189],[139.7134,39.9189],[139.7135,39.9189],[139.7135,39.9189]]],[[[139.7131,39.9189],[139.7131,39.919],[139.7131,39.9189],[139.7131,39.9189]]],[[[139.7135,39.919],[139.7134,39.919],[139.7135,39.919],[139.7135,39.919]]],[[[139.7122,39.9191],[139.7122,39.9191],[139.7122,39.9191],[139.7122,39.9191]]],[[[139.7127,39.9196],[139.7127,39.9193],[139.7122,39.9193],[139.7127,39.9196]]],[[[139.7123,39.9196],[139.7122,39.9194],[139.7121,39.9196],[139.7123,39.9196]]],[[[139.7123,39.9196],[139.7123,39.9196],[139.7123,39.9196],[139.7123,39.9196]]],[[[139.7129,39.9197],[139.7128,39.9197],[139.7129,39.9197],[139.7129,39.9197]]],[[[139.7131,39.9198],[139.7129,39.9197],[139.7131,39.9198],[139.7131,39.9198]]],[[[139.7125,39.9199],[139.7124,39.92],[139.7125,39.9199],[139.7125,39.9199]]],[[[139.713,39.9208],[139.713,39.9207],[139.713,39.9207],[139.713,39.9208]]],[[[139.7122,39.9207],[139.7122,39.9207],[139.7123,39.9208],[139.7122,39.9207]]],[[[139.7122,39.9209],[139.7121,39.9207],[139.7121,39.9209],[139.7122,39.9209]]],[[[139.713,39.9209],[139.713,39.9209],[139.713,39.9209],[139.713,39.9209]]],[[[139.7117,39.9211],[139.7124,39.9214],[139.7123,39.9211],[139.7117,39.9211]]],[[[139.7125,39.9213],[139.7124,39.9212],[139.7125,39.9213],[139.7125,39.9213]]],[[[139.7127,39.9213],[139.7127,39.9214],[139.7128,39.9214],[139.7127,39.9213]]],[[[139.7126,39.9213],[139.7126,39.9213],[139.7127,39.9214],[139.7126,39.9213]]],[[[139.714,39.9458],[139.714,39.9458],[139.714,39.9458],[139.714,39.9458]]],[[[139.7123,39.9462],[139.7123,39.9462],[139.7125,39.9463],[139.7123,39.9462]]],[[[139.7127,39.9463],[139.7126,39.9463],[139.7126,39.9464],[139.7127,39.9463]]],[[[139.7125,39.9464],[139.7125,39.9464],[139.7125,39.9464],[139.7125,39.9464]]],[[[139.712,39.9465],[139.7119,39.9465],[139.712,39.9466],[139.712,39.9465]]],[[[139.7121,39.9466],[139.712,39.9466],[139.7121,39.9466],[139.7121,39.9466]]],[[[139.712,39.9466],[139.7119,39.9466],[139.712,39.9467],[139.712,39.9466]]],[[[139.7119,39.9467],[139.7119,39.9467],[139.7119,39.9468],[139.7119,39.9467]]],[[[139.7151,39.9595],[139.7156,39.9594],[139.7158,39.9592],[139.7151,39.9595]]],[[[139.7159,39.9879],[139.7158,39.9879],[139.7159,39.988],[139.7159,39.9879]]],[[[139.7161,39.988],[139.7161,39.988],[139.7161,39.9881],[139.7161,39.988]]],[[[139.7159,39.988],[139.7159,39.9881],[139.7161,39.9881],[139.7159,39.988]]],[[[139.7157,39.9882],[139.7157,39.9882],[139.7158,39.9882],[139.7157,39.9882]]],[[[139.7162,39.9882],[139.7161,39.9882],[139.7162,39.9882],[139.7162,39.9882]]],[[[139.7159,39.9882],[139.7159,39.9882],[139.7159,39.9882],[139.7159,39.9882]]],[[[139.7158,39.9883],[139.7157,39.9883],[139.7158,39.9883],[139.7158,39.9883]]],[[[139.7155,39.9885],[139.7155,39.9885],[139.7155,39.9885],[139.7155,39.9885]]],[[[139.7154,39.9888],[139.7153,39.9887],[139.7153,39.9888],[139.7154,39.9888]]],[[[139.7154,39.9893],[139.7154,39.9893],[139.7154,39.9893],[139.7154,39.9893]]],[[[139.715,39.9904],[139.7149,39.9903],[139.7148,39.9905],[139.715,39.9904]]],[[[139.715,39.9907],[139.715,39.9907],[139.715,39.9908],[139.715,39.9907]]],[[[139.7148,39.9909],[139.7146,39.9908],[139.7147,39.9909],[139.7148,39.9909]]],[[[139.7143,39.9911],[139.7143,39.991],[139.7143,39.9911],[139.7143,39.9911]]],[[[139.7144,39.9913],[139.7145,39.9912],[139.7144,39.9912],[139.7144,39.9913]]],[[[139.7143,39.9913],[139.7144,39.9913],[139.7144,39.9913],[139.7143,39.9913]]],[[[139.7143,39.9914],[139.7144,39.9915],[139.7144,39.9914],[139.7143,39.9914]]],[[[139.7142,39.9915],[139.7142,39.9915],[139.7141,39.9915],[139.7142,39.9915]]],[[[139.7144,39.9915],[139.7144,39.9915],[139.7144,39.9915],[139.7144,39.9915]]],[[[139.7142,39.9915],[139.7142,39.9915],[139.7143,39.9915],[139.7142,39.9915]]],[[[139.7141,39.9918],[139.7141,39.9918],[139.7141,39.9918],[139.7141,39.9918]]],[[[139.7143,39.9919],[139.7142,39.9918],[139.7143,39.9919],[139.7143,39.9919]]],[[[139.7142,39.9918],[139.7142,39.9919],[139.7142,39.9918],[139.7142,39.9918]]],[[[139.7141,39.992],[139.714,39.992],[139.714,39.992],[139.7141,39.992]]],[[[139.7143,39.992],[139.7142,39.992],[139.7142,39.9921],[139.7143,39.992]]],[[[139.7137,39.9923],[139.7137,39.9923],[139.7137,39.9923],[139.7137,39.9923]]],[[[139.7138,39.9924],[139.7137,39.9924],[139.7137,39.9924],[139.7138,39.9924]]],[[[139.7135,39.9926],[139.7138,39.9926],[139.7135,39.9924],[139.7135,39.9926]]],[[[139.7138,39.9926],[139.7138,39.9925],[139.7138,39.9926],[139.7138,39.9926]]],[[[139.7139,39.9925],[139.7139,39.9925],[139.7139,39.9926],[139.7139,39.9925]]],[[[139.7139,39.9925],[139.7138,39.9925],[139.7139,39.9926],[139.7139,39.9925]]],[[[139.7134,39.9926],[139.7133,39.9926],[139.7133,39.9926],[139.7134,39.9926]]],[[[139.7137,39.9927],[139.7136,39.9927],[139.7136,39.9928],[139.7137,39.9927]]],[[[139.7135,39.9928],[139.7135,39.9928],[139.7136,39.9928],[139.7135,39.9928]]],[[[139.7137,39.9928],[139.7137,39.9928],[139.7137,39.9928],[139.7137,39.9928]]],[[[139.7135,39.9928],[139.7135,39.9928],[139.7135,39.9928],[139.7135,39.9928]]],[[[139.7133,39.9928],[139.7133,39.9928],[139.7133,39.9928],[139.7133,39.9928]]],[[[139.7135,39.9928],[139.7135,39.9928],[139.7136,39.9928],[139.7135,39.9928]]],[[[139.7133,39.9928],[139.7133,39.9928],[139.7133,39.9928],[139.7133,39.9928]]],[[[139.7134,39.9928],[139.7134,39.9929],[139.7134,39.9928],[139.7134,39.9928]]],[[[139.7135,39.993],[139.7135,39.9929],[139.7134,39.993],[139.7135,39.993]]],[[[139.7134,39.993],[139.7133,39.993],[139.7134,39.993],[139.7134,39.993]]],[[[139.7137,39.9932],[139.7136,39.9932],[139.7137,39.9932],[139.7137,39.9932]]],[[[139.7132,39.9932],[139.7132,39.9932],[139.7132,39.9932],[139.7132,39.9932]]],[[[139.7134,39.9933],[139.7133,39.9933],[139.7133,39.9933],[139.7134,39.9933]]],[[[139.7134,39.9934],[139.7133,39.9934],[139.7133,39.9935],[139.7134,39.9934]]],[[[139.7132,39.9935],[139.7132,39.9935],[139.7132,39.9935],[139.7132,39.9935]]],[[[139.7128,39.9937],[139.7128,39.9937],[139.7129,39.9937],[139.7128,39.9937]]],[[[139.7129,39.9937],[139.713,39.9938],[139.7131,39.9937],[139.7129,39.9937]]],[[[139.7132,39.9937],[139.7132,39.9938],[139.7132,39.9937],[139.7132,39.9937]]],[[[139.7134,39.9938],[139.7133,39.9938],[139.7134,39.9939],[139.7134,39.9938]]],[[[139.7131,39.994],[139.7132,39.994],[139.7132,39.9939],[139.7131,39.994]]],[[[139.7129,39.994],[139.7129,39.9941],[139.713,39.9941],[139.7129,39.994]]],[[[139.7127,39.9944],[139.7127,39.9944],[139.7128,39.9944],[139.7127,39.9944]]],[[[139.7127,39.9945],[139.7128,39.9945],[139.7129,39.9945],[139.7127,39.9945]]],[[[139.7129,39.9946],[139.7129,39.9947],[139.7129,39.9946],[139.7129,39.9946]]],[[[139.7127,39.9948],[139.7127,39.9949],[139.7127,39.9948],[139.7127,39.9948]]],[[[139.7125,39.9949],[139.7125,39.9949],[139.7126,39.9949],[139.7125,39.9949]]],[[[139.7127,39.9949],[139.7127,39.995],[139.7127,39.9949],[139.7127,39.9949]]],[[[139.7129,39.995],[139.7129,39.995],[139.7129,39.995],[139.7129,39.995]]],[[[139.7122,39.9954],[139.7122,39.9955],[139.7123,39.9953],[139.7122,39.9954]]],[[[139.7123,39.9957],[139.7122,39.9957],[139.7122,39.9957],[139.7123,39.9957]]],[[[139.7122,39.9957],[139.7121,39.9957],[139.7122,39.9957],[139.7122,39.9957]]],[[[139.712,39.9957],[139.712,39.9958],[139.7121,39.9957],[139.712,39.9957]]],[[[139.7122,39.9957],[139.7122,39.9958],[139.7123,39.9958],[139.7122,39.9957]]],[[[139.7122,39.9958],[139.7122,39.9958],[139.7123,39.9958],[139.7122,39.9958]]],[[[139.7119,39.9961],[139.7119,39.9961],[139.712,39.9961],[139.7119,39.9961]]],[[[139.7338,39.8909],[139.7339,39.8909],[139.7338,39.8909],[139.7338,39.8909]]],[[[139.7341,39.8948],[139.7342,39.8948],[139.7343,39.8947],[139.7341,39.8948]]],[[[139.7344,39.8949],[139.7343,39.8948],[139.7344,39.8949],[139.7344,39.8949]]],[[[139.734,39.8949],[139.734,39.8949],[139.7339,39.8949],[139.734,39.8949]]],[[[139.7346,39.8955],[139.7346,39.8955],[139.7346,39.8955],[139.7346,39.8955]]],[[[139.7341,39.8965],[139.7342,39.8965],[139.7342,39.8964],[139.7341,39.8965]]],[[[139.7337,39.8967],[139.7338,39.8967],[139.7338,39.8967],[139.7337,39.8967]]],[[[139.7333,39.8968],[139.7333,39.8968],[139.7333,39.8968],[139.7333,39.8968]]],[[[139.7332,39.8969],[139.7332,39.8968],[139.7331,39.8969],[139.7332,39.8969]]],[[[139.7341,39.897],[139.7341,39.897],[139.7341,39.8969],[139.7341,39.897]]],[[[139.7341,39.8973],[139.7341,39.8972],[139.7341,39.8973],[139.7341,39.8973]]],[[[139.7349,39.8995],[139.7348,39.8995],[139.7348,39.8995],[139.7349,39.8995]]],[[[139.7347,39.8997],[139.7347,39.8996],[139.7346,39.8997],[139.7347,39.8997]]],[[[139.7345,39.9],[139.7345,39.9],[139.7345,39.8999],[139.7345,39.9]]],[[[139.7341,39.9],[139.7342,39.9001],[139.7342,39.9],[139.7341,39.9]]],[[[139.7347,39.9005],[139.7346,39.9004],[139.7347,39.9005],[139.7347,39.9005]]],[[[139.7348,39.9012],[139.7348,39.9012],[139.7348,39.9012],[139.7348,39.9012]]],[[[139.7348,39.9014],[139.7348,39.9013],[139.7347,39.9013],[139.7348,39.9014]]],[[[139.7333,39.9029],[139.7333,39.9029],[139.7336,39.903],[139.7333,39.9029]]],[[[139.7343,39.903],[139.7342,39.9031],[139.7343,39.9031],[139.7343,39.903]]],[[[139.7343,39.9031],[139.7343,39.9031],[139.7343,39.9031],[139.7343,39.9031]]],[[[139.7341,39.9031],[139.7341,39.9032],[139.7341,39.9032],[139.7341,39.9031]]],[[[139.7342,39.9032],[139.7342,39.9032],[139.7342,39.9032],[139.7342,39.9032]]],[[[139.7341,39.9032],[139.7341,39.9032],[139.7341,39.9032],[139.7341,39.9032]]],[[[139.7345,39.9035],[139.7345,39.9035],[139.7345,39.9035],[139.7345,39.9035]]],[[[139.7346,39.9035],[139.7346,39.9035],[139.7346,39.9035],[139.7346,39.9035]]],[[[139.7347,39.9037],[139.7347,39.9037],[139.7347,39.9037],[139.7347,39.9037]]],[[[139.7308,39.9062],[139.7307,39.9061],[139.7308,39.9062],[139.7308,39.9062]]],[[[139.7337,39.9063],[139.7336,39.9064],[139.7337,39.9064],[139.7337,39.9063]]],[[[139.733,39.9066],[139.7329,39.9066],[139.733,39.9066],[139.733,39.9066]]],[[[139.7334,39.9067],[139.7333,39.9067],[139.7334,39.9067],[139.7334,39.9067]]],[[[139.7336,39.9068],[139.7335,39.9068],[139.7336,39.9068],[139.7336,39.9068]]],[[[139.733,39.9072],[139.733,39.9072],[139.7331,39.9072],[139.733,39.9072]]],[[[139.7329,39.9073],[139.7329,39.9073],[139.7329,39.9074],[139.7329,39.9073]]],[[[139.7327,39.9073],[139.7327,39.9074],[139.7327,39.9074],[139.7327,39.9073]]],[[[139.7332,39.9073],[139.7332,39.9074],[139.7333,39.9073],[139.7332,39.9073]]],[[[139.7236,39.9075],[139.7236,39.9075],[139.7234,39.9074],[139.7236,39.9075]]],[[[139.7242,39.9074],[139.7242,39.9075],[139.7242,39.9075],[139.7242,39.9074]]],[[[139.7246,39.9075],[139.7246,39.9075],[139.7247,39.9075],[139.7246,39.9075]]],[[[139.7327,39.9075],[139.7327,39.9075],[139.7327,39.9075],[139.7327,39.9075]]],[[[139.7326,39.9076],[139.7327,39.9076],[139.7326,39.9076],[139.7326,39.9076]]],[[[139.7328,39.9076],[139.7329,39.9076],[139.7328,39.9076],[139.7328,39.9076]]],[[[139.7214,39.9075],[139.7214,39.9076],[139.7217,39.9078],[139.7214,39.9075]]],[[[139.7327,39.9076],[139.7326,39.9076],[139.7327,39.9077],[139.7327,39.9076]]],[[[139.7326,39.9077],[139.7325,39.9076],[139.7325,39.9077],[139.7326,39.9077]]],[[[139.7328,39.9077],[139.7328,39.9077],[139.7328,39.9077],[139.7328,39.9077]]],[[[139.7324,39.908],[139.7323,39.9079],[139.7323,39.908],[139.7324,39.908]]],[[[139.7275,39.9081],[139.7275,39.908],[139.7273,39.908],[139.7275,39.9081]]],[[[139.7319,39.9076],[139.7305,39.9085],[139.7317,39.9079],[139.7319,39.9076]]],[[[139.7226,39.9081],[139.7226,39.908],[139.7224,39.908],[139.7226,39.9081]]],[[[139.7186,39.908],[139.7185,39.908],[139.7185,39.9081],[139.7186,39.908]]],[[[139.7223,39.9079],[139.7223,39.9081],[139.7226,39.9083],[139.7223,39.9079]]],[[[139.7205,39.9086],[139.7208,39.908],[139.7198,39.9078],[139.7205,39.9086]]],[[[139.7234,39.9082],[139.7234,39.9084],[139.7235,39.9082],[139.7234,39.9082]]],[[[139.7219,39.9085],[139.7216,39.9081],[139.7218,39.9084],[139.7219,39.9085]]],[[[139.7226,39.9081],[139.7227,39.9084],[139.7231,39.9085],[139.7226,39.9081]]],[[[139.7236,39.9083],[139.7236,39.9084],[139.7236,39.9084],[139.7236,39.9083]]],[[[139.7222,39.9085],[139.7221,39.9084],[139.722,39.9085],[139.7222,39.9085]]],[[[139.7192,39.9084],[139.7198,39.9086],[139.7193,39.9083],[139.7192,39.9084]]],[[[139.7191,39.9086],[139.7191,39.9086],[139.7191,39.9085],[139.7191,39.9086]]],[[[139.7224,39.9087],[139.7223,39.9085],[139.7222,39.9086],[139.7224,39.9087]]],[[[139.7201,39.9085],[139.7202,39.9087],[139.7202,39.9086],[139.7201,39.9085]]],[[[139.7313,39.9087],[139.7313,39.9087],[139.7313,39.9087],[139.7313,39.9087]]],[[[139.7312,39.9087],[139.7311,39.9087],[139.7312,39.9088],[139.7312,39.9087]]],[[[139.7307,39.9087],[139.7307,39.9087],[139.7308,39.9087],[139.7307,39.9087]]],[[[139.7307,39.9088],[139.7307,39.9089],[139.7307,39.9088],[139.7307,39.9088]]],[[[139.7191,39.9089],[139.7191,39.9089],[139.7189,39.9089],[139.7191,39.9089]]],[[[139.7304,39.9091],[139.7304,39.9091],[139.7305,39.9091],[139.7304,39.9091]]],[[[139.7169,39.9092],[139.717,39.9091],[139.7168,39.9091],[139.7169,39.9092]]],[[[139.7271,39.9091],[139.727,39.9091],[139.7271,39.9092],[139.7271,39.9091]]],[[[139.7174,39.9094],[139.7173,39.9093],[139.7173,39.9094],[139.7174,39.9094]]],[[[139.7185,39.9097],[139.7185,39.9098],[139.7185,39.9097],[139.7185,39.9097]]],[[[139.7187,39.91],[139.7186,39.91],[139.7186,39.9101],[139.7187,39.91]]],[[[139.7169,39.911],[139.7169,39.9109],[139.7165,39.9103],[139.7169,39.911]]],[[[139.7172,39.9116],[139.7173,39.9117],[139.7173,39.9117],[139.7172,39.9116]]],[[[139.7175,39.9127],[139.7176,39.9128],[139.7176,39.9128],[139.7175,39.9127]]],[[[139.7176,39.9129],[139.7175,39.9129],[139.7176,39.9129],[139.7176,39.9129]]],[[[139.7177,39.9129],[139.7177,39.913],[139.7177,39.9129],[139.7177,39.9129]]],[[[139.7174,39.913],[139.7175,39.9131],[139.7175,39.9131],[139.7174,39.913]]],[[[139.7174,39.9132],[139.7174,39.913],[139.7173,39.9131],[139.7174,39.9132]]],[[[139.7173,39.9132],[139.7173,39.9132],[139.7173,39.9132],[139.7173,39.9132]]],[[[139.7175,39.9132],[139.7175,39.9133],[139.7176,39.9132],[139.7175,39.9132]]],[[[139.7173,39.9133],[139.7174,39.9133],[139.7173,39.9133],[139.7173,39.9133]]],[[[139.7166,39.9153],[139.7165,39.9153],[139.7165,39.9153],[139.7166,39.9153]]],[[[139.7166,39.9153],[139.7166,39.9153],[139.7166,39.9153],[139.7166,39.9153]]],[[[139.7166,39.9158],[139.7166,39.9158],[139.7167,39.9158],[139.7166,39.9158]]],[[[139.7166,39.9159],[139.7166,39.9159],[139.7166,39.9159],[139.7166,39.9159]]],[[[139.7165,39.9159],[139.7165,39.9159],[139.7165,39.9159],[139.7165,39.9159]]],[[[139.72,39.9477],[139.7199,39.9477],[139.72,39.9477],[139.72,39.9477]]],[[[139.7268,39.9815],[139.7265,39.9814],[139.7268,39.9815],[139.7268,39.9815]]],[[[139.7281,39.9815],[139.728,39.9815],[139.7281,39.9815],[139.7281,39.9815]]],[[[139.729,39.9817],[139.7289,39.9818],[139.7291,39.9817],[139.729,39.9817]]],[[[139.7283,39.9817],[139.7283,39.9818],[139.7284,39.9818],[139.7283,39.9817]]],[[[139.7312,39.982],[139.7312,39.9821],[139.7312,39.982],[139.7312,39.982]]],[[[139.7311,39.9821],[139.7311,39.982],[139.7311,39.9821],[139.7311,39.9821]]],[[[139.7313,39.9821],[139.7312,39.9821],[139.7313,39.9821],[139.7313,39.9821]]],[[[139.725,39.9822],[139.7249,39.9822],[139.725,39.9822],[139.725,39.9822]]],[[[139.7296,39.9821],[139.7299,39.9824],[139.7297,39.9821],[139.7296,39.9821]]],[[[139.7241,39.9823],[139.7241,39.9823],[139.7241,39.9823],[139.7241,39.9823]]],[[[139.7308,39.9823],[139.7307,39.9822],[139.7307,39.9823],[139.7308,39.9823]]],[[[139.7251,39.9823],[139.725,39.9823],[139.725,39.9823],[139.7251,39.9823]]],[[[139.7319,39.9825],[139.7318,39.9824],[139.7313,39.9824],[139.7319,39.9825]]],[[[139.7308,39.9825],[139.7307,39.9825],[139.7307,39.9825],[139.7308,39.9825]]],[[[139.7298,39.9829],[139.7298,39.9828],[139.7298,39.9828],[139.7298,39.9829]]],[[[139.7333,39.9829],[139.7332,39.9829],[139.7333,39.983],[139.7333,39.9829]]],[[[139.7332,39.983],[139.7332,39.983],[139.7333,39.983],[139.7332,39.983]]],[[[139.7297,39.983],[139.7297,39.983],[139.7296,39.983],[139.7297,39.983]]],[[[139.7331,39.983],[139.733,39.9831],[139.7331,39.9831],[139.7331,39.983]]],[[[139.7333,39.9831],[139.7332,39.9831],[139.7333,39.9831],[139.7333,39.9831]]],[[[139.7332,39.9832],[139.7331,39.9832],[139.7332,39.9833],[139.7332,39.9832]]],[[[139.7333,39.9834],[139.7333,39.9834],[139.7333,39.9834],[139.7333,39.9834]]],[[[139.7347,39.9836],[139.7347,39.9836],[139.7348,39.9836],[139.7347,39.9836]]],[[[139.7333,39.9837],[139.7333,39.9838],[139.7334,39.9837],[139.7333,39.9837]]],[[[139.7321,39.9836],[139.7312,39.9838],[139.7329,39.9838],[139.7321,39.9836]]],[[[139.7334,39.9838],[139.7334,39.9838],[139.7334,39.9838],[139.7334,39.9838]]],[[[139.7337,39.9838],[139.7335,39.9837],[139.7336,39.9839],[139.7337,39.9838]]],[[[139.7347,39.9839],[139.7348,39.9839],[139.7348,39.9839],[139.7347,39.9839]]],[[[139.734,39.9839],[139.7344,39.984],[139.734,39.9838],[139.734,39.9839]]],[[[139.7335,39.9839],[139.7334,39.9839],[139.7334,39.984],[139.7335,39.9839]]],[[[139.7339,39.9839],[139.7338,39.9839],[139.7339,39.984],[139.7339,39.9839]]],[[[139.7337,39.984],[139.7337,39.984],[139.7338,39.984],[139.7337,39.984]]],[[[139.7335,39.984],[139.7334,39.984],[139.7335,39.984],[139.7335,39.984]]],[[[139.7345,39.984],[139.7345,39.984],[139.7345,39.984],[139.7345,39.984]]],[[[139.7202,39.9845],[139.7202,39.9845],[139.7202,39.9845],[139.7202,39.9845]]],[[[139.7201,39.9847],[139.7201,39.9847],[139.72,39.9847],[139.7201,39.9847]]],[[[139.7192,39.9855],[139.7192,39.9855],[139.7193,39.9855],[139.7192,39.9855]]],[[[139.7189,39.9859],[139.7189,39.9858],[139.7188,39.986],[139.7189,39.9859]]],[[[139.7191,39.9859],[139.719,39.9859],[139.719,39.986],[139.7191,39.9859]]],[[[139.7177,39.9868],[139.7177,39.9868],[139.7178,39.9868],[139.7177,39.9868]]],[[[139.7176,39.9869],[139.7176,39.9869],[139.7177,39.9869],[139.7176,39.9869]]],[[[139.7172,39.9871],[139.7171,39.9871],[139.7171,39.9872],[139.7172,39.9871]]],[[[139.7169,39.9872],[139.7169,39.9872],[139.7171,39.9872],[139.7169,39.9872]]],[[[139.7171,39.9872],[139.7171,39.9872],[139.7171,39.9872],[139.7171,39.9872]]],[[[139.7166,39.9876],[139.7165,39.9876],[139.7166,39.9876],[139.7166,39.9876]]],[[[139.7422,39.8648],[139.742,39.8647],[139.7422,39.8648],[139.7422,39.8648]]],[[[139.7422,39.8648],[139.7422,39.8648],[139.7422,39.8648],[139.7422,39.8648]]],[[[139.7425,39.8648],[139.7425,39.8648],[139.7425,39.8648],[139.7425,39.8648]]],[[[139.7416,39.8672],[139.742,39.8675],[139.7417,39.8672],[139.7416,39.8672]]],[[[139.7419,39.8677],[139.7426,39.8679],[139.7423,39.8675],[139.7419,39.8677]]],[[[139.7427,39.8678],[139.7429,39.8679],[139.7428,39.8678],[139.7427,39.8678]]],[[[139.7423,39.8683],[139.7423,39.8683],[139.7423,39.8684],[139.7423,39.8683]]],[[[139.7425,39.8686],[139.7426,39.8686],[139.7425,39.8686],[139.7425,39.8686]]],[[[139.7428,39.8693],[139.7428,39.8693],[139.7428,39.8693],[139.7428,39.8693]]],[[[139.7429,39.8693],[139.7429,39.8693],[139.7429,39.8693],[139.7429,39.8693]]],[[[139.7428,39.8693],[139.7428,39.8693],[139.7428,39.8693],[139.7428,39.8693]]],[[[139.7428,39.8693],[139.7428,39.8693],[139.7428,39.8693],[139.7428,39.8693]]],[[[139.7429,39.8694],[139.7429,39.8694],[139.7429,39.8694],[139.7429,39.8694]]],[[[139.7429,39.8694],[139.7429,39.8694],[139.7429,39.8694],[139.7429,39.8694]]],[[[139.7431,39.8697],[139.7432,39.8697],[139.7431,39.8696],[139.7431,39.8697]]],[[[139.7432,39.8699],[139.7432,39.8699],[139.7432,39.8699],[139.7432,39.8699]]],[[[139.7428,39.8701],[139.7428,39.8701],[139.7428,39.8701],[139.7428,39.8701]]],[[[139.743,39.8701],[139.743,39.8701],[139.743,39.8702],[139.743,39.8701]]],[[[139.7428,39.8704],[139.7427,39.8703],[139.7425,39.8703],[139.7428,39.8704]]],[[[139.7388,39.8711],[139.7387,39.8711],[139.7388,39.8711],[139.7388,39.8711]]],[[[139.7408,39.8713],[139.7408,39.8713],[139.7408,39.8712],[139.7408,39.8713]]],[[[139.7407,39.8713],[139.7407,39.8713],[139.7408,39.8713],[139.7407,39.8713]]],[[[139.7403,39.8713],[139.74,39.8713],[139.7401,39.8714],[139.7403,39.8713]]],[[[139.7399,39.8714],[139.7398,39.8714],[139.7399,39.8714],[139.7399,39.8714]]],[[[139.7402,39.8715],[139.7402,39.8715],[139.7402,39.8715],[139.7402,39.8715]]],[[[139.7401,39.8726],[139.74,39.8727],[139.7401,39.8726],[139.7401,39.8726]]],[[[139.74,39.8728],[139.7401,39.8728],[139.7401,39.8727],[139.74,39.8728]]],[[[139.7406,39.873],[139.7406,39.873],[139.7406,39.873],[139.7406,39.873]]],[[[139.7403,39.8737],[139.7404,39.8738],[139.7404,39.8737],[139.7403,39.8737]]],[[[139.7407,39.8741],[139.7405,39.874],[139.7407,39.8741],[139.7407,39.8741]]],[[[139.7402,39.8741],[139.7402,39.8742],[139.7402,39.8741],[139.7402,39.8741]]],[[[139.7406,39.8742],[139.7406,39.8742],[139.7407,39.8742],[139.7406,39.8742]]],[[[139.7408,39.8743],[139.7408,39.8743],[139.7409,39.8744],[139.7408,39.8743]]],[[[139.7405,39.8746],[139.7406,39.8745],[139.7404,39.8745],[139.7405,39.8746]]],[[[139.7406,39.8747],[139.7408,39.8747],[139.7407,39.8746],[139.7406,39.8747]]],[[[139.7403,39.8747],[139.7404,39.8747],[139.7404,39.8747],[139.7403,39.8747]]],[[[139.7406,39.8748],[139.7406,39.8748],[139.7407,39.8748],[139.7406,39.8748]]],[[[139.7409,39.875],[139.7407,39.8749],[139.7407,39.875],[139.7409,39.875]]],[[[139.7409,39.8751],[139.7407,39.875],[139.7408,39.8751],[139.7409,39.8751]]],[[[139.7394,39.8766],[139.7393,39.8764],[139.7393,39.8766],[139.7394,39.8766]]],[[[139.7389,39.8769],[139.7392,39.8769],[139.7389,39.8769],[139.7389,39.8769]]],[[[139.7381,39.8769],[139.738,39.8769],[139.738,39.8769],[139.7381,39.8769]]],[[[139.739,39.8771],[139.739,39.8771],[139.7389,39.8771],[139.739,39.8771]]],[[[139.7392,39.8776],[139.7391,39.8776],[139.7391,39.8777],[139.7392,39.8776]]],[[[139.7378,39.8777],[139.7381,39.8777],[139.7379,39.8777],[139.7378,39.8777]]],[[[139.7393,39.8778],[139.7392,39.8777],[139.7393,39.8778],[139.7393,39.8778]]],[[[139.7394,39.8779],[139.7394,39.8779],[139.7395,39.8779],[139.7394,39.8779]]],[[[139.738,39.8788],[139.7382,39.8787],[139.738,39.8787],[139.7379,39.8787],[139.738,39.8788]]],[[[139.7373,39.8793],[139.7372,39.8791],[139.7372,39.8793],[139.7373,39.8793]]],[[[139.7357,39.8792],[139.7357,39.8793],[139.7358,39.8793],[139.7357,39.8792]]],[[[139.7359,39.8793],[139.7359,39.8794],[139.736,39.8793],[139.7359,39.8793]]],[[[139.738,39.8794],[139.738,39.8795],[139.738,39.8794],[139.738,39.8794]]],[[[139.7376,39.8795],[139.7376,39.8796],[139.7377,39.8796],[139.7376,39.8795]]],[[[139.737,39.8797],[139.737,39.8797],[139.7371,39.8797],[139.737,39.8797]]],[[[139.7382,39.88],[139.7379,39.8796],[139.7381,39.88],[139.7382,39.88]]],[[[139.7367,39.88],[139.7367,39.8798],[139.7367,39.88],[139.7367,39.88]]],[[[139.737,39.88],[139.737,39.8801],[139.737,39.88],[139.737,39.88]]],[[[139.7369,39.8811],[139.7374,39.8812],[139.7371,39.881],[139.7367,39.88],[139.7358,39.8798],[139.7369,39.8811]]],[[[139.7366,39.881],[139.7366,39.8809],[139.7358,39.8806],[139.7366,39.881]]],[[[139.7377,39.8808],[139.7376,39.8809],[139.7377,39.8808],[139.7377,39.8808]]],[[[139.7377,39.8811],[139.7375,39.8809],[139.7375,39.8812],[139.7377,39.8811]]],[[[139.7368,39.8829],[139.7368,39.883],[139.7369,39.8829],[139.7368,39.8829]]],[[[139.7362,39.883],[139.7362,39.8832],[139.7365,39.8829],[139.7362,39.883]]],[[[139.7353,39.8838],[139.7353,39.8838],[139.7353,39.8838],[139.7353,39.8838]]],[[[139.7367,39.884],[139.7365,39.8839],[139.7366,39.884],[139.7367,39.884]]],[[[139.7387,39.8848],[139.7387,39.8848],[139.7387,39.8847],[139.7387,39.8848]]],[[[139.7367,39.8863],[139.7373,39.8864],[139.7369,39.8861],[139.7367,39.8863]]],[[[139.7358,39.8868],[139.7358,39.8869],[139.736,39.8867],[139.7358,39.8868]]],[[[139.7357,39.8873],[139.7356,39.8873],[139.7357,39.8874],[139.7357,39.8873]]],[[[139.7358,39.889],[139.7358,39.8891],[139.7362,39.889],[139.7358,39.889]]],[[[139.7363,39.8894],[139.7362,39.8894],[139.7362,39.8894],[139.7363,39.8894]]],[[[139.7361,39.8895],[139.736,39.8895],[139.7361,39.8895],[139.7361,39.8895]]],[[[139.7361,39.8902],[139.736,39.8903],[139.7361,39.8902],[139.7361,39.8902]]],[[[139.7358,39.8902],[139.7358,39.8903],[139.7359,39.8902],[139.7358,39.8902]]],[[[139.7362,39.8903],[139.7362,39.8903],[139.7364,39.8903],[139.7362,39.8903]]],[[[139.7359,39.8906],[139.7359,39.8907],[139.736,39.8906],[139.7359,39.8906]]],[[[139.736,39.8909],[139.736,39.8909],[139.736,39.891],[139.736,39.8909]]],[[[139.7351,39.8912],[139.735,39.8911],[139.735,39.8913],[139.7351,39.8912]]],[[[139.7359,39.8912],[139.736,39.8913],[139.736,39.8912],[139.7359,39.8912]]],[[[139.736,39.8914],[139.736,39.8913],[139.736,39.8914],[139.736,39.8914]]],[[[139.7352,39.8913],[139.7351,39.8914],[139.7353,39.8914],[139.7352,39.8913]]],[[[139.7352,39.8915],[139.7355,39.8915],[139.7352,39.8915],[139.7352,39.8915]]],[[[139.735,39.8915],[139.7351,39.8916],[139.7352,39.8915],[139.735,39.8915]]],[[[139.7358,39.8915],[139.7359,39.8917],[139.7359,39.8915],[139.7358,39.8915]]],[[[139.736,39.8916],[139.7359,39.8917],[139.736,39.8916],[139.736,39.8916]]],[[[139.7355,39.8916],[139.7354,39.8916],[139.7354,39.8916],[139.7355,39.8916]]],[[[139.7356,39.8917],[139.7357,39.8917],[139.7356,39.8917],[139.7356,39.8917]]],[[[139.7356,39.8918],[139.7355,39.8917],[139.7354,39.8918],[139.7356,39.8918]]],[[[139.7354,39.8919],[139.7355,39.8919],[139.7355,39.8919],[139.7354,39.8919]]],[[[139.7356,39.892],[139.7357,39.8919],[139.7356,39.8919],[139.7356,39.892]]],[[[139.7348,39.8921],[139.7353,39.8921],[139.735,39.892],[139.7348,39.8921]]],[[[139.7349,39.8925],[139.7349,39.8925],[139.7353,39.8926],[139.7349,39.8925]]],[[[139.7353,39.8933],[139.735,39.8932],[139.7352,39.8933],[139.7353,39.8933]]],[[[139.7357,39.8933],[139.7357,39.8933],[139.7358,39.8933],[139.7357,39.8933]]],[[[139.7357,39.8934],[139.7358,39.8934],[139.7357,39.8933],[139.7357,39.8934]]],[[[139.7351,39.8937],[139.735,39.8937],[139.7351,39.8937],[139.7351,39.8937]]],[[[139.7359,39.8937],[139.7358,39.8937],[139.7359,39.8938],[139.7359,39.8937]]],[[[139.7355,39.8941],[139.7356,39.8941],[139.7356,39.8941],[139.7355,39.8941]]],[[[139.7352,39.9009],[139.7351,39.901],[139.7351,39.901],[139.7352,39.9009]]],[[[139.735,39.9014],[139.7351,39.9014],[139.735,39.9013],[139.735,39.9014]]],[[[139.7349,39.9014],[139.7349,39.9014],[139.7349,39.9013],[139.7349,39.9014]]],[[[139.7349,39.9014],[139.735,39.9014],[139.735,39.9014],[139.7349,39.9014]]],[[[139.7351,39.9014],[139.7351,39.9014],[139.7351,39.9014],[139.7351,39.9014]]],[[[139.7351,39.9016],[139.7352,39.9016],[139.7352,39.9016],[139.7351,39.9016]]],[[[139.7348,39.9019],[139.7348,39.9019],[139.7349,39.9019],[139.7348,39.9019]]],[[[139.7353,39.9021],[139.7353,39.9021],[139.7353,39.9021],[139.7353,39.9021]]],[[[139.7351,39.9026],[139.7351,39.9026],[139.7351,39.9026],[139.7351,39.9026]]],[[[139.735,39.9026],[139.735,39.9026],[139.735,39.9026],[139.735,39.9026]]],[[[139.7352,39.9027],[139.7352,39.9027],[139.7352,39.9027],[139.7352,39.9027]]],[[[139.7386,39.9812],[139.7385,39.9812],[139.7386,39.9812],[139.7386,39.9812]]],[[[139.7386,39.9812],[139.7385,39.9812],[139.7386,39.9813],[139.7386,39.9812]]],[[[139.7379,39.9813],[139.7379,39.9813],[139.7379,39.9813],[139.7379,39.9813]]],[[[139.7386,39.9813],[139.7387,39.9813],[139.7387,39.9813],[139.7386,39.9813]]],[[[139.7386,39.9813],[139.7385,39.9813],[139.7386,39.9813],[139.7386,39.9813]]],[[[139.7377,39.9813],[139.7378,39.9813],[139.7377,39.9813],[139.7377,39.9813]]],[[[139.7386,39.9813],[139.7386,39.9813],[139.7386,39.9814],[139.7386,39.9813]]],[[[139.7377,39.9814],[139.7377,39.9814],[139.7377,39.9814],[139.7377,39.9814]]],[[[139.738,39.9815],[139.7379,39.9815],[139.738,39.9815],[139.738,39.9815]]],[[[139.738,39.9815],[139.7379,39.9815],[139.7379,39.9816],[139.738,39.9815]]],[[[139.7371,39.9822],[139.7371,39.9822],[139.7372,39.9823],[139.7371,39.9822]]],[[[139.7368,39.9826],[139.7368,39.9826],[139.7368,39.9826],[139.7368,39.9826]]],[[[139.7366,39.9826],[139.7365,39.9826],[139.7366,39.9826],[139.7366,39.9826]]],[[[139.7364,39.9828],[139.7363,39.9828],[139.7364,39.9828],[139.7364,39.9828]]],[[[139.7358,39.9828],[139.7358,39.9828],[139.7358,39.9828],[139.7358,39.9828]]],[[[139.736,39.9829],[139.7359,39.9828],[139.7359,39.9829],[139.736,39.9829]]],[[[139.7361,39.983],[139.736,39.9829],[139.7361,39.983],[139.7361,39.983]]],[[[139.7365,39.983],[139.7365,39.9829],[139.7363,39.983],[139.7365,39.983]]],[[[139.7354,39.9834],[139.7354,39.9834],[139.7355,39.9834],[139.7354,39.9834]]],[[[139.7355,39.9836],[139.7354,39.9835],[139.7354,39.9836],[139.7355,39.9836]]],[[[139.735,39.9836],[139.7349,39.9836],[139.7351,39.9837],[139.735,39.9836]]],[[[139.7355,39.9838],[139.7354,39.9837],[139.7354,39.9838],[139.7355,39.9838]]],[[[139.7351,39.9837],[139.735,39.9838],[139.7351,39.9838],[139.7351,39.9837]]],[[[139.7354,39.9838],[139.7354,39.9837],[139.7354,39.9838],[139.7354,39.9838]]],[[[139.7355,39.9838],[139.7354,39.9838],[139.7355,39.9839],[139.7355,39.9838]]],[[[139.7538,39.8565],[139.7546,39.8567],[139.7543,39.8565],[139.7538,39.8565]]],[[[139.7543,39.8567],[139.7542,39.8567],[139.7543,39.8567],[139.7543,39.8567]]],[[[139.7542,39.8568],[139.7541,39.8567],[139.754,39.8569],[139.7542,39.8568]]],[[[139.7549,39.8572],[139.7547,39.8571],[139.7548,39.8573],[139.7548,39.8574],[139.7549,39.8572]]],[[[139.755,39.8573],[139.755,39.8572],[139.755,39.8573],[139.755,39.8573]]],[[[139.7539,39.8573],[139.7539,39.8573],[139.7539,39.8573],[139.7539,39.8573]]],[[[139.7541,39.8573],[139.7541,39.8573],[139.7541,39.8573],[139.7541,39.8573]]],[[[139.754,39.8574],[139.7539,39.8573],[139.7539,39.8574],[139.754,39.8574]]],[[[139.7543,39.8574],[139.7546,39.8575],[139.7546,39.8573],[139.7543,39.8574]]],[[[139.7548,39.8574],[139.7549,39.8574],[139.7549,39.8574],[139.7548,39.8574]]],[[[139.7548,39.8575],[139.7548,39.8574],[139.7548,39.8575],[139.7548,39.8575]]],[[[139.755,39.8577],[139.755,39.8576],[139.7548,39.8577],[139.755,39.8577]]],[[[139.755,39.8583],[139.7551,39.8583],[139.755,39.8583],[139.755,39.8583]]],[[[139.7547,39.8585],[139.7547,39.8585],[139.7547,39.8585],[139.7547,39.8585]]],[[[139.7519,39.8591],[139.7519,39.8591],[139.7521,39.859],[139.7519,39.8591]]],[[[139.7531,39.8591],[139.7531,39.8591],[139.753,39.8591],[139.7531,39.8591]]],[[[139.7523,39.8591],[139.7524,39.8592],[139.7526,39.8591],[139.7523,39.8591]]],[[[139.7544,39.8591],[139.7545,39.8592],[139.7546,39.8591],[139.7544,39.8591]]],[[[139.7537,39.8592],[139.7536,39.8591],[139.7536,39.8592],[139.7537,39.8592]]],[[[139.7543,39.8592],[139.7544,39.8593],[139.7549,39.8595],[139.7543,39.8592]]],[[[139.7532,39.8596],[139.7532,39.8596],[139.7531,39.8596],[139.7532,39.8596]]],[[[139.7532,39.8597],[139.7532,39.8597],[139.7532,39.8596],[139.7532,39.8597]]],[[[139.7532,39.8598],[139.7532,39.8597],[139.7532,39.8598],[139.7532,39.8598]]],[[[139.7531,39.8602],[139.7531,39.8602],[139.7531,39.8602],[139.7531,39.8602]]],[[[139.7443,39.863],[139.7443,39.8631],[139.7445,39.863],[139.7443,39.863]]],[[[139.7516,39.8635],[139.7516,39.8635],[139.7515,39.8635],[139.7516,39.8635]]],[[[139.751,39.8636],[139.751,39.8636],[139.7509,39.8636],[139.751,39.8636]]],[[[139.751,39.8636],[139.751,39.8636],[139.751,39.8636],[139.751,39.8636]]],[[[139.7506,39.8637],[139.7506,39.8637],[139.7506,39.8637],[139.7506,39.8637]]],[[[139.7517,39.8639],[139.7517,39.8639],[139.7517,39.8639],[139.7517,39.8639]]],[[[139.7504,39.8639],[139.7506,39.8639],[139.7505,39.8639],[139.7504,39.8639]]],[[[139.75,39.864],[139.75,39.8638],[139.7496,39.8639],[139.75,39.864]]],[[[139.7511,39.8639],[139.7511,39.864],[139.7511,39.8639],[139.7511,39.8639]]],[[[139.7508,39.864],[139.7509,39.864],[139.7508,39.864],[139.7508,39.864]]],[[[139.7513,39.864],[139.7512,39.864],[139.7513,39.864],[139.7513,39.864]]],[[[139.7507,39.864],[139.7507,39.864],[139.7507,39.864],[139.7507,39.864]]],[[[139.7506,39.864],[139.7505,39.864],[139.7506,39.8641],[139.7506,39.864]]],[[[139.7508,39.8641],[139.7509,39.8641],[139.7508,39.864],[139.7508,39.8641]]],[[[139.7512,39.8641],[139.7513,39.8641],[139.7513,39.8641],[139.7512,39.8641]]],[[[139.7514,39.8641],[139.7514,39.8641],[139.7514,39.8641],[139.7514,39.8641]]],[[[139.7513,39.8642],[139.7514,39.8642],[139.7513,39.8641],[139.7513,39.8642]]],[[[139.7505,39.8642],[139.7508,39.8641],[139.7506,39.8641],[139.7505,39.8642]]],[[[139.7499,39.8641],[139.7499,39.8641],[139.7499,39.8642],[139.7499,39.8641]]],[[[139.7502,39.8642],[139.7503,39.8643],[139.7505,39.8641],[139.7502,39.8642]]],[[[139.7517,39.8642],[139.7517,39.8643],[139.7517,39.8642],[139.7517,39.8642]]],[[[139.7497,39.8642],[139.7497,39.8643],[139.7498,39.8642],[139.7497,39.8642]]],[[[139.75,39.8643],[139.7502,39.8643],[139.7501,39.8642],[139.75,39.8643]]],[[[139.7496,39.8643],[139.7496,39.8643],[139.7496,39.8643],[139.7496,39.8643]]],[[[139.7505,39.8643],[139.7505,39.8643],[139.7505,39.8643],[139.7505,39.8643]]],[[[139.7503,39.8643],[139.7504,39.8644],[139.7503,39.8643],[139.7503,39.8643]]],[[[139.7445,39.8644],[139.7444,39.8644],[139.7445,39.8644],[139.7445,39.8644]]],[[[139.7504,39.8644],[139.7504,39.8644],[139.7505,39.8644],[139.7504,39.8644]]],[[[139.7445,39.8644],[139.7447,39.8644],[139.7445,39.8644],[139.7445,39.8644]]],[[[139.7493,39.8644],[139.7494,39.8644],[139.7493,39.8644],[139.7493,39.8644]]],[[[139.7502,39.8644],[139.7502,39.8644],[139.7502,39.8644],[139.7502,39.8644]]],[[[139.7485,39.8646],[139.7485,39.8646],[139.7484,39.8646],[139.7485,39.8646]]],[[[139.7495,39.8646],[139.7494,39.8646],[139.7493,39.8646],[139.7495,39.8646]]],[[[139.75,39.8646],[139.75,39.8647],[139.75,39.8646],[139.75,39.8646]]],[[[139.7491,39.8647],[139.7491,39.8646],[139.7491,39.8647],[139.7491,39.8647]]],[[[139.7499,39.8647],[139.7498,39.8647],[139.75,39.8647],[139.7499,39.8647]]],[[[139.7471,39.8647],[139.747,39.8646],[139.7469,39.8648],[139.7471,39.8647]]],[[[139.7485,39.8647],[139.7486,39.8647],[139.7485,39.8647],[139.7485,39.8647]]],[[[139.7464,39.8648],[139.7465,39.8647],[139.7464,39.8647],[139.7464,39.8648]]],[[[139.7498,39.8648],[139.7498,39.8648],[139.7498,39.8647],[139.7498,39.8648]]],[[[139.7499,39.8647],[139.7499,39.8648],[139.7499,39.8647],[139.7499,39.8647]]],[[[139.7448,39.865],[139.7448,39.8646],[139.7446,39.8649],[139.7448,39.865]]],[[[139.7458,39.8648],[139.7457,39.8648],[139.7457,39.8648],[139.7458,39.8648]]],[[[139.7492,39.8648],[139.7491,39.8648],[139.749,39.8648],[139.7492,39.8648]]],[[[139.7488,39.8649],[139.7488,39.8649],[139.7488,39.8648],[139.7488,39.8649]]],[[[139.7469,39.8649],[139.7469,39.8649],[139.7469,39.8648],[139.7469,39.8649]]],[[[139.7467,39.8649],[139.7466,39.8648],[139.7466,39.8649],[139.7467,39.8649]]],[[[139.747,39.8649],[139.7471,39.865],[139.7471,39.8649],[139.747,39.8649]]],[[[139.7463,39.865],[139.7463,39.865],[139.7463,39.8649],[139.7463,39.865]]],[[[139.749,39.865],[139.7489,39.8649],[139.7489,39.865],[139.749,39.865]]],[[[139.7491,39.865],[139.7491,39.865],[139.7491,39.865],[139.7491,39.865]]],[[[139.7464,39.865],[139.7463,39.865],[139.7464,39.865],[139.7464,39.865]]],[[[139.7472,39.865],[139.7472,39.865],[139.7471,39.865],[139.7472,39.865]]],[[[139.7468,39.8651],[139.7471,39.865],[139.7469,39.865],[139.7468,39.8651]]],[[[139.7465,39.8651],[139.7465,39.8651],[139.7465,39.865],[139.7465,39.8651]]],[[[139.7465,39.8651],[139.7466,39.8651],[139.7465,39.8651],[139.7465,39.8651]]],[[[139.7492,39.8651],[139.7492,39.8651],[139.7492,39.8651],[139.7492,39.8651]]],[[[139.7484,39.8651],[139.7485,39.8652],[139.7485,39.8651],[139.7484,39.8651]]],[[[139.7488,39.8651],[139.7486,39.8651],[139.7487,39.8652],[139.7488,39.8651]]],[[[139.7441,39.8651],[139.7443,39.8652],[139.7442,39.8651],[139.7441,39.8651]]],[[[139.7489,39.8652],[139.7489,39.8652],[139.7489,39.8651],[139.7489,39.8652]]],[[[139.7463,39.8652],[139.7463,39.8652],[139.7463,39.8652],[139.7463,39.8652]]],[[[139.7465,39.8652],[139.7465,39.8652],[139.7465,39.8652],[139.7465,39.8652]]],[[[139.7464,39.8652],[139.7464,39.8652],[139.7464,39.8652],[139.7464,39.8652]]],[[[139.7466,39.8653],[139.7469,39.8652],[139.7467,39.8652],[139.7466,39.8653]]],[[[139.7473,39.8653],[139.7472,39.8651],[139.7471,39.8653],[139.7473,39.8653]]],[[[139.749,39.8652],[139.749,39.8653],[139.749,39.8653],[139.749,39.8652]]],[[[139.7475,39.8653],[139.7475,39.8654],[139.7476,39.8653],[139.7475,39.8653]]],[[[139.7448,39.8655],[139.7448,39.8653],[139.7448,39.8655],[139.7448,39.8655]]],[[[139.7467,39.8655],[139.7467,39.8655],[139.7467,39.8655],[139.7467,39.8655]]],[[[139.7465,39.8655],[139.7465,39.8656],[139.7466,39.8655],[139.7465,39.8655]]],[[[139.7466,39.8656],[139.7467,39.8656],[139.7467,39.8655],[139.7466,39.8656]]],[[[139.7467,39.8657],[139.7468,39.8656],[139.7467,39.8656],[139.7467,39.8657]]],[[[139.7465,39.8657],[139.7465,39.8658],[139.7466,39.8658],[139.7465,39.8657]]],[[[139.7467,39.8659],[139.7467,39.8659],[139.7467,39.8658],[139.7467,39.8659]]],[[[139.7465,39.8659],[139.7466,39.8659],[139.7465,39.8659],[139.7465,39.8659]]],[[[139.7462,39.8663],[139.7464,39.8664],[139.7463,39.8663],[139.7462,39.8663]]],[[[139.7447,39.8665],[139.7446,39.8663],[139.7445,39.8665],[139.7447,39.8665]]],[[[139.7452,39.8665],[139.7453,39.8665],[139.7452,39.8665],[139.7452,39.8665]]],[[[139.7455,39.8665],[139.7455,39.8666],[139.7455,39.8665],[139.7455,39.8665]]],[[[139.7448,39.8666],[139.7448,39.8665],[139.7448,39.8665],[139.7448,39.8666]]],[[[139.7451,39.8666],[139.7451,39.8665],[139.745,39.8666],[139.7451,39.8666]]],[[[139.7448,39.8666],[139.7449,39.8666],[139.7449,39.8666],[139.7448,39.8666]]],[[[139.7446,39.8666],[139.7446,39.8666],[139.7446,39.8666],[139.7446,39.8666]]],[[[139.7454,39.8667],[139.7455,39.8665],[139.7451,39.8666],[139.7454,39.8667]]],[[[139.7448,39.8667],[139.7448,39.8667],[139.7448,39.8667],[139.7448,39.8667]]],[[[139.7449,39.8667],[139.7449,39.8667],[139.7449,39.8667],[139.7449,39.8667]]],[[[139.745,39.8667],[139.745,39.8667],[139.7451,39.8667],[139.745,39.8667]]],[[[139.7448,39.8668],[139.7448,39.8668],[139.7448,39.8668],[139.7448,39.8668]]],[[[139.7447,39.867],[139.7445,39.8666],[139.7443,39.867],[139.7447,39.867]]],[[[139.7449,39.8669],[139.7448,39.8668],[139.7448,39.867],[139.7449,39.8669]]],[[[139.7439,39.867],[139.7439,39.867],[139.7439,39.867],[139.7439,39.867]]],[[[139.7449,39.867],[139.7449,39.867],[139.7449,39.867],[139.7449,39.867]]],[[[139.744,39.867],[139.7446,39.8674],[139.744,39.867],[139.744,39.867]]],[[[139.7445,39.8674],[139.7444,39.8674],[139.7445,39.8675],[139.7445,39.8674]]],[[[139.7441,39.8675],[139.7441,39.8675],[139.7441,39.8675],[139.7441,39.8675]]],[[[139.7445,39.8675],[139.7446,39.8675],[139.7446,39.8675],[139.7445,39.8675]]],[[[139.7434,39.8699],[139.7434,39.8699],[139.7434,39.8699],[139.7434,39.8699]]],[[[139.7433,39.8702],[139.7433,39.8702],[139.7433,39.8701],[139.7433,39.8702]]],[[[139.7432,39.8703],[139.7432,39.8703],[139.7433,39.8703],[139.7432,39.8703]]],[[[139.7489,39.9778],[139.7488,39.9778],[139.7489,39.9778],[139.7489,39.9778]]],[[[139.7488,39.978],[139.7488,39.978],[139.7488,39.978],[139.7488,39.978]]],[[[139.7461,39.9781],[139.7461,39.9781],[139.7462,39.9781],[139.7461,39.9781]]],[[[139.746,39.9781],[139.746,39.9781],[139.746,39.9781],[139.746,39.9781]]],[[[139.746,39.9782],[139.746,39.9782],[139.746,39.9782],[139.746,39.9782]]],[[[139.7461,39.9782],[139.746,39.9783],[139.7461,39.9783],[139.7461,39.9782]]],[[[139.7463,39.9784],[139.7463,39.9784],[139.7463,39.9784],[139.7463,39.9784]]],[[[139.7459,39.9784],[139.7459,39.9784],[139.7458,39.9785],[139.7459,39.9784]]],[[[139.746,39.9785],[139.746,39.9785],[139.7459,39.9785],[139.746,39.9785]]],[[[139.746,39.9785],[139.746,39.9785],[139.7461,39.9785],[139.746,39.9785]]],[[[139.7559,39.8565],[139.7559,39.8564],[139.7559,39.8565],[139.7559,39.8565]]],[[[139.756,39.8565],[139.7559,39.8565],[139.7559,39.8566],[139.756,39.8565]]],[[[139.7561,39.8566],[139.7561,39.8566],[139.7561,39.8567],[139.7561,39.8566]]],[[[139.7559,39.8567],[139.7559,39.8567],[139.7559,39.8566],[139.7559,39.8567]]],[[[139.7554,39.8566],[139.7554,39.8569],[139.7556,39.8567],[139.7554,39.8566]]],[[[139.7556,39.8566],[139.7561,39.8569],[139.7559,39.8567],[139.7556,39.8566]]],[[[139.756,39.8568],[139.7561,39.8568],[139.756,39.8568],[139.756,39.8568]]],[[[139.7553,39.8568],[139.7552,39.8568],[139.7551,39.857],[139.7553,39.8568]]],[[[139.7562,39.8571],[139.7562,39.8571],[139.7562,39.857],[139.7562,39.8571]]],[[[139.756,39.8572],[139.756,39.8572],[139.756,39.8572],[139.756,39.8572]]],[[[139.756,39.8572],[139.7559,39.8572],[139.7559,39.8573],[139.756,39.8572]]],[[[139.7561,39.8573],[139.7561,39.8573],[139.756,39.8573],[139.7561,39.8573]]],[[[139.7561,39.8573],[139.7562,39.8573],[139.7562,39.8572],[139.7561,39.8573]]],[[[139.7551,39.8574],[139.7551,39.8574],[139.7551,39.8573],[139.7551,39.8574]]],[[[139.7566,39.8573],[139.7565,39.8573],[139.7565,39.8575],[139.7566,39.8573]]],[[[139.7552,39.8574],[139.7552,39.8574],[139.7552,39.8574],[139.7552,39.8574]]],[[[139.7552,39.8575],[139.7552,39.8575],[139.7552,39.8574],[139.7552,39.8575]]],[[[139.7552,39.8575],[139.7552,39.8575],[139.7551,39.8575],[139.7552,39.8575]]],[[[139.7552,39.8575],[139.7551,39.8575],[139.7551,39.8575],[139.7552,39.8575]]],[[[139.7564,39.8575],[139.7564,39.8575],[139.7563,39.8575],[139.7564,39.8575]]],[[[139.7566,39.8575],[139.7566,39.8575],[139.7566,39.8576],[139.7566,39.8575]]],[[[139.7552,39.8576],[139.7553,39.8576],[139.7552,39.8575],[139.7552,39.8576]]],[[[139.7565,39.8576],[139.7565,39.8576],[139.7565,39.8576],[139.7565,39.8576]]],[[[139.7553,39.8576],[139.7553,39.8576],[139.7553,39.8577],[139.7553,39.8576]]],[[[139.7565,39.8577],[139.7564,39.8577],[139.7565,39.8577],[139.7565,39.8577]]],[[[139.7567,39.8577],[139.7567,39.8577],[139.7567,39.8577],[139.7567,39.8577]]],[[[139.7571,39.8579],[139.757,39.858],[139.7572,39.858],[139.7571,39.8579]]],[[[139.7568,39.858],[139.7569,39.858],[139.7569,39.858],[139.7568,39.858]]],[[[139.7591,39.8581],[139.7592,39.8581],[139.7591,39.8581],[139.7591,39.8581]]],[[[139.7592,39.8581],[139.7592,39.8581],[139.7592,39.8581],[139.7592,39.8581]]],[[[139.7591,39.8582],[139.7591,39.8582],[139.7591,39.8581],[139.7591,39.8582]]],[[[139.7577,39.8582],[139.7577,39.8582],[139.7577,39.8581],[139.7577,39.8582]]],[[[139.7554,39.8585],[139.7554,39.8585],[139.7554,39.8585],[139.7554,39.8585]]],[[[139.7589,39.8585],[139.7589,39.8585],[139.7589,39.8584],[139.7589,39.8585]]],[[[139.7555,39.8585],[139.7555,39.8585],[139.7554,39.8585],[139.7555,39.8585]]],[[[139.7552,39.8585],[139.7552,39.8585],[139.7552,39.8585],[139.7552,39.8585]]],[[[139.7553,39.8586],[139.7554,39.8586],[139.7554,39.8585],[139.7553,39.8586]]],[[[139.7556,39.8586],[139.7556,39.8586],[139.7556,39.8585],[139.7556,39.8586]]],[[[139.7555,39.8586],[139.7555,39.8586],[139.7555,39.8585],[139.7555,39.8586]]],[[[139.7551,39.8585],[139.7552,39.8586],[139.7552,39.8585],[139.7551,39.8585]]],[[[139.759,39.8587],[139.759,39.8586],[139.759,39.8587],[139.759,39.8587]]],[[[139.7555,39.8586],[139.7555,39.8587],[139.7556,39.8586],[139.7555,39.8586]]],[[[139.7587,39.8588],[139.7588,39.8588],[139.7588,39.8587],[139.7587,39.8588]]],[[[139.7555,39.8588],[139.7556,39.8588],[139.7555,39.8588],[139.7555,39.8588]]],[[[139.759,39.8588],[139.759,39.8589],[139.7591,39.8588],[139.759,39.8588]]],[[[139.7593,39.8589],[139.7592,39.8589],[139.7592,39.859],[139.7593,39.8589]]],[[[139.7551,39.8589],[139.7552,39.8589],[139.7552,39.8589],[139.7551,39.8589]]],[[[139.7582,39.859],[139.7582,39.859],[139.7582,39.859],[139.7582,39.859]]],[[[139.759,39.859],[139.7591,39.859],[139.759,39.859],[139.759,39.859]]],[[[139.7556,39.859],[139.7555,39.859],[139.7556,39.859],[139.7556,39.859]]],[[[139.7583,39.859],[139.7583,39.859],[139.7583,39.859],[139.7583,39.859]]],[[[139.7552,39.859],[139.7552,39.859],[139.7551,39.859],[139.7552,39.859]]],[[[139.7601,39.859],[139.7601,39.8591],[139.7601,39.859],[139.7601,39.859]]],[[[139.7553,39.859],[139.7553,39.8591],[139.7553,39.859],[139.7553,39.859]]],[[[139.7592,39.8591],[139.7592,39.859],[139.7591,39.8591],[139.7592,39.8591]]],[[[139.7585,39.8591],[139.7585,39.8591],[139.7585,39.8591],[139.7585,39.8591]]],[[[139.7552,39.8591],[139.7553,39.8591],[139.7552,39.859],[139.7552,39.8591]]],[[[139.7589,39.8591],[139.7589,39.8592],[139.7589,39.8591],[139.7589,39.8591]]],[[[139.759,39.8592],[139.759,39.8592],[139.759,39.8591],[139.759,39.8592]]],[[[139.7591,39.8592],[139.7591,39.8592],[139.7591,39.8592],[139.7591,39.8592]]],[[[139.7591,39.8592],[139.7592,39.8592],[139.7592,39.8592],[139.7591,39.8592]]],[[[139.7586,39.8593],[139.7586,39.8593],[139.7586,39.8592],[139.7586,39.8593]]],[[[139.755,39.8592],[139.755,39.8593],[139.7551,39.8592],[139.755,39.8592]]],[[[139.76,39.8593],[139.7602,39.8594],[139.7601,39.8593],[139.76,39.8593]]],[[[139.76,39.8594],[139.76,39.8593],[139.76,39.8594],[139.76,39.8594]]],[[[139.7553,39.8593],[139.7553,39.8594],[139.7553,39.8593],[139.7553,39.8593]]],[[[139.7585,39.8594],[139.7586,39.8594],[139.7586,39.8594],[139.7585,39.8594]]],[[[139.7606,39.8594],[139.7608,39.8595],[139.7609,39.8594],[139.7606,39.8593],[139.7606,39.8594]]],[[[139.7554,39.8595],[139.7554,39.8595],[139.7554,39.8595],[139.7554,39.8595]]],[[[139.7609,39.8595],[139.7612,39.8597],[139.7611,39.8595],[139.7609,39.8595]]],[[[139.761,39.8599],[139.761,39.8599],[139.761,39.8599],[139.761,39.8599]]],[[[139.7612,39.8604],[139.7612,39.8604],[139.7612,39.8604],[139.7612,39.8604]]],[[[139.7611,39.8605],[139.7611,39.8605],[139.7611,39.8604],[139.7611,39.8605]]],[[[139.7609,39.8605],[139.761,39.8605],[139.761,39.8605],[139.7609,39.8605]]],[[[139.761,39.8606],[139.7611,39.8606],[139.7611,39.8605],[139.761,39.8606]]],[[[139.7685,39.861],[139.7685,39.861],[139.7686,39.861],[139.7685,39.861]]],[[[139.7616,39.862],[139.7616,39.8619],[139.7614,39.8618],[139.7616,39.862]]],[[[139.7647,39.8621],[139.7647,39.8621],[139.7647,39.8621],[139.7647,39.8621]]],[[[139.7681,39.8621],[139.7682,39.8621],[139.7682,39.8621],[139.7681,39.8621]]],[[[139.7681,39.8621],[139.768,39.862],[139.7678,39.8621],[139.7681,39.8621]]],[[[139.7676,39.8621],[139.7676,39.8622],[139.7676,39.8621],[139.7676,39.8621]]],[[[139.7683,39.8622],[139.7683,39.8622],[139.7683,39.8621],[139.7683,39.8622]]],[[[139.7679,39.8622],[139.7679,39.8622],[139.7679,39.8622],[139.7679,39.8622]]],[[[139.7649,39.8622],[139.7649,39.8622],[139.7648,39.8622],[139.7649,39.8622]]],[[[139.7683,39.8622],[139.7683,39.8622],[139.7682,39.8622],[139.7683,39.8622]]],[[[139.7676,39.8622],[139.7677,39.8623],[139.7676,39.8622],[139.7676,39.8622]]],[[[139.7677,39.8623],[139.7678,39.8623],[139.7677,39.8623],[139.7677,39.8623]]],[[[139.7622,39.8623],[139.7622,39.8623],[139.7622,39.8623],[139.7622,39.8623]]],[[[139.768,39.8623],[139.7681,39.8623],[139.768,39.8623],[139.768,39.8623]]],[[[139.7651,39.8623],[139.7651,39.8623],[139.7651,39.8623],[139.7651,39.8623]]],[[[139.7649,39.8623],[139.7648,39.8623],[139.7648,39.8623],[139.7649,39.8623]]],[[[139.7681,39.8624],[139.7681,39.8624],[139.7681,39.8623],[139.7681,39.8624]]],[[[139.7673,39.8624],[139.7673,39.8624],[139.7673,39.8623],[139.7673,39.8624]]],[[[139.7651,39.8624],[139.7652,39.8624],[139.7651,39.8624],[139.7651,39.8624]]],[[[139.7678,39.8624],[139.7678,39.8624],[139.7678,39.8624],[139.7678,39.8624]]],[[[139.768,39.8625],[139.7678,39.8623],[139.768,39.8625],[139.768,39.8625]]],[[[139.765,39.8624],[139.765,39.8624],[139.765,39.8624],[139.765,39.8624]]],[[[139.7682,39.8624],[139.7682,39.8625],[139.7682,39.8624],[139.7682,39.8624]]],[[[139.7655,39.8625],[139.7656,39.8625],[139.7655,39.8624],[139.7655,39.8625]]],[[[139.7631,39.8625],[139.7631,39.8625],[139.7631,39.8624],[139.7631,39.8625]]],[[[139.7679,39.8625],[139.7679,39.8625],[139.7678,39.8624],[139.7679,39.8625]]],[[[139.7659,39.8625],[139.7659,39.8625],[139.7659,39.8624],[139.7659,39.8625]]],[[[139.7654,39.8625],[139.7655,39.8625],[139.7654,39.8624],[139.7654,39.8625]]],[[[139.7651,39.8625],[139.7652,39.8625],[139.7652,39.8624],[139.7651,39.8625]]],[[[139.7637,39.8625],[139.7637,39.8625],[139.7637,39.8625],[139.7637,39.8625]]],[[[139.7659,39.8625],[139.7658,39.8625],[139.7658,39.8625],[139.7659,39.8625]]],[[[139.7653,39.8625],[139.7653,39.8625],[139.7653,39.8625],[139.7653,39.8625]]],[[[139.7681,39.8625],[139.7681,39.8625],[139.7681,39.8625],[139.7681,39.8625]]],[[[139.7679,39.8625],[139.7679,39.8625],[139.7679,39.8625],[139.7679,39.8625]]],[[[139.7655,39.8626],[139.7655,39.8625],[139.7654,39.8625],[139.7655,39.8626]]],[[[139.7657,39.8626],[139.7657,39.8626],[139.7657,39.8626],[139.7657,39.8626]]],[[[139.7683,39.8628],[139.7682,39.8627],[139.7681,39.8628],[139.7683,39.8628]]],[[[139.7665,39.8628],[139.7665,39.8628],[139.7665,39.8628],[139.7665,39.8628]]],[[[139.7668,39.8629],[139.7668,39.8629],[139.7668,39.8628],[139.7668,39.8629]]],[[[139.7678,39.8629],[139.7678,39.8629],[139.7679,39.8628],[139.7678,39.8629]]],[[[139.7662,39.8629],[139.7662,39.8629],[139.7662,39.8628],[139.7662,39.8629]]],[[[139.7661,39.8629],[139.7661,39.8629],[139.7661,39.8628],[139.7661,39.8629]]],[[[139.7687,39.8629],[139.7687,39.8629],[139.7687,39.8629],[139.7687,39.8629]]],[[[139.7666,39.8629],[139.7667,39.8629],[139.7666,39.8629],[139.7666,39.8629]]],[[[139.7663,39.8629],[139.7663,39.8629],[139.7664,39.8629],[139.7663,39.8629]]],[[[139.7663,39.8629],[139.7663,39.8629],[139.7663,39.8629],[139.7663,39.8629]]],[[[139.7664,39.8629],[139.7664,39.8629],[139.7664,39.8629],[139.7664,39.8629]]],[[[139.7664,39.8629],[139.7664,39.863],[139.7665,39.8629],[139.7664,39.8629]]],[[[139.7667,39.863],[139.7667,39.863],[139.7667,39.863],[139.7667,39.863]]],[[[139.7666,39.863],[139.7666,39.863],[139.7666,39.863],[139.7666,39.863]]],[[[139.7686,39.8631],[139.7686,39.8631],[139.7686,39.8631],[139.7686,39.8631]]],[[[139.767,39.8631],[139.767,39.8631],[139.767,39.8631],[139.767,39.8631]]],[[[139.7684,39.8632],[139.7685,39.8632],[139.7685,39.8631],[139.7684,39.8632]]],[[[139.7669,39.8631],[139.7669,39.8632],[139.767,39.8631],[139.7669,39.8631]]],[[[139.7683,39.8632],[139.7684,39.8632],[139.7684,39.8632],[139.7683,39.8632]]],[[[139.7678,39.8632],[139.7678,39.8632],[139.7679,39.8633],[139.7678,39.8632]]],[[[139.7678,39.8633],[139.7678,39.8633],[139.7678,39.8633],[139.7678,39.8633]]],[[[139.7675,39.8635],[139.7676,39.8635],[139.7676,39.8635],[139.7675,39.8635]]],[[[139.7615,39.9757],[139.7613,39.9757],[139.7615,39.9757],[139.7615,39.9757]]],[[[139.7796,39.8543],[139.7797,39.8544],[139.7797,39.8543],[139.7796,39.8543]]],[[[139.7798,39.8545],[139.7798,39.8545],[139.7798,39.8546],[139.7798,39.8545]]],[[[139.778,39.8551],[139.7781,39.8552],[139.778,39.8551],[139.778,39.8551]]],[[[139.7789,39.8552],[139.7789,39.8552],[139.7789,39.8552],[139.7789,39.8552]]],[[[139.7789,39.8561],[139.7789,39.8561],[139.7789,39.8561],[139.7789,39.8561]]],[[[139.8056,39.8565],[139.8056,39.8565],[139.8057,39.8565],[139.8056,39.8565]]],[[[139.8056,39.8567],[139.8056,39.8567],[139.8055,39.8568],[139.8056,39.8567]]],[[[139.8056,39.8568],[139.8055,39.8568],[139.8055,39.8569],[139.8056,39.8568]]],[[[139.8054,39.8569],[139.8054,39.8569],[139.8053,39.8569],[139.8054,39.8569]]],[[[139.7718,39.8573],[139.7718,39.8573],[139.7718,39.8572],[139.7718,39.8573]]],[[[139.772,39.8575],[139.7721,39.8576],[139.7721,39.8575],[139.772,39.8575]]],[[[139.7715,39.8577],[139.7716,39.8579],[139.7717,39.8577],[139.7715,39.8577]]],[[[139.8046,39.8584],[139.8047,39.8584],[139.8047,39.8584],[139.8046,39.8584]]],[[[139.7737,39.8585],[139.7737,39.8585],[139.7737,39.8585],[139.7737,39.8585]]],[[[139.8046,39.8585],[139.8046,39.8585],[139.8046,39.8585],[139.8046,39.8585]]],[[[139.7722,39.8582],[139.7734,39.8588],[139.7729,39.8582],[139.7722,39.8582]]],[[[139.8045,39.8585],[139.8045,39.8585],[139.8045,39.8585],[139.8045,39.8585]]],[[[139.8057,39.8586],[139.8057,39.8586],[139.8057,39.8586],[139.8057,39.8586]]],[[[139.7719,39.8587],[139.7719,39.8587],[139.7719,39.8586],[139.7719,39.8587]]],[[[139.8044,39.8586],[139.8044,39.8587],[139.8046,39.8586],[139.8044,39.8586]]],[[[139.8047,39.8587],[139.8047,39.8587],[139.8046,39.8587],[139.8047,39.8587]]],[[[139.8047,39.8587],[139.8048,39.8587],[139.8047,39.8587],[139.8047,39.8587]]],[[[139.8046,39.8588],[139.8046,39.8588],[139.8046,39.8588],[139.8046,39.8588]]],[[[139.8047,39.8588],[139.8047,39.8588],[139.8047,39.8588],[139.8047,39.8588]]],[[[139.8043,39.8589],[139.8044,39.8589],[139.8045,39.8588],[139.8043,39.8589]]],[[[139.7721,39.8589],[139.7723,39.859],[139.7722,39.8589],[139.7721,39.8589]]],[[[139.8044,39.859],[139.8042,39.8591],[139.8043,39.8591],[139.8044,39.859]]],[[[139.8041,39.8593],[139.8041,39.8594],[139.8042,39.8593],[139.8041,39.8593]]],[[[139.7719,39.8595],[139.772,39.8596],[139.7719,39.8595],[139.7719,39.8595]]],[[[139.8044,39.8597],[139.8043,39.8596],[139.8043,39.8597],[139.8044,39.8597]]],[[[139.7719,39.8597],[139.7719,39.8598],[139.772,39.8597],[139.7719,39.8597]]],[[[139.8045,39.8598],[139.8044,39.8598],[139.8043,39.8597],[139.8045,39.8598]]],[[[139.7748,39.8596],[139.7746,39.8596],[139.7744,39.86],[139.7748,39.8596]]],[[[139.8043,39.8597],[139.8043,39.8596],[139.8042,39.8597],[139.8042,39.8598],[139.8044,39.86],[139.8043,39.8597]]],[[[139.772,39.8598],[139.7721,39.8599],[139.7722,39.8599],[139.772,39.8598]]],[[[139.8042,39.8597],[139.8041,39.8598],[139.8043,39.86],[139.8042,39.8597]]],[[[139.804,39.8598],[139.804,39.8598],[139.8039,39.8599],[139.804,39.8598]]],[[[139.8039,39.8599],[139.8039,39.8599],[139.804,39.86],[139.8039,39.8599]]],[[[139.7751,39.8599],[139.7751,39.86],[139.7752,39.86],[139.7751,39.8599]]],[[[139.7725,39.8601],[139.7726,39.86],[139.7725,39.86],[139.7725,39.8601]]],[[[139.775,39.86],[139.7751,39.8601],[139.775,39.86],[139.775,39.86]]],[[[139.7749,39.8601],[139.775,39.8601],[139.7749,39.8601],[139.7749,39.8601]]],[[[139.8042,39.8602],[139.8042,39.8602],[139.8041,39.8602],[139.8042,39.8602]]],[[[139.7752,39.8602],[139.7752,39.8603],[139.7752,39.8602],[139.7752,39.8602]]],[[[139.7756,39.8602],[139.7756,39.8603],[139.7756,39.8602],[139.7756,39.8602]]],[[[139.8042,39.8603],[139.8042,39.8603],[139.8043,39.8602],[139.8042,39.8603]]],[[[139.775,39.8603],[139.7751,39.8601],[139.7749,39.8602],[139.775,39.8603]]],[[[139.8038,39.8602],[139.8037,39.8603],[139.8038,39.8602],[139.8038,39.8602]]],[[[139.7745,39.8603],[139.7745,39.8603],[139.7745,39.8603],[139.7745,39.8603]]],[[[139.804,39.8603],[139.804,39.8603],[139.8039,39.8606],[139.804,39.8603]]],[[[139.7747,39.8604],[139.7747,39.8604],[139.7747,39.8604],[139.7747,39.8604]]],[[[139.8041,39.8605],[139.8041,39.8605],[139.8041,39.8603],[139.8041,39.8605]]],[[[139.7752,39.8605],[139.7753,39.8605],[139.7753,39.8604],[139.7752,39.8605]]],[[[139.7751,39.8604],[139.7752,39.8605],[139.7752,39.8604],[139.7751,39.8604]]],[[[139.8036,39.8604],[139.8036,39.8606],[139.8037,39.8604],[139.8036,39.8604]]],[[[139.7751,39.8605],[139.775,39.8605],[139.7751,39.8605],[139.7751,39.8605]]],[[[139.8043,39.8603],[139.8045,39.8606],[139.8043,39.8603],[139.8043,39.8603]]],[[[139.8041,39.8605],[139.8041,39.8606],[139.8041,39.8605],[139.8041,39.8605]]],[[[139.8041,39.8606],[139.8041,39.8606],[139.8041,39.8606],[139.8041,39.8606]]],[[[139.7752,39.8606],[139.7752,39.8607],[139.7752,39.8606],[139.7752,39.8606]]],[[[139.7753,39.8607],[139.7753,39.8607],[139.7753,39.8607],[139.7753,39.8607]]],[[[139.8042,39.8607],[139.8043,39.8608],[139.8042,39.8607],[139.8042,39.8607]]],[[[139.8036,39.8607],[139.8035,39.8608],[139.8036,39.8607],[139.8036,39.8607]]],[[[139.8039,39.8608],[139.8039,39.8607],[139.8039,39.8607],[139.8039,39.8608]]],[[[139.8046,39.8607],[139.8047,39.8609],[139.8046,39.8607],[139.8046,39.8607]]],[[[139.8038,39.8608],[139.8038,39.861],[139.8039,39.8608],[139.8038,39.8608]]],[[[139.8052,39.8606],[139.8055,39.8613],[139.8053,39.8608],[139.8052,39.8606]]],[[[139.7889,39.861],[139.7889,39.8611],[139.789,39.8611],[139.7889,39.861]]],[[[139.8037,39.8609],[139.8037,39.8611],[139.8039,39.8613],[139.8037,39.8609]]],[[[139.8048,39.8612],[139.8048,39.8611],[139.8047,39.8611],[139.8048,39.8612]]],[[[139.8049,39.8612],[139.8049,39.8612],[139.8049,39.8612],[139.8049,39.8612]]],[[[139.8041,39.8614],[139.8041,39.8612],[139.8041,39.8613],[139.8041,39.8614]]],[[[139.802,39.8613],[139.802,39.8614],[139.8021,39.8614],[139.802,39.8613]]],[[[139.8049,39.8615],[139.8049,39.8613],[139.8049,39.8614],[139.8049,39.8615]]],[[[139.8039,39.8613],[139.8039,39.8614],[139.8041,39.8615],[139.8039,39.8613]]],[[[139.8041,39.8612],[139.8039,39.8611],[139.8043,39.8618],[139.8041,39.8614],[139.8041,39.8612]]],[[[139.8042,39.8613],[139.8043,39.8617],[139.8042,39.8613],[139.8042,39.8613]]],[[[139.7724,39.8615],[139.7724,39.8615],[139.7724,39.8615],[139.7724,39.8615]]],[[[139.7721,39.8615],[139.7721,39.8616],[139.7722,39.8615],[139.7721,39.8615]]],[[[139.8023,39.8616],[139.8021,39.8615],[139.8022,39.8616],[139.8023,39.8616]]],[[[139.7874,39.8612],[139.7878,39.8621],[139.7885,39.8616],[139.7874,39.8612]]],[[[139.7865,39.8617],[139.7866,39.8618],[139.7865,39.8617],[139.7865,39.8617]]],[[[139.7871,39.8621],[139.7867,39.8615],[139.787,39.8621],[139.7871,39.8621]]],[[[139.8042,39.8617],[139.8042,39.8617],[139.8044,39.8621],[139.8042,39.8617]]],[[[139.7862,39.8619],[139.7862,39.862],[139.7864,39.8619],[139.7862,39.8619]]],[[[139.7823,39.862],[139.7824,39.862],[139.7824,39.8619],[139.7823,39.862]]],[[[139.7862,39.8622],[139.7862,39.8622],[139.7862,39.8621],[139.7862,39.8622]]],[[[139.7874,39.8622],[139.7875,39.8623],[139.7875,39.8622],[139.7874,39.8622]]],[[[139.7875,39.8624],[139.7876,39.8624],[139.7875,39.8624],[139.7875,39.8624]]],[[[139.8016,39.8626],[139.8017,39.8626],[139.8017,39.8626],[139.8016,39.8626]]],[[[139.7689,39.8626],[139.769,39.8627],[139.7689,39.8626],[139.7689,39.8626]]],[[[139.7857,39.8626],[139.7858,39.8627],[139.7858,39.8626],[139.7857,39.8626]]],[[[139.79,39.8627],[139.79,39.8627],[139.7899,39.8627],[139.79,39.8627]]],[[[139.7857,39.8627],[139.7857,39.8628],[139.7858,39.8627],[139.7857,39.8627]]],[[[139.7857,39.8628],[139.7858,39.8629],[139.7858,39.8628],[139.7857,39.8628]]],[[[139.7901,39.8629],[139.7901,39.8629],[139.79,39.8629],[139.7901,39.8629]]],[[[139.7857,39.8629],[139.7858,39.8629],[139.7857,39.8629],[139.7857,39.8629]]],[[[139.788,39.8628],[139.788,39.863],[139.7881,39.8628],[139.788,39.8628]]],[[[139.7689,39.863],[139.769,39.863],[139.769,39.8629],[139.7689,39.863]]],[[[139.7688,39.863],[139.7689,39.8631],[139.7689,39.863],[139.7688,39.863]]],[[[139.7691,39.863],[139.7691,39.8631],[139.7691,39.863],[139.7691,39.863]]],[[[139.7687,39.8631],[139.7687,39.8631],[139.769,39.8632],[139.7687,39.8631]]],[[[139.7901,39.8632],[139.7901,39.8632],[139.7901,39.8632],[139.7901,39.8632]]],[[[139.79,39.8632],[139.79,39.8632],[139.79,39.8632],[139.79,39.8632]]],[[[139.7885,39.8632],[139.7884,39.8633],[139.7886,39.8633],[139.7885,39.8632]]],[[[139.7691,39.8633],[139.769,39.8633],[139.7691,39.8634],[139.7691,39.8633]]],[[[139.7694,39.8634],[139.7694,39.8634],[139.7694,39.8634],[139.7694,39.8634]]],[[[139.7896,39.8635],[139.7897,39.8636],[139.7897,39.8634],[139.7896,39.8635]]],[[[139.7908,39.8636],[139.7909,39.8635],[139.7908,39.8635],[139.7908,39.8636]]],[[[139.7691,39.8636],[139.7691,39.8636],[139.7691,39.8636],[139.7691,39.8636]]],[[[139.7694,39.8636],[139.7694,39.8637],[139.7694,39.8636],[139.7694,39.8636]]],[[[139.7899,39.8637],[139.79,39.8637],[139.7899,39.8636],[139.7899,39.8637]]],[[[139.79,39.8638],[139.7899,39.8638],[139.7899,39.8638],[139.79,39.8638]]],[[[139.7698,39.8639],[139.7698,39.8639],[139.7698,39.8639],[139.7698,39.8639]]],[[[139.7726,39.8638],[139.7725,39.8639],[139.7726,39.8639],[139.7726,39.8638]]],[[[139.7828,39.8639],[139.7828,39.8639],[139.7827,39.8639],[139.7828,39.8639]]],[[[139.7707,39.864],[139.7708,39.864],[139.7708,39.864],[139.7707,39.864]]],[[[139.7698,39.864],[139.7698,39.864],[139.7697,39.864],[139.7698,39.864]]],[[[139.7707,39.8641],[139.7707,39.8641],[139.7707,39.864],[139.7707,39.8641]]],[[[139.7728,39.8644],[139.7728,39.8644],[139.7728,39.8644],[139.7728,39.8644]]],[[[139.7823,39.8645],[139.7824,39.8645],[139.7825,39.8644],[139.7823,39.8645]]],[[[139.7833,39.8645],[139.7833,39.8645],[139.7834,39.8645],[139.7833,39.8645]]],[[[139.7828,39.8646],[139.7829,39.8646],[139.7829,39.8645],[139.7828,39.8646]]],[[[139.772,39.8647],[139.772,39.8647],[139.772,39.8646],[139.772,39.8647]]],[[[139.7845,39.8647],[139.7845,39.8647],[139.7845,39.8647],[139.7845,39.8647]]],[[[139.772,39.8647],[139.7721,39.8647],[139.772,39.8647],[139.772,39.8647]]],[[[139.7843,39.8649],[139.7844,39.8649],[139.7843,39.8649],[139.7843,39.8649]]],[[[139.7844,39.865],[139.7844,39.865],[139.7843,39.865],[139.7844,39.865]]],[[[139.7834,39.865],[139.7834,39.8651],[139.7835,39.865],[139.7834,39.865]]],[[[139.7835,39.8651],[139.7835,39.8651],[139.7834,39.8651],[139.7835,39.8651]]],[[[139.7843,39.8651],[139.7843,39.8651],[139.7842,39.8651],[139.7843,39.8651]]],[[[139.794,39.9593],[139.7941,39.9592],[139.7946,39.9584],[139.794,39.9593]]],[[[139.7873,39.9622],[139.7939,39.9599],[139.7879,39.9616],[139.7873,39.9622]]],[[[139.7879,39.9635],[139.7891,39.9636],[139.788,39.9634],[139.7879,39.9635]]],[[[139.8189,39.8547],[139.8189,39.8547],[139.8189,39.8546],[139.8189,39.8547]]],[[[139.8186,39.8547],[139.8186,39.8548],[139.8187,39.8547],[139.8186,39.8547]]],[[[139.8185,39.855],[139.8185,39.8549],[139.8184,39.8549],[139.8185,39.855]]],[[[139.8187,39.8549],[139.8187,39.8549],[139.8187,39.8549],[139.8187,39.8549]]],[[[139.8187,39.855],[139.8187,39.855],[139.8187,39.855],[139.8187,39.855]]],[[[139.8184,39.8552],[139.8184,39.8552],[139.8183,39.8551],[139.8184,39.8552]]],[[[139.8133,39.8552],[139.8133,39.8551],[139.8133,39.8552],[139.8133,39.8552]]],[[[139.8185,39.8551],[139.8183,39.8553],[139.8185,39.8553],[139.8185,39.8551]]],[[[139.8185,39.8554],[139.8187,39.8555],[139.8186,39.8552],[139.8185,39.8554]]],[[[139.8151,39.8553],[139.8151,39.8554],[139.8151,39.8554],[139.8151,39.8553]]],[[[139.8151,39.8554],[139.8151,39.8555],[139.8151,39.8555],[139.8151,39.8554]]],[[[139.8183,39.8554],[139.8184,39.8555],[139.8184,39.8555],[139.8183,39.8554]]],[[[139.8154,39.8554],[139.8153,39.8553],[139.8153,39.8557],[139.8153,39.8556],[139.8154,39.8554]]],[[[139.8172,39.8554],[139.817,39.8555],[139.817,39.8557],[139.8172,39.8554]]],[[[139.8166,39.8557],[139.8168,39.8554],[139.8165,39.8557],[139.8166,39.8557]]],[[[139.8182,39.8556],[139.8183,39.8557],[139.8183,39.8556],[139.8182,39.8556]]],[[[139.8151,39.8557],[139.8151,39.8556],[139.8151,39.8557],[139.8151,39.8557]]],[[[139.8168,39.8557],[139.8168,39.8557],[139.8168,39.8557],[139.8168,39.8557]]],[[[139.8179,39.8557],[139.8179,39.8557],[139.8179,39.8557],[139.8179,39.8557]]],[[[139.8187,39.8556],[139.8185,39.8558],[139.8187,39.8558],[139.8187,39.8556]]],[[[139.8151,39.8557],[139.815,39.8557],[139.8151,39.8557],[139.8151,39.8557]]],[[[139.8104,39.8558],[139.8104,39.8557],[139.8104,39.8557],[139.8104,39.8558]]],[[[139.817,39.8558],[139.817,39.8558],[139.817,39.8558],[139.817,39.8558]]],[[[139.8151,39.8558],[139.8151,39.8557],[139.8151,39.8558],[139.8151,39.8558],[139.8151,39.8558]]],[[[139.8182,39.8558],[139.8183,39.8558],[139.8182,39.8558],[139.8182,39.8558]]],[[[139.8151,39.8558],[139.815,39.8558],[139.8151,39.8558],[139.8151,39.8558]]],[[[139.8187,39.8558],[139.8186,39.8559],[139.8187,39.8559],[139.8187,39.8558]]],[[[139.8227,39.8559],[139.8227,39.8559],[139.8226,39.8559],[139.8227,39.8559]]],[[[139.8163,39.856],[139.8164,39.856],[139.8165,39.8558],[139.8163,39.856]]],[[[139.8172,39.856],[139.8173,39.8558],[139.8172,39.8559],[139.8172,39.856]]],[[[139.8169,39.8558],[139.8169,39.856],[139.8169,39.8559],[139.8169,39.8558]]],[[[139.8226,39.8559],[139.8225,39.8559],[139.8226,39.8559],[139.8226,39.8559]]],[[[139.8134,39.8559],[139.8134,39.856],[139.8134,39.8559],[139.8134,39.8559],[139.8134,39.8559]]],[[[139.8167,39.8558],[139.8166,39.8559],[139.8165,39.8561],[139.8167,39.8558]]],[[[139.815,39.8559],[139.815,39.856],[139.815,39.8559],[139.815,39.8559]]],[[[139.8227,39.8559],[139.8227,39.856],[139.8227,39.8559],[139.8227,39.8559]]],[[[139.8184,39.856],[139.8185,39.856],[139.8185,39.8559],[139.8184,39.856]]],[[[139.8091,39.856],[139.8092,39.8559],[139.809,39.8561],[139.8091,39.856]]],[[[139.8163,39.8559],[139.816,39.8561],[139.8162,39.8561],[139.8163,39.8559]]],[[[139.8176,39.856],[139.8176,39.856],[139.8176,39.856],[139.8176,39.856]]],[[[139.8171,39.856],[139.8171,39.8562],[139.8171,39.856],[139.8171,39.856]]],[[[139.8197,39.8561],[139.8197,39.8561],[139.8197,39.8561],[139.8197,39.8561]]],[[[139.8185,39.8561],[139.8185,39.8561],[139.8184,39.8561],[139.8185,39.8561]]],[[[139.815,39.8561],[139.815,39.8562],[139.815,39.8561],[139.815,39.8561]]],[[[139.8193,39.8561],[139.8193,39.8561],[139.8193,39.8561],[139.8193,39.8561]]],[[[139.8228,39.8562],[139.8228,39.8561],[139.8228,39.8562],[139.8228,39.8562]]],[[[139.8183,39.8562],[139.8183,39.8562],[139.8183,39.8562],[139.8183,39.8562]]],[[[139.8159,39.8563],[139.8159,39.8562],[139.8159,39.8563],[139.8159,39.8563]]],[[[139.81,39.8561],[139.8096,39.8564],[139.8099,39.8562],[139.81,39.8561]]],[[[139.8174,39.8562],[139.8174,39.8563],[139.8174,39.8563],[139.8174,39.8562]]],[[[139.8152,39.8563],[139.8152,39.8563],[139.8152,39.8563],[139.8152,39.8563]]],[[[139.8091,39.8563],[139.809,39.8563],[139.809,39.8564],[139.8091,39.8563]]],[[[139.8183,39.8564],[139.8183,39.8563],[139.8183,39.8563],[139.8183,39.8564]]],[[[139.8174,39.8563],[139.8174,39.8563],[139.8173,39.8564],[139.8174,39.8563]]],[[[139.8059,39.8563],[139.8059,39.8564],[139.806,39.8564],[139.8059,39.8563]]],[[[139.8135,39.8565],[139.8134,39.8563],[139.8134,39.8564],[139.8135,39.8565]]],[[[139.8119,39.8564],[139.8119,39.8564],[139.8119,39.8564],[139.8119,39.8564]]],[[[139.8058,39.8564],[139.8056,39.8565],[139.8059,39.8564],[139.8058,39.8564]]],[[[139.8184,39.8564],[139.8183,39.8565],[139.8184,39.8565],[139.8184,39.8564]]],[[[139.8062,39.8565],[139.8062,39.8565],[139.8062,39.8566],[139.8062,39.8565]]],[[[139.8224,39.8566],[139.8224,39.8566],[139.8224,39.8565],[139.8224,39.8566]]],[[[139.806,39.8565],[139.8059,39.8565],[139.8056,39.8567],[139.806,39.8565]]],[[[139.8224,39.8566],[139.8224,39.8566],[139.8224,39.8566],[139.8224,39.8566]]],[[[139.8059,39.8567],[139.8059,39.8567],[139.806,39.8565],[139.8059,39.8567]]],[[[139.8152,39.8567],[139.8152,39.8567],[139.8152,39.8567],[139.8152,39.8567]]],[[[139.8218,39.8567],[139.8219,39.8567],[139.8218,39.8567],[139.8218,39.8567]]],[[[139.8196,39.8567],[139.8196,39.8567],[139.8196,39.8568],[139.8196,39.8567]]],[[[139.8153,39.8568],[139.8153,39.8568],[139.8153,39.8568],[139.8153,39.8568]]],[[[139.8096,39.8568],[139.8096,39.8568],[139.8096,39.8568],[139.8096,39.8568]]],[[[139.8095,39.8568],[139.8095,39.8568],[139.8095,39.8569],[139.8095,39.8568]]],[[[139.8093,39.8569],[139.8093,39.8569],[139.8093,39.8569],[139.8093,39.8569]]],[[[139.8092,39.8569],[139.8091,39.8569],[139.8092,39.8569],[139.8092,39.8569]]],[[[139.8171,39.8569],[139.8172,39.8569],[139.8171,39.8569],[139.8171,39.8569]]],[[[139.8089,39.8569],[139.8089,39.8569],[139.8089,39.8569],[139.8089,39.8569]]],[[[139.8227,39.857],[139.8227,39.857],[139.8227,39.857],[139.8227,39.857]]],[[[139.8218,39.8571],[139.8219,39.857],[139.8218,39.857],[139.8218,39.8571]]],[[[139.8173,39.857],[139.8173,39.8571],[139.8173,39.857],[139.8173,39.857]]],[[[139.8057,39.8571],[139.8057,39.8572],[139.8058,39.8571],[139.8057,39.8571]]],[[[139.8548,39.8605],[139.8518,39.8611],[139.8551,39.8606],[139.8616,39.8532],[139.8548,39.8605]]],[[[139.8087,39.8571],[139.8087,39.8571],[139.8085,39.8573],[139.8087,39.8571]]],[[[139.8225,39.8572],[139.8225,39.8572],[139.8225,39.8572],[139.8225,39.8572],[139.8225,39.8572]]],[[[139.8227,39.8573],[139.8227,39.8572],[139.8227,39.8572],[139.8227,39.8573]]],[[[139.8223,39.8572],[139.8223,39.8572],[139.8223,39.8573],[139.8223,39.8572]]],[[[139.8085,39.8574],[139.8085,39.8574],[139.8084,39.8574],[139.8085,39.8574]]],[[[139.8596,39.8572],[139.8595,39.8576],[139.8599,39.8573],[139.8596,39.8572]]],[[[139.8088,39.8576],[139.8088,39.8576],[139.8088,39.8576],[139.8088,39.8576]]],[[[139.8061,39.8576],[139.8061,39.8576],[139.8061,39.8576],[139.8061,39.8576]]],[[[139.8062,39.8577],[139.8062,39.8577],[139.8063,39.8575],[139.8062,39.8577]]],[[[139.8207,39.8578],[139.8207,39.8578],[139.8207,39.8578],[139.8207,39.8578]]],[[[139.8072,39.8578],[139.8072,39.8578],[139.8073,39.8578],[139.8072,39.8578]]],[[[139.8084,39.8578],[139.8084,39.8579],[139.8084,39.8578],[139.8084,39.8578]]],[[[139.8087,39.8579],[139.8087,39.8578],[139.8087,39.8578],[139.8087,39.8579]]],[[[139.8078,39.8579],[139.8078,39.8579],[139.8077,39.8579],[139.8078,39.8579]]],[[[139.8072,39.858],[139.8072,39.8579],[139.8072,39.8579],[139.8072,39.858]]],[[[139.8204,39.858],[139.8206,39.858],[139.8205,39.858],[139.8204,39.858]]],[[[139.8209,39.858],[139.8211,39.858],[139.8209,39.858],[139.8209,39.858]]],[[[139.8223,39.8579],[139.8221,39.8582],[139.8223,39.858],[139.8223,39.8579]]],[[[139.8085,39.8581],[139.8085,39.8581],[139.8085,39.8581],[139.8085,39.858],[139.8085,39.8581]]],[[[139.8089,39.8581],[139.8089,39.8581],[139.8089,39.8581],[139.8089,39.8581]]],[[[139.8212,39.8581],[139.8211,39.8582],[139.8212,39.8582],[139.8212,39.8581]]],[[[139.8211,39.8584],[139.8211,39.8584],[139.8211,39.8584],[139.8211,39.8584]]],[[[139.8084,39.8585],[139.8084,39.8585],[139.8084,39.8584],[139.8084,39.8585]]],[[[139.8215,39.8584],[139.8215,39.8584],[139.8215,39.8585],[139.8215,39.8584]]],[[[139.8219,39.8586],[139.822,39.8584],[139.822,39.8584],[139.8218,39.8586],[139.8218,39.8586],[139.8219,39.8586]]],[[[139.8057,39.8585],[139.8057,39.8585],[139.8057,39.8586],[139.8057,39.8585]]],[[[139.8216,39.8586],[139.8215,39.8586],[139.8216,39.8586],[139.8216,39.8586]]],[[[139.8085,39.8587],[139.8084,39.8586],[139.8084,39.8587],[139.8085,39.8587]]],[[[139.8077,39.8588],[139.8077,39.8589],[139.8077,39.8589],[139.8077,39.8588]]],[[[139.8058,39.8592],[139.8057,39.8588],[139.8057,39.8591],[139.8058,39.8592]]],[[[139.8065,39.8595],[139.8065,39.8595],[139.8065,39.8595],[139.8065,39.8595]]],[[[139.8067,39.8596],[139.8066,39.8596],[139.8066,39.8596],[139.8067,39.8596]]],[[[139.806,39.8599],[139.8056,39.8592],[139.8062,39.8607],[139.806,39.8599]]],[[[139.8226,39.8616],[139.823,39.8624],[139.8227,39.8616],[139.8226,39.861],[139.8226,39.8616]]],[[[139.8506,39.8615],[139.8506,39.8614],[139.8478,39.8621],[139.8506,39.8615]]],[[[139.8529,39.864],[139.8529,39.8641],[139.853,39.864],[139.8529,39.864]]],[[[139.8332,39.867],[139.8338,39.8665],[139.8332,39.8669],[139.8327,39.8667],[139.8332,39.867]]],[[[139.8498,39.8763],[139.848,39.878],[139.8488,39.8785],[139.8506,39.8758],[139.8498,39.8763]]],[[[139.8602,39.8879],[139.8604,39.8878],[139.8612,39.8874],[139.8602,39.8879]]],[[[139.8606,39.8884],[139.8606,39.8884],[139.8616,39.8879],[139.8606,39.8884]]],[[[139.8638,39.8904],[139.8616,39.8878],[139.8637,39.8905],[139.8637,39.8905],[139.8638,39.8904]]],[[[139.7099,39.9467],[139.7097,39.947],[139.7109,39.9465],[139.711,39.9467],[139.7117,39.9464],[139.7124,39.9465],[139.7122,39.9463],[139.7123,39.9462],[139.7127,39.946],[139.7143,39.9457],[139.715,39.9458],[139.7149,39.9463],[139.7157,39.9468],[139.715,39.946],[139.7189,39.946],[139.7211,39.9492],[139.7211,39.9549],[139.719,39.9585],[139.7175,39.9582],[139.7174,39.9592],[139.7151,39.9603],[139.7116,39.9607],[139.7105,39.9592],[139.7117,39.9597],[139.7132,39.9594],[139.7106,39.9577],[139.7141,39.9588],[139.7119,39.9575],[139.7097,39.9578],[139.7082,39.9563],[139.7064,39.9566],[139.7071,39.9576],[139.7064,39.9575],[139.7065,39.9586],[139.7062,39.9586],[139.7063,39.9587],[139.7061,39.959],[139.7062,39.9591],[139.706,39.9592],[139.7062,39.9595],[139.7054,39.9606],[139.7026,39.9603],[139.7023,39.961],[139.7019,39.9612],[139.7016,39.961],[139.7019,39.9616],[139.7016,39.9621],[139.7014,39.9622],[139.7023,39.9629],[139.7028,39.9648],[139.7018,39.965],[139.7029,39.9659],[139.7027,39.9663],[139.7024,39.9664],[139.7019,39.9662],[139.7004,39.9678],[139.7003,39.968],[139.7005,39.9681],[139.7002,39.9685],[139.701,39.9683],[139.7008,39.9686],[139.7012,39.9685],[139.7014,39.969],[139.7012,39.9686],[139.7009,39.9687],[139.7011,39.9698],[139.7002,39.97],[139.7015,39.9703],[139.7024,39.9712],[139.7024,39.9712],[139.7024,39.9712],[139.7025,39.9713],[139.7024,39.9717],[139.7022,39.9718],[139.7022,39.9719],[139.7018,39.9721],[139.7012,39.9721],[139.7016,39.9725],[139.7004,39.9732],[139.7009,39.9732],[139.7013,39.9734],[139.7015,39.9741],[139.701,39.9742],[139.7018,39.9747],[139.7015,39.975],[139.702,39.9754],[139.7019,39.976],[139.701,39.9767],[139.6991,39.9764],[139.6985,39.9768],[139.6989,39.9771],[139.6983,39.9775],[139.6977,39.9775],[139.6979,39.9778],[139.6965,39.9775],[139.6972,39.9782],[139.6969,39.979],[139.6955,39.9787],[139.6952,39.9796],[139.6946,39.9793],[139.6951,39.9799],[139.6942,39.9795],[139.6948,39.9803],[139.6945,39.9806],[139.6948,39.9806],[139.6952,39.9814],[139.6947,39.982],[139.6963,39.9824],[139.6967,39.9831],[139.6957,39.9841],[139.6975,39.984],[139.6979,39.9842],[139.698,39.9845],[139.6968,39.9856],[139.6973,39.9868],[139.695,39.989],[139.694,39.9889],[139.6947,39.9897],[139.694,39.9904],[139.6947,39.9903],[139.6952,39.9908],[139.6944,39.9916],[139.6956,39.9915],[139.6962,39.9927],[139.6954,39.9936],[139.6963,39.9943],[139.6958,39.9946],[139.6945,39.9943],[139.6944,39.9947],[139.694,39.9942],[139.693,39.9953],[139.6934,39.9955],[139.6941,39.9964],[139.695,39.9955],[139.6967,39.9954],[139.6978,39.9959],[139.6962,39.9972],[139.6974,39.998],[139.6953,39.9988],[139.6962,39.9996],[139.6969,40.0005],[139.697,40.001],[139.6981,40.0017],[139.6983,40.0025],[139.6988,40.0025],[139.7,40.0063],[139.7018,40.0068],[139.7103,39.9993],[139.7073,40.0008],[139.7087,39.9983],[139.7097,39.9986],[139.7099,39.9973],[139.7106,39.9967],[139.7112,39.9969],[139.7111,39.9966],[139.7122,39.9951],[139.7126,39.9951],[139.7124,39.9949],[139.7125,39.9937],[139.7159,39.9876],[139.7199,39.9846],[139.7207,39.9843],[139.721,39.9845],[139.7234,39.9817],[139.7281,39.9811],[139.7318,39.9821],[139.7324,39.9831],[139.7329,39.9821],[139.7344,39.9839],[139.7347,39.9836],[139.7381,39.9805],[139.7422,39.9784],[139.7502,39.9773],[139.7511,39.9782],[139.7516,39.9783],[139.7502,39.9773],[139.7518,39.9765],[139.7536,39.9771],[139.7523,39.978],[139.7532,39.9778],[139.7538,39.9769],[139.7657,39.9749],[139.7713,39.9725],[139.7695,39.9724],[139.7709,39.9703],[139.7824,39.9678],[139.7835,39.9657],[139.7849,39.9656],[139.7868,39.9637],[139.7848,39.9655],[139.7841,39.9652],[139.785,39.9634],[139.7854,39.9635],[139.7878,39.963],[139.785,39.9629],[139.786,39.9609],[139.7927,39.9593],[139.7937,39.9577],[139.7959,39.9584],[139.7954,39.9575],[139.8008,39.9566],[139.816,39.9594],[139.8314,39.9647],[139.8451,39.9709],[139.8634,39.9822],[139.8683,39.9859],[139.8677,39.9864],[139.8675,39.9871],[139.8689,39.9887],[139.8676,39.9871],[139.8684,39.986],[139.8698,39.9874],[139.8691,39.9879],[139.8727,39.9888],[139.8904,40.0045],[139.91,40.0247],[139.912,40.0277],[139.9083,40.0296],[139.912,40.0278],[139.9132,40.0293],[139.9123,40.0298],[139.9124,40.0302],[139.9132,40.0294],[139.9143,40.0303],[139.9122,40.0309],[139.9114,40.0302],[139.9087,40.0304],[139.9123,40.0314],[139.9146,40.0304],[139.9238,40.0411],[139.9454,40.073],[139.9573,40.07],[139.9566,40.0695],[139.9577,40.0687],[139.9555,40.068],[139.9579,40.0678],[139.9572,40.0674],[139.9588,40.0663],[139.9526,40.0676],[139.9569,40.0651],[139.954,40.0649],[139.9541,40.0638],[139.952,40.0642],[139.9541,40.0606],[139.962,40.0575],[139.9592,40.0503],[139.9533,40.0428],[139.9528,40.0376],[139.9342,40.0303],[139.9319,40.0242],[139.9303,40.0233],[139.9363,40.0107],[139.9418,40.0079],[139.9437,40.0045],[139.943,40.0015],[139.9362,39.9951],[139.9335,39.9902],[139.9224,39.9588],[139.9262,39.953],[139.9763,39.9278],[139.9631,39.9211],[139.9629,39.9091],[139.9608,39.905],[139.9537,39.8979],[139.9665,39.8857],[139.968,39.8855],[139.9671,39.8847],[139.9719,39.885],[139.9734,39.8826],[139.9679,39.88],[139.9504,39.8898],[139.9492,39.8901],[139.9459,39.8875],[139.9489,39.89],[139.9477,39.8903],[139.9461,39.8888],[139.9477,39.8903],[139.9446,39.8913],[139.9428,39.889],[139.9445,39.8913],[139.9384,39.8947],[139.9249,39.8995],[139.9132,39.9018],[139.8956,39.9021],[139.893,39.9012],[139.8941,39.9009],[139.8943,39.9003],[139.8951,39.9004],[139.8943,39.9003],[139.8941,39.9009],[139.8925,39.9009],[139.8916,39.8989],[139.879,39.8992],[139.8665,39.8976],[139.8669,39.8966],[139.864,39.8954],[139.8664,39.8965],[139.8661,39.8976],[139.8633,39.897],[139.8641,39.8961],[139.8628,39.8974],[139.8585,39.896],[139.8637,39.8905],[139.862,39.8921],[139.8601,39.8903],[139.862,39.8921],[139.8597,39.8945],[139.8531,39.8871],[139.8508,39.8868],[139.8569,39.8866],[139.8595,39.8854],[139.8613,39.8874],[139.8572,39.8824],[139.8576,39.8816],[139.8568,39.8834],[139.8561,39.8826],[139.8554,39.8834],[139.8549,39.8819],[139.8566,39.8823],[139.8533,39.8815],[139.8494,39.8822],[139.8491,39.8813],[139.8535,39.8806],[139.8541,39.8793],[139.855,39.8795],[139.8545,39.8808],[139.8551,39.8796],[139.8561,39.8798],[139.8556,39.8811],[139.8569,39.878],[139.8564,39.8788],[139.8554,39.8786],[139.8558,39.8777],[139.8553,39.8786],[139.8543,39.8783],[139.8547,39.8775],[139.8528,39.8775],[139.8522,39.8789],[139.8496,39.8794],[139.8469,39.8784],[139.8493,39.8749],[139.8575,39.8765],[139.858,39.8753],[139.8504,39.8734],[139.8516,39.8706],[139.8658,39.8742],[139.8587,39.8723],[139.8613,39.8663],[139.8496,39.8634],[139.8482,39.8668],[139.8494,39.8671],[139.8491,39.8678],[139.8476,39.8684],[139.8467,39.8632],[139.848,39.8632],[139.8484,39.8628],[139.838,39.863],[139.8385,39.8671],[139.8328,39.8683],[139.8329,39.8671],[139.8321,39.8686],[139.83,39.8689],[139.8255,39.8673],[139.8216,39.8636],[139.8214,39.8627],[139.8224,39.8625],[139.8214,39.8626],[139.8212,39.8607],[139.823,39.8608],[139.821,39.8586],[139.8145,39.8573],[139.8087,39.8585],[139.806,39.8609],[139.8036,39.8628],[139.8031,39.8634],[139.8003,39.8654],[139.7978,39.8653],[139.7949,39.8676],[139.7928,39.8677],[139.79,39.8671],[139.7892,39.8655],[139.7906,39.8644],[139.7887,39.8642],[139.7868,39.8621],[139.7851,39.8638],[139.7844,39.8637],[139.7849,39.8648],[139.7841,39.8656],[139.7813,39.8647],[139.782,39.8652],[139.7808,39.8659],[139.7792,39.8646],[139.7782,39.8632],[139.779,39.8628],[139.7803,39.8644],[139.781,39.8644],[139.7797,39.8635],[139.781,39.8628],[139.7786,39.8613],[139.7811,39.8606],[139.7826,39.8621],[139.7826,39.8626],[139.7827,39.8621],[139.7809,39.86],[139.7837,39.8596],[139.7841,39.859],[139.7753,39.8607],[139.7747,39.8608],[139.7738,39.859],[139.7745,39.859],[139.7737,39.8585],[139.7734,39.859],[139.772,39.8584],[139.7727,39.8589],[139.7727,39.8592],[139.7718,39.859],[139.7722,39.8597],[139.7729,39.8594],[139.7735,39.8594],[139.7726,39.8602],[139.7714,39.8601],[139.7733,39.8625],[139.7723,39.8633],[139.7735,39.8626],[139.7743,39.8629],[139.7729,39.8634],[139.7733,39.8643],[139.7726,39.8646],[139.7721,39.8647],[139.772,39.8647],[139.7716,39.8648],[139.7618,39.8624],[139.7611,39.8618],[139.7616,39.8614],[139.7609,39.8607],[139.7608,39.8605],[139.7609,39.8604],[139.7609,39.8605],[139.7609,39.8604],[139.7611,39.8603],[139.7609,39.8599],[139.7594,39.8596],[139.7608,39.8596],[139.7601,39.8595],[139.76,39.8594],[139.7598,39.8592],[139.76,39.8583],[139.7593,39.8595],[139.7586,39.8595],[139.7553,39.8569],[139.7554,39.8577],[139.7541,39.8579],[139.7566,39.8587],[139.7557,39.8585],[139.7556,39.8596],[139.7531,39.8593],[139.7542,39.8607],[139.755,39.8634],[139.7519,39.864],[139.7524,39.8624],[139.7517,39.8644],[139.7492,39.8653],[139.7474,39.8655],[139.7466,39.8653],[139.747,39.8655],[139.7468,39.8663],[139.7445,39.868],[139.7424,39.8681],[139.7428,39.8682],[139.7425,39.869],[139.7419,39.869],[139.7427,39.8692],[139.7433,39.8694],[139.7435,39.8704],[139.7432,39.8709],[139.7403,39.8715],[139.7413,39.8741],[139.7411,39.8751],[139.7406,39.8752],[139.7405,39.8752],[139.741,39.8769],[139.7394,39.8767],[139.7396,39.8779],[139.7394,39.8779],[139.7378,39.8781],[139.7391,39.8783],[139.7384,39.8801],[139.7371,39.8798],[139.7383,39.8816],[139.737,39.8819],[139.738,39.8831],[139.7363,39.8836],[139.7386,39.8841],[139.7389,39.8853],[139.7376,39.8865],[139.7361,39.8865],[139.7371,39.8875],[139.735,39.8884],[139.7364,39.8886],[139.7368,39.8897],[139.7362,39.8917],[139.7352,39.8924],[139.7361,39.8927],[139.7361,39.8939],[139.7345,39.895],[139.7342,39.8949],[139.7347,39.8955],[139.7341,39.8971],[139.7352,39.8994],[139.7347,39.8996],[139.735,39.9005],[139.7346,39.9007],[139.7352,39.9008],[139.7356,39.9022],[139.7354,39.9028],[139.7343,39.903],[139.7352,39.9042],[139.7349,39.9053],[139.7336,39.9061],[139.734,39.9066],[139.7335,39.9074],[139.732,39.9086],[139.7286,39.9101],[139.7274,39.9094],[139.7291,39.9089],[139.7268,39.9093],[139.7252,39.9076],[139.7235,39.9089],[139.7195,39.9088],[139.7199,39.9102],[139.7188,39.9102],[139.7186,39.9101],[139.7185,39.9098],[139.7183,39.9094],[139.7176,39.909],[139.7175,39.9104],[139.7166,39.9101],[139.7186,39.913],[139.7175,39.9125],[139.7181,39.9133],[139.7158,39.9139],[139.7177,39.9152],[139.7148,39.9174],[139.714,39.9167],[139.7144,39.9178],[139.7138,39.9179],[139.7145,39.9184],[139.7135,39.9192],[139.7121,39.9186],[139.713,39.9191],[139.7136,39.9206],[139.7127,39.9202],[139.7132,39.9209],[139.713,39.9211],[139.7123,39.9205],[139.7129,39.9211],[139.7128,39.9215],[139.711,39.9211],[139.7116,39.9229],[139.7112,39.9232],[139.7107,39.9233],[139.7098,39.923],[139.7102,39.9233],[139.7102,39.9235],[139.7093,39.9229],[139.7099,39.9235],[139.7085,39.9233],[139.7091,39.924],[139.7086,39.9243],[139.7098,39.9248],[139.71,39.9253],[139.7101,39.9251],[139.7106,39.9254],[139.7112,39.926],[139.7113,39.9263],[139.7112,39.9265],[139.7106,39.9273],[139.7098,39.9275],[139.7087,39.9273],[139.709,39.9282],[139.7076,39.9285],[139.7059,39.9281],[139.7057,39.9281],[139.7063,39.9291],[139.7052,39.9295],[139.7075,39.9306],[139.7075,39.9313],[139.7074,39.9314],[139.7074,39.9314],[139.7068,39.9313],[139.7066,39.9316],[139.7071,39.9324],[139.7069,39.933],[139.7065,39.9332],[139.7062,39.933],[139.7062,39.9332],[139.7057,39.9328],[139.7062,39.9333],[139.7063,39.9335],[139.7063,39.9337],[139.7054,39.9339],[139.7046,39.9335],[139.7062,39.9353],[139.706,39.9357],[139.7053,39.9363],[139.7038,39.9363],[139.7048,39.9366],[139.7053,39.9371],[139.7053,39.9376],[139.7045,39.9382],[139.7062,39.9385],[139.7059,39.9386],[139.7063,39.9388],[139.7062,39.9396],[139.7054,39.9408],[139.7049,39.9403],[139.7048,39.9405],[139.7053,39.9409],[139.7052,39.9415],[139.7043,39.942],[139.7036,39.9417],[139.7039,39.9423],[139.7017,39.9423],[139.7019,39.9425],[139.7023,39.9424],[139.703,39.9425],[139.704,39.943],[139.704,39.943],[139.704,39.943],[139.7044,39.9432],[139.7041,39.9435],[139.703,39.9434],[139.7041,39.9445],[139.7039,39.9452],[139.7077,39.945],[139.7088,39.9457],[139.7088,39.9458],[139.709,39.9459],[139.7094,39.9467],[139.7099,39.9467]]]]}},{"type":"Feature","properties":{"code":"05210","name":"由利本荘市","pref_code":"05","pref":"秋田県"},"geometry":{"type":"MultiPolygon","coordinates":[[[[140.0723,39.597],[140.0762,39.594],[140.077,39.5922],[140.0759,39.5898],[140.0777,39.588],[140.0735,39.5848],[140.0789,39.5827],[140.0822,39.5839],[140.086,39.5797],[140.0898,39.5832],[140.0932,39.5824],[140.0983,39.5837],[140.0991,39.586],[140.1086,39.5847],[140.108,39.5812],[140.1107,39.58],[140.1128,39.5773],[140.1222,39.576],[140.1221,39.5744],[140.1193,39.5735],[140.1219,39.5725],[140.121,39.5711],[140.123,39.5701],[140.1351,39.5688],[140.1369,39.5696],[140.1387,39.5685],[140.1485,39.5704],[140.1511,39.5692],[140.1536,39.5657],[140.1536,39.5632],[140.1601,39.5595],[140.1594,39.5583],[140.161,39.5518],[140.1674,39.548],[140.165,39.5449],[140.1647,39.5421],[140.1561,39.5378],[140.1609,39.5349],[140.1647,39.5352],[140.1658,39.5333],[140.1683,39.5326],[140.1712,39.5348],[140.1794,39.5362],[140.182,39.5389],[140.1852,39.539],[140.1857,39.5371],[140.1885,39.5346],[140.1878,39.5323],[140.1848,39.5301],[140.1842,39.5216],[140.1798,39.5204],[140.1791,39.5191],[140.181,39.5158],[140.1781,39.5124],[140.1806,39.509],[140.1796,39.5063],[140.1807,39.5038],[140.1852,39.5038],[140.1918,39.5006],[140.1952,39.5016],[140.1975,39.4978],[140.2019,39.4966],[140.2063,39.4971],[140.2076,39.496],[140.2114,39.4957],[140.2157,39.498],[140.2193,39.4945],[140.2199,39.4922],[140.2244,39.4925],[140.2279,39.4942],[140.2304,39.4918],[140.2357,39.4923],[140.2354,39.4902],[140.2336,39.4891],[140.2293,39.4891],[140.2292,39.4904],[140.2277,39.4905],[140.2222,39.4872],[140.2228,39.4837],[140.2208,39.4817],[140.2239,39.4807],[140.2237,39.4784],[140.2223,39.4781],[140.2214,39.4765],[140.2229,39.4744],[140.2217,39.4724],[140.2233,39.4712],[140.2224,39.4695],[140.223,39.4675],[140.228,39.4688],[140.2286,39.4707],[140.2314,39.4721],[140.2324,39.47],[140.2391,39.4671],[140.2386,39.4641],[140.2344,39.4601],[140.2406,39.4547],[140.2438,39.4544],[140.2451,39.4554],[140.2473,39.4541],[140.2498,39.4542],[140.2512,39.4521],[140.257,39.449],[140.2598,39.4492],[140.2621,39.4518],[140.2644,39.4506],[140.2665,39.4522],[140.2673,39.4517],[140.2715,39.444],[140.2684,39.4409],[140.2718,39.438],[140.2696,39.4345],[140.2724,39.43],[140.277,39.4271],[140.2777,39.4247],[140.2819,39.4232],[140.2847,39.424],[140.2892,39.4208],[140.294,39.4198],[140.2957,39.4209],[140.2989,39.4208],[140.3065,39.4166],[140.3051,39.4141],[140.3054,39.4121],[140.3031,39.4104],[140.3048,39.4069],[140.3027,39.4056],[140.3022,39.4038],[140.2991,39.4035],[140.2981,39.4011],[140.2966,39.4003],[140.2934,39.4007],[140.2915,39.3992],[140.2882,39.3998],[140.2853,39.3977],[140.2857,39.396],[140.2884,39.394],[140.2905,39.3951],[140.2934,39.3937],[140.2983,39.3935],[140.3027,39.3901],[140.3051,39.3917],[140.3075,39.3905],[140.3094,39.3915],[140.3158,39.3904],[140.3179,39.3883],[140.3172,39.3865],[140.3186,39.3861],[140.3202,39.3826],[140.3119,39.3787],[140.3075,39.3801],[140.301,39.3782],[140.3006,39.3742],[140.2996,39.3779],[140.2974,39.3789],[140.2941,39.3785],[140.2936,39.3775],[140.296,39.3774],[140.2951,39.3764],[140.2961,39.3755],[140.2947,39.3753],[140.2959,39.3738],[140.2943,39.3724],[140.2945,39.3746],[140.2921,39.3767],[140.2885,39.3758],[140.2888,39.3744],[140.2864,39.3729],[140.2838,39.3752],[140.2807,39.3736],[140.2793,39.3755],[140.2764,39.3749],[140.2702,39.3767],[140.267,39.3763],[140.2622,39.3798],[140.2632,39.3786],[140.2619,39.378],[140.2627,39.3759],[140.2675,39.3706],[140.2667,39.368],[140.268,39.3658],[140.2729,39.3628],[140.27,39.3611],[140.2689,39.356],[140.2711,39.3547],[140.2751,39.3558],[140.2772,39.3536],[140.281,39.3577],[140.2842,39.3548],[140.2916,39.3545],[140.2921,39.3532],[140.2983,39.3547],[140.3018,39.3467],[140.3048,39.3481],[140.3106,39.3475],[140.3159,39.3497],[140.3201,39.3487],[140.3193,39.3455],[140.3277,39.3417],[140.3297,39.3394],[140.3302,39.336],[140.3266,39.3323],[140.3299,39.3301],[140.3275,39.3258],[140.331,39.3248],[140.3338,39.325],[140.3375,39.3276],[140.3421,39.3268],[140.3401,39.3229],[140.3409,39.3187],[140.3423,39.3178],[140.3404,39.3165],[140.3406,39.3124],[140.3501,39.3056],[140.3525,39.3054],[140.3522,39.3032],[140.3541,39.3012],[140.3536,39.3003],[140.3558,39.2984],[140.3539,39.2954],[140.3495,39.2966],[140.3425,39.2956],[140.3421,39.2932],[140.3391,39.2909],[140.3403,39.29],[140.3394,39.2881],[140.34,39.2851],[140.3386,39.2845],[140.3383,39.2824],[140.3395,39.2804],[140.3366,39.2764],[140.3331,39.2737],[140.3305,39.2736],[140.3318,39.2698],[140.3295,39.265],[140.3297,39.2616],[140.3335,39.2597],[140.3406,39.2589],[140.3424,39.257],[140.3413,39.2548],[140.3432,39.2538],[140.3436,39.2514],[140.3462,39.2514],[140.3488,39.2482],[140.3478,39.2468],[140.3444,39.247],[140.3412,39.2445],[140.3376,39.2452],[140.3382,39.2473],[140.3353,39.2492],[140.3325,39.2482],[140.3315,39.2461],[140.3267,39.2458],[140.3256,39.248],[140.3129,39.2468],[140.3104,39.2482],[140.3,39.244],[140.2962,39.245],[140.2867,39.244],[140.2817,39.2416],[140.2819,39.2403],[140.2775,39.2411],[140.2741,39.2399],[140.2707,39.2404],[140.2704,39.2375],[140.266,39.2363],[140.2625,39.2379],[140.2585,39.2331],[140.2526,39.231],[140.2525,39.2283],[140.2484,39.2246],[140.2421,39.2248],[140.2378,39.2273],[140.2329,39.2255],[140.2292,39.2295],[140.2265,39.2295],[140.2227,39.2269],[140.2233,39.2222],[140.2208,39.222],[140.2205,39.221],[140.2219,39.2201],[140.2228,39.2172],[140.227,39.2158],[140.2272,39.2123],[140.2299,39.2109],[140.2301,39.2037],[140.2337,39.1981],[140.2362,39.1972],[140.2368,39.1952],[140.2391,39.1936],[140.2438,39.195],[140.2453,39.1969],[140.2487,39.197],[140.2573,39.1901],[140.2571,39.1821],[140.2603,39.181],[140.2637,39.1751],[140.2663,39.1733],[140.2738,39.1715],[140.2797,39.1634],[140.2823,39.1529],[140.2816,39.151],[140.2869,39.1484],[140.2876,39.1467],[140.2922,39.1454],[140.2937,39.1424],[140.2964,39.141],[140.2964,39.1384],[140.3031,39.1335],[140.3039,39.1223],[140.3088,39.1202],[140.3127,39.1163],[140.312,39.1141],[140.3143,39.1128],[140.3143,39.1113],[140.316,39.1096],[140.317,39.1015],[140.3218,39.0999],[140.3251,39.1009],[140.3306,39.1004],[140.3416,39.0882],[140.3412,39.0799],[140.3437,39.0757],[140.3434,39.074],[140.3337,39.0645],[140.3333,39.0609],[140.3315,39.0591],[140.3389,39.0518],[140.3414,39.0507],[140.3427,39.0456],[140.332,39.0403],[140.3291,39.0348],[140.3213,39.0322],[140.3204,39.0309],[140.3188,39.0313],[140.3174,39.0281],[140.3187,39.0251],[140.3107,39.0136],[140.3035,39.0152],[140.3003,39.018],[140.2939,39.0182],[140.2921,39.0239],[140.2866,39.0281],[140.2745,39.0307],[140.2709,39.0325],[140.2662,39.0313],[140.2606,39.0352],[140.2546,39.031],[140.2529,39.0282],[140.2495,39.0279],[140.2454,39.0309],[140.24,39.0297],[140.2369,39.0276],[140.2316,39.027],[140.2236,39.0285],[140.2218,39.0312],[140.2175,39.0331],[140.2135,39.0325],[140.2082,39.0345],[140.2015,39.035],[140.2006,39.0358],[140.2036,39.0395],[140.2024,39.042],[140.203,39.0455],[140.2017,39.0472],[140.2041,39.0501],[140.2048,39.0535],[140.2018,39.0562],[140.2013,39.0595],[140.1981,39.0613],[140.1938,39.0603],[140.1888,39.0615],[140.1879,39.0586],[140.1752,39.0574],[140.1712,39.051],[140.1622,39.0542],[140.1601,39.0531],[140.1575,39.0491],[140.1519,39.0484],[140.1478,39.0536],[140.148,39.0551],[140.1436,39.0596],[140.1439,39.0613],[140.1384,39.0639],[140.1378,39.0656],[140.1332,39.0632],[140.1276,39.063],[140.1245,39.064],[140.1201,39.068],[140.1169,39.0682],[140.1165,39.073],[140.115,39.0749],[140.1145,39.0784],[140.0962,39.0849],[140.0758,39.0862],[140.0625,39.0929],[140.0669,39.0977],[140.0672,39.0993],[140.0629,39.1069],[140.0615,39.1134],[140.0624,39.1335],[140.0659,39.1424],[140.0634,39.1507],[140.0641,39.1613],[140.0596,39.1631],[140.0567,39.1661],[140.0566,39.1682],[140.0476,39.1703],[140.0422,39.1756],[140.0426,39.1776],[140.0448,39.1799],[140.0456,39.1849],[140.0476,39.188],[140.0521,39.191],[140.0539,39.1936],[140.0529,39.1984],[140.054,39.2115],[140.0583,39.2268],[140.0523,39.2339],[140.0489,39.236],[140.0461,39.2362],[140.0442,39.2389],[140.042,39.2391],[140.0412,39.2436],[140.0391,39.2442],[140.0364,39.247],[140.0349,39.2469],[140.0344,39.2485],[140.032,39.2487],[140.038,39.2595],[140.0218,39.2692],[140.0143,39.267],[140.0117,39.2675],[140.009,39.272],[140.0058,39.2739],[140.0041,39.2737],[139.9987,39.2841],[139.9928,39.2859],[139.993,39.2893],[139.9964,39.2889],[139.9958,39.2918],[139.9971,39.2929],[140.0028,39.2943],[139.9987,39.2964],[139.9958,39.2963],[139.9935,39.298],[139.9902,39.3027],[139.9903,39.3068],[139.9801,39.3131],[139.9929,39.3366],[139.9935,39.338],[139.9928,39.3383],[139.9929,39.3389],[139.9938,39.3401],[139.9936,39.3419],[139.9938,39.3401],[139.9929,39.3384],[139.9938,39.3379],[139.9949,39.3393],[139.9941,39.3411],[139.9968,39.3421],[139.9938,39.3429],[139.9968,39.3422],[139.9981,39.3447],[140.01,39.3722],[140.0112,39.3758],[140.0108,39.3783],[140.0134,39.3817],[140.0148,39.3873],[140.014,39.3897],[140.0106,39.3892],[140.014,39.3897],[140.0139,39.3915],[140.0095,39.391],[140.0092,39.3919],[140.0096,39.3911],[140.0129,39.3916],[140.0122,39.3929],[140.013,39.3916],[140.0151,39.3917],[140.0154,39.3928],[140.0146,39.393],[140.0156,39.3931],[140.0147,39.3933],[140.016,39.3944],[140.0142,39.3948],[140.0135,39.3929],[140.0141,39.3947],[140.0129,39.395],[140.0125,39.3938],[140.0104,39.3943],[140.0098,39.393],[140.0106,39.3953],[140.0145,39.395],[140.0164,39.3963],[140.0183,39.4014],[140.0208,39.4038],[140.0245,39.4155],[140.0311,39.4404],[140.0302,39.4419],[140.0318,39.444],[140.0352,39.4584],[140.0362,39.4676],[140.038,39.4687],[140.04,39.4774],[140.0426,39.4897],[140.0416,39.4907],[140.0424,39.4911],[140.042,39.4922],[140.0431,39.4922],[140.0432,39.4962],[140.045,39.4987],[140.0449,39.5021],[140.0441,39.5022],[140.0437,39.5025],[140.0442,39.5048],[140.0426,39.5062],[140.0443,39.5048],[140.0438,39.5025],[140.045,39.5022],[140.0454,39.507],[140.0426,39.5075],[140.0459,39.5073],[140.0507,39.531],[140.0512,39.5395],[140.049,39.5399],[140.0512,39.5396],[140.0498,39.542],[140.0516,39.5442],[140.0538,39.5533],[140.0534,39.5591],[140.0561,39.5662],[140.0597,39.5978],[140.0657,39.5971],[140.0685,39.5984],[140.0723,39.597]]],[[[140.0084,39.3922],[140.0089,39.3939],[140.009,39.3939],[140.0084,39.3922]]],[[[140.0478,39.5431],[140.0483,39.5427],[140.0485,39.5424],[140.0477,39.5408],[140.0466,39.5409],[140.0454,39.5412],[140.0476,39.5409],[140.0481,39.5428],[140.0458,39.5431],[140.0455,39.5421],[140.0456,39.5431],[140.0478,39.5431]]]]}},{"type":"Feature","properties":{"code":"05211","name":"潟上市","pref_code":"05","pref":"秋田県"},"geometry":{"type":"Polygon","coordinates":[[[140.0149,39.9199],[140.0335,39.9056],[140.0698,39.9044],[140.0698,39.9054],[140.074,39.9053],[140.0748,39.9042],[140.0775,39.9053],[140.0793,39.9043],[140.0872,39.9054],[140.092,39.9043],[140.0923,39.9019],[140.1001,39.8952],[140.0986,39.8935],[140.1019,39.8922],[140.1015,39.891],[140.1045,39.8895],[140.1064,39.8857],[140.1105,39.8851],[140.114,39.8827],[140.1133,39.8805],[140.1157,39.8783],[140.1156,39.8765],[140.1207,39.8751],[140.1215,39.8734],[140.1279,39.8734],[140.1299,39.8714],[140.1293,39.8692],[140.1303,39.8669],[140.133,39.8658],[140.1429,39.8686],[140.1455,39.8681],[140.1456,39.8662],[140.1473,39.8663],[140.1496,39.8641],[140.154,39.8673],[140.1633,39.8578],[140.1667,39.8586],[140.1668,39.8573],[140.17,39.8549],[140.185,39.8541],[140.1978,39.8598],[140.199,39.8556],[140.198,39.8539],[140.1932,39.8517],[140.1929,39.8476],[140.1863,39.8483],[140.1774,39.8464],[140.1752,39.8447],[140.1708,39.845],[140.1684,39.844],[140.1668,39.8445],[140.1652,39.8474],[140.161,39.8468],[140.1591,39.849],[140.1552,39.8496],[140.1525,39.8464],[140.1494,39.846],[140.1476,39.8446],[140.1464,39.8459],[140.1443,39.8449],[140.1405,39.8465],[140.1391,39.8448],[140.1346,39.8456],[140.133,39.8449],[140.1246,39.8491],[140.1236,39.8519],[140.1207,39.852],[140.1144,39.8483],[140.1142,39.8464],[140.1112,39.844],[140.1078,39.8439],[140.1074,39.8414],[140.0987,39.8411],[140.0963,39.8378],[140.0965,39.836],[140.0941,39.8352],[140.0903,39.8393],[140.0909,39.8417],[140.0896,39.8441],[140.0861,39.8455],[140.0812,39.8438],[140.08,39.8479],[140.0779,39.8473],[140.077,39.8484],[140.0775,39.8498],[140.0761,39.8505],[140.077,39.8526],[140.0787,39.852],[140.0768,39.855],[140.0662,39.8595],[140.0645,39.8589],[140.0663,39.8557],[140.0662,39.8504],[140.0598,39.8471],[140.0563,39.8516],[140.0487,39.8489],[140.0498,39.8468],[140.0487,39.8448],[140.0502,39.842],[140.0496,39.8414],[140.0549,39.8288],[140.0559,39.8071],[140.034,39.8045],[140.0291,39.815],[140.0211,39.8279],[140.0059,39.8474],[139.988,39.8647],[139.9685,39.8792],[139.9682,39.8802],[139.9734,39.8826],[139.9729,39.8843],[139.9699,39.8852],[139.9671,39.8847],[139.968,39.8855],[139.9665,39.8857],[139.9537,39.8979],[139.9608,39.905],[139.9629,39.9091],[139.9631,39.9211],[139.9763,39.9278],[140.0149,39.9199]]]}},{"type":"Feature","properties":{"code":"05214","name":"にかほ市","pref_code":"05","pref":"秋田県"},"geometry":{"type":"MultiPolygon","coordinates":[[[[139.8784,39.1264],[139.8778,39.1264],[139.8784,39.1264],[139.8784,39.1264]]],[[[139.8837,39.1344],[139.8837,39.1346],[139.8838,39.1345],[139.8837,39.1344]]],[[[139.8836,39.1359],[139.8837,39.1362],[139.8838,39.136],[139.8836,39.1359]]],[[[139.8819,39.137],[139.8818,39.1373],[139.882,39.1372],[139.8819,39.137]]],[[[139.8821,39.1375],[139.8821,39.1377],[139.8821,39.1376],[139.8821,39.1375]]],[[[139.8818,39.1387],[139.8816,39.1389],[139.8818,39.1388],[139.8818,39.1387]]],[[[139.8817,39.1399],[139.8818,39.1401],[139.8819,39.14],[139.8817,39.1399]]],[[[139.8815,39.1409],[139.8814,39.1411],[139.8816,39.141],[139.8815,39.1409]]],[[[139.8817,39.1413],[139.8817,39.1415],[139.8818,39.1415],[139.8817,39.1413]]],[[[139.8989,39.2003],[139.899,39.2005],[139.899,39.2005],[139.8989,39.2003]]],[[[139.8929,39.2139],[139.8931,39.2141],[139.8931,39.214],[139.8929,39.2139]]],[[[139.9098,39.2595],[139.9097,39.2595],[139.9097,39.2595],[139.9098,39.2595]]],[[[139.9101,39.2611],[139.9101,39.2611],[139.9101,39.2611],[139.9101,39.2611]]],[[[139.9102,39.2611],[139.9102,39.2612],[139.9102,39.2612],[139.9102,39.2611]]],[[[139.9101,39.2611],[139.9101,39.2612],[139.9101,39.2611],[139.9101,39.2611]]],[[[139.9103,39.2612],[139.9103,39.2612],[139.9103,39.2612],[139.9103,39.2612]]],[[[139.9103,39.2612],[139.9104,39.2612],[139.9104,39.2612],[139.9103,39.2612]]],[[[139.9101,39.2613],[139.9101,39.2612],[139.9101,39.2612],[139.9101,39.2613]]],[[[139.9106,39.2613],[139.9105,39.2613],[139.9106,39.2613],[139.9106,39.2613]]],[[[139.9108,39.2631],[139.9096,39.2623],[139.9096,39.2624],[139.9108,39.2631]]],[[[140.0,39.2959],[140.0028,39.2943],[139.9971,39.2929],[139.9958,39.2918],[139.9964,39.2889],[139.993,39.2893],[139.9928,39.2859],[139.9987,39.2841],[140.0041,39.2737],[140.0058,39.2739],[140.009,39.272],[140.0117,39.2675],[140.0143,39.267],[140.0218,39.2692],[140.038,39.2595],[140.032,39.2487],[140.0344,39.2485],[140.0349,39.2469],[140.0364,39.247],[140.0391,39.2442],[140.0412,39.2436],[140.042,39.2391],[140.0442,39.2389],[140.0461,39.2362],[140.0489,39.236],[140.0523,39.2339],[140.0583,39.2268],[140.054,39.2115],[140.0529,39.1984],[140.0539,39.1936],[140.0521,39.191],[140.0476,39.188],[140.0456,39.1849],[140.0448,39.1799],[140.0426,39.1776],[140.0422,39.1756],[140.0476,39.1703],[140.0566,39.1682],[140.0567,39.1661],[140.0596,39.1631],[140.0641,39.1614],[140.0634,39.1507],[140.0659,39.1424],[140.0624,39.1335],[140.0078,39.123],[139.9976,39.1158],[139.9945,39.1055],[139.948,39.1172],[139.9457,39.1128],[139.906,39.1188],[139.8696,39.1183],[139.8712,39.1195],[139.8705,39.1206],[139.8722,39.1213],[139.8769,39.1206],[139.8792,39.1228],[139.8771,39.1251],[139.8809,39.1268],[139.883,39.1321],[139.8851,39.1333],[139.8836,39.135],[139.8839,39.1365],[139.8822,39.1378],[139.8828,39.1386],[139.8814,39.1391],[139.8827,39.1395],[139.8818,39.1412],[139.883,39.142],[139.8833,39.1452],[139.8857,39.149],[139.889,39.1506],[139.8949,39.1561],[139.9035,39.1767],[139.905,39.1816],[139.9045,39.1861],[139.9062,39.1903],[139.9053,39.1966],[139.9034,39.1998],[139.902,39.1996],[139.8973,39.2011],[139.9005,39.2003],[139.9009,39.2011],[139.897,39.2015],[139.8973,39.2031],[139.8942,39.2036],[139.8939,39.2025],[139.8949,39.2021],[139.8968,39.2026],[139.8963,39.2005],[139.8928,39.2025],[139.8925,39.2044],[139.8942,39.207],[139.8924,39.2092],[139.8938,39.2118],[139.892,39.2129],[139.8948,39.2113],[139.8945,39.2126],[139.8926,39.2129],[139.8943,39.2146],[139.8966,39.2145],[139.8962,39.2164],[139.8975,39.2179],[139.8963,39.2182],[139.8986,39.2185],[139.8982,39.2195],[139.8995,39.2196],[139.8988,39.2207],[139.902,39.2227],[139.9063,39.2338],[139.9095,39.2386],[139.9099,39.2383],[139.9102,39.2377],[139.9104,39.2375],[139.9104,39.2375],[139.9102,39.2377],[139.91,39.2384],[139.9097,39.2386],[139.9127,39.2438],[139.9111,39.2455],[139.9111,39.246],[139.9131,39.2458],[139.9149,39.2496],[139.9125,39.2537],[139.9103,39.254],[139.9097,39.2543],[139.9125,39.2538],[139.9128,39.2553],[139.9124,39.2559],[139.9115,39.2561],[139.9104,39.2551],[139.9111,39.256],[139.9109,39.2566],[139.9101,39.2565],[139.9109,39.2567],[139.9098,39.2591],[139.9082,39.2587],[139.9093,39.2558],[139.9076,39.2543],[139.9087,39.2557],[139.9079,39.2584],[139.908,39.2588],[139.9098,39.2591],[139.9111,39.2621],[139.911,39.2625],[139.9119,39.2614],[139.9112,39.2661],[139.9134,39.2676],[139.9156,39.2723],[139.9157,39.2756],[139.9194,39.2806],[139.9227,39.2819],[139.9258,39.2856],[139.9283,39.2863],[139.9289,39.2874],[139.9281,39.2881],[139.9306,39.2892],[139.9318,39.2886],[139.9378,39.2899],[139.9387,39.2888],[139.95,39.29],[139.9562,39.2918],[139.9578,39.2933],[139.9577,39.294],[139.958,39.2947],[139.9578,39.2958],[139.9581,39.2947],[139.9578,39.2934],[139.9596,39.294],[139.9599,39.2937],[139.958,39.2925],[139.961,39.2931],[139.9616,39.2936],[139.9589,39.2949],[139.9588,39.2969],[139.9611,39.294],[139.966,39.2951],[139.9743,39.3042],[139.9801,39.3131],[139.9903,39.3068],[139.9902,39.3027],[139.9935,39.298],[139.996,39.2962],[140.0,39.2959]]],[[[139.9118,39.2559],[139.9118,39.2559],[139.9118,39.2559],[139.9118,39.2559]]],[[[139.9119,39.2559],[139.9118,39.256],[139.9119,39.2559],[139.9119,39.2559]]],[[[139.911,39.256],[139.911,39.256],[139.911,39.256],[139.911,39.256]]],[[[139.9109,39.256],[139.9109,39.256],[139.9109,39.256],[139.9109,39.256]]],[[[139.9109,39.2561],[139.9109,39.256],[139.9109,39.256],[139.9109,39.2561]]],[[[139.9109,39.2561],[139.9109,39.2561],[139.9109,39.2561],[139.9109,39.2561]]],[[[139.9109,39.2562],[139.9109,39.2561],[139.9109,39.2562],[139.9109,39.2562]]],[[[139.9108,39.2562],[139.9108,39.2562],[139.9108,39.2562],[139.9108,39.2562]]],[[[139.9105,39.2616],[139.9106,39.2615],[139.9105,39.2615],[139.9105,39.2616]]],[[[139.9108,39.2618],[139.9108,39.2618],[139.9108,39.2618],[139.9108,39.2618]]],[[[139.9141,39.2703],[139.9141,39.2704],[139.9141,39.2703],[139.9141,39.2703]]],[[[139.9137,39.2709],[139.9137,39.271],[139.9138,39.2709],[139.9137,39.2709]]],[[[139.9139,39.271],[139.9138,39.2709],[139.9138,39.271],[139.9139,39.271]]],[[[139.9139,39.2711],[139.914,39.2711],[139.9139,39.2711],[139.9139,39.2711]]],[[[139.9231,39.2829],[139.9231,39.283],[139.9232,39.283],[139.9231,39.2829]]],[[[139.9314,39.2891],[139.9316,39.2891],[139.9314,39.289],[139.9314,39.2891]]],[[[139.9318,39.2893],[139.9318,39.2892],[139.9317,39.2891],[139.9318,39.2893]]],[[[139.9479,39.2917],[139.9475,39.2918],[139.9479,39.2917],[139.9479,39.2917]]],[[[139.9569,39.2961],[139.9574,39.2969],[139.9575,39.2968],[139.9569,39.2961]]]]}},{"type":"Feature","properties":{"code":"05348","name":"三種町","pref_code":"05","pref":"秋田県"},"geometry":{"type":"Polygon","coordinates":[[[140.0694,40.1567],[140.079,40.1517],[140.078,40.1511],[140.0828,40.1497],[140.0824,40.149],[140.0864,40.1484],[140.0931,40.1497],[140.0949,40.1477],[140.0974,40.1484],[140.0988,40.147],[140.0979,40.146],[140.0993,40.1452],[140.1009,40.1465],[140.1005,40.1447],[140.1015,40.1437],[140.1028,40.1452],[140.1086,40.1427],[140.1085,40.141],[140.1116,40.1359],[140.1213,40.129],[140.1261,40.1284],[140.1265,40.1299],[140.1335,40.132],[140.1376,40.1297],[140.1431,40.1295],[140.1447,40.1279],[140.1517,40.1292],[140.1552,40.1279],[140.1597,40.1287],[140.1617,40.1316],[140.1665,40.132],[140.1747,40.1302],[140.176,40.1316],[140.1794,40.1319],[140.18,40.1302],[140.1882,40.1289],[140.1881,40.1252],[140.1838,40.1227],[140.1848,40.1183],[140.1772,40.1121],[140.1773,40.1083],[140.1749,40.1069],[140.177,40.1055],[140.1746,40.1038],[140.1744,40.0979],[140.1773,40.0979],[140.1798,40.0945],[140.1823,40.093],[140.1817,40.0908],[140.1837,40.09],[140.1845,40.0884],[140.1849,40.0861],[140.1832,40.0843],[140.1843,40.0825],[140.1882,40.0823],[140.1895,40.0805],[140.1931,40.0806],[140.1928,40.075],[140.1897,40.0678],[140.1962,40.0687],[140.1999,40.0678],[140.2066,40.0706],[140.2146,40.0694],[140.2165,40.0603],[140.2302,40.0494],[140.2329,40.0495],[140.2367,40.0475],[140.2362,40.045],[140.2408,40.0421],[140.2417,40.0398],[140.2399,40.0318],[140.2432,40.031],[140.2452,40.0288],[140.2447,40.0261],[140.2415,40.0221],[140.2439,40.0171],[140.2434,40.0162],[140.2387,40.0137],[140.2382,40.0121],[140.2361,40.0118],[140.2375,40.0101],[140.2354,40.0077],[140.2338,40.0076],[140.2309,40.0045],[140.228,40.0041],[140.2264,40.0056],[140.22,40.0059],[140.2163,40.0075],[140.214,40.0106],[140.2117,40.0116],[140.2041,40.0115],[140.202,40.0129],[140.1974,40.0129],[140.194,40.0103],[140.1874,40.0106],[140.182,40.0084],[140.1814,40.0058],[140.1765,40.0042],[140.1734,40.0053],[140.1735,40.0077],[140.1708,40.0106],[140.166,40.0114],[140.1585,40.0108],[140.1568,40.0082],[140.155,40.0086],[140.1532,40.0072],[140.1524,40.0044],[140.1461,40.0021],[140.1444,39.9988],[140.1386,39.9968],[140.1319,39.9978],[140.1312,39.9955],[140.1275,39.9933],[140.1269,39.9893],[140.1251,39.9885],[140.1214,39.9893],[140.1163,39.9863],[140.1189,39.9838],[140.1169,39.9823],[140.122,39.9811],[140.1234,39.9798],[140.1231,39.9783],[140.1171,39.9793],[140.1089,39.9778],[140.1081,39.9746],[140.1037,39.9748],[140.1012,39.9766],[140.0893,39.9747],[140.0801,39.9804],[140.0784,39.9824],[140.0795,39.9838],[140.0785,39.986],[140.0686,39.9868],[140.0705,40.0098],[140.0713,40.0401],[140.0664,40.0508],[140.059,40.0615],[140.0517,40.0661],[140.0202,40.0784],[140.0157,40.0825],[140.0033,40.0867],[140.0009,40.0882],[139.9995,40.0934],[139.9881,40.0942],[139.9853,40.0932],[139.9837,40.0842],[139.982,40.0824],[139.9817,40.0795],[139.9761,40.0759],[139.9806,40.0718],[139.9809,40.0693],[139.9797,40.0674],[139.9672,40.0623],[139.962,40.0575],[139.9533,40.0614],[139.952,40.0643],[139.9541,40.0638],[139.954,40.0649],[139.9569,40.0651],[139.9524,40.0675],[139.9588,40.0663],[139.9572,40.0674],[139.9579,40.0678],[139.9555,40.068],[139.9577,40.0687],[139.9566,40.0695],[139.9573,40.07],[139.9454,40.073],[139.9599,40.0989],[139.9726,40.1251],[139.9776,40.1236],[140.0067,40.1222],[140.0083,40.1265],[140.0137,40.1241],[140.0129,40.1249],[140.0139,40.1257],[140.0263,40.1248],[140.0257,40.128],[140.0237,40.128],[140.0237,40.1289],[140.0259,40.1289],[140.0276,40.1345],[140.0316,40.1365],[140.0315,40.1404],[140.0352,40.1421],[140.0378,40.1454],[140.0393,40.1515],[140.0418,40.1539],[140.048,40.1495],[140.053,40.1495],[140.0579,40.1536],[140.0586,40.1529],[140.0662,40.1565],[140.0694,40.1567]]]}},{"type":"Feature","properties":{"code":"05349","name":"八峰町","pref_code":"05","pref":"秋田県"},"geometry":{"type":"MultiPolygon","coordinates":[[[[139.9448,40.4176],[139.9451,40.4176],[139.9449,40.4175],[139.9448,40.4176]]],[[[139.9451,40.4179],[139.9452,40.4179],[139.9451,40.4178],[139.9451,40.4179]]],[[[139.9448,40.4192],[139.9448,40.4191],[139.9447,40.4191],[139.9448,40.4192]]],[[[139.9449,40.4193],[139.9449,40.4192],[139.9448,40.4193],[139.9449,40.4193]]],[[[139.9444,40.4202],[139.9445,40.4202],[139.9444,40.4201],[139.9444,40.4202]]],[[[139.9439,40.4203],[139.9441,40.4203],[139.9441,40.4202],[139.9439,40.4203]]],[[[139.9443,40.4204],[139.9443,40.4203],[139.9443,40.4203],[139.9443,40.4204]]],[[[139.9436,40.4204],[139.9436,40.4205],[139.9437,40.4205],[139.9436,40.4204]]],[[[139.9441,40.4206],[139.9441,40.4207],[139.9442,40.4206],[139.9441,40.4206]]],[[[139.9437,40.4206],[139.9437,40.4208],[139.9438,40.4207],[139.9437,40.4206]]],[[[139.9439,40.4207],[139.944,40.4208],[139.9441,40.4207],[139.9439,40.4207]]],[[[139.9432,40.4212],[139.9435,40.4213],[139.9433,40.4211],[139.9432,40.4212]]],[[[139.9439,40.4211],[139.9436,40.4213],[139.9439,40.4212],[139.9439,40.4211]]],[[[139.9439,40.4213],[139.9439,40.4215],[139.9441,40.4213],[139.9439,40.4213]]],[[[139.9433,40.4215],[139.9433,40.4216],[139.9435,40.4215],[139.9433,40.4215]]],[[[139.944,40.422],[139.9441,40.4219],[139.944,40.4219],[139.944,40.422]]],[[[139.9439,40.4222],[139.9439,40.4222],[139.944,40.4222],[139.9439,40.4222]]],[[[139.9438,40.4223],[139.9438,40.4222],[139.9437,40.4222],[139.9438,40.4223]]],[[[139.9433,40.4223],[139.9433,40.4222],[139.9432,40.4222],[139.9433,40.4223]]],[[[139.9436,40.4224],[139.9436,40.4224],[139.9435,40.4224],[139.9436,40.4224]]],[[[139.9435,40.4226],[139.9435,40.4226],[139.9437,40.4226],[139.9435,40.4226]]],[[[139.9427,40.4229],[139.9427,40.4229],[139.9426,40.4228],[139.9427,40.4229]]],[[[139.9435,40.423],[139.9436,40.423],[139.9435,40.423],[139.9435,40.423]]],[[[139.9429,40.423],[139.943,40.4231],[139.9429,40.423],[139.9429,40.423]]],[[[139.9431,40.4231],[139.9433,40.4232],[139.9432,40.4231],[139.9431,40.4231]]],[[[139.9414,40.4238],[139.9414,40.4238],[139.9412,40.4238],[139.9414,40.4238]]],[[[139.9413,40.4239],[139.9412,40.424],[139.9418,40.424],[139.9413,40.4239]]],[[[139.9409,40.4241],[139.941,40.4241],[139.9409,40.4241],[139.9409,40.4241]]],[[[139.9411,40.4243],[139.9411,40.4242],[139.9411,40.4242],[139.9411,40.4243]]],[[[139.9413,40.4243],[139.9414,40.4243],[139.9415,40.4243],[139.9413,40.4243]]],[[[139.9413,40.4245],[139.9414,40.4244],[139.9413,40.4244],[139.9413,40.4245]]],[[[139.9406,40.4245],[139.9404,40.4245],[139.9404,40.4246],[139.9406,40.4245]]],[[[139.9408,40.4246],[139.9408,40.4246],[139.9408,40.4246],[139.9408,40.4246]]],[[[139.9413,40.4246],[139.9412,40.4247],[139.9413,40.4247],[139.9413,40.4246]]],[[[139.9403,40.4249],[139.9402,40.4246],[139.9397,40.4246],[139.9403,40.4249]]],[[[139.9409,40.4248],[139.9409,40.4248],[139.941,40.4247],[139.9409,40.4248]]],[[[139.9407,40.4248],[139.9406,40.4249],[139.9407,40.425],[139.9407,40.4248]]],[[[139.9404,40.4251],[139.9405,40.425],[139.9405,40.425],[139.9404,40.4251]]],[[[139.9395,40.4251],[139.9395,40.4251],[139.9395,40.4251],[139.9395,40.4251]]],[[[139.9397,40.4251],[139.9401,40.4253],[139.9401,40.425],[139.9397,40.4251]]],[[[139.9406,40.4254],[139.9406,40.4253],[139.9402,40.4253],[139.9406,40.4254]]],[[[139.9397,40.4253],[139.9397,40.4254],[139.9398,40.4253],[139.9397,40.4253]]],[[[139.9397,40.4254],[139.9396,40.4255],[139.9398,40.4255],[139.9397,40.4254]]],[[[139.9401,40.4256],[139.9401,40.4256],[139.9401,40.4256],[139.9401,40.4256]]],[[[139.9398,40.4256],[139.9399,40.4256],[139.9398,40.4256],[139.9398,40.4256]]],[[[139.9388,40.4257],[139.9387,40.4257],[139.9388,40.4257],[139.9388,40.4257]]],[[[139.939,40.4258],[139.9396,40.4261],[139.9393,40.4257],[139.939,40.4258]]],[[[139.9382,40.4259],[139.9378,40.4261],[139.9379,40.4261],[139.9382,40.4259]]],[[[139.9381,40.4263],[139.938,40.4263],[139.9381,40.4264],[139.9381,40.4263]]],[[[139.9389,40.4265],[139.9387,40.4263],[139.9385,40.4265],[139.9389,40.4265]]],[[[139.9377,40.4264],[139.9377,40.4265],[139.9378,40.4265],[139.9377,40.4264]]],[[[139.9371,40.4268],[139.9375,40.4269],[139.9375,40.4265],[139.9371,40.4268]]],[[[139.9376,40.427],[139.9376,40.4269],[139.9375,40.427],[139.9376,40.427]]],[[[139.9371,40.427],[139.937,40.427],[139.937,40.4271],[139.9371,40.427]]],[[[139.9366,40.4271],[139.9365,40.4271],[139.9367,40.4271],[139.9366,40.4271]]],[[[139.9374,40.4272],[139.9375,40.4272],[139.9375,40.4271],[139.9374,40.4272]]],[[[139.9372,40.4272],[139.9372,40.4274],[139.9374,40.4273],[139.9372,40.4272]]],[[[139.9365,40.4276],[139.9365,40.4275],[139.9365,40.4275],[139.9365,40.4276]]],[[[139.9367,40.4277],[139.9368,40.4277],[139.9368,40.4277],[139.9367,40.4277]]],[[[139.9369,40.4279],[139.937,40.4278],[139.937,40.4278],[139.9369,40.4279]]],[[[139.9555,40.4095],[139.9555,40.4096],[139.9555,40.4095],[139.9555,40.4095]]],[[[139.9547,40.4105],[139.9547,40.4105],[139.9547,40.4105],[139.9547,40.4105]]],[[[139.9555,40.4106],[139.9555,40.4105],[139.9554,40.4105],[139.9555,40.4106]]],[[[139.9551,40.4106],[139.9551,40.4107],[139.9551,40.4106],[139.9551,40.4106]]],[[[139.9545,40.4107],[139.9545,40.4107],[139.9545,40.4107],[139.9545,40.4107]]],[[[139.9549,40.4109],[139.9549,40.4109],[139.9549,40.411],[139.9549,40.4109]]],[[[139.954,40.4113],[139.954,40.4113],[139.954,40.4113],[139.954,40.4113]]],[[[139.9543,40.4114],[139.9543,40.4113],[139.9543,40.4113],[139.9543,40.4114]]],[[[139.954,40.4114],[139.954,40.4115],[139.954,40.4114],[139.954,40.4114]]],[[[139.9534,40.4115],[139.9532,40.4115],[139.9534,40.4118],[139.9534,40.4115]]],[[[139.953,40.4117],[139.9531,40.4117],[139.9531,40.4116],[139.953,40.4117]]],[[[139.9531,40.4117],[139.9531,40.4118],[139.9531,40.4117],[139.9531,40.4117]]],[[[139.9532,40.4119],[139.9532,40.4118],[139.9532,40.4119],[139.9532,40.4119]]],[[[139.9528,40.4121],[139.9528,40.412],[139.9527,40.412],[139.9528,40.4121]]],[[[139.9526,40.412],[139.9526,40.4121],[139.9526,40.4121],[139.9526,40.412]]],[[[139.9522,40.4121],[139.9523,40.4121],[139.9523,40.4121],[139.9522,40.4121]]],[[[139.9517,40.4121],[139.9518,40.4121],[139.9518,40.4121],[139.9517,40.4121]]],[[[139.9525,40.4122],[139.9525,40.4122],[139.9525,40.4122],[139.9525,40.4122]]],[[[139.9527,40.4122],[139.9527,40.4122],[139.9528,40.4122],[139.9527,40.4122]]],[[[139.9523,40.4124],[139.9522,40.4123],[139.9522,40.4124],[139.9523,40.4124]]],[[[139.9505,40.4124],[139.9504,40.4124],[139.9505,40.4125],[139.9505,40.4124]]],[[[139.9495,40.4126],[139.9496,40.4126],[139.9496,40.4125],[139.9495,40.4126]]],[[[139.9504,40.4125],[139.9504,40.4125],[139.9504,40.4126],[139.9504,40.4125]]],[[[139.95,40.4126],[139.9499,40.4125],[139.9499,40.4126],[139.95,40.4126]]],[[[139.95,40.4127],[139.95,40.4128],[139.95,40.4128],[139.95,40.4127]]],[[[139.9495,40.4128],[139.9495,40.4128],[139.9494,40.4128],[139.9495,40.4128]]],[[[139.9462,40.4132],[139.9466,40.4133],[139.9463,40.4124],[139.9462,40.4132]]],[[[139.9491,40.4129],[139.9492,40.4128],[139.9491,40.4128],[139.9491,40.4129]]],[[[139.9489,40.4129],[139.9489,40.4129],[139.949,40.413],[139.9489,40.4129]]],[[[139.9464,40.4135],[139.9466,40.4135],[139.9464,40.4134],[139.9464,40.4135]]],[[[139.9462,40.4135],[139.9463,40.4135],[139.9462,40.4135],[139.9462,40.4135]]],[[[139.9466,40.4138],[139.9466,40.4137],[139.9465,40.4138],[139.9466,40.4138]]],[[[139.9461,40.4138],[139.9462,40.4138],[139.9463,40.4138],[139.9461,40.4138]]],[[[139.9462,40.4139],[139.9462,40.4139],[139.9462,40.4139],[139.9462,40.4139]]],[[[139.9465,40.4139],[139.9465,40.414],[139.9465,40.4139],[139.9465,40.4139]]],[[[139.9464,40.4143],[139.9464,40.4143],[139.9465,40.4143],[139.9464,40.4143]]],[[[139.9469,40.4144],[139.9467,40.4145],[139.9468,40.4145],[139.9469,40.4144]]],[[[139.9468,40.4148],[139.9469,40.4148],[139.9468,40.4147],[139.9468,40.4148]]],[[[139.9471,40.4147],[139.9471,40.4148],[139.9472,40.4147],[139.9471,40.4147]]],[[[139.9469,40.415],[139.9468,40.4151],[139.9469,40.4151],[139.9469,40.415]]],[[[139.9471,40.4151],[139.9472,40.415],[139.9471,40.415],[139.9471,40.4151]]],[[[139.947,40.4154],[139.9471,40.4153],[139.947,40.4153],[139.947,40.4154]]],[[[139.9469,40.4158],[139.947,40.4158],[139.9469,40.4158],[139.9469,40.4158]]],[[[139.9466,40.4159],[139.9465,40.416],[139.9466,40.416],[139.9466,40.4159]]],[[[139.946,40.416],[139.9459,40.4161],[139.9459,40.4161],[139.946,40.416]]],[[[139.9455,40.4162],[139.9455,40.4162],[139.9454,40.4162],[139.9455,40.4162]]],[[[139.9458,40.4162],[139.9457,40.4162],[139.9458,40.4163],[139.9458,40.4162]]],[[[139.9461,40.4164],[139.9462,40.4164],[139.9462,40.4163],[139.9461,40.4164]]],[[[139.9456,40.4163],[139.9456,40.4164],[139.9456,40.4163],[139.9456,40.4163]]],[[[139.9463,40.4165],[139.9464,40.4166],[139.9464,40.4165],[139.9463,40.4165]]],[[[139.9458,40.4166],[139.9458,40.4166],[139.9457,40.4166],[139.9458,40.4166]]],[[[139.946,40.4166],[139.946,40.4166],[139.946,40.4166],[139.946,40.4166]]],[[[139.9459,40.4167],[139.9461,40.4168],[139.9461,40.4167],[139.9459,40.4167]]],[[[139.9461,40.417],[139.9461,40.417],[139.9461,40.417],[139.9461,40.417]]],[[[139.9459,40.4174],[139.946,40.4173],[139.946,40.4173],[139.9459,40.4174]]],[[[139.9452,40.4175],[139.9453,40.4175],[139.9453,40.4175],[139.9452,40.4175]]],[[[139.9459,40.4177],[139.9459,40.4176],[139.9458,40.4175],[139.9459,40.4177]]],[[[139.9454,40.4177],[139.9455,40.4177],[139.9454,40.4176],[139.9454,40.4177]]],[[[139.9456,40.4179],[139.9454,40.4179],[139.9455,40.418],[139.9456,40.4179]]],[[[139.946,40.4181],[139.946,40.418],[139.9458,40.418],[139.946,40.4181]]],[[[139.9637,40.4039],[139.9638,40.4039],[139.9638,40.4038],[139.9637,40.4039]]],[[[139.9637,40.404],[139.9637,40.4041],[139.9638,40.4041],[139.9637,40.404]]],[[[139.9634,40.4042],[139.9633,40.4044],[139.9636,40.4042],[139.9634,40.4042]]],[[[139.9629,40.4044],[139.963,40.4044],[139.9629,40.4044],[139.9629,40.4044]]],[[[139.9637,40.4044],[139.9638,40.4044],[139.9638,40.4044],[139.9637,40.4044]]],[[[139.962,40.4045],[139.9619,40.4045],[139.9622,40.4046],[139.962,40.4045]]],[[[139.9635,40.4047],[139.9635,40.4046],[139.9634,40.4046],[139.9635,40.4047]]],[[[139.9621,40.4047],[139.962,40.4047],[139.9621,40.4047],[139.9621,40.4047]]],[[[139.9615,40.4047],[139.9614,40.4048],[139.9615,40.4048],[139.9615,40.4047]]],[[[139.9626,40.4048],[139.9627,40.4049],[139.9628,40.4049],[139.9626,40.4048]]],[[[139.9629,40.4049],[139.9631,40.4049],[139.963,40.4049],[139.9629,40.4049]]],[[[139.9618,40.405],[139.9618,40.405],[139.9618,40.4049],[139.9618,40.405]]],[[[139.9623,40.4048],[139.962,40.405],[139.9622,40.4054],[139.9623,40.4048]]],[[[139.9629,40.4052],[139.963,40.4052],[139.9629,40.4051],[139.9629,40.4052]]],[[[139.9616,40.4054],[139.9616,40.4054],[139.9615,40.4055],[139.9616,40.4054]]],[[[139.9623,40.4055],[139.9623,40.4057],[139.9624,40.4055],[139.9623,40.4055]]],[[[139.9619,40.4058],[139.9617,40.4057],[139.9617,40.4057],[139.9619,40.4058]]],[[[139.9622,40.4058],[139.9622,40.4058],[139.9622,40.4057],[139.9622,40.4058]]],[[[139.9603,40.4058],[139.9603,40.4058],[139.9602,40.4058],[139.9603,40.4058]]],[[[139.9623,40.4058],[139.9623,40.4059],[139.9624,40.4059],[139.9623,40.4058]]],[[[139.9621,40.4059],[139.9621,40.406],[139.9621,40.406],[139.9621,40.4059]]],[[[139.9624,40.406],[139.9625,40.406],[139.9624,40.4059],[139.9624,40.406]]],[[[139.9604,40.4059],[139.9604,40.406],[139.9604,40.4061],[139.9604,40.4059]]],[[[139.962,40.4062],[139.9621,40.4062],[139.962,40.4062],[139.962,40.4062]]],[[[139.9606,40.4062],[139.9607,40.4062],[139.9608,40.4062],[139.9606,40.4062]]],[[[139.9624,40.4062],[139.9623,40.4062],[139.9623,40.4063],[139.9624,40.4062]]],[[[139.9604,40.4063],[139.9603,40.4064],[139.9604,40.4064],[139.9604,40.4063]]],[[[139.9606,40.4063],[139.9606,40.4063],[139.9607,40.4064],[139.9606,40.4063]]],[[[139.9608,40.4066],[139.9606,40.4064],[139.9605,40.4066],[139.9608,40.4066]]],[[[139.9596,40.4066],[139.9595,40.4067],[139.9597,40.4066],[139.9596,40.4066]]],[[[139.9609,40.4066],[139.9609,40.4066],[139.9609,40.4068],[139.9609,40.4066]]],[[[139.9598,40.4068],[139.9598,40.4068],[139.9597,40.4068],[139.9598,40.4068]]],[[[139.9602,40.4069],[139.9602,40.4069],[139.9602,40.4068],[139.9602,40.4069]]],[[[139.9604,40.4069],[139.9605,40.4069],[139.9605,40.4069],[139.9604,40.4069]]],[[[139.9608,40.4069],[139.9607,40.407],[139.9608,40.407],[139.9608,40.4069]]],[[[139.9584,40.4071],[139.9584,40.407],[139.9583,40.4071],[139.9584,40.4071]]],[[[139.9598,40.4071],[139.9598,40.4072],[139.9599,40.4071],[139.9598,40.4071]]],[[[139.96,40.4073],[139.9601,40.4073],[139.96,40.4072],[139.96,40.4073]]],[[[139.957,40.4081],[139.9571,40.4081],[139.957,40.4081],[139.957,40.4081],[139.957,40.4081]]],[[[139.9576,40.4081],[139.9575,40.4081],[139.9575,40.4082],[139.9576,40.4081]]],[[[139.9566,40.4083],[139.9566,40.4083],[139.9566,40.4083],[139.9566,40.4083]]],[[[139.9575,40.4083],[139.9574,40.4084],[139.9575,40.4084],[139.9575,40.4083]]],[[[139.9565,40.4087],[139.9563,40.4086],[139.9565,40.4088],[139.9565,40.4087]]],[[[139.9567,40.4088],[139.9569,40.4086],[139.9567,40.4087],[139.9567,40.4088]]],[[[139.9563,40.4088],[139.9563,40.4089],[139.9563,40.4089],[139.9563,40.4088]]],[[[139.9556,40.4089],[139.9558,40.4089],[139.9557,40.4089],[139.9556,40.4089]]],[[[139.9559,40.4089],[139.9559,40.4089],[139.9559,40.4089],[139.9559,40.4089]]],[[[139.9561,40.409],[139.9561,40.4089],[139.9561,40.4089],[139.9561,40.409]]],[[[139.9565,40.409],[139.9565,40.409],[139.9566,40.4089],[139.9565,40.409]]],[[[139.9557,40.4091],[139.9558,40.4091],[139.9558,40.4091],[139.9557,40.4091]]],[[[139.9562,40.4092],[139.9563,40.4091],[139.9562,40.4091],[139.9562,40.4092]]],[[[139.9558,40.4093],[139.9559,40.4093],[139.9558,40.4092],[139.9558,40.4093]]],[[[139.956,40.4097],[139.956,40.4096],[139.9559,40.4097],[139.956,40.4097]]],[[[139.956,40.4098],[139.956,40.4098],[139.9561,40.4098],[139.956,40.4098]]],[[[139.9558,40.41],[139.9558,40.4099],[139.9558,40.41],[139.9558,40.41]]],[[[139.956,40.4101],[139.956,40.4101],[139.956,40.4101],[139.956,40.4101]]],[[[139.9555,40.4102],[139.9556,40.4102],[139.9556,40.4102],[139.9555,40.4102]]],[[[139.956,40.4104],[139.9561,40.4104],[139.9561,40.4104],[139.956,40.4104]]],[[[139.9558,40.4104],[139.9557,40.4104],[139.9558,40.4105],[139.9558,40.4104]]],[[[139.9561,40.4106],[139.9561,40.4106],[139.9561,40.4106],[139.9561,40.4106]]],[[[139.9782,40.3901],[139.9784,40.39],[139.9782,40.3899],[139.9782,40.3901]]],[[[139.9782,40.3902],[139.9781,40.3903],[139.9781,40.3903],[139.9782,40.3902]]],[[[139.9786,40.3922],[139.9787,40.3922],[139.9787,40.3921],[139.9786,40.3922]]],[[[139.9786,40.3925],[139.9787,40.3924],[139.9786,40.3924],[139.9786,40.3925]]],[[[139.9787,40.3929],[139.9786,40.393],[139.9787,40.393],[139.9787,40.3929]]],[[[139.9786,40.3945],[139.9786,40.3946],[139.9787,40.3946],[139.9786,40.3945]]],[[[139.9781,40.3969],[139.9782,40.3968],[139.9781,40.3968],[139.9781,40.3969]]],[[[139.9787,40.3975],[139.9784,40.3975],[139.9784,40.3976],[139.9787,40.3975]]],[[[139.9781,40.3977],[139.9779,40.3978],[139.978,40.3978],[139.9781,40.3977]]],[[[139.9776,40.3982],[139.9777,40.3982],[139.9777,40.3982],[139.9776,40.3982]]],[[[139.9763,40.3984],[139.9762,40.3984],[139.9763,40.3984],[139.9763,40.3984]]],[[[139.9778,40.3985],[139.9778,40.3984],[139.9778,40.3985],[139.9778,40.3985]]],[[[139.9776,40.3985],[139.9776,40.3985],[139.9776,40.3986],[139.9776,40.3985]]],[[[139.9763,40.3986],[139.9763,40.3985],[139.9762,40.3985],[139.9763,40.3986]]],[[[139.9764,40.3986],[139.9764,40.3986],[139.9764,40.3985],[139.9764,40.3986]]],[[[139.9752,40.3989],[139.9752,40.3988],[139.9752,40.3988],[139.9752,40.3989]]],[[[139.9755,40.399],[139.9755,40.399],[139.9754,40.3989],[139.9755,40.399]]],[[[139.9689,40.4],[139.9687,40.4],[139.9688,40.4001],[139.9689,40.4]]],[[[139.9683,40.4001],[139.9684,40.4001],[139.9684,40.4001],[139.9683,40.4001]]],[[[139.9685,40.4002],[139.9684,40.4003],[139.9686,40.4002],[139.9685,40.4002]]],[[[139.9733,40.4003],[139.9733,40.4002],[139.9733,40.4003],[139.9733,40.4003]]],[[[139.9687,40.4007],[139.9689,40.4008],[139.9689,40.4007],[139.9687,40.4007]]],[[[139.969,40.4011],[139.9691,40.4011],[139.9691,40.401],[139.969,40.4011]]],[[[139.9688,40.4013],[139.9688,40.4013],[139.9687,40.4013],[139.9688,40.4013]]],[[[139.965,40.4016],[139.9655,40.4012],[139.9654,40.4012],[139.965,40.4016]]],[[[139.9673,40.4015],[139.9674,40.4015],[139.9674,40.4014],[139.9673,40.4015]]],[[[139.9675,40.4016],[139.9675,40.4015],[139.9674,40.4015],[139.9675,40.4016]]],[[[139.9687,40.4017],[139.9687,40.4017],[139.9687,40.4016],[139.9687,40.4017]]],[[[139.9682,40.4018],[139.9683,40.4016],[139.9682,40.4017],[139.9682,40.4018]]],[[[139.9679,40.4016],[139.9679,40.4016],[139.9679,40.4018],[139.9679,40.4016]]],[[[139.9673,40.4019],[139.9672,40.4019],[139.9673,40.4019],[139.9673,40.4019]]],[[[139.9666,40.4023],[139.9667,40.4023],[139.9668,40.4022],[139.9666,40.4023]]],[[[139.968,40.4027],[139.968,40.4027],[139.968,40.4027],[139.968,40.4027]]],[[[139.9682,40.4028],[139.9682,40.4027],[139.9682,40.4028],[139.9682,40.4028]]],[[[139.9678,40.403],[139.9675,40.4029],[139.9676,40.403],[139.9678,40.403]]],[[[139.9675,40.4032],[139.9676,40.4031],[139.9675,40.4031],[139.9675,40.4032]]],[[[139.9657,40.4032],[139.9657,40.4032],[139.9657,40.4032],[139.9657,40.4032]]],[[[139.9675,40.4034],[139.9676,40.4033],[139.9674,40.4033],[139.9675,40.4034]]],[[[139.9657,40.4034],[139.9654,40.4033],[139.9657,40.4036],[139.9657,40.4034]]],[[[139.9658,40.4034],[139.9659,40.4035],[139.9658,40.4034],[139.9658,40.4034]]],[[[139.9665,40.4035],[139.9665,40.4035],[139.9665,40.4034],[139.9665,40.4035]]],[[[139.9671,40.4035],[139.9671,40.4035],[139.9671,40.4034],[139.9671,40.4035]]],[[[139.9675,40.4036],[139.9674,40.4036],[139.9674,40.4036],[139.9675,40.4036]]],[[[139.9649,40.4036],[139.965,40.4036],[139.965,40.4036],[139.9649,40.4036]]],[[[139.9654,40.4037],[139.9654,40.4036],[139.9653,40.4036],[139.9654,40.4037]]],[[[139.967,40.4036],[139.9669,40.4037],[139.967,40.4037],[139.967,40.4036]]],[[[139.9651,40.4036],[139.965,40.4038],[139.9651,40.4038],[139.9651,40.4036]]],[[[139.9643,40.4037],[139.9642,40.4037],[139.9643,40.4037],[139.9643,40.4037]]],[[[139.966,40.4037],[139.9658,40.4037],[139.9659,40.4038],[139.966,40.4037]]],[[[139.9648,40.4037],[139.9648,40.4038],[139.9648,40.4038],[139.9648,40.4037]]],[[[139.9653,40.4038],[139.9654,40.4039],[139.9655,40.4038],[139.9653,40.4038]]],[[[139.9647,40.404],[139.9647,40.404],[139.9647,40.4039],[139.9647,40.404]]],[[[139.9647,40.404],[139.9646,40.404],[139.9646,40.404],[139.9647,40.404]]],[[[139.9658,40.4041],[139.9659,40.4041],[139.9659,40.404],[139.9658,40.4041]]],[[[139.9643,40.404],[139.9641,40.4041],[139.9643,40.4042],[139.9643,40.404]]],[[[139.9655,40.4041],[139.9655,40.4041],[139.9654,40.4041],[139.9655,40.4041]]],[[[139.965,40.4041],[139.965,40.4041],[139.9649,40.4041],[139.965,40.4041]]],[[[139.9639,40.4043],[139.9639,40.4042],[139.9639,40.4042],[139.9639,40.4043]]],[[[139.964,40.4045],[139.964,40.4045],[139.9639,40.4045],[139.964,40.4045]]],[[[139.9638,40.4047],[139.9639,40.4047],[139.9639,40.4046],[139.9638,40.4047]]],[[[139.9893,40.3823],[139.9895,40.3823],[139.9895,40.3822],[139.9893,40.3823]]],[[[139.989,40.3826],[139.9891,40.3826],[139.989,40.3825],[139.989,40.3826]]],[[[139.988,40.3829],[139.988,40.3829],[139.9879,40.3831],[139.988,40.3829]]],[[[139.9868,40.3834],[139.9863,40.3835],[139.9864,40.3836],[139.9868,40.3834]]],[[[139.9864,40.3837],[139.9863,40.3836],[139.9863,40.3837],[139.9864,40.3837]]],[[[139.9825,40.384],[139.9826,40.384],[139.9825,40.3839],[139.9825,40.384]]],[[[139.9837,40.3843],[139.9837,40.3843],[139.9836,40.3843],[139.9837,40.3843]]],[[[139.9828,40.3848],[139.9826,40.385],[139.9827,40.385],[139.9828,40.3848]]],[[[139.9804,40.3854],[139.9808,40.3853],[139.9807,40.3852],[139.9804,40.3854]]],[[[139.9829,40.3855],[139.9829,40.3854],[139.9828,40.3855],[139.9829,40.3855]]],[[[139.9817,40.3856],[139.9816,40.3855],[139.9815,40.3855],[139.9817,40.3856]]],[[[139.9807,40.3858],[139.9809,40.3855],[139.9808,40.3854],[139.9807,40.3858]]],[[[139.9809,40.3859],[139.9809,40.386],[139.9809,40.3859],[139.9809,40.3859]]],[[[139.9806,40.386],[139.9809,40.386],[139.9808,40.3859],[139.9806,40.386]]],[[[139.9804,40.3861],[139.9804,40.3862],[139.9805,40.3862],[139.9804,40.3861]]],[[[139.981,40.3861],[139.981,40.3862],[139.9811,40.3861],[139.981,40.3861]]],[[[139.9806,40.3864],[139.9807,40.3865],[139.981,40.3866],[139.9806,40.3864]]],[[[139.9797,40.3872],[139.9797,40.387],[139.9794,40.387],[139.9797,40.3872]]],[[[139.981,40.3871],[139.9808,40.387],[139.9807,40.3876],[139.981,40.3871]]],[[[139.9796,40.3875],[139.9796,40.3875],[139.9795,40.3875],[139.9796,40.3875]]],[[[139.9801,40.3874],[139.9799,40.3876],[139.9799,40.3876],[139.9801,40.3874]]],[[[139.9793,40.3875],[139.9793,40.3875],[139.9793,40.3876],[139.9793,40.3875]]],[[[139.9792,40.3877],[139.9792,40.3877],[139.9792,40.3876],[139.9792,40.3877]]],[[[139.9799,40.3878],[139.9798,40.3878],[139.9798,40.3878],[139.9799,40.3878]]],[[[139.9795,40.388],[139.9793,40.3879],[139.9792,40.3881],[139.9795,40.388]]],[[[139.9797,40.3881],[139.9799,40.3881],[139.9799,40.388],[139.9797,40.3881]]],[[[139.9788,40.3886],[139.9788,40.3886],[139.9788,40.3885],[139.9788,40.3886]]],[[[139.9793,40.3887],[139.9789,40.3887],[139.9792,40.3888],[139.9793,40.3887]]],[[[139.9795,40.389],[139.9796,40.389],[139.9796,40.389],[139.9795,40.389]]],[[[139.9789,40.3891],[139.9791,40.3891],[139.9791,40.389],[139.9789,40.3891]]],[[[139.9795,40.3891],[139.9795,40.3891],[139.9795,40.3891],[139.9795,40.3891]]],[[[139.9797,40.3894],[139.9798,40.3894],[139.9797,40.3893],[139.9797,40.3894]]],[[[139.9792,40.3894],[139.9791,40.3894],[139.9791,40.3895],[139.9792,40.3894]]],[[[139.9786,40.3896],[139.979,40.3896],[139.9789,40.3896],[139.9786,40.3896]]],[[[139.9792,40.3896],[139.9791,40.3897],[139.9793,40.3897],[139.9792,40.3896]]],[[[139.9791,40.3907],[139.9791,40.3906],[139.9789,40.3907],[139.9791,40.3907]]],[[[139.9796,40.3909],[139.9797,40.3909],[139.9796,40.3908],[139.9796,40.3909]]],[[[139.9792,40.391],[139.9792,40.3912],[139.9794,40.3911],[139.9792,40.391]]],[[[139.9784,40.3915],[139.9791,40.3912],[139.9785,40.3913],[139.9784,40.3915]]],[[[139.9795,40.3915],[139.9793,40.3915],[139.9794,40.3918],[139.9795,40.3915]]],[[[139.9793,40.3919],[139.9793,40.3918],[139.9793,40.3919],[139.9793,40.3919]]],[[[139.9789,40.392],[139.9788,40.3921],[139.9791,40.3922],[139.9789,40.392]]],[[[139.9791,40.3924],[139.9789,40.3924],[139.9789,40.3924],[139.9791,40.3924]]],[[[139.979,40.3927],[139.9791,40.3927],[139.979,40.3927],[139.979,40.3927]]],[[[139.9789,40.3928],[139.9788,40.3928],[139.979,40.3928],[139.9789,40.3928]]],[[[139.9793,40.3929],[139.9793,40.3927],[139.9792,40.3928],[139.9793,40.3929]]],[[[139.9788,40.393],[139.9789,40.393],[139.9788,40.393],[139.9788,40.393]]],[[[139.979,40.3931],[139.9789,40.3931],[139.979,40.3931],[139.979,40.3931]]],[[[139.9793,40.3932],[139.9793,40.3932],[139.9794,40.3931],[139.9793,40.3932]]],[[[139.9788,40.3933],[139.9788,40.3934],[139.9789,40.3934],[139.9788,40.3933]]],[[[139.9789,40.3936],[139.9789,40.3935],[139.9789,40.3936],[139.9789,40.3936]]],[[[139.9795,40.3937],[139.9795,40.3936],[139.9795,40.3937],[139.9795,40.3937]]],[[[139.9789,40.3938],[139.979,40.3938],[139.9789,40.3938],[139.9789,40.3938]]],[[[139.9793,40.3942],[139.9794,40.3942],[139.9793,40.3941],[139.9793,40.3942]]],[[[139.9791,40.3942],[139.9791,40.3942],[139.9789,40.3942],[139.9791,40.3942]]],[[[139.9792,40.3942],[139.9792,40.3943],[139.9793,40.3943],[139.9792,40.3942]]],[[[139.9795,40.3962],[139.9794,40.3963],[139.9796,40.3964],[139.9795,40.3962]]],[[[139.9791,40.3964],[139.979,40.3963],[139.9789,40.3963],[139.9791,40.3964]]],[[[139.9789,40.397],[139.979,40.397],[139.9789,40.397],[139.9789,40.397]]],[[[139.9788,40.3973],[139.9789,40.3972],[139.9787,40.3972],[139.9788,40.3973]]],[[[140.0243,40.3539],[140.0244,40.3539],[140.0243,40.3539],[140.0243,40.3539]]],[[[140.0237,40.3541],[140.024,40.3541],[140.0239,40.3539],[140.0237,40.3541]]],[[[140.0242,40.3541],[140.0241,40.3541],[140.0241,40.3542],[140.0242,40.3541]]],[[[140.0231,40.3546],[140.023,40.3547],[140.0233,40.3547],[140.0231,40.3546]]],[[[140.0224,40.3549],[140.0224,40.355],[140.0227,40.3548],[140.0224,40.3549]]],[[[140.0221,40.3551],[140.0222,40.3551],[140.0222,40.355],[140.0221,40.3551]]],[[[140.0219,40.3551],[140.0219,40.3552],[140.0219,40.3552],[140.0219,40.3551]]],[[[140.0225,40.3563],[140.0225,40.3564],[140.0226,40.3564],[140.0225,40.3563]]],[[[140.0228,40.3573],[140.0228,40.3572],[140.0227,40.3573],[140.0228,40.3573]]],[[[140.1001,40.4177],[140.1076,40.4161],[140.1065,40.4124],[140.1079,40.4076],[140.1108,40.4043],[140.1149,40.4017],[140.1179,40.4027],[140.1197,40.4048],[140.1243,40.4042],[140.1283,40.4056],[140.1402,40.4006],[140.1442,40.4022],[140.1465,40.4012],[140.1511,40.4034],[140.156,40.4008],[140.1554,40.3955],[140.1537,40.3929],[140.1549,40.3905],[140.1571,40.3879],[140.1639,40.3849],[140.1594,40.3808],[140.1562,40.3741],[140.1513,40.3745],[140.1496,40.3732],[140.1524,40.3681],[140.1506,40.3581],[140.1477,40.3554],[140.1456,40.3491],[140.138,40.3429],[140.1364,40.3388],[140.1347,40.3376],[140.1359,40.3292],[140.1379,40.3257],[140.1407,40.3242],[140.1386,40.3193],[140.1347,40.3158],[140.1362,40.3083],[140.1329,40.3041],[140.134,40.3023],[140.138,40.3002],[140.1416,40.2939],[140.1343,40.2878],[140.1365,40.2832],[140.1387,40.2816],[140.1339,40.271],[140.1341,40.2638],[140.1311,40.2616],[140.1262,40.2624],[140.1232,40.261],[140.1171,40.2614],[140.1166,40.2597],[140.1098,40.2592],[140.1096,40.2582],[140.1031,40.2565],[140.1028,40.2553],[140.101,40.255],[140.0978,40.2503],[140.0979,40.2485],[140.0963,40.2472],[140.0958,40.2524],[140.0925,40.2524],[140.0924,40.2572],[140.0881,40.2572],[140.0877,40.2598],[140.0833,40.2597],[140.0835,40.2548],[140.079,40.2543],[140.0757,40.2642],[140.0673,40.2641],[140.0674,40.2651],[140.065,40.2655],[140.0672,40.2685],[140.0667,40.2706],[140.0664,40.2695],[140.0654,40.2707],[140.0627,40.2694],[140.0524,40.2695],[140.049,40.2684],[140.0464,40.2696],[140.0472,40.27],[140.0507,40.2696],[140.0517,40.2699],[140.0469,40.2703],[140.0409,40.2751],[140.0335,40.271],[140.0315,40.2674],[140.032,40.2647],[140.0303,40.2631],[140.0232,40.2639],[140.0231,40.2623],[140.0202,40.2622],[140.0157,40.2645],[140.0246,40.3184],[140.0262,40.3413],[140.0249,40.3537],[140.0218,40.3557],[140.0233,40.3567],[140.0226,40.3581],[140.0209,40.3582],[140.0199,40.3611],[140.0188,40.3619],[140.0179,40.3617],[140.0182,40.3625],[140.0165,40.3615],[140.0167,40.3627],[140.0147,40.3636],[140.0149,40.3654],[140.0134,40.3675],[140.0139,40.3703],[140.012,40.3736],[140.0078,40.3759],[140.0042,40.376],[140.0032,40.3751],[140.0009,40.3787],[139.9992,40.3783],[140.001,40.377],[140.0001,40.3769],[140.0009,40.3765],[140.0013,40.3759],[140.0011,40.3756],[140.0006,40.3759],[139.9988,40.3788],[139.9995,40.3796],[139.9951,40.3811],[139.9936,40.381],[139.9929,40.3822],[139.99,40.3822],[139.9892,40.3834],[139.9874,40.3832],[139.9864,40.385],[139.9831,40.3847],[139.9832,40.3855],[139.9815,40.386],[139.9809,40.3876],[139.9797,40.3884],[139.9801,40.3895],[139.9787,40.3904],[139.9799,40.3905],[139.9794,40.3924],[139.9803,40.3947],[139.9789,40.3951],[139.9802,40.3959],[139.9782,40.3985],[139.9739,40.3993],[139.9739,40.4004],[139.9727,40.401],[139.9713,40.4007],[139.973,40.4],[139.9736,40.3986],[139.9724,40.4002],[139.971,40.3992],[139.9737,40.3974],[139.9691,40.4002],[139.9695,40.401],[139.9677,40.4036],[139.9632,40.4053],[139.9623,40.4065],[139.9611,40.4063],[139.9615,40.4068],[139.9607,40.4074],[139.9598,40.4073],[139.9592,40.4068],[139.9582,40.4075],[139.9596,40.4072],[139.9559,40.4094],[139.9563,40.4097],[139.9562,40.4108],[139.9524,40.4125],[139.9512,40.4121],[139.9508,40.4129],[139.9481,40.4134],[139.947,40.4127],[139.9474,40.4154],[139.9461,40.4183],[139.945,40.4188],[139.9452,40.4204],[139.944,40.421],[139.9444,40.4213],[139.9441,40.4228],[139.9398,40.4265],[139.9381,40.4266],[139.9372,40.4284],[139.9363,40.4282],[139.9421,40.43],[139.9454,40.4299],[139.948,40.4312],[139.9509,40.4309],[139.9595,40.4349],[139.9635,40.4328],[139.9641,40.4303],[139.9699,40.4275],[139.9728,40.4265],[139.9786,40.4281],[139.9812,40.4274],[139.9852,40.4279],[139.9937,40.4325],[139.995,40.435],[139.9974,40.4328],[140.0033,40.4318],[140.0068,40.427],[140.0091,40.4255],[140.0117,40.4259],[140.0146,40.4221],[140.0194,40.4198],[140.0186,40.4219],[140.0193,40.4233],[140.0174,40.427],[140.0221,40.4298],[140.0226,40.4354],[140.0253,40.4366],[140.026,40.4389],[140.0201,40.4468],[140.0206,40.449],[140.0236,40.4521],[140.0301,40.4552],[140.0314,40.4579],[140.0342,40.4579],[140.0358,40.4592],[140.0362,40.4616],[140.0487,40.4601],[140.0497,40.4618],[140.0541,40.4643],[140.0524,40.4665],[140.0536,40.4678],[140.0592,40.4672],[140.0686,40.4688],[140.0703,40.4683],[140.0709,40.4667],[140.0744,40.4646],[140.0792,40.4668],[140.0824,40.4646],[140.0835,40.4624],[140.0871,40.4624],[140.0906,40.4596],[140.0936,40.4589],[140.0994,40.4532],[140.0974,40.4492],[140.0998,40.4456],[140.0992,40.444],[140.1049,40.4409],[140.1076,40.4359],[140.1031,40.4335],[140.103,40.4286],[140.1015,40.426],[140.1028,40.4236],[140.1012,40.4224],[140.1001,40.4177]]],[[[140.0199,40.3595],[140.0199,40.3595],[140.0199,40.3594],[140.0199,40.3595]]],[[[140.019,40.3595],[140.019,40.3596],[140.0195,40.3594],[140.019,40.3595]]],[[[140.0199,40.36],[140.02,40.36],[140.0199,40.3599],[140.0199,40.36]]],[[[140.0195,40.3604],[140.0196,40.3604],[140.0195,40.3603],[140.0195,40.3604]]],[[[140.0198,40.3604],[140.0199,40.3605],[140.02,40.3604],[140.0198,40.3604]]],[[[140.0186,40.3615],[140.0187,40.3615],[140.0186,40.3614],[140.0186,40.3615]]],[[[140.0191,40.3615],[140.0191,40.3615],[140.0189,40.3615],[140.0191,40.3615]]],[[[140.0189,40.3616],[140.0189,40.3616],[140.0188,40.3615],[140.0189,40.3616]]],[[[140.0181,40.3616],[140.018,40.3616],[140.018,40.3616],[140.0181,40.3616]]],[[[140.0162,40.3625],[140.0163,40.3625],[140.0163,40.3623],[140.0162,40.3625]]],[[[140.015,40.3632],[140.015,40.3631],[140.0149,40.363],[140.015,40.3632]]],[[[140.0145,40.3635],[140.0145,40.3634],[140.0144,40.3635],[140.0145,40.3635]]],[[[140.0145,40.3638],[140.0146,40.3638],[140.0145,40.3638],[140.0145,40.3638]]],[[[140.0144,40.3641],[140.0144,40.364],[140.0143,40.3641],[140.0144,40.3641]]],[[[140.011,40.3664],[140.0103,40.3664],[140.0109,40.3676],[140.0117,40.3674],[140.011,40.3664]]],[[[140.0108,40.3728],[140.0108,40.3729],[140.0108,40.3729],[140.0108,40.3728]]],[[[140.0099,40.373],[140.0099,40.373],[140.01,40.373],[140.0099,40.373]]],[[[140.0025,40.3745],[140.0036,40.3742],[140.0017,40.3743],[140.0025,40.3745]]],[[[140.0007,40.3748],[140.0008,40.3757],[140.0008,40.3748],[140.0017,40.3737],[140.0007,40.3748]]],[[[140.004,40.3751],[140.004,40.3753],[140.0041,40.3753],[140.004,40.3751]]],[[[140.0038,40.3755],[140.0042,40.3756],[140.0042,40.3755],[140.0038,40.3755]]],[[[139.9996,40.3756],[139.9994,40.3755],[139.9993,40.3756],[139.9996,40.3756]]],[[[139.9993,40.3757],[139.9993,40.3756],[139.9992,40.3756],[139.9993,40.3757]]],[[[139.9994,40.3758],[139.9995,40.3758],[139.9994,40.3758],[139.9994,40.3758]]],[[[139.9994,40.3767],[139.9994,40.3766],[139.9993,40.3767],[139.9994,40.3767]]],[[[139.9978,40.3785],[139.998,40.3785],[139.9979,40.3783],[139.9978,40.3785]]],[[[139.9962,40.3786],[139.996,40.3786],[139.9961,40.3786],[139.9962,40.3786]]],[[[139.9949,40.3787],[139.9946,40.379],[139.9955,40.3791],[139.9949,40.3787]]],[[[139.9973,40.3789],[139.9972,40.3789],[139.9973,40.3789],[139.9973,40.3789]]],[[[139.9943,40.3798],[139.9943,40.3797],[139.9942,40.3798],[139.9943,40.3798]]],[[[139.9946,40.3796],[139.9945,40.3798],[139.9952,40.3801],[139.9946,40.3796]]],[[[139.9956,40.3799],[139.9955,40.3801],[139.9957,40.38],[139.9956,40.3799]]],[[[139.9942,40.3804],[139.9945,40.3804],[139.9936,40.3798],[139.9942,40.3804]]],[[[139.994,40.3805],[139.9935,40.3802],[139.9935,40.3803],[139.994,40.3805]]],[[[139.9951,40.3804],[139.9951,40.3804],[139.995,40.3804],[139.9951,40.3804]]],[[[139.9955,40.3807],[139.9955,40.3803],[139.9954,40.3804],[139.9955,40.3807]]],[[[139.9948,40.3807],[139.9949,40.3807],[139.9948,40.3805],[139.9948,40.3807]]],[[[139.994,40.3808],[139.9943,40.381],[139.9943,40.3807],[139.994,40.3808]]],[[[139.9951,40.3809],[139.995,40.3807],[139.995,40.3809],[139.9951,40.3809]]],[[[139.9924,40.3814],[139.9924,40.3815],[139.9925,40.3815],[139.9924,40.3814]]],[[[139.992,40.3817],[139.992,40.3817],[139.992,40.3817],[139.992,40.3817]]],[[[139.9917,40.3816],[139.9916,40.3817],[139.9918,40.3817],[139.9917,40.3816]]],[[[139.9917,40.3818],[139.9916,40.3818],[139.9916,40.3818],[139.9917,40.3818]]],[[[139.9922,40.382],[139.9922,40.3819],[139.9922,40.382],[139.9922,40.382]]],[[[139.9899,40.382],[139.9899,40.3821],[139.99,40.3821],[139.9899,40.382]]],[[[139.9896,40.382],[139.9897,40.3821],[139.9898,40.3821],[139.9896,40.382]]]]}}]}