{"type":"FeatureCollection","pref_code":"14","features":[{"type":"Feature","properties":{"code":"14100","name":"横浜市","pref_code":"14","pref":"神奈川県"},"geometry":{"type":"MultiPolygon","coordinates":[[[[139.6337,35.331],[139.6381,35.328],[139.6381,35.327],[139.6392,35.3289],[139.638,35.3267],[139.6336,35.3231],[139.6295,35.3288],[139.6337,35.331]]],[[[139.6226,35.3313],[139.6225,35.3314],[139.6227,35.3314],[139.6226,35.3313]]],[[[139.6457,35.3905],[139.6532,35.3873],[139.6502,35.3848],[139.6525,35.3865],[139.6527,35.3863],[139.6494,35.3841],[139.6511,35.3828],[139.6494,35.3814],[139.6477,35.3817],[139.6484,35.3802],[139.6459,35.3781],[139.644,35.3796],[139.6432,35.379],[139.6505,35.3731],[139.6583,35.3785],[139.6541,35.3748],[139.6565,35.3727],[139.6565,35.3665],[139.6509,35.3664],[139.651,35.3598],[139.6548,35.3537],[139.6569,35.3535],[139.6569,35.3419],[139.6417,35.3388],[139.6399,35.3404],[139.638,35.3404],[139.6337,35.336],[139.6354,35.3341],[139.6371,35.3344],[139.6354,35.3341],[139.635,35.3327],[139.6374,35.3332],[139.6374,35.3343],[139.6375,35.3331],[139.6293,35.3294],[139.6236,35.3324],[139.6223,35.3319],[139.622,35.3315],[139.6236,35.33],[139.6313,35.3256],[139.6306,35.3233],[139.6245,35.3187],[139.613,35.317],[139.6099,35.3144],[139.6094,35.3125],[139.6042,35.3147],[139.6034,35.3171],[139.5988,35.3158],[139.5961,35.3166],[139.5953,35.3193],[139.5932,35.3204],[139.593,35.3239],[139.5911,35.3252],[139.5909,35.3275],[139.5887,35.33],[139.5889,35.3364],[139.5839,35.3363],[139.5817,35.3349],[139.5794,35.3363],[139.5759,35.3359],[139.5736,35.3369],[139.5729,35.3424],[139.5699,35.3473],[139.5612,35.3462],[139.5576,35.3471],[139.554,35.352],[139.5485,35.3554],[139.5473,35.3579],[139.549,35.3603],[139.547,35.3626],[139.5442,35.363],[139.5421,35.357],[139.5375,35.3572],[139.5362,35.3549],[139.5308,35.3541],[139.5309,35.357],[139.5294,35.3584],[139.528,35.3568],[139.5257,35.3568],[139.5213,35.3616],[139.5138,35.3625],[139.5026,35.3676],[139.4954,35.3577],[139.4857,35.3595],[139.4889,35.3666],[139.4894,35.3711],[139.4936,35.3751],[139.4921,35.3791],[139.4859,35.3824],[139.4837,35.3884],[139.4788,35.3918],[139.4776,35.3991],[139.4749,35.4018],[139.4764,35.4049],[139.476,35.4147],[139.4779,35.4166],[139.478,35.4199],[139.4728,35.4232],[139.474,35.4305],[139.4728,35.4322],[139.4732,35.4358],[139.4749,35.437],[139.4754,35.4397],[139.4807,35.4486],[139.4787,35.4499],[139.4742,35.4569],[139.472,35.4628],[139.4745,35.4699],[139.4718,35.4723],[139.47,35.4783],[139.4709,35.4813],[139.4694,35.4858],[139.471,35.4892],[139.4707,35.4923],[139.4648,35.4974],[139.4677,35.5024],[139.4764,35.5014],[139.4849,35.504],[139.4811,35.5054],[139.477,35.5114],[139.4833,35.5192],[139.4863,35.5198],[139.4857,35.5222],[139.4875,35.5241],[139.4865,35.5265],[139.4878,35.5279],[139.4858,35.5311],[139.4868,35.5355],[139.4845,35.5361],[139.4849,35.5382],[139.4816,35.5399],[139.4803,35.5431],[139.4826,35.5485],[139.4819,35.5558],[139.4765,35.5626],[139.4751,35.5597],[139.4702,35.5605],[139.4683,35.5631],[139.4697,35.5653],[139.4699,35.5699],[139.4739,35.5696],[139.4761,35.5716],[139.4821,35.5718],[139.4864,35.569],[139.486,35.5676],[139.4874,35.5671],[139.4889,35.5621],[139.491,35.5614],[139.4947,35.5649],[139.4963,35.5646],[139.4979,35.5678],[139.5008,35.5685],[139.5006,35.5704],[139.5065,35.5716],[139.507,35.5758],[139.5084,35.5758],[139.5094,35.575],[139.5092,35.5722],[139.513,35.5694],[139.5128,35.5672],[139.5141,35.5673],[139.5236,35.5728],[139.5243,35.5736],[139.523,35.5746],[139.5252,35.5765],[139.5249,35.579],[139.5268,35.5789],[139.5269,35.581],[139.5291,35.5823],[139.5266,35.586],[139.5264,35.5872],[139.5284,35.5879],[139.5261,35.5924],[139.5404,35.5917],[139.5427,35.5899],[139.5559,35.5873],[139.5571,35.5853],[139.5611,35.5834],[139.563,35.58],[139.5653,35.5788],[139.568,35.5712],[139.5718,35.5716],[139.5757,35.5688],[139.5807,35.5692],[139.5956,35.5665],[139.5996,35.5676],[139.6009,35.5654],[139.6115,35.5644],[139.6135,35.5609],[139.6165,35.5603],[139.6203,35.5619],[139.6246,35.5613],[139.6286,35.5626],[139.6429,35.5584],[139.6484,35.5598],[139.6522,35.5569],[139.6584,35.5544],[139.6544,35.5428],[139.6544,35.5399],[139.6573,35.5376],[139.6651,35.5346],[139.6664,35.533],[139.6705,35.5354],[139.6707,35.5367],[139.6749,35.5372],[139.6756,35.5406],[139.6784,35.5396],[139.6849,35.54],[139.685,35.5346],[139.6837,35.5309],[139.6866,35.5287],[139.6863,35.5274],[139.6887,35.5264],[139.6877,35.5249],[139.6897,35.5207],[139.6894,35.519],[139.6916,35.5195],[139.6966,35.5059],[139.6986,35.506],[139.6989,35.5028],[139.7034,35.5044],[139.7115,35.4908],[139.6963,35.484],[139.6949,35.488],[139.6983,35.4895],[139.6979,35.491],[139.6946,35.4894],[139.6932,35.4924],[139.6918,35.4921],[139.6903,35.4915],[139.6911,35.4893],[139.6909,35.4882],[139.6892,35.4903],[139.6881,35.4954],[139.6882,35.4913],[139.687,35.4909],[139.6902,35.4852],[139.6929,35.4827],[139.6928,35.4814],[139.6895,35.4789],[139.6866,35.479],[139.6865,35.4798],[139.6818,35.4784],[139.6818,35.4729],[139.6757,35.4714],[139.6759,35.4692],[139.6756,35.4704],[139.6683,35.4679],[139.6679,35.4736],[139.6731,35.4751],[139.6723,35.4776],[139.6713,35.4776],[139.6696,35.4805],[139.6746,35.4834],[139.674,35.4845],[139.6685,35.4823],[139.6677,35.4836],[139.666,35.4828],[139.6692,35.4775],[139.6678,35.4772],[139.6539,35.4766],[139.6515,35.4815],[139.6483,35.4804],[139.6516,35.4778],[139.6517,35.4765],[139.6446,35.476],[139.642,35.4734],[139.6404,35.4743],[139.6419,35.4733],[139.64,35.4713],[139.6409,35.4712],[139.6406,35.4697],[139.6397,35.4699],[139.6402,35.4681],[139.6382,35.4684],[139.6381,35.4652],[139.6341,35.4655],[139.6329,35.4645],[139.6341,35.4641],[139.6337,35.463],[139.6384,35.4638],[139.6388,35.4629],[139.6381,35.4574],[139.6351,35.4555],[139.6385,35.4568],[139.6408,35.4558],[139.6431,35.4586],[139.6422,35.4572],[139.6432,35.4567],[139.642,35.4552],[139.6429,35.4546],[139.6455,35.4578],[139.647,35.457],[139.6448,35.4567],[139.6463,35.4562],[139.646,35.4558],[139.6444,35.4562],[139.6455,35.4554],[139.6441,35.4539],[139.645,35.451],[139.6435,35.4491],[139.6446,35.4485],[139.6453,35.4493],[139.6444,35.4502],[139.6456,35.4496],[139.6488,35.4537],[139.6497,35.4533],[139.6457,35.4486],[139.6461,35.4476],[139.6467,35.4481],[139.6519,35.4451],[139.6577,35.4526],[139.6575,35.4511],[139.6585,35.4506],[139.6573,35.449],[139.6589,35.4484],[139.6603,35.4501],[139.6616,35.4493],[139.6604,35.4477],[139.6623,35.4475],[139.6644,35.4502],[139.6658,35.4495],[139.6636,35.4468],[139.657,35.4443],[139.6603,35.4413],[139.6632,35.4436],[139.6614,35.4451],[139.6603,35.4447],[139.6614,35.4451],[139.6641,35.4428],[139.6704,35.4513],[139.6731,35.4509],[139.6743,35.4497],[139.6686,35.4402],[139.669,35.4393],[139.6712,35.4388],[139.6753,35.4457],[139.6772,35.4449],[139.6763,35.4433],[139.6815,35.4416],[139.6761,35.4328],[139.6775,35.4323],[139.6761,35.4328],[139.6754,35.4316],[139.6783,35.4304],[139.679,35.4316],[139.678,35.432],[139.679,35.4316],[139.6854,35.442],[139.687,35.4414],[139.6881,35.4425],[139.6871,35.4413],[139.6906,35.4393],[139.6854,35.4267],[139.6812,35.4264],[139.6812,35.4251],[139.6808,35.427],[139.6793,35.4276],[139.6789,35.4268],[139.6799,35.4256],[139.6814,35.4244],[139.6805,35.422],[139.6769,35.4242],[139.6752,35.4235],[139.6799,35.4188],[139.678,35.4162],[139.68,35.4156],[139.6817,35.419],[139.6825,35.4187],[139.6802,35.4155],[139.6818,35.415],[139.6834,35.4169],[139.6802,35.4125],[139.6797,35.4127],[139.6794,35.4109],[139.6695,35.4029],[139.6668,35.4046],[139.6692,35.4065],[139.6659,35.4085],[139.6632,35.4066],[139.6526,35.413],[139.6429,35.4118],[139.6337,35.4083],[139.6293,35.4132],[139.6313,35.4103],[139.6277,35.4091],[139.6308,35.405],[139.642,35.407],[139.6447,35.4055],[139.6455,35.403],[139.6323,35.4004],[139.626,35.4016],[139.622,35.3954],[139.6244,35.3917],[139.6313,35.3946],[139.6323,35.3934],[139.6339,35.3938],[139.6365,35.3903],[139.6274,35.3862],[139.6286,35.3842],[139.6323,35.3832],[139.6326,35.3822],[139.6428,35.3872],[139.6457,35.3905]]],[[[139.6345,35.3221],[139.6345,35.3222],[139.6347,35.3223],[139.6345,35.3221]]],[[[139.6358,35.3234],[139.636,35.3239],[139.6368,35.3246],[139.6358,35.3234]]],[[[139.6369,35.3247],[139.637,35.325],[139.6372,35.3251],[139.6369,35.3247]]],[[[139.6375,35.3254],[139.6377,35.3256],[139.6374,35.3253],[139.6375,35.3254]]],[[[139.6461,35.3343],[139.6463,35.3351],[139.6488,35.3358],[139.6488,35.3347],[139.6461,35.3343]]],[[[139.6476,35.3385],[139.6497,35.3367],[139.6497,35.3354],[139.6487,35.3368],[139.6459,35.3365],[139.6458,35.3343],[139.6433,35.3343],[139.6417,35.3357],[139.6423,35.3382],[139.6476,35.3385]]],[[[139.6529,35.3793],[139.6484,35.3754],[139.6483,35.3755],[139.6529,35.3793]]],[[[139.6538,35.38],[139.6541,35.3802],[139.6533,35.3797],[139.6538,35.38]]],[[[139.6545,35.3803],[139.655,35.3802],[139.6545,35.3802],[139.6545,35.3803]]],[[[139.6567,35.3798],[139.6534,35.3787],[139.6584,35.3818],[139.6567,35.3798]]],[[[139.6545,35.3848],[139.6552,35.3854],[139.6583,35.383],[139.6552,35.3854],[139.6545,35.3848],[139.6526,35.3863],[139.6545,35.3848]]],[[[139.6417,35.4015],[139.6433,35.4024],[139.6434,35.4018],[139.6417,35.4015]]],[[[139.6516,35.4086],[139.6517,35.4088],[139.6517,35.4087],[139.6516,35.4086]]],[[[139.6583,35.4601],[139.6576,35.4613],[139.6564,35.463],[139.6574,35.4617],[139.6582,35.4604],[139.6583,35.4601]]],[[[139.6559,35.4637],[139.656,35.4636],[139.6559,35.4637],[139.6559,35.4637]]],[[[139.6559,35.4637],[139.6556,35.4641],[139.6559,35.4637],[139.6559,35.4637]]],[[[139.6454,35.4746],[139.6504,35.4744],[139.656,35.4702],[139.6523,35.467],[139.6533,35.4662],[139.6547,35.465],[139.6555,35.4641],[139.651,35.4677],[139.6541,35.4646],[139.653,35.4636],[139.6453,35.4694],[139.6421,35.4684],[139.6436,35.4699],[139.6418,35.4719],[139.6454,35.4746]]],[[[139.6952,35.4076],[139.6907,35.3999],[139.6824,35.3932],[139.6779,35.396],[139.6853,35.4019],[139.6823,35.4045],[139.6764,35.3998],[139.6713,35.4017],[139.6712,35.4029],[139.6802,35.4102],[139.6842,35.409],[139.6889,35.4128],[139.6952,35.4076]]],[[[139.6812,35.4246],[139.6812,35.4247],[139.6813,35.4246],[139.6812,35.4246]]],[[[139.6813,35.4246],[139.6813,35.4248],[139.6814,35.4247],[139.6813,35.4246]]],[[[139.6806,35.4251],[139.6807,35.4251],[139.6806,35.4251],[139.6806,35.4251]]],[[[139.6808,35.4253],[139.6807,35.4251],[139.6806,35.4252],[139.6808,35.4253]]],[[[139.6801,35.4259],[139.6802,35.426],[139.6803,35.426],[139.6801,35.4259]]],[[[139.689,35.4433],[139.6892,35.4434],[139.6883,35.4426],[139.689,35.4433]]],[[[139.6735,35.4515],[139.6739,35.4525],[139.6741,35.4527],[139.6735,35.4515]]],[[[139.658,35.4541],[139.6578,35.4533],[139.6581,35.455],[139.658,35.4541]]],[[[139.6758,35.4559],[139.676,35.4563],[139.676,35.4563],[139.6758,35.4559]]],[[[139.6768,35.4576],[139.6767,35.4576],[139.677,35.4581],[139.6768,35.4576]]],[[[139.6949,35.4638],[139.6872,35.4601],[139.6881,35.4589],[139.688,35.4586],[139.6872,35.4601],[139.6847,35.4589],[139.6884,35.457],[139.6981,35.4616],[139.7022,35.4551],[139.7072,35.4567],[139.7005,35.4545],[139.6937,35.4479],[139.6955,35.4498],[139.6772,35.4582],[139.6708,35.4619],[139.6702,35.4631],[139.6731,35.4606],[139.674,35.4622],[139.6726,35.4652],[139.6706,35.4645],[139.678,35.4674],[139.6924,35.472],[139.6944,35.4692],[139.6949,35.4638]]],[[[139.707,35.4723],[139.7073,35.472],[139.7074,35.4719],[139.707,35.4723]]],[[[139.7141,35.486],[139.7253,35.4698],[139.7127,35.4642],[139.706,35.4745],[139.7036,35.4751],[139.7003,35.4787],[139.7036,35.4814],[139.7141,35.486]]],[[[139.6716,35.4834],[139.6716,35.4834],[139.6716,35.4834],[139.6716,35.4834]]],[[[139.711,35.4854],[139.7114,35.4858],[139.7114,35.4858],[139.711,35.4854]]]]}},{"type":"Feature","properties":{"code":"14130","name":"川崎市","pref_code":"14","pref":"神奈川県"},"geometry":{"type":"MultiPolygon","coordinates":[[[[139.7345,35.4948],[139.739,35.4891],[139.7351,35.4874],[139.7418,35.477],[139.7253,35.4698],[139.7146,35.486],[139.7345,35.4948]]],[[[139.6788,35.563],[139.6904,35.557],[139.6993,35.5556],[139.7037,35.5526],[139.7035,35.5494],[139.6978,35.5438],[139.6988,35.5397],[139.7022,35.537],[139.709,35.5364],[139.7173,35.538],[139.7266,35.5436],[139.7304,35.5429],[139.7337,35.5409],[139.7396,35.5452],[139.7468,35.5438],[139.7568,35.5445],[139.7765,35.5345],[139.7745,35.5322],[139.7876,35.5245],[139.7892,35.5218],[139.7885,35.5212],[139.7902,35.52],[139.7961,35.5186],[139.7942,35.5164],[139.8014,35.5121],[139.8003,35.5109],[139.8012,35.5122],[139.7942,35.5163],[139.7916,35.5135],[139.7961,35.5107],[139.7942,35.5118],[139.7906,35.5078],[139.7919,35.5072],[139.7965,35.5067],[139.7987,35.5092],[139.7967,35.5103],[139.7987,35.5092],[139.7999,35.5105],[139.7965,35.5066],[139.7919,35.5071],[139.7802,35.5133],[139.7771,35.5104],[139.779,35.5097],[139.7791,35.5097],[139.7791,35.5097],[139.7771,35.5104],[139.7763,35.5096],[139.7788,35.5086],[139.7762,35.5096],[139.7723,35.5123],[139.7747,35.5148],[139.7735,35.5156],[139.771,35.5132],[139.7664,35.5206],[139.769,35.5229],[139.7679,35.5238],[139.7656,35.5219],[139.761,35.5303],[139.7564,35.5303],[139.7517,35.5333],[139.7511,35.5308],[139.7519,35.5302],[139.7538,35.5314],[139.7558,35.5299],[139.7559,35.5278],[139.746,35.519],[139.7439,35.521],[139.7432,35.5204],[139.7451,35.5184],[139.7379,35.5147],[139.7386,35.5134],[139.7451,35.5161],[139.7465,35.5156],[139.7491,35.5093],[139.7488,35.5068],[139.7338,35.5006],[139.7324,35.5098],[139.7331,35.5124],[139.7318,35.5156],[139.7303,35.5153],[139.7314,35.4991],[139.7198,35.4942],[139.7139,35.503],[139.7192,35.506],[139.7163,35.5062],[139.7112,35.504],[139.718,35.4936],[139.7115,35.4908],[139.7034,35.5044],[139.6989,35.5028],[139.6986,35.506],[139.6966,35.5059],[139.6916,35.5195],[139.6894,35.519],[139.6897,35.5207],[139.6877,35.5249],[139.6887,35.5264],[139.6863,35.5274],[139.6866,35.5287],[139.6837,35.5309],[139.685,35.5346],[139.6849,35.54],[139.6784,35.5396],[139.6756,35.5406],[139.6749,35.5372],[139.6707,35.5367],[139.6705,35.5354],[139.6664,35.533],[139.6651,35.5346],[139.6573,35.5376],[139.6548,35.5395],[139.6542,35.5413],[139.6584,35.5546],[139.6522,35.5569],[139.6484,35.5598],[139.6429,35.5584],[139.6286,35.5626],[139.6246,35.5613],[139.6203,35.5619],[139.6165,35.5603],[139.6135,35.5609],[139.6115,35.5644],[139.6009,35.5654],[139.5996,35.5676],[139.5956,35.5665],[139.5807,35.5692],[139.5757,35.5688],[139.5718,35.5716],[139.568,35.5712],[139.5653,35.5788],[139.563,35.58],[139.5611,35.5834],[139.5571,35.5853],[139.5559,35.5873],[139.5427,35.5899],[139.5405,35.5917],[139.5358,35.5913],[139.5309,35.5926],[139.5259,35.5921],[139.528,35.59],[139.5283,35.5878],[139.5264,35.587],[139.5292,35.5824],[139.5268,35.5809],[139.5268,35.5789],[139.5249,35.579],[139.5252,35.5765],[139.523,35.5746],[139.5242,35.5734],[139.5216,35.571],[139.5128,35.5672],[139.513,35.5694],[139.5092,35.5722],[139.5093,35.5753],[139.5069,35.5758],[139.5055,35.5748],[139.4992,35.581],[139.494,35.5827],[139.4931,35.5843],[139.4945,35.5862],[139.4937,35.5891],[139.4919,35.5885],[139.4879,35.5909],[139.4871,35.59],[139.4871,35.5917],[139.4843,35.5928],[139.4845,35.5942],[139.4832,35.5934],[139.4839,35.5953],[139.4803,35.5947],[139.4808,35.5957],[139.4795,35.5959],[139.4796,35.5951],[139.478,35.599],[139.4711,35.6012],[139.4703,35.6035],[139.4665,35.6067],[139.466,35.6095],[139.4631,35.608],[139.4579,35.6075],[139.4535,35.6045],[139.4529,35.6077],[139.4493,35.6118],[139.4524,35.6158],[139.453,35.6186],[139.4552,35.6181],[139.457,35.6191],[139.4628,35.6251],[139.4655,35.624],[139.4676,35.6206],[139.4755,35.6197],[139.4767,35.615],[139.476,35.6132],[139.4797,35.6133],[139.4811,35.6102],[139.4833,35.6087],[139.4879,35.6077],[139.4893,35.6044],[139.4936,35.6058],[139.4976,35.6049],[139.4997,35.6054],[139.4998,35.6076],[139.4953,35.6133],[139.4947,35.6173],[139.4979,35.6183],[139.5034,35.6229],[139.5093,35.6241],[139.5104,35.6234],[139.5157,35.6254],[139.5173,35.6305],[139.5235,35.6324],[139.521,35.6376],[139.5234,35.6388],[139.5243,35.6415],[139.5255,35.6427],[139.5309,35.642],[139.536,35.6395],[139.5475,35.6368],[139.5494,35.6344],[139.5574,35.634],[139.5625,35.6324],[139.5662,35.6295],[139.5656,35.6272],[139.5765,35.622],[139.585,35.621],[139.5919,35.6177],[139.5998,35.6185],[139.6053,35.6156],[139.6097,35.6164],[139.6156,35.6133],[139.6185,35.6138],[139.6318,35.6068],[139.6318,35.6058],[139.6488,35.595],[139.651,35.5922],[139.6563,35.5897],[139.6644,35.5896],[139.6693,35.5847],[139.6764,35.566],[139.6788,35.563]],[[139.5181,35.6298],[139.5171,35.6294],[139.5183,35.6293],[139.5181,35.6298]]],[[[139.485,35.5846],[139.4899,35.5836],[139.4884,35.5785],[139.4861,35.5784],[139.4837,35.572],[139.4763,35.5717],[139.4739,35.5696],[139.4699,35.5699],[139.4733,35.5739],[139.4732,35.5767],[139.4764,35.5819],[139.4778,35.5822],[139.4778,35.5806],[139.4817,35.5814],[139.485,35.5846]]],[[[139.7831,35.4949],[139.7507,35.4808],[139.7506,35.4809],[139.782,35.4949],[139.7831,35.4949]]],[[[139.8345,35.4905],[139.8337,35.4917],[139.8353,35.4921],[139.8358,35.491],[139.8345,35.4905]]],[[[139.7712,35.5062],[139.7771,35.505],[139.7844,35.502],[139.7783,35.5044],[139.7761,35.5035],[139.7787,35.4995],[139.7821,35.501],[139.7616,35.4919],[139.7589,35.4953],[139.7561,35.4941],[139.7582,35.4906],[139.7456,35.485],[139.7405,35.4882],[139.7363,35.4945],[139.7588,35.5047],[139.7601,35.5037],[139.7599,35.5052],[139.7612,35.5057],[139.7712,35.5062]]],[[[139.7313,35.5031],[139.7312,35.503],[139.7312,35.5031],[139.7313,35.5031]]],[[[139.7597,35.5102],[139.7597,35.5101],[139.7597,35.5101],[139.7597,35.5102]]],[[[139.7589,35.5264],[139.766,35.5136],[139.765,35.5116],[139.7538,35.5086],[139.7518,35.5095],[139.7485,35.5183],[139.749,35.52],[139.7515,35.5212],[139.7522,35.5232],[139.757,35.5267],[139.7589,35.5264]]]]}},{"type":"Feature","properties":{"code":"14201","name":"横須賀市","pref_code":"14","pref":"神奈川県"},"geometry":{"type":"MultiPolygon","coordinates":[[[[139.5836,35.1985],[139.5836,35.1984],[139.5835,35.1985],[139.5836,35.1985]]],[[[139.5846,35.1986],[139.5845,35.1986],[139.5846,35.1987],[139.5846,35.1986]]],[[[139.5845,35.1992],[139.5849,35.199],[139.5848,35.1989],[139.5845,35.1992]]],[[[139.5852,35.1991],[139.5851,35.199],[139.5851,35.1991],[139.5852,35.1991]]],[[[139.5837,35.1992],[139.5836,35.1992],[139.5836,35.1993],[139.5837,35.1992]]],[[[139.5952,35.2407],[139.5952,35.2407],[139.5951,35.2407],[139.5952,35.2407]]],[[[139.5953,35.2411],[139.5953,35.241],[139.5953,35.2411],[139.5953,35.2411]]],[[[139.5951,35.2432],[139.5951,35.2432],[139.5952,35.2432],[139.5951,35.2432]]],[[[139.5926,35.244],[139.5926,35.244],[139.5926,35.244],[139.5926,35.244]]],[[[139.5927,35.2441],[139.5926,35.2441],[139.5927,35.2442],[139.5927,35.2441]]],[[[139.5925,35.2441],[139.5925,35.2441],[139.5925,35.2442],[139.5925,35.2441]]],[[[139.5926,35.2443],[139.5926,35.2443],[139.5926,35.2443],[139.5926,35.2443]]],[[[139.5935,35.2444],[139.5935,35.2444],[139.5935,35.2444],[139.5935,35.2444]]],[[[139.592,35.2444],[139.592,35.2444],[139.5919,35.2444],[139.592,35.2444]]],[[[139.5918,35.2444],[139.5918,35.2444],[139.5918,35.2444],[139.5918,35.2444]]],[[[139.5921,35.2446],[139.5921,35.2445],[139.5919,35.2446],[139.5921,35.2446]]],[[[139.5916,35.2445],[139.5916,35.2445],[139.5916,35.2446],[139.5916,35.2445]]],[[[139.5918,35.2447],[139.5919,35.2447],[139.5919,35.2446],[139.5918,35.2447]]],[[[139.5917,35.2447],[139.5917,35.2447],[139.5916,35.2447],[139.5917,35.2447]]],[[[139.592,35.2447],[139.592,35.2447],[139.592,35.2447],[139.592,35.2447]]],[[[139.5913,35.2447],[139.5913,35.2447],[139.5913,35.2447],[139.5913,35.2447]]],[[[139.5915,35.2447],[139.5915,35.2447],[139.5915,35.2447],[139.5915,35.2447]]],[[[139.5919,35.2447],[139.5919,35.2447],[139.5919,35.2447],[139.5919,35.2447]]],[[[139.5921,35.2447],[139.5921,35.2448],[139.5921,35.2448],[139.5921,35.2447]]],[[[139.5918,35.2448],[139.5918,35.2448],[139.5918,35.2447],[139.5918,35.2448]]],[[[139.5913,35.2448],[139.5913,35.2448],[139.5912,35.2448],[139.5913,35.2448]]],[[[139.5934,35.2448],[139.5933,35.2448],[139.5933,35.2448],[139.5934,35.2448]]],[[[139.592,35.2448],[139.592,35.2448],[139.592,35.2449],[139.592,35.2448]]],[[[139.5916,35.2449],[139.5917,35.2449],[139.5917,35.2449],[139.5916,35.2449]]],[[[139.5923,35.2449],[139.5923,35.2449],[139.5923,35.2448],[139.5923,35.2449]]],[[[139.5921,35.2449],[139.5921,35.2449],[139.5922,35.2449],[139.5921,35.2449]]],[[[139.5914,35.2449],[139.5914,35.245],[139.5914,35.245],[139.5914,35.2449]]],[[[139.5913,35.245],[139.5912,35.2449],[139.5912,35.245],[139.5913,35.245]]],[[[139.5926,35.245],[139.5926,35.245],[139.5926,35.245],[139.5926,35.245]]],[[[139.5916,35.245],[139.5916,35.245],[139.5917,35.2451],[139.5916,35.245]]],[[[139.5914,35.245],[139.5913,35.245],[139.5913,35.2451],[139.5914,35.245]]],[[[139.5916,35.2451],[139.5916,35.2451],[139.5915,35.2451],[139.5916,35.2451]]],[[[139.5912,35.2451],[139.5912,35.2452],[139.5913,35.2451],[139.5912,35.2451]]],[[[139.5914,35.2452],[139.5915,35.2452],[139.5915,35.2452],[139.5914,35.2452]]],[[[139.5915,35.2452],[139.5915,35.2452],[139.5915,35.2452],[139.5915,35.2452]]],[[[139.5912,35.2452],[139.5912,35.2452],[139.5912,35.2452],[139.5912,35.2452]]],[[[139.5889,35.2474],[139.589,35.2473],[139.5888,35.2472],[139.5889,35.2474]]],[[[139.5886,35.2477],[139.5886,35.2476],[139.5884,35.2477],[139.5886,35.2477]]],[[[139.5894,35.2477],[139.5894,35.2478],[139.5894,35.2478],[139.5894,35.2477]]],[[[139.5764,35.2478],[139.5764,35.2478],[139.5764,35.2478],[139.5764,35.2478]]],[[[139.5766,35.2478],[139.5764,35.248],[139.5768,35.2482],[139.5766,35.2478]]],[[[139.5763,35.248],[139.5763,35.2481],[139.5764,35.2481],[139.5763,35.248]]],[[[139.589,35.2481],[139.589,35.2481],[139.589,35.2481],[139.589,35.2481]]],[[[139.5893,35.2481],[139.5893,35.2481],[139.5892,35.2481],[139.5893,35.2481]]],[[[139.5889,35.2481],[139.5888,35.2481],[139.5888,35.2481],[139.5889,35.2481]]],[[[139.5894,35.2481],[139.5894,35.2481],[139.5894,35.2481],[139.5894,35.2481]]],[[[139.5889,35.2482],[139.589,35.2482],[139.589,35.2481],[139.5889,35.2482]]],[[[139.5892,35.2482],[139.5891,35.2482],[139.5892,35.2482],[139.5892,35.2482]]],[[[139.5767,35.2482],[139.5767,35.2482],[139.5767,35.2482],[139.5767,35.2482]]],[[[139.5768,35.2483],[139.5769,35.2483],[139.5769,35.2482],[139.5768,35.2483]]],[[[139.5888,35.2482],[139.5888,35.2482],[139.5888,35.2483],[139.5888,35.2482]]],[[[139.5766,35.2483],[139.5766,35.2482],[139.5766,35.2482],[139.5766,35.2483]]],[[[139.5768,35.2482],[139.5768,35.2483],[139.5768,35.2483],[139.5768,35.2482]]],[[[139.5767,35.2483],[139.5766,35.2483],[139.5767,35.2484],[139.5767,35.2483]]],[[[139.5891,35.2484],[139.5891,35.2484],[139.5891,35.2484],[139.5891,35.2484]]],[[[139.5883,35.249],[139.5882,35.249],[139.5883,35.249],[139.5883,35.249]]],[[[139.5882,35.2497],[139.5882,35.2497],[139.5882,35.2497],[139.5882,35.2497]]],[[[139.5877,35.2497],[139.5877,35.2498],[139.5877,35.2498],[139.5877,35.2497]]],[[[139.578,35.2529],[139.578,35.2529],[139.578,35.2529],[139.578,35.2529]]],[[[139.5781,35.2531],[139.5781,35.253],[139.5781,35.253],[139.5781,35.2531]]],[[[139.5784,35.253],[139.5784,35.253],[139.5784,35.2531],[139.5784,35.253]]],[[[139.5776,35.2533],[139.5773,35.2529],[139.5766,35.2531],[139.5776,35.2533]]],[[[139.5802,35.2536],[139.5802,35.2536],[139.5801,35.2536],[139.5802,35.2536]]],[[[139.5986,35.1929],[139.5986,35.1929],[139.5986,35.1928],[139.5986,35.1929]]],[[[139.5992,35.1937],[139.5992,35.1936],[139.5992,35.1937],[139.5992,35.1937]]],[[[139.5995,35.1937],[139.5995,35.1937],[139.5995,35.1937],[139.5995,35.1937]]],[[[139.6003,35.1938],[139.6003,35.1937],[139.6003,35.1937],[139.6003,35.1938]]],[[[139.599,35.1938],[139.5989,35.1938],[139.5989,35.1938],[139.599,35.1938]]],[[[139.5994,35.1938],[139.5994,35.1938],[139.5994,35.1938],[139.5994,35.1938]]],[[[139.6007,35.1939],[139.6008,35.1938],[139.6007,35.1938],[139.6007,35.1939]]],[[[139.5992,35.1939],[139.5992,35.1939],[139.5991,35.1939],[139.5992,35.1939]]],[[[139.5993,35.194],[139.5994,35.194],[139.5994,35.1939],[139.5993,35.194]]],[[[139.601,35.194],[139.601,35.194],[139.601,35.194],[139.601,35.194]]],[[[139.5987,35.1946],[139.5986,35.1945],[139.5986,35.1945],[139.5987,35.1946]]],[[[139.5992,35.1946],[139.5992,35.1946],[139.5992,35.1946],[139.5992,35.1946]]],[[[139.599,35.195],[139.599,35.195],[139.599,35.1949],[139.599,35.195]]],[[[139.5991,35.195],[139.5991,35.195],[139.5991,35.195],[139.5991,35.195]]],[[[139.5989,35.1951],[139.5989,35.1951],[139.5989,35.1952],[139.5989,35.1951]]],[[[139.5988,35.1953],[139.5988,35.1952],[139.5988,35.1952],[139.5988,35.1953]]],[[[139.5985,35.1954],[139.5988,35.1955],[139.5987,35.1954],[139.5985,35.1954]]],[[[139.5986,35.1956],[139.5985,35.1957],[139.5986,35.1957],[139.5986,35.1956]]],[[[139.599,35.1959],[139.5989,35.1958],[139.5989,35.1959],[139.599,35.1959]]],[[[139.5991,35.1959],[139.5991,35.196],[139.5993,35.196],[139.5991,35.1959]]],[[[139.5989,35.196],[139.5989,35.196],[139.599,35.196],[139.5989,35.196]]],[[[139.5994,35.1966],[139.5995,35.1966],[139.5993,35.1966],[139.5994,35.1966]]],[[[139.5998,35.1967],[139.5997,35.1966],[139.5997,35.1967],[139.5998,35.1967]]],[[[139.5997,35.1968],[139.5997,35.1968],[139.5996,35.1968],[139.5997,35.1968]]],[[[139.5998,35.1969],[139.5998,35.1969],[139.5997,35.1968],[139.5998,35.1969]]],[[[139.6014,35.1969],[139.6014,35.1969],[139.6014,35.1969],[139.6014,35.1969]]],[[[139.6014,35.197],[139.6014,35.197],[139.6013,35.1969],[139.6014,35.197]]],[[[139.6011,35.1973],[139.6011,35.1973],[139.6011,35.1973],[139.6011,35.1973]]],[[[139.6012,35.1974],[139.6011,35.1973],[139.6011,35.1974],[139.6012,35.1974]]],[[[139.6012,35.2215],[139.6014,35.2214],[139.6013,35.2214],[139.6012,35.2215]]],[[[139.6011,35.2216],[139.6013,35.2216],[139.6013,35.2215],[139.6011,35.2216]]],[[[139.6009,35.2216],[139.6009,35.2216],[139.6009,35.2216],[139.6009,35.2216]]],[[[139.6013,35.2218],[139.6013,35.2217],[139.6013,35.2217],[139.6013,35.2218]]],[[[139.6008,35.2226],[139.6008,35.2225],[139.6008,35.2225],[139.6008,35.2226]]],[[[139.6008,35.2227],[139.6008,35.2227],[139.6007,35.2227],[139.6008,35.2227]]],[[[139.6008,35.2227],[139.6008,35.2227],[139.6008,35.2228],[139.6008,35.2227]]],[[[139.599,35.2229],[139.5992,35.2228],[139.5991,35.2228],[139.599,35.2229]]],[[[139.6012,35.2229],[139.6012,35.2229],[139.6012,35.2229],[139.6012,35.2229]]],[[[139.6006,35.2233],[139.6006,35.2232],[139.6005,35.2232],[139.6006,35.2233]]],[[[139.5999,35.2233],[139.5999,35.2232],[139.5998,35.2232],[139.5999,35.2233]]],[[[139.5996,35.2233],[139.5996,35.2233],[139.5996,35.2233],[139.5996,35.2233]]],[[[139.6005,35.2233],[139.6005,35.2233],[139.6005,35.2233],[139.6005,35.2233]]],[[[139.6004,35.2234],[139.6004,35.2233],[139.6004,35.2233],[139.6004,35.2234]]],[[[139.5985,35.2237],[139.5985,35.2236],[139.5985,35.2236],[139.5985,35.2237]]],[[[139.5985,35.2238],[139.5984,35.2237],[139.5984,35.2237],[139.5985,35.2238]]],[[[139.598,35.2239],[139.598,35.2238],[139.5979,35.2238],[139.598,35.2239]]],[[[139.5978,35.2239],[139.5977,35.2239],[139.5977,35.224],[139.5978,35.2239]]],[[[139.5978,35.224],[139.5978,35.224],[139.5978,35.224],[139.5978,35.224]]],[[[139.5987,35.2235],[139.5986,35.2238],[139.5979,35.2242],[139.5976,35.224],[139.5977,35.2249],[139.5981,35.2243],[139.5993,35.2243],[139.6,35.2235],[139.5987,35.2235]]],[[[139.5976,35.2242],[139.5975,35.2242],[139.5975,35.2243],[139.5976,35.2242]]],[[[139.5975,35.2243],[139.5975,35.2243],[139.5975,35.2243],[139.5975,35.2243]]],[[[139.5973,35.2243],[139.5973,35.2243],[139.5972,35.2243],[139.5973,35.2243]]],[[[139.5975,35.2243],[139.5974,35.2243],[139.5974,35.2243],[139.5975,35.2243]]],[[[139.5973,35.2244],[139.5974,35.2244],[139.5973,35.2244],[139.5973,35.2244]]],[[[139.5971,35.2244],[139.5971,35.2245],[139.5972,35.2245],[139.5971,35.2244]]],[[[139.5988,35.2246],[139.5989,35.2245],[139.5988,35.2244],[139.5988,35.2246]]],[[[139.5974,35.2246],[139.5973,35.2247],[139.5974,35.2246],[139.5974,35.2246]]],[[[139.5973,35.2247],[139.5973,35.2247],[139.5973,35.2247],[139.5973,35.2247]]],[[[139.597,35.2248],[139.597,35.2247],[139.5969,35.2247],[139.597,35.2248]]],[[[139.5975,35.2247],[139.5973,35.2248],[139.5973,35.225],[139.5975,35.2247]]],[[[139.597,35.2251],[139.597,35.225],[139.597,35.225],[139.597,35.2251]]],[[[139.597,35.2251],[139.597,35.2251],[139.597,35.2251],[139.597,35.2251]]],[[[139.5993,35.2362],[139.5994,35.2361],[139.5993,35.2362],[139.5993,35.2362]]],[[[139.5977,35.2404],[139.5978,35.2404],[139.5976,35.2403],[139.5977,35.2404]]],[[[139.5953,35.2408],[139.5953,35.2409],[139.5953,35.2408],[139.5953,35.2408]]],[[[139.5956,35.241],[139.5956,35.241],[139.5956,35.241],[139.5956,35.241]]],[[[139.5963,35.2422],[139.5963,35.2422],[139.5963,35.2423],[139.5963,35.2422]]],[[[139.596,35.2426],[139.596,35.2426],[139.596,35.2426],[139.596,35.2426]]],[[[139.6018,35.1931],[139.6018,35.1931],[139.6018,35.1932],[139.6018,35.1931]]],[[[139.6022,35.1933],[139.6023,35.1933],[139.6022,35.1933],[139.6022,35.1933]]],[[[139.6034,35.1935],[139.6034,35.1935],[139.6034,35.1935],[139.6034,35.1935]]],[[[139.6044,35.1934],[139.6043,35.1933],[139.6044,35.194],[139.6044,35.1934]]],[[[139.6048,35.1946],[139.605,35.1946],[139.605,35.1942],[139.6048,35.1946]]],[[[139.6014,35.1971],[139.6015,35.1971],[139.6014,35.197],[139.6014,35.1971]]],[[[139.6023,35.1979],[139.602,35.1979],[139.6021,35.1979],[139.6023,35.1979]]],[[[139.6017,35.198],[139.6021,35.1984],[139.6021,35.1983],[139.6017,35.198]]],[[[139.6024,35.1984],[139.6022,35.1982],[139.6022,35.1982],[139.6024,35.1984]]],[[[139.6022,35.1983],[139.6022,35.1983],[139.6022,35.1982],[139.6022,35.1983]]],[[[139.6019,35.1983],[139.6018,35.1983],[139.6019,35.1985],[139.6019,35.1983]]],[[[139.6022,35.1986],[139.6022,35.1985],[139.6022,35.1986],[139.6022,35.1986]]],[[[139.602,35.1986],[139.602,35.1986],[139.602,35.1985],[139.602,35.1986]]],[[[139.6027,35.1989],[139.6027,35.1989],[139.6026,35.1988],[139.6027,35.1989]]],[[[139.6048,35.1996],[139.605,35.1996],[139.605,35.1994],[139.6048,35.1996]]],[[[139.6038,35.1995],[139.6038,35.1996],[139.6038,35.1994],[139.6038,35.1995]]],[[[139.6038,35.1997],[139.6038,35.1997],[139.6039,35.1998],[139.6038,35.1997]]],[[[139.6053,35.2006],[139.6052,35.2004],[139.6052,35.2004],[139.6053,35.2006]]],[[[139.605,35.2007],[139.6051,35.2004],[139.605,35.2004],[139.605,35.2007]]],[[[139.6049,35.2013],[139.605,35.2011],[139.6049,35.2011],[139.6049,35.2013]]],[[[139.6045,35.2014],[139.6047,35.2016],[139.6047,35.2009],[139.6045,35.2014]]],[[[139.6048,35.2016],[139.6048,35.2015],[139.6048,35.2015],[139.6048,35.2016]]],[[[139.6037,35.2025],[139.6037,35.2024],[139.6036,35.2024],[139.6037,35.2025]]],[[[139.6036,35.2029],[139.6036,35.2033],[139.6037,35.2032],[139.6036,35.2029]]],[[[139.6038,35.2034],[139.6037,35.2031],[139.6038,35.2034],[139.6038,35.2035],[139.6038,35.2034]]],[[[139.6046,35.2034],[139.6044,35.2033],[139.6045,35.2039],[139.6046,35.2034]]],[[[139.6039,35.2035],[139.6039,35.2037],[139.604,35.2036],[139.6039,35.2035]]],[[[139.6041,35.2037],[139.6042,35.2037],[139.6042,35.2036],[139.6041,35.2037]]],[[[139.6055,35.2041],[139.6055,35.204],[139.6054,35.204],[139.6055,35.2041]]],[[[139.6048,35.2041],[139.6046,35.2043],[139.6047,35.2043],[139.6048,35.2041]]],[[[139.6049,35.2042],[139.605,35.2044],[139.605,35.2041],[139.605,35.2041],[139.6049,35.2042]]],[[[139.6053,35.2041],[139.6054,35.2045],[139.6054,35.2045],[139.6053,35.2041]]],[[[139.6042,35.2053],[139.6042,35.2052],[139.6042,35.2052],[139.6042,35.2053]]],[[[139.6041,35.2055],[139.6041,35.2054],[139.604,35.2055],[139.6041,35.2055]]],[[[139.6048,35.2055],[139.6048,35.2055],[139.6047,35.2055],[139.6048,35.2055]]],[[[139.6055,35.2057],[139.6055,35.2058],[139.6057,35.2056],[139.6055,35.2057]]],[[[139.6057,35.2061],[139.6057,35.206],[139.6056,35.206],[139.6057,35.2061]]],[[[139.6056,35.2062],[139.6056,35.2061],[139.6055,35.2063],[139.6056,35.2062]]],[[[139.6057,35.2064],[139.6057,35.2063],[139.6056,35.2064],[139.6057,35.2064]]],[[[139.6048,35.2205],[139.6045,35.2206],[139.6046,35.2207],[139.6048,35.2205]]],[[[139.6023,35.2206],[139.6022,35.2206],[139.6025,35.2206],[139.6023,35.2206]]],[[[139.6023,35.2207],[139.6026,35.2206],[139.6023,35.2207],[139.6023,35.2207]]],[[[139.6031,35.2207],[139.6032,35.2207],[139.6031,35.2207],[139.6031,35.2207]]],[[[139.6027,35.2208],[139.6027,35.2208],[139.6027,35.2207],[139.6027,35.2208]]],[[[139.6042,35.2208],[139.6044,35.2208],[139.6043,35.2208],[139.6042,35.2208]]],[[[139.6023,35.221],[139.6025,35.221],[139.6024,35.2209],[139.6023,35.221]]],[[[139.6022,35.2211],[139.6022,35.221],[139.6022,35.221],[139.6022,35.2211]]],[[[139.602,35.221],[139.6021,35.2211],[139.6021,35.221],[139.602,35.221]]],[[[139.6014,35.2211],[139.6014,35.2212],[139.6016,35.2212],[139.6014,35.2211]]],[[[139.6018,35.2213],[139.6019,35.2212],[139.6019,35.2212],[139.6018,35.2213]]],[[[139.6028,35.2214],[139.6029,35.2213],[139.6028,35.2212],[139.6028,35.2214]]],[[[139.6015,35.2214],[139.6015,35.2213],[139.6015,35.2213],[139.6015,35.2214]]],[[[139.6016,35.2214],[139.6016,35.2215],[139.6016,35.2214],[139.6016,35.2214]]],[[[139.6062,35.221],[139.6046,35.2214],[139.6058,35.2202],[139.6029,35.2215],[139.6017,35.2215],[139.6043,35.2229],[139.6062,35.221]]],[[[139.6014,35.2218],[139.6015,35.2218],[139.6015,35.2218],[139.6014,35.2218]]],[[[139.6025,35.2222],[139.6024,35.2222],[139.6024,35.2223],[139.6025,35.2222]]],[[[139.6023,35.2223],[139.6024,35.2223],[139.6023,35.2223],[139.6023,35.2223]]],[[[139.6018,35.2223],[139.6018,35.2224],[139.6019,35.2223],[139.6018,35.2223]]],[[[139.6023,35.2224],[139.6023,35.2225],[139.6025,35.2223],[139.6023,35.2224]]],[[[139.6021,35.2228],[139.6022,35.2228],[139.6022,35.2227],[139.6021,35.2228]]],[[[139.6023,35.2228],[139.6023,35.2228],[139.6023,35.2228],[139.6023,35.2228]]],[[[139.6032,35.223],[139.6032,35.2229],[139.6032,35.2229],[139.6032,35.223]]],[[[139.6027,35.2233],[139.6027,35.2233],[139.6026,35.2233],[139.6027,35.2233]]],[[[139.6024,35.2256],[139.6024,35.2255],[139.6024,35.2255],[139.6024,35.2256]]],[[[139.602,35.2257],[139.602,35.2258],[139.602,35.2258],[139.602,35.2257]]],[[[139.602,35.2258],[139.602,35.2258],[139.6019,35.2258],[139.602,35.2258]]],[[[139.6016,35.2306],[139.6013,35.2316],[139.6014,35.2316],[139.6016,35.2306]]],[[[139.602,35.2325],[139.6024,35.2317],[139.6023,35.2316],[139.602,35.2325]]],[[[139.6168,35.1696],[139.6168,35.1695],[139.6167,35.1695],[139.6168,35.1696]]],[[[139.6154,35.1711],[139.6154,35.1711],[139.6155,35.1712],[139.6154,35.1711]]],[[[139.6157,35.1712],[139.6157,35.1713],[139.6157,35.1712],[139.6157,35.1712]]],[[[139.6152,35.1715],[139.6151,35.1713],[139.6148,35.1713],[139.6152,35.1715]]],[[[139.6166,35.1792],[139.6166,35.1792],[139.6166,35.1793],[139.6166,35.1792]]],[[[139.6168,35.1794],[139.6167,35.1795],[139.6168,35.1796],[139.6168,35.1794]]],[[[139.6165,35.1795],[139.6165,35.1795],[139.6165,35.1796],[139.6165,35.1795]]],[[[139.6165,35.1797],[139.6164,35.1797],[139.6164,35.1798],[139.6165,35.1797]]],[[[139.6101,35.1898],[139.6101,35.1898],[139.6101,35.1898],[139.6101,35.1898]]],[[[139.6092,35.19],[139.6093,35.1899],[139.6092,35.1899],[139.6092,35.19]]],[[[139.6106,35.19],[139.6107,35.19],[139.6106,35.19],[139.6106,35.19]]],[[[139.6102,35.1901],[139.6103,35.1901],[139.6102,35.19],[139.6102,35.1901]]],[[[139.6095,35.1901],[139.6094,35.1901],[139.6093,35.1901],[139.6095,35.1901]]],[[[139.6113,35.1902],[139.6113,35.1902],[139.6113,35.1901],[139.6113,35.1902]]],[[[139.6128,35.1903],[139.6126,35.1902],[139.6126,35.1903],[139.6128,35.1903]]],[[[139.6125,35.1904],[139.6124,35.1903],[139.6124,35.1903],[139.6125,35.1904]]],[[[139.6137,35.1906],[139.6137,35.1905],[139.6136,35.1904],[139.6137,35.1906]]],[[[139.6131,35.1905],[139.6131,35.1905],[139.6131,35.1906],[139.6131,35.1905]]],[[[139.6138,35.1907],[139.6139,35.1906],[139.6138,35.1906],[139.6138,35.1907]]],[[[139.6085,35.1911],[139.6086,35.1911],[139.6081,35.1911],[139.6085,35.1911]]],[[[139.6078,35.1912],[139.6079,35.1912],[139.6078,35.1912],[139.6078,35.1912]]],[[[139.6091,35.1912],[139.6091,35.1912],[139.6091,35.1912],[139.6091,35.1912]]],[[[139.6082,35.1912],[139.6081,35.1913],[139.6082,35.1912],[139.6082,35.1912]]],[[[139.6087,35.1912],[139.6087,35.1912],[139.6087,35.1912],[139.6087,35.1912]]],[[[139.6088,35.1912],[139.609,35.1912],[139.609,35.1912],[139.6088,35.1912]]],[[[139.6082,35.1913],[139.6082,35.1912],[139.6082,35.1913],[139.6082,35.1913]]],[[[139.6079,35.1913],[139.6079,35.1912],[139.6079,35.1912],[139.6079,35.1913]]],[[[139.6087,35.1913],[139.6088,35.1913],[139.6087,35.1913],[139.6087,35.1913]]],[[[139.6081,35.1914],[139.6079,35.1913],[139.6079,35.1915],[139.6081,35.1914]]],[[[139.608,35.1916],[139.608,35.1916],[139.608,35.1916],[139.608,35.1916]]],[[[139.6078,35.1917],[139.6078,35.1917],[139.6078,35.1917],[139.6078,35.1917]]],[[[139.6078,35.1919],[139.6079,35.1918],[139.6078,35.1918],[139.6078,35.1919]]],[[[139.6079,35.1919],[139.6081,35.1919],[139.608,35.1919],[139.6079,35.1919]]],[[[139.608,35.1921],[139.6081,35.192],[139.608,35.192],[139.608,35.1921]]],[[[139.6081,35.1921],[139.6082,35.1921],[139.6081,35.1921],[139.6081,35.1921]]],[[[139.6077,35.1933],[139.6078,35.1933],[139.6077,35.1932],[139.6077,35.1933]]],[[[139.6077,35.1933],[139.6078,35.1934],[139.6078,35.1933],[139.6077,35.1933]]],[[[139.6079,35.1934],[139.6079,35.1934],[139.6079,35.1934],[139.6079,35.1934]]],[[[139.6077,35.1936],[139.6078,35.1937],[139.6078,35.1936],[139.6077,35.1936]]],[[[139.6075,35.1941],[139.6074,35.1941],[139.6075,35.1941],[139.6075,35.1941]]],[[[139.6075,35.1942],[139.6075,35.1942],[139.6075,35.1942],[139.6075,35.1942]]],[[[139.608,35.1946],[139.6081,35.1946],[139.608,35.1945],[139.608,35.1946]]],[[[139.6076,35.1946],[139.6075,35.1946],[139.6076,35.1947],[139.6076,35.1946]]],[[[139.6062,35.1998],[139.6062,35.1998],[139.6062,35.1997],[139.6062,35.1998]]],[[[139.6095,35.2081],[139.6096,35.2079],[139.6095,35.2079],[139.6095,35.2081]]],[[[139.6093,35.2082],[139.6092,35.2084],[139.6093,35.2083],[139.6093,35.2082]]],[[[139.609,35.2083],[139.609,35.2083],[139.6091,35.2083],[139.609,35.2083]]],[[[139.6091,35.2084],[139.6091,35.2084],[139.609,35.2084],[139.6091,35.2084]]],[[[139.616,35.2092],[139.6161,35.2091],[139.6159,35.2092],[139.616,35.2092]]],[[[139.6158,35.2093],[139.6158,35.2094],[139.6159,35.2094],[139.6158,35.2093]]],[[[139.6085,35.2096],[139.6082,35.2098],[139.6085,35.2098],[139.6085,35.2096]]],[[[139.6148,35.2099],[139.6148,35.2099],[139.6148,35.2098],[139.6148,35.2099]]],[[[139.6148,35.2099],[139.615,35.2098],[139.6149,35.2098],[139.6148,35.2099]]],[[[139.6143,35.2099],[139.6142,35.21],[139.6143,35.21],[139.6143,35.2099]]],[[[139.6083,35.2101],[139.6085,35.2101],[139.6083,35.21],[139.6083,35.2101]]],[[[139.6113,35.2103],[139.6113,35.2102],[139.6113,35.2102],[139.6113,35.2103]]],[[[139.6092,35.2103],[139.6092,35.2104],[139.6095,35.2103],[139.6092,35.2103]]],[[[139.6111,35.2105],[139.6112,35.2104],[139.6111,35.2104],[139.6111,35.2105]]],[[[139.6104,35.2104],[139.6103,35.2104],[139.6105,35.2106],[139.6104,35.2104]]],[[[139.6087,35.2106],[139.6088,35.2106],[139.6088,35.2105],[139.6087,35.2106]]],[[[139.6087,35.2108],[139.6089,35.2106],[139.6088,35.2106],[139.6087,35.2108]]],[[[139.611,35.2107],[139.611,35.2107],[139.6111,35.2107],[139.611,35.2107]]],[[[139.6083,35.2171],[139.6083,35.2171],[139.6082,35.2171],[139.6083,35.2171]]],[[[139.6073,35.2192],[139.6092,35.2184],[139.6072,35.2192],[139.6059,35.2201],[139.6073,35.2192]]],[[[139.6133,35.2203],[139.6126,35.2203],[139.6127,35.2211],[139.6133,35.2203]]],[[[139.6104,35.2225],[139.6104,35.2225],[139.6104,35.2225],[139.6104,35.2225]]],[[[139.6103,35.2226],[139.6103,35.2226],[139.6103,35.2225],[139.6103,35.2226]]],[[[139.6075,35.2231],[139.6078,35.2232],[139.6078,35.2232],[139.6075,35.2231]]],[[[139.617,35.1679],[139.617,35.1679],[139.6169,35.1679],[139.617,35.1679]]],[[[139.617,35.1694],[139.617,35.1693],[139.6168,35.1693],[139.617,35.1694]]],[[[139.6176,35.1724],[139.6175,35.1725],[139.6176,35.1726],[139.6176,35.1724]]],[[[139.6172,35.1725],[139.6171,35.1725],[139.6171,35.1726],[139.6172,35.1725]]],[[[139.6192,35.1756],[139.6192,35.1756],[139.6193,35.1757],[139.6192,35.1756]]],[[[139.6195,35.1758],[139.6193,35.1758],[139.6193,35.1759],[139.6195,35.1758]]],[[[139.6192,35.1759],[139.6191,35.1758],[139.6191,35.176],[139.6192,35.1759]]],[[[139.6194,35.176],[139.6193,35.1761],[139.6194,35.1762],[139.6194,35.176]]],[[[139.6171,35.1797],[139.6171,35.1797],[139.6171,35.1796],[139.6171,35.1797]]],[[[139.6168,35.1797],[139.6168,35.1797],[139.6169,35.1798],[139.6168,35.1797]]],[[[139.617,35.1871],[139.6169,35.187],[139.6168,35.1871],[139.617,35.1871]]],[[[139.6167,35.1883],[139.6168,35.1883],[139.6169,35.1883],[139.6167,35.1883]]],[[[139.6906,35.1968],[139.6905,35.1968],[139.6904,35.1969],[139.6906,35.1968]]],[[[139.6916,35.1968],[139.6915,35.1969],[139.6915,35.197],[139.6916,35.1968]]],[[[139.6924,35.1972],[139.6923,35.1973],[139.6924,35.1973],[139.6924,35.1972]]],[[[139.7075,35.2099],[139.7075,35.2099],[139.7075,35.2099],[139.7075,35.2099]]],[[[139.7212,35.2108],[139.7213,35.2108],[139.7213,35.2108],[139.7212,35.2108]]],[[[139.7227,35.2108],[139.7214,35.2108],[139.7224,35.2109],[139.7227,35.2109],[139.7227,35.2108]]],[[[139.7243,35.2108],[139.7245,35.2109],[139.7277,35.2109],[139.7243,35.2108]]],[[[139.7227,35.2109],[139.7241,35.211],[139.724,35.2108],[139.7227,35.2109]]],[[[139.7166,35.2266],[139.7166,35.2266],[139.7165,35.2266],[139.7166,35.2266]]],[[[139.7192,35.2268],[139.7192,35.2268],[139.7191,35.2268],[139.7192,35.2268]]],[[[139.7173,35.2269],[139.7174,35.2268],[139.7172,35.2269],[139.7173,35.2269]]],[[[139.7166,35.227],[139.7168,35.227],[139.7166,35.227],[139.7166,35.227]]],[[[139.7172,35.2271],[139.7174,35.2271],[139.7174,35.227],[139.7172,35.2271]]],[[[139.7175,35.2271],[139.7174,35.2271],[139.7174,35.2271],[139.7175,35.2271]]],[[[139.7166,35.2272],[139.7166,35.2272],[139.7166,35.2272],[139.7166,35.2272]]],[[[139.717,35.2274],[139.7169,35.2274],[139.7168,35.2274],[139.717,35.2274]]],[[[139.7167,35.2274],[139.7166,35.2275],[139.7168,35.2276],[139.7167,35.2274]]],[[[139.717,35.2275],[139.7169,35.2276],[139.7169,35.2276],[139.717,35.2275]]],[[[139.7188,35.2276],[139.7188,35.2275],[139.7188,35.2276],[139.7188,35.2276]]],[[[139.7186,35.2277],[139.7188,35.2276],[139.7187,35.2276],[139.7186,35.2277]]],[[[139.7183,35.2276],[139.7183,35.2277],[139.7184,35.2277],[139.7183,35.2276]]],[[[139.7174,35.228],[139.7174,35.228],[139.7173,35.228],[139.7174,35.228]]],[[[139.6379,35.3087],[139.6415,35.3064],[139.6423,35.3039],[139.6407,35.3027],[139.6389,35.3038],[139.639,35.3017],[139.6401,35.3016],[139.639,35.3007],[139.6373,35.3004],[139.6365,35.302],[139.6362,35.3011],[139.6359,35.3019],[139.6318,35.3011],[139.6311,35.2999],[139.6349,35.2985],[139.6335,35.2956],[139.6349,35.2952],[139.6356,35.2961],[139.6397,35.295],[139.6434,35.2984],[139.6453,35.2972],[139.6488,35.2925],[139.6473,35.292],[139.6489,35.2915],[139.6491,35.288],[139.6517,35.2881],[139.6504,35.2897],[139.6515,35.2914],[139.6506,35.2897],[139.6521,35.2887],[139.6533,35.2902],[139.6518,35.288],[139.6556,35.2858],[139.6539,35.2852],[139.6574,35.2849],[139.6608,35.2829],[139.6627,35.2848],[139.6615,35.2846],[139.6593,35.2862],[139.6607,35.2872],[139.657,35.2905],[139.657,35.2927],[139.6578,35.291],[139.66,35.2915],[139.6596,35.2935],[139.6603,35.2915],[139.6615,35.2924],[139.6646,35.2895],[139.6654,35.2925],[139.662,35.295],[139.6637,35.295],[139.6641,35.2967],[139.6613,35.3002],[139.6689,35.3018],[139.674,35.3006],[139.6802,35.2951],[139.6796,35.2941],[139.6775,35.2945],[139.6774,35.2922],[139.6798,35.2916],[139.681,35.2891],[139.6851,35.2886],[139.6826,35.2884],[139.6809,35.2889],[139.6804,35.2895],[139.6719,35.2884],[139.672,35.2867],[139.6741,35.2869],[139.6742,35.2845],[139.6752,35.2838],[139.678,35.2853],[139.6791,35.2846],[139.6777,35.2809],[139.6788,35.2806],[139.6773,35.2801],[139.6795,35.2786],[139.6805,35.2797],[139.6795,35.2804],[139.6874,35.2748],[139.6857,35.2755],[139.6846,35.2736],[139.6874,35.2717],[139.6881,35.272],[139.6887,35.2721],[139.6866,35.2707],[139.688,35.2698],[139.6898,35.2715],[139.6892,35.2724],[139.6902,35.2711],[139.691,35.2666],[139.6962,35.2649],[139.6966,35.2655],[139.6981,35.2658],[139.6969,35.2654],[139.697,35.2639],[139.6984,35.2655],[139.7032,35.264],[139.7211,35.2632],[139.7274,35.2642],[139.7278,35.2644],[139.7281,35.2649],[139.728,35.2655],[139.7279,35.2655],[139.7327,35.2658],[139.7336,35.2642],[139.7331,35.2649],[139.731,35.2637],[139.7331,35.2616],[139.7347,35.2614],[139.7348,35.2625],[139.7344,35.2625],[139.733,35.2632],[139.7331,35.2633],[139.7344,35.2625],[139.7355,35.2627],[139.7358,35.263],[139.736,35.2626],[139.7364,35.2626],[139.7365,35.2621],[139.7393,35.2617],[139.7393,35.2604],[139.7406,35.2595],[139.7412,35.2597],[139.7406,35.2587],[139.7421,35.2584],[139.7421,35.2586],[139.7423,35.2585],[139.7423,35.2586],[139.7424,35.2585],[139.7424,35.2585],[139.7426,35.2586],[139.7431,35.2591],[139.7436,35.2591],[139.7453,35.2568],[139.7456,35.2567],[139.7458,35.2569],[139.7462,35.2567],[139.7456,35.255],[139.7461,35.2539],[139.747,35.2535],[139.7441,35.2527],[139.7425,35.2511],[139.741,35.2514],[139.7378,35.2495],[139.7382,35.2476],[139.7373,35.2478],[139.7371,35.2474],[139.7364,35.247],[139.7372,35.2478],[139.7359,35.2487],[139.7342,35.248],[139.7339,35.2462],[139.7351,35.2474],[139.7364,35.2465],[139.7342,35.246],[139.7341,35.2443],[139.7351,35.2449],[139.7332,35.2408],[139.7269,35.2395],[139.7271,35.2421],[139.7244,35.2396],[139.7245,35.2405],[139.7234,35.2401],[139.721,35.2421],[139.7212,35.2436],[139.7176,35.2473],[139.7167,35.2461],[139.7192,35.2415],[139.7242,35.236],[139.722,35.2344],[139.7253,35.2347],[139.726,35.2358],[139.725,35.2371],[139.726,35.236],[139.7263,35.2345],[139.7295,35.2328],[139.7283,35.231],[139.7285,35.2298],[139.7294,35.2294],[139.7285,35.2285],[139.7278,35.2273],[139.7288,35.2237],[139.727,35.2235],[139.7267,35.2246],[139.722,35.2239],[139.7224,35.2271],[139.7177,35.2283],[139.7148,35.2266],[139.7163,35.2261],[139.7149,35.2265],[139.7134,35.2239],[139.7143,35.2213],[139.7133,35.2215],[139.7133,35.2204],[139.7161,35.2204],[139.7183,35.2229],[139.7201,35.222],[139.7153,35.2173],[139.7178,35.2185],[139.7228,35.2183],[139.7243,35.2161],[139.7251,35.2164],[139.7243,35.216],[139.7251,35.215],[139.7251,35.2113],[139.7206,35.212],[139.7178,35.2112],[139.7212,35.2107],[139.7171,35.2106],[139.7148,35.2118],[139.6899,35.2087],[139.6817,35.205],[139.6778,35.2023],[139.6784,35.2011],[139.6772,35.2004],[139.6782,35.2013],[139.6775,35.2019],[139.6757,35.201],[139.6772,35.1999],[139.6742,35.2001],[139.6648,35.1931],[139.6611,35.195],[139.662,35.1958],[139.6598,35.2005],[139.655,35.2046],[139.655,35.2098],[139.6479,35.2064],[139.6329,35.2052],[139.6301,35.1998],[139.6268,35.1997],[139.6246,35.1979],[139.6212,35.1975],[139.6157,35.1899],[139.6137,35.1908],[139.6094,35.1902],[139.6095,35.191],[139.6087,35.1915],[139.6083,35.1913],[139.6081,35.1916],[139.6092,35.1939],[139.6079,35.1934],[139.6077,35.194],[139.6082,35.1946],[139.608,35.1947],[139.6072,35.1948],[139.6062,35.194],[139.6059,35.1947],[139.6045,35.1949],[139.603,35.1934],[139.6012,35.1936],[139.6011,35.1947],[139.5997,35.1936],[139.6004,35.1946],[139.5989,35.1948],[139.5993,35.1951],[139.5989,35.1957],[139.5995,35.1959],[139.5992,35.1965],[139.6002,35.1967],[139.6006,35.1972],[139.6005,35.1969],[139.6013,35.1973],[139.6013,35.1968],[139.6017,35.1965],[139.6036,35.1975],[139.6022,35.1979],[139.6036,35.1994],[139.6051,35.199],[139.6053,35.1998],[139.6063,35.1994],[139.6062,35.2003],[139.6052,35.2007],[139.605,35.2018],[139.6036,35.202],[139.604,35.2035],[139.6044,35.2032],[139.6054,35.2036],[139.6056,35.2038],[139.6056,35.2047],[139.6059,35.2037],[139.6069,35.2042],[139.6062,35.2056],[139.605,35.205],[139.6049,35.2054],[139.6058,35.2055],[139.606,35.2065],[139.6067,35.2053],[139.6081,35.206],[139.6082,35.2081],[139.6093,35.2056],[139.6109,35.2058],[139.6119,35.2077],[139.6107,35.2073],[139.6093,35.2086],[139.6091,35.2084],[139.6088,35.2083],[139.6091,35.2095],[139.6101,35.2094],[139.6095,35.2102],[139.6142,35.2099],[139.6191,35.2076],[139.6193,35.2086],[139.6199,35.2092],[139.6193,35.2079],[139.6204,35.2077],[139.6202,35.2088],[139.6216,35.2072],[139.6231,35.2076],[139.6249,35.2091],[139.6256,35.2111],[139.6247,35.2118],[139.6272,35.2135],[139.6274,35.2154],[139.6262,35.2166],[139.6274,35.2155],[139.6269,35.2167],[139.6241,35.2178],[139.6236,35.2154],[139.6227,35.2157],[139.6238,35.2182],[139.6207,35.2199],[139.6216,35.2211],[139.6208,35.2215],[139.6192,35.2201],[139.6134,35.2231],[139.6114,35.2222],[139.6089,35.2234],[139.6091,35.2226],[139.6083,35.2216],[139.6082,35.2231],[139.6074,35.2237],[139.6042,35.223],[139.6024,35.2255],[139.6037,35.2272],[139.6025,35.2309],[139.6036,35.2303],[139.6041,35.2316],[139.6024,35.2328],[139.6011,35.2327],[139.6017,35.2346],[139.599,35.2345],[139.5987,35.2351],[139.5985,35.2366],[139.5991,35.2348],[139.6004,35.2371],[139.5998,35.2389],[139.5974,35.2409],[139.5961,35.2405],[139.5971,35.2412],[139.5964,35.2424],[139.594,35.2446],[139.5928,35.2451],[139.5919,35.2449],[139.5919,35.245],[139.5901,35.2459],[139.5919,35.2453],[139.5923,35.2463],[139.5911,35.2464],[139.5921,35.2463],[139.5919,35.2474],[139.5859,35.2515],[139.5808,35.2537],[139.578,35.2534],[139.5822,35.2549],[139.5857,35.254],[139.5867,35.2554],[139.5992,35.2554],[139.6035,35.2581],[139.6132,35.2577],[139.6144,35.2595],[139.6183,35.2615],[139.6211,35.2609],[139.6217,35.2573],[139.6269,35.2555],[139.6295,35.2584],[139.6347,35.2611],[139.6408,35.2627],[139.6381,35.2637],[139.6378,35.2648],[139.6386,35.2701],[139.6419,35.2724],[139.6322,35.2746],[139.6277,35.279],[139.6231,35.2793],[139.6211,35.2814],[139.6219,35.2831],[139.621,35.2845],[139.624,35.2866],[139.6238,35.2884],[139.6215,35.2912],[139.6225,35.2927],[139.6221,35.2946],[139.6186,35.2997],[139.6182,35.3026],[139.6147,35.3037],[139.6122,35.3064],[139.6112,35.311],[139.6094,35.3125],[139.6099,35.3144],[139.613,35.317],[139.6246,35.3187],[139.6306,35.3233],[139.6316,35.3252],[139.6319,35.3223],[139.6345,35.322],[139.6352,35.3226],[139.6359,35.3234],[139.6368,35.3246],[139.6369,35.3245],[139.6387,35.3267],[139.6388,35.3267],[139.6407,35.3304],[139.6491,35.3273],[139.6619,35.3283],[139.6607,35.3282],[139.6612,35.3223],[139.6557,35.3216],[139.6561,35.3176],[139.6531,35.3174],[139.6512,35.3197],[139.6489,35.3184],[139.6512,35.3157],[139.6482,35.3126],[139.6469,35.3135],[139.6449,35.3127],[139.645,35.3087],[139.644,35.3081],[139.6408,35.3082],[139.6392,35.3094],[139.6397,35.3101],[139.6367,35.3117],[139.6379,35.3087]]],[[[139.7183,35.2637],[139.7183,35.2637],[139.7184,35.2637],[139.7183,35.2637]]],[[[139.7181,35.2638],[139.7182,35.2638],[139.7182,35.2637],[139.7181,35.2638]]],[[[139.7185,35.264],[139.7184,35.264],[139.7185,35.264],[139.7186,35.2639],[139.7185,35.264]]],[[[139.7183,35.264],[139.7183,35.264],[139.7182,35.264],[139.7183,35.264]]],[[[139.7277,35.2645],[139.7278,35.2645],[139.7278,35.2645],[139.7277,35.2645]]],[[[139.7277,35.2647],[139.7277,35.2647],[139.7277,35.2647],[139.7277,35.2647]]],[[[139.7277,35.2648],[139.7277,35.2647],[139.7277,35.2647],[139.7277,35.2648]]],[[[139.7276,35.2648],[139.7277,35.2648],[139.7277,35.2648],[139.7276,35.2648]]],[[[139.7268,35.2654],[139.7271,35.2654],[139.7271,35.2654],[139.7268,35.2654]]],[[[139.7258,35.2656],[139.7246,35.2653],[139.7259,35.2657],[139.726,35.2653],[139.7258,35.2656]]],[[[139.6984,35.266],[139.6989,35.2657],[139.6988,35.2657],[139.6984,35.266]]],[[[139.6898,35.2726],[139.6881,35.2741],[139.6882,35.2742],[139.6898,35.2726]]],[[[139.7009,35.2817],[139.701,35.2817],[139.7009,35.2816],[139.7009,35.2817]]],[[[139.6889,35.2836],[139.689,35.2835],[139.6889,35.2835],[139.6889,35.2836]]],[[[139.6908,35.2843],[139.6908,35.2842],[139.6905,35.2843],[139.6908,35.2843]]],[[[139.6898,35.2847],[139.6896,35.2849],[139.6898,35.285],[139.6898,35.2847]]],[[[139.6925,35.2854],[139.6922,35.2854],[139.6922,35.2854],[139.6925,35.2854]]],[[[139.6929,35.2857],[139.6951,35.2879],[139.6964,35.2868],[139.6949,35.286],[139.6944,35.2842],[139.6929,35.2843],[139.6929,35.2857]]],[[[139.6963,35.2874],[139.6964,35.2873],[139.6963,35.2872],[139.6963,35.2874]]],[[[139.6955,35.2878],[139.6955,35.2878],[139.6956,35.2877],[139.6955,35.2878]]],[[[139.6633,35.2973],[139.663,35.2973],[139.663,35.2973],[139.6633,35.2973]]],[[[139.6568,35.3016],[139.6551,35.2999],[139.6514,35.299],[139.6529,35.2967],[139.6504,35.2956],[139.6508,35.2944],[139.6484,35.2947],[139.6438,35.3006],[139.6452,35.3009],[139.6506,35.3069],[139.6518,35.3074],[139.6541,35.3058],[139.6527,35.3059],[139.6547,35.3039],[139.6567,35.303],[139.6568,35.3016]]],[[[139.6569,35.3032],[139.6569,35.3032],[139.6569,35.3032],[139.6569,35.3032]]],[[[139.6565,35.3034],[139.6566,35.3034],[139.6565,35.3034],[139.6565,35.3034],[139.6565,35.3034]]],[[[139.6556,35.3038],[139.6556,35.3039],[139.6556,35.3039],[139.6556,35.3038]]],[[[139.6557,35.3039],[139.6557,35.3039],[139.6557,35.3039],[139.6557,35.3039]]],[[[139.6557,35.3039],[139.6557,35.3039],[139.6557,35.3039],[139.6557,35.3039]]],[[[139.6556,35.3039],[139.6556,35.3039],[139.6557,35.3039],[139.6556,35.3039]]],[[[139.675,35.3196],[139.6729,35.3207],[139.672,35.3213],[139.675,35.3196]]],[[[139.6348,35.3223],[139.6345,35.322],[139.6345,35.3221],[139.6348,35.3223]]],[[[139.6697,35.3224],[139.6713,35.3216],[139.6639,35.3243],[139.6697,35.3224]]],[[[139.6641,35.3263],[139.6645,35.3255],[139.6644,35.3255],[139.6641,35.3263]]],[[[139.6631,35.3286],[139.6632,35.3286],[139.6633,35.3283],[139.6631,35.3286]]],[[[139.7285,35.2253],[139.7284,35.2255],[139.7287,35.2252],[139.7285,35.2253]]],[[[139.7289,35.2256],[139.7289,35.2256],[139.7289,35.2255],[139.7289,35.2256]]],[[[139.7288,35.2258],[139.7288,35.2259],[139.7289,35.2259],[139.7288,35.2258]]],[[[139.7288,35.2262],[139.7288,35.2262],[139.7289,35.2261],[139.7288,35.2262]]],[[[139.7286,35.2281],[139.7286,35.2281],[139.7287,35.2281],[139.7286,35.2281]]],[[[139.7287,35.2282],[139.7287,35.2282],[139.7287,35.2282],[139.7287,35.2282]]],[[[139.7287,35.2283],[139.7286,35.2283],[139.7287,35.2283],[139.7287,35.2283]]],[[[139.7286,35.2283],[139.7286,35.2283],[139.7286,35.2284],[139.7286,35.2283]]],[[[139.7287,35.2284],[139.7286,35.2284],[139.7287,35.2284],[139.7287,35.2284]]],[[[139.7288,35.2284],[139.7287,35.2284],[139.7288,35.2284],[139.7288,35.2284]]],[[[139.7286,35.2284],[139.7286,35.2284],[139.7286,35.2285],[139.7286,35.2284]]],[[[139.7288,35.2286],[139.7288,35.2286],[139.7288,35.2286],[139.7288,35.2286]]],[[[139.729,35.2287],[139.729,35.2287],[139.729,35.2287],[139.729,35.2287]]],[[[139.7289,35.2287],[139.7288,35.2287],[139.7288,35.2287],[139.7289,35.2287]]],[[[139.729,35.2288],[139.729,35.2288],[139.7289,35.2288],[139.729,35.2288]]],[[[139.7293,35.2289],[139.7293,35.2289],[139.7293,35.2288],[139.7293,35.2289]]],[[[139.7294,35.2289],[139.7294,35.2289],[139.7294,35.2289],[139.7294,35.2289]]],[[[139.7294,35.229],[139.7294,35.229],[139.7293,35.229],[139.7294,35.229]]],[[[139.7294,35.229],[139.7294,35.229],[139.7294,35.229],[139.7294,35.229]]],[[[139.7301,35.2298],[139.7301,35.2299],[139.7301,35.2298],[139.7301,35.2298]]],[[[139.7302,35.2299],[139.7302,35.2299],[139.7301,35.2299],[139.7302,35.2299]]],[[[139.7301,35.2299],[139.7301,35.2299],[139.7301,35.2299],[139.7301,35.2299]]],[[[139.7286,35.2306],[139.7286,35.2305],[139.7285,35.2305],[139.7286,35.2306]]],[[[139.7288,35.2315],[139.7288,35.2314],[139.7288,35.2314],[139.7288,35.2315]]],[[[139.7297,35.2326],[139.7297,35.2326],[139.7297,35.2326],[139.7297,35.2326]]],[[[139.7296,35.2327],[139.7295,35.2327],[139.7296,35.2327],[139.7296,35.2327]]],[[[139.7298,35.2326],[139.7297,35.2327],[139.7297,35.2327],[139.7298,35.2326]]],[[[139.7295,35.2328],[139.7295,35.2328],[139.7295,35.2329],[139.7295,35.2328]]],[[[139.7294,35.2331],[139.7293,35.2331],[139.7294,35.2332],[139.7294,35.2332],[139.7294,35.2331]]],[[[139.7295,35.2332],[139.7296,35.2332],[139.7296,35.2331],[139.7295,35.2332]]],[[[139.7292,35.2332],[139.7291,35.2332],[139.7292,35.2333],[139.7292,35.2332]]],[[[139.7291,35.2332],[139.729,35.2332],[139.7291,35.2333],[139.7291,35.2332]]],[[[139.7291,35.2333],[139.729,35.2333],[139.7291,35.2334],[139.7291,35.2333]]],[[[139.7292,35.2335],[139.7293,35.2335],[139.7292,35.2334],[139.7292,35.2335]]],[[[139.7289,35.2335],[139.7289,35.2335],[139.7289,35.2335],[139.7289,35.2335]]],[[[139.7291,35.2335],[139.729,35.2335],[139.7291,35.2336],[139.7291,35.2335]]],[[[139.7347,35.2433],[139.7348,35.2433],[139.7347,35.2431],[139.7347,35.2433]]],[[[139.7348,35.2435],[139.7348,35.2437],[139.735,35.2435],[139.7348,35.2435]]],[[[139.7342,35.2453],[139.7342,35.2453],[139.7341,35.2454],[139.7342,35.2453]]],[[[139.7343,35.2454],[139.7343,35.2454],[139.7342,35.2454],[139.7343,35.2454]]],[[[139.7326,35.2628],[139.7326,35.2629],[139.7327,35.2629],[139.7326,35.2628]]],[[[139.7326,35.2629],[139.7327,35.2629],[139.7326,35.2629],[139.7326,35.2629]]],[[[139.7324,35.2629],[139.7324,35.263],[139.7325,35.2629],[139.7324,35.2629]]],[[[139.7278,35.2647],[139.7278,35.2647],[139.7278,35.2647],[139.7278,35.2647]]],[[[139.7278,35.2654],[139.7278,35.2654],[139.7279,35.2654],[139.7278,35.2654]]],[[[139.7278,35.2654],[139.7278,35.2654],[139.7278,35.2654],[139.7278,35.2654]]],[[[139.728,35.2655],[139.7279,35.2655],[139.7279,35.2655],[139.728,35.2655]]],[[[139.7338,35.2655],[139.7338,35.2655],[139.7337,35.2655],[139.7338,35.2655]]],[[[139.7338,35.2656],[139.7338,35.2655],[139.7338,35.2656],[139.7338,35.2656]]],[[[139.7336,35.2656],[139.7335,35.2656],[139.7337,35.2655],[139.7336,35.2656]]],[[[139.7281,35.2657],[139.7281,35.2657],[139.7281,35.2656],[139.7281,35.2657]]],[[[139.7339,35.2657],[139.7339,35.2657],[139.7339,35.2656],[139.7339,35.2657]]],[[[139.7335,35.2657],[139.7335,35.2657],[139.7336,35.2657],[139.7335,35.2657]]],[[[139.734,35.2657],[139.734,35.2657],[139.734,35.2657],[139.734,35.2657]]],[[[139.734,35.2658],[139.734,35.2658],[139.7339,35.2658],[139.734,35.2658]]],[[[139.734,35.2658],[139.734,35.2659],[139.734,35.2659],[139.734,35.2658]]],[[[139.7334,35.2658],[139.7334,35.2659],[139.7334,35.2659],[139.7334,35.2658]]],[[[139.7313,35.2659],[139.7311,35.266],[139.7313,35.266],[139.7313,35.2659]]],[[[139.7335,35.266],[139.7334,35.2659],[139.7335,35.266],[139.7335,35.266]]],[[[139.7313,35.266],[139.7312,35.2662],[139.7312,35.2662],[139.7313,35.266]]],[[[139.7293,35.2661],[139.7292,35.266],[139.7291,35.2662],[139.7293,35.2661]]],[[[139.7329,35.2662],[139.7328,35.2663],[139.7329,35.2663],[139.7329,35.2662]]],[[[139.7327,35.2662],[139.7327,35.2664],[139.7328,35.2663],[139.7327,35.2662]]],[[[139.732,35.2664],[139.7319,35.2664],[139.732,35.2665],[139.732,35.2664]]],[[[139.7328,35.2666],[139.7328,35.2666],[139.7327,35.2666],[139.7328,35.2666]]],[[[139.7329,35.2667],[139.733,35.2667],[139.7329,35.2666],[139.7329,35.2667]]],[[[139.733,35.2667],[139.733,35.2667],[139.733,35.2667],[139.733,35.2667]]],[[[139.7325,35.2676],[139.7326,35.2676],[139.7325,35.2674],[139.7325,35.2676]]],[[[139.7351,35.212],[139.7351,35.2122],[139.7351,35.2121],[139.7351,35.212]]],[[[139.7355,35.2121],[139.7354,35.2123],[139.7354,35.2123],[139.7355,35.2121]]],[[[139.7353,35.2442],[139.7353,35.2442],[139.7354,35.2442],[139.7353,35.2442]]],[[[139.7351,35.2442],[139.7351,35.2443],[139.7351,35.2443],[139.7351,35.2442]]],[[[139.7375,35.2475],[139.7376,35.2474],[139.7375,35.2474],[139.7375,35.2475]]],[[[139.7368,35.2477],[139.7368,35.2477],[139.7367,35.2478],[139.7368,35.2477]]],[[[139.7382,35.2483],[139.7382,35.2485],[139.7387,35.2483],[139.7382,35.2483]]],[[[139.7395,35.2495],[139.7394,35.2494],[139.7393,35.2494],[139.7395,35.2495]]],[[[139.7396,35.2496],[139.7398,35.2495],[139.7396,35.2495],[139.7396,35.2496]]],[[[139.7392,35.2496],[139.7393,35.2496],[139.7393,35.2495],[139.7392,35.2496]]],[[[139.7394,35.2497],[139.7394,35.2497],[139.7393,35.2497],[139.7394,35.2497]]],[[[139.7392,35.2497],[139.7392,35.2497],[139.7392,35.2498],[139.7392,35.2497]]],[[[139.7387,35.2498],[139.7386,35.2498],[139.7386,35.2498],[139.7387,35.2498]]],[[[139.7393,35.25],[139.7393,35.2499],[139.7393,35.25],[139.7393,35.25]]],[[[139.7397,35.2501],[139.7397,35.2503],[139.74,35.2501],[139.7397,35.2501]]],[[[139.7396,35.2502],[139.7396,35.2502],[139.7395,35.2502],[139.7396,35.2502]]],[[[139.74,35.2504],[139.74,35.2505],[139.74,35.2505],[139.74,35.2504]]],[[[139.7402,35.2505],[139.7403,35.2505],[139.7403,35.2505],[139.7402,35.2505]]],[[[139.7434,35.2515],[139.7433,35.2515],[139.7434,35.2515],[139.7434,35.2515]]],[[[139.7437,35.2516],[139.7438,35.2516],[139.7437,35.2516],[139.7437,35.2516]]],[[[139.7444,35.2517],[139.7443,35.2516],[139.7444,35.2518],[139.7444,35.2517]]],[[[139.7465,35.2522],[139.7461,35.2525],[139.7466,35.2523],[139.7468,35.2522],[139.7465,35.2522]]],[[[139.7457,35.2527],[139.7456,35.2528],[139.7459,35.2527],[139.7457,35.2527]]],[[[139.746,35.253],[139.7458,35.2532],[139.746,35.2531],[139.746,35.253]]],[[[139.7472,35.2535],[139.7473,35.2534],[139.7472,35.2534],[139.7472,35.2535]]],[[[139.7462,35.2542],[139.7461,35.2543],[139.7463,35.2544],[139.7462,35.2542]]],[[[139.7459,35.2546],[139.746,35.2546],[139.7459,35.2546],[139.7459,35.2546]]],[[[139.7454,35.2568],[139.7454,35.2568],[139.7454,35.2568],[139.7454,35.2568]]],[[[139.7447,35.258],[139.7446,35.258],[139.7446,35.258],[139.7447,35.258]]],[[[139.7424,35.2585],[139.7424,35.2585],[139.7425,35.2586],[139.7424,35.2585]]],[[[139.7423,35.2586],[139.7423,35.2586],[139.7422,35.2586],[139.7423,35.2586]]],[[[139.7425,35.2587],[139.7426,35.2586],[139.7426,35.2586],[139.7425,35.2587]]],[[[139.7425,35.2587],[139.7425,35.2587],[139.7425,35.2587],[139.7425,35.2587]]],[[[139.7425,35.2587],[139.7425,35.2587],[139.7425,35.2587],[139.7425,35.2587]]],[[[139.7415,35.2587],[139.7415,35.2588],[139.7416,35.2588],[139.7415,35.2587]]],[[[139.7426,35.2588],[139.7426,35.2588],[139.7426,35.2588],[139.7426,35.2588]]],[[[139.7427,35.2591],[139.7428,35.2591],[139.7428,35.259],[139.7427,35.2591]]],[[[139.7433,35.2592],[139.7432,35.2592],[139.7432,35.2592],[139.7433,35.2592]]],[[[139.7434,35.2592],[139.7436,35.2592],[139.7435,35.2592],[139.7434,35.2592]]],[[[139.7433,35.2592],[139.7433,35.2593],[139.7433,35.2593],[139.7433,35.2592]]],[[[139.7432,35.2592],[139.7432,35.2593],[139.7432,35.2593],[139.7432,35.2592]]],[[[139.7433,35.2594],[139.7433,35.2593],[139.7432,35.2594],[139.7433,35.2594]]],[[[139.7405,35.2599],[139.7405,35.2599],[139.7405,35.2599],[139.7405,35.2599]]],[[[139.7407,35.26],[139.7407,35.2599],[139.7406,35.2599],[139.7407,35.26]]],[[[139.7398,35.2602],[139.7398,35.2602],[139.7398,35.2602],[139.7398,35.2602]]],[[[139.7398,35.2602],[139.7398,35.2602],[139.7398,35.2602],[139.7398,35.2602]]],[[[139.7397,35.2614],[139.7397,35.2614],[139.7397,35.2614],[139.7397,35.2614]]],[[[139.7395,35.2615],[139.7395,35.2615],[139.7395,35.2615],[139.7395,35.2615]]],[[[139.7396,35.2615],[139.7396,35.2615],[139.7396,35.2615],[139.7396,35.2615]]],[[[139.7391,35.2618],[139.7392,35.2617],[139.7392,35.2617],[139.7391,35.2618]]],[[[139.7391,35.2618],[139.7393,35.2619],[139.7394,35.2617],[139.7391,35.2618]]],[[[139.739,35.2618],[139.739,35.2619],[139.739,35.2619],[139.739,35.2618]]],[[[139.7386,35.2619],[139.7385,35.2619],[139.7385,35.2619],[139.7386,35.2619]]],[[[139.7378,35.262],[139.7378,35.262],[139.7378,35.262],[139.7378,35.262]]],[[[139.7381,35.2621],[139.7382,35.2621],[139.7381,35.262],[139.7381,35.2621]]],[[[139.7392,35.2621],[139.7392,35.2621],[139.7392,35.2621],[139.7392,35.2621]]],[[[139.7381,35.2622],[139.7381,35.2621],[139.7379,35.2622],[139.7381,35.2622]]],[[[139.7392,35.2621],[139.7392,35.2621],[139.7392,35.2622],[139.7392,35.2621]]],[[[139.738,35.2622],[139.738,35.2622],[139.738,35.2622],[139.738,35.2622]]],[[[139.735,35.2628],[139.735,35.2628],[139.735,35.2627],[139.735,35.2628]]],[[[139.7353,35.2629],[139.7354,35.2628],[139.7353,35.2628],[139.7353,35.2629]]],[[[139.7351,35.2628],[139.7352,35.2629],[139.7352,35.2629],[139.7352,35.2629],[139.7352,35.2628],[139.7351,35.2628]]],[[[139.7359,35.2629],[139.7359,35.263],[139.7359,35.263],[139.7359,35.2629]]],[[[139.7356,35.2632],[139.7356,35.2632],[139.7356,35.2634],[139.7356,35.2632]]],[[[139.736,35.2637],[139.7354,35.2644],[139.7359,35.2641],[139.736,35.2637]]]]}},{"type":"Feature","properties":{"code":"14203","name":"平塚市","pref_code":"14","pref":"神奈川県"},"geometry":{"type":"MultiPolygon","coordinates":[[[[139.3688,35.3137],[139.3687,35.313],[139.3688,35.3137],[139.3688,35.3137]]],[[[139.3556,35.4038],[139.3565,35.4038],[139.3565,35.3997],[139.3578,35.3997],[139.3578,35.3958],[139.359,35.3958],[139.359,35.3948],[139.369,35.3948],[139.3693,35.3935],[139.3706,35.3935],[139.3706,35.395],[139.3735,35.3945],[139.3747,35.3883],[139.3709,35.3678],[139.3696,35.3669],[139.3686,35.3632],[139.3719,35.3613],[139.3721,35.3554],[139.3705,35.355],[139.3688,35.344],[139.3696,35.3401],[139.3748,35.3398],[139.3752,35.3386],[139.3713,35.3352],[139.3716,35.33],[139.3693,35.3298],[139.3694,35.3233],[139.3735,35.3193],[139.3744,35.3153],[139.3679,35.3142],[139.3679,35.3133],[139.3639,35.3115],[139.3665,35.3128],[139.3665,35.3145],[139.365,35.3143],[139.3655,35.3128],[139.3639,35.3145],[139.3642,35.3123],[139.3637,35.3146],[139.3584,35.3151],[139.33,35.3121],[139.3284,35.3163],[139.3291,35.321],[139.3316,35.321],[139.3341,35.3232],[139.3311,35.3262],[139.3278,35.3249],[139.3242,35.3283],[139.3233,35.3256],[139.3187,35.3251],[139.3189,35.3225],[139.3123,35.3221],[139.3055,35.3192],[139.3046,35.3201],[139.3089,35.3213],[139.301,35.3218],[139.2981,35.3239],[139.2938,35.3248],[139.296,35.3277],[139.2957,35.331],[139.2844,35.3301],[139.2829,35.3305],[139.2836,35.3325],[139.2827,35.3336],[139.2794,35.3325],[139.2637,35.3344],[139.2616,35.334],[139.2591,35.3307],[139.2515,35.3287],[139.2462,35.3317],[139.2466,35.3334],[139.2445,35.336],[139.2403,35.3351],[139.2414,35.3364],[139.2399,35.3365],[139.2404,35.3427],[139.2391,35.343],[139.2387,35.3464],[139.2512,35.3541],[139.2618,35.3569],[139.2671,35.3562],[139.274,35.368],[139.2737,35.3703],[139.2748,35.3726],[139.2827,35.3728],[139.2838,35.3742],[139.2918,35.3733],[139.2904,35.3814],[139.3006,35.3811],[139.3028,35.3882],[139.3034,35.3879],[139.3023,35.3855],[139.304,35.3832],[139.3082,35.3817],[139.3077,35.3803],[139.3097,35.3803],[139.3102,35.3788],[139.3133,35.3781],[139.3164,35.3712],[139.3216,35.3694],[139.3189,35.3775],[139.3185,35.3818],[139.3196,35.3832],[139.325,35.3789],[139.3265,35.3813],[139.333,35.3814],[139.3348,35.3846],[139.3439,35.38],[139.3459,35.3886],[139.3482,35.3883],[139.3485,35.3874],[139.3469,35.379],[139.3534,35.3816],[139.3555,35.384],[139.3574,35.3893],[139.3572,35.3914],[139.3536,35.3947],[139.355,35.3949],[139.3556,35.4038]]]]}},{"type":"Feature","properties":{"code":"14204","name":"鎌倉市","pref_code":"14","pref":"神奈川県"},"geometry":{"type":"MultiPolygon","coordinates":[[[[139.5509,35.3008],[139.5503,35.3005],[139.5503,35.3007],[139.5509,35.3008]]],[[[139.5026,35.3676],[139.5138,35.3625],[139.5213,35.3616],[139.5257,35.3568],[139.528,35.3568],[139.5294,35.3584],[139.5309,35.357],[139.5308,35.3541],[139.5362,35.3549],[139.5375,35.3572],[139.5421,35.357],[139.5442,35.363],[139.547,35.3626],[139.549,35.3603],[139.5473,35.3579],[139.5485,35.3554],[139.554,35.352],[139.5576,35.3471],[139.5612,35.3462],[139.5699,35.3473],[139.5729,35.3424],[139.5736,35.3369],[139.5759,35.3359],[139.5794,35.3363],[139.5817,35.3349],[139.5839,35.3363],[139.5889,35.3364],[139.5887,35.33],[139.5909,35.3275],[139.5911,35.3252],[139.593,35.3239],[139.5932,35.3204],[139.5873,35.3202],[139.5838,35.3165],[139.581,35.3164],[139.5773,35.3139],[139.5688,35.3129],[139.5691,35.3104],[139.5678,35.3093],[139.5601,35.3073],[139.5566,35.3051],[139.5565,35.3026],[139.5529,35.3015],[139.5523,35.2996],[139.5519,35.2994],[139.5527,35.3015],[139.5513,35.3039],[139.545,35.308],[139.5394,35.3094],[139.5344,35.3086],[139.5335,35.307],[139.5349,35.3065],[139.5334,35.3069],[139.5317,35.3038],[139.5258,35.3016],[139.5015,35.3062],[139.4928,35.306],[139.4926,35.3049],[139.4904,35.3047],[139.4921,35.3049],[139.4915,35.3057],[139.4926,35.3069],[139.4917,35.3072],[139.4907,35.3056],[139.4917,35.3072],[139.4887,35.3076],[139.4889,35.3093],[139.4911,35.3115],[139.4915,35.3135],[139.4966,35.3181],[139.4971,35.3247],[139.5006,35.328],[139.5029,35.3328],[139.5095,35.3335],[139.5168,35.3414],[139.516,35.3415],[139.5168,35.3421],[139.516,35.3432],[139.5111,35.3442],[139.5098,35.3429],[139.5105,35.3447],[139.5095,35.346],[139.5118,35.3475],[139.5106,35.3502],[139.5089,35.3493],[139.5088,35.3517],[139.5075,35.3508],[139.5074,35.3524],[139.5057,35.3525],[139.5041,35.351],[139.5044,35.3535],[139.5034,35.3554],[139.4951,35.3581],[139.498,35.3623],[139.5008,35.3641],[139.5026,35.3676]]]]}},{"type":"Feature","properties":{"code":"14205","name":"藤沢市","pref_code":"14","pref":"神奈川県"},"geometry":{"type":"MultiPolygon","coordinates":[[[[139.4771,35.2972],[139.477,35.2972],[139.477,35.2973],[139.4771,35.2972]]],[[[139.4765,35.2973],[139.4765,35.2973],[139.4765,35.2973],[139.4765,35.2973]]],[[[139.4765,35.2974],[139.4765,35.2974],[139.4765,35.2973],[139.4765,35.2973],[139.4765,35.2974]]],[[[139.477,35.2973],[139.477,35.2974],[139.477,35.2973],[139.477,35.2973]]],[[[139.4771,35.2974],[139.4771,35.2974],[139.4771,35.2973],[139.4771,35.2974],[139.4771,35.2974]]],[[[139.4765,35.2974],[139.4765,35.2974],[139.4765,35.2974],[139.4765,35.2974]]],[[[139.4771,35.2974],[139.4771,35.2974],[139.4771,35.2974],[139.4771,35.2974],[139.4772,35.2974],[139.4771,35.2974]]],[[[139.4761,35.2974],[139.4761,35.2975],[139.4761,35.2974],[139.4761,35.2974]]],[[[139.4774,35.2975],[139.4774,35.2975],[139.4774,35.2975],[139.4774,35.2975]]],[[[139.4774,35.2975],[139.4774,35.2975],[139.4774,35.2975],[139.4774,35.2975]]],[[[139.4768,35.2975],[139.4768,35.2976],[139.4769,35.2975],[139.4768,35.2975]]],[[[139.4756,35.2977],[139.4758,35.2975],[139.4758,35.2975],[139.4756,35.2977]]],[[[139.4761,35.2976],[139.4762,35.2976],[139.4761,35.2976],[139.4761,35.2976]]],[[[139.4769,35.2979],[139.4771,35.2976],[139.477,35.2975],[139.4769,35.2979]]],[[[139.4763,35.2976],[139.4762,35.2977],[139.4762,35.2978],[139.4763,35.2976]]],[[[139.4777,35.2978],[139.4777,35.2979],[139.4777,35.2979],[139.4777,35.2978]]],[[[139.476,35.2979],[139.476,35.2979],[139.476,35.2979],[139.476,35.2979]]],[[[139.4779,35.2982],[139.4777,35.2975],[139.4779,35.2983],[139.4779,35.2982]]],[[[139.4761,35.2978],[139.476,35.2979],[139.4761,35.298],[139.4761,35.2978]]],[[[139.4751,35.2979],[139.4749,35.298],[139.475,35.2981],[139.4751,35.2979]]],[[[139.4762,35.298],[139.4762,35.298],[139.4762,35.298],[139.4762,35.298]]],[[[139.4777,35.2979],[139.4777,35.2981],[139.4777,35.2981],[139.4777,35.2979]]],[[[139.4761,35.298],[139.4761,35.2981],[139.4761,35.298],[139.4761,35.298]]],[[[139.4761,35.2981],[139.4761,35.2981],[139.4761,35.2981],[139.4761,35.2981]]],[[[139.4779,35.2984],[139.4779,35.2984],[139.4779,35.2984],[139.4779,35.2984]]],[[[139.4743,35.2992],[139.4743,35.2992],[139.4743,35.2992],[139.4743,35.2992]]],[[[139.4743,35.2993],[139.4743,35.2992],[139.4743,35.2992],[139.4743,35.2993]]],[[[139.4742,35.2994],[139.4742,35.2994],[139.4742,35.2994],[139.4742,35.2994]]],[[[139.4744,35.2994],[139.4743,35.2995],[139.4743,35.2995],[139.4744,35.2994]]],[[[139.475,35.3001],[139.475,35.2998],[139.4749,35.3001],[139.475,35.3001]]],[[[139.4779,35.3007],[139.4779,35.3007],[139.4779,35.3007],[139.4779,35.3007]]],[[[139.4779,35.3011],[139.4779,35.3011],[139.4779,35.3011],[139.4779,35.3011]]],[[[139.4889,35.3666],[139.4857,35.3595],[139.5026,35.356],[139.5044,35.3535],[139.5041,35.351],[139.5057,35.3525],[139.5074,35.3524],[139.5074,35.3508],[139.509,35.3514],[139.5092,35.3491],[139.5111,35.3497],[139.5118,35.3475],[139.5095,35.346],[139.5105,35.3447],[139.5098,35.3429],[139.5111,35.3442],[139.516,35.3432],[139.5168,35.3421],[139.5096,35.3335],[139.5029,35.3328],[139.5006,35.328],[139.4971,35.3247],[139.4965,35.318],[139.4908,35.3128],[139.4911,35.3115],[139.4891,35.3097],[139.4887,35.3076],[139.4849,35.3064],[139.483,35.3043],[139.4813,35.3048],[139.4814,35.3061],[139.4804,35.3051],[139.4798,35.3051],[139.4816,35.3067],[139.4808,35.3075],[139.4789,35.3048],[139.4801,35.3071],[139.4783,35.3099],[139.4708,35.3143],[139.4545,35.3178],[139.438,35.3192],[139.4435,35.3318],[139.4424,35.3333],[139.4438,35.3351],[139.4442,35.3405],[139.4426,35.3473],[139.4398,35.3526],[139.4373,35.3541],[139.4357,35.3596],[139.4366,35.3635],[139.44,35.3652],[139.4414,35.3685],[139.4392,35.3696],[139.4336,35.3679],[139.433,35.3736],[139.4306,35.3701],[139.4284,35.3706],[139.4325,35.3795],[139.4307,35.3822],[139.4307,35.3849],[139.4258,35.3837],[139.4159,35.3847],[139.4067,35.38],[139.405,35.3773],[139.4041,35.3777],[139.4033,35.3796],[139.4016,35.3801],[139.4017,35.3827],[139.3996,35.3845],[139.4031,35.3901],[139.3979,35.3912],[139.3959,35.3899],[139.3958,35.3949],[139.3968,35.3966],[139.394,35.3976],[139.3955,35.4013],[139.4012,35.4006],[139.4021,35.4024],[139.4033,35.4019],[139.4133,35.4157],[139.4129,35.4191],[139.4241,35.4163],[139.4249,35.4197],[139.434,35.4186],[139.4425,35.4131],[139.4412,35.4093],[139.4425,35.4075],[139.4477,35.4073],[139.4518,35.4109],[139.4576,35.4114],[139.4553,35.4126],[139.4569,35.4165],[139.4521,35.4216],[139.4436,35.4276],[139.4452,35.4286],[139.4572,35.4247],[139.4594,35.425],[139.4611,35.4228],[139.4661,35.4242],[139.4658,35.4273],[139.4644,35.4287],[139.466,35.4291],[139.4673,35.4237],[139.4728,35.4241],[139.4733,35.4226],[139.4767,35.4216],[139.478,35.4199],[139.4779,35.4168],[139.476,35.4145],[139.4764,35.4048],[139.4748,35.4021],[139.4777,35.3987],[139.4785,35.3923],[139.4837,35.3884],[139.4859,35.3824],[139.4921,35.3791],[139.4936,35.3751],[139.4894,35.3711],[139.4889,35.3666]]],[[[139.4794,35.2973],[139.4794,35.2971],[139.4793,35.2971],[139.4794,35.2973]]],[[[139.4791,35.2974],[139.479,35.2975],[139.4791,35.2975],[139.4791,35.2974]]],[[[139.4791,35.2975],[139.4791,35.2975],[139.4791,35.2975],[139.4791,35.2975]]],[[[139.4787,35.2977],[139.4786,35.2975],[139.4786,35.2977],[139.4787,35.2977]]],[[[139.4788,35.2977],[139.4789,35.2976],[139.4789,35.2975],[139.4788,35.2977]]],[[[139.479,35.2976],[139.479,35.2976],[139.479,35.2977],[139.479,35.2976]]],[[[139.4784,35.2977],[139.4785,35.2977],[139.4784,35.2976],[139.4784,35.2977]]],[[[139.4785,35.2977],[139.4785,35.2976],[139.4785,35.2977],[139.4785,35.2977]]],[[[139.4787,35.2978],[139.4787,35.2978],[139.4787,35.2977],[139.4787,35.2978]]],[[[139.4784,35.2978],[139.4784,35.2978],[139.4784,35.2978],[139.4784,35.2978]]],[[[139.4785,35.2978],[139.4785,35.2978],[139.4785,35.2978],[139.4785,35.2978]]],[[[139.4785,35.2978],[139.4785,35.2978],[139.4785,35.2979],[139.4785,35.2978]]],[[[139.4786,35.2978],[139.4785,35.2979],[139.4786,35.2979],[139.4786,35.2978]]],[[[139.479,35.2979],[139.479,35.2979],[139.479,35.2979],[139.479,35.2979]]],[[[139.4785,35.2979],[139.4784,35.2979],[139.4785,35.298],[139.4785,35.2979]]],[[[139.4789,35.298],[139.4789,35.298],[139.4789,35.298],[139.4789,35.298]]],[[[139.4788,35.298],[139.4789,35.298],[139.4789,35.298],[139.4788,35.298]]],[[[139.4784,35.298],[139.4783,35.2981],[139.4784,35.2981],[139.4784,35.298]]],[[[139.4785,35.2981],[139.4786,35.298],[139.4785,35.298],[139.4785,35.2981]]],[[[139.4783,35.2981],[139.4784,35.2981],[139.4783,35.2981],[139.4783,35.2981]]],[[[139.4783,35.2982],[139.4783,35.2982],[139.4783,35.2982],[139.4783,35.2982]]],[[[139.4779,35.2983],[139.4779,35.2983],[139.478,35.2983],[139.4779,35.2983]]],[[[139.4783,35.2984],[139.4783,35.2984],[139.4783,35.2983],[139.4783,35.2984]]],[[[139.4783,35.2984],[139.4783,35.2984],[139.4783,35.2984],[139.4783,35.2984]]],[[[139.478,35.2984],[139.4779,35.2985],[139.478,35.2985],[139.478,35.2984]]],[[[139.478,35.2987],[139.478,35.2987],[139.478,35.2987],[139.478,35.2987]]],[[[139.4779,35.301],[139.478,35.301],[139.4779,35.301],[139.4779,35.301]]],[[[139.478,35.3011],[139.4781,35.3011],[139.478,35.3011],[139.478,35.3011]]],[[[139.4781,35.3011],[139.4781,35.3012],[139.4781,35.3012],[139.4781,35.3011]]],[[[139.4783,35.3012],[139.4783,35.3012],[139.4783,35.3012],[139.4783,35.3012]]],[[[139.4787,35.3013],[139.4787,35.3013],[139.4786,35.3013],[139.4787,35.3013]]],[[[139.4789,35.3014],[139.4789,35.3014],[139.4789,35.3014],[139.4789,35.3014]]],[[[139.4793,35.3021],[139.4794,35.302],[139.4793,35.302],[139.4793,35.3021]]],[[[139.4799,35.297],[139.4799,35.297],[139.4799,35.297],[139.4799,35.297],[139.4799,35.297]]],[[[139.4794,35.2975],[139.4795,35.2974],[139.4793,35.2973],[139.4794,35.2975]]],[[[139.4797,35.2974],[139.4796,35.2974],[139.4797,35.2974],[139.4797,35.2974]]],[[[139.4797,35.2975],[139.4797,35.2974],[139.4797,35.2974],[139.4797,35.2975]]],[[[139.4799,35.2975],[139.48,35.2975],[139.48,35.2975],[139.4799,35.2975]]],[[[139.4798,35.2975],[139.4798,35.2976],[139.4798,35.2976],[139.4798,35.2975]]],[[[139.4798,35.2976],[139.4798,35.2976],[139.4798,35.2976],[139.4798,35.2976]]],[[[139.4797,35.2976],[139.4797,35.2977],[139.4798,35.2977],[139.4797,35.2976]]],[[[139.4796,35.2976],[139.4796,35.2976],[139.4796,35.2976],[139.4796,35.2976]]],[[[139.4798,35.2976],[139.4798,35.2977],[139.4798,35.2976],[139.4798,35.2976]]],[[[139.4798,35.2977],[139.4798,35.2977],[139.4798,35.2977],[139.4798,35.2977]]],[[[139.4797,35.2977],[139.4797,35.2977],[139.4797,35.2977],[139.4797,35.2977]]],[[[139.4797,35.2977],[139.4797,35.2977],[139.4797,35.2977],[139.4797,35.2977]]],[[[139.4796,35.2977],[139.4796,35.2977],[139.4796,35.2978],[139.4796,35.2977]]],[[[139.4797,35.2978],[139.4797,35.2978],[139.4797,35.2978],[139.4797,35.2978]]],[[[139.4797,35.2978],[139.4798,35.2978],[139.4798,35.2978],[139.4797,35.2978]]],[[[139.4797,35.2978],[139.4797,35.2978],[139.4797,35.2978],[139.4797,35.2978]]],[[[139.4795,35.2978],[139.4795,35.2978],[139.4795,35.2978],[139.4795,35.2978]]],[[[139.4796,35.2978],[139.4796,35.2978],[139.4796,35.2978],[139.4796,35.2978]]],[[[139.4796,35.2978],[139.4796,35.2978],[139.4796,35.2978],[139.4796,35.2978]]],[[[139.4797,35.2979],[139.4797,35.2979],[139.4797,35.2979],[139.4797,35.2979]]],[[[139.4795,35.2979],[139.4796,35.2979],[139.4796,35.2979],[139.4795,35.2979]]],[[[139.4793,35.3019],[139.4794,35.3017],[139.4793,35.3017],[139.4793,35.3019]]],[[[139.4795,35.3019],[139.4796,35.3019],[139.4795,35.3019],[139.4795,35.3019]]],[[[139.4794,35.3019],[139.4794,35.3019],[139.4795,35.3019],[139.4794,35.3019]]],[[[139.4794,35.3019],[139.4794,35.302],[139.4794,35.3019],[139.4794,35.3019]]],[[[139.4797,35.3021],[139.4797,35.3021],[139.4797,35.3021],[139.4797,35.3021]]],[[[139.4795,35.3021],[139.4795,35.3021],[139.4795,35.3021],[139.4795,35.3021]]],[[[139.4797,35.3021],[139.4796,35.3021],[139.4796,35.3022],[139.4797,35.3021]]],[[[139.4799,35.3022],[139.4799,35.3022],[139.4799,35.3022],[139.4799,35.3022]]],[[[139.4799,35.3022],[139.4799,35.3022],[139.4799,35.3022],[139.4799,35.3022]]],[[[139.4796,35.3023],[139.4796,35.3023],[139.4796,35.3023],[139.4796,35.3023]]],[[[139.4797,35.3022],[139.4797,35.3023],[139.4798,35.3023],[139.4797,35.3022]]],[[[139.4851,35.2968],[139.4853,35.2965],[139.4849,35.297],[139.4851,35.2968]]],[[[139.4838,35.2967],[139.4837,35.2967],[139.4838,35.2968],[139.4838,35.2967]]],[[[139.4837,35.2968],[139.4838,35.2968],[139.4837,35.2968],[139.4837,35.2968]]],[[[139.4849,35.2968],[139.4849,35.2968],[139.4849,35.2968],[139.4849,35.2968]]],[[[139.4841,35.2969],[139.4842,35.2968],[139.4841,35.2967],[139.4841,35.2969]]],[[[139.4831,35.2969],[139.4832,35.2969],[139.4831,35.2969],[139.4831,35.2969]]],[[[139.4835,35.297],[139.4833,35.2969],[139.4833,35.2971],[139.4835,35.297]]],[[[139.4801,35.2971],[139.4801,35.297],[139.4801,35.2971],[139.4801,35.2971]]],[[[139.4825,35.2971],[139.4825,35.297],[139.4825,35.297],[139.4825,35.2971]]],[[[139.4802,35.2971],[139.4802,35.2971],[139.4802,35.2971],[139.4802,35.2971]]],[[[139.4799,35.297],[139.4799,35.2972],[139.48,35.2972],[139.48,35.2972],[139.48,35.2972],[139.48,35.2971],[139.48,35.2971],[139.4799,35.297]]],[[[139.4828,35.2972],[139.4829,35.2972],[139.4828,35.2972],[139.4828,35.2972]]],[[[139.4802,35.2973],[139.4801,35.2971],[139.48,35.2971],[139.4802,35.2973]]],[[[139.4842,35.2972],[139.4842,35.2971],[139.4842,35.2972],[139.4842,35.2972]]],[[[139.4838,35.2969],[139.4839,35.2976],[139.4842,35.2971],[139.4838,35.2969]]],[[[139.4829,35.2973],[139.483,35.2973],[139.4829,35.2973],[139.4829,35.2973]]],[[[139.4828,35.2972],[139.4828,35.2974],[139.4829,35.2974],[139.4828,35.2972]]],[[[139.4838,35.2972],[139.4836,35.2975],[139.4838,35.2976],[139.4838,35.2972]]],[[[139.4826,35.2974],[139.4825,35.2974],[139.4826,35.2975],[139.4826,35.2974]]],[[[139.4827,35.2973],[139.4827,35.2976],[139.4827,35.2976],[139.4827,35.2973]]],[[[139.4804,35.2974],[139.4804,35.2974],[139.4804,35.2974],[139.4804,35.2974]]],[[[139.4811,35.2975],[139.4811,35.2975],[139.481,35.2974],[139.4811,35.2975]]],[[[139.48,35.2976],[139.48,35.2976],[139.48,35.2976],[139.48,35.2976]]],[[[139.4807,35.2978],[139.4807,35.2978],[139.4807,35.2978],[139.4807,35.2978]]],[[[139.4808,35.2979],[139.4808,35.2979],[139.4808,35.2979],[139.4808,35.2979]]],[[[139.4808,35.298],[139.4808,35.2979],[139.4807,35.2979],[139.4808,35.298]]],[[[139.4808,35.298],[139.4808,35.298],[139.4808,35.298],[139.4808,35.298]]],[[[139.4808,35.298],[139.4808,35.298],[139.4808,35.298],[139.4808,35.298]]],[[[139.483,35.2976],[139.4816,35.2979],[139.4809,35.2976],[139.4809,35.2981],[139.4808,35.298],[139.4807,35.298],[139.4805,35.2975],[139.4804,35.2974],[139.4803,35.2974],[139.4796,35.2981],[139.4791,35.2976],[139.4789,35.2983],[139.478,35.2987],[139.4774,35.2975],[139.4767,35.2981],[139.4767,35.2974],[139.476,35.2982],[139.4759,35.2979],[139.476,35.2977],[139.4759,35.2976],[139.4741,35.2988],[139.4744,35.2989],[139.4745,35.3],[139.4749,35.2997],[139.4764,35.3],[139.4765,35.3005],[139.4772,35.3001],[139.4832,35.3035],[139.4827,35.3024],[139.4842,35.3016],[139.4836,35.3009],[139.4846,35.3015],[139.4834,35.3008],[139.4843,35.2999],[139.485,35.3013],[139.486,35.3006],[139.4851,35.2998],[139.4864,35.2995],[139.4865,35.3003],[139.4867,35.299],[139.488,35.2989],[139.4832,35.2975],[139.4832,35.2972],[139.483,35.2976]]],[[[139.4801,35.3022],[139.4801,35.3022],[139.4801,35.3022],[139.4801,35.3022]]],[[[139.48,35.3022],[139.48,35.3022],[139.48,35.3022],[139.48,35.3022]]],[[[139.48,35.3022],[139.48,35.3022],[139.48,35.3023],[139.48,35.3022]]],[[[139.4803,35.3024],[139.4803,35.3024],[139.4803,35.3024],[139.4803,35.3024]]]]}},{"type":"Feature","properties":{"code":"14206","name":"小田原市","pref_code":"14","pref":"神奈川県"},"geometry":{"type":"MultiPolygon","coordinates":[[[[139.1386,35.1922],[139.1381,35.1926],[139.1387,35.1923],[139.1386,35.1922]]],[[[139.1426,35.2103],[139.1427,35.21],[139.1424,35.2102],[139.1426,35.2103]]],[[[139.1421,35.2116],[139.1421,35.2117],[139.1421,35.2116],[139.1421,35.2116]]],[[[139.1421,35.2119],[139.142,35.2119],[139.1421,35.2119],[139.1421,35.2119]]],[[[139.142,35.2134],[139.1419,35.2134],[139.142,35.2134],[139.142,35.2134]]],[[[139.1425,35.2225],[139.1425,35.2226],[139.1426,35.2225],[139.1425,35.2225]]],[[[139.1425,35.2226],[139.1425,35.2227],[139.1426,35.2227],[139.1425,35.2226]]],[[[139.1424,35.2228],[139.1425,35.2227],[139.1424,35.2227],[139.1424,35.2228]]],[[[139.1421,35.224],[139.1421,35.2241],[139.1421,35.224],[139.1421,35.224]]],[[[139.1419,35.2243],[139.142,35.2244],[139.142,35.2243],[139.1419,35.2243]]],[[[139.1421,35.225],[139.1419,35.2251],[139.1421,35.2251],[139.1421,35.225]]],[[[139.1294,35.3158],[139.1282,35.3164],[139.128,35.3179],[139.1288,35.3175],[139.1294,35.3158]]],[[[139.1427,35.206],[139.1427,35.2061],[139.1427,35.2061],[139.1427,35.206]]],[[[139.1426,35.2086],[139.1427,35.2086],[139.1427,35.2085],[139.1426,35.2086]]],[[[139.1427,35.2087],[139.1428,35.2087],[139.1428,35.2087],[139.1427,35.2087]]],[[[139.1426,35.2096],[139.1425,35.2097],[139.1427,35.2096],[139.1426,35.2096]]],[[[139.1431,35.2186],[139.1429,35.2189],[139.1431,35.2188],[139.1431,35.2186]]],[[[139.143,35.219],[139.143,35.2191],[139.1431,35.2191],[139.143,35.219]]],[[[139.1429,35.2195],[139.1428,35.2194],[139.1427,35.2194],[139.1429,35.2195]]],[[[139.1427,35.2202],[139.1427,35.2202],[139.1427,35.2202],[139.1427,35.2202]]],[[[139.1429,35.2202],[139.1429,35.2203],[139.143,35.2202],[139.1429,35.2202]]],[[[139.1429,35.2222],[139.143,35.2223],[139.143,35.2223],[139.1429,35.2222]]],[[[139.1427,35.2225],[139.1428,35.2226],[139.1428,35.2225],[139.1427,35.2225]]],[[[139.1803,35.3299],[139.1897,35.3194],[139.1994,35.3154],[139.2029,35.3117],[139.2022,35.3087],[139.2031,35.3072],[139.2038,35.3113],[139.2122,35.3145],[139.2133,35.3171],[139.2237,35.3159],[139.2239,35.3172],[139.2255,35.317],[139.2324,35.3204],[139.2381,35.3148],[139.2362,35.3108],[139.2365,35.3075],[139.2383,35.3045],[139.238,35.3008],[139.2353,35.2988],[139.2357,35.2968],[139.2375,35.2962],[139.2358,35.2933],[139.2374,35.2928],[139.2368,35.2904],[139.2376,35.2889],[139.2343,35.2903],[139.2351,35.2886],[139.2335,35.2878],[139.2341,35.2864],[139.2215,35.2812],[139.2079,35.2773],[139.1866,35.2612],[139.1711,35.2541],[139.1579,35.2432],[139.1539,35.2421],[139.1509,35.2394],[139.1485,35.239],[139.1477,35.2409],[139.1465,35.2397],[139.1483,35.2386],[139.1467,35.2363],[139.1483,35.2381],[139.1503,35.2385],[139.147,35.2361],[139.1479,35.2356],[139.1469,35.2336],[139.1477,35.2356],[139.1461,35.2362],[139.1456,35.2354],[139.1466,35.2346],[139.1442,35.234],[139.1424,35.2297],[139.1429,35.2276],[139.1417,35.2251],[139.143,35.2169],[139.1414,35.2152],[139.1426,35.2152],[139.1416,35.2128],[139.1426,35.2087],[139.1408,35.2044],[139.1415,35.2035],[139.1382,35.1993],[139.1377,35.1923],[139.1382,35.1915],[139.1394,35.1924],[139.1385,35.1915],[139.1403,35.1891],[139.136,35.1826],[139.1372,35.1788],[139.1313,35.178],[139.1267,35.1804],[139.1256,35.182],[139.1213,35.1835],[139.1103,35.1865],[139.0989,35.188],[139.0937,35.1896],[139.0932,35.1917],[139.0909,35.1934],[139.0872,35.1934],[139.0783,35.1961],[139.0767,35.2002],[139.0798,35.2007],[139.0815,35.2024],[139.0806,35.2042],[139.0813,35.2062],[139.084,35.2074],[139.0849,35.2146],[139.0924,35.2208],[139.0962,35.2219],[139.1007,35.2251],[139.1156,35.2276],[139.1141,35.2324],[139.1205,35.2367],[139.1212,35.2396],[139.1143,35.2402],[139.1087,35.2386],[139.1032,35.2405],[139.1,35.2396],[139.0976,35.2423],[139.0919,35.2435],[139.0898,35.2418],[139.0912,35.2401],[139.0895,35.2377],[139.0868,35.2351],[139.0836,35.2339],[139.0725,35.2421],[139.071,35.2404],[139.0671,35.2412],[139.0658,35.2436],[139.064,35.2435],[139.0644,35.2454],[139.0604,35.2454],[139.059,35.2471],[139.0615,35.2496],[139.0649,35.2509],[139.0689,35.2551],[139.0649,35.2565],[139.0648,35.2607],[139.063,35.2654],[139.0602,35.2691],[139.06,35.2718],[139.0662,35.2727],[139.0713,35.272],[139.0853,35.276],[139.0871,35.2751],[139.0918,35.2778],[139.101,35.279],[139.1035,35.2783],[139.1088,35.2798],[139.1132,35.2791],[139.1216,35.2815],[139.1202,35.2852],[139.1213,35.2868],[139.1236,35.2876],[139.1266,35.2867],[139.1308,35.2882],[139.1321,35.2908],[139.1308,35.2918],[139.1304,35.2943],[139.1321,35.294],[139.1353,35.2902],[139.1376,35.2889],[139.1366,35.2912],[139.1343,35.2919],[139.1351,35.293],[139.1333,35.2972],[139.1317,35.3081],[139.1337,35.3106],[139.1301,35.3174],[139.1335,35.3195],[139.1355,35.3189],[139.1362,35.3226],[139.1431,35.3235],[139.1486,35.3136],[139.1554,35.3133],[139.1634,35.3178],[139.1626,35.3186],[139.1638,35.3192],[139.1656,35.3165],[139.1665,35.32],[139.1691,35.3217],[139.1705,35.3269],[139.1764,35.3274],[139.1803,35.3299]]]]}},{"type":"Feature","properties":{"code":"14207","name":"茅ヶ崎市","pref_code":"14","pref":"神奈川県"},"geometry":{"type":"MultiPolygon","coordinates":[[[[139.3966,35.3115],[139.3969,35.3115],[139.397,35.3114],[139.3966,35.3115]]],[[[139.3989,35.3115],[139.3989,35.3115],[139.3988,35.3114],[139.3989,35.3115]]],[[[139.3977,35.3119],[139.3976,35.3118],[139.3975,35.3119],[139.3977,35.3119]]],[[[139.3974,35.312],[139.3975,35.312],[139.3975,35.3119],[139.3974,35.312]]],[[[139.3975,35.3119],[139.3975,35.312],[139.3976,35.3119],[139.3975,35.3119]]],[[[139.3979,35.3121],[139.398,35.312],[139.3979,35.312],[139.3979,35.3121]]],[[[139.3974,35.3121],[139.3975,35.312],[139.3974,35.312],[139.3974,35.3121]]],[[[139.3982,35.3122],[139.3982,35.3121],[139.3982,35.3121],[139.3982,35.3122]]],[[[139.3982,35.3121],[139.3981,35.3122],[139.3981,35.3122],[139.3982,35.3121]]],[[[139.3988,35.3122],[139.3989,35.3122],[139.3989,35.3121],[139.3988,35.3122]]],[[[139.3975,35.3123],[139.3975,35.3121],[139.3974,35.3121],[139.3975,35.3123]]],[[[139.3977,35.3123],[139.3978,35.312],[139.3977,35.312],[139.3977,35.3123]]],[[[139.398,35.3122],[139.398,35.3123],[139.398,35.3122],[139.398,35.3122]]],[[[139.3981,35.3123],[139.3982,35.3124],[139.3982,35.3123],[139.3981,35.3123]]],[[[139.3991,35.3123],[139.3991,35.3124],[139.3991,35.3123],[139.3991,35.3123]]],[[[139.3977,35.3124],[139.3975,35.3124],[139.3974,35.3125],[139.3977,35.3124]]],[[[139.3973,35.3125],[139.3973,35.3125],[139.3972,35.3125],[139.3973,35.3125]]],[[[139.3986,35.3125],[139.3985,35.3125],[139.3984,35.3126],[139.3986,35.3125]]],[[[139.3983,35.3127],[139.3983,35.3127],[139.3983,35.3126],[139.3983,35.3127]]],[[[139.3984,35.3126],[139.3985,35.3128],[139.3987,35.3126],[139.3984,35.3126]]],[[[139.3974,35.3127],[139.3975,35.3127],[139.3974,35.3126],[139.3974,35.3127]]],[[[139.3975,35.3127],[139.3975,35.3127],[139.3975,35.3127],[139.3975,35.3127]]],[[[139.3988,35.313],[139.3989,35.3129],[139.3988,35.313],[139.3988,35.313]]],[[[139.4138,35.3016],[139.4139,35.3017],[139.4139,35.3016],[139.4138,35.3016]]],[[[139.4148,35.3019],[139.4147,35.3019],[139.4147,35.3019],[139.4148,35.3019]]],[[[139.4147,35.3021],[139.4147,35.3019],[139.4145,35.3021],[139.4147,35.3021]]],[[[139.4132,35.3023],[139.4133,35.3023],[139.4132,35.3023],[139.4132,35.3023]]],[[[139.4144,35.3031],[139.4154,35.3023],[139.4152,35.3016],[139.4144,35.3031]]],[[[139.4137,35.3024],[139.4137,35.3023],[139.4137,35.3024],[139.4137,35.3024]]],[[[139.4133,35.3025],[139.4133,35.3025],[139.4133,35.3024],[139.4133,35.3025]]],[[[139.4132,35.3024],[139.4131,35.3026],[139.4132,35.3024],[139.4132,35.3024]]],[[[139.4134,35.3026],[139.4134,35.3026],[139.4134,35.3026],[139.4134,35.3026]]],[[[139.4129,35.3026],[139.4129,35.3026],[139.4129,35.3026],[139.4129,35.3026]]],[[[139.4143,35.3027],[139.4144,35.3027],[139.4144,35.3026],[139.4143,35.3027]]],[[[139.4133,35.3028],[139.4135,35.303],[139.4135,35.3029],[139.4133,35.3028]]],[[[139.4135,35.303],[139.4135,35.303],[139.4135,35.303],[139.4135,35.303]]],[[[139.414,35.303],[139.414,35.303],[139.414,35.303],[139.414,35.303]]],[[[139.4142,35.3031],[139.4143,35.3031],[139.4142,35.3031],[139.4142,35.3031]]],[[[139.4147,35.3036],[139.4147,35.303],[139.4143,35.3032],[139.4147,35.3036]]],[[[139.4151,35.3034],[139.415,35.3036],[139.4151,35.3034],[139.4151,35.3034]]],[[[139.4152,35.3035],[139.4152,35.3036],[139.4154,35.3036],[139.4152,35.3035]]],[[[139.3992,35.3124],[139.3992,35.3124],[139.3992,35.3123],[139.3992,35.3124]]],[[[139.3991,35.3124],[139.3992,35.3124],[139.3991,35.3124],[139.3991,35.3124]]],[[[139.3992,35.3126],[139.399,35.3125],[139.399,35.3127],[139.3992,35.3126]]],[[[139.3997,35.3126],[139.3997,35.3127],[139.3998,35.3126],[139.3997,35.3126]]],[[[139.4307,35.3849],[139.4325,35.3795],[139.4284,35.3706],[139.4306,35.3701],[139.433,35.3736],[139.4336,35.3679],[139.4392,35.3696],[139.4414,35.3683],[139.44,35.3652],[139.4366,35.3635],[139.4357,35.3596],[139.4373,35.3541],[139.4398,35.3526],[139.4426,35.3473],[139.4442,35.3405],[139.4438,35.3351],[139.4424,35.3333],[139.4435,35.3318],[139.438,35.3192],[139.4235,35.3184],[139.4158,35.3167],[139.4146,35.3159],[139.4149,35.315],[139.4133,35.3152],[139.4141,35.3159],[139.4126,35.317],[139.4028,35.3181],[139.3985,35.3163],[139.3991,35.3138],[139.3982,35.3165],[139.3971,35.3161],[139.3982,35.314],[139.3973,35.3131],[139.4,35.3134],[139.3988,35.313],[139.3989,35.3126],[139.3984,35.3129],[139.3977,35.3127],[139.3972,35.313],[139.3971,35.3156],[139.3941,35.3164],[139.3843,35.3162],[139.383,35.3152],[139.376,35.3147],[139.3775,35.3156],[139.3744,35.3153],[139.3735,35.3193],[139.3694,35.3233],[139.3693,35.3298],[139.3716,35.33],[139.3713,35.3352],[139.3752,35.3386],[139.3748,35.3398],[139.3695,35.3401],[139.3688,35.3442],[139.3703,35.3511],[139.3755,35.3502],[139.3952,35.3521],[139.3968,35.3587],[139.394,35.3632],[139.4013,35.369],[139.4065,35.3798],[139.4159,35.3847],[139.4258,35.3837],[139.4307,35.3849]]],[[[139.4158,35.3015],[139.4158,35.3015],[139.4159,35.3015],[139.4158,35.3015]]],[[[139.4158,35.3016],[139.4164,35.3023],[139.4172,35.3023],[139.4158,35.3016]]],[[[139.4175,35.3025],[139.4174,35.3024],[139.4174,35.3025],[139.4175,35.3025]]],[[[139.4182,35.3026],[139.4183,35.3025],[139.4183,35.3025],[139.4182,35.3026]]],[[[139.4182,35.3027],[139.4181,35.3031],[139.4183,35.3027],[139.4182,35.3027]]],[[[139.418,35.3034],[139.418,35.3034],[139.418,35.3034],[139.418,35.3034]]],[[[139.418,35.3032],[139.4177,35.3036],[139.4177,35.3038],[139.418,35.3032]]],[[[139.4183,35.3035],[139.4183,35.3036],[139.4183,35.3035],[139.4183,35.3035]]],[[[139.4177,35.3037],[139.4178,35.3037],[139.4178,35.3037],[139.4177,35.3037]]],[[[139.4186,35.3037],[139.4185,35.3037],[139.4186,35.3038],[139.4186,35.3037]]],[[[139.4183,35.3037],[139.4184,35.3038],[139.4184,35.3037],[139.4183,35.3037]]],[[[139.4176,35.3037],[139.4176,35.3038],[139.4176,35.3037],[139.4176,35.3037]]],[[[139.4184,35.3038],[139.4185,35.3039],[139.4185,35.3038],[139.4184,35.3038]]],[[[139.4182,35.3039],[139.4179,35.3039],[139.4179,35.3041],[139.4182,35.3039]]],[[[139.4176,35.304],[139.4178,35.3038],[139.4175,35.304],[139.4176,35.304]]],[[[139.4187,35.3039],[139.4187,35.3039],[139.4187,35.3039],[139.4187,35.3039]]],[[[139.4183,35.3039],[139.4184,35.304],[139.4184,35.3039],[139.4183,35.3039]]],[[[139.4183,35.304],[139.418,35.304],[139.4182,35.3042],[139.4183,35.304]]],[[[139.4176,35.304],[139.4176,35.3041],[139.4176,35.304],[139.4176,35.304]]],[[[139.4182,35.3045],[139.4185,35.3039],[139.4182,35.3043],[139.4182,35.3045]]],[[[139.4182,35.3046],[139.4183,35.3046],[139.4182,35.3046],[139.4182,35.3046]]],[[[139.4187,35.3044],[139.4187,35.3049],[139.419,35.3048],[139.4187,35.3044]]]]}},{"type":"Feature","properties":{"code":"14208","name":"逗子市","pref_code":"14","pref":"神奈川県"},"geometry":{"type":"MultiPolygon","coordinates":[[[[139.5569,35.2917],[139.5569,35.2918],[139.557,35.2918],[139.5569,35.2917]]],[[[139.5603,35.2917],[139.5605,35.2918],[139.5605,35.2918],[139.5603,35.2917]]],[[[139.5608,35.2919],[139.5608,35.2918],[139.5607,35.2918],[139.5608,35.2919]]],[[[139.5571,35.2919],[139.5572,35.292],[139.5571,35.2919],[139.5571,35.2919]]],[[[139.557,35.2921],[139.5571,35.2921],[139.557,35.2921],[139.557,35.2921]]],[[[139.561,35.2921],[139.5611,35.2922],[139.5611,35.2921],[139.561,35.2921]]],[[[139.5576,35.2935],[139.5578,35.2936],[139.5578,35.2935],[139.5576,35.2935]]],[[[139.5628,35.2918],[139.5628,35.2919],[139.5629,35.2918],[139.5628,35.2918]]],[[[139.5624,35.2918],[139.5625,35.2919],[139.5625,35.2918],[139.5624,35.2918]]],[[[139.5622,35.2918],[139.5622,35.2919],[139.5623,35.2918],[139.5622,35.2918]]],[[[139.5631,35.292],[139.5631,35.2921],[139.5631,35.292],[139.5631,35.292]]],[[[139.5628,35.2921],[139.5629,35.2921],[139.5628,35.2921],[139.5628,35.2921]]],[[[139.5652,35.2927],[139.5653,35.2924],[139.5649,35.2925],[139.5652,35.2927]]],[[[139.5932,35.3204],[139.5963,35.3179],[139.5962,35.3164],[139.5988,35.3158],[139.6036,35.317],[139.6042,35.3147],[139.6111,35.3112],[139.612,35.3067],[139.6144,35.3039],[139.6182,35.3026],[139.6186,35.2997],[139.6225,35.2934],[139.6215,35.2912],[139.6238,35.2884],[139.6238,35.2859],[139.621,35.2843],[139.6219,35.2831],[139.6211,35.2814],[139.6244,35.278],[139.6229,35.276],[139.6164,35.2762],[139.6127,35.278],[139.6053,35.2761],[139.5999,35.2778],[139.598,35.277],[139.5965,35.2808],[139.6049,35.282],[139.6113,35.2862],[139.6113,35.2886],[139.6092,35.2905],[139.6033,35.292],[139.598,35.291],[139.5962,35.2916],[139.5934,35.2903],[139.5894,35.2913],[139.5838,35.2865],[139.579,35.2871],[139.5776,35.2843],[139.5742,35.2824],[139.5697,35.285],[139.5694,35.286],[139.5708,35.2871],[139.5734,35.2872],[139.5719,35.2873],[139.5734,35.2876],[139.5735,35.2891],[139.5711,35.2932],[139.5681,35.2944],[139.5659,35.293],[139.5577,35.2918],[139.5581,35.2933],[139.5565,35.2963],[139.5537,35.2943],[139.5522,35.2945],[139.5502,35.2962],[139.5515,35.2952],[139.5522,35.2957],[139.5515,35.2956],[139.5519,35.2964],[139.5512,35.2959],[139.5508,35.2963],[139.5513,35.2987],[139.5529,35.3015],[139.5565,35.3026],[139.5566,35.3051],[139.5603,35.3073],[139.5678,35.3093],[139.5691,35.3104],[139.5688,35.3129],[139.5773,35.3139],[139.581,35.3164],[139.5838,35.3165],[139.5873,35.3202],[139.5932,35.3204]]]]}},{"type":"Feature","properties":{"code":"14210","name":"三浦市","pref_code":"14","pref":"神奈川県"},"geometry":{"type":"MultiPolygon","coordinates":[[[[139.6136,35.1318],[139.6128,35.1319],[139.6131,35.1323],[139.6136,35.1318]]],[[[139.6095,35.1334],[139.6097,35.1328],[139.6093,35.1331],[139.6095,35.1334]]],[[[139.6075,35.1337],[139.6076,35.1339],[139.6079,35.1335],[139.6075,35.1337]]],[[[139.6111,35.1355],[139.6105,35.1356],[139.6111,35.1355],[139.6111,35.1355]]],[[[139.6069,35.1384],[139.6067,35.1384],[139.6069,35.1386],[139.6069,35.1384]]],[[[139.6123,35.139],[139.6126,35.1382],[139.6125,35.1382],[139.6123,35.139]]],[[[139.6094,35.1379],[139.6073,35.1385],[139.6073,35.1395],[139.6094,35.1379]]],[[[139.6131,35.1452],[139.6131,35.1453],[139.6133,35.1453],[139.6131,35.1452]]],[[[139.6059,35.1469],[139.6059,35.1469],[139.6067,35.1464],[139.6059,35.1469]]],[[[139.61,35.1476],[139.6101,35.1474],[139.6098,35.1475],[139.61,35.1476]]],[[[139.6077,35.1487],[139.6072,35.1482],[139.6058,35.1469],[139.6077,35.1487]]],[[[139.6111,35.1503],[139.6111,35.1507],[139.6115,35.1505],[139.6111,35.1503]]],[[[139.6114,35.1509],[139.6117,35.151],[139.6118,35.1507],[139.6114,35.1509]]],[[[139.6104,35.1508],[139.6106,35.151],[139.6108,35.1506],[139.6104,35.1508]]],[[[139.6105,35.1512],[139.6105,35.1513],[139.6106,35.1512],[139.6105,35.1512]]],[[[139.6056,35.1531],[139.6055,35.153],[139.6056,35.1532],[139.6056,35.1531]]],[[[139.6075,35.1535],[139.6074,35.1532],[139.6073,35.1536],[139.6075,35.1535]]],[[[139.6031,35.1534],[139.603,35.1534],[139.6031,35.1536],[139.6031,35.1534]]],[[[139.6051,35.1537],[139.605,35.1539],[139.6054,35.1538],[139.6051,35.1537]]],[[[139.6028,35.154],[139.6031,35.1541],[139.6038,35.1537],[139.6028,35.154]]],[[[139.6023,35.1544],[139.6027,35.1542],[139.6024,35.1541],[139.6023,35.1544]]],[[[139.6052,35.1542],[139.6055,35.1546],[139.6062,35.154],[139.6052,35.1542]]],[[[139.6059,35.1554],[139.606,35.1555],[139.606,35.1552],[139.6059,35.1554]]],[[[139.6064,35.1558],[139.6064,35.156],[139.6068,35.1557],[139.6064,35.1558]]],[[[139.604,35.1561],[139.6033,35.1559],[139.6038,35.1564],[139.604,35.1561]]],[[[139.6066,35.1563],[139.6067,35.1565],[139.6069,35.1562],[139.6066,35.1563]]],[[[139.6103,35.1586],[139.6104,35.1589],[139.6105,35.1586],[139.6103,35.1586]]],[[[139.6092,35.1601],[139.6091,35.1606],[139.6096,35.1601],[139.6092,35.1601]]],[[[139.6102,35.1607],[139.6102,35.1607],[139.6102,35.1608],[139.6102,35.1607]]],[[[139.6097,35.1621],[139.6096,35.1621],[139.6097,35.1621],[139.6097,35.1621]]],[[[139.6112,35.1638],[139.6112,35.1639],[139.6113,35.1638],[139.6112,35.1638]]],[[[139.6108,35.1639],[139.6108,35.1638],[139.6108,35.1638],[139.6108,35.1639]]],[[[139.6317,35.1286],[139.6316,35.1285],[139.6315,35.1287],[139.6317,35.1286]]],[[[139.631,35.129],[139.6308,35.1289],[139.6306,35.1292],[139.631,35.129]]],[[[139.6196,35.1313],[139.6194,35.1311],[139.6195,35.1315],[139.6196,35.1313]]],[[[139.6154,35.1315],[139.6151,35.1311],[139.6151,35.1316],[139.6154,35.1315]]],[[[139.6167,35.1319],[139.6171,35.1319],[139.6168,35.1315],[139.6167,35.1319]]],[[[139.6279,35.1347],[139.6256,35.1319],[139.6302,35.1292],[139.6277,35.1288],[139.6232,35.1307],[139.6222,35.1324],[139.62,35.1321],[139.6178,35.1306],[139.618,35.1315],[139.6162,35.1329],[139.6102,35.1328],[139.6097,35.1335],[139.6118,35.1343],[139.6094,35.1339],[139.6083,35.1349],[139.61,35.1353],[139.6091,35.1358],[139.6099,35.1356],[139.6112,35.1354],[139.6113,35.1355],[139.6106,35.1358],[139.6116,35.1356],[139.6102,35.1359],[139.6113,35.1358],[139.61,35.1377],[139.6119,35.1367],[139.6123,35.1377],[139.6171,35.1368],[139.6176,35.1357],[139.6178,35.1367],[139.6222,35.1369],[139.6267,35.1341],[139.6279,35.1347]]],[[[139.6275,35.137],[139.6271,35.1366],[139.6271,35.1367],[139.6275,35.137]]],[[[139.6228,35.1369],[139.6227,35.1368],[139.6226,35.137],[139.6228,35.1369]]],[[[139.6284,35.137],[139.6277,35.1369],[139.6282,35.1373],[139.6284,35.137]]],[[[139.6299,35.138],[139.6299,35.1379],[139.6296,35.138],[139.6299,35.138]]],[[[139.6383,35.1391],[139.6383,35.1391],[139.6375,35.1399],[139.6383,35.1391]]],[[[139.6396,35.1396],[139.6398,35.1397],[139.6398,35.1397],[139.6396,35.1396]]],[[[139.6379,35.1398],[139.6381,35.14],[139.6383,35.1397],[139.6379,35.1398]]],[[[139.6396,35.1396],[139.6396,35.1395],[139.6389,35.1402],[139.6396,35.1396]]],[[[139.6145,35.1464],[139.6149,35.1471],[139.6147,35.1464],[139.6145,35.1464]]],[[[139.6138,35.147],[139.6137,35.1469],[139.6138,35.1471],[139.6138,35.147]]],[[[139.6148,35.1473],[139.6149,35.1474],[139.615,35.1472],[139.6148,35.1473]]],[[[139.6145,35.1481],[139.6144,35.148],[139.6142,35.1482],[139.6145,35.1481]]],[[[139.6146,35.1482],[139.6145,35.1482],[139.6146,35.1484],[139.6146,35.1482]]],[[[139.6133,35.1487],[139.6136,35.1488],[139.6141,35.1485],[139.6133,35.1487]]],[[[139.6135,35.149],[139.6135,35.1491],[139.6137,35.149],[139.6135,35.149]]],[[[139.6133,35.149],[139.6131,35.1489],[139.6133,35.1492],[139.6133,35.149]]],[[[139.6139,35.1495],[139.6139,35.1496],[139.614,35.1495],[139.6139,35.1495]]],[[[139.6152,35.162],[139.6152,35.162],[139.6152,35.162],[139.6152,35.162],[139.6152,35.162]]],[[[139.6151,35.162],[139.615,35.162],[139.6151,35.1621],[139.6151,35.162]]],[[[139.6237,35.1643],[139.6235,35.1643],[139.6236,35.1645],[139.6237,35.1643]]],[[[139.6138,35.1832],[139.6138,35.1833],[139.6139,35.1832],[139.6138,35.1832]]],[[[139.6139,35.1834],[139.6139,35.1835],[139.614,35.1834],[139.6139,35.1834]]],[[[139.616,35.1854],[139.6158,35.1855],[139.6161,35.1857],[139.616,35.1854]]],[[[139.6158,35.1857],[139.6159,35.1857],[139.6157,35.1857],[139.6158,35.1857]]],[[[139.6156,35.1859],[139.6156,35.1858],[139.6153,35.1859],[139.6156,35.1859]]],[[[139.6162,35.1866],[139.6165,35.1867],[139.6164,35.1865],[139.6162,35.1866]]],[[[139.6631,35.1362],[139.6629,35.1362],[139.6631,35.1364],[139.6631,35.1362]]],[[[139.6568,35.1369],[139.6572,35.1373],[139.6573,35.1367],[139.6568,35.1369]]],[[[139.6645,35.1368],[139.6626,35.1379],[139.6644,35.1373],[139.6645,35.1368]]],[[[139.6546,35.1377],[139.6553,35.1379],[139.6551,35.1372],[139.6546,35.1377]]],[[[139.6411,35.1379],[139.6413,35.138],[139.6417,35.1377],[139.6411,35.1379]]],[[[139.6427,35.1381],[139.6426,35.1382],[139.6427,35.1382],[139.6427,35.1381]]],[[[139.6473,35.1384],[139.6475,35.1385],[139.6476,35.1382],[139.6473,35.1384]]],[[[139.6434,35.1384],[139.6432,35.1384],[139.6434,35.1386],[139.6434,35.1384]]],[[[139.648,35.1385],[139.6481,35.1387],[139.6484,35.1384],[139.648,35.1385]]],[[[139.6597,35.1388],[139.6595,35.1386],[139.6595,35.1388],[139.6597,35.1388]]],[[[139.653,35.1388],[139.653,35.1387],[139.6524,35.1388],[139.653,35.1388]]],[[[139.6623,35.1388],[139.6622,35.1387],[139.6622,35.1389],[139.6623,35.1388]]],[[[139.6548,35.1389],[139.6548,35.1388],[139.6543,35.139],[139.6548,35.1389]]],[[[139.6637,35.1389],[139.6638,35.139],[139.6637,35.1389],[139.6637,35.1389]]],[[[139.6501,35.1389],[139.6502,35.1392],[139.6504,35.1389],[139.6501,35.1389]]],[[[139.653,35.1392],[139.6533,35.1392],[139.653,35.139],[139.653,35.1392]]],[[[139.6635,35.1392],[139.6635,35.139],[139.6635,35.1392],[139.6635,35.1392]]],[[[139.6537,35.1392],[139.6541,35.1392],[139.6538,35.1391],[139.6537,35.1392]]],[[[139.6604,35.1389],[139.6602,35.1394],[139.661,35.1391],[139.6604,35.1389]]],[[[139.6511,35.1393],[139.6504,35.1394],[139.6512,35.1394],[139.6511,35.1393]]],[[[139.6602,35.1396],[139.66,35.1397],[139.6601,35.1398],[139.6602,35.1396]]],[[[139.6601,35.1401],[139.6602,35.1402],[139.6602,35.1402],[139.6601,35.1401]]],[[[139.6502,35.1419],[139.6503,35.1419],[139.6503,35.1418],[139.6502,35.1419]]],[[[139.65,35.142],[139.6501,35.1421],[139.6501,35.142],[139.65,35.142]]],[[[139.6624,35.1896],[139.6617,35.1902],[139.6601,35.1892],[139.6562,35.1845],[139.655,35.1808],[139.6553,35.1746],[139.6564,35.1727],[139.6602,35.1715],[139.6604,35.1643],[139.6634,35.1594],[139.6646,35.1602],[139.6656,35.1602],[139.6639,35.1597],[139.6664,35.159],[139.666,35.1608],[139.6675,35.1596],[139.6674,35.1578],[139.6719,35.1583],[139.6794,35.1569],[139.6787,35.1549],[139.6799,35.1543],[139.6795,35.1533],[139.6806,35.1531],[139.6806,35.1516],[139.682,35.151],[139.6804,35.1508],[139.6805,35.1498],[139.6805,35.1495],[139.6793,35.149],[139.6795,35.1468],[139.6813,35.1464],[139.6791,35.1456],[139.6787,35.1451],[139.6788,35.1441],[139.6786,35.1437],[139.6777,35.1456],[139.6763,35.1449],[139.6772,35.1433],[139.678,35.1434],[139.6773,35.1442],[139.6782,35.1435],[139.6778,35.1418],[139.679,35.1409],[139.6787,35.1405],[139.6779,35.1411],[139.6765,35.1405],[139.6779,35.1408],[139.6784,35.1399],[139.6769,35.1394],[139.6733,35.1421],[139.6728,35.1413],[139.671,35.1421],[139.6719,35.1395],[139.6699,35.1394],[139.6684,35.141],[139.669,35.1427],[139.6666,35.1429],[139.6689,35.1447],[139.6662,35.1466],[139.6639,35.1444],[139.6618,35.1446],[139.6625,35.1433],[139.6652,35.1432],[139.6654,35.1418],[139.6639,35.1403],[139.6645,35.1396],[139.662,35.1404],[139.6615,35.1396],[139.6601,35.1407],[139.6594,35.1391],[139.6572,35.1392],[139.6571,35.1373],[139.6547,35.1397],[139.6524,35.1396],[139.6512,35.1407],[139.6522,35.1417],[139.6515,35.1423],[139.6486,35.142],[139.6505,35.1397],[139.6485,35.1397],[139.6488,35.1389],[139.6475,35.1385],[139.6474,35.1393],[139.6472,35.1393],[139.6472,35.138],[139.6461,35.1377],[139.6454,35.1386],[139.6437,35.1381],[139.6435,35.1394],[139.6398,35.1379],[139.6392,35.139],[139.6406,35.1397],[139.6399,35.14],[139.6404,35.1407],[139.6396,35.1414],[139.6386,35.1405],[139.6379,35.1421],[139.6378,35.1406],[139.6373,35.1414],[139.6339,35.1398],[139.6301,35.1399],[139.6288,35.1381],[139.6302,35.1372],[139.6255,35.1375],[139.6215,35.1392],[139.6235,35.1431],[139.6194,35.1387],[139.6167,35.1397],[139.6176,35.1412],[139.615,35.1391],[139.6143,35.1395],[139.6154,35.1411],[139.6144,35.1413],[139.6133,35.1394],[139.6133,35.1416],[139.6118,35.1422],[139.6091,35.1399],[139.6098,35.1413],[139.6049,35.1447],[139.6044,35.1461],[139.6078,35.1429],[139.6113,35.1464],[139.6134,35.145],[139.6142,35.1449],[139.6149,35.1455],[139.6139,35.146],[139.615,35.1458],[139.6157,35.1477],[139.6173,35.1476],[139.614,35.149],[139.6158,35.1508],[139.6131,35.1503],[139.6133,35.1524],[139.6111,35.1511],[139.6106,35.153],[139.6076,35.153],[139.6082,35.1537],[139.607,35.1544],[139.6071,35.1559],[139.6091,35.1559],[139.6096,35.1547],[139.6139,35.1557],[139.6193,35.1546],[139.6195,35.1555],[139.6141,35.1575],[139.6146,35.1594],[139.6166,35.1582],[139.6196,35.1585],[139.616,35.1602],[139.6141,35.1602],[139.6111,35.1576],[139.6106,35.159],[139.612,35.1597],[139.6107,35.1605],[139.6105,35.1632],[139.6137,35.163],[139.6153,35.1617],[139.6185,35.1616],[139.6186,35.1634],[139.619,35.1635],[139.6192,35.1624],[139.6193,35.1634],[139.6225,35.1635],[139.6262,35.1618],[139.6301,35.1636],[139.6276,35.1642],[139.6262,35.1631],[139.6252,35.1638],[139.6264,35.1649],[139.6246,35.1641],[139.6225,35.1656],[139.6186,35.1665],[139.6168,35.1653],[139.618,35.1663],[139.6167,35.1668],[139.618,35.1684],[139.6169,35.1688],[139.6166,35.1715],[139.618,35.1718],[139.6178,35.1734],[139.6185,35.172],[139.6195,35.1725],[139.6201,35.1747],[139.6185,35.179],[139.6139,35.1831],[139.6202,35.1837],[139.6184,35.184],[139.6181,35.1858],[139.6169,35.1852],[139.6163,35.1854],[139.6176,35.1863],[139.6165,35.1867],[139.6173,35.1878],[139.6157,35.1899],[139.6167,35.1915],[139.6212,35.1975],[139.6246,35.1979],[139.6268,35.1997],[139.6301,35.1998],[139.6329,35.2052],[139.6479,35.2064],[139.655,35.2098],[139.655,35.2046],[139.6601,35.2001],[139.6601,35.1983],[139.662,35.1958],[139.6611,35.195],[139.6648,35.1931],[139.6619,35.1901],[139.6624,35.1896]]],[[[139.6601,35.1771],[139.66,35.177],[139.6601,35.1771],[139.6601,35.1771]]],[[[139.6553,35.1778],[139.6553,35.1778],[139.6554,35.1778],[139.6553,35.1778]]],[[[139.6556,35.1778],[139.6556,35.1779],[139.6557,35.1778],[139.6556,35.1778]]],[[[139.6558,35.1778],[139.6558,35.1779],[139.6559,35.1778],[139.6558,35.1778]]],[[[139.6558,35.178],[139.6558,35.178],[139.6559,35.1781],[139.6558,35.178]]],[[[139.6556,35.178],[139.6555,35.1781],[139.6556,35.1781],[139.6556,35.178]]],[[[139.6633,35.1899],[139.6638,35.1903],[139.6638,35.1902],[139.6633,35.1899]]],[[[139.6646,35.136],[139.6645,35.136],[139.6646,35.136],[139.6646,35.136]]],[[[139.6688,35.1364],[139.6687,35.1364],[139.6687,35.1366],[139.6688,35.1364]]],[[[139.6687,35.1372],[139.6687,35.1374],[139.669,35.1373],[139.6687,35.1372]]],[[[139.6639,35.1389],[139.6639,35.1389],[139.664,35.1389],[139.6639,35.1389]]],[[[139.6736,35.139],[139.6736,35.1391],[139.6738,35.139],[139.6736,35.139]]],[[[139.6738,35.1398],[139.6739,35.1395],[139.6737,35.1398],[139.6738,35.1398]]],[[[139.672,35.1405],[139.6718,35.1405],[139.672,35.1405],[139.672,35.1405]]],[[[139.6738,35.1407],[139.6741,35.1407],[139.6741,35.1404],[139.6738,35.1407]]],[[[139.6673,35.1406],[139.6673,35.1406],[139.6674,35.1406],[139.6673,35.1406]]],[[[139.6676,35.1408],[139.6677,35.1408],[139.6676,35.1407],[139.6676,35.1408]]],[[[139.6672,35.1408],[139.6671,35.1407],[139.667,35.1409],[139.6672,35.1408]]],[[[139.6672,35.1409],[139.6672,35.141],[139.6673,35.1409],[139.6672,35.1409]]],[[[139.6732,35.1409],[139.6732,35.1409],[139.6733,35.141],[139.6732,35.1409]]],[[[139.6738,35.1409],[139.6736,35.1409],[139.6738,35.141],[139.6738,35.1409]]],[[[139.6719,35.1411],[139.6718,35.1411],[139.6719,35.1412],[139.6719,35.1411]]],[[[139.6683,35.1412],[139.6681,35.1412],[139.6683,35.1412],[139.6683,35.1412]]],[[[139.6787,35.1418],[139.6785,35.1418],[139.6787,35.1418],[139.6787,35.1418]]],[[[139.6796,35.1446],[139.6796,35.1448],[139.6797,35.1447],[139.6796,35.1446]]],[[[139.6684,35.1449],[139.6681,35.1449],[139.6682,35.1451],[139.6684,35.1449]]],[[[139.6807,35.1454],[139.6804,35.1454],[139.6806,35.1454],[139.6807,35.1454]]],[[[139.6669,35.1456],[139.6672,35.1456],[139.667,35.1454],[139.6669,35.1456]]],[[[139.6807,35.1499],[139.6808,35.1497],[139.6805,35.1498],[139.6807,35.1499]]],[[[139.6822,35.1499],[139.6824,35.1501],[139.6826,35.1498],[139.6822,35.1499]]],[[[139.6806,35.15],[139.6805,35.15],[139.6806,35.1501],[139.6806,35.15]]],[[[139.6821,35.1501],[139.682,35.15],[139.682,35.1501],[139.6821,35.1501]]],[[[139.6798,35.1534],[139.6797,35.1535],[139.6799,35.1535],[139.6798,35.1534]]],[[[139.68,35.1535],[139.6804,35.1539],[139.6803,35.1535],[139.68,35.1535]]],[[[139.6803,35.1541],[139.6802,35.1542],[139.6804,35.1542],[139.6803,35.1541]]],[[[139.68,35.1544],[139.6799,35.1544],[139.68,35.1545],[139.68,35.1544]]]]}},{"type":"Feature","properties":{"code":"14301","name":"葉山町","pref_code":"14","pref":"神奈川県"},"geometry":{"type":"MultiPolygon","coordinates":[[[[139.5566,35.2691],[139.5568,35.2692],[139.5566,35.2691],[139.5566,35.2691]]],[[[139.5568,35.2695],[139.5569,35.2694],[139.5567,35.2694],[139.5568,35.2695]]],[[[139.5578,35.2696],[139.5575,35.2696],[139.5577,35.2698],[139.5578,35.2696]]],[[[139.5589,35.2698],[139.5589,35.2697],[139.5588,35.2698],[139.5589,35.2698]]],[[[139.5589,35.27],[139.5588,35.2699],[139.5589,35.27],[139.5589,35.27]]],[[[139.5596,35.2701],[139.5596,35.27],[139.5595,35.27],[139.5596,35.2701]]],[[[139.5584,35.2702],[139.5586,35.2701],[139.5585,35.2701],[139.5584,35.2702]]],[[[139.5587,35.2701],[139.5588,35.2703],[139.5589,35.2701],[139.5587,35.2701]]],[[[139.5602,35.2702],[139.5602,35.2703],[139.5603,35.2703],[139.5602,35.2702]]],[[[139.5599,35.2704],[139.5599,35.2703],[139.5598,35.2704],[139.5599,35.2704]]],[[[139.5612,35.2704],[139.5612,35.2703],[139.5612,35.2703],[139.5612,35.2704]]],[[[139.5593,35.2706],[139.5595,35.2702],[139.559,35.2706],[139.5593,35.2706]]],[[[139.5615,35.2705],[139.5614,35.2705],[139.5614,35.2705],[139.5615,35.2705]]],[[[139.5621,35.2706],[139.562,35.2706],[139.562,35.2706],[139.5621,35.2706]]],[[[139.5615,35.2707],[139.5615,35.2705],[139.5614,35.2707],[139.5615,35.2707]]],[[[139.5588,35.2707],[139.5587,35.2706],[139.5587,35.2707],[139.5588,35.2707]]],[[[139.5595,35.2705],[139.5594,35.2708],[139.5597,35.2706],[139.5595,35.2705]]],[[[139.5578,35.2708],[139.5578,35.2707],[139.5578,35.2707],[139.5578,35.2708]]],[[[139.562,35.2708],[139.562,35.2709],[139.562,35.2709],[139.562,35.2708]]],[[[139.5627,35.2709],[139.5626,35.2709],[139.5626,35.271],[139.5627,35.2709]]],[[[139.5621,35.2709],[139.5621,35.2709],[139.5621,35.271],[139.5621,35.2709]]],[[[139.5624,35.2711],[139.5625,35.271],[139.5625,35.2709],[139.5624,35.2711]]],[[[139.5624,35.271],[139.5624,35.2709],[139.5624,35.271],[139.5624,35.271]]],[[[139.5619,35.271],[139.5618,35.2709],[139.5619,35.271],[139.5619,35.271]]],[[[139.5622,35.2709],[139.5621,35.2711],[139.5621,35.2712],[139.5622,35.2709]]],[[[139.5588,35.2711],[139.5589,35.271],[139.5588,35.2711],[139.5588,35.2711]]],[[[139.558,35.2711],[139.558,35.271],[139.5579,35.271],[139.558,35.2711]]],[[[139.5623,35.271],[139.5623,35.2711],[139.5623,35.2711],[139.5623,35.271]]],[[[139.5626,35.2711],[139.5625,35.2711],[139.5625,35.2711],[139.5626,35.2711]]],[[[139.5615,35.2714],[139.5612,35.2709],[139.5611,35.2715],[139.5615,35.2714]]],[[[139.5604,35.2718],[139.5607,35.2706],[139.5596,35.2709],[139.5604,35.2718]]],[[[139.5623,35.2711],[139.5623,35.2712],[139.5624,35.2711],[139.5623,35.2711]]],[[[139.5622,35.2715],[139.5618,35.2711],[139.5616,35.2713],[139.5622,35.2715]]],[[[139.5658,35.2641],[139.5656,35.264],[139.5655,35.2641],[139.5658,35.2641]]],[[[139.5656,35.2642],[139.5656,35.2642],[139.5657,35.2642],[139.5656,35.2642]]],[[[139.5654,35.2642],[139.5654,35.2643],[139.5656,35.2642],[139.5654,35.2642]]],[[[139.5655,35.2645],[139.5659,35.2642],[139.5655,35.2644],[139.5655,35.2645]]],[[[139.5645,35.2644],[139.5644,35.2645],[139.5645,35.2645],[139.5645,35.2644]]],[[[139.5658,35.2645],[139.5657,35.2645],[139.5657,35.2645],[139.5658,35.2645]]],[[[139.5657,35.2645],[139.5656,35.2646],[139.5657,35.2645],[139.5657,35.2645]]],[[[139.5652,35.2646],[139.5654,35.2645],[139.5653,35.2645],[139.5652,35.2646]]],[[[139.5644,35.2645],[139.5643,35.2647],[139.5644,35.2646],[139.5644,35.2645]]],[[[139.5655,35.2646],[139.5655,35.2647],[139.5655,35.2646],[139.5655,35.2646]]],[[[139.5655,35.2647],[139.5656,35.2647],[139.5656,35.2647],[139.5655,35.2647]]],[[[139.5656,35.2648],[139.5655,35.2647],[139.5654,35.2648],[139.5656,35.2648]]],[[[139.5647,35.2649],[139.5647,35.2649],[139.5647,35.2649],[139.5647,35.2649]]],[[[139.5657,35.265],[139.5658,35.2649],[139.5657,35.265],[139.5657,35.265]]],[[[139.5647,35.265],[139.5648,35.2649],[139.5647,35.265],[139.5647,35.265]]],[[[139.5649,35.2649],[139.5648,35.2651],[139.565,35.265],[139.5649,35.2649]]],[[[139.5654,35.265],[139.5653,35.2651],[139.5654,35.2651],[139.5654,35.265]]],[[[139.5646,35.2651],[139.5645,35.2652],[139.5647,35.2651],[139.5646,35.2651]]],[[[139.5647,35.2652],[139.5648,35.2651],[139.5647,35.2651],[139.5647,35.2652]]],[[[139.5651,35.2652],[139.5652,35.2652],[139.5651,35.2651],[139.5651,35.2652]]],[[[139.5647,35.2652],[139.5646,35.2652],[139.5647,35.2652],[139.5647,35.2652]]],[[[139.564,35.2653],[139.5641,35.2654],[139.5641,35.2653],[139.564,35.2653]]],[[[139.5646,35.2654],[139.5646,35.2654],[139.5646,35.2654],[139.5646,35.2654]]],[[[139.5646,35.2655],[139.5647,35.2655],[139.5646,35.2654],[139.5646,35.2655]]],[[[139.5641,35.2658],[139.566,35.2653],[139.5659,35.265],[139.5641,35.2658]]],[[[139.5659,35.2661],[139.5657,35.2659],[139.5657,35.266],[139.5659,35.2661]]],[[[139.5629,35.2705],[139.5629,35.2706],[139.563,35.2705],[139.5629,35.2705]]],[[[139.5631,35.2706],[139.563,35.2707],[139.5631,35.2706],[139.5631,35.2706]]],[[[139.5629,35.2708],[139.5628,35.2707],[139.5628,35.2708],[139.5629,35.2708]]],[[[139.5635,35.271],[139.5636,35.2709],[139.5636,35.2708],[139.5635,35.271]]],[[[139.5641,35.271],[139.564,35.2711],[139.5641,35.2711],[139.5641,35.271]]],[[[139.5658,35.2714],[139.5659,35.2715],[139.5659,35.2715],[139.5658,35.2714]]],[[[139.5657,35.2716],[139.5656,35.2715],[139.5656,35.2716],[139.5657,35.2716]]],[[[139.566,35.2643],[139.5661,35.2643],[139.566,35.2643],[139.566,35.2643]]],[[[139.566,35.2644],[139.566,35.2644],[139.566,35.2644],[139.566,35.2644]]],[[[139.5659,35.2649],[139.5659,35.2648],[139.5658,35.2649],[139.5659,35.2649]]],[[[139.5673,35.2654],[139.5673,35.2648],[139.5668,35.2649],[139.5673,35.2654]]],[[[139.5666,35.2655],[139.5666,35.2653],[139.5665,35.2653],[139.5666,35.2655]]],[[[139.5664,35.2655],[139.5663,35.2654],[139.5663,35.2654],[139.5664,35.2655]]],[[[139.5679,35.2656],[139.568,35.2655],[139.5679,35.2655],[139.5679,35.2656]]],[[[139.5671,35.2656],[139.5671,35.2655],[139.567,35.2655],[139.5671,35.2656]]],[[[139.5659,35.2657],[139.5659,35.2656],[139.5659,35.2656],[139.5659,35.2657]]],[[[139.5662,35.2657],[139.5663,35.2656],[139.5662,35.2656],[139.5662,35.2657]]],[[[139.5666,35.2656],[139.5667,35.2657],[139.5667,35.2656],[139.5666,35.2656]]],[[[139.5663,35.2662],[139.5662,35.2661],[139.5662,35.2662],[139.5663,35.2662]]],[[[139.5677,35.266],[139.5667,35.2661],[139.5678,35.2666],[139.5677,35.266]]],[[[139.5666,35.2671],[139.5666,35.267],[139.5666,35.267],[139.5666,35.2671]]],[[[139.5669,35.2674],[139.5668,35.2674],[139.5668,35.2674],[139.5669,35.2674]]],[[[139.5664,35.2711],[139.5663,35.2711],[139.5664,35.2712],[139.5664,35.2711]]],[[[139.5665,35.2711],[139.5667,35.2711],[139.5666,35.2711],[139.5665,35.2711]]],[[[139.566,35.2711],[139.5661,35.2713],[139.5662,35.2711],[139.566,35.2711]]],[[[139.5667,35.2713],[139.5668,35.2714],[139.5668,35.2713],[139.5667,35.2713]]],[[[139.5665,35.2714],[139.5664,35.2714],[139.5665,35.2714],[139.5665,35.2714]]],[[[139.5671,35.2715],[139.567,35.2714],[139.567,35.2715],[139.5671,35.2715]]],[[[139.5661,35.2716],[139.5662,35.2715],[139.5661,35.2715],[139.5661,35.2716]]],[[[139.5659,35.2717],[139.5658,35.2716],[139.5658,35.2717],[139.5659,35.2717]]],[[[139.5671,35.2719],[139.5671,35.2717],[139.567,35.2718],[139.5671,35.2719]]],[[[139.568,35.2719],[139.5681,35.2719],[139.568,35.2719],[139.568,35.2719]]],[[[139.5674,35.2719],[139.5673,35.272],[139.5674,35.2719],[139.5674,35.2719]]],[[[139.568,35.2809],[139.5681,35.2809],[139.568,35.2809],[139.568,35.2809]]],[[[139.5679,35.2812],[139.568,35.2811],[139.5679,35.2811],[139.5679,35.2812]]],[[[139.5677,35.2811],[139.5678,35.2812],[139.5678,35.2812],[139.5677,35.2811]]],[[[139.5679,35.2814],[139.5681,35.2814],[139.5681,35.2814],[139.5679,35.2814]]],[[[139.5673,35.2818],[139.5668,35.2816],[139.5668,35.2817],[139.5673,35.2818]]],[[[139.5664,35.285],[139.5666,35.2851],[139.5666,35.285],[139.5664,35.285]]],[[[139.5662,35.2852],[139.5662,35.2851],[139.5661,35.2851],[139.5662,35.2852]]],[[[139.5682,35.2654],[139.5681,35.2655],[139.5682,35.2655],[139.5682,35.2654]]],[[[139.5682,35.2657],[139.5682,35.2657],[139.5683,35.2657],[139.5682,35.2657]]],[[[139.5701,35.2657],[139.57,35.2657],[139.5701,35.2658],[139.5701,35.2657]]],[[[139.5698,35.2658],[139.5698,35.2658],[139.5699,35.2658],[139.5698,35.2658]]],[[[139.5698,35.2699],[139.5698,35.2697],[139.5698,35.2698],[139.5698,35.2699]]],[[[139.5684,35.271],[139.5685,35.271],[139.5685,35.271],[139.5684,35.271]]],[[[139.5686,35.2711],[139.5687,35.2712],[139.5687,35.2711],[139.5686,35.2711]]],[[[139.5683,35.2712],[139.5684,35.2711],[139.5683,35.2711],[139.5683,35.2712]]],[[[139.568,35.2711],[139.5681,35.2713],[139.5682,35.2711],[139.568,35.2711]]],[[[139.5684,35.2718],[139.5684,35.2719],[139.5685,35.2719],[139.5684,35.2718]]],[[[139.5688,35.2721],[139.5688,35.272],[139.5687,35.2721],[139.5688,35.2721]]],[[[139.5685,35.2722],[139.5685,35.2723],[139.5685,35.2723],[139.5685,35.2722]]],[[[139.5687,35.2724],[139.5687,35.2724],[139.5687,35.2725],[139.5687,35.2724]]],[[[139.5686,35.2726],[139.5685,35.2725],[139.5685,35.2726],[139.5686,35.2726]]],[[[139.5687,35.2728],[139.5688,35.2728],[139.5687,35.2727],[139.5687,35.2728]]],[[[139.5688,35.273],[139.5689,35.273],[139.5688,35.273],[139.5688,35.273]]],[[[139.569,35.2732],[139.569,35.2731],[139.5689,35.2732],[139.569,35.2732]]],[[[139.5705,35.2766],[139.5697,35.2769],[139.5695,35.2771],[139.5695,35.2771],[139.5705,35.2766]]],[[[139.5697,35.2781],[139.5698,35.278],[139.5698,35.2779],[139.5697,35.2781]]],[[[139.5698,35.2784],[139.5699,35.2783],[139.5699,35.2783],[139.5698,35.2784]]],[[[139.5697,35.2785],[139.5696,35.2784],[139.5696,35.2785],[139.5697,35.2785]]],[[[139.5694,35.2791],[139.5692,35.2792],[139.5694,35.2792],[139.5694,35.2791]]],[[[139.5691,35.2794],[139.5691,35.2793],[139.5691,35.2794],[139.5691,35.2794]]],[[[139.5691,35.2795],[139.569,35.2795],[139.569,35.2796],[139.5691,35.2795]]],[[[139.5687,35.2796],[139.5688,35.2796],[139.5688,35.2795],[139.5687,35.2796]]],[[[139.569,35.2798],[139.5693,35.2796],[139.569,35.2797],[139.569,35.2798]]],[[[139.5688,35.2798],[139.5689,35.2797],[139.5688,35.2798],[139.5688,35.2798]]],[[[139.5691,35.28],[139.5691,35.2799],[139.569,35.28],[139.5691,35.28]]],[[[139.5687,35.2802],[139.569,35.2801],[139.5689,35.28],[139.5687,35.2802]]],[[[139.5683,35.2804],[139.5685,35.2805],[139.5685,35.2804],[139.5683,35.2804]]],[[[139.5686,35.2805],[139.5686,35.2806],[139.5687,35.2806],[139.5686,35.2805]]],[[[139.568,35.2807],[139.5682,35.2806],[139.5681,35.2806],[139.568,35.2807]]],[[[139.5683,35.2809],[139.5683,35.2807],[139.5682,35.2807],[139.5683,35.2809]]],[[[139.5786,35.2553],[139.5785,35.2554],[139.5786,35.2554],[139.5786,35.2553]]],[[[139.5784,35.2556],[139.5785,35.2555],[139.5784,35.2555],[139.5784,35.2556]]],[[[139.5765,35.2582],[139.5765,35.2583],[139.5766,35.2582],[139.5765,35.2582]]],[[[139.5763,35.2585],[139.5765,35.2584],[139.5764,35.2584],[139.5763,35.2585]]],[[[139.5767,35.2585],[139.5767,35.2585],[139.5766,35.2585],[139.5767,35.2585]]],[[[139.5768,35.2588],[139.5768,35.2587],[139.5767,35.2587],[139.5768,35.2588]]],[[[139.5757,35.2587],[139.5758,35.2588],[139.5757,35.2587],[139.5757,35.2587]]],[[[139.5764,35.2589],[139.5763,35.2589],[139.5762,35.2589],[139.5764,35.2589]]],[[[139.576,35.259],[139.5761,35.2591],[139.5761,35.259],[139.576,35.259]]],[[[139.5749,35.2593],[139.5749,35.2593],[139.5748,35.2593],[139.5749,35.2593]]],[[[139.5753,35.2595],[139.5752,35.2595],[139.5752,35.2595],[139.5753,35.2595]]],[[[139.5749,35.2595],[139.5745,35.2596],[139.5749,35.2596],[139.5749,35.2595]]],[[[139.5755,35.2597],[139.5756,35.2595],[139.5755,35.2596],[139.5755,35.2597]]],[[[139.5739,35.2598],[139.5737,35.2595],[139.5736,35.2598],[139.5739,35.2598]]],[[[139.5745,35.2599],[139.5744,35.2598],[139.5744,35.2599],[139.5745,35.2599]]],[[[139.5751,35.2601],[139.5753,35.26],[139.5751,35.26],[139.5751,35.2601]]],[[[139.576,35.2606],[139.5756,35.2611],[139.5758,35.2611],[139.576,35.2606]]],[[[139.5712,35.2647],[139.5711,35.2647],[139.5712,35.2647],[139.5712,35.2647]]],[[[139.5719,35.265],[139.572,35.265],[139.5719,35.2649],[139.5719,35.265]]],[[[139.5714,35.2652],[139.5714,35.2653],[139.5715,35.2653],[139.5714,35.2652]]],[[[139.5735,35.2653],[139.5735,35.2653],[139.5734,35.2653],[139.5735,35.2653]]],[[[139.5707,35.2653],[139.5709,35.2654],[139.5709,35.2653],[139.5707,35.2653]]],[[[139.5736,35.2654],[139.5738,35.2653],[139.5736,35.2653],[139.5736,35.2654]]],[[[139.5712,35.2655],[139.5713,35.2654],[139.5711,35.2654],[139.5712,35.2655]]],[[[139.5712,35.2656],[139.5711,35.2655],[139.5711,35.2656],[139.5712,35.2656]]],[[[139.5717,35.2655],[139.5715,35.2657],[139.5717,35.2658],[139.5717,35.2655]]],[[[139.5707,35.2658],[139.5705,35.2657],[139.5705,35.2657],[139.5707,35.2658]]],[[[139.572,35.2659],[139.5722,35.2658],[139.5721,35.2657],[139.572,35.2659]]],[[[139.5717,35.2659],[139.5719,35.2658],[139.5717,35.2659],[139.5717,35.2659]]],[[[139.5704,35.2699],[139.5703,35.2698],[139.5702,35.2698],[139.5704,35.2699]]],[[[139.5701,35.27],[139.5702,35.27],[139.5702,35.2699],[139.5701,35.27]]],[[[139.5962,35.2916],[139.6095,35.2904],[139.6113,35.2886],[139.6115,35.2866],[139.6049,35.282],[139.5965,35.2808],[139.598,35.277],[139.5999,35.2778],[139.6053,35.2761],[139.6127,35.278],[139.6197,35.2757],[139.6232,35.2764],[139.6244,35.278],[139.6231,35.2793],[139.6276,35.279],[139.6322,35.2746],[139.6378,35.2731],[139.6393,35.2736],[139.642,35.2723],[139.6386,35.2701],[139.6378,35.2648],[139.6381,35.2637],[139.6408,35.2627],[139.6347,35.2611],[139.6295,35.2584],[139.6269,35.2555],[139.6217,35.2573],[139.6211,35.2609],[139.6183,35.2615],[139.6144,35.2595],[139.6132,35.2577],[139.6035,35.2581],[139.5992,35.2554],[139.5867,35.2554],[139.5857,35.254],[139.5822,35.2549],[139.5796,35.2538],[139.5766,35.2531],[139.5763,35.254],[139.5792,35.254],[139.5798,35.2563],[139.5788,35.2565],[139.5786,35.259],[139.5757,35.2601],[139.5771,35.2619],[139.5755,35.2647],[139.571,35.2664],[139.5684,35.2661],[139.5674,35.2673],[139.5685,35.2696],[139.5707,35.2692],[139.5708,35.2711],[139.5689,35.2723],[139.5707,35.2739],[139.571,35.2762],[139.5704,35.2782],[139.5695,35.2788],[139.5703,35.2792],[139.5679,35.2817],[139.569,35.2815],[139.5688,35.2826],[139.5681,35.2819],[139.5679,35.2831],[139.5666,35.2825],[139.5666,35.2831],[139.5656,35.2833],[139.5648,35.2845],[139.5661,35.2832],[139.5668,35.2844],[139.5655,35.2842],[139.5669,35.2849],[139.5669,35.2856],[139.5678,35.2841],[139.5687,35.2843],[139.568,35.2852],[139.5697,35.285],[139.5744,35.2824],[139.5776,35.2843],[139.579,35.2871],[139.5838,35.2865],[139.5894,35.2913],[139.5931,35.2903],[139.5962,35.2916]]],[[[139.5703,35.2777],[139.5703,35.2778],[139.5704,35.2777],[139.5703,35.2777]]]]}},{"type":"Feature","properties":{"code":"14341","name":"大磯町","pref_code":"14","pref":"神奈川県"},"geometry":{"type":"MultiPolygon","coordinates":[[[[139.3161,35.3053],[139.3157,35.3053],[139.3159,35.3056],[139.3161,35.3053]]],[[[139.2621,35.3342],[139.2737,35.3339],[139.2794,35.3325],[139.2827,35.3336],[139.2836,35.3325],[139.2829,35.3305],[139.2844,35.3301],[139.2957,35.331],[139.296,35.3277],[139.2938,35.3248],[139.2981,35.3239],[139.301,35.3218],[139.3089,35.3213],[139.3046,35.3201],[139.3055,35.3192],[139.3123,35.3221],[139.3189,35.3225],[139.3187,35.3251],[139.3233,35.3256],[139.3242,35.3283],[139.3278,35.3249],[139.3311,35.3262],[139.3341,35.3232],[139.3316,35.321],[139.3291,35.321],[139.3284,35.3163],[139.33,35.3121],[139.3203,35.3093],[139.3187,35.3079],[139.3202,35.3069],[139.3196,35.3059],[139.3201,35.3069],[139.3183,35.3081],[139.3176,35.3072],[139.3189,35.3071],[139.3168,35.306],[139.3205,35.3049],[139.3187,35.3047],[139.3156,35.3057],[139.312,35.3059],[139.2693,35.2973],[139.2663,35.3049],[139.2664,35.3094],[139.2652,35.3106],[139.2646,35.3148],[139.2633,35.3159],[139.258,35.3151],[139.2568,35.3195],[139.2509,35.3288],[139.2591,35.3307],[139.2621,35.3342]]]]}},{"type":"Feature","properties":{"code":"14342","name":"二宮町","pref_code":"14","pref":"神奈川県"},"geometry":{"type":"Polygon","coordinates":[[[139.2493,35.3299],[139.2568,35.3195],[139.258,35.3151],[139.2633,35.3159],[139.2646,35.3148],[139.2652,35.3106],[139.2664,35.3094],[139.2663,35.3049],[139.2693,35.2973],[139.2515,35.2934],[139.2484,35.2922],[139.2488,35.2912],[139.2471,35.2916],[139.2341,35.2864],[139.2335,35.2878],[139.2351,35.2886],[139.2343,35.2903],[139.2376,35.2889],[139.2368,35.2904],[139.2374,35.2928],[139.2358,35.2933],[139.2375,35.2962],[139.2357,35.2968],[139.2353,35.2988],[139.238,35.3008],[139.2383,35.3045],[139.2365,35.3075],[139.2362,35.3108],[139.2381,35.3148],[139.2329,35.3198],[139.2366,35.321],[139.239,35.3242],[139.2452,35.3289],[139.2493,35.3299]]]}},{"type":"Feature","properties":{"code":"14383","name":"真鶴町","pref_code":"14","pref":"神奈川県"},"geometry":{"type":"MultiPolygon","coordinates":[[[[139.1408,35.163],[139.1409,35.1628],[139.1407,35.1629],[139.1408,35.163]]],[[[139.1425,35.163],[139.1424,35.1632],[139.1426,35.1631],[139.1425,35.163]]],[[[139.1406,35.1631],[139.1406,35.1631],[139.1406,35.1631],[139.1406,35.1631]]],[[[139.1411,35.1631],[139.1411,35.1631],[139.1411,35.1631],[139.1411,35.1631]]],[[[139.1409,35.1631],[139.1409,35.1632],[139.1409,35.1631],[139.1409,35.1631]]],[[[139.141,35.1631],[139.141,35.1632],[139.141,35.1631],[139.141,35.1631]]],[[[139.1408,35.1631],[139.1408,35.1632],[139.1408,35.1631],[139.1408,35.1631]]],[[[139.141,35.1632],[139.1411,35.1632],[139.141,35.1632],[139.141,35.1632]]],[[[139.1409,35.1632],[139.1409,35.1632],[139.1409,35.1632],[139.1409,35.1632]]],[[[139.1408,35.1632],[139.1408,35.1632],[139.1408,35.1632],[139.1408,35.1632]]],[[[139.1408,35.1632],[139.1409,35.1632],[139.1409,35.1632],[139.1408,35.1632]]],[[[139.1409,35.1633],[139.1409,35.1633],[139.1409,35.1633],[139.1409,35.1633]]],[[[139.1409,35.1633],[139.141,35.1633],[139.1409,35.1633],[139.1409,35.1633]]],[[[139.103,35.1871],[139.1165,35.1851],[139.1253,35.1821],[139.1313,35.178],[139.1372,35.1788],[139.1389,35.1759],[139.143,35.1734],[139.1442,35.1697],[139.1454,35.1684],[139.1452,35.1674],[139.1405,35.1633],[139.1402,35.1624],[139.1427,35.1603],[139.1425,35.1613],[139.1433,35.1615],[139.1444,35.159],[139.1441,35.159],[139.1436,35.1573],[139.1446,35.1539],[139.1452,35.1536],[139.1457,35.1523],[139.1428,35.1541],[139.1416,35.1522],[139.1452,35.1518],[139.1463,35.1507],[139.1469,35.1508],[139.1472,35.1513],[139.1469,35.1504],[139.1486,35.1501],[139.149,35.148],[139.1505,35.1468],[139.155,35.1479],[139.1577,35.1473],[139.1592,35.1453],[139.158,35.1442],[139.1616,35.1426],[139.1618,35.1416],[139.1602,35.1403],[139.16,35.1406],[139.1593,35.1409],[139.1589,35.1406],[139.1586,35.1412],[139.1569,35.1416],[139.157,35.142],[139.1559,35.1421],[139.1542,35.1401],[139.1523,35.1416],[139.1515,35.1403],[139.1497,35.1416],[139.1492,35.144],[139.1445,35.1442],[139.1387,35.1479],[139.1386,35.1491],[139.1377,35.1481],[139.1371,35.1504],[139.1332,35.1548],[139.1295,35.1554],[139.1267,35.1593],[139.1276,35.1621],[139.1297,35.1634],[139.129,35.1661],[139.1202,35.1716],[139.1125,35.1807],[139.1045,35.1843],[139.103,35.1871]]],[[[139.1414,35.1636],[139.1413,35.1636],[139.1414,35.1636],[139.1414,35.1636]]],[[[139.1416,35.1637],[139.1416,35.1637],[139.1417,35.1637],[139.1416,35.1637]]],[[[139.1423,35.1641],[139.1422,35.1641],[139.1422,35.1641],[139.1423,35.1641]]],[[[139.1423,35.1641],[139.1423,35.1642],[139.1423,35.1641],[139.1423,35.1641]]],[[[139.1425,35.1643],[139.1425,35.1643],[139.1425,35.1643],[139.1425,35.1643]]],[[[139.1424,35.1644],[139.1424,35.1645],[139.1424,35.1645],[139.1424,35.1644]]],[[[139.1425,35.1645],[139.1424,35.1645],[139.1424,35.1645],[139.1425,35.1645]]],[[[139.1435,35.1654],[139.1434,35.1654],[139.1434,35.1655],[139.1435,35.1654]]],[[[139.1437,35.1655],[139.1437,35.1656],[139.1437,35.1656],[139.1437,35.1655]]],[[[139.1434,35.1733],[139.1435,35.1733],[139.1435,35.1733],[139.1434,35.1733]]],[[[139.1433,35.1733],[139.1433,35.1733],[139.1433,35.1733],[139.1433,35.1733]]],[[[139.1433,35.1735],[139.1433,35.1735],[139.1433,35.1735],[139.1433,35.1735]]],[[[139.1448,35.1542],[139.1447,35.1542],[139.1448,35.1542],[139.1448,35.1542]]],[[[139.1449,35.1544],[139.1448,35.1545],[139.1449,35.1544],[139.1449,35.1544]]],[[[139.1447,35.1546],[139.1447,35.1547],[139.1448,35.1546],[139.1447,35.1546]]],[[[139.1449,35.1546],[139.1448,35.1547],[139.1449,35.1547],[139.1449,35.1546]]],[[[139.1447,35.1555],[139.1447,35.1556],[139.1447,35.1555],[139.1447,35.1555]]],[[[139.1448,35.1555],[139.1448,35.1556],[139.1448,35.1555],[139.1448,35.1555]]],[[[139.1448,35.1558],[139.1448,35.1558],[139.1448,35.1558],[139.1448,35.1558]]],[[[139.1449,35.1559],[139.1448,35.156],[139.145,35.1559],[139.1449,35.1559]]],[[[139.1447,35.156],[139.1446,35.1561],[139.1447,35.156],[139.1447,35.156]]],[[[139.1444,35.1564],[139.1442,35.1565],[139.1443,35.1567],[139.1444,35.1564]]],[[[139.1444,35.1569],[139.1443,35.1568],[139.1443,35.1569],[139.1444,35.1569]]],[[[139.1441,35.1571],[139.144,35.1572],[139.1441,35.1571],[139.1441,35.1571]]],[[[139.1443,35.1588],[139.1443,35.1587],[139.1443,35.1587],[139.1443,35.1588]]],[[[139.1444,35.1663],[139.1444,35.1663],[139.1444,35.1663],[139.1444,35.1663]]],[[[139.1444,35.1665],[139.1444,35.1665],[139.1444,35.1665],[139.1444,35.1665]]],[[[139.1444,35.1666],[139.1445,35.1666],[139.1445,35.1665],[139.1444,35.1666]]],[[[139.1448,35.1666],[139.1448,35.1666],[139.1448,35.1666],[139.1448,35.1666]]],[[[139.1447,35.1666],[139.1447,35.1666],[139.1447,35.1666],[139.1447,35.1666]]],[[[139.1446,35.1666],[139.1447,35.1666],[139.1447,35.1666],[139.1446,35.1666]]],[[[139.1441,35.17],[139.1442,35.17],[139.1442,35.17],[139.1441,35.17]]],[[[139.1443,35.1702],[139.1443,35.1702],[139.1443,35.1702],[139.1443,35.1702]]],[[[139.144,35.1704],[139.1441,35.1704],[139.144,35.1704],[139.144,35.1704]]],[[[139.144,35.1705],[139.144,35.1706],[139.144,35.1706],[139.144,35.1705]]],[[[139.1444,35.1707],[139.1444,35.1707],[139.1444,35.1707],[139.1444,35.1707]]],[[[139.144,35.1709],[139.144,35.1709],[139.144,35.1709],[139.144,35.1709]]],[[[139.1439,35.171],[139.1439,35.171],[139.1439,35.171],[139.1439,35.171]]],[[[139.1627,35.1377],[139.1627,35.1376],[139.1627,35.1376],[139.1627,35.1377]]],[[[139.164,35.1379],[139.164,35.1379],[139.164,35.1378],[139.164,35.1379]]],[[[139.1634,35.1388],[139.1634,35.137],[139.1628,35.1391],[139.1634,35.1388]]],[[[139.1598,35.1405],[139.1598,35.1406],[139.1598,35.1405],[139.1598,35.1405]]],[[[139.1504,35.1407],[139.1504,35.1406],[139.1503,35.1406],[139.1504,35.1407]]],[[[139.1494,35.1486],[139.1495,35.1481],[139.1492,35.1487],[139.1494,35.1486]]],[[[139.1495,35.1489],[139.149,35.1491],[139.1489,35.1498],[139.1495,35.1489]]],[[[139.1481,35.1503],[139.1481,35.1504],[139.1482,35.1503],[139.1481,35.1503]]],[[[139.1467,35.1509],[139.1468,35.1512],[139.1468,35.1512],[139.1467,35.1509]]],[[[139.1491,35.1514],[139.1489,35.1511],[139.1495,35.1524],[139.1491,35.1514]]],[[[139.1472,35.152],[139.1458,35.1528],[139.1472,35.152],[139.1472,35.152]]],[[[139.1453,35.1538],[139.1456,35.1536],[139.1451,35.1538],[139.1453,35.1538]]],[[[139.1449,35.1545],[139.1449,35.1546],[139.1449,35.1545],[139.1449,35.1545]]],[[[139.145,35.1548],[139.1449,35.1548],[139.145,35.1548],[139.145,35.1548]]],[[[139.1475,35.1662],[139.1476,35.166],[139.1475,35.1661],[139.1475,35.1662]]],[[[139.1481,35.1663],[139.1481,35.1663],[139.1481,35.1663],[139.1481,35.1663]]],[[[139.1475,35.1665],[139.1474,35.1664],[139.1474,35.1665],[139.1475,35.1665]]],[[[139.1449,35.1669],[139.1449,35.1669],[139.1449,35.1669],[139.1449,35.1669]]],[[[139.1463,35.167],[139.1464,35.167],[139.1465,35.167],[139.1464,35.1669],[139.1463,35.167]]],[[[139.1467,35.1672],[139.1467,35.1671],[139.1467,35.1672],[139.1467,35.1672]]],[[[139.1454,35.1672],[139.1454,35.1672],[139.1454,35.1672],[139.1454,35.1672]]],[[[139.1452,35.1672],[139.1452,35.1673],[139.1452,35.1672],[139.1452,35.1672]]],[[[139.1463,35.1671],[139.1462,35.1675],[139.1465,35.1671],[139.1463,35.1671]]],[[[139.1465,35.1674],[139.1466,35.1673],[139.1465,35.1673],[139.1465,35.1674]]],[[[139.1456,35.1681],[139.1456,35.1681],[139.1456,35.1681],[139.1456,35.1681]]],[[[139.1449,35.169],[139.1449,35.169],[139.1449,35.169],[139.1449,35.169]]]]}},{"type":"Feature","properties":{"code":"14384","name":"湯河原町","pref_code":"14","pref":"神奈川県"},"geometry":{"type":"Polygon","coordinates":[[[139.0791,35.1958],[139.0872,35.1934],[139.0909,35.1934],[139.0932,35.1917],[139.0937,35.1896],[139.1021,35.1877],[139.1045,35.1843],[139.1125,35.1807],[139.1202,35.1716],[139.129,35.1661],[139.1297,35.1634],[139.1276,35.1621],[139.1267,35.1593],[139.1295,35.1554],[139.1332,35.1548],[139.1371,35.1504],[139.1376,35.1492],[139.1374,35.1486],[139.1347,35.1506],[139.1315,35.1496],[139.1327,35.1502],[139.1312,35.1509],[139.1315,35.1502],[139.1264,35.1492],[139.123,35.1504],[139.1173,35.1474],[139.1162,35.1464],[139.1168,35.1455],[139.1121,35.1414],[139.1081,35.1419],[139.101,35.1403],[139.09,35.1402],[139.0831,35.1413],[139.0758,35.145],[139.0658,35.1441],[139.0593,35.1472],[139.0516,35.1471],[139.0482,35.1497],[139.0286,35.1505],[139.0284,35.1549],[139.0312,35.157],[139.0305,35.1587],[139.0263,35.1603],[139.0295,35.1652],[139.0276,35.1671],[139.0291,35.1703],[139.0266,35.1722],[139.0265,35.1754],[139.042,35.1776],[139.0422,35.1797],[139.0461,35.1812],[139.0464,35.1834],[139.0511,35.186],[139.0517,35.1877],[139.0643,35.1929],[139.0661,35.1952],[139.0714,35.1975],[139.0743,35.2012],[139.0767,35.2002],[139.0791,35.1958]]]}}]}