{"type":"FeatureCollection","pref_code":"18","features":[{"type":"Feature","properties":{"code":"18201","name":"福井市","pref_code":"18","pref":"福井県"},"geometry":{"type":"MultiPolygon","coordinates":[[[[135.9648,35.9979],[135.9648,35.998],[135.9649,35.998],[135.9648,35.9979]]],[[[135.9639,35.9981],[135.9644,35.9981],[135.9642,35.9979],[135.9639,35.9981]]],[[[135.9651,35.9986],[135.9651,35.9985],[135.9651,35.9985],[135.9651,35.9986]]],[[[135.9666,35.9987],[135.9665,35.9986],[135.9665,35.9987],[135.9666,35.9987]]],[[[135.9655,35.9988],[135.966,35.9989],[135.9657,35.9988],[135.9655,35.9988]]],[[[135.9651,35.999],[135.9652,35.9989],[135.9651,35.9989],[135.9651,35.999]]],[[[135.9651,35.999],[135.9651,35.999],[135.965,35.999],[135.9651,35.999]]],[[[135.9652,35.999],[135.9652,35.9989],[135.9652,35.999],[135.9652,35.999]]],[[[135.9671,35.9991],[135.9671,35.9992],[135.9671,35.9992],[135.9671,35.9991]]],[[[135.9664,35.9992],[135.9664,35.9992],[135.9664,35.9992],[135.9664,35.9992]]],[[[135.9671,35.9996],[135.9671,35.9995],[135.967,35.9996],[135.9671,35.9996]]],[[[135.9674,35.9995],[135.9673,35.9996],[135.9673,35.9997],[135.9674,35.9995]]],[[[135.9675,36.0011],[135.9675,36.0011],[135.9675,36.0011],[135.9675,36.0011]]],[[[135.9708,36.0015],[135.971,36.0015],[135.9707,36.0013],[135.9708,36.0015]]],[[[135.9683,36.0014],[135.9682,36.0014],[135.968,36.0015],[135.9683,36.0014]]],[[[135.9688,36.0014],[135.9685,36.0014],[135.9686,36.0015],[135.9688,36.0014]]],[[[135.9706,36.0015],[135.9706,36.0016],[135.9708,36.0016],[135.9706,36.0015]]],[[[135.9709,36.0016],[135.971,36.0016],[135.9709,36.0016],[135.9709,36.0016]]],[[[135.9708,36.0016],[135.9708,36.0016],[135.9709,36.0016],[135.9708,36.0016]]],[[[135.9711,36.0017],[135.971,36.0016],[135.9709,36.0016],[135.9711,36.0017]]],[[[135.9706,36.0018],[135.9706,36.0018],[135.9706,36.0017],[135.9706,36.0018]]],[[[135.9707,36.0018],[135.9707,36.0018],[135.9707,36.0018],[135.9707,36.0018]]],[[[135.9706,36.0018],[135.9706,36.0019],[135.9706,36.0018],[135.9706,36.0018]]],[[[135.9683,36.0018],[135.9683,36.0019],[135.9684,36.0018],[135.9683,36.0018]]],[[[135.9681,36.0019],[135.968,36.0019],[135.9678,36.0019],[135.9681,36.0019]]],[[[135.9679,36.002],[135.9678,36.0021],[135.968,36.0021],[135.9679,36.002]]],[[[135.9721,36.0021],[135.9721,36.0022],[135.9722,36.0022],[135.9721,36.0021]]],[[[135.972,36.0022],[135.9719,36.0023],[135.972,36.0023],[135.972,36.0022]]],[[[135.9719,36.0025],[135.9718,36.0025],[135.9719,36.0026],[135.9719,36.0025]]],[[[135.9717,36.0026],[135.9718,36.0026],[135.9717,36.0025],[135.9717,36.0026]]],[[[135.9694,36.0028],[135.9695,36.0027],[135.9694,36.0027],[135.9694,36.0028]]],[[[135.9728,36.0029],[135.9727,36.003],[135.9728,36.0029],[135.9728,36.0029]]],[[[135.9735,36.0039],[135.9735,36.004],[135.9736,36.004],[135.9735,36.0039]]],[[[135.9738,36.0052],[135.9735,36.0051],[135.9736,36.0054],[135.9738,36.0052]]],[[[135.9849,36.0089],[135.9848,36.009],[135.9849,36.009],[135.9849,36.0089]]],[[[135.9849,36.0092],[135.9851,36.0092],[135.9851,36.0092],[135.9849,36.0092]]],[[[135.983,36.01],[135.9831,36.01],[135.983,36.01],[135.983,36.01]]],[[[135.9858,36.0109],[135.9858,36.0108],[135.9857,36.0108],[135.9858,36.0109]]],[[[135.9896,36.0146],[135.9896,36.0146],[135.9896,36.0146],[135.9896,36.0146]]],[[[135.9963,36.0196],[135.9963,36.0195],[135.9962,36.0195],[135.9963,36.0196]]],[[[135.9963,36.0197],[135.9964,36.0196],[135.9963,36.0196],[135.9963,36.0197]]],[[[135.996,36.0197],[135.996,36.0196],[135.996,36.0197],[135.996,36.0197]]],[[[135.996,36.0198],[135.9962,36.0198],[135.9962,36.0198],[135.996,36.0198]]],[[[136.0115,36.047],[136.0119,36.0469],[136.0117,36.0466],[136.0115,36.047]]],[[[136.0148,36.0518],[136.0149,36.0519],[136.0149,36.0519],[136.0148,36.0518]]],[[[136.0149,36.0519],[136.0149,36.0519],[136.0149,36.0519],[136.0149,36.0519]]],[[[136.0148,36.052],[136.0147,36.052],[136.0148,36.0521],[136.0148,36.052]]],[[[136.0147,36.0521],[136.0147,36.0521],[136.0147,36.0521],[136.0147,36.0521]]],[[[136.0148,36.0521],[136.0149,36.0522],[136.0148,36.0521],[136.0148,36.0521]]],[[[136.0147,36.0521],[136.0147,36.0522],[136.0147,36.0522],[136.0147,36.0521]]],[[[136.0147,36.0521],[136.0147,36.0521],[136.0148,36.0522],[136.0147,36.0521]]],[[[136.0147,36.0523],[136.0146,36.0521],[136.0146,36.0521],[136.0147,36.0523]]],[[[136.0147,36.0523],[136.0147,36.0522],[136.0147,36.0522],[136.0147,36.0523]]],[[[136.0154,36.0529],[136.0149,36.052],[136.0148,36.052],[136.0154,36.0529]]],[[[136.015,36.0527],[136.015,36.0527],[136.0149,36.0526],[136.015,36.0527]]],[[[136.0152,36.0528],[136.0152,36.0527],[136.0152,36.0528],[136.0152,36.0528]]],[[[136.0149,36.0529],[136.0149,36.0529],[136.0149,36.0528],[136.0149,36.0529]]],[[[136.015,36.0528],[136.0149,36.0527],[136.0153,36.0532],[136.015,36.0528]]],[[[136.0156,36.0532],[136.0153,36.0528],[136.0155,36.0531],[136.0156,36.0532]]],[[[136.0157,36.0534],[136.0157,36.0534],[136.0157,36.0534],[136.0157,36.0534]]],[[[136.0163,36.0536],[136.0163,36.0535],[136.0163,36.0536],[136.0163,36.0536]]],[[[136.0168,36.0546],[136.0167,36.0547],[136.017,36.0548],[136.0168,36.0546]]],[[[136.0163,36.0546],[136.0164,36.0548],[136.0165,36.0547],[136.0163,36.0546]]],[[[136.0169,36.0549],[136.017,36.0548],[136.0168,36.0549],[136.0169,36.0549]]],[[[136.0168,36.0549],[136.0168,36.0549],[136.0168,36.0549],[136.0168,36.0549]]],[[[136.017,36.055],[136.0171,36.055],[136.0171,36.055],[136.017,36.055]]],[[[136.017,36.0551],[136.017,36.0551],[136.017,36.0551],[136.017,36.0551]]],[[[136.0172,36.0552],[136.0172,36.0551],[136.0171,36.0551],[136.0171,36.0551],[136.0172,36.0552]]],[[[136.0174,36.0587],[136.0174,36.0587],[136.0174,36.0587],[136.0174,36.0587]]],[[[136.0177,36.0629],[136.0177,36.0629],[136.0176,36.0629],[136.0177,36.0629]]],[[[136.0178,36.0631],[136.0179,36.0631],[136.0179,36.0631],[136.0178,36.0631]]],[[[136.0177,36.0635],[136.0177,36.0636],[136.0177,36.0635],[136.0177,36.0635]]],[[[136.0194,36.0588],[136.0194,36.0589],[136.0195,36.0588],[136.0194,36.0588]]],[[[136.0189,36.0602],[136.0188,36.0602],[136.0188,36.0603],[136.0189,36.0602]]],[[[136.0192,36.061],[136.0193,36.061],[136.0192,36.061],[136.0192,36.061]]],[[[136.0193,36.0611],[136.0193,36.0611],[136.0193,36.0611],[136.0193,36.0611]]],[[[136.0193,36.0612],[136.0193,36.0612],[136.0193,36.0612],[136.0193,36.0612]]],[[[136.0192,36.0613],[136.0191,36.0614],[136.0194,36.0614],[136.0192,36.0613]]],[[[136.0194,36.0615],[136.0193,36.0614],[136.0193,36.0615],[136.0194,36.0615]]],[[[136.0194,36.0616],[136.0194,36.0615],[136.0194,36.0615],[136.0194,36.0616]]],[[[136.0196,36.062],[136.0199,36.0617],[136.0197,36.0617],[136.0196,36.062]]],[[[136.0195,36.062],[136.0194,36.062],[136.0195,36.062],[136.0195,36.062]]],[[[136.0197,36.062],[136.0197,36.0621],[136.0197,36.0621],[136.0197,36.062]]],[[[136.0195,36.0622],[136.0193,36.062],[136.0192,36.062],[136.0195,36.0622]]],[[[136.0199,36.0623],[136.0198,36.0623],[136.0198,36.0623],[136.0199,36.0623]]],[[[136.0198,36.0624],[136.0198,36.0623],[136.0197,36.0623],[136.0198,36.0624]]],[[[136.0181,36.0624],[136.0181,36.0625],[136.0181,36.0625],[136.0181,36.0624]]],[[[136.0189,36.0628],[136.0189,36.0628],[136.019,36.0628],[136.0189,36.0628]]],[[[136.0195,36.0628],[136.0194,36.0629],[136.0195,36.0629],[136.0195,36.0628]]],[[[136.0189,36.0633],[136.0189,36.0632],[136.0189,36.0633],[136.0189,36.0633]]],[[[136.0181,36.0633],[136.018,36.0634],[136.0181,36.0634],[136.0181,36.0633]]],[[[136.0194,36.0638],[136.0193,36.0638],[136.0193,36.0638],[136.0194,36.0638]]],[[[136.0188,36.064],[136.0188,36.064],[136.0189,36.064],[136.0188,36.064]]],[[[136.019,36.0642],[136.0189,36.0641],[136.0189,36.0641],[136.019,36.0642]]],[[[136.019,36.0643],[136.0191,36.0641],[136.0189,36.0643],[136.019,36.0643]]],[[[136.0187,36.0643],[136.0187,36.0643],[136.0186,36.0642],[136.0187,36.0643]]],[[[136.0191,36.0645],[136.0193,36.0645],[136.0192,36.0643],[136.0191,36.0645]]],[[[136.0187,36.0645],[136.0187,36.0644],[136.0187,36.0644],[136.0187,36.0645]]],[[[136.0188,36.0645],[136.0188,36.0646],[136.0188,36.0645],[136.0188,36.0645]]],[[[136.0188,36.0645],[136.0188,36.0646],[136.0189,36.0645],[136.0188,36.0645]]],[[[136.0189,36.0648],[136.019,36.0647],[136.0189,36.0646],[136.0189,36.0648]]],[[[136.018,36.0648],[136.0178,36.0647],[136.0178,36.0647],[136.018,36.0648]]],[[[136.0184,36.0647],[136.0184,36.0648],[136.0184,36.0648],[136.0184,36.0647]]],[[[136.0195,36.0653],[136.019,36.0648],[136.0193,36.0654],[136.0195,36.0653]]],[[[136.0189,36.0651],[136.019,36.0654],[136.0189,36.0654],[136.019,36.0656],[136.0191,36.0655],[136.0189,36.0651]]],[[[136.0184,36.0655],[136.0185,36.0654],[136.0184,36.0654],[136.0184,36.0655]]],[[[136.0187,36.0653],[136.0189,36.0656],[136.0188,36.0653],[136.0187,36.0653]]],[[[136.0194,36.0655],[136.0195,36.0656],[136.0196,36.0654],[136.0194,36.0655]]],[[[136.0185,36.0655],[136.0185,36.0656],[136.0185,36.0655],[136.0185,36.0655]]],[[[136.0196,36.0656],[136.0196,36.0656],[136.0196,36.0655],[136.0196,36.0656]]],[[[136.019,36.0656],[136.0189,36.0656],[136.019,36.0657],[136.019,36.0656]]],[[[136.0188,36.0659],[136.0188,36.0659],[136.0188,36.0659],[136.0188,36.0659]]],[[[136.0192,36.066],[136.0192,36.0659],[136.0191,36.0659],[136.0192,36.066]]],[[[136.0197,36.066],[136.0198,36.066],[136.0198,36.066],[136.0197,36.066]]],[[[136.0187,36.0661],[136.0186,36.066],[136.0186,36.0661],[136.0187,36.0661]]],[[[136.0188,36.0662],[136.019,36.0662],[136.0189,36.0661],[136.0188,36.0662]]],[[[136.0192,36.0662],[136.0194,36.0663],[136.0194,36.0662],[136.0192,36.0662]]],[[[136.019,36.0664],[136.019,36.0665],[136.019,36.0665],[136.019,36.0664]]],[[[136.0191,36.0664],[136.0191,36.0665],[136.0192,36.0664],[136.0191,36.0664]]],[[[136.0194,36.0665],[136.0195,36.0665],[136.0194,36.0664],[136.0194,36.0665]]],[[[136.0198,36.0667],[136.0198,36.0667],[136.0197,36.0663],[136.0198,36.0667]]],[[[136.019,36.0666],[136.019,36.0666],[136.019,36.0666],[136.019,36.0666]]],[[[136.0191,36.0666],[136.019,36.0667],[136.0191,36.0666],[136.0191,36.0666]]],[[[136.0189,36.0668],[136.0189,36.0668],[136.0189,36.0668],[136.0189,36.0668]]],[[[136.019,36.0669],[136.019,36.0668],[136.019,36.0668],[136.019,36.0669]]],[[[136.019,36.0669],[136.019,36.067],[136.0191,36.067],[136.019,36.0669]]],[[[136.0193,36.0669],[136.0194,36.0672],[136.0196,36.0669],[136.0193,36.0669]]],[[[136.0193,36.0671],[136.0193,36.0671],[136.0193,36.067],[136.0193,36.0671]]],[[[136.0191,36.0671],[136.0192,36.0671],[136.0192,36.0671],[136.0191,36.0671]]],[[[136.0192,36.0672],[136.0192,36.0672],[136.0192,36.0672],[136.0192,36.0672]]],[[[136.0198,36.0674],[136.0198,36.0674],[136.0197,36.0671],[136.0198,36.0674]]],[[[136.019,36.0673],[136.0191,36.0673],[136.0191,36.0673],[136.019,36.0673]]],[[[136.0194,36.0673],[136.0195,36.0674],[136.0196,36.0672],[136.0194,36.0673]]],[[[136.0191,36.0674],[136.0192,36.0674],[136.0192,36.0673],[136.0191,36.0674]]],[[[136.0197,36.0675],[136.0195,36.0676],[136.0196,36.0676],[136.0197,36.0675]]],[[[136.0194,36.0677],[136.0194,36.0677],[136.0194,36.0676],[136.0194,36.0677]]],[[[136.0196,36.0677],[136.0196,36.0677],[136.0196,36.0677],[136.0196,36.0677]]],[[[136.0197,36.0678],[136.0197,36.0677],[136.0197,36.0677],[136.0197,36.0678]]],[[[136.0195,36.0678],[136.0196,36.0677],[136.0195,36.0677],[136.0195,36.0678]]],[[[136.0194,36.0678],[136.0193,36.0678],[136.0193,36.0678],[136.0194,36.0678]]],[[[136.0194,36.0678],[136.0194,36.0678],[136.0195,36.0678],[136.0194,36.0678]]],[[[136.0197,36.0678],[136.0198,36.0678],[136.0198,36.0678],[136.0197,36.0678]]],[[[136.0195,36.0678],[136.0195,36.0678],[136.0195,36.0678],[136.0195,36.0678]]],[[[136.0199,36.068],[136.0198,36.068],[136.0198,36.068],[136.0199,36.068]]],[[[136.0199,36.0625],[136.02,36.0624],[136.0199,36.0625],[136.0199,36.0625]]],[[[136.0202,36.0625],[136.0201,36.0625],[136.0201,36.0626],[136.0202,36.0625]]],[[[136.02,36.0625],[136.02,36.0626],[136.02,36.0626],[136.02,36.0625]]],[[[136.0203,36.0627],[136.0203,36.0626],[136.0201,36.0626],[136.0203,36.0627]]],[[[136.02,36.0673],[136.0201,36.0674],[136.02,36.0673],[136.02,36.0673]]],[[[136.0199,36.0668],[136.02,36.0672],[136.0205,36.068],[136.0199,36.0668]]],[[[136.0201,36.0678],[136.0202,36.0678],[136.0201,36.0675],[136.0201,36.0678]]],[[[136.02,36.0678],[136.02,36.0678],[136.02,36.0678],[136.02,36.0678]]],[[[136.0207,36.0679],[136.0207,36.068],[136.0208,36.068],[136.0207,36.0679]]],[[[136.0203,36.068],[136.0201,36.068],[136.0203,36.0681],[136.0203,36.068]]],[[[136.0199,36.0683],[136.02,36.0683],[136.02,36.0682],[136.0199,36.0683]]],[[[136.0199,36.0685],[136.0199,36.0685],[136.0199,36.0685],[136.0199,36.0685]]],[[[136.021,36.0687],[136.021,36.0687],[136.021,36.0687],[136.021,36.0687]]],[[[136.0207,36.0688],[136.0208,36.0688],[136.0208,36.0688],[136.0207,36.0688]]],[[[136.0201,36.069],[136.0201,36.069],[136.0201,36.0691],[136.0201,36.069]]],[[[136.0209,36.069],[136.0211,36.0692],[136.0209,36.0689],[136.0209,36.069]]],[[[136.0206,36.0693],[136.0206,36.0693],[136.0206,36.0693],[136.0206,36.0693]]],[[[136.0207,36.0692],[136.0208,36.0695],[136.0208,36.0695],[136.0207,36.0692]]],[[[136.0211,36.0694],[136.0211,36.0692],[136.0211,36.0693],[136.0211,36.0694]]],[[[136.0204,36.0695],[136.0203,36.0695],[136.0204,36.0695],[136.0204,36.0695]]],[[[136.0205,36.0696],[136.0206,36.0696],[136.0206,36.0696],[136.0205,36.0696]]],[[[136.0206,36.0699],[136.0206,36.0698],[136.0206,36.0698],[136.0206,36.0699]]],[[[136.0205,36.0698],[136.0205,36.0698],[136.0205,36.0699],[136.0205,36.0698]]],[[[136.0206,36.07],[136.0206,36.0698],[136.0206,36.0698],[136.0206,36.07]]],[[[136.0205,36.07],[136.0205,36.0699],[136.0205,36.0699],[136.0205,36.07]]],[[[136.021,36.0707],[136.0208,36.0696],[136.0208,36.0698],[136.021,36.0707]]],[[[136.021,36.0703],[136.021,36.0702],[136.021,36.0701],[136.021,36.0703]]],[[[136.0205,36.0705],[136.0205,36.0703],[136.0205,36.0703],[136.0205,36.0705]]],[[[136.0208,36.0705],[136.0209,36.0707],[136.0207,36.07],[136.0208,36.0705]]],[[[136.0205,36.07],[136.0208,36.0713],[136.0206,36.0703],[136.0205,36.07]]],[[[136.0206,36.071],[136.0206,36.071],[136.0206,36.071],[136.0206,36.071]]],[[[136.0212,36.0707],[136.0212,36.0712],[136.0212,36.0712],[136.0212,36.0707]]],[[[136.0211,36.0708],[136.0211,36.0707],[136.0211,36.0713],[136.0212,36.0713],[136.0211,36.0708]]],[[[136.0207,36.0712],[136.0206,36.071],[136.0206,36.0711],[136.0207,36.0712]]],[[[136.0206,36.0713],[136.0206,36.0712],[136.0206,36.0713],[136.0206,36.0713]]],[[[136.0208,36.0713],[136.0209,36.0714],[136.0208,36.0713],[136.0208,36.0713]]],[[[136.0213,36.0714],[136.0212,36.0714],[136.0213,36.0714],[136.0213,36.0714]]],[[[136.0212,36.0714],[136.0212,36.0714],[136.0212,36.0715],[136.0212,36.0714]]],[[[136.0208,36.0715],[136.0207,36.0715],[136.0207,36.0715],[136.0208,36.0715]]],[[[136.0213,36.0716],[136.0213,36.0715],[136.0213,36.0715],[136.0213,36.0716]]],[[[136.0209,36.0716],[136.0209,36.0716],[136.0208,36.0716],[136.0209,36.0716]]],[[[136.0216,36.0717],[136.0216,36.0716],[136.0215,36.0717],[136.0216,36.0717]]],[[[136.0209,36.0717],[136.0209,36.0717],[136.0209,36.0717],[136.0209,36.0717]]],[[[136.0221,36.0719],[136.022,36.0719],[136.0221,36.0719],[136.0221,36.0719]]],[[[136.0215,36.0719],[136.0214,36.0719],[136.0214,36.072],[136.0215,36.0719]]],[[[136.0223,36.072],[136.0223,36.0718],[136.0223,36.072],[136.0223,36.072]]],[[[136.0221,36.0721],[136.0221,36.072],[136.022,36.072],[136.0221,36.0721]]],[[[136.022,36.0722],[136.022,36.0722],[136.022,36.0723],[136.022,36.0722]]],[[[136.0224,36.0739],[136.0225,36.0739],[136.0224,36.0739],[136.0224,36.0739]]],[[[136.0224,36.074],[136.0224,36.074],[136.0224,36.074],[136.0224,36.074]]],[[[136.0224,36.0741],[136.0226,36.0742],[136.0223,36.074],[136.0224,36.0741]]],[[[136.0228,36.0741],[136.0229,36.0741],[136.0228,36.0741],[136.0228,36.0741]]],[[[136.0227,36.0741],[136.0227,36.0742],[136.0227,36.0742],[136.0227,36.0741]]],[[[136.0226,36.0744],[136.0225,36.0744],[136.0225,36.0744],[136.0226,36.0744]]],[[[136.0232,36.0748],[136.0233,36.0749],[136.0232,36.0745],[136.0232,36.0748]]],[[[136.0227,36.0747],[136.0228,36.0748],[136.0227,36.0747],[136.0227,36.0747]]],[[[136.0226,36.0749],[136.0227,36.0749],[136.0226,36.0749],[136.0226,36.0749]]],[[[136.0228,36.075],[136.0228,36.075],[136.0228,36.075],[136.0228,36.075]]],[[[136.022,36.0751],[136.0219,36.075],[136.0219,36.075],[136.022,36.0751]]],[[[136.0237,36.0753],[136.0237,36.0752],[136.0237,36.0752],[136.0237,36.0753]]],[[[136.0238,36.0752],[136.0238,36.0752],[136.0238,36.0752],[136.0238,36.0752]]],[[[136.0243,36.0754],[136.0243,36.0754],[136.0242,36.0754],[136.0243,36.0754]]],[[[136.0241,36.076],[136.0243,36.0763],[136.0245,36.0763],[136.0241,36.076]]],[[[136.0246,36.0762],[136.0245,36.0762],[136.0245,36.0762],[136.0246,36.0762]]],[[[136.0243,36.0764],[136.0244,36.0765],[136.0245,36.0765],[136.0243,36.0764]]],[[[136.0244,36.0766],[136.0245,36.0766],[136.0245,36.0766],[136.0244,36.0766]]],[[[136.0236,36.0768],[136.0234,36.0769],[136.0237,36.077],[136.0236,36.0768]]],[[[136.0232,36.0823],[136.0231,36.0823],[136.0232,36.0823],[136.0232,36.0823]]],[[[136.0231,36.0823],[136.023,36.0823],[136.0231,36.0824],[136.0231,36.0823]]],[[[136.0235,36.0824],[136.0235,36.0823],[136.0234,36.0824],[136.0235,36.0824]]],[[[136.0224,36.0824],[136.0224,36.0824],[136.0224,36.0824],[136.0224,36.0824]]],[[[136.0224,36.0832],[136.0225,36.0833],[136.0225,36.0832],[136.0224,36.0832]]],[[[136.0249,36.0717],[136.0249,36.0718],[136.0248,36.0713],[136.0249,36.0717]]],[[[136.0255,36.0721],[136.0255,36.072],[136.0254,36.0721],[136.0255,36.0721]]],[[[136.0255,36.0722],[136.0255,36.0722],[136.0255,36.0722],[136.0255,36.0722]]],[[[136.0247,36.0764],[136.0247,36.0766],[136.0249,36.0766],[136.0247,36.0764]]],[[[136.0245,36.0767],[136.0246,36.0767],[136.0246,36.0767],[136.0245,36.0767]]],[[[136.0248,36.0767],[136.0248,36.0767],[136.0249,36.0767],[136.0248,36.0767]]],[[[136.0247,36.0767],[136.0247,36.0767],[136.0247,36.0767],[136.0247,36.0767]]],[[[136.0248,36.077],[136.0247,36.0768],[136.0247,36.0771],[136.0248,36.077]]],[[[136.0255,36.077],[136.0255,36.077],[136.0254,36.077],[136.0255,36.077]]],[[[136.0251,36.0772],[136.0251,36.0771],[136.0251,36.0772],[136.0251,36.0772]]],[[[136.025,36.0771],[136.0249,36.0772],[136.0249,36.0772],[136.025,36.0771]]],[[[136.0258,36.0772],[136.0258,36.0772],[136.0257,36.0772],[136.0258,36.0772]]],[[[136.0251,36.0773],[136.0251,36.0772],[136.025,36.0772],[136.0251,36.0773]]],[[[136.0254,36.0775],[136.0252,36.0775],[136.0253,36.0776],[136.0254,36.0775]]],[[[136.026,36.0776],[136.0261,36.0776],[136.026,36.0776],[136.026,36.0776]]],[[[136.0259,36.0778],[136.0258,36.0779],[136.0259,36.0779],[136.0259,36.0778]]],[[[136.0255,36.0778],[136.0255,36.0779],[136.0256,36.0779],[136.0255,36.0778]]],[[[136.0261,36.0778],[136.0261,36.0778],[136.0261,36.0779],[136.0261,36.0778]]],[[[136.026,36.0781],[136.0259,36.078],[136.0259,36.078],[136.026,36.0781]]],[[[136.0261,36.0781],[136.026,36.078],[136.0261,36.0781],[136.0261,36.0781]]],[[[136.0263,36.0781],[136.0263,36.0781],[136.0262,36.0781],[136.0263,36.0781]]],[[[136.026,36.0782],[136.026,36.0781],[136.0259,36.0782],[136.026,36.0782]]],[[[136.0257,36.0782],[136.0257,36.0782],[136.0257,36.0783],[136.0257,36.0782]]],[[[136.0258,36.0786],[136.0257,36.0786],[136.0257,36.0786],[136.0258,36.0786]]],[[[136.0252,36.0788],[136.0253,36.0787],[136.0252,36.0788],[136.0252,36.0788]]],[[[136.0253,36.0788],[136.0253,36.0788],[136.0253,36.0788],[136.0253,36.0788]]],[[[136.0249,36.079],[136.025,36.079],[136.0249,36.0789],[136.0249,36.079]]],[[[136.0251,36.079],[136.0251,36.079],[136.0251,36.079],[136.0251,36.079]]],[[[136.0248,36.079],[136.0248,36.0791],[136.0249,36.079],[136.0248,36.079]]],[[[136.025,36.0791],[136.0251,36.0791],[136.0251,36.0791],[136.025,36.0791]]],[[[136.0253,36.0791],[136.0253,36.0791],[136.0253,36.0792],[136.0253,36.0791]]],[[[136.0253,36.0792],[136.0253,36.0792],[136.0253,36.0791],[136.0253,36.0792]]],[[[136.0261,36.0793],[136.026,36.0791],[136.0259,36.0791],[136.0261,36.0793]]],[[[136.0254,36.0792],[136.0254,36.0792],[136.0254,36.0792],[136.0255,36.0792],[136.0254,36.0792]]],[[[136.0253,36.0792],[136.0253,36.0792],[136.0253,36.0792],[136.0253,36.0792]]],[[[136.0254,36.0792],[136.0253,36.0793],[136.0254,36.0794],[136.0254,36.0792]]],[[[136.0255,36.0793],[136.0256,36.0793],[136.0256,36.0793],[136.0255,36.0793]]],[[[136.0255,36.0794],[136.0255,36.0794],[136.0255,36.0793],[136.0255,36.0794]]],[[[136.0261,36.0794],[136.0262,36.0795],[136.0262,36.0794],[136.0261,36.0794]]],[[[136.0256,36.0794],[136.0256,36.0795],[136.0256,36.0794],[136.0256,36.0794]]],[[[136.0264,36.0802],[136.0263,36.0802],[136.0263,36.0803],[136.0264,36.0803],[136.0264,36.0802]]],[[[136.0265,36.0806],[136.0263,36.0804],[136.0264,36.0804],[136.0265,36.0806]]],[[[136.0268,36.0806],[136.0267,36.0806],[136.0268,36.0807],[136.0268,36.0806]]],[[[136.0266,36.0806],[136.0267,36.0808],[136.0266,36.0806],[136.0266,36.0806]]],[[[136.0257,36.0807],[136.0257,36.0808],[136.0258,36.0808],[136.0257,36.0807]]],[[[136.0268,36.0808],[136.0268,36.0809],[136.0268,36.0809],[136.0268,36.0808]]],[[[136.0269,36.0808],[136.0269,36.0809],[136.0269,36.0809],[136.0269,36.0808]]],[[[136.0269,36.0809],[136.027,36.081],[136.027,36.0809],[136.0269,36.0809]]],[[[136.0269,36.081],[136.0269,36.081],[136.0268,36.0809],[136.0269,36.081]]],[[[136.0261,36.0811],[136.026,36.0808],[136.0259,36.0809],[136.0261,36.0811]]],[[[136.0263,36.081],[136.0263,36.081],[136.0263,36.081],[136.0263,36.081]]],[[[136.0258,36.0811],[136.0257,36.0811],[136.0257,36.0811],[136.0258,36.0811]]],[[[136.0262,36.0812],[136.0265,36.0813],[136.0265,36.0812],[136.0262,36.0812]]],[[[136.0272,36.0813],[136.0272,36.0812],[136.0272,36.0812],[136.0272,36.0813]]],[[[136.0271,36.0813],[136.0271,36.0813],[136.0271,36.0813],[136.0271,36.0813]]],[[[136.0272,36.0813],[136.0271,36.0813],[136.0271,36.0814],[136.0272,36.0813]]],[[[136.0269,36.0817],[136.0269,36.0817],[136.027,36.0817],[136.0269,36.0817]]],[[[136.027,36.0817],[136.027,36.0817],[136.027,36.0817],[136.027,36.0817]]],[[[136.0272,36.0819],[136.0272,36.0818],[136.0271,36.0819],[136.0272,36.0819]]],[[[136.027,36.0819],[136.0271,36.0819],[136.027,36.0819],[136.027,36.0819]]],[[[136.0274,36.0831],[136.0274,36.0831],[136.0274,36.0831],[136.0274,36.0831]]],[[[136.0275,36.0833],[136.0276,36.0833],[136.0275,36.0831],[136.0275,36.0833]]],[[[136.0257,36.084],[136.0258,36.084],[136.0257,36.084],[136.0257,36.084]]],[[[136.0258,36.0842],[136.0258,36.0842],[136.0258,36.0842],[136.0258,36.0842]]],[[[136.026,36.0842],[136.0259,36.0843],[136.026,36.0842],[136.026,36.0842]]],[[[136.026,36.0844],[136.026,36.0843],[136.026,36.0843],[136.026,36.0844]]],[[[136.0275,36.0906],[136.0277,36.0906],[136.0276,36.0906],[136.0275,36.0906]]],[[[136.0276,36.091],[136.0276,36.0909],[136.0276,36.091],[136.0276,36.091]]],[[[136.027,36.0913],[136.0271,36.0913],[136.0271,36.0913],[136.027,36.0913]]],[[[136.0274,36.0951],[136.0274,36.0951],[136.0275,36.0951],[136.0274,36.0951]]],[[[136.0268,36.0953],[136.027,36.0954],[136.0269,36.0952],[136.0268,36.0953]]],[[[136.0273,36.0957],[136.0273,36.0957],[136.0272,36.0957],[136.0273,36.0957]]],[[[136.0277,36.0817],[136.0277,36.0816],[136.0276,36.0817],[136.0277,36.0817]]],[[[136.0278,36.0817],[136.0278,36.0818],[136.0278,36.0818],[136.0278,36.0817]]],[[[136.0279,36.0825],[136.028,36.0825],[136.028,36.0825],[136.0279,36.0825]]],[[[136.0278,36.0825],[136.0278,36.0825],[136.0278,36.0825],[136.0278,36.0825]]],[[[136.0277,36.0825],[136.0277,36.0825],[136.0278,36.0825],[136.0277,36.0825]]],[[[136.028,36.0832],[136.0281,36.0832],[136.028,36.0832],[136.028,36.0832]]],[[[136.0278,36.0833],[136.0279,36.0834],[136.0279,36.0833],[136.0278,36.0833]]],[[[136.0281,36.0833],[136.0282,36.0834],[136.0282,36.0833],[136.0281,36.0833]]],[[[136.0277,36.0835],[136.0277,36.0834],[136.0277,36.0834],[136.0277,36.0835]]],[[[136.0282,36.0834],[136.0282,36.0835],[136.0282,36.0835],[136.0282,36.0834]]],[[[136.0279,36.0836],[136.0279,36.0836],[136.0279,36.0836],[136.0279,36.0836]]],[[[136.0284,36.0838],[136.0285,36.0838],[136.0284,36.0838],[136.0284,36.0838]]],[[[136.0283,36.084],[136.0283,36.0839],[136.0282,36.084],[136.0283,36.084]]],[[[136.0284,36.0841],[136.0283,36.084],[136.0283,36.084],[136.0284,36.0841]]],[[[136.0283,36.0842],[136.0282,36.0841],[136.0282,36.0842],[136.0283,36.0842]]],[[[136.0285,36.0843],[136.0284,36.0843],[136.0288,36.0847],[136.0285,36.0843]]],[[[136.0285,36.0845],[136.0284,36.0848],[136.0285,36.0848],[136.0285,36.0845]]],[[[136.0288,36.0848],[136.0288,36.0848],[136.0288,36.0848],[136.0288,36.0848]]],[[[136.0286,36.085],[136.0286,36.0849],[136.0286,36.0849],[136.0286,36.085]]],[[[136.0292,36.0851],[136.0293,36.085],[136.0292,36.085],[136.0292,36.0851]]],[[[136.0287,36.0851],[136.0287,36.085],[136.0286,36.085],[136.0287,36.0851]]],[[[136.0293,36.0851],[136.0291,36.0851],[136.0291,36.0851],[136.0293,36.0851]]],[[[136.0295,36.0852],[136.0295,36.0852],[136.0295,36.0852],[136.0295,36.0852]]],[[[136.0286,36.0852],[136.0286,36.0852],[136.0286,36.0852],[136.0286,36.0852]]],[[[136.0292,36.0853],[136.0293,36.0852],[136.0293,36.0852],[136.0292,36.0853]]],[[[136.0296,36.0853],[136.0297,36.0854],[136.0297,36.0852],[136.0296,36.0853]]],[[[136.0298,36.0855],[136.0298,36.0854],[136.0298,36.0854],[136.0298,36.0855]]],[[[136.0299,36.0856],[136.0299,36.0855],[136.0299,36.0855],[136.0299,36.0856]]],[[[136.0296,36.0856],[136.0296,36.0856],[136.0296,36.0856],[136.0296,36.0856]]],[[[136.03,36.0856],[136.03,36.0856],[136.0299,36.0856],[136.03,36.0856]]],[[[136.0299,36.0856],[136.0298,36.0856],[136.0299,36.0856],[136.0299,36.0856]]],[[[136.0301,36.0857],[136.03,36.0857],[136.03,36.0857],[136.0301,36.0857]]],[[[136.0291,36.0857],[136.0291,36.0857],[136.0291,36.0857],[136.0291,36.0857]]],[[[136.0299,36.0857],[136.03,36.0858],[136.03,36.0858],[136.0299,36.0857]]],[[[136.0294,36.0858],[136.0293,36.0858],[136.0293,36.0858],[136.0294,36.0858]]],[[[136.0298,36.0858],[136.0297,36.0858],[136.0298,36.0859],[136.0298,36.0858]]],[[[136.0297,36.0862],[136.0298,36.0861],[136.0296,36.0859],[136.0297,36.0862]]],[[[136.0301,36.0861],[136.03,36.086],[136.0299,36.086],[136.0301,36.0861]]],[[[136.0301,36.0864],[136.0299,36.0861],[136.0301,36.0865],[136.0301,36.0864]]],[[[136.0299,36.0865],[136.03,36.0867],[136.03,36.0866],[136.0299,36.0865]]],[[[136.0303,36.0867],[136.0303,36.0867],[136.0303,36.0866],[136.0303,36.0867]]],[[[136.03,36.0868],[136.03,36.0867],[136.03,36.0867],[136.03,36.0868]]],[[[136.03,36.0868],[136.03,36.0868],[136.03,36.0868],[136.03,36.0868]]],[[[136.0302,36.0869],[136.0302,36.0869],[136.0302,36.087],[136.0302,36.0869]]],[[[136.0298,36.0873],[136.0299,36.0873],[136.0297,36.0871],[136.0298,36.0873]]],[[[136.0299,36.0873],[136.0298,36.0873],[136.0298,36.0874],[136.0299,36.0873]]],[[[136.0296,36.0874],[136.0299,36.0876],[136.0299,36.0875],[136.0296,36.0874]]],[[[136.03,36.0878],[136.0301,36.0878],[136.0301,36.0878],[136.03,36.0878]]],[[[136.0299,36.0878],[136.03,36.0879],[136.03,36.0878],[136.0299,36.0878]]],[[[136.0301,36.0879],[136.0301,36.088],[136.0301,36.088],[136.0301,36.0879]]],[[[136.0296,36.0893],[136.0297,36.0892],[136.0296,36.0892],[136.0296,36.0893]]],[[[136.0301,36.0897],[136.0301,36.0896],[136.03,36.0897],[136.0301,36.0897]]],[[[136.0295,36.09],[136.0296,36.09],[136.0296,36.09],[136.0295,36.09]]],[[[136.0289,36.0905],[136.0289,36.0904],[136.0289,36.0905],[136.0289,36.0905]]],[[[136.029,36.0909],[136.0291,36.0912],[136.0293,36.0906],[136.0295,36.0903],[136.0292,36.0905],[136.029,36.0909]]],[[[136.028,36.0909],[136.028,36.0909],[136.028,36.091],[136.028,36.0909]]],[[[136.0279,36.091],[136.0278,36.0909],[136.0278,36.091],[136.0279,36.091]]],[[[136.0279,36.0911],[136.0279,36.091],[136.0278,36.091],[136.0279,36.0911]]],[[[136.0279,36.0916],[136.028,36.0916],[136.0279,36.0915],[136.0279,36.0916]]],[[[136.0284,36.0916],[136.0282,36.0917],[136.0282,36.0918],[136.0284,36.0916]]],[[[136.03,36.094],[136.03,36.094],[136.03,36.094],[136.03,36.094]]],[[[136.0291,36.0943],[136.0291,36.0943],[136.0292,36.0943],[136.0291,36.0943]]],[[[136.0289,36.0946],[136.0289,36.0946],[136.029,36.0946],[136.0289,36.0946]]],[[[136.0286,36.0949],[136.0287,36.0949],[136.0286,36.0948],[136.0286,36.0949]]],[[[136.0277,36.0951],[136.0277,36.0951],[136.0276,36.0951],[136.0277,36.0951]]],[[[136.0289,36.0954],[136.0289,36.0954],[136.0288,36.0954],[136.0289,36.0954]]],[[[136.0277,36.0956],[136.0277,36.0955],[136.0276,36.0955],[136.0277,36.0956]]],[[[136.0297,36.0958],[136.0297,36.0957],[136.0297,36.0958],[136.0297,36.0958]]],[[[136.0299,36.0958],[136.0299,36.0958],[136.0299,36.0958],[136.0299,36.0958]]],[[[136.0293,36.096],[136.0294,36.0958],[136.0292,36.0958],[136.0293,36.096]]],[[[136.0301,36.0964],[136.0301,36.0964],[136.0301,36.0963],[136.0301,36.0964]]],[[[136.0302,36.0972],[136.0301,36.0973],[136.0302,36.0973],[136.0302,36.0972]]],[[[136.0303,36.0861],[136.0303,36.0862],[136.0303,36.0862],[136.0303,36.0861]]],[[[136.0304,36.0883],[136.0304,36.0884],[136.0304,36.0883],[136.0304,36.0883]]],[[[136.0305,36.0896],[136.0305,36.0896],[136.0305,36.0896],[136.0305,36.0896]]],[[[136.0304,36.0897],[136.0304,36.0896],[136.0304,36.0896],[136.0304,36.0897]]],[[[136.0309,36.0911],[136.0309,36.091],[136.0308,36.091],[136.0309,36.0911]]],[[[136.0303,36.0915],[136.0302,36.0917],[136.0304,36.0916],[136.0303,36.0915]]],[[[136.0309,36.0917],[136.0309,36.0917],[136.0309,36.0917],[136.0309,36.0917]]],[[[136.0308,36.0918],[136.0308,36.0918],[136.0308,36.0917],[136.0308,36.0918]]],[[[136.0309,36.0918],[136.0308,36.0918],[136.0308,36.0918],[136.0309,36.0918]]],[[[136.0306,36.0918],[136.0305,36.0919],[136.0307,36.0919],[136.0306,36.0918]]],[[[136.031,36.092],[136.031,36.092],[136.031,36.092],[136.031,36.092]]],[[[136.0308,36.0921],[136.0309,36.0921],[136.0309,36.0921],[136.0308,36.0921]]],[[[136.0307,36.0922],[136.0307,36.0922],[136.0307,36.0922],[136.0307,36.0922]]],[[[136.0319,36.0971],[136.0319,36.097],[136.0318,36.097],[136.0319,36.0971]]],[[[136.031,36.0972],[136.0311,36.0971],[136.031,36.0971],[136.031,36.0972]]],[[[136.0314,36.0973],[136.0314,36.0973],[136.0314,36.0973],[136.0314,36.0973]]],[[[136.0318,36.0973],[136.0319,36.0973],[136.0319,36.0973],[136.0318,36.0973]]],[[[136.0303,36.0975],[136.0305,36.0973],[136.0303,36.0974],[136.0303,36.0975]]],[[[136.0319,36.0974],[136.0319,36.0974],[136.0319,36.0974],[136.0319,36.0974]]],[[[136.0311,36.0974],[136.031,36.0975],[136.031,36.0975],[136.0311,36.0974]]],[[[136.033,36.0983],[136.0331,36.0983],[136.0331,36.0983],[136.033,36.0983]]],[[[136.0331,36.0984],[136.0331,36.0984],[136.0331,36.0984],[136.0331,36.0984]]],[[[136.0332,36.0986],[136.0332,36.0985],[136.0331,36.0985],[136.0332,36.0986]]],[[[136.0333,36.0996],[136.0334,36.0995],[136.0333,36.0995],[136.0333,36.0996]]],[[[136.0334,36.0997],[136.0335,36.0996],[136.0335,36.0996],[136.0334,36.0997]]],[[[136.0335,36.0998],[136.0335,36.0998],[136.0335,36.0998],[136.0335,36.0998]]],[[[136.0333,36.0999],[136.0333,36.0998],[136.0333,36.0998],[136.0333,36.0999]]],[[[136.0336,36.0999],[136.0336,36.0999],[136.0335,36.0999],[136.0336,36.0999]]],[[[136.0333,36.0999],[136.0334,36.0999],[136.0333,36.0999],[136.0333,36.0999]]],[[[136.0336,36.1001],[136.0336,36.1001],[136.0336,36.1001],[136.0336,36.1001]]],[[[136.0339,36.1002],[136.0337,36.1001],[136.0337,36.1003],[136.0339,36.1002]]],[[[136.0341,36.1008],[136.0341,36.1003],[136.0339,36.1003],[136.0341,36.1008]]],[[[136.0341,36.1009],[136.0341,36.1009],[136.0342,36.1009],[136.0341,36.1009]]],[[[136.0343,36.1009],[136.0343,36.1009],[136.0342,36.101],[136.0343,36.1009]]],[[[136.0343,36.1011],[136.0344,36.101],[136.0342,36.1011],[136.0342,36.1012],[136.0343,36.1011]]],[[[136.0344,36.1011],[136.0345,36.1011],[136.0345,36.1011],[136.0344,36.1011]]],[[[136.0345,36.1013],[136.0344,36.1012],[136.0343,36.1013],[136.0345,36.1013]]],[[[136.0343,36.1017],[136.0345,36.1016],[136.0345,36.1016],[136.0343,36.1017]]],[[[136.0346,36.1016],[136.0345,36.1016],[136.0346,36.1017],[136.0346,36.1016]]],[[[136.0346,36.1022],[136.0345,36.1022],[136.0345,36.1023],[136.0346,36.1022]]],[[[136.0342,36.1026],[136.0342,36.1027],[136.0342,36.1026],[136.0342,36.1026]]],[[[136.0343,36.1026],[136.0343,36.1028],[136.0344,36.1027],[136.0343,36.1026]]],[[[136.0341,36.1027],[136.0341,36.1028],[136.0341,36.1028],[136.0341,36.1027]]],[[[136.0343,36.103],[136.0344,36.1028],[136.0344,36.1028],[136.0343,36.103]]],[[[136.0342,36.1029],[136.0342,36.103],[136.0342,36.1029],[136.0342,36.1029]]],[[[136.0338,36.1032],[136.0339,36.1032],[136.0338,36.1032],[136.0338,36.1032]]],[[[136.034,36.1034],[136.0342,36.1031],[136.034,36.1033],[136.034,36.1034]]],[[[136.036,36.1034],[136.036,36.1034],[136.0363,36.1031],[136.036,36.1034]]],[[[136.0363,36.1033],[136.0363,36.1033],[136.0363,36.1033],[136.0363,36.1033]]],[[[136.034,36.1039],[136.0344,36.103],[136.0341,36.1035],[136.0339,36.1034],[136.034,36.1039]]],[[[136.0369,36.1037],[136.0369,36.1037],[136.0369,36.1036],[136.0369,36.1037]]],[[[136.0372,36.1038],[136.0372,36.1038],[136.0372,36.1038],[136.0372,36.1038]]],[[[136.0337,36.1043],[136.0337,36.1042],[136.0336,36.1042],[136.0337,36.1043]]],[[[136.0372,36.1044],[136.0373,36.1043],[136.0372,36.1043],[136.0372,36.1044]]],[[[136.0339,36.1044],[136.0338,36.1044],[136.0339,36.1044],[136.0339,36.1044]]],[[[136.037,36.1044],[136.0371,36.1044],[136.0371,36.1044],[136.037,36.1044]]],[[[136.0369,36.1045],[136.0369,36.1045],[136.037,36.1045],[136.0369,36.1045]]],[[[136.0338,36.1047],[136.0339,36.1047],[136.0339,36.1045],[136.0338,36.1047]]],[[[136.0367,36.1046],[136.0367,36.1047],[136.0367,36.1047],[136.0367,36.1046]]],[[[136.0384,36.1047],[136.0383,36.1048],[136.0384,36.1047],[136.0384,36.1047]]],[[[136.0338,36.1049],[136.0337,36.1048],[136.0336,36.1049],[136.0338,36.1049]]],[[[136.0379,36.1049],[136.0378,36.1049],[136.0378,36.1049],[136.0379,36.1049]]],[[[136.0377,36.105],[136.0377,36.105],[136.0377,36.105],[136.0377,36.105]]],[[[136.0382,36.1051],[136.0382,36.1051],[136.0382,36.1051],[136.0382,36.1051]]],[[[136.0405,36.105],[136.0407,36.1052],[136.0406,36.105],[136.0405,36.105]]],[[[136.0409,36.1051],[136.041,36.1052],[136.041,36.1051],[136.0409,36.1051]]],[[[136.0379,36.1051],[136.0379,36.1052],[136.038,36.1051],[136.0379,36.1051]]],[[[136.041,36.1054],[136.041,36.1053],[136.041,36.1053],[136.041,36.1054]]],[[[136.0412,36.1054],[136.0412,36.1053],[136.0412,36.1054],[136.0412,36.1054]]],[[[136.0372,36.1055],[136.0371,36.1055],[136.0372,36.1056],[136.0372,36.1055]]],[[[136.0377,36.1057],[136.0377,36.1055],[136.0376,36.1057],[136.0377,36.1057]]],[[[136.0414,36.1075],[136.0413,36.1077],[136.0414,36.1075],[136.0414,36.1075]]],[[[136.0416,36.1055],[136.0416,36.1054],[136.0416,36.1054],[136.0416,36.1055]]],[[[136.0417,36.1055],[136.0418,36.1055],[136.0417,36.1055],[136.0417,36.1055]]],[[[136.0416,36.1055],[136.0416,36.1055],[136.0416,36.1056],[136.0416,36.1055]]],[[[136.0419,36.1056],[136.0419,36.1056],[136.0419,36.1056],[136.0419,36.1056]]],[[[136.0418,36.1057],[136.0419,36.1059],[136.042,36.1058],[136.0418,36.1057]]],[[[136.0422,36.106],[136.0422,36.1059],[136.0422,36.1059],[136.0422,36.106]]],[[[136.0421,36.106],[136.0421,36.1059],[136.0421,36.1059],[136.0421,36.106]]],[[[136.0423,36.1061],[136.0423,36.106],[136.0423,36.1061],[136.0423,36.1061]]],[[[136.0423,36.1062],[136.0423,36.1064],[136.0424,36.1063],[136.0423,36.1062]]],[[[136.0424,36.1065],[136.0424,36.1067],[136.0425,36.1065],[136.0424,36.1065]]],[[[136.0427,36.1066],[136.0427,36.1066],[136.0427,36.1066],[136.0427,36.1066]]],[[[136.0423,36.1068],[136.0422,36.1069],[136.0423,36.1069],[136.0423,36.1068]]],[[[136.0425,36.1069],[136.0423,36.107],[136.0426,36.1071],[136.0425,36.1069]]],[[[136.0436,36.107],[136.0436,36.107],[136.0436,36.107],[136.0436,36.107]]],[[[136.0438,36.1071],[136.0438,36.1071],[136.0438,36.1071],[136.0438,36.1071]]],[[[136.0424,36.1073],[136.0424,36.1072],[136.0423,36.1073],[136.0424,36.1073]]],[[[136.0423,36.1073],[136.0423,36.1072],[136.0422,36.1072],[136.0423,36.1073]]],[[[136.0421,36.1073],[136.042,36.1073],[136.042,36.1073],[136.0421,36.1073]]],[[[136.0436,36.1073],[136.0437,36.1074],[136.0437,36.1073],[136.0436,36.1073]]],[[[136.0439,36.1076],[136.0438,36.1076],[136.0439,36.1077],[136.0439,36.1076]]],[[[136.0438,36.1077],[136.0438,36.1078],[136.0438,36.1078],[136.0438,36.1077]]],[[[136.0421,36.1078],[136.0422,36.1079],[136.0423,36.1078],[136.0421,36.1078]]],[[[136.042,36.108],[136.0421,36.108],[136.042,36.1079],[136.042,36.108]]],[[[136.0447,36.1086],[136.0446,36.1088],[136.0447,36.1086],[136.0447,36.1086]]],[[[136.045,36.1087],[136.0448,36.1087],[136.0449,36.1088],[136.045,36.1087]]],[[[136.0447,36.1088],[136.0447,36.1087],[136.0447,36.1088],[136.0447,36.1088]]],[[[136.0463,36.1094],[136.0463,36.1093],[136.0462,36.1093],[136.0463,36.1094]]],[[[136.048,36.1094],[136.0479,36.1094],[136.0479,36.1096],[136.048,36.1094]]],[[[136.0483,36.1095],[136.0482,36.1097],[136.0483,36.1095],[136.0483,36.1095]]],[[[136.048,36.1097],[136.048,36.1096],[136.0479,36.1096],[136.048,36.1097]]],[[[136.0485,36.1099],[136.0485,36.1099],[136.0484,36.1099],[136.0485,36.1099]]],[[[136.0481,36.1107],[136.0481,36.1106],[136.0481,36.1107],[136.0481,36.1107]]],[[[136.0479,36.1111],[136.0479,36.111],[136.0478,36.1111],[136.0479,36.1111]]],[[[136.0476,36.111],[136.0477,36.1111],[136.0477,36.111],[136.0476,36.111]]],[[[136.0482,36.1111],[136.0481,36.1111],[136.0482,36.1112],[136.0482,36.1111]]],[[[136.0479,36.1112],[136.0479,36.1112],[136.0478,36.1112],[136.0479,36.1112]]],[[[136.0481,36.1113],[136.0481,36.1113],[136.048,36.1113],[136.0481,36.1113]]],[[[136.0473,36.1113],[136.0473,36.1114],[136.0473,36.1113],[136.0473,36.1113]]],[[[136.0476,36.1113],[136.0474,36.1114],[136.0476,36.1113],[136.0476,36.1113]]],[[[136.0477,36.1113],[136.0476,36.1113],[136.0477,36.1114],[136.0477,36.1113]]],[[[136.0479,36.1114],[136.0479,36.1114],[136.0479,36.1114],[136.0479,36.1114]]],[[[136.0474,36.1115],[136.0474,36.1115],[136.0473,36.1115],[136.0474,36.1115]]],[[[136.0475,36.1117],[136.0473,36.1117],[136.047,36.1119],[136.0475,36.1117]]],[[[136.0472,36.1121],[136.0471,36.1121],[136.0473,36.1121],[136.0472,36.1121]]],[[[136.0474,36.1126],[136.0468,36.113],[136.0473,36.1128],[136.0474,36.1126]]],[[[136.0472,36.1132],[136.0472,36.1133],[136.0472,36.1133],[136.0472,36.1132]]],[[[136.047,36.115],[136.047,36.115],[136.047,36.115],[136.047,36.115]]],[[[136.0473,36.1156],[136.0474,36.115],[136.0469,36.1153],[136.0465,36.1146],[136.0462,36.1156],[136.0473,36.1156]]],[[[136.0481,36.1152],[136.0476,36.1151],[136.0481,36.1152],[136.0481,36.1152]]],[[[136.0462,36.1152],[136.0463,36.1152],[136.0463,36.1152],[136.0462,36.1152]]],[[[136.0485,36.1152],[136.0484,36.1152],[136.0484,36.1153],[136.0485,36.1152]]],[[[136.0486,36.1156],[136.0486,36.1155],[136.0485,36.1156],[136.0486,36.1156]]],[[[136.0486,36.1156],[136.0486,36.1155],[136.0486,36.1156],[136.0486,36.1156]]],[[[136.0481,36.1157],[136.048,36.1157],[136.048,36.1158],[136.0481,36.1157]]],[[[136.0486,36.1157],[136.0486,36.1159],[136.0486,36.1157],[136.0486,36.1157]]],[[[136.0484,36.1158],[136.0484,36.1159],[136.0484,36.1159],[136.0484,36.1158]]],[[[136.0489,36.116],[136.049,36.1158],[136.0489,36.1158],[136.0489,36.116]]],[[[136.0468,36.116],[136.0467,36.116],[136.0468,36.116],[136.0468,36.116]]],[[[136.0484,36.1161],[136.0484,36.116],[136.0483,36.1161],[136.0484,36.1161]]],[[[136.0482,36.1161],[136.0482,36.1163],[136.0483,36.1161],[136.0482,36.1161]]],[[[136.0468,36.1165],[136.0467,36.1164],[136.0468,36.1165],[136.0468,36.1165]]],[[[136.0479,36.117],[136.048,36.1172],[136.0483,36.1167],[136.0479,36.117]]],[[[136.0482,36.1172],[136.0482,36.1173],[136.0485,36.1169],[136.0482,36.1172]]],[[[136.0479,36.1172],[136.0479,36.1172],[136.0479,36.1173],[136.0479,36.1172]]],[[[136.0483,36.1174],[136.0483,36.1174],[136.0483,36.1174],[136.0483,36.1174]]],[[[136.0485,36.1174],[136.0485,36.1174],[136.0484,36.1175],[136.0485,36.1174]]],[[[136.0489,36.1182],[136.049,36.1181],[136.0489,36.1181],[136.0489,36.1182]]],[[[136.0489,36.1182],[136.0489,36.1182],[136.0489,36.1183],[136.0489,36.1182]]],[[[136.0488,36.1186],[136.049,36.1184],[136.0488,36.1185],[136.0488,36.1186]]],[[[136.049,36.1188],[136.049,36.1188],[136.049,36.1188],[136.049,36.1188]]],[[[136.0489,36.1189],[136.0489,36.1189],[136.0489,36.1189],[136.0489,36.1189]]],[[[136.0491,36.1192],[136.049,36.1192],[136.0491,36.1193],[136.0491,36.1192]]],[[[136.049,36.1159],[136.0491,36.1158],[136.049,36.1158],[136.049,36.1159]]],[[[136.0491,36.1174],[136.0492,36.1172],[136.0492,36.1172],[136.0491,36.1174]]],[[[136.049,36.1174],[136.0491,36.1174],[136.0491,36.1174],[136.049,36.1174]]],[[[136.0493,36.1176],[136.0493,36.1176],[136.0493,36.1176],[136.0493,36.1176]]],[[[136.0493,36.1177],[136.0493,36.1177],[136.0493,36.1177],[136.0493,36.1177]]],[[[136.0502,36.1183],[136.0502,36.1183],[136.0501,36.1183],[136.0502,36.1183]]],[[[136.0503,36.1184],[136.0503,36.1183],[136.0502,36.1184],[136.0503,36.1184]]],[[[136.0505,36.1184],[136.0505,36.1185],[136.0505,36.1184],[136.0505,36.1184]]],[[[136.0493,36.1185],[136.0494,36.1185],[136.0493,36.1184],[136.0493,36.1185]]],[[[136.0506,36.1185],[136.0506,36.1184],[136.0505,36.1185],[136.0506,36.1185]]],[[[136.0502,36.1186],[136.0503,36.1185],[136.0502,36.1185],[136.0502,36.1186]]],[[[136.0506,36.1186],[136.0508,36.1185],[136.0507,36.1185],[136.0506,36.1186]]],[[[136.0492,36.1186],[136.0493,36.1186],[136.0493,36.1185],[136.0492,36.1186]]],[[[136.0503,36.1186],[136.0503,36.1186],[136.0503,36.1185],[136.0503,36.1186]]],[[[136.0505,36.1186],[136.0505,36.1185],[136.0504,36.1186],[136.0505,36.1186]]],[[[136.0501,36.1187],[136.0501,36.1186],[136.0501,36.1186],[136.0501,36.1187]]],[[[136.0507,36.1186],[136.0506,36.1186],[136.0506,36.1187],[136.0507,36.1186]]],[[[136.0502,36.1188],[136.0503,36.1187],[136.0503,36.1187],[136.0502,36.1188]]],[[[136.0505,36.1187],[136.0505,36.1188],[136.0506,36.1187],[136.0505,36.1187]]],[[[136.0505,36.1189],[136.0506,36.1187],[136.0506,36.1187],[136.0505,36.1189]]],[[[136.0496,36.1189],[136.0495,36.1189],[136.0495,36.1189],[136.0496,36.1189]]],[[[136.0496,36.119],[136.0496,36.1189],[136.0495,36.1189],[136.0496,36.119]]],[[[136.0511,36.1189],[136.0512,36.1189],[136.0512,36.1189],[136.0511,36.1189]]],[[[136.0505,36.119],[136.0504,36.1191],[136.0506,36.1189],[136.0505,36.119]]],[[[136.0504,36.119],[136.0504,36.1191],[136.0504,36.1191],[136.0504,36.119]]],[[[136.0495,36.1191],[136.0495,36.119],[136.0495,36.119],[136.0495,36.1191]]],[[[136.0503,36.1192],[136.0504,36.1189],[136.0503,36.1189],[136.0503,36.1192]]],[[[136.051,36.1191],[136.051,36.1191],[136.051,36.119],[136.051,36.1191]]],[[[136.0515,36.1192],[136.0514,36.1192],[136.0514,36.1192],[136.0515,36.1192]]],[[[136.052,36.1193],[136.052,36.1193],[136.052,36.1193],[136.052,36.1193]]],[[[136.0514,36.1193],[136.0515,36.1193],[136.0515,36.1193],[136.0514,36.1193]]],[[[136.0521,36.1194],[136.0521,36.1193],[136.052,36.1194],[136.0521,36.1194]]],[[[136.0516,36.1195],[136.0515,36.1194],[136.0515,36.1195],[136.0516,36.1195]]],[[[136.0513,36.1196],[136.0513,36.1196],[136.0513,36.1197],[136.0513,36.1196]]],[[[136.0515,36.1197],[136.0515,36.1196],[136.0514,36.1196],[136.0515,36.1197]]],[[[136.0526,36.1197],[136.0526,36.1197],[136.0526,36.1197],[136.0526,36.1197]]],[[[136.0519,36.1197],[136.0519,36.1198],[136.0519,36.1197],[136.0519,36.1197]]],[[[136.0511,36.1197],[136.0511,36.1198],[136.0512,36.1197],[136.0511,36.1197]]],[[[136.0528,36.1198],[136.0527,36.1198],[136.0528,36.1198],[136.0528,36.1198]]],[[[136.0518,36.1198],[136.0518,36.1198],[136.0518,36.1198],[136.0518,36.1198]]],[[[136.0515,36.1201],[136.0515,36.1202],[136.0516,36.1198],[136.0515,36.1201]]],[[[136.0518,36.12],[136.0518,36.1201],[136.0518,36.1201],[136.0518,36.12]]],[[[136.0513,36.1201],[136.0514,36.1201],[136.0513,36.1201],[136.0513,36.1201]]],[[[136.0496,36.1201],[136.0495,36.1201],[136.0495,36.1202],[136.0496,36.1201]]],[[[136.051,36.1204],[136.0511,36.1205],[136.0513,36.1202],[136.051,36.1204]]],[[[136.0509,36.1205],[136.051,36.1203],[136.0509,36.1204],[136.0509,36.1205]]],[[[136.0504,36.1205],[136.0504,36.1205],[136.0505,36.1204],[136.0504,36.1205]]],[[[136.0514,36.1204],[136.0514,36.1205],[136.0514,36.1204],[136.0514,36.1204]]],[[[136.0508,36.1205],[136.0507,36.1205],[136.0508,36.1205],[136.0508,36.1205]]],[[[136.0523,36.1211],[136.0523,36.1211],[136.0523,36.1211],[136.0523,36.1211]]],[[[136.0514,36.1216],[136.0514,36.1215],[136.0513,36.1215],[136.0514,36.1216]]],[[[136.0532,36.1227],[136.0531,36.1226],[136.0531,36.1228],[136.0532,36.1227]]],[[[136.0519,36.1237],[136.0518,36.1238],[136.0519,36.1237],[136.0519,36.1237]]],[[[136.052,36.1241],[136.0519,36.124],[136.052,36.1241],[136.052,36.1241]]],[[[136.053,36.1242],[136.053,36.1243],[136.0531,36.1242],[136.053,36.1242]]],[[[136.0524,36.1243],[136.0524,36.1243],[136.0525,36.1243],[136.0524,36.1243]]],[[[136.0531,36.1243],[136.0531,36.1243],[136.0531,36.1243],[136.0531,36.1243]]],[[[136.053,36.1244],[136.053,36.1244],[136.053,36.1243],[136.053,36.1244]]],[[[136.053,36.1244],[136.0529,36.1247],[136.0531,36.1246],[136.053,36.1244]]],[[[136.0525,36.1248],[136.0525,36.1247],[136.0524,36.1247],[136.0525,36.1248]]],[[[136.0525,36.1249],[136.0525,36.1248],[136.0524,36.1248],[136.0525,36.1249]]],[[[136.0532,36.1249],[136.0532,36.1248],[136.0531,36.1248],[136.0532,36.1249]]],[[[136.0521,36.1249],[136.0521,36.1249],[136.0521,36.1249],[136.0521,36.1249]]],[[[136.0524,36.1249],[136.0524,36.1251],[136.0524,36.1249],[136.0524,36.1249]]],[[[136.052,36.1257],[136.0519,36.1246],[136.0515,36.1244],[136.0493,36.1258],[136.0509,36.126],[136.0503,36.1266],[136.052,36.1257]]],[[[136.0523,36.1256],[136.0523,36.1256],[136.0523,36.1256],[136.0523,36.1256]]],[[[136.0518,36.1259],[136.0517,36.126],[136.0519,36.126],[136.0518,36.1259]]],[[[136.0493,36.1261],[136.0493,36.1261],[136.0493,36.1261],[136.0493,36.1261]]],[[[136.0497,36.1261],[136.0497,36.1261],[136.0497,36.1261],[136.0497,36.1261]]],[[[136.0493,36.1271],[136.0493,36.127],[136.0493,36.127],[136.0493,36.1271]]],[[[136.0498,36.1283],[136.0497,36.1283],[136.0497,36.1283],[136.0498,36.1283]]],[[[136.0532,36.1288],[136.0532,36.1287],[136.0531,36.1287],[136.0532,36.1288]]],[[[136.0453,36.1086],[136.0442,36.1074],[136.0466,36.1081],[136.0476,36.1094],[136.048,36.1092],[136.0485,36.1097],[136.0486,36.11],[136.0484,36.1106],[136.0486,36.1106],[136.0483,36.1115],[136.0475,36.1118],[136.0481,36.1121],[136.0473,36.113],[136.0478,36.1144],[136.0484,36.1129],[136.0494,36.1139],[136.0483,36.1143],[136.0488,36.1144],[136.0493,36.1165],[136.0488,36.1167],[136.0485,36.1176],[136.0492,36.117],[136.0497,36.1177],[136.0494,36.1188],[136.0501,36.118],[136.051,36.1185],[136.0506,36.1192],[136.0509,36.1188],[136.0519,36.119],[136.0534,36.1199],[136.0543,36.1211],[136.0544,36.122],[136.0536,36.1228],[136.0546,36.123],[136.0547,36.1238],[136.0533,36.1251],[136.0536,36.1253],[136.0538,36.1249],[136.0543,36.1249],[136.0549,36.1257],[136.0547,36.1268],[136.0536,36.1271],[136.0543,36.1271],[136.0538,36.1282],[136.0551,36.1277],[136.0546,36.1291],[136.0557,36.1281],[136.0564,36.1283],[136.0567,36.1286],[136.056,36.1301],[136.0589,36.1313],[136.0564,36.13],[136.0568,36.129],[136.058,36.13],[136.0583,36.1295],[136.0611,36.13],[136.0606,36.1289],[136.0621,36.1299],[136.0602,36.1322],[136.0641,36.1318],[136.0651,36.1325],[136.0665,36.1319],[136.0663,36.1326],[136.0666,36.1323],[136.0671,36.1324],[136.0711,36.1346],[136.0913,36.151],[136.0954,36.1576],[136.0904,36.1605],[136.1,36.1729],[136.1252,36.1632],[136.1267,36.1613],[136.1255,36.158],[136.1303,36.1587],[136.1306,36.1622],[136.1286,36.1627],[136.1301,36.1645],[136.131,36.1638],[136.1326,36.1652],[136.1353,36.1695],[136.1381,36.1699],[136.138,36.1721],[136.139,36.1721],[136.1399,36.1691],[136.1378,36.1689],[136.1382,36.1633],[136.1392,36.1626],[136.1479,36.1634],[136.1515,36.1669],[136.1578,36.1634],[136.1619,36.1588],[136.165,36.1468],[136.1668,36.1442],[136.176,36.1386],[136.1778,36.1337],[136.1918,36.1304],[136.1918,36.1281],[136.1942,36.1265],[136.1942,36.1245],[136.1931,36.1244],[136.1985,36.1213],[136.2038,36.1209],[136.2067,36.1223],[136.2097,36.1205],[136.2304,36.1208],[136.2309,36.1194],[136.2346,36.1186],[136.2456,36.1208],[136.2456,36.1182],[136.2471,36.1183],[136.2519,36.1234],[136.2541,36.1236],[136.2554,36.1196],[136.254,36.1181],[136.2541,36.1145],[136.2555,36.1129],[136.2537,36.1065],[136.2566,36.1061],[136.2569,36.1049],[136.2641,36.1052],[136.2774,36.1029],[136.28,36.1041],[136.2814,36.0988],[136.2881,36.0984],[136.2884,36.0949],[136.2824,36.0945],[136.2819,36.0932],[136.2801,36.093],[136.2788,36.0901],[136.2821,36.0907],[136.2833,36.0855],[136.2857,36.0855],[136.2873,36.0827],[136.2944,36.082],[136.2894,36.0761],[136.2846,36.076],[136.2814,36.0732],[136.283,36.0725],[136.2846,36.0688],[136.2837,36.0675],[136.2845,36.0632],[136.2864,36.0616],[136.2865,36.0561],[136.2884,36.0559],[136.2937,36.0495],[136.297,36.0497],[136.2974,36.0461],[136.3068,36.0444],[136.3137,36.0411],[136.317,36.0413],[136.3186,36.0419],[136.3201,36.0443],[136.3203,36.0476],[136.3222,36.0496],[136.3244,36.0484],[136.3287,36.0483],[136.3355,36.0526],[136.3405,36.0531],[136.3443,36.0471],[136.344,36.0457],[136.3462,36.0425],[136.3461,36.0396],[136.3479,36.0376],[136.3567,36.0361],[136.3601,36.0339],[136.3637,36.0346],[136.3676,36.0335],[136.3699,36.0345],[136.376,36.0397],[136.3764,36.0413],[136.3849,36.0472],[136.3906,36.0479],[136.4076,36.0459],[136.4133,36.0425],[136.4256,36.0398],[136.4286,36.0413],[136.429,36.0427],[136.432,36.0433],[136.4328,36.0405],[136.4419,36.0311],[136.4428,36.0269],[136.445,36.0255],[136.4461,36.0212],[136.4522,36.0183],[136.4567,36.0179],[136.4578,36.0164],[136.4551,36.0139],[136.4506,36.0125],[136.4489,36.0101],[136.4527,36.006],[136.4528,36.004],[136.4554,36.002],[136.4515,35.997],[136.4563,35.9921],[136.4529,35.9872],[136.4486,35.9854],[136.4485,35.9834],[136.4523,35.9795],[136.4522,35.974],[136.4572,35.9671],[136.4546,35.9614],[136.4553,35.9554],[136.4639,35.9524],[136.4655,35.9502],[136.462,35.945],[136.4613,35.9416],[136.4622,35.9402],[136.4615,35.9388],[136.4644,35.9331],[136.4533,35.9313],[136.4549,35.9289],[136.4632,35.9261],[136.4671,35.9213],[136.4626,35.9216],[136.4607,35.9205],[136.4587,35.9214],[136.4565,35.9204],[136.4522,35.9215],[136.4503,35.9232],[136.4461,35.9229],[136.444,35.9256],[136.4387,35.9277],[136.4398,35.9323],[136.4356,35.9361],[136.4293,35.9383],[136.423,35.9388],[136.4213,35.941],[136.4186,35.941],[136.4174,35.943],[136.4138,35.944],[136.4126,35.9459],[136.4071,35.949],[136.4,35.9483],[136.3879,35.9526],[136.3833,35.9512],[136.3756,35.9517],[136.3725,35.9492],[136.3699,35.9486],[136.3583,35.9475],[136.352,35.942],[136.3504,35.9389],[136.3511,35.936],[136.3502,35.9343],[136.3454,35.9314],[136.3415,35.9328],[136.3394,35.9318],[136.3383,35.9296],[136.3337,35.9287],[136.3341,35.939],[136.332,35.9406],[136.3315,35.9428],[136.3349,35.9468],[136.3365,35.9513],[136.3297,35.9521],[136.3281,35.9503],[136.3229,35.9519],[136.3231,35.9567],[136.3178,35.9579],[136.3177,35.9642],[136.3146,35.9644],[136.3131,35.966],[136.3032,35.9645],[136.3002,35.9685],[136.2904,35.974],[136.2876,35.9727],[136.2848,35.9737],[136.2824,35.9717],[136.2748,35.9721],[136.2711,35.978],[136.2671,35.978],[136.2644,35.9795],[136.2624,35.9789],[136.2594,35.9804],[136.2544,35.9793],[136.2492,35.9818],[136.2476,35.981],[136.2389,35.9835],[136.2321,35.9907],[136.2295,35.9908],[136.2267,35.9895],[136.2238,35.9905],[136.22,35.9879],[136.2187,35.9846],[136.215,35.9832],[136.2144,35.9795],[136.2096,35.9771],[136.2076,35.9709],[136.2056,35.9712],[136.2042,35.9736],[136.2017,35.9742],[136.2018,35.9754],[136.2039,35.9753],[136.2035,35.9771],[136.205,35.9805],[136.204,35.9816],[136.2064,35.9857],[136.1947,35.9908],[136.1938,35.989],[136.1897,35.9911],[136.1852,35.9889],[136.1862,35.9897],[136.185,35.9924],[136.1798,35.9945],[136.1793,35.9969],[136.1807,35.9991],[136.1778,36.0014],[136.176,35.9998],[136.1683,35.9979],[136.1662,35.996],[136.1605,35.9969],[136.1606,35.9979],[136.159,35.9982],[136.1574,35.9955],[136.1599,35.9956],[136.1608,35.9937],[136.1562,35.9925],[136.1375,35.9929],[136.131,36.0021],[136.1281,36.0039],[136.1228,36.0026],[136.1208,36.001],[136.1175,36.0025],[136.1101,36.0023],[136.1077,36.0038],[136.0969,36.0049],[136.0974,36.0093],[136.0933,36.0099],[136.0924,36.0127],[136.0868,36.0157],[136.0806,36.0146],[136.0817,36.0191],[136.0755,36.0211],[136.0719,36.0239],[136.0725,36.0281],[136.0666,36.0264],[136.0623,36.028],[136.059,36.028],[136.0573,36.0269],[136.0569,36.0205],[136.0557,36.0187],[136.0565,36.0179],[136.0551,36.0151],[136.0561,36.0121],[136.0537,36.0108],[136.0521,36.0117],[136.0493,36.0097],[136.0476,36.0043],[136.0439,36.0019],[136.0395,36.0007],[136.0327,35.9968],[136.033,35.9993],[136.0307,35.9998],[136.029,35.9979],[136.0297,35.9964],[136.0283,35.995],[136.0228,36.0053],[136.0176,36.0089],[136.0161,36.0116],[136.0135,36.0126],[136.0131,36.0144],[136.0117,36.0142],[136.0103,36.0114],[136.0057,36.01],[136.0061,36.0072],[136.0035,36.0056],[136.0033,36.0036],[136.0047,35.9995],[136.0025,35.9969],[136.0046,35.9901],[136.0088,35.9878],[136.0072,35.9863],[136.0024,35.9864],[135.9963,35.9827],[135.9907,35.9828],[135.9897,35.9844],[135.9841,35.9849],[135.9856,35.9878],[135.9698,35.9919],[135.9668,35.9946],[135.9644,35.9975],[135.9675,35.9988],[135.9681,36.001],[135.9719,36.0014],[135.9745,36.0047],[135.9761,36.0041],[135.979,36.005],[135.9821,36.0087],[135.9855,36.0089],[135.9892,36.013],[135.9892,36.0123],[135.9904,36.0128],[135.9885,36.0134],[135.9905,36.013],[135.9976,36.0192],[136.0034,36.028],[136.0078,36.031],[136.007,36.0316],[136.0082,36.0312],[136.0106,36.0333],[136.0117,36.0354],[136.0097,36.0369],[136.0096,36.0436],[136.0099,36.0392],[136.0111,36.0392],[136.0103,36.0426],[136.0106,36.0437],[136.0112,36.0424],[136.0116,36.0445],[136.0111,36.0452],[136.0083,36.0433],[136.015,36.0494],[136.0163,36.049],[136.017,36.0507],[136.015,36.0521],[136.0187,36.0561],[136.0186,36.0584],[136.0197,36.059],[136.0204,36.0627],[136.0192,36.0648],[136.0214,36.0678],[136.0214,36.0714],[136.0238,36.0717],[136.0243,36.0705],[136.0258,36.0721],[136.0258,36.0737],[136.024,36.074],[136.0244,36.0753],[136.0236,36.0737],[136.0236,36.0743],[136.0244,36.0754],[136.025,36.0768],[136.0256,36.0769],[136.0261,36.0774],[136.028,36.0817],[136.0275,36.0821],[136.0276,36.0825],[136.028,36.0818],[136.0289,36.0833],[136.0268,36.0825],[136.0282,36.0832],[136.0289,36.0848],[136.0296,36.085],[136.0306,36.0864],[136.0309,36.089],[136.0305,36.0897],[136.0296,36.0899],[136.0296,36.0904],[136.0309,36.091],[136.0311,36.0922],[136.0308,36.0935],[136.0277,36.0957],[136.0282,36.0953],[136.029,36.0953],[136.0296,36.0958],[136.0297,36.0957],[136.0298,36.0956],[136.0306,36.0963],[136.0298,36.0972],[136.0317,36.0969],[136.0317,36.0971],[136.0318,36.097],[136.0319,36.097],[136.0325,36.0974],[136.0331,36.0982],[136.0334,36.0982],[136.0348,36.1012],[136.0345,36.1027],[136.0345,36.1027],[136.0345,36.1029],[136.0345,36.1032],[136.0352,36.1019],[136.0379,36.1042],[136.0371,36.1051],[136.0378,36.1045],[136.0409,36.1048],[136.0422,36.1056],[136.0427,36.1066],[136.0442,36.1072],[136.044,36.1077],[136.0453,36.1086]]],[[[136.0532,36.1199],[136.0532,36.1198],[136.0532,36.1198],[136.0532,36.1199]]],[[[136.0531,36.12],[136.0532,36.12],[136.0531,36.1198],[136.0531,36.12]]],[[[136.0534,36.1206],[136.0534,36.1205],[136.0533,36.1205],[136.0534,36.1206]]],[[[136.0533,36.1206],[136.0533,36.1206],[136.0533,36.1206],[136.0533,36.1206]]],[[[136.0533,36.1212],[136.0533,36.1212],[136.0534,36.1212],[136.0533,36.1212]]],[[[136.0535,36.1212],[136.0534,36.1212],[136.0535,36.1212],[136.0535,36.1212]]],[[[136.0533,36.1212],[136.0532,36.1212],[136.0533,36.1212],[136.0533,36.1212]]],[[[136.0534,36.1213],[136.0534,36.1213],[136.0534,36.1213],[136.0534,36.1213]]],[[[136.0537,36.1213],[136.0537,36.1213],[136.0537,36.1213],[136.0537,36.1213]]],[[[136.0541,36.1214],[136.0538,36.1215],[136.0541,36.1215],[136.0541,36.1214]]],[[[136.0543,36.1216],[136.0542,36.1216],[136.0543,36.1216],[136.0543,36.1216]]],[[[136.0541,36.1217],[136.054,36.1216],[136.054,36.1218],[136.0541,36.1217]]],[[[136.054,36.1219],[136.054,36.1218],[136.0539,36.1218],[136.054,36.1219]]],[[[136.054,36.1219],[136.0539,36.1219],[136.054,36.1219],[136.054,36.1219]]],[[[136.0536,36.1221],[136.0536,36.1221],[136.0537,36.122],[136.0536,36.1221]]],[[[136.0538,36.1223],[136.0534,36.1224],[136.0534,36.1228],[136.0538,36.1223]]],[[[136.0542,36.1234],[136.0542,36.1234],[136.0543,36.1234],[136.0542,36.1234]]],[[[136.0543,36.1234],[136.0543,36.1235],[136.0545,36.1236],[136.0543,36.1234]]],[[[136.0532,36.1243],[136.0532,36.1243],[136.0532,36.1243],[136.0532,36.1243]]],[[[136.0531,36.1247],[136.0532,36.1247],[136.0533,36.1245],[136.0531,36.1247]]],[[[136.0539,36.1249],[136.0539,36.125],[136.0539,36.1249],[136.0539,36.1249]]],[[[136.0533,36.1249],[136.0532,36.1249],[136.0532,36.125],[136.0533,36.1249]]],[[[136.054,36.1251],[136.054,36.1251],[136.0539,36.1251],[136.054,36.1251]]],[[[136.054,36.1252],[136.054,36.1251],[136.054,36.1251],[136.054,36.1252]]],[[[136.0542,36.1251],[136.0541,36.1252],[136.0542,36.1252],[136.0542,36.1251]]],[[[136.054,36.1254],[136.0541,36.1254],[136.054,36.1254],[136.054,36.1254]]],[[[136.0542,36.1253],[136.0542,36.1254],[136.0542,36.1255],[136.0542,36.1253]]],[[[136.0535,36.1253],[136.0541,36.1255],[136.0541,36.1255],[136.0535,36.1253]]],[[[136.0542,36.1256],[136.0545,36.1256],[136.0545,36.1255],[136.0542,36.1256]]],[[[136.0534,36.1256],[136.0533,36.1256],[136.0534,36.1257],[136.0534,36.1256]]],[[[136.0533,36.1259],[136.0531,36.126],[136.0532,36.126],[136.0533,36.1259]]],[[[136.0544,36.1263],[136.0544,36.1263],[136.0545,36.1263],[136.0544,36.1263]]],[[[136.0545,36.1264],[136.0544,36.1264],[136.0544,36.1264],[136.0545,36.1264]]],[[[136.0541,36.1267],[136.0541,36.1267],[136.054,36.1266],[136.0541,36.1267]]],[[[136.0548,36.1281],[136.0548,36.1281],[136.0548,36.1282],[136.0548,36.1281]]],[[[136.0542,36.1285],[136.0542,36.1286],[136.0544,36.1284],[136.0542,36.1285]]],[[[136.0546,36.1287],[136.0548,36.1283],[136.0545,36.1286],[136.0546,36.1287]]],[[[136.0565,36.1287],[136.0565,36.1286],[136.0564,36.1287],[136.0565,36.1287]]],[[[136.0543,36.129],[136.0545,36.1287],[136.0544,36.1287],[136.0543,36.129]]],[[[136.0561,36.1288],[136.0562,36.1289],[136.0562,36.1288],[136.0561,36.1288]]],[[[136.0558,36.1289],[136.0559,36.1289],[136.0559,36.1289],[136.0558,36.1289]]],[[[136.0549,36.1291],[136.055,36.1292],[136.0556,36.1288],[136.0549,36.1291]]],[[[136.0538,36.1292],[136.0538,36.1291],[136.0538,36.1291],[136.0538,36.1292]]],[[[136.0562,36.1292],[136.0562,36.1292],[136.0562,36.1293],[136.0562,36.1292]]],[[[136.0559,36.1295],[136.0557,36.1298],[136.0557,36.1298],[136.0559,36.1295]]],[[[136.0541,36.1301],[136.0541,36.1299],[136.054,36.13],[136.0541,36.1301]]],[[[136.0595,36.13],[136.0595,36.13],[136.0594,36.13],[136.0595,36.13]]],[[[136.0537,36.1299],[136.0535,36.1299],[136.0536,36.1301],[136.0537,36.1299]]],[[[136.0592,36.1301],[136.0592,36.1302],[136.0592,36.1301],[136.0592,36.1301]]],[[[136.0607,36.1301],[136.0604,36.1302],[136.0604,36.1302],[136.0607,36.1301]]],[[[136.0612,36.1309],[136.0609,36.1309],[136.0609,36.131],[136.0612,36.1309]]],[[[136.0632,36.1321],[136.0631,36.132],[136.0631,36.132],[136.0632,36.1321]]],[[[136.0641,36.1322],[136.0643,36.1323],[136.0641,36.1321],[136.0641,36.1322]]],[[[136.0637,36.1324],[136.0639,36.1323],[136.0635,36.132],[136.0637,36.1324]]],[[[136.066,36.1323],[136.066,36.1323],[136.066,36.1323],[136.066,36.1323]]],[[[136.0621,36.1325],[136.0632,36.1324],[136.0632,36.1321],[136.0621,36.1325]]],[[[136.0661,36.1324],[136.066,36.1324],[136.0661,36.1324],[136.0661,36.1324]]],[[[136.0645,36.1325],[136.0646,36.1325],[136.0646,36.1324],[136.0645,36.1325]]],[[[136.0659,36.1325],[136.0658,36.1326],[136.066,36.1326],[136.0659,36.1325]]],[[[136.0667,36.1325],[136.0666,36.1326],[136.0667,36.1327],[136.0667,36.1325]]],[[[136.0668,36.1325],[136.0668,36.1327],[136.0668,36.1325],[136.0668,36.1325]]],[[[136.0661,36.1327],[136.0661,36.1327],[136.066,36.1327],[136.0661,36.1327]]],[[[136.0667,36.1327],[136.0667,36.1328],[136.0667,36.1327],[136.0667,36.1327]]],[[[136.0665,36.1328],[136.0663,36.1327],[136.0663,36.1328],[136.0665,36.1328]]],[[[136.0581,36.1342],[136.0584,36.1344],[136.0585,36.1315],[136.0581,36.1342]]],[[[136.0588,36.1365],[136.0609,36.1367],[136.0609,36.1366],[136.0588,36.1365]]],[[[136.0763,36.1399],[136.0766,36.1402],[136.0761,36.1397],[136.0763,36.1399]]]]}},{"type":"Feature","properties":{"code":"18202","name":"敦賀市","pref_code":"18","pref":"福井県"},"geometry":{"type":"MultiPolygon","coordinates":[[[[135.9641,35.7312],[135.9645,35.7308],[135.9642,35.7307],[135.9641,35.7312]]],[[[135.9648,35.7316],[135.9648,35.7317],[135.9648,35.7316],[135.9648,35.7316]]],[[[135.9649,35.7319],[135.9648,35.7319],[135.9648,35.732],[135.9649,35.7319]]],[[[135.965,35.7324],[135.9649,35.7323],[135.9649,35.7324],[135.965,35.7324]]],[[[135.9774,35.7325],[135.9773,35.7323],[135.9772,35.7324],[135.9774,35.7325]]],[[[135.9672,35.7327],[135.9671,35.7326],[135.9671,35.7327],[135.9672,35.7327]]],[[[135.9666,35.7328],[135.9666,35.7327],[135.9665,35.7327],[135.9666,35.7328]]],[[[135.9665,35.7331],[135.9665,35.733],[135.9665,35.7331],[135.9665,35.7331]]],[[[135.9724,35.7347],[135.9723,35.7346],[135.9722,35.7347],[135.9724,35.7347]]],[[[135.9753,35.7348],[135.9753,35.7347],[135.9753,35.7348],[135.9753,35.7348]]],[[[135.9727,35.7348],[135.9726,35.7347],[135.9726,35.7348],[135.9727,35.7348]]],[[[135.9718,35.7348],[135.9718,35.7349],[135.9718,35.7349],[135.9718,35.7348]]],[[[135.9749,35.7355],[135.9748,35.7354],[135.9748,35.7355],[135.9749,35.7355]]],[[[135.9704,35.7355],[135.9705,35.7354],[135.9704,35.7354],[135.9704,35.7355]]],[[[135.9714,35.7356],[135.9714,35.7355],[135.9713,35.7355],[135.9714,35.7356]]],[[[135.9702,35.7357],[135.9702,35.7356],[135.9701,35.7357],[135.9702,35.7357]]],[[[135.9877,35.7425],[135.9878,35.7424],[135.9877,35.7424],[135.9877,35.7425]]],[[[135.988,35.7426],[135.988,35.7425],[135.9879,35.7426],[135.988,35.7426]]],[[[135.9883,35.7429],[135.9883,35.7428],[135.9882,35.7429],[135.9883,35.7429]]],[[[135.9886,35.7431],[135.9886,35.743],[135.9885,35.743],[135.9886,35.7431]]],[[[135.9931,35.7475],[135.9931,35.7474],[135.9931,35.7475],[135.9931,35.7475]]],[[[135.9925,35.7475],[135.9925,35.7474],[135.9924,35.7475],[135.9925,35.7475]]],[[[135.9928,35.7475],[135.9929,35.7474],[135.9928,35.7475],[135.9928,35.7475]]],[[[135.993,35.7478],[135.9931,35.7477],[135.993,35.7478],[135.993,35.7478]]],[[[135.9927,35.7478],[135.9926,35.7479],[135.9927,35.7478],[135.9927,35.7478]]],[[[135.9933,35.7487],[135.9933,35.7488],[135.9934,35.7488],[135.9933,35.7487]]],[[[135.9937,35.7491],[135.9937,35.749],[135.9936,35.7491],[135.9937,35.7491]]],[[[135.9952,35.7491],[135.9952,35.749],[135.9951,35.7491],[135.9952,35.7491]]],[[[135.9976,35.7497],[135.9975,35.7495],[135.9974,35.7497],[135.9976,35.7497]]],[[[135.996,35.7498],[135.996,35.7496],[135.9959,35.7497],[135.996,35.7498]]],[[[135.9969,35.7497],[135.9966,35.7498],[135.997,35.7498],[135.9969,35.7497]]],[[[135.998,35.7499],[135.9982,35.7497],[135.998,35.7497],[135.998,35.7499]]],[[[135.9977,35.7499],[135.9977,35.7498],[135.9976,35.7499],[135.9977,35.7499]]],[[[135.9997,35.7501],[135.9997,35.7501],[135.9996,35.7501],[135.9997,35.7501]]],[[[136.0006,35.7502],[136.0006,35.7502],[136.0005,35.7502],[136.0006,35.7502]]],[[[135.9981,35.7503],[135.998,35.7502],[135.998,35.7502],[135.9981,35.7503]]],[[[136.0012,35.7504],[136.0013,35.7503],[136.0012,35.7503],[136.0012,35.7504]]],[[[135.999,35.7503],[135.9989,35.7504],[135.999,35.7504],[135.999,35.7503]]],[[[136.0002,35.7505],[136.0001,35.7504],[136.0,35.7505],[136.0002,35.7505]]],[[[135.9984,35.7505],[135.9983,35.7504],[135.9984,35.7505],[135.9984,35.7505]]],[[[136.0092,35.7559],[136.0089,35.7562],[136.0092,35.7564],[136.0092,35.7559]]],[[[136.0085,35.7563],[136.0088,35.7567],[136.0088,35.7563],[136.0085,35.7563]]],[[[136.0091,35.757],[136.009,35.7569],[136.009,35.757],[136.0091,35.757]]],[[[136.0085,35.757],[136.0085,35.7569],[136.0084,35.757],[136.0085,35.757]]],[[[136.0092,35.7574],[136.0092,35.7574],[136.0092,35.7574],[136.0092,35.7574]]],[[[136.0092,35.7577],[136.0092,35.7577],[136.0092,35.7577],[136.0092,35.7577]]],[[[136.0089,35.7582],[136.0087,35.7577],[136.0085,35.7578],[136.0089,35.7582]]],[[[136.009,35.7592],[136.0088,35.7594],[136.0092,35.7595],[136.009,35.7592]]],[[[136.0268,35.6846],[136.0266,35.684],[136.0266,35.6841],[136.0268,35.6846]]],[[[136.0274,35.7546],[136.0274,35.7544],[136.0273,35.7545],[136.0274,35.7546]]],[[[136.0095,35.7572],[136.0094,35.7571],[136.0094,35.7572],[136.0095,35.7572]]],[[[136.0099,35.7573],[136.0099,35.7572],[136.0098,35.7572],[136.0099,35.7573]]],[[[136.0252,35.7574],[136.0251,35.7578],[136.0252,35.7574],[136.0252,35.7574]]],[[[136.0095,35.7574],[136.0096,35.758],[136.0098,35.7578],[136.0095,35.7574]]],[[[136.0097,35.7581],[136.0096,35.7582],[136.0097,35.7582],[136.0097,35.7581]]],[[[136.0122,35.7584],[136.0124,35.7586],[136.0126,35.7586],[136.0122,35.7584]]],[[[136.0112,35.7584],[136.0111,35.7587],[136.0114,35.7584],[136.0112,35.7584]]],[[[136.0113,35.7592],[136.0116,35.7592],[136.0115,35.759],[136.0113,35.7592]]],[[[136.013,35.7594],[136.0129,35.7594],[136.0129,35.7594],[136.013,35.7594]]],[[[136.0133,35.7593],[136.0133,35.76],[136.0134,35.7599],[136.0133,35.7593]]],[[[136.014,35.7598],[136.0139,35.7597],[136.0138,35.7598],[136.014,35.7598]]],[[[136.0145,35.76],[136.0142,35.7601],[136.0145,35.7601],[136.0145,35.76]]],[[[136.0126,35.7604],[136.0129,35.7599],[136.0124,35.7598],[136.0126,35.7604]]],[[[136.0155,35.7603],[136.0153,35.7602],[136.0154,35.7603],[136.0155,35.7603]]],[[[136.0141,35.7604],[136.0141,35.7602],[136.0141,35.7604],[136.0141,35.7604]]],[[[136.0142,35.7603],[136.0142,35.7604],[136.0142,35.7603],[136.0142,35.7603]]],[[[136.0144,35.7605],[136.0144,35.7604],[136.0143,35.7604],[136.0144,35.7605]]],[[[136.0158,35.7605],[136.0158,35.7605],[136.0158,35.7605],[136.0158,35.7605]]],[[[136.023,35.7609],[136.0231,35.7608],[136.0231,35.7608],[136.023,35.7609]]],[[[136.0161,35.7615],[136.0161,35.7614],[136.0161,35.7614],[136.0161,35.7615]]],[[[136.0158,35.7616],[136.0159,35.7615],[136.0158,35.7616],[136.0158,35.7616]]],[[[136.0159,35.7617],[136.0161,35.7619],[136.016,35.7616],[136.0159,35.7617]]],[[[136.0222,35.7621],[136.0221,35.7621],[136.0221,35.7621],[136.0222,35.7621]]],[[[136.0156,35.7622],[136.0156,35.7621],[136.0155,35.7622],[136.0156,35.7622]]],[[[136.016,35.7621],[136.016,35.7624],[136.0162,35.7622],[136.016,35.7621]]],[[[136.0156,35.7626],[136.0154,35.7624],[136.0153,35.7626],[136.0156,35.7626]]],[[[136.0162,35.7628],[136.0159,35.7625],[136.0158,35.7627],[136.0162,35.7628]]],[[[136.0163,35.7627],[136.0166,35.7629],[136.0164,35.7626],[136.0163,35.7627]]],[[[136.0166,35.7631],[136.0166,35.763],[136.0166,35.7631],[136.0166,35.7631]]],[[[136.021,35.7631],[136.021,35.7631],[136.021,35.7631],[136.021,35.7631]]],[[[136.0164,35.7635],[136.0164,35.7634],[136.0163,35.7634],[136.0164,35.7635]]],[[[136.0167,35.7636],[136.0167,35.7635],[136.0166,35.7635],[136.0167,35.7636]]],[[[136.0166,35.7638],[136.0166,35.7636],[136.0165,35.7637],[136.0166,35.7638]]],[[[136.0153,35.7639],[136.0156,35.764],[136.0156,35.7637],[136.0153,35.7639]]],[[[136.0158,35.7641],[136.0162,35.7637],[136.0157,35.7638],[136.0158,35.7641]]],[[[136.0171,35.7642],[136.0167,35.764],[136.0166,35.7642],[136.0171,35.7642]]],[[[136.0179,35.7643],[136.0178,35.7642],[136.0178,35.7642],[136.0179,35.7643]]],[[[136.0182,35.7643],[136.0181,35.7643],[136.0182,35.7644],[136.0182,35.7643]]],[[[136.0191,35.7643],[136.0186,35.7644],[136.0191,35.7644],[136.0191,35.7643]]],[[[136.0164,35.7646],[136.0162,35.7642],[136.016,35.7644],[136.0164,35.7646]]],[[[136.0172,35.7645],[136.0174,35.7646],[136.0173,35.7644],[136.0172,35.7645]]],[[[136.0168,35.7647],[136.0169,35.7646],[136.0167,35.7646],[136.0168,35.7647]]],[[[136.0162,35.7648],[136.0161,35.7647],[136.0161,35.7649],[136.0162,35.7648]]],[[[136.0192,35.7646],[136.0192,35.765],[136.0194,35.7647],[136.0192,35.7646]]],[[[136.0153,35.7653],[136.0154,35.7653],[136.0154,35.7652],[136.0153,35.7653]]],[[[136.0162,35.7657],[136.0162,35.7656],[136.0161,35.7656],[136.0162,35.7657]]],[[[136.0454,35.6636],[136.0453,35.6636],[136.0453,35.6637],[136.0454,35.6636]]],[[[136.0453,35.6639],[136.0453,35.6639],[136.0453,35.6639],[136.0453,35.6639]]],[[[136.0443,35.6644],[136.0443,35.6643],[136.0443,35.6644],[136.0443,35.6644]]],[[[136.043,35.6662],[136.043,35.6661],[136.043,35.6661],[136.043,35.6662]]],[[[136.0429,35.6666],[136.0429,35.6666],[136.0429,35.6666],[136.0429,35.6666]]],[[[136.0426,35.668],[136.0425,35.668],[136.0426,35.6681],[136.0426,35.668]]],[[[136.043,35.6686],[136.043,35.6686],[136.043,35.6686],[136.043,35.6686]]],[[[136.0419,35.6709],[136.0421,35.6708],[136.042,35.6707],[136.0419,35.6709]]],[[[136.04,35.672],[136.0407,35.6716],[136.0399,35.6719],[136.04,35.672]]],[[[136.0384,35.6726],[136.0394,35.6721],[136.0383,35.6726],[136.0384,35.6726]]],[[[136.0364,35.6758],[136.0363,35.6758],[136.0364,35.6758],[136.0364,35.6758]]],[[[136.0354,35.676],[136.0354,35.6759],[136.0354,35.6759],[136.0354,35.676]]],[[[136.0363,35.6759],[136.0364,35.676],[136.0364,35.6759],[136.0363,35.6759]]],[[[136.0358,35.6761],[136.0359,35.676],[136.0358,35.6761],[136.0358,35.6761]]],[[[136.0332,35.6768],[136.0346,35.676],[136.0331,35.6767],[136.0332,35.6768]]],[[[136.0323,35.6772],[136.033,35.6768],[136.0323,35.6771],[136.0323,35.6772]]],[[[136.0314,35.6776],[136.0321,35.6772],[136.0314,35.6776],[136.0314,35.6776]]],[[[136.0308,35.678],[136.0312,35.6777],[136.0307,35.6779],[136.0308,35.678]]],[[[136.0277,35.6861],[136.0273,35.6853],[136.0272,35.6853],[136.0277,35.6861]]],[[[136.0432,35.6914],[136.0431,35.6914],[136.0432,35.6914],[136.0432,35.6914]]],[[[136.0445,35.6915],[136.0446,35.6915],[136.0446,35.6915],[136.0445,35.6915]]],[[[136.0424,35.6915],[136.0425,35.6915],[136.0424,35.6915],[136.0424,35.6915]]],[[[136.0444,35.6918],[136.0444,35.6917],[136.0444,35.6918],[136.0444,35.6918]]],[[[136.0444,35.6928],[136.0444,35.6926],[136.0443,35.6926],[136.0444,35.6928]]],[[[136.045,35.6944],[136.0451,35.6942],[136.045,35.6942],[136.045,35.6944]]],[[[136.0453,35.6946],[136.0453,35.6946],[136.0453,35.6946],[136.0453,35.6946]]],[[[136.0453,35.6948],[136.0453,35.6948],[136.0453,35.6948],[136.0453,35.6948]]],[[[136.0434,35.6984],[136.0435,35.6984],[136.0434,35.6984],[136.0434,35.6984]]],[[[136.0433,35.6985],[136.0432,35.6984],[136.0432,35.6985],[136.0433,35.6985]]],[[[136.043,35.6985],[136.0431,35.6984],[136.043,35.6984],[136.043,35.6985]]],[[[136.042,35.703],[136.0419,35.7029],[136.0419,35.703],[136.042,35.703]]],[[[136.0421,35.703],[136.0421,35.7029],[136.0421,35.703],[136.0421,35.703]]],[[[136.0421,35.7032],[136.0422,35.7032],[136.0421,35.7032],[136.0421,35.7032]]],[[[136.0422,35.7034],[136.0422,35.7033],[136.0422,35.7033],[136.0422,35.7034]]],[[[136.0425,35.7036],[136.0425,35.7036],[136.0425,35.7036],[136.0425,35.7036]]],[[[136.0431,35.7044],[136.0432,35.7044],[136.0431,35.7043],[136.0431,35.7044]]],[[[136.0433,35.7045],[136.0434,35.7045],[136.0433,35.7045],[136.0433,35.7045]]],[[[136.0435,35.7046],[136.0436,35.7045],[136.0435,35.7045],[136.0435,35.7046]]],[[[136.0445,35.7052],[136.0445,35.7052],[136.0445,35.7053],[136.0445,35.7052]]],[[[136.0445,35.7054],[136.0446,35.7054],[136.0445,35.7054],[136.0445,35.7054]]],[[[136.0438,35.7059],[136.0438,35.7058],[136.0438,35.7059],[136.0438,35.7059]]],[[[136.0434,35.706],[136.0433,35.706],[136.0434,35.7061],[136.0434,35.706]]],[[[136.0423,35.7356],[136.042,35.7343],[136.0412,35.7349],[136.0417,35.7367],[136.0386,35.7387],[136.0412,35.7379],[136.0423,35.7356]]],[[[136.037,35.7404],[136.037,35.7403],[136.0369,35.7403],[136.037,35.7404]]],[[[136.0364,35.7406],[136.0364,35.7405],[136.0363,35.7405],[136.0364,35.7406]]],[[[136.0368,35.7405],[136.0366,35.7405],[136.0366,35.7406],[136.0368,35.7405]]],[[[136.0286,35.754],[136.0286,35.7539],[136.0285,35.754],[136.0286,35.754]]],[[[136.0281,35.754],[136.0283,35.754],[136.0283,35.754],[136.0281,35.754]]],[[[136.1151,35.7625],[136.1158,35.7591],[136.1175,35.7579],[136.1174,35.7562],[136.1187,35.7552],[136.1185,35.7518],[136.1236,35.7484],[136.1267,35.7426],[136.1307,35.7409],[136.1326,35.7373],[136.1334,35.7335],[136.1326,35.7299],[136.1337,35.7282],[136.1336,35.7249],[136.132,35.7227],[136.1426,35.7161],[136.1437,35.7142],[136.1488,35.7107],[136.1491,35.7046],[136.1481,35.7032],[136.1453,35.7026],[136.1471,35.6993],[136.1504,35.6977],[136.1504,35.6913],[136.1483,35.6875],[136.1463,35.687],[136.1435,35.6832],[136.1425,35.6792],[136.1396,35.678],[136.1378,35.6731],[136.1345,35.6694],[136.1364,35.6657],[136.1481,35.6624],[136.1502,35.6594],[136.1513,35.6556],[136.1501,35.6546],[136.1512,35.6532],[136.151,35.6514],[136.1525,35.6507],[136.1512,35.649],[136.1529,35.6463],[136.1543,35.6462],[136.1549,35.6424],[136.1573,35.6413],[136.1583,35.6357],[136.1599,35.6348],[136.1586,35.6298],[136.1602,35.6273],[136.1599,35.6252],[136.1626,35.6239],[136.1651,35.619],[136.1669,35.6186],[136.1704,35.6124],[136.1708,35.6087],[136.1768,35.5984],[136.1774,35.5949],[136.1664,35.5825],[136.1684,35.5776],[136.1707,35.5756],[136.1695,35.5739],[136.1704,35.5712],[136.1692,35.568],[136.1699,35.5661],[136.1669,35.5654],[136.1623,35.5715],[136.1552,35.5714],[136.1505,35.5729],[136.1496,35.5714],[136.1475,35.5721],[136.1449,35.5705],[136.1389,35.5757],[136.1327,35.5745],[136.1212,35.5762],[136.118,35.5775],[136.1168,35.5788],[136.1169,35.5817],[136.1138,35.5829],[136.1122,35.58],[136.1129,35.574],[136.1113,35.573],[136.1101,35.5692],[136.1079,35.5683],[136.1107,35.5633],[136.1104,35.5597],[136.1054,35.5555],[136.1091,35.5497],[136.1079,35.5472],[136.1095,35.545],[136.108,35.5401],[136.1059,35.5383],[136.1068,35.535],[136.1061,35.5326],[136.1072,35.5307],[136.1063,35.5289],[136.1053,35.5287],[136.1003,35.5322],[136.0999,35.5337],[136.0974,35.5339],[136.0932,35.5375],[136.0909,35.5374],[136.0829,35.5406],[136.0805,35.5389],[136.0794,35.5357],[136.0768,35.5346],[136.0771,35.5305],[136.074,35.5296],[136.0694,35.5263],[136.0653,35.5283],[136.0624,35.5281],[136.0607,35.5319],[136.0486,35.5345],[136.0464,35.5302],[136.042,35.5308],[136.0409,35.5322],[136.0283,35.5291],[136.0265,35.5295],[136.0277,35.5425],[136.025,35.5436],[136.0239,35.5456],[136.0252,35.5509],[136.0228,35.5585],[136.0247,35.5632],[136.0271,35.5648],[136.0297,35.569],[136.0294,35.5772],[136.028,35.58],[136.0263,35.5809],[136.0271,35.5826],[136.0252,35.5873],[136.0236,35.5862],[136.0187,35.587],[136.0121,35.5849],[136.0094,35.5858],[136.0046,35.5952],[136.0046,35.5962],[136.0069,35.5975],[136.0082,35.6074],[136.0094,35.6091],[136.0062,35.6136],[136.0059,35.616],[136.0073,35.6177],[136.0069,35.6276],[136.0091,35.6315],[136.0085,35.6339],[136.0057,35.6369],[136.0042,35.6458],[136.0012,35.6471],[135.9982,35.6521],[135.9987,35.6538],[136.0014,35.6544],[136.0065,35.6582],[136.0081,35.6609],[136.0131,35.6651],[136.0137,35.667],[136.0095,35.6698],[136.0096,35.6742],[136.0106,35.6758],[136.0091,35.6777],[136.0129,35.684],[136.0109,35.6876],[136.012,35.6893],[136.0107,35.6934],[136.0113,35.6961],[136.0128,35.6973],[136.0103,35.7014],[136.0123,35.7071],[136.0102,35.7084],[136.0136,35.7174],[136.0126,35.7249],[136.0069,35.7299],[136.005,35.7301],[135.9954,35.726],[135.9913,35.7267],[135.9859,35.7244],[135.9688,35.7248],[135.9646,35.7301],[135.9651,35.7325],[135.9671,35.7323],[135.9679,35.733],[135.9681,35.7356],[135.972,35.7344],[135.973,35.7347],[135.9739,35.7354],[135.9744,35.7348],[135.9768,35.7346],[135.9754,35.7345],[135.9751,35.7332],[135.9763,35.734],[135.9764,35.7325],[135.9772,35.7323],[135.9786,35.7324],[135.9792,35.7333],[135.9811,35.7331],[135.9842,35.7358],[135.9831,35.7368],[135.9848,35.739],[135.9809,35.7377],[135.988,35.742],[135.9934,35.7473],[135.9936,35.7489],[135.9948,35.7487],[136.0012,35.7499],[136.0036,35.7539],[136.0057,35.7542],[136.0043,35.7552],[136.0028,35.7545],[136.0054,35.7561],[136.0096,35.7542],[136.0091,35.7552],[136.0104,35.7582],[136.0128,35.7584],[136.0157,35.7602],[136.0162,35.7608],[136.0168,35.7637],[136.0185,35.7642],[136.0209,35.763],[136.0232,35.7604],[136.0243,35.76],[136.025,35.7583],[136.0235,35.7601],[136.0241,35.7579],[136.0258,35.755],[136.0318,35.7518],[136.0335,35.7456],[136.0362,35.7405],[136.0377,35.7391],[136.0355,35.7395],[136.0307,35.7433],[136.0241,35.7499],[136.022,35.7488],[136.0234,35.7469],[136.0227,35.7475],[136.0228,35.7447],[136.0278,35.7413],[136.0283,35.737],[136.0308,35.7342],[136.0328,35.7338],[136.0384,35.7268],[136.0384,35.7252],[136.036,35.7222],[136.0359,35.7187],[136.0407,35.7123],[136.0392,35.7124],[136.0377,35.7098],[136.0409,35.7065],[136.0444,35.7055],[136.0426,35.7041],[136.0415,35.7026],[136.0407,35.6993],[136.0443,35.6978],[136.0442,35.6912],[136.0437,35.691],[136.0431,35.6915],[136.0397,35.6919],[136.0381,35.6947],[136.0329,35.6927],[136.0265,35.6857],[136.0255,35.6805],[136.0333,35.6757],[136.0361,35.6759],[136.0378,35.6722],[136.0419,35.6706],[136.0428,35.6695],[136.0423,35.6672],[136.0431,35.6654],[136.0441,35.6643],[136.0457,35.6634],[136.0432,35.66],[136.0445,35.6596],[136.0439,35.6588],[136.0448,35.6582],[136.0512,35.6568],[136.0596,35.6572],[136.0595,35.6586],[136.0596,35.6593],[136.0597,35.6574],[136.0636,35.6585],[136.0636,35.6602],[136.0594,35.6598],[136.0594,35.6609],[136.0643,35.6613],[136.0648,35.6592],[136.0656,35.6592],[136.0726,35.6611],[136.072,35.663],[136.0679,35.6643],[136.0625,35.6637],[136.058,35.6642],[136.0621,35.664],[136.0633,35.6682],[136.0685,35.6681],[136.0685,35.6673],[136.0703,35.6673],[136.0703,35.6659],[136.0717,35.6659],[136.0729,35.6677],[136.0743,35.6674],[136.0743,35.6781],[136.0709,35.678],[136.0707,35.6794],[136.0676,35.6795],[136.0773,35.6797],[136.0775,35.6804],[136.0783,35.6805],[136.0789,35.6812],[136.0795,35.6814],[136.0787,35.6801],[136.0804,35.6804],[136.0836,35.6825],[136.0828,35.6834],[136.0842,35.6825],[136.0861,35.6847],[136.0855,35.687],[136.0833,35.6871],[136.0833,35.6881],[136.0813,35.6893],[136.0812,35.692],[136.0803,35.6927],[136.0812,35.6939],[136.08,35.6972],[136.0816,35.6996],[136.0785,35.7034],[136.0793,35.7047],[136.0799,35.7047],[136.0815,35.7047],[136.083,35.7052],[136.0842,35.7074],[136.0869,35.7073],[136.0881,35.7078],[136.0924,35.711],[136.0911,35.7134],[136.091,35.7169],[136.095,35.72],[136.0987,35.7258],[136.096,35.7296],[136.0969,35.7314],[136.0973,35.7327],[136.0965,35.7356],[136.0951,35.7368],[136.0928,35.736],[136.093,35.7365],[136.0919,35.7373],[136.0882,35.7384],[136.0873,35.7384],[136.0866,35.7381],[136.0857,35.7392],[136.0875,35.7399],[136.0882,35.7414],[136.0951,35.7423],[136.0999,35.7467],[136.1014,35.7569],[136.1005,35.7596],[136.0991,35.761],[136.0983,35.7652],[136.1115,35.7659],[136.1151,35.7625]]],[[[136.0558,35.657],[136.0557,35.657],[136.0557,35.657],[136.0558,35.657]]],[[[136.0557,35.6572],[136.0557,35.6572],[136.0557,35.6572],[136.0557,35.6572]]],[[[136.0562,35.6579],[136.0549,35.6577],[136.0549,35.6578],[136.0562,35.6579]]],[[[136.0565,35.6579],[136.0579,35.658],[136.0565,35.6578],[136.0565,35.6579]]],[[[136.0454,35.6637],[136.0454,35.6636],[136.0454,35.6637],[136.0454,35.6637]]],[[[136.0454,35.6637],[136.0454,35.6637],[136.0454,35.6637],[136.0454,35.6637]]],[[[136.0454,35.6637],[136.0453,35.6637],[136.0453,35.6637],[136.0454,35.6637]]],[[[136.0675,35.6794],[136.0676,35.6793],[136.0675,35.6793],[136.0675,35.6794]]],[[[136.0675,35.6795],[136.0583,35.6794],[136.0583,35.6795],[136.0675,35.6795]]],[[[136.0562,35.6795],[136.0561,35.6794],[136.0561,35.6795],[136.0562,35.6795]]],[[[136.0766,35.6801],[136.0766,35.68],[136.0765,35.6801],[136.0766,35.6801]]],[[[136.0783,35.6806],[136.0782,35.6806],[136.0782,35.6806],[136.0783,35.6806]]],[[[136.0781,35.6809],[136.0782,35.681],[136.0782,35.6809],[136.0781,35.6809]]],[[[136.0812,35.6824],[136.0802,35.6817],[136.0802,35.6818],[136.0812,35.6824]]],[[[136.0812,35.6905],[136.0812,35.6905],[136.0812,35.6905],[136.0812,35.6905]]],[[[136.0812,35.6905],[136.0812,35.6905],[136.0812,35.6905],[136.0812,35.6905]]],[[[136.0806,35.6909],[136.0806,35.6909],[136.0806,35.6909],[136.0806,35.6909]]],[[[136.0808,35.691],[136.0809,35.691],[136.0808,35.691],[136.0808,35.691]]],[[[136.0809,35.6911],[136.0809,35.6912],[136.0809,35.6911],[136.0809,35.6911]]],[[[136.0802,35.6928],[136.0802,35.6928],[136.0802,35.6928],[136.0802,35.6928]]],[[[136.0809,35.6943],[136.081,35.6943],[136.0809,35.6943],[136.0809,35.6943]]],[[[136.081,35.6943],[136.081,35.6943],[136.081,35.6943],[136.081,35.6943]]],[[[136.081,35.6946],[136.081,35.6945],[136.081,35.6946],[136.081,35.6946]]],[[[136.0455,35.695],[136.0454,35.6949],[136.0454,35.695],[136.0455,35.695]]],[[[136.0806,35.695],[136.0807,35.695],[136.0806,35.695],[136.0806,35.695]]],[[[136.0805,35.695],[136.0806,35.695],[136.0805,35.695],[136.0805,35.695]]],[[[136.0807,35.695],[136.0807,35.695],[136.0807,35.695],[136.0807,35.695]]],[[[136.0806,35.695],[136.0806,35.695],[136.0806,35.695],[136.0806,35.695]]],[[[136.0801,35.6957],[136.0802,35.6956],[136.0801,35.6957],[136.0801,35.6957]]],[[[136.0802,35.6958],[136.0802,35.6958],[136.0802,35.6958],[136.0802,35.6958]]],[[[136.0802,35.696],[136.0802,35.696],[136.0802,35.696],[136.0802,35.696]]],[[[136.0801,35.696],[136.0801,35.696],[136.0801,35.696],[136.0801,35.696]]],[[[136.08,35.6972],[136.0799,35.6971],[136.0799,35.6972],[136.08,35.6972]]],[[[136.0801,35.6975],[136.08,35.6974],[136.08,35.6975],[136.0801,35.6975]]],[[[136.0808,35.7002],[136.0807,35.7001],[136.0807,35.7002],[136.0808,35.7002]]],[[[136.0804,35.7006],[136.0803,35.7005],[136.0803,35.7006],[136.0804,35.7006]]],[[[136.0786,35.7023],[136.0786,35.7022],[136.0785,35.7022],[136.0786,35.7023]]],[[[136.0782,35.7031],[136.0781,35.7032],[136.0782,35.7032],[136.0782,35.7031]]],[[[136.0782,35.7037],[136.0782,35.7037],[136.0782,35.7037],[136.0782,35.7037]]],[[[136.0784,35.7037],[136.0784,35.7038],[136.0784,35.7038],[136.0784,35.7037]]],[[[136.0801,35.7048],[136.0799,35.7047],[136.0799,35.7048],[136.0801,35.7048]]],[[[136.0789,35.7047],[136.0787,35.7051],[136.079,35.7047],[136.0789,35.7047]]],[[[136.0795,35.705],[136.0795,35.7049],[136.0795,35.7049],[136.0795,35.705]]],[[[136.0798,35.705],[136.0798,35.7049],[136.0798,35.705],[136.0798,35.705]]],[[[136.0791,35.705],[136.0791,35.705],[136.079,35.705],[136.0791,35.705]]],[[[136.079,35.7052],[136.0789,35.7051],[136.0789,35.7052],[136.079,35.7052]]],[[[136.0785,35.7053],[136.0784,35.7052],[136.0783,35.7052],[136.0785,35.7053]]],[[[136.0819,35.6828],[136.0817,35.6829],[136.0826,35.6835],[136.0819,35.6828]]],[[[136.0819,35.6888],[136.0819,35.6888],[136.0819,35.6888],[136.0819,35.6888]]],[[[136.0813,35.6889],[136.0813,35.6889],[136.0813,35.6889],[136.0813,35.6889]]],[[[136.0815,35.6889],[136.0815,35.6889],[136.0815,35.6889],[136.0815,35.6889]]],[[[136.0815,35.689],[136.0815,35.689],[136.0815,35.689],[136.0815,35.689]]],[[[136.0814,35.689],[136.0814,35.689],[136.0814,35.689],[136.0814,35.689]]],[[[136.0815,35.689],[136.0815,35.689],[136.0815,35.689],[136.0815,35.689]]],[[[136.0815,35.6891],[136.0815,35.6891],[136.0815,35.6891],[136.0815,35.6891]]],[[[136.0813,35.6892],[136.0814,35.6891],[136.0813,35.6892],[136.0813,35.6892]]],[[[136.0813,35.6892],[136.0813,35.6892],[136.0813,35.6892],[136.0813,35.6892]]],[[[136.0813,35.6893],[136.0813,35.6892],[136.0813,35.6893],[136.0813,35.6893]]],[[[136.0813,35.6895],[136.0812,35.6895],[136.0812,35.6895],[136.0813,35.6895]]],[[[136.084,35.7075],[136.0839,35.7074],[136.0839,35.7075],[136.084,35.7075]]],[[[136.0857,35.7075],[136.0857,35.7075],[136.0857,35.7075],[136.0857,35.7075]]],[[[136.086,35.7075],[136.0861,35.7075],[136.086,35.7075],[136.086,35.7075]]],[[[136.0848,35.7082],[136.0848,35.708],[136.0847,35.7081],[136.0848,35.7082]]],[[[136.0909,35.7133],[136.091,35.7132],[136.0909,35.7132],[136.0909,35.7133]]],[[[136.0907,35.7161],[136.0909,35.7161],[136.0907,35.7159],[136.0907,35.7161]]],[[[136.0972,35.7277],[136.0973,35.7276],[136.0971,35.7277],[136.0972,35.7277]]],[[[136.096,35.7304],[136.0959,35.7303],[136.0959,35.7304],[136.096,35.7304]]],[[[136.0968,35.7315],[136.0968,35.7314],[136.0967,35.7315],[136.0968,35.7315]]],[[[136.0947,35.7361],[136.0947,35.736],[136.0946,35.7361],[136.0947,35.7361]]],[[[136.0945,35.7362],[136.0944,35.7361],[136.0944,35.7362],[136.0945,35.7362]]],[[[136.0926,35.7365],[136.0925,35.7364],[136.0925,35.7365],[136.0926,35.7365]]],[[[136.09,35.7373],[136.0902,35.7373],[136.09,35.7372],[136.09,35.7373]]],[[[136.0885,35.7381],[136.0886,35.7382],[136.0886,35.7381],[136.0885,35.7381]]],[[[136.0862,35.7383],[136.0861,35.7383],[136.0861,35.7383],[136.0862,35.7383]]],[[[136.0874,35.7383],[136.0874,35.7383],[136.0874,35.7383],[136.0874,35.7383]]],[[[136.0854,35.7386],[136.0856,35.7387],[136.0856,35.7386],[136.0854,35.7386]]],[[[136.085,35.7385],[136.0849,35.7388],[136.0851,35.7387],[136.085,35.7385]]],[[[136.086,35.7387],[136.0859,35.7386],[136.0859,35.7387],[136.086,35.7387]]],[[[136.0857,35.7389],[136.0857,35.7388],[136.0856,35.7388],[136.0857,35.7389]]],[[[136.0868,35.7399],[136.0868,35.7398],[136.0867,35.7398],[136.0868,35.7399]]],[[[136.0873,35.74],[136.0872,35.7399],[136.0872,35.74],[136.0873,35.74]]],[[[136.0879,35.7411],[136.0879,35.7411],[136.0879,35.7411],[136.0879,35.7411]]],[[[136.0883,35.7416],[136.0884,35.7415],[136.0883,35.7416],[136.0883,35.7416]]],[[[136.0898,35.7417],[136.0898,35.7416],[136.0897,35.7416],[136.0898,35.7417]]],[[[136.0894,35.7417],[136.0894,35.7417],[136.0893,35.7417],[136.0894,35.7417]]],[[[136.0895,35.7418],[136.0895,35.7418],[136.0895,35.7418],[136.0895,35.7418]]],[[[136.0907,35.7419],[136.0906,35.7419],[136.0906,35.742],[136.0907,35.7419]]],[[[136.1003,35.7587],[136.1002,35.7586],[136.1003,35.7587],[136.1003,35.7587]]],[[[136.0999,35.7593],[136.0999,35.7592],[136.0999,35.7593],[136.0999,35.7593]]],[[[136.1,35.7596],[136.1001,35.7596],[136.1,35.7595],[136.1,35.7596]]],[[[136.098,35.7612],[136.0981,35.7611],[136.0979,35.7611],[136.098,35.7612]]],[[[136.0986,35.7613],[136.0987,35.7612],[136.0985,35.7613],[136.0986,35.7613]]],[[[136.0979,35.7619],[136.098,35.7619],[136.098,35.7618],[136.0979,35.7619]]]]}},{"type":"Feature","properties":{"code":"18204","name":"小浜市","pref_code":"18","pref":"福井県"},"geometry":{"type":"MultiPolygon","coordinates":[[[[135.6503,35.4804],[135.6523,35.4811],[135.6503,35.4804],[135.6503,35.4804]]],[[[135.6582,35.4858],[135.6581,35.4858],[135.6581,35.4858],[135.6582,35.4858]]],[[[135.6583,35.486],[135.6582,35.486],[135.6582,35.486],[135.6583,35.486]]],[[[135.6583,35.4861],[135.6584,35.4861],[135.6583,35.4861],[135.6583,35.4861]]],[[[135.6583,35.4864],[135.6584,35.4864],[135.6583,35.4864],[135.6583,35.4864]]],[[[135.6582,35.4866],[135.6582,35.4865],[135.6581,35.4866],[135.6582,35.4866]]],[[[135.658,35.4866],[135.6579,35.4867],[135.658,35.4867],[135.658,35.4866]]],[[[135.6576,35.4869],[135.6578,35.4871],[135.6577,35.4868],[135.6576,35.4869]]],[[[135.6575,35.4872],[135.6577,35.4872],[135.6577,35.4872],[135.6575,35.4872]]],[[[135.6579,35.4874],[135.6579,35.4872],[135.6578,35.4873],[135.6579,35.4874]]],[[[135.6575,35.4874],[135.6576,35.4873],[135.6575,35.4874],[135.6575,35.4874]]],[[[135.6575,35.4876],[135.6576,35.4875],[135.6575,35.4875],[135.6575,35.4876]]],[[[135.6574,35.4877],[135.6574,35.4877],[135.6574,35.4877],[135.6574,35.4877]]],[[[135.6941,35.489],[135.694,35.489],[135.6941,35.489],[135.6941,35.489]]],[[[135.6939,35.4892],[135.694,35.4891],[135.6939,35.4891],[135.6939,35.4892]]],[[[135.6945,35.4892],[135.6944,35.4892],[135.6943,35.4892],[135.6945,35.4892]]],[[[135.6951,35.4896],[135.6951,35.4896],[135.695,35.4896],[135.6951,35.4896]]],[[[135.6952,35.4897],[135.6951,35.4898],[135.6952,35.4897],[135.6952,35.4897]]],[[[135.6954,35.4902],[135.6955,35.4902],[135.6954,35.4902],[135.6954,35.4902]]],[[[135.6954,35.4904],[135.6955,35.4902],[135.6953,35.4904],[135.6954,35.4904]]],[[[135.6954,35.4906],[135.6953,35.4906],[135.6954,35.4906],[135.6954,35.4906]]],[[[135.6715,35.491],[135.6714,35.491],[135.6715,35.491],[135.6715,35.491]]],[[[135.6962,35.4913],[135.6962,35.4914],[135.6962,35.4913],[135.6962,35.4913]]],[[[135.6963,35.4913],[135.6963,35.4914],[135.6963,35.4914],[135.6963,35.4913]]],[[[135.6655,35.4916],[135.6655,35.4915],[135.6655,35.4916],[135.6655,35.4916]]],[[[135.6655,35.4921],[135.6656,35.492],[135.6655,35.492],[135.6655,35.4921]]],[[[135.6613,35.4925],[135.6613,35.4924],[135.6613,35.4924],[135.6613,35.4925]]],[[[135.6614,35.4929],[135.6613,35.4929],[135.6614,35.4929],[135.6614,35.4929]]],[[[135.6637,35.4938],[135.6636,35.4938],[135.6636,35.4938],[135.6637,35.4938]]],[[[135.663,35.4939],[135.6629,35.4939],[135.663,35.4939],[135.663,35.4939]]],[[[135.6634,35.4939],[135.6634,35.4939],[135.6633,35.4939],[135.6634,35.4939]]],[[[135.6825,35.4967],[135.6824,35.4966],[135.6824,35.4966],[135.6825,35.4967]]],[[[135.6827,35.499],[135.6839,35.4974],[135.6826,35.497],[135.6827,35.499]]],[[[135.6825,35.498],[135.6825,35.4981],[135.6825,35.4981],[135.6825,35.498]]],[[[135.6839,35.4982],[135.6839,35.4982],[135.684,35.4982],[135.6839,35.4982]]],[[[135.6826,35.4983],[135.6826,35.4983],[135.6826,35.4983],[135.6826,35.4983]]],[[[135.6895,35.5432],[135.6897,35.5432],[135.6895,35.5431],[135.6895,35.5432]]],[[[135.6896,35.5435],[135.6896,35.5434],[135.6895,35.5434],[135.6896,35.5435]]],[[[135.6895,35.5436],[135.6895,35.5435],[135.6894,35.5436],[135.6895,35.5436]]],[[[135.6885,35.5447],[135.6886,35.545],[135.6888,35.5448],[135.6885,35.5447]]],[[[135.6885,35.5459],[135.6884,35.5459],[135.6885,35.546],[135.6885,35.5459]]],[[[135.6896,35.5477],[135.6895,35.5477],[135.6896,35.5477],[135.6896,35.5477]]],[[[135.6896,35.5483],[135.6897,35.5482],[135.6896,35.5482],[135.6896,35.5483]]],[[[135.6947,35.5521],[135.6946,35.552],[135.6946,35.552],[135.6947,35.5521]]],[[[135.6951,35.5523],[135.6951,35.5524],[135.6952,35.5524],[135.6951,35.5523]]],[[[135.6978,35.554],[135.6979,35.554],[135.6978,35.5539],[135.6978,35.554]]],[[[135.6979,35.5544],[135.6979,35.5542],[135.6979,35.5543],[135.6979,35.5544]]],[[[135.6981,35.5548],[135.6982,35.5547],[135.698,35.5547],[135.6981,35.5548]]],[[[135.6983,35.5551],[135.6982,35.555],[135.6981,35.5551],[135.6983,35.5551]]],[[[135.7102,35.487],[135.7102,35.4869],[135.7101,35.487],[135.7102,35.487]]],[[[135.7085,35.4886],[135.7085,35.4885],[135.7084,35.4886],[135.7085,35.4886]]],[[[135.7084,35.4886],[135.7084,35.4886],[135.7084,35.4887],[135.7084,35.4886]]],[[[135.7086,35.4887],[135.7086,35.4887],[135.7086,35.4887],[135.7086,35.4887]]],[[[135.7085,35.4887],[135.7085,35.4887],[135.7085,35.4887],[135.7085,35.4887]]],[[[135.7083,35.4889],[135.7083,35.4889],[135.7083,35.4889],[135.7083,35.4889]]],[[[135.704,35.4892],[135.704,35.4891],[135.704,35.4891],[135.704,35.4892]]],[[[135.7032,35.4892],[135.7033,35.4892],[135.7033,35.4892],[135.7032,35.4892]]],[[[135.7039,35.4892],[135.7039,35.4893],[135.7039,35.4893],[135.7039,35.4892]]],[[[135.7037,35.4893],[135.7037,35.4893],[135.7037,35.4893],[135.7037,35.4893]]],[[[135.7066,35.4895],[135.7066,35.4895],[135.7065,35.4896],[135.7066,35.4895]]],[[[135.7062,35.4896],[135.7062,35.4896],[135.7062,35.4896],[135.7062,35.4896]]],[[[135.7071,35.4899],[135.7072,35.4899],[135.7072,35.4898],[135.7071,35.4899]]],[[[135.7079,35.4898],[135.7078,35.4898],[135.7078,35.4899],[135.7079,35.4898]]],[[[135.7077,35.49],[135.7077,35.4899],[135.7076,35.49],[135.7077,35.49]]],[[[135.7075,35.49],[135.7075,35.49],[135.7075,35.4899],[135.7075,35.49]]],[[[135.7075,35.4901],[135.7075,35.49],[135.7074,35.4901],[135.7075,35.4901]]],[[[135.707,35.4901],[135.7069,35.4901],[135.707,35.4901],[135.707,35.4901]]],[[[135.7078,35.4905],[135.7078,35.4905],[135.7078,35.4905],[135.7078,35.4905]]],[[[135.702,35.4906],[135.7019,35.4905],[135.7019,35.4906],[135.702,35.4906]]],[[[135.702,35.4914],[135.702,35.4914],[135.702,35.4914],[135.702,35.4914]]],[[[135.7019,35.4915],[135.7019,35.4914],[135.7019,35.4915],[135.7019,35.4915]]],[[[135.699,35.4922],[135.6989,35.4922],[135.6989,35.4922],[135.699,35.4922]]],[[[135.6993,35.4923],[135.6992,35.4923],[135.6993,35.4923],[135.6993,35.4923]]],[[[135.7015,35.493],[135.7014,35.4928],[135.7013,35.4928],[135.7015,35.493]]],[[[135.7,35.4929],[135.7001,35.493],[135.7001,35.4929],[135.7,35.4929]]],[[[135.7003,35.493],[135.7003,35.493],[135.7003,35.493],[135.7003,35.493]]],[[[135.7004,35.4931],[135.7004,35.4932],[135.7004,35.4931],[135.7004,35.4931]]],[[[135.7013,35.4934],[135.7012,35.4934],[135.7013,35.4934],[135.7013,35.4934]]],[[[135.7007,35.4935],[135.7006,35.4935],[135.7007,35.4935],[135.7007,35.4935]]],[[[135.7006,35.4938],[135.7006,35.4939],[135.7007,35.4939],[135.7006,35.4938]]],[[[135.7014,35.4939],[135.7013,35.4938],[135.7013,35.4939],[135.7014,35.4939]]],[[[135.7005,35.494],[135.7004,35.4941],[135.7005,35.4941],[135.7005,35.494]]],[[[135.7013,35.4943],[135.7013,35.4942],[135.7012,35.4942],[135.7013,35.4943]]],[[[135.7013,35.4943],[135.7012,35.4943],[135.7012,35.4943],[135.7013,35.4943]]],[[[135.7008,35.4947],[135.7009,35.4947],[135.7009,35.4946],[135.7008,35.4947]]],[[[135.7008,35.4946],[135.7008,35.4947],[135.7008,35.4947],[135.7008,35.4946]]],[[[135.7034,35.5589],[135.7034,35.5588],[135.7033,35.5589],[135.7034,35.5589]]],[[[135.7032,35.5592],[135.7031,35.5592],[135.7031,35.5593],[135.7032,35.5592]]],[[[135.7042,35.5604],[135.7043,35.5603],[135.7042,35.5604],[135.7042,35.5604]]],[[[135.7042,35.5606],[135.7043,35.5605],[135.7042,35.5605],[135.7042,35.5606]]],[[[135.7025,35.5606],[135.7025,35.5607],[135.7026,35.5606],[135.7025,35.5606]]],[[[135.7056,35.5623],[135.7057,35.5621],[135.7055,35.5621],[135.7056,35.5623]]],[[[135.7053,35.5623],[135.7053,35.5622],[135.7052,35.5622],[135.7053,35.5623]]],[[[135.7066,35.5635],[135.7067,35.5634],[135.7066,35.5634],[135.7066,35.5635]]],[[[135.7095,35.5638],[135.7094,35.5637],[135.7093,35.5637],[135.7095,35.5638]]],[[[135.7108,35.564],[135.711,35.5639],[135.7108,35.5639],[135.7108,35.564]]],[[[135.7106,35.564],[135.7107,35.5639],[135.7106,35.5639],[135.7106,35.564]]],[[[135.7117,35.566],[135.7115,35.566],[135.7115,35.5661],[135.7117,35.566]]],[[[135.8442,35.5492],[135.8513,35.541],[135.8484,35.5357],[135.8428,35.5336],[135.8414,35.5307],[135.8321,35.5225],[135.8375,35.5155],[135.8415,35.513],[135.8424,35.5098],[135.8409,35.5076],[135.8453,35.5023],[135.8423,35.4951],[135.8448,35.4868],[135.8432,35.4843],[135.8375,35.4825],[135.8349,35.4835],[135.8249,35.4793],[135.8164,35.4838],[135.8147,35.4872],[135.8094,35.4899],[135.8032,35.491],[135.7972,35.4899],[135.7964,35.4881],[135.7973,35.4858],[135.7994,35.4853],[135.7987,35.4828],[135.8003,35.4811],[135.8119,35.4757],[135.8125,35.4742],[135.8098,35.4698],[135.8101,35.4661],[135.8154,35.4624],[135.8152,35.4571],[135.819,35.4515],[135.8292,35.4485],[135.836,35.4434],[135.8409,35.4413],[135.8428,35.4425],[135.8491,35.4423],[135.8573,35.433],[135.8592,35.4323],[135.8604,35.4285],[135.8588,35.4263],[135.8579,35.4182],[135.8541,35.4148],[135.8525,35.4106],[135.8461,35.4113],[135.8442,35.4131],[135.839,35.4143],[135.8363,35.412],[135.8319,35.4123],[135.8267,35.4147],[135.819,35.4125],[135.8135,35.4132],[135.8107,35.4092],[135.8101,35.4004],[135.8081,35.3952],[135.8081,35.3936],[135.8101,35.3915],[135.8075,35.3854],[135.8049,35.3844],[135.7992,35.3849],[135.7952,35.3874],[135.7909,35.3866],[135.7894,35.3874],[135.7886,35.3898],[135.7855,35.3915],[135.7803,35.3923],[135.7772,35.3943],[135.7738,35.3935],[135.77,35.3972],[135.77,35.401],[135.768,35.4039],[135.7637,35.4051],[135.7603,35.4099],[135.7578,35.4099],[135.7557,35.4123],[135.7445,35.4148],[135.7402,35.4169],[135.7364,35.416],[135.7334,35.4182],[135.73,35.4185],[135.7278,35.414],[135.7193,35.4148],[135.7163,35.4134],[135.7126,35.4089],[135.7047,35.4108],[135.7019,35.4094],[135.6935,35.4103],[135.6847,35.4152],[135.6823,35.4155],[135.6821,35.4187],[135.6727,35.4179],[135.6695,35.4149],[135.6679,35.4104],[135.6662,35.4102],[135.6612,35.4136],[135.6571,35.413],[135.6544,35.4157],[135.6502,35.416],[135.648,35.4172],[135.6435,35.4167],[135.6411,35.4245],[135.6321,35.4267],[135.6284,35.4216],[135.6209,35.4219],[135.619,35.4173],[135.6148,35.4144],[135.6101,35.4171],[135.6045,35.4158],[135.6036,35.4174],[135.5989,35.4189],[135.5979,35.4252],[135.5888,35.4302],[135.5893,35.4333],[135.5928,35.4346],[135.5992,35.4344],[135.6067,35.4405],[135.6111,35.4415],[135.6173,35.4401],[135.6185,35.4413],[135.6207,35.4412],[135.6207,35.4432],[135.6224,35.4453],[135.6274,35.4457],[135.6317,35.4446],[135.6364,35.4471],[135.6392,35.4468],[135.6472,35.4501],[135.6466,35.4528],[135.6415,35.4561],[135.6408,35.459],[135.6426,35.4628],[135.6485,35.465],[135.6462,35.4698],[135.6469,35.4725],[135.6447,35.4752],[135.6452,35.4786],[135.6482,35.4783],[135.648,35.4799],[135.6501,35.479],[135.6515,35.4805],[135.6543,35.4804],[135.6543,35.482],[135.6564,35.4833],[135.6549,35.4833],[135.6582,35.4854],[135.6584,35.4861],[135.6584,35.4864],[135.6578,35.4872],[135.66,35.4885],[135.6603,35.4921],[135.6611,35.4923],[135.6616,35.4925],[135.6624,35.4937],[135.6654,35.4923],[135.6651,35.4906],[135.666,35.4898],[135.669,35.4893],[135.672,35.4913],[135.6716,35.4888],[135.6727,35.4881],[135.6816,35.4873],[135.692,35.4878],[135.6951,35.4892],[135.6961,35.4912],[135.6986,35.4917],[135.7002,35.4928],[135.701,35.4937],[135.7005,35.4944],[135.7009,35.4946],[135.7019,35.4897],[135.7034,35.4891],[135.7036,35.4894],[135.7036,35.4891],[135.7046,35.4888],[135.7077,35.4898],[135.7083,35.4885],[135.7103,35.4866],[135.7104,35.4855],[135.7129,35.4858],[135.7109,35.4853],[135.7113,35.4843],[135.7141,35.4832],[135.7177,35.4838],[135.7196,35.485],[135.7192,35.4873],[135.7195,35.4872],[135.7209,35.4884],[135.7208,35.4892],[135.72,35.4897],[135.72,35.4906],[135.72,35.4915],[135.7205,35.4916],[135.7207,35.4919],[135.7206,35.492],[135.7208,35.492],[135.7209,35.4921],[135.7209,35.4922],[135.7214,35.4919],[135.7226,35.4917],[135.7271,35.4917],[135.7305,35.4952],[135.7354,35.4931],[135.7373,35.4953],[135.7386,35.4953],[135.741,35.4994],[135.7393,35.5],[135.7387,35.499],[135.734,35.5008],[135.7354,35.502],[135.735,35.5012],[135.7362,35.5007],[135.7373,35.5026],[135.7366,35.5036],[135.7397,35.504],[135.7392,35.5032],[135.7406,35.5027],[135.7414,35.5041],[135.7369,35.5055],[135.7414,35.5041],[135.7428,35.5069],[135.7438,35.5063],[135.7454,35.5087],[135.7445,35.5092],[135.7461,35.5094],[135.7461,35.5108],[135.7488,35.5139],[135.7481,35.5144],[135.7486,35.5155],[135.7477,35.5161],[135.7484,35.5179],[135.7477,35.5162],[135.7488,35.5154],[135.7481,35.5144],[135.7492,35.5138],[135.7501,35.516],[135.7487,35.5163],[135.7499,35.5161],[135.749,35.5163],[135.75,35.5164],[135.7494,35.5177],[135.7507,35.5174],[135.7509,35.5187],[135.7508,35.5316],[135.7548,35.532],[135.7554,35.5337],[135.7594,35.5303],[135.7625,35.5305],[135.765,35.534],[135.7648,35.5355],[135.7631,35.5378],[135.7587,35.5388],[135.7561,35.5369],[135.7507,35.5377],[135.7505,35.5357],[135.7481,35.5331],[135.7471,35.5339],[135.7471,35.5361],[135.7458,35.5368],[135.7387,35.5359],[135.7359,35.5339],[135.7345,35.5287],[135.7355,35.5268],[135.7345,35.5264],[135.7342,35.5259],[135.7348,35.5264],[135.7354,35.5263],[135.7338,35.5255],[135.7309,35.5248],[135.7313,35.5239],[135.7332,35.5241],[135.731,35.5237],[135.7303,35.524],[135.7272,35.5216],[135.7231,35.5218],[135.7179,35.5198],[135.7161,35.5213],[135.7181,35.5236],[135.7166,35.5253],[135.7179,35.5268],[135.7176,35.5288],[135.716,35.5307],[135.7185,35.5352],[135.7168,35.5407],[135.712,35.5427],[135.7078,35.5423],[135.7091,35.5413],[135.7077,35.5414],[135.7077,35.5423],[135.7026,35.5444],[135.6973,35.5444],[135.694,35.5426],[135.6898,35.5443],[135.6886,35.5462],[135.6898,35.5478],[135.6901,35.5487],[135.6894,35.5501],[135.6929,35.55],[135.6932,35.5511],[135.6953,35.5517],[135.6968,35.5537],[135.6974,35.5533],[135.7031,35.5575],[135.7051,35.5619],[135.7059,35.5621],[135.7075,35.5642],[135.7097,35.5635],[135.711,35.5639],[135.7122,35.5644],[135.7119,35.5673],[135.7128,35.5668],[135.7146,35.5699],[135.7168,35.5694],[135.7171,35.57],[135.718,35.5694],[135.7189,35.5704],[135.7217,35.5682],[135.7225,35.5693],[135.7284,35.5689],[135.7359,35.5714],[135.7382,35.5701],[135.7415,35.5702],[135.7412,35.5681],[135.7447,35.5644],[135.7499,35.5666],[135.7528,35.5581],[135.75,35.5551],[135.7517,35.5533],[135.7544,35.5527],[135.7526,35.55],[135.7558,35.5488],[135.7558,35.5474],[135.7539,35.5463],[135.7571,35.5444],[135.7571,35.5433],[135.7588,35.5426],[135.7636,35.545],[135.7678,35.5427],[135.77,35.5439],[135.7713,35.5475],[135.7703,35.5469],[135.7704,35.5478],[135.7689,35.5481],[135.7689,35.5493],[135.7673,35.5496],[135.7666,35.551],[135.7642,35.5509],[135.7651,35.5514],[135.7654,35.5523],[135.764,35.5548],[135.7659,35.5573],[135.7745,35.5497],[135.7763,35.5492],[135.7797,35.5503],[135.7817,35.5476],[135.7825,35.5477],[135.7824,35.5452],[135.7869,35.5415],[135.7933,35.5416],[135.7901,35.5405],[135.7893,35.5379],[135.7874,35.5371],[135.7875,35.5358],[135.7873,35.5368],[135.7859,35.5367],[135.7867,35.5358],[135.7858,35.5358],[135.786,35.5345],[135.7908,35.5302],[135.7923,35.5299],[135.7914,35.5312],[135.7933,35.5303],[135.7955,35.5309],[135.7962,35.5261],[135.7989,35.5249],[135.8003,35.5256],[135.799,35.5258],[135.8004,35.5262],[135.8001,35.5283],[135.8033,35.5301],[135.8048,35.5331],[135.8067,35.529],[135.8078,35.5286],[135.8067,35.5286],[135.8071,35.5276],[135.8106,35.5285],[135.8123,35.5274],[135.813,35.5293],[135.8152,35.5294],[135.8164,35.533],[135.815,35.5348],[135.8132,35.5359],[135.8127,35.536],[135.8127,35.5377],[135.8163,35.5363],[135.8185,35.5374],[135.8209,35.5361],[135.8219,35.5336],[135.8272,35.5333],[135.8334,35.5356],[135.8343,35.5373],[135.834,35.5384],[135.8318,35.5388],[135.8307,35.5425],[135.8266,35.5414],[135.8292,35.5452],[135.8281,35.5466],[135.8256,35.5465],[135.8247,35.5495],[135.8264,35.5512],[135.8259,35.552],[135.8246,35.5526],[135.8216,35.551],[135.8215,35.5545],[135.8187,35.5568],[135.8154,35.5566],[135.8119,35.5587],[135.8136,35.5612],[135.8123,35.5639],[135.8089,35.565],[135.804,35.5649],[135.8032,35.5684],[135.8039,35.5693],[135.8031,35.5704],[135.8015,35.5715],[135.8031,35.5715],[135.8051,35.5697],[135.8077,35.5698],[135.8102,35.5715],[135.8113,35.574],[135.8103,35.5759],[135.8112,35.5774],[135.8134,35.5728],[135.8153,35.5718],[135.8133,35.5684],[135.8147,35.567],[135.8191,35.566],[135.8215,35.5603],[135.8355,35.5541],[135.8394,35.5501],[135.8442,35.5492]]],[[[135.7174,35.4839],[135.7173,35.484],[135.7174,35.484],[135.7174,35.4839]]],[[[135.7171,35.4843],[135.7172,35.4842],[135.7169,35.4842],[135.7171,35.4843]]],[[[135.7189,35.4872],[135.719,35.4871],[135.719,35.4871],[135.7189,35.4872]]],[[[135.7191,35.4873],[135.7191,35.4873],[135.7191,35.4873],[135.7191,35.4873]]],[[[135.7199,35.4877],[135.7199,35.4877],[135.7199,35.4877],[135.7199,35.4877]]],[[[135.72,35.4878],[135.7198,35.4879],[135.7199,35.4879],[135.72,35.4878]]],[[[135.7207,35.489],[135.7208,35.4891],[135.7208,35.4891],[135.7207,35.489]]],[[[135.7205,35.4891],[135.7205,35.4891],[135.7205,35.4891],[135.7205,35.4891]]],[[[135.7198,35.4899],[135.7198,35.4898],[135.7198,35.4898],[135.7198,35.4899]]],[[[135.72,35.4917],[135.7201,35.4917],[135.72,35.4917],[135.72,35.4917]]],[[[135.7228,35.4919],[135.7227,35.4919],[135.7228,35.4919],[135.7228,35.4919]]],[[[135.7205,35.492],[135.7206,35.4919],[135.7204,35.4919],[135.7205,35.492]]],[[[135.722,35.492],[135.722,35.4919],[135.7219,35.4919],[135.722,35.492]]],[[[135.7233,35.4919],[135.7233,35.492],[135.7233,35.4919],[135.7233,35.4919]]],[[[135.7229,35.492],[135.7229,35.492],[135.7229,35.492],[135.7229,35.492]]],[[[135.7228,35.492],[135.7228,35.492],[135.7227,35.492],[135.7228,35.492]]],[[[135.7205,35.492],[135.7205,35.492],[135.7205,35.492],[135.7205,35.492]]],[[[135.7247,35.4921],[135.7247,35.492],[135.7246,35.4921],[135.7247,35.4921]]],[[[135.7244,35.4921],[135.7243,35.4921],[135.7243,35.4921],[135.7244,35.4921]]],[[[135.7237,35.4922],[135.7239,35.4921],[135.7239,35.4921],[135.7237,35.4922]]],[[[135.7205,35.4921],[135.7206,35.4921],[135.7206,35.4921],[135.7205,35.4921]]],[[[135.7208,35.4922],[135.7209,35.4921],[135.7208,35.4922],[135.7208,35.4922]]],[[[135.7235,35.4922],[135.7235,35.4922],[135.7235,35.4922],[135.7235,35.4922]]],[[[135.7241,35.4923],[135.7241,35.4924],[135.7241,35.4923],[135.7241,35.4923]]],[[[135.721,35.4924],[135.721,35.4924],[135.721,35.4924],[135.721,35.4924]]],[[[135.736,35.5057],[135.7322,35.5009],[135.736,35.5057],[135.7364,35.5065],[135.736,35.5057]]],[[[135.7434,35.5073],[135.7439,35.5069],[135.7433,35.5073],[135.7434,35.5073]]],[[[135.745,35.5105],[135.7443,35.5092],[135.7442,35.5092],[135.745,35.5105]]],[[[135.7145,35.5207],[135.7146,35.5204],[135.7143,35.5206],[135.7145,35.5207]]],[[[135.7152,35.5208],[135.7154,35.5206],[135.7151,35.5206],[135.7152,35.5208]]],[[[135.7141,35.5209],[135.714,35.5208],[135.714,35.5209],[135.7141,35.5209]]],[[[135.716,35.5214],[135.7159,35.5214],[135.716,35.5215],[135.716,35.5214]]],[[[135.7381,35.5255],[135.7368,35.5241],[135.7359,35.5251],[135.7381,35.5255]]],[[[135.756,35.5489],[135.7562,35.549],[135.7562,35.5489],[135.756,35.5489]]],[[[135.7435,35.5661],[135.7436,35.5662],[135.7436,35.5661],[135.7435,35.5661]]],[[[135.7433,35.5665],[135.7433,35.5663],[135.7432,35.5664],[135.7433,35.5665]]],[[[135.7487,35.5666],[135.7488,35.5668],[135.7489,35.5666],[135.7487,35.5666]]],[[[135.749,35.5669],[135.749,35.5669],[135.7491,35.5669],[135.749,35.5669]]],[[[135.7423,35.5673],[135.7422,35.5672],[135.7422,35.5673],[135.7423,35.5673]]],[[[135.7274,35.5694],[135.7274,35.5693],[135.7273,35.5694],[135.7274,35.5694]]],[[[135.7166,35.5697],[135.7167,35.5696],[135.7166,35.5696],[135.7166,35.5697]]],[[[135.7289,35.5699],[135.729,35.5698],[135.7289,35.5698],[135.7289,35.5699]]],[[[135.7158,35.5701],[135.7161,35.5703],[135.7161,35.5699],[135.7158,35.5701]]],[[[135.7412,35.5707],[135.7411,35.5704],[135.7406,35.5707],[135.7412,35.5707]]],[[[135.7403,35.5709],[135.7404,35.5707],[135.7403,35.5708],[135.7403,35.5709]]],[[[135.7339,35.571],[135.7339,35.5709],[135.7338,35.5711],[135.7339,35.571]]],[[[135.735,35.5713],[135.7351,35.5716],[135.7353,35.5714],[135.735,35.5713]]],[[[135.7339,35.572],[135.7339,35.5719],[135.7338,35.572],[135.7339,35.572]]],[[[135.8,35.5286],[135.8001,35.5285],[135.8,35.5285],[135.8,35.5286]]],[[[135.8004,35.5286],[135.8004,35.5286],[135.8003,35.5286],[135.8004,35.5286]]],[[[135.8002,35.5287],[135.8002,35.5287],[135.8002,35.5287],[135.8002,35.5287]]],[[[135.8007,35.5288],[135.8008,35.5288],[135.8007,35.5288],[135.8007,35.5288]]],[[[135.801,35.529],[135.801,35.529],[135.8011,35.529],[135.801,35.529]]],[[[135.8017,35.5293],[135.8017,35.5293],[135.8016,35.5293],[135.8017,35.5293]]],[[[135.8019,35.5295],[135.8018,35.5295],[135.8019,35.5295],[135.8019,35.5295]]],[[[135.8025,35.5299],[135.8026,35.5298],[135.8025,35.5298],[135.8025,35.5299]]],[[[135.7943,35.531],[135.7943,35.531],[135.7943,35.531],[135.7943,35.531]]],[[[135.7939,35.5311],[135.7939,35.531],[135.7939,35.531],[135.7939,35.5311]]],[[[135.7946,35.5311],[135.7945,35.531],[135.7945,35.531],[135.7946,35.5311]]],[[[135.7943,35.5312],[135.7942,35.5311],[135.7942,35.5312],[135.7943,35.5312]]],[[[135.7954,35.5314],[135.7954,35.5314],[135.7953,35.5314],[135.7954,35.5314]]],[[[135.7881,35.5331],[135.7881,35.533],[135.7881,35.533],[135.7881,35.5331]]],[[[135.7879,35.5331],[135.7878,35.5331],[135.7878,35.5331],[135.7879,35.5331]]],[[[135.7925,35.5424],[135.7928,35.5424],[135.7925,35.5423],[135.7925,35.5424]]],[[[135.7926,35.5429],[135.7927,35.5428],[135.7926,35.5428],[135.7926,35.5429]]],[[[135.7592,35.5431],[135.7593,35.5432],[135.7593,35.5431],[135.7592,35.5431]]],[[[135.7595,35.5432],[135.7595,35.5431],[135.7595,35.5431],[135.7595,35.5432]]],[[[135.7577,35.5431],[135.7577,35.5432],[135.7577,35.5432],[135.7577,35.5431]]],[[[135.7601,35.5434],[135.7601,35.5433],[135.76,35.5434],[135.7601,35.5434]]],[[[135.7599,35.5434],[135.7599,35.5434],[135.7599,35.5433],[135.7599,35.5434]]],[[[135.7839,35.5447],[135.7839,35.5447],[135.7838,35.5447],[135.7839,35.5447]]],[[[135.7836,35.5448],[135.7836,35.5448],[135.7836,35.5448],[135.7836,35.5448]]],[[[135.7616,35.5448],[135.7618,35.5449],[135.7618,35.5448],[135.7616,35.5448]]],[[[135.7829,35.545],[135.783,35.5451],[135.783,35.545],[135.7829,35.545]]],[[[135.7616,35.5453],[135.7618,35.5453],[135.7618,35.5453],[135.7616,35.5453]]],[[[135.7612,35.5453],[135.7614,35.5454],[135.7614,35.5453],[135.7612,35.5453]]],[[[135.7828,35.5455],[135.7829,35.5455],[135.7829,35.5455],[135.7828,35.5455]]],[[[135.7617,35.5455],[135.7618,35.5457],[135.7618,35.5456],[135.7617,35.5455]]],[[[135.7609,35.5457],[135.761,35.5457],[135.7609,35.5457],[135.7609,35.5457]]],[[[135.7821,35.5479],[135.7822,35.5478],[135.7821,35.5478],[135.7821,35.5479]]],[[[135.7565,35.5486],[135.7565,35.5487],[135.7566,35.5486],[135.7565,35.5486]]],[[[135.7638,35.5511],[135.7639,35.551],[135.7638,35.5511],[135.7638,35.5511]]],[[[135.7792,35.5511],[135.779,35.5511],[135.7791,35.5512],[135.7792,35.5511]]],[[[135.7792,35.5512],[135.7794,35.5512],[135.7794,35.5511],[135.7792,35.5512]]],[[[135.7805,35.5512],[135.7806,35.5512],[135.7806,35.5511],[135.7805,35.5512]]],[[[135.7645,35.5512],[135.7646,35.5512],[135.7646,35.5511],[135.7645,35.5512]]],[[[135.765,35.5517],[135.765,35.5516],[135.7649,35.5517],[135.765,35.5517]]],[[[135.7652,35.5519],[135.7652,35.5518],[135.7652,35.5519],[135.7652,35.5519]]],[[[135.764,35.5555],[135.7642,35.5555],[135.764,35.5554],[135.764,35.5555]]],[[[135.7641,35.5563],[135.7642,35.5565],[135.7643,35.5562],[135.7641,35.5563]]],[[[135.7666,35.5569],[135.7665,35.5568],[135.7665,35.5569],[135.7666,35.5569]]],[[[135.7668,35.5568],[135.7669,35.557],[135.7669,35.5569],[135.7668,35.5568]]],[[[135.7665,35.5571],[135.7666,35.5571],[135.7665,35.5571],[135.7665,35.5571]]],[[[135.7656,35.5585],[135.7658,35.5586],[135.7658,35.5585],[135.7656,35.5585]]],[[[135.7651,35.5594],[135.7649,35.5592],[135.7647,35.5594],[135.7651,35.5594]]],[[[135.8027,35.57],[135.8027,35.5699],[135.8026,35.57],[135.8027,35.57]]],[[[135.779,35.5783],[135.7786,35.578],[135.7786,35.5782],[135.779,35.5783]]],[[[135.8062,35.5315],[135.806,35.5315],[135.8061,35.5316],[135.8062,35.5315]]],[[[135.8035,35.5322],[135.8036,35.5323],[135.8037,35.5322],[135.8035,35.5322]]],[[[135.8058,35.5323],[135.806,35.5323],[135.806,35.5322],[135.8058,35.5323]]],[[[135.8037,35.5325],[135.8037,35.5324],[135.8037,35.5325],[135.8037,35.5325]]],[[[135.8053,35.5327],[135.8054,35.5326],[135.8053,35.5326],[135.8053,35.5327]]],[[[135.8057,35.5326],[135.8057,35.5326],[135.8057,35.5326],[135.8057,35.5326]]],[[[135.8051,35.5331],[135.8053,35.533],[135.8051,35.5329],[135.8051,35.5331]]],[[[135.8044,35.5331],[135.8045,35.533],[135.8044,35.5331],[135.8044,35.5331]]],[[[135.8047,35.5333],[135.8049,35.5333],[135.8049,35.5332],[135.8047,35.5333]]],[[[135.813,35.5358],[135.8132,35.5357],[135.813,35.5357],[135.813,35.5358]]],[[[135.8125,35.5362],[135.8126,35.5363],[135.8126,35.5362],[135.8125,35.5362]]],[[[135.8126,35.5377],[135.8119,35.5378],[135.8127,35.5381],[135.8126,35.5377]]],[[[135.8118,35.5382],[135.812,35.5381],[135.8118,35.5381],[135.8118,35.5382]]],[[[135.812,35.5385],[135.8117,35.5386],[135.812,35.5386],[135.812,35.5385]]],[[[135.8196,35.5537],[135.8198,35.5538],[135.8197,35.5536],[135.8196,35.5537]]],[[[135.8155,35.5565],[135.8155,35.5566],[135.8157,35.5566],[135.8155,35.5565]]],[[[135.8151,35.5566],[135.8152,35.5566],[135.8151,35.5566],[135.8151,35.5566]]],[[[135.8153,35.5566],[135.8153,35.5566],[135.8153,35.5566],[135.8153,35.5566]]],[[[135.8118,35.5586],[135.8118,35.5587],[135.8118,35.5586],[135.8118,35.5586]]],[[[135.8116,35.5589],[135.8117,35.5588],[135.8116,35.5588],[135.8116,35.5589]]],[[[135.8118,35.5593],[135.8119,35.5592],[135.8118,35.5592],[135.8118,35.5593]]],[[[135.8119,35.5594],[135.8117,35.5597],[135.8121,35.5595],[135.8119,35.5594]]],[[[135.8106,35.5635],[135.8106,35.5634],[135.8105,35.5634],[135.8106,35.5635]]],[[[135.8108,35.5635],[135.8109,35.5637],[135.811,35.5636],[135.8108,35.5635]]],[[[135.812,35.5637],[135.8121,35.5637],[135.812,35.5637],[135.812,35.5637]]],[[[135.8103,35.5639],[135.8103,35.5638],[135.8103,35.5638],[135.8103,35.5639]]],[[[135.8099,35.5639],[135.81,35.564],[135.8101,35.5639],[135.8099,35.5639]]],[[[135.8099,35.5641],[135.8098,35.5641],[135.8098,35.5641],[135.8099,35.5641]]],[[[135.8079,35.5644],[135.8079,35.5643],[135.8079,35.5644],[135.8079,35.5644]]],[[[135.8042,35.5645],[135.8039,35.5647],[135.8042,35.5646],[135.8042,35.5645]]],[[[135.803,35.5668],[135.8032,35.5669],[135.803,35.5668],[135.803,35.5668]]],[[[135.8033,35.5669],[135.8035,35.567],[135.8035,35.5669],[135.8033,35.5669]]],[[[135.8031,35.5675],[135.8032,35.5678],[135.8033,35.5677],[135.8031,35.5675]]],[[[135.8028,35.57],[135.803,35.5699],[135.8029,35.5699],[135.8028,35.57]]],[[[135.8068,35.5701],[135.8069,35.57],[135.8068,35.57],[135.8068,35.5701]]],[[[135.8031,35.5701],[135.8032,35.57],[135.8031,35.57],[135.8031,35.5701]]],[[[135.8065,35.5701],[135.8066,35.5702],[135.8066,35.57],[135.8065,35.5701]]],[[[135.8088,35.5714],[135.8091,35.5715],[135.8091,35.5714],[135.8088,35.5714]]],[[[135.8104,35.5727],[135.8103,35.5726],[135.8103,35.5726],[135.8104,35.5727]]],[[[135.8106,35.575],[135.8106,35.5751],[135.8107,35.575],[135.8106,35.575]]],[[[135.8102,35.5753],[135.8104,35.5752],[135.8102,35.5752],[135.8102,35.5753]]],[[[135.8105,35.5753],[135.8107,35.5753],[135.8105,35.5752],[135.8105,35.5753]]],[[[135.8105,35.5769],[135.8106,35.5768],[135.8105,35.5768],[135.8105,35.5769]]],[[[135.8126,35.5775],[135.8127,35.5776],[135.8128,35.5775],[135.8126,35.5775]]],[[[135.8121,35.5774],[135.8121,35.5778],[135.8124,35.5776],[135.8121,35.5774]]],[[[135.8128,35.5795],[135.8129,35.5795],[135.8129,35.5795],[135.8128,35.5795]]]]}},{"type":"Feature","properties":{"code":"18208","name":"あわら市","pref_code":"18","pref":"福井県"},"geometry":{"type":"MultiPolygon","coordinates":[[[[136.2429,36.2943],[136.2428,36.2945],[136.243,36.2944],[136.2429,36.2943]]],[[[136.2429,36.2946],[136.2429,36.2945],[136.2428,36.2946],[136.2429,36.2946]]],[[[136.2426,36.2952],[136.2427,36.2952],[136.2427,36.2951],[136.2426,36.2952]]],[[[136.2429,36.2954],[136.2429,36.2954],[136.2429,36.2955],[136.2429,36.2954]]],[[[136.2429,36.2955],[136.2428,36.2955],[136.2428,36.2957],[136.2429,36.2955]]],[[[136.2425,36.2966],[136.2428,36.2957],[136.2423,36.2968],[136.2425,36.2966]]],[[[136.2619,36.2762],[136.2643,36.2757],[136.2641,36.2749],[136.2615,36.2729],[136.264,36.2714],[136.2631,36.269],[136.2684,36.2699],[136.2659,36.266],[136.2668,36.2651],[136.2684,36.2648],[136.2692,36.2664],[136.2729,36.2653],[136.2756,36.2662],[136.2769,36.2648],[136.2804,36.2644],[136.2828,36.2659],[136.2834,36.264],[136.2853,36.2638],[136.2855,36.2617],[136.2891,36.2604],[136.2939,36.261],[136.2988,36.2579],[136.3012,36.2582],[136.3032,36.2559],[136.3032,36.2529],[136.3084,36.2468],[136.3153,36.2459],[136.3176,36.2408],[136.3154,36.238],[136.317,36.2348],[136.3226,36.2318],[136.3268,36.2323],[136.3285,36.2304],[136.3324,36.2296],[136.329,36.2243],[136.329,36.2213],[136.3314,36.2174],[136.3279,36.2099],[136.3294,36.202],[136.3239,36.1989],[136.3199,36.1986],[136.3183,36.1947],[136.3143,36.1914],[136.3109,36.19],[136.3076,36.1903],[136.3057,36.1885],[136.3047,36.1841],[136.3023,36.1839],[136.2975,36.1792],[136.2953,36.1796],[136.2945,36.1781],[136.2853,36.1746],[136.2808,36.1765],[136.2798,36.1788],[136.2769,36.1777],[136.2752,36.1804],[136.2729,36.1773],[136.2591,36.1791],[136.2585,36.1817],[136.2568,36.1818],[136.2572,36.1835],[136.2519,36.184],[136.2518,36.1854],[136.2372,36.1838],[136.2355,36.1902],[136.2374,36.1917],[136.2359,36.1921],[136.2363,36.1932],[136.2303,36.194],[136.2286,36.1973],[136.2233,36.1967],[136.2229,36.1942],[136.2193,36.1937],[136.2186,36.1923],[136.2155,36.1924],[136.2159,36.1904],[136.2143,36.1891],[136.2107,36.1903],[136.2106,36.1919],[136.1968,36.1912],[136.1953,36.1893],[136.1916,36.1898],[136.1905,36.1902],[136.1905,36.1928],[136.1805,36.1929],[136.1806,36.194],[136.1783,36.1944],[136.1782,36.1965],[136.1757,36.1969],[136.176,36.1982],[136.1728,36.1988],[136.1737,36.2027],[136.1727,36.2032],[136.1729,36.2065],[136.1748,36.2063],[136.1762,36.2078],[136.1755,36.2113],[136.1687,36.2122],[136.1681,36.2095],[136.1666,36.2091],[136.1676,36.2146],[136.1695,36.2164],[136.174,36.2172],[136.1755,36.2203],[136.1748,36.2218],[136.1822,36.2241],[136.1821,36.2232],[136.1839,36.223],[136.1849,36.2283],[136.1824,36.2289],[136.1814,36.2316],[136.1835,36.2313],[136.1844,36.2329],[136.1866,36.2302],[136.1876,36.2303],[136.1889,36.2313],[136.1889,36.234],[136.1904,36.2334],[136.1944,36.235],[136.1944,36.2339],[136.1969,36.2356],[136.1964,36.2385],[136.1947,36.2386],[136.1937,36.241],[136.1985,36.2461],[136.2007,36.2461],[136.1955,36.2512],[136.1935,36.2503],[136.1915,36.2517],[136.189,36.2496],[136.1845,36.2498],[136.1843,36.2484],[136.1812,36.2507],[136.1848,36.2548],[136.1832,36.2577],[136.2261,36.2812],[136.2414,36.2917],[136.243,36.2935],[136.2432,36.2942],[136.2432,36.2943],[136.2427,36.2952],[136.2492,36.2918],[136.2586,36.2893],[136.2568,36.2867],[136.2574,36.2824],[136.2563,36.2797],[136.2599,36.2779],[136.2624,36.2796],[136.2642,36.2783],[136.2619,36.2762]]],[[[136.243,36.294],[136.243,36.2941],[136.2431,36.294],[136.243,36.294]]],[[[136.2429,36.2941],[136.2429,36.2942],[136.243,36.2941],[136.2429,36.2941]]],[[[136.2432,36.2943],[136.2431,36.2943],[136.2431,36.2943],[136.2432,36.2943]]],[[[136.2429,36.2954],[136.2429,36.2954],[136.2429,36.2954],[136.2429,36.2954]]]]}},{"type":"Feature","properties":{"code":"18210","name":"坂井市","pref_code":"18","pref":"福井県"},"geometry":{"type":"MultiPolygon","coordinates":[[[[136.1307,36.2254],[136.1304,36.2253],[136.1303,36.2255],[136.1307,36.2254]]],[[[136.1304,36.2261],[136.1307,36.2255],[136.1301,36.2261],[136.1304,36.2261]]],[[[136.13,36.2305],[136.1301,36.2308],[136.1301,36.2306],[136.13,36.2305]]],[[[136.1296,36.2314],[136.1297,36.2318],[136.1299,36.2315],[136.1296,36.2314]]],[[[136.1248,36.2368],[136.1247,36.2369],[136.1248,36.2369],[136.1248,36.2368]]],[[[136.124,36.2371],[136.1241,36.237],[136.1239,36.237],[136.124,36.2371]]],[[[136.127,36.2387],[136.1269,36.2386],[136.1269,36.2387],[136.127,36.2387]]],[[[136.1281,36.239],[136.1281,36.2391],[136.1282,36.2391],[136.1281,36.239]]],[[[136.1304,36.2412],[136.1309,36.2411],[136.1309,36.241],[136.1304,36.2412]]],[[[136.1248,36.2435],[136.1248,36.2433],[136.1247,36.2435],[136.1248,36.2435]]],[[[136.1255,36.2449],[136.1256,36.2448],[136.1255,36.2449],[136.1255,36.2449]]],[[[136.1256,36.2452],[136.1257,36.2451],[136.1256,36.2451],[136.1256,36.2452]]],[[[136.1222,36.2482],[136.1225,36.2483],[136.1224,36.2481],[136.1222,36.2482]]],[[[136.1227,36.2504],[136.1228,36.2503],[136.1226,36.2504],[136.1227,36.2504]]],[[[136.1215,36.2506],[136.1217,36.2507],[136.1218,36.2505],[136.1215,36.2506]]],[[[136.1282,36.2509],[136.1284,36.251],[136.1284,36.2509],[136.1282,36.2509]]],[[[136.1229,36.251],[136.1232,36.2512],[136.1231,36.251],[136.1229,36.251]]],[[[136.1293,36.251],[136.1289,36.2514],[136.1294,36.2511],[136.1293,36.251]]],[[[136.1285,36.2514],[136.1286,36.2512],[136.1283,36.2512],[136.1285,36.2514]]],[[[136.1268,36.2515],[136.1267,36.2511],[136.1264,36.2512],[136.1268,36.2515]]],[[[136.1252,36.2516],[136.1259,36.2513],[136.1251,36.2515],[136.1252,36.2516]]],[[[136.1297,36.2512],[136.1298,36.2518],[136.1301,36.2516],[136.1297,36.2512]]],[[[136.1236,36.2514],[136.1237,36.252],[136.1239,36.2519],[136.1236,36.2514]]],[[[136.1207,36.2535],[136.121,36.2505],[136.1169,36.25],[136.1175,36.2529],[136.1192,36.2535],[136.1202,36.2527],[136.1207,36.2535]]],[[[136.1276,36.2528],[136.1274,36.2524],[136.1271,36.2525],[136.1276,36.2528]]],[[[136.131,36.2248],[136.1308,36.2248],[136.1309,36.2249],[136.131,36.2248]]],[[[136.1308,36.2413],[136.1306,36.2414],[136.1305,36.2415],[136.1308,36.2413]]],[[[136.1385,36.2511],[136.1385,36.2509],[136.1384,36.2509],[136.1385,36.2511]]],[[[136.1377,36.251],[136.1379,36.2511],[136.1379,36.2509],[136.1377,36.251]]],[[[136.1353,36.2511],[136.1352,36.2514],[136.1354,36.2514],[136.1353,36.2511]]],[[[136.137,36.2512],[136.1372,36.2513],[136.1372,36.2511],[136.137,36.2512]]],[[[136.136,36.2514],[136.1359,36.2512],[136.1359,36.2512],[136.136,36.2514]]],[[[136.131,36.2516],[136.1309,36.2518],[136.131,36.2518],[136.131,36.2516]]],[[[136.1365,36.2518],[136.1366,36.2522],[136.1366,36.2518],[136.1365,36.2518]]],[[[136.1396,36.2528],[136.1397,36.2526],[136.1397,36.2527],[136.1396,36.2528]]],[[[136.1393,36.2527],[136.1394,36.2533],[136.1394,36.2527],[136.1393,36.2527]]],[[[136.1363,36.2532],[136.1364,36.2531],[136.1363,36.2531],[136.1363,36.2532]]],[[[136.1367,36.2534],[136.1367,36.2534],[136.1367,36.2533],[136.1367,36.2534]]],[[[136.1432,36.2536],[136.1432,36.2533],[136.1431,36.2542],[136.1432,36.2536]]],[[[136.1458,36.254],[136.1456,36.2536],[136.1446,36.2537],[136.1458,36.254]]],[[[136.1428,36.2535],[136.1426,36.2541],[136.1427,36.2541],[136.1428,36.2535]]],[[[136.1407,36.2539],[136.1409,36.254],[136.1409,36.2538],[136.1407,36.2539]]],[[[136.1453,36.2541],[136.1453,36.254],[136.1452,36.254],[136.1453,36.2541]]],[[[136.1456,36.2541],[136.1457,36.254],[136.1455,36.2541],[136.1456,36.2541]]],[[[136.1454,36.2542],[136.1454,36.2541],[136.1453,36.2542],[136.1454,36.2542]]],[[[136.1425,36.2543],[136.1425,36.2542],[136.1425,36.2543],[136.1425,36.2543]]],[[[136.1457,36.2544],[136.1457,36.2543],[136.1457,36.2543],[136.1457,36.2544]]],[[[136.1456,36.2546],[136.1457,36.2546],[136.1456,36.2545],[136.1456,36.2546]]],[[[136.1453,36.2547],[136.1454,36.2547],[136.1453,36.2547],[136.1453,36.2547]]],[[[136.1451,36.2557],[136.1452,36.2559],[136.1452,36.2557],[136.1451,36.2557]]],[[[136.1848,36.2548],[136.1812,36.2507],[136.1843,36.2484],[136.1845,36.2498],[136.189,36.2496],[136.1915,36.2517],[136.1935,36.2503],[136.1955,36.2512],[136.2007,36.2461],[136.1985,36.2461],[136.1937,36.241],[136.1947,36.2386],[136.1964,36.2385],[136.1969,36.2356],[136.1944,36.2339],[136.1944,36.235],[136.1904,36.2334],[136.1889,36.234],[136.1889,36.2313],[136.1876,36.2303],[136.1866,36.2302],[136.1844,36.2329],[136.1835,36.2313],[136.1814,36.2316],[136.1824,36.2289],[136.1849,36.2283],[136.1839,36.223],[136.1821,36.2232],[136.1822,36.2241],[136.1748,36.2218],[136.1755,36.2203],[136.174,36.2172],[136.1695,36.2164],[136.1668,36.2126],[136.1668,36.2091],[136.1681,36.2095],[136.1687,36.2122],[136.1755,36.2113],[136.1762,36.2078],[136.1748,36.2063],[136.1729,36.2065],[136.1727,36.2032],[136.1737,36.2027],[136.1728,36.1988],[136.176,36.1982],[136.1757,36.1969],[136.1782,36.1965],[136.1783,36.1944],[136.1806,36.194],[136.1805,36.1929],[136.1903,36.1929],[136.1905,36.1902],[136.1952,36.1893],[136.1968,36.1912],[136.2106,36.1919],[136.2107,36.1903],[136.2143,36.1891],[136.2159,36.1904],[136.2155,36.1924],[136.2186,36.1923],[136.2193,36.1937],[136.2229,36.1942],[136.2233,36.1967],[136.2286,36.1973],[136.2303,36.194],[136.2363,36.1932],[136.2359,36.1921],[136.2374,36.1917],[136.2355,36.1902],[136.2372,36.1838],[136.2518,36.1854],[136.2519,36.184],[136.2572,36.1835],[136.2568,36.1818],[136.2585,36.1817],[136.2591,36.1791],[136.2729,36.1773],[136.2752,36.1804],[136.2769,36.1777],[136.2798,36.1788],[136.2808,36.1765],[136.2853,36.1746],[136.2945,36.1781],[136.2953,36.1796],[136.2975,36.1792],[136.3023,36.1839],[136.3047,36.1841],[136.3057,36.1885],[136.3076,36.1903],[136.3109,36.19],[136.3143,36.1914],[136.3183,36.1947],[136.3199,36.1986],[136.3239,36.1989],[136.3294,36.202],[136.3317,36.2003],[136.3328,36.1957],[136.336,36.1946],[136.337,36.1908],[136.3357,36.1849],[136.3376,36.1837],[136.3421,36.1749],[136.3444,36.1728],[136.3514,36.1694],[136.3546,36.1691],[136.3583,36.1651],[136.3659,36.1662],[136.3689,36.1698],[136.374,36.17],[136.3794,36.1682],[136.3901,36.1674],[136.3968,36.1704],[136.4048,36.1703],[136.4093,36.1722],[136.4133,36.1669],[136.4114,36.1606],[136.4143,36.1566],[136.4245,36.1543],[136.4269,36.1511],[136.4278,36.1473],[136.4317,36.1435],[136.4386,36.1417],[136.4404,36.1374],[136.44,36.1356],[136.4374,36.1338],[136.4341,36.1344],[136.429,36.1321],[136.4254,36.1337],[136.4195,36.1323],[136.4089,36.1288],[136.4025,36.1279],[136.3991,36.1249],[136.3957,36.1245],[136.3872,36.1256],[136.3847,36.1269],[136.3758,36.1259],[136.3717,36.1301],[136.3619,36.1287],[136.3602,36.1274],[136.3602,36.1243],[136.3553,36.1168],[136.35,36.1153],[136.3477,36.1135],[136.3459,36.1138],[136.343,36.111],[136.335,36.1122],[136.3309,36.1084],[136.3233,36.106],[136.323,36.1028],[136.3179,36.1023],[136.3155,36.1037],[136.3063,36.1038],[136.2962,36.1073],[136.2987,36.1115],[136.2963,36.113],[136.2922,36.1135],[136.2922,36.1154],[136.2904,36.116],[136.2889,36.1145],[136.2871,36.115],[136.2863,36.1129],[136.2871,36.1111],[136.284,36.1112],[136.2853,36.1195],[136.2805,36.1209],[136.2814,36.1135],[136.2807,36.112],[136.2757,36.1113],[136.2756,36.1093],[136.2745,36.1092],[136.2702,36.1041],[136.2569,36.1049],[136.2566,36.1061],[136.2537,36.1065],[136.2555,36.1129],[136.2541,36.1145],[136.254,36.1181],[136.2554,36.1196],[136.2541,36.1236],[136.2519,36.1234],[136.2471,36.1183],[136.2456,36.1182],[136.2456,36.1208],[136.2346,36.1186],[136.2309,36.1194],[136.2304,36.1208],[136.2097,36.1205],[136.2067,36.1223],[136.2038,36.1209],[136.1983,36.1214],[136.1931,36.1244],[136.1942,36.1245],[136.1942,36.1265],[136.1918,36.1281],[136.1918,36.1304],[136.1778,36.1337],[136.176,36.1386],[136.1665,36.1445],[136.1619,36.1588],[136.1578,36.1634],[136.1515,36.1669],[136.1479,36.1634],[136.1392,36.1626],[136.1382,36.1633],[136.1378,36.1689],[136.1399,36.1691],[136.139,36.1721],[136.138,36.1721],[136.1381,36.1699],[136.1353,36.1695],[136.1326,36.1652],[136.131,36.1638],[136.1301,36.1645],[136.1286,36.1627],[136.1306,36.1622],[136.1303,36.1587],[136.1255,36.158],[136.1267,36.1613],[136.1256,36.163],[136.1,36.1729],[136.1143,36.1926],[136.1125,36.2054],[136.1144,36.1927],[136.1211,36.1896],[136.1239,36.1898],[136.125,36.1913],[136.1276,36.1901],[136.1293,36.1937],[136.1273,36.1944],[136.134,36.2038],[136.1343,36.2047],[136.1331,36.2053],[136.1325,36.2045],[136.1311,36.2052],[136.1276,36.202],[136.1288,36.202],[136.1263,36.1984],[136.1231,36.1977],[136.1266,36.1989],[136.1218,36.2011],[136.1186,36.2005],[136.1218,36.2014],[136.1222,36.2019],[136.1195,36.2033],[136.1223,36.2021],[136.132,36.2139],[136.1321,36.2165],[136.1306,36.2169],[136.1313,36.2173],[136.1297,36.219],[136.1274,36.2178],[136.1311,36.22],[136.1347,36.2208],[136.135,36.2214],[136.1342,36.224],[136.1316,36.2245],[136.1332,36.2284],[136.1324,36.2302],[136.125,36.2374],[136.126,36.2388],[136.1264,36.2384],[136.1282,36.2386],[136.1307,36.2393],[136.1315,36.2405],[136.131,36.2421],[136.1223,36.2492],[136.1239,36.2483],[136.123,36.2496],[136.1262,36.2511],[136.1281,36.2505],[136.1335,36.2516],[136.1355,36.2507],[136.1382,36.2505],[136.1398,36.251],[136.1406,36.2527],[136.1433,36.2533],[136.1445,36.2533],[136.144,36.2523],[136.1454,36.2516],[136.146,36.2535],[136.1466,36.2534],[136.1474,36.2537],[136.1478,36.2551],[136.1488,36.2548],[136.1486,36.2555],[136.1494,36.2526],[136.1511,36.2525],[136.1514,36.2529],[136.1525,36.2529],[136.1533,36.2531],[136.1536,36.2535],[136.1577,36.2502],[136.1592,36.2507],[136.1604,36.2498],[136.1728,36.2529],[136.1832,36.2576],[136.1848,36.2548]]],[[[136.1506,36.2527],[136.1498,36.253],[136.1506,36.2528],[136.1506,36.2527]]],[[[136.1544,36.2532],[136.1546,36.2532],[136.1546,36.2531],[136.1544,36.2532]]],[[[136.1534,36.2535],[136.1529,36.2538],[136.153,36.2539],[136.1534,36.2535]]],[[[136.1542,36.2537],[136.1538,36.2535],[136.1538,36.2536],[136.1542,36.2537]]],[[[136.1472,36.2537],[136.1473,36.2537],[136.1472,36.2537],[136.1472,36.2537]]],[[[136.1537,36.254],[136.1539,36.2541],[136.154,36.254],[136.1537,36.254]]],[[[136.1533,36.2543],[136.1534,36.2546],[136.1535,36.2543],[136.1533,36.2543]]],[[[136.1477,36.2548],[136.1475,36.2551],[136.1476,36.2552],[136.1477,36.2548]]],[[[136.1467,36.2559],[136.1472,36.2558],[136.1473,36.2556],[136.1473,36.2553],[136.1472,36.2552],[136.1474,36.2546],[136.1467,36.2559]]],[[[136.1478,36.2553],[136.1476,36.2553],[136.1477,36.2554],[136.1478,36.2553]]],[[[136.1479,36.2555],[136.1479,36.2552],[136.1478,36.2554],[136.1479,36.2555]]],[[[136.1484,36.2555],[136.1483,36.2556],[136.1484,36.2556],[136.1484,36.2555]]],[[[136.1474,36.2556],[136.1476,36.2555],[136.1475,36.2555],[136.1474,36.2556]]],[[[136.1488,36.2559],[136.1488,36.2558],[136.1487,36.2558],[136.1488,36.2559]]],[[[136.1485,36.256],[136.1486,36.2559],[136.1485,36.2559],[136.1485,36.256]]],[[[136.1488,36.2561],[136.1489,36.256],[136.1487,36.256],[136.1488,36.2561]]],[[[136.1476,36.2562],[136.1473,36.2562],[136.1474,36.2563],[136.1476,36.2562]]],[[[136.1465,36.2564],[136.1465,36.256],[136.1462,36.2562],[136.1465,36.2564]]],[[[136.147,36.2563],[136.1472,36.2564],[136.1471,36.2563],[136.147,36.2563]]],[[[136.1469,36.2565],[136.147,36.2565],[136.1469,36.2565],[136.1469,36.2565]]],[[[136.1463,36.2566],[136.1465,36.2566],[136.1464,36.2564],[136.1463,36.2566]]],[[[136.1466,36.257],[136.1466,36.2571],[136.1467,36.2569],[136.1466,36.257]]]]}},{"type":"Feature","properties":{"code":"18404","name":"南越前町","pref_code":"18","pref":"福井県"},"geometry":{"type":"MultiPolygon","coordinates":[[[[136.0281,35.8572],[136.0281,35.8571],[136.0281,35.8571],[136.0281,35.8572]]],[[[136.028,35.8582],[136.028,35.8581],[136.028,35.8582],[136.028,35.8582]]],[[[136.0282,35.8582],[136.0283,35.8581],[136.0282,35.8581],[136.0282,35.8582]]],[[[136.0281,35.8584],[136.0281,35.8583],[136.0281,35.8583],[136.0281,35.8584]]],[[[136.0282,35.8584],[136.0281,35.8584],[136.0281,35.8585],[136.0282,35.8584]]],[[[136.0275,35.8587],[136.0275,35.8586],[136.0274,35.8586],[136.0275,35.8587]]],[[[136.0276,35.8589],[136.0275,35.8588],[136.0275,35.8589],[136.0276,35.8589]]],[[[136.0268,35.8591],[136.0267,35.8589],[136.0267,35.8591],[136.0268,35.8591]]],[[[136.0263,35.8595],[136.0263,35.8594],[136.0262,35.8594],[136.0263,35.8595]]],[[[136.0265,35.8597],[136.0263,35.8597],[136.0264,35.8597],[136.0265,35.8597]]],[[[136.0266,35.8598],[136.0265,35.8598],[136.0265,35.8598],[136.0266,35.8598]]],[[[136.0263,35.8604],[136.0265,35.8605],[136.0265,35.8603],[136.0263,35.8604]]],[[[136.0263,35.8606],[136.0263,35.8605],[136.0262,35.8606],[136.0263,35.8606]]],[[[136.025,35.8615],[136.025,35.8616],[136.0251,35.8616],[136.025,35.8615]]],[[[136.0231,35.8625],[136.0231,35.8623],[136.0231,35.8624],[136.0231,35.8625]]],[[[136.0237,35.8625],[136.0236,35.8625],[136.0236,35.8626],[136.0237,35.8625]]],[[[136.021,35.8627],[136.021,35.8625],[136.0209,35.8626],[136.021,35.8627]]],[[[136.0234,35.8626],[136.0233,35.8627],[136.0233,35.8626],[136.0234,35.8626]]],[[[136.0212,35.8627],[136.0213,35.8626],[136.0212,35.8627],[136.0212,35.8627]]],[[[136.023,35.8629],[136.023,35.8627],[136.023,35.8628],[136.023,35.8629]]],[[[136.0229,35.8629],[136.0229,35.863],[136.023,35.863],[136.0229,35.8629]]],[[[136.0225,35.863],[136.0224,35.863],[136.0224,35.8631],[136.0225,35.863]]],[[[136.0219,35.8633],[136.022,35.8633],[136.022,35.8633],[136.0219,35.8633]]],[[[136.0222,35.8634],[136.0223,35.8634],[136.0223,35.8633],[136.0222,35.8634]]],[[[136.0209,35.8643],[136.0209,35.8645],[136.0209,35.8644],[136.0209,35.8643]]],[[[136.0203,35.8651],[136.0204,35.865],[136.0202,35.865],[136.0203,35.8651]]],[[[136.0207,35.865],[136.0206,35.8651],[136.0206,35.8651],[136.0207,35.865]]],[[[136.0198,35.8654],[136.0198,35.8654],[136.0198,35.8654],[136.0198,35.8654]]],[[[136.0196,35.8656],[136.0195,35.8656],[136.0195,35.8657],[136.0196,35.8656]]],[[[136.0182,35.8664],[136.0182,35.8663],[136.0182,35.8663],[136.0182,35.8664]]],[[[136.0179,35.8668],[136.0179,35.8667],[136.0179,35.8667],[136.0179,35.8668]]],[[[136.0177,35.867],[136.0176,35.8668],[136.0176,35.8669],[136.0177,35.867]]],[[[136.0158,35.8682],[136.0157,35.8683],[136.0157,35.8683],[136.0158,35.8682]]],[[[136.0149,35.8686],[136.0149,35.8686],[136.0149,35.8687],[136.0149,35.8686]]],[[[136.0134,35.8698],[136.0135,35.8698],[136.0135,35.8698],[136.0134,35.8698]]],[[[136.0134,35.87],[136.0133,35.87],[136.0133,35.87],[136.0134,35.87]]],[[[136.0115,35.8716],[136.0114,35.8717],[136.0115,35.8716],[136.0115,35.8716]]],[[[136.0112,35.8721],[136.0111,35.8722],[136.0112,35.8722],[136.0112,35.8721]]],[[[136.0461,35.8412],[136.0461,35.8413],[136.0461,35.8413],[136.0461,35.8412]]],[[[136.0457,35.8413],[136.0456,35.8413],[136.0457,35.8413],[136.0457,35.8413]]],[[[136.045,35.843],[136.045,35.843],[136.045,35.843],[136.045,35.843]]],[[[136.0452,35.8431],[136.0451,35.8431],[136.0451,35.8432],[136.0452,35.8431]]],[[[136.0438,35.8435],[136.0438,35.8434],[136.0438,35.8435],[136.0438,35.8435]]],[[[136.042,35.8436],[136.0421,35.8435],[136.042,35.8435],[136.042,35.8436]]],[[[136.0435,35.8438],[136.0436,35.8438],[136.0436,35.8438],[136.0435,35.8438]]],[[[136.043,35.8438],[136.0431,35.8439],[136.0432,35.8439],[136.043,35.8438]]],[[[136.0424,35.8439],[136.0423,35.8439],[136.0423,35.8439],[136.0424,35.8439]]],[[[136.0434,35.844],[136.0434,35.8439],[136.0434,35.8439],[136.0434,35.844]]],[[[136.043,35.8441],[136.043,35.844],[136.0429,35.844],[136.043,35.8441]]],[[[136.0426,35.8447],[136.0425,35.8446],[136.0424,35.8446],[136.0426,35.8447]]],[[[136.0424,35.8448],[136.0423,35.8447],[136.0423,35.8448],[136.0424,35.8448]]],[[[136.0429,35.845],[136.043,35.8449],[136.0428,35.8449],[136.0429,35.845]]],[[[136.0423,35.8451],[136.0425,35.8451],[136.0425,35.8451],[136.0423,35.8451]]],[[[136.042,35.8453],[136.042,35.8451],[136.0419,35.8452],[136.042,35.8453]]],[[[136.0415,35.8453],[136.0417,35.8453],[136.0417,35.8453],[136.0415,35.8453]]],[[[136.0425,35.8458],[136.0424,35.8457],[136.0424,35.8458],[136.0425,35.8458]]],[[[136.0424,35.846],[136.0423,35.8461],[136.0424,35.8461],[136.0424,35.846]]],[[[136.0423,35.8462],[136.0422,35.8462],[136.0422,35.8462],[136.0423,35.8462]]],[[[136.0421,35.8463],[136.042,35.8463],[136.0421,35.8464],[136.0421,35.8463]]],[[[136.0416,35.8474],[136.0418,35.8475],[136.0418,35.8473],[136.0416,35.8474]]],[[[136.0404,35.8483],[136.0404,35.8482],[136.0403,35.8482],[136.0404,35.8483]]],[[[136.0394,35.8484],[136.0393,35.8483],[136.0392,35.8484],[136.0394,35.8484]]],[[[136.0403,35.8484],[136.0397,35.8493],[136.0404,35.8484],[136.0403,35.8484]]],[[[136.0368,35.8507],[136.0368,35.8506],[136.0367,35.8506],[136.0368,35.8507]]],[[[136.0364,35.8509],[136.0365,35.8509],[136.0365,35.8509],[136.0364,35.8509]]],[[[136.0359,35.8513],[136.0359,35.8512],[136.0359,35.8512],[136.0359,35.8513]]],[[[136.0358,35.8521],[136.0358,35.8522],[136.0358,35.8522],[136.0358,35.8521]]],[[[136.0347,35.8526],[136.0346,35.8526],[136.0347,35.8526],[136.0347,35.8526]]],[[[136.0351,35.8527],[136.0351,35.8528],[136.0352,35.8527],[136.0351,35.8527]]],[[[136.0341,35.8531],[136.0341,35.8532],[136.0341,35.8531],[136.0341,35.8531]]],[[[136.0347,35.8532],[136.0346,35.8532],[136.0346,35.8533],[136.0347,35.8532]]],[[[136.0298,35.857],[136.0297,35.8571],[136.0298,35.857],[136.0298,35.857]]],[[[136.0293,35.8573],[136.0292,35.8572],[136.0292,35.8573],[136.0293,35.8573]]],[[[136.0283,35.8577],[136.0283,35.8578],[136.0283,35.8577],[136.0283,35.8577]]],[[[136.0286,35.8578],[136.0286,35.8579],[136.0286,35.8578],[136.0286,35.8578]]],[[[136.0285,35.8582],[136.0284,35.8583],[136.0285,35.8583],[136.0285,35.8582]]],[[[136.0599,35.8309],[136.0601,35.8309],[136.06,35.8308],[136.0599,35.8309]]],[[[136.0591,35.8315],[136.0591,35.8314],[136.059,35.8315],[136.0591,35.8315]]],[[[136.0593,35.8315],[136.0595,35.8315],[136.0595,35.8314],[136.0593,35.8315]]],[[[136.0591,35.8317],[136.059,35.8317],[136.0591,35.8317],[136.0591,35.8317]]],[[[136.0588,35.8318],[136.0588,35.8318],[136.0588,35.8318],[136.0588,35.8318]]],[[[136.0582,35.832],[136.0583,35.832],[136.0582,35.832],[136.0582,35.832]]],[[[136.0585,35.8322],[136.0584,35.8321],[136.0585,35.8322],[136.0585,35.8322]]],[[[136.0588,35.8323],[136.0587,35.8323],[136.0587,35.8323],[136.0588,35.8323]]],[[[136.0584,35.8326],[136.0585,35.8325],[136.0585,35.8325],[136.0584,35.8326]]],[[[136.0575,35.8329],[136.0574,35.8328],[136.0573,35.8329],[136.0575,35.8329]]],[[[136.0576,35.833],[136.0577,35.8329],[136.0575,35.833],[136.0576,35.833]]],[[[136.0569,35.8331],[136.0568,35.8331],[136.0568,35.8331],[136.0569,35.8331]]],[[[136.0566,35.8332],[136.0566,35.8332],[136.0566,35.8332],[136.0566,35.8332]]],[[[136.057,35.8334],[136.0566,35.8333],[136.0565,35.8334],[136.057,35.8334]]],[[[136.0563,35.8336],[136.0563,35.8335],[136.0563,35.8335],[136.0563,35.8336]]],[[[136.0568,35.8336],[136.0568,35.8336],[136.0567,35.8336],[136.0568,35.8336]]],[[[136.0551,35.8338],[136.0552,35.8337],[136.0551,35.8338],[136.0551,35.8338]]],[[[136.0552,35.8344],[136.0552,35.8343],[136.0552,35.8343],[136.0552,35.8344]]],[[[136.0554,35.8345],[136.0554,35.8344],[136.0553,35.8344],[136.0554,35.8345]]],[[[136.054,35.8354],[136.054,35.8353],[136.054,35.8354],[136.054,35.8354]]],[[[136.0536,35.8355],[136.0536,35.8356],[136.0536,35.8356],[136.0536,35.8355]]],[[[136.0521,35.8365],[136.0521,35.8366],[136.0521,35.8366],[136.0521,35.8365]]],[[[136.0525,35.8367],[136.0526,35.8366],[136.0525,35.8366],[136.0525,35.8367]]],[[[136.0523,35.8367],[136.0523,35.8366],[136.0522,35.8366],[136.0523,35.8367]]],[[[136.0514,35.8374],[136.0514,35.8373],[136.0513,35.8374],[136.0514,35.8374]]],[[[136.0513,35.8375],[136.0513,35.8375],[136.0513,35.8374],[136.0513,35.8375]]],[[[136.0508,35.8381],[136.0509,35.838],[136.0507,35.838],[136.0508,35.8381]]],[[[136.0506,35.8381],[136.0504,35.8381],[136.0504,35.8381],[136.0506,35.8381]]],[[[136.0497,35.8384],[136.0498,35.8383],[136.0497,35.8383],[136.0497,35.8384]]],[[[136.0495,35.8385],[136.0496,35.8385],[136.0495,35.8385],[136.0495,35.8385]]],[[[136.0498,35.8386],[136.0497,35.8385],[136.0497,35.8385],[136.0498,35.8386]]],[[[136.0492,35.8394],[136.05,35.8385],[136.05,35.8383],[136.0503,35.8381],[136.0499,35.8382],[136.0499,35.8385],[136.0492,35.8394]]],[[[136.0494,35.839],[136.0495,35.8389],[136.0494,35.8389],[136.0494,35.839]]],[[[136.0464,35.8409],[136.0463,35.8408],[136.0464,35.8409],[136.0464,35.8409]]],[[[136.0461,35.8411],[136.0463,35.8411],[136.0463,35.841],[136.0461,35.8411]]],[[[136.0465,35.8412],[136.0466,35.8411],[136.0464,35.8411],[136.0465,35.8412]]],[[[136.0463,35.8413],[136.0463,35.8412],[136.0463,35.8413],[136.0463,35.8413]]],[[[136.0468,35.8413],[136.0467,35.8413],[136.0467,35.8413],[136.0468,35.8413]]],[[[136.073,35.8168],[136.0729,35.8168],[136.0729,35.8168],[136.073,35.8168]]],[[[136.0732,35.8172],[136.0732,35.8171],[136.0731,35.8171],[136.0732,35.8172]]],[[[136.073,35.8174],[136.0731,35.8173],[136.0729,35.8173],[136.073,35.8174]]],[[[136.0726,35.8177],[136.0727,35.8176],[136.0726,35.8177],[136.0726,35.8177]]],[[[136.0729,35.8178],[136.073,35.8178],[136.0728,35.8178],[136.0729,35.8178]]],[[[136.073,35.8183],[136.073,35.8182],[136.073,35.8182],[136.073,35.8183]]],[[[136.0728,35.8187],[136.0727,35.8186],[136.0727,35.8186],[136.0728,35.8187]]],[[[136.0729,35.8188],[136.0729,35.8188],[136.0729,35.8188],[136.0729,35.8188]]],[[[136.0722,35.8198],[136.0722,35.8197],[136.0721,35.8197],[136.0722,35.8198]]],[[[136.0725,35.8198],[136.0725,35.8197],[136.0724,35.8198],[136.0725,35.8198]]],[[[136.0719,35.8209],[136.072,35.8208],[136.0719,35.8208],[136.0719,35.8209]]],[[[136.0707,35.8211],[136.0709,35.8211],[136.0707,35.8211],[136.0707,35.8211]]],[[[136.0714,35.8212],[136.0713,35.8211],[136.0713,35.8212],[136.0714,35.8212]]],[[[136.0715,35.8214],[136.0717,35.8213],[136.0716,35.8212],[136.0715,35.8214]]],[[[136.0707,35.822],[136.0708,35.8219],[136.0707,35.822],[136.0707,35.822]]],[[[136.0709,35.8222],[136.0709,35.8222],[136.0709,35.8222],[136.0709,35.8222]]],[[[136.0699,35.8227],[136.07,35.8227],[136.0699,35.8227],[136.0699,35.8227]]],[[[136.0693,35.8226],[136.0696,35.8229],[136.0696,35.8227],[136.0693,35.8226]]],[[[136.0699,35.823],[136.0699,35.8229],[136.0698,35.823],[136.0699,35.823]]],[[[136.0677,35.8246],[136.0679,35.8246],[136.0678,35.8246],[136.0677,35.8246]]],[[[136.0677,35.8248],[136.0677,35.8248],[136.0677,35.8249],[136.0677,35.8248]]],[[[136.0663,35.8251],[136.0663,35.825],[136.0663,35.8251],[136.0663,35.8251]]],[[[136.0663,35.8253],[136.0663,35.8253],[136.0662,35.8253],[136.0663,35.8253]]],[[[136.0666,35.8252],[136.0666,35.8256],[136.0667,35.8255],[136.0666,35.8252]]],[[[136.0674,35.8255],[136.0674,35.8254],[136.0673,35.8255],[136.0674,35.8255]]],[[[136.0671,35.8257],[136.0671,35.8256],[136.067,35.8256],[136.0671,35.8257]]],[[[136.0649,35.8282],[136.0649,35.8281],[136.0649,35.8281],[136.0649,35.8282]]],[[[136.0635,35.8288],[136.0636,35.8287],[136.0634,35.8288],[136.0635,35.8288]]],[[[136.0614,35.8291],[136.0616,35.829],[136.0613,35.8291],[136.0614,35.8291]]],[[[136.0619,35.8292],[136.0618,35.8292],[136.0618,35.8293],[136.0619,35.8292]]],[[[136.0613,35.8293],[136.0612,35.8293],[136.0612,35.8293],[136.0613,35.8293]]],[[[136.0619,35.8294],[136.0618,35.8294],[136.0618,35.8294],[136.0619,35.8294]]],[[[136.0614,35.8295],[136.0613,35.8294],[136.0613,35.8295],[136.0614,35.8295]]],[[[136.0607,35.8296],[136.0607,35.8295],[136.0606,35.8295],[136.0607,35.8296]]],[[[136.0615,35.8295],[136.0616,35.8296],[136.0616,35.8295],[136.0615,35.8295]]],[[[136.0604,35.8297],[136.0604,35.8296],[136.0603,35.8296],[136.0604,35.8297]]],[[[136.0601,35.8301],[136.0602,35.8301],[136.0601,35.8301],[136.0601,35.8301]]],[[[136.0602,35.8303],[136.0603,35.8303],[136.0603,35.8303],[136.0602,35.8303]]],[[[136.0216,35.875],[136.0349,35.8706],[136.0363,35.8685],[136.0405,35.8665],[136.0423,35.862],[136.0447,35.8604],[136.0563,35.8602],[136.0539,35.8558],[136.0541,35.8527],[136.0558,35.8493],[136.0576,35.8482],[136.0604,35.8492],[136.0633,35.8478],[136.0648,35.8489],[136.0692,35.8484],[136.0767,35.8501],[136.0796,35.8481],[136.0799,35.8457],[136.0848,35.843],[136.0998,35.8445],[136.1027,35.8417],[136.1048,35.8416],[136.1149,35.8469],[136.1169,35.8457],[136.1186,35.8461],[136.1209,35.8439],[136.123,35.8443],[136.1269,35.843],[136.1293,35.8408],[136.1282,35.8386],[136.1316,35.8281],[136.1298,35.8246],[136.1341,35.8152],[136.1346,35.8101],[136.1388,35.808],[136.1428,35.8121],[136.1456,35.8126],[136.1533,35.8171],[136.1536,35.8203],[136.1565,35.8257],[136.1582,35.8267],[136.1593,35.8307],[136.1581,35.8325],[136.1586,35.8337],[136.1659,35.8371],[136.1748,35.844],[136.1758,35.8494],[136.1751,35.8503],[136.1781,35.8525],[136.1775,35.8536],[136.1808,35.8551],[136.1808,35.8575],[136.1819,35.8567],[136.1909,35.858],[136.1963,35.8575],[136.2066,35.8596],[136.2101,35.8568],[136.2136,35.8577],[136.2183,35.8559],[136.2239,35.856],[136.2262,35.8539],[136.2306,35.8532],[136.2415,35.8454],[136.244,35.8445],[136.2489,35.8456],[136.2519,35.8425],[136.2555,35.8425],[136.2598,35.8369],[136.2601,35.8307],[136.2579,35.8258],[136.2593,35.8234],[136.2623,35.824],[136.2679,35.8224],[136.2729,35.8238],[136.2755,35.8223],[136.2801,35.8228],[136.2863,35.8204],[136.2872,35.822],[136.2949,35.8246],[136.2986,35.8243],[136.2988,35.8272],[136.3017,35.8302],[136.3021,35.8286],[136.3069,35.8247],[136.3133,35.8222],[136.3147,35.8174],[136.3193,35.818],[136.3252,35.8239],[136.3311,35.82],[136.3341,35.8223],[136.3413,35.8223],[136.3495,35.8132],[136.3464,35.8072],[136.348,35.8054],[136.3509,35.8049],[136.3534,35.8011],[136.3509,35.795],[136.3527,35.7939],[136.3544,35.7877],[136.3571,35.7868],[136.357,35.7858],[136.3484,35.78],[136.3465,35.776],[136.3393,35.7759],[136.3366,35.7747],[136.3358,35.7763],[136.3333,35.7765],[136.3279,35.7751],[136.3241,35.7696],[136.3247,35.767],[136.3216,35.7651],[136.3221,35.7612],[136.3202,35.7585],[136.3198,35.7531],[136.3184,35.7511],[136.3198,35.7475],[136.325,35.7447],[136.3252,35.7437],[136.324,35.7406],[136.327,35.7314],[136.3247,35.7276],[136.3253,35.7264],[136.3204,35.7225],[136.3239,35.7167],[136.3117,35.712],[136.3104,35.7105],[136.3108,35.7057],[136.3095,35.7035],[136.3066,35.7011],[136.3045,35.7013],[136.2978,35.6918],[136.2918,35.6905],[136.2908,35.6878],[136.292,35.6839],[136.2947,35.6807],[136.2989,35.6789],[136.2989,35.6777],[136.2971,35.6755],[136.2945,35.675],[136.2888,35.6714],[136.2905,35.6659],[136.2848,35.6637],[136.2807,35.6586],[136.2805,35.6613],[136.2743,35.6653],[136.2716,35.6656],[136.2694,35.6687],[136.2623,35.6716],[136.2576,35.6712],[136.2507,35.6763],[136.2447,35.6738],[136.2344,35.6825],[136.2311,35.6827],[136.2277,35.6805],[136.226,35.6805],[136.2218,35.6834],[136.2172,35.6846],[136.2139,35.6835],[136.2126,35.6817],[136.2102,35.6863],[136.2083,35.6876],[136.2042,35.6868],[136.2022,35.6876],[136.201,35.6899],[136.1983,35.6897],[136.1937,35.7002],[136.1919,35.7007],[136.1911,35.7025],[136.1834,35.7036],[136.1808,35.7015],[136.1746,35.7037],[136.1704,35.7014],[136.1679,35.7034],[136.1668,35.7022],[136.166,35.6972],[136.1646,35.6963],[136.1617,35.6965],[136.1612,35.6979],[136.1569,35.7003],[136.1504,35.6977],[136.1473,35.6991],[136.1453,35.7026],[136.1481,35.7032],[136.1491,35.7046],[136.1488,35.7107],[136.1437,35.7142],[136.1426,35.7161],[136.132,35.7227],[136.1336,35.7249],[136.1337,35.7282],[136.1326,35.7299],[136.1328,35.7368],[136.1309,35.7407],[136.1269,35.7424],[136.1236,35.7484],[136.1185,35.7518],[136.1176,35.7577],[136.1158,35.7591],[136.1151,35.7625],[136.1128,35.7654],[136.0983,35.7652],[136.0967,35.7674],[136.099,35.7712],[136.0981,35.7729],[136.1002,35.7764],[136.1001,35.7786],[136.0901,35.7911],[136.0874,35.7983],[136.0828,35.8023],[136.0788,35.8095],[136.0767,35.8105],[136.0756,35.8156],[136.0736,35.8171],[136.0732,35.8192],[136.0711,35.823],[136.0701,35.823],[136.0711,35.823],[136.071,35.8241],[136.0687,35.8244],[136.0646,35.8291],[136.0618,35.8299],[136.0609,35.8296],[136.0613,35.8301],[136.0586,35.8326],[136.0473,35.8408],[136.047,35.8405],[136.0487,35.8393],[136.0491,35.8382],[136.0487,35.8384],[136.0465,35.8408],[136.0468,35.841],[136.0469,35.8415],[136.0465,35.8422],[136.0456,35.843],[136.0434,35.8441],[136.0421,35.8471],[136.0404,35.8491],[136.0387,35.8505],[136.0383,35.8503],[136.0392,35.8493],[136.0392,35.8489],[136.0377,35.8504],[136.038,35.851],[136.0366,35.8509],[136.0362,35.8519],[136.0324,35.856],[136.0298,35.8572],[136.0254,35.8616],[136.0112,35.8724],[136.0191,35.8775],[136.0197,35.879],[136.0214,35.8781],[136.0216,35.875]]],[[[136.0898,35.7911],[136.0898,35.7911],[136.0898,35.7911],[136.0898,35.7911]]],[[[136.09,35.7912],[136.0899,35.7912],[136.0899,35.7912],[136.09,35.7912]]],[[[136.0898,35.7913],[136.0897,35.7912],[136.0897,35.7913],[136.0898,35.7913]]],[[[136.0895,35.7914],[136.0894,35.7914],[136.0895,35.7914],[136.0895,35.7914]]],[[[136.0897,35.7916],[136.0897,35.7916],[136.0897,35.7917],[136.0897,35.7916]]],[[[136.0892,35.793],[136.0892,35.7929],[136.0891,35.793],[136.0892,35.793]]],[[[136.0892,35.7933],[136.0893,35.7933],[136.0892,35.7933],[136.0892,35.7933]]],[[[136.0884,35.7954],[136.0883,35.7954],[136.0884,35.7955],[136.0884,35.7954]]],[[[136.0883,35.7958],[136.0882,35.7958],[136.0883,35.7958],[136.0883,35.7958]]],[[[136.0871,35.7973],[136.0871,35.7974],[136.0872,35.7973],[136.0871,35.7973]]],[[[136.0863,35.7989],[136.0863,35.7989],[136.0862,35.7989],[136.0863,35.7989]]],[[[136.0859,35.7995],[136.0858,35.7995],[136.0858,35.7995],[136.0859,35.7995]]],[[[136.0849,35.8001],[136.0848,35.8001],[136.0848,35.8002],[136.0849,35.8001]]],[[[136.0846,35.8004],[136.0845,35.8004],[136.0845,35.8004],[136.0846,35.8004]]],[[[136.0838,35.8008],[136.0839,35.8007],[136.0839,35.8007],[136.0838,35.8008]]],[[[136.0835,35.801],[136.0836,35.801],[136.0835,35.801],[136.0835,35.801]]],[[[136.0827,35.8018],[136.0827,35.8018],[136.0827,35.8019],[136.0827,35.8018]]],[[[136.0826,35.8022],[136.0825,35.8022],[136.0825,35.8022],[136.0826,35.8022]]],[[[136.0825,35.8023],[136.0824,35.8023],[136.0824,35.8024],[136.0825,35.8023]]],[[[136.0786,35.8077],[136.0786,35.8076],[136.0785,35.8077],[136.0786,35.8077]]],[[[136.0786,35.8079],[136.0786,35.8078],[136.0786,35.8079],[136.0786,35.8079]]],[[[136.0766,35.8108],[136.0766,35.8109],[136.0766,35.8109],[136.0766,35.8108]]],[[[136.0753,35.8118],[136.0752,35.8118],[136.0752,35.8118],[136.0753,35.8118]]],[[[136.0757,35.812],[136.0757,35.8119],[136.0756,35.8119],[136.0757,35.812]]],[[[136.0758,35.8123],[136.0757,35.8123],[136.0759,35.8123],[136.0758,35.8123]]],[[[136.0756,35.8146],[136.0755,35.8146],[136.0756,35.8146],[136.0756,35.8146]]],[[[136.0743,35.8147],[136.0744,35.8146],[136.0743,35.8146],[136.0743,35.8147]]],[[[136.0754,35.8149],[136.0754,35.8148],[136.0754,35.8148],[136.0754,35.8149]]],[[[136.075,35.8156],[136.0751,35.8157],[136.0751,35.8157],[136.075,35.8156]]],[[[136.0743,35.8164],[136.0743,35.8163],[136.0743,35.8164],[136.0743,35.8164]]],[[[136.0734,35.8164],[136.0735,35.8163],[136.0734,35.8164],[136.0734,35.8164]]],[[[136.0733,35.8168],[136.0734,35.8167],[136.0733,35.8168],[136.0733,35.8168]]],[[[136.0732,35.8177],[136.0733,35.8178],[136.0733,35.8178],[136.0732,35.8177]]]]}},{"type":"Feature","properties":{"code":"18423","name":"越前町","pref_code":"18","pref":"福井県"},"geometry":{"type":"MultiPolygon","coordinates":[[[[135.9609,35.9731],[135.9608,35.9732],[135.961,35.9732],[135.9609,35.9731]]],[[[135.9608,35.9736],[135.9607,35.9735],[135.9607,35.9736],[135.9608,35.9736]]],[[[135.9605,35.9736],[135.9604,35.9736],[135.9604,35.9736],[135.9605,35.9736]]],[[[135.9605,35.9738],[135.9605,35.974],[135.9606,35.9738],[135.9605,35.9738]]],[[[135.9601,35.9742],[135.9601,35.974],[135.9601,35.9741],[135.9601,35.9742]]],[[[135.9603,35.9743],[135.9602,35.9743],[135.9603,35.9743],[135.9603,35.9743]]],[[[135.9597,35.9748],[135.9593,35.9746],[135.9593,35.9748],[135.9597,35.9748]]],[[[135.9595,35.975],[135.9597,35.9751],[135.9596,35.975],[135.9595,35.975]]],[[[135.9581,35.9772],[135.958,35.9769],[135.9579,35.9771],[135.9581,35.9772]]],[[[135.9586,35.9772],[135.9587,35.977],[135.9584,35.9771],[135.9586,35.9772]]],[[[135.9588,35.9772],[135.9589,35.9774],[135.9591,35.9772],[135.9588,35.9772]]],[[[135.9597,35.9779],[135.9596,35.9779],[135.9596,35.978],[135.9597,35.9779]]],[[[135.9596,35.9784],[135.9598,35.9782],[135.9596,35.9783],[135.9596,35.9784]]],[[[135.9591,35.9789],[135.9597,35.9787],[135.9589,35.9788],[135.9591,35.9789]]],[[[135.9586,35.9795],[135.9587,35.9796],[135.9587,35.9796],[135.9586,35.9795]]],[[[135.9582,35.9796],[135.9582,35.9797],[135.9583,35.9797],[135.9582,35.9796]]],[[[135.9591,35.9802],[135.959,35.9802],[135.959,35.9803],[135.9591,35.9802]]],[[[135.9583,35.9809],[135.9583,35.9808],[135.9582,35.9809],[135.9583,35.9809]]],[[[135.9581,35.9813],[135.9579,35.9811],[135.9579,35.9813],[135.9581,35.9813]]],[[[135.9574,35.9823],[135.9572,35.9822],[135.9572,35.9823],[135.9574,35.9823]]],[[[135.9579,35.9831],[135.9578,35.9831],[135.9578,35.9832],[135.9579,35.9831]]],[[[135.9587,35.9838],[135.9586,35.9838],[135.9586,35.9839],[135.9587,35.9838]]],[[[135.9588,35.9839],[135.9591,35.9839],[135.959,35.9838],[135.9588,35.9839]]],[[[135.9571,35.984],[135.9573,35.9839],[135.9571,35.9839],[135.9571,35.984]]],[[[135.9578,35.984],[135.9575,35.9841],[135.9579,35.9841],[135.9578,35.984]]],[[[135.9581,35.9843],[135.9583,35.9841],[135.958,35.9842],[135.9581,35.9843]]],[[[135.9574,35.9844],[135.9573,35.9845],[135.9574,35.9845],[135.9574,35.9844]]],[[[135.9579,35.9846],[135.9577,35.9844],[135.9575,35.9846],[135.9579,35.9846]]],[[[135.9586,35.9847],[135.959,35.9847],[135.9586,35.9846],[135.9586,35.9847]]],[[[135.958,35.9849],[135.958,35.9849],[135.9579,35.9849],[135.958,35.9849]]],[[[135.9592,35.9854],[135.9591,35.9855],[135.9592,35.9855],[135.9592,35.9854]]],[[[135.9595,35.9856],[135.9595,35.9855],[135.9594,35.9855],[135.9595,35.9856]]],[[[135.9599,35.9857],[135.96,35.9856],[135.9599,35.9856],[135.9599,35.9857]]],[[[135.9596,35.9857],[135.9595,35.9857],[135.9596,35.9858],[135.9596,35.9857]]],[[[135.9606,35.9858],[135.9605,35.9859],[135.9606,35.9858],[135.9606,35.9858]]],[[[135.9606,35.986],[135.9604,35.9861],[135.9606,35.986],[135.9606,35.986]]],[[[135.9604,35.9883],[135.9605,35.9881],[135.9604,35.9881],[135.9604,35.9883]]],[[[135.9607,35.9885],[135.9608,35.9883],[135.9607,35.9884],[135.9607,35.9885]]],[[[135.9603,35.9885],[135.9604,35.9886],[135.9605,35.9886],[135.9603,35.9885]]],[[[135.96,35.9885],[135.9598,35.9887],[135.9601,35.9888],[135.96,35.9885]]],[[[135.9606,35.9888],[135.9609,35.9887],[135.9606,35.9885],[135.9606,35.9888]]],[[[135.9603,35.9904],[135.9605,35.9903],[135.9603,35.9903],[135.9603,35.9904]]],[[[135.9602,35.9907],[135.9604,35.9905],[135.96,35.9907],[135.9602,35.9907]]],[[[135.9675,35.9673],[135.9675,35.9672],[135.9675,35.9673],[135.9675,35.9673]]],[[[135.9682,35.9682],[135.9681,35.9681],[135.9682,35.9682],[135.9682,35.9682]]],[[[135.9672,35.9678],[135.9667,35.9687],[135.9672,35.9682],[135.9672,35.9678]]],[[[135.9671,35.9685],[135.967,35.9686],[135.9671,35.9686],[135.9671,35.9685]]],[[[135.9668,35.9688],[135.9669,35.9687],[135.9669,35.9687],[135.9668,35.9688]]],[[[135.9671,35.9688],[135.9671,35.9687],[135.967,35.9688],[135.9671,35.9688]]],[[[135.9661,35.9698],[135.9661,35.9698],[135.9661,35.9698],[135.9661,35.9698]]],[[[135.9655,35.97],[135.9654,35.9699],[135.9654,35.97],[135.9655,35.97]]],[[[135.9649,35.9703],[135.9648,35.9703],[135.9649,35.9703],[135.9649,35.9703]]],[[[135.9628,35.9712],[135.9627,35.971],[135.9627,35.9711],[135.9628,35.9712]]],[[[135.9625,35.9713],[135.9624,35.9712],[135.9624,35.9713],[135.9625,35.9713]]],[[[135.9629,35.9713],[135.9627,35.9713],[135.9629,35.9714],[135.9629,35.9713]]],[[[135.9615,35.9719],[135.9614,35.9718],[135.9614,35.9718],[135.9615,35.9719]]],[[[135.9614,35.9722],[135.9615,35.972],[135.9613,35.9721],[135.9614,35.9722]]],[[[135.9611,35.9722],[135.9611,35.9725],[135.9613,35.9723],[135.9611,35.9722]]],[[[135.9611,35.9726],[135.961,35.9727],[135.9611,35.9727],[135.9611,35.9726]]],[[[135.9612,35.9862],[135.9611,35.9861],[135.961,35.9862],[135.9612,35.9862]]],[[[135.9615,35.9867],[135.9618,35.9868],[135.9618,35.9867],[135.9615,35.9867]]],[[[135.9617,35.9875],[135.9616,35.9875],[135.9617,35.9875],[135.9617,35.9875]]],[[[135.9617,35.9878],[135.9615,35.9877],[135.9612,35.9877],[135.9617,35.9878]]],[[[135.9612,35.9884],[135.9614,35.9883],[135.9609,35.9882],[135.9612,35.9884]]],[[[135.9617,35.989],[135.9615,35.9887],[135.9614,35.9889],[135.9617,35.989]]],[[[135.9613,35.9891],[135.9611,35.9891],[135.9613,35.9891],[135.9613,35.9891]]],[[[135.961,35.9892],[135.9609,35.9891],[135.9609,35.9892],[135.961,35.9892]]],[[[135.9617,35.9911],[135.9617,35.9911],[135.9617,35.9911],[135.9617,35.9911]]],[[[135.9622,35.9913],[135.962,35.9913],[135.9621,35.9914],[135.9622,35.9913]]],[[[135.9639,35.9916],[135.9638,35.9916],[135.9638,35.9916],[135.9639,35.9916]]],[[[135.9643,35.9931],[135.9641,35.9931],[135.9643,35.9931],[135.9643,35.9931]]],[[[135.9643,35.9933],[135.9642,35.9932],[135.9642,35.9932],[135.9643,35.9933]]],[[[135.9628,35.9933],[135.9627,35.9932],[135.9627,35.9932],[135.9628,35.9933]]],[[[135.9628,35.9934],[135.9628,35.9933],[135.9627,35.9933],[135.9628,35.9934]]],[[[135.9641,35.9934],[135.964,35.9934],[135.9641,35.9934],[135.9641,35.9934]]],[[[135.964,35.9939],[135.9641,35.9937],[135.9639,35.9938],[135.964,35.9939]]],[[[135.9631,35.9945],[135.9633,35.9945],[135.9632,35.9943],[135.9631,35.9945]]],[[[135.9629,35.9945],[135.9629,35.9945],[135.9629,35.9945],[135.9629,35.9945]]],[[[135.9629,35.9951],[135.9628,35.995],[135.9628,35.9951],[135.9629,35.9951]]],[[[135.964,35.9954],[135.9639,35.9953],[135.9639,35.9954],[135.964,35.9954]]],[[[135.9637,35.9954],[135.9637,35.9954],[135.9637,35.9954],[135.9637,35.9954]]],[[[135.963,35.9958],[135.9629,35.9957],[135.9629,35.9958],[135.963,35.9958]]],[[[135.9635,35.9958],[135.9634,35.9957],[135.9634,35.9958],[135.9635,35.9958]]],[[[135.9634,35.9962],[135.9634,35.9961],[135.9633,35.9961],[135.9634,35.9962]]],[[[135.9634,35.9964],[135.9636,35.9966],[135.9635,35.9963],[135.9634,35.9964]]],[[[135.9635,35.9976],[135.9635,35.998],[135.9638,35.9978],[135.9635,35.9976]]],[[[135.9931,35.8874],[135.9929,35.8873],[135.9929,35.8874],[135.9931,35.8874]]],[[[135.9934,35.8879],[135.9934,35.8876],[135.9931,35.8875],[135.9934,35.8879]]],[[[135.993,35.8881],[135.9931,35.8878],[135.9928,35.8878],[135.993,35.8881]]],[[[135.9916,35.8954],[135.9917,35.8954],[135.9917,35.8953],[135.9916,35.8954]]],[[[135.9945,35.8954],[135.993,35.895],[135.992,35.8951],[135.9948,35.8958],[135.9945,35.8954]]],[[[135.9924,35.8955],[135.9922,35.8954],[135.9921,35.8954],[135.9924,35.8955]]],[[[135.9927,35.8965],[135.9927,35.8964],[135.9926,35.8964],[135.9927,35.8965]]],[[[135.9934,35.9131],[135.9936,35.9131],[135.9934,35.9131],[135.9934,35.9131]]],[[[135.993,35.9161],[135.9931,35.916],[135.993,35.916],[135.993,35.9161]]],[[[135.992,35.9354],[135.992,35.9349],[135.9919,35.9349],[135.992,35.9354]]],[[[135.9869,35.9433],[135.9868,35.9433],[135.9869,35.9433],[135.9869,35.9433]]],[[[135.9867,35.9435],[135.9866,35.9434],[135.9867,35.9435],[135.9867,35.9435]]],[[[135.9837,35.9468],[135.9836,35.9468],[135.9838,35.9468],[135.9837,35.9468]]],[[[135.9844,35.947],[135.9843,35.9468],[135.9842,35.9469],[135.9844,35.947]]],[[[135.9849,35.947],[135.9848,35.9471],[135.9849,35.9471],[135.9849,35.947]]],[[[135.9857,35.9472],[135.9857,35.9472],[135.9857,35.9472],[135.9857,35.9472]]],[[[135.9847,35.9472],[135.9846,35.9472],[135.9847,35.9472],[135.9847,35.9472]]],[[[135.9858,35.9473],[135.9859,35.9473],[135.9859,35.9472],[135.9858,35.9473]]],[[[135.9835,35.9473],[135.9834,35.9472],[135.9834,35.9474],[135.9835,35.9473]]],[[[135.9862,35.9472],[135.9862,35.9474],[135.9864,35.9473],[135.9862,35.9472]]],[[[135.9836,35.9475],[135.9839,35.9475],[135.9837,35.9473],[135.9836,35.9475]]],[[[135.9829,35.9512],[135.9828,35.9511],[135.9828,35.9512],[135.9829,35.9512]]],[[[135.9831,35.9512],[135.9834,35.9512],[135.9831,35.9511],[135.9831,35.9512]]],[[[135.9832,35.9513],[135.983,35.9512],[135.983,35.9512],[135.9832,35.9513]]],[[[135.9775,35.9564],[135.9775,35.9565],[135.9777,35.9565],[135.9775,35.9564]]],[[[135.9772,35.9567],[135.9774,35.9567],[135.9772,35.9567],[135.9772,35.9567]]],[[[135.977,35.9568],[135.977,35.9569],[135.9771,35.9568],[135.977,35.9568]]],[[[135.977,35.957],[135.977,35.9569],[135.9769,35.9569],[135.977,35.957]]],[[[135.9764,35.9572],[135.9763,35.9571],[135.9763,35.9572],[135.9764,35.9572]]],[[[135.9758,35.9575],[135.976,35.9573],[135.9758,35.9574],[135.9758,35.9575]]],[[[135.9752,35.9574],[135.9749,35.9577],[135.9753,35.9575],[135.9752,35.9574]]],[[[135.9745,35.9577],[135.9745,35.9575],[135.9744,35.9575],[135.9745,35.9577]]],[[[135.9758,35.9578],[135.9757,35.9577],[135.9757,35.9578],[135.9758,35.9578]]],[[[135.9748,35.9578],[135.9747,35.9578],[135.9746,35.9579],[135.9748,35.9578]]],[[[135.9728,35.9587],[135.973,35.9586],[135.9728,35.9586],[135.9728,35.9587]]],[[[135.9736,35.9585],[135.9732,35.9589],[135.9732,35.959],[135.9736,35.9585]]],[[[135.9733,35.9597],[135.9733,35.9596],[135.9732,35.9596],[135.9733,35.9597]]],[[[135.9725,35.9603],[135.9724,35.9604],[135.9726,35.9604],[135.9725,35.9603]]],[[[135.9717,35.9607],[135.9717,35.9605],[135.9716,35.9605],[135.9717,35.9607]]],[[[135.9718,35.9609],[135.9718,35.9609],[135.9717,35.9609],[135.9718,35.9609]]],[[[135.9715,35.9612],[135.9717,35.9611],[135.9714,35.9611],[135.9715,35.9612]]],[[[135.9696,35.9633],[135.9692,35.963],[135.9689,35.9631],[135.9696,35.9633]]],[[[135.9695,35.9633],[135.9693,35.9635],[135.9696,35.9634],[135.9695,35.9633]]],[[[135.9946,35.887],[135.9946,35.8868],[135.9945,35.8869],[135.9946,35.887]]],[[[135.9937,35.8883],[135.9936,35.8882],[135.9935,35.8882],[135.9937,35.8883]]],[[[135.994,35.8886],[135.9939,35.8886],[135.9938,35.8886],[135.994,35.8886]]],[[[135.9949,35.8903],[135.9948,35.8902],[135.9948,35.8904],[135.9949,35.8903]]],[[[135.9949,35.8914],[135.9951,35.8913],[135.9949,35.8913],[135.9949,35.8914]]],[[[135.9947,35.8914],[135.9947,35.8913],[135.9947,35.8913],[135.9947,35.8914]]],[[[135.9944,35.8915],[135.9944,35.8914],[135.9943,35.8914],[135.9944,35.8915]]],[[[135.995,35.8916],[135.9949,35.8915],[135.9949,35.8915],[135.995,35.8916]]],[[[135.9947,35.8926],[135.9945,35.893],[135.9948,35.8927],[135.9947,35.8926]]],[[[135.9942,35.8931],[135.9942,35.893],[135.9941,35.893],[135.9942,35.8931]]],[[[135.9949,35.8934],[135.9952,35.8934],[135.9949,35.8934],[135.9949,35.8934]]],[[[135.9941,35.8964],[135.9941,35.8963],[135.994,35.8964],[135.9941,35.8964]]],[[[135.9937,35.8984],[135.9937,35.8983],[135.9937,35.8984],[135.9937,35.8984]]],[[[135.9949,35.9064],[135.9949,35.9063],[135.9948,35.9064],[135.9949,35.9064]]],[[[135.9948,35.9104],[135.9948,35.9103],[135.9947,35.9103],[135.9948,35.9104]]],[[[135.9951,35.912],[135.9951,35.9119],[135.995,35.9119],[135.9951,35.912]]],[[[135.9945,35.9122],[135.9944,35.9121],[135.9943,35.9122],[135.9945,35.9122]]],[[[135.9948,35.9123],[135.9949,35.9122],[135.9947,35.9122],[135.9948,35.9123]]],[[[135.9945,35.9125],[135.9946,35.9124],[135.9943,35.9124],[135.9945,35.9125]]],[[[135.9938,35.9129],[135.994,35.913],[135.994,35.9129],[135.9938,35.9129]]],[[[135.9942,35.913],[135.9945,35.9131],[135.9945,35.9131],[135.9942,35.913]]],[[[135.9938,35.9132],[135.9937,35.9131],[135.9937,35.9132],[135.9938,35.9132]]],[[[135.9946,35.9132],[135.9949,35.9133],[135.9947,35.9131],[135.9946,35.9132]]],[[[135.9939,35.9133],[135.9939,35.9132],[135.9938,35.9132],[135.9939,35.9133]]],[[[135.9944,35.9134],[135.9944,35.9133],[135.9943,35.9133],[135.9944,35.9134]]],[[[135.995,35.9136],[135.9949,35.9136],[135.9949,35.9136],[135.995,35.9136]]],[[[135.9942,35.9139],[135.9943,35.9139],[135.9943,35.9139],[135.9942,35.9139]]],[[[135.9945,35.9139],[135.9946,35.9141],[135.9947,35.914],[135.9945,35.9139]]],[[[135.9948,35.9141],[135.9949,35.914],[135.9948,35.914],[135.9948,35.9141]]],[[[135.9944,35.9142],[135.9945,35.9141],[135.9944,35.9141],[135.9944,35.9142]]],[[[135.9942,35.9142],[135.9943,35.9141],[135.9942,35.9142],[135.9942,35.9142]]],[[[135.9949,35.9144],[135.9949,35.9142],[135.9948,35.9143],[135.9949,35.9144]]],[[[135.9949,35.9145],[135.9949,35.9145],[135.9949,35.9145],[135.9949,35.9145]]],[[[135.9943,35.9147],[135.9944,35.9146],[135.9942,35.9146],[135.9943,35.9147]]],[[[135.9947,35.9147],[135.9946,35.9146],[135.9945,35.9147],[135.9947,35.9147]]],[[[135.9949,35.9149],[135.995,35.9148],[135.9949,35.9148],[135.9949,35.9149]]],[[[135.9947,35.9151],[135.9949,35.915],[135.9947,35.915],[135.9947,35.9151]]],[[[135.9949,35.9154],[135.9949,35.9153],[135.9949,35.9153],[135.9949,35.9154]]],[[[135.9939,35.9155],[135.994,35.9154],[135.9939,35.9154],[135.9939,35.9155]]],[[[135.9947,35.9155],[135.9947,35.9157],[135.9949,35.9156],[135.9947,35.9155]]],[[[135.9938,35.9164],[135.9939,35.9165],[135.9939,35.9164],[135.9938,35.9164]]],[[[135.9946,35.9169],[135.9946,35.9168],[135.9945,35.9168],[135.9946,35.9169]]],[[[135.9942,35.9317],[135.9948,35.9338],[135.9935,35.936],[135.9948,35.934],[135.9942,35.9317]]],[[[135.9956,35.8909],[135.9955,35.8909],[135.9956,35.8909],[135.9956,35.8909]]],[[[135.9953,35.8914],[135.9953,35.8913],[135.9952,35.8914],[135.9953,35.8914]]],[[[135.9952,35.8915],[135.9951,35.8915],[135.9952,35.8915],[135.9952,35.8915]]],[[[135.9957,35.8994],[135.9956,35.8993],[135.9955,35.8994],[135.9957,35.8994]]],[[[135.9955,35.8995],[135.9954,35.8995],[135.9955,35.8995],[135.9955,35.8995]]],[[[135.9961,35.8999],[135.9959,35.8997],[135.9959,35.8998],[135.9961,35.8999]]],[[[135.996,35.9002],[135.9961,35.9001],[135.9959,35.9001],[135.996,35.9002]]],[[[135.9952,35.9001],[135.9952,35.9001],[135.9952,35.9001],[135.9952,35.9001]]],[[[135.9956,35.9002],[135.9955,35.9001],[135.9956,35.9002],[135.9956,35.9002]]],[[[135.9961,35.9006],[135.9961,35.9004],[135.996,35.9005],[135.9961,35.9006]]],[[[135.9959,35.9012],[135.9957,35.901],[135.9956,35.9011],[135.9959,35.9012]]],[[[135.9963,35.9013],[135.9961,35.9011],[135.9961,35.9012],[135.9963,35.9013]]],[[[135.9961,35.9016],[135.9961,35.9014],[135.996,35.9015],[135.9961,35.9016]]],[[[135.9962,35.9021],[135.9964,35.902],[135.9964,35.9019],[135.9962,35.9021]]],[[[135.9965,35.9052],[135.9966,35.9053],[135.9967,35.9052],[135.9965,35.9052]]],[[[135.9963,35.9059],[135.9962,35.9058],[135.9962,35.9059],[135.9963,35.9059]]],[[[135.9962,35.9069],[135.9962,35.9068],[135.9961,35.9068],[135.9962,35.9069]]],[[[135.9964,35.9072],[135.9964,35.9071],[135.9963,35.9071],[135.9964,35.9072]]],[[[135.9966,35.9082],[135.9965,35.9082],[135.9966,35.9082],[135.9966,35.9082]]],[[[135.9956,35.9083],[135.9957,35.9081],[135.9956,35.9082],[135.9956,35.9083]]],[[[135.9956,35.9091],[135.9958,35.9091],[135.9958,35.909],[135.9956,35.9091]]],[[[135.9951,35.9102],[135.9952,35.9104],[135.9954,35.9102],[135.9951,35.9102]]],[[[135.9954,35.9106],[135.9955,35.9105],[135.9953,35.9104],[135.9954,35.9106]]],[[[135.9953,35.9109],[135.9954,35.9108],[135.9953,35.9109],[135.9953,35.9109]]],[[[135.9955,35.9112],[135.9955,35.9111],[135.9954,35.9111],[135.9955,35.9112]]],[[[135.9957,35.9115],[135.9957,35.9114],[135.9956,35.9115],[135.9957,35.9115]]],[[[135.9951,35.9156],[135.9952,35.9154],[135.995,35.9155],[135.9951,35.9156]]],[[[135.9952,35.9157],[135.9951,35.9156],[135.9951,35.9157],[135.9952,35.9157]]],[[[135.9951,35.9158],[135.9952,35.9157],[135.995,35.9158],[135.9951,35.9158]]],[[[135.9951,35.9161],[135.9952,35.916],[135.995,35.916],[135.9951,35.9161]]],[[[135.9951,35.9163],[135.9951,35.9162],[135.9951,35.9162],[135.9951,35.9163]]],[[[135.9954,35.9164],[135.9955,35.9164],[135.9954,35.9163],[135.9954,35.9164]]],[[[135.9957,35.9169],[135.9956,35.9169],[135.9956,35.9169],[135.9957,35.9169]]],[[[135.9964,35.917],[135.9965,35.9169],[135.9963,35.9169],[135.9964,35.917]]],[[[135.9956,35.9182],[135.9958,35.9181],[135.9956,35.9182],[135.9956,35.9182]]],[[[135.9953,35.9184],[135.9954,35.9183],[135.9952,35.9183],[135.9953,35.9184]]],[[[135.9966,35.9211],[135.9965,35.9211],[135.9965,35.9211],[135.9966,35.9211]]],[[[135.9963,35.9212],[135.9963,35.9212],[135.9963,35.9212],[135.9963,35.9212]]],[[[135.9964,35.9262],[135.9964,35.9262],[135.9964,35.9262],[135.9964,35.9262]]],[[[135.9964,35.9269],[135.9964,35.9268],[135.9964,35.9269],[135.9964,35.9269]]],[[[135.996,35.9271],[135.9959,35.9271],[135.9959,35.9271],[135.996,35.9271]]],[[[135.9962,35.9345],[135.9962,35.9344],[135.9961,35.9345],[135.9962,35.9345]]],[[[135.9961,35.9347],[135.9961,35.9347],[135.996,35.9347],[135.9961,35.9347]]],[[[136.01,35.8726],[136.0099,35.8725],[136.0099,35.8726],[136.01,35.8726]]],[[[136.0101,35.8731],[136.0102,35.8731],[136.0101,35.8731],[136.0101,35.8731]]],[[[136.0086,35.8742],[136.0085,35.8741],[136.0086,35.8742],[136.0086,35.8742]]],[[[136.0085,35.8744],[136.0084,35.8744],[136.0085,35.8744],[136.0085,35.8744]]],[[[136.0066,35.8752],[136.0066,35.8753],[136.0067,35.8752],[136.0066,35.8752]]],[[[136.0055,35.8757],[136.0057,35.8756],[136.0055,35.8756],[136.0055,35.8757]]],[[[136.0052,35.8772],[136.0053,35.8771],[136.0052,35.8772],[136.0052,35.8772]]],[[[136.0055,35.8773],[136.0054,35.8773],[136.0056,35.8773],[136.0055,35.8773]]],[[[136.0037,35.8786],[136.0035,35.8784],[136.0035,35.8785],[136.0037,35.8786]]],[[[136.0031,35.879],[136.003,35.8792],[136.0031,35.8791],[136.0031,35.879]]],[[[136.0021,35.8798],[136.0022,35.8797],[136.002,35.8797],[136.0021,35.8798]]],[[[136.0024,35.8801],[136.0023,35.8802],[136.0024,35.8802],[136.0024,35.8801]]],[[[136.0019,35.8803],[136.0019,35.8802],[136.0019,35.8803],[136.0019,35.8803]]],[[[136.002,35.8804],[136.0021,35.8805],[136.0022,35.8804],[136.002,35.8804]]],[[[136.0012,35.8809],[136.0013,35.8809],[136.0012,35.8809],[136.0012,35.8809]]],[[[136.0013,35.8813],[136.0011,35.8813],[136.0011,35.8813],[136.0013,35.8813]]],[[[136.0008,35.8814],[136.0009,35.8815],[136.0009,35.8814],[136.0008,35.8814]]],[[[135.999,35.8814],[135.9991,35.8815],[135.9992,35.8814],[135.999,35.8814]]],[[[135.9986,35.8821],[135.9986,35.882],[135.9986,35.8821],[135.9986,35.8821]]],[[[135.999,35.8822],[135.999,35.8821],[135.9989,35.8822],[135.999,35.8822]]],[[[135.9986,35.8823],[135.9985,35.8823],[135.9985,35.8823],[135.9986,35.8823]]],[[[135.9988,35.8824],[135.9988,35.8823],[135.9988,35.8823],[135.9988,35.8824]]],[[[135.9995,35.8826],[135.9994,35.8825],[135.9994,35.8826],[135.9995,35.8826]]],[[[135.9996,35.8829],[135.9995,35.8829],[135.9995,35.883],[135.9996,35.8829]]],[[[135.9993,35.883],[135.9993,35.883],[135.9992,35.883],[135.9993,35.883]]],[[[135.9988,35.8834],[135.9986,35.8834],[135.9987,35.8835],[135.9988,35.8834]]],[[[135.999,35.8835],[135.9989,35.8834],[135.9989,35.8835],[135.999,35.8835]]],[[[135.9973,35.8849],[135.9973,35.8848],[135.9973,35.8848],[135.9973,35.8849]]],[[[135.9969,35.8848],[135.9969,35.8848],[135.9969,35.8849],[135.9969,35.8848]]],[[[135.9972,35.885],[135.9972,35.8849],[135.9972,35.885],[135.9972,35.885]]],[[[135.9969,35.8852],[135.997,35.8851],[135.9969,35.8851],[135.9969,35.8852]]],[[[135.9967,35.9069],[135.9967,35.907],[135.9968,35.907],[135.9967,35.9069]]],[[[135.9967,35.9211],[135.9968,35.921],[135.9967,35.9211],[135.9967,35.9211]]],[[[135.9969,35.9226],[135.9968,35.9226],[135.9968,35.9227],[135.9969,35.9226]]],[[[135.9971,35.923],[135.997,35.9229],[135.9968,35.9229],[135.9971,35.923]]],[[[135.9973,35.9243],[135.9973,35.9244],[135.9973,35.9244],[135.9973,35.9243]]],[[[135.9975,35.9248],[135.9975,35.9247],[135.9975,35.9247],[135.9975,35.9248]]],[[[135.9975,35.9256],[135.9974,35.9257],[135.9975,35.9257],[135.9975,35.9256]]],[[[135.9976,35.9263],[135.9977,35.9262],[135.9976,35.9262],[135.9976,35.9263]]],[[[135.9974,35.9267],[135.9974,35.9266],[135.9972,35.9266],[135.9974,35.9267]]],[[[135.9978,35.9268],[135.9978,35.9268],[135.9979,35.9268],[135.9978,35.9268]]],[[[135.9982,35.9273],[135.9959,35.928],[135.9957,35.9324],[135.9961,35.9288],[135.9967,35.9297],[135.9974,35.9288],[135.9961,35.9351],[135.9974,35.9348],[135.9967,35.9358],[135.9948,35.9351],[135.9948,35.9387],[135.9933,35.939],[135.9939,35.9365],[135.9925,35.9403],[135.9882,35.9423],[135.9902,35.9413],[135.9912,35.9404],[135.9926,35.9369],[135.992,35.9357],[135.991,35.9403],[135.9891,35.941],[135.9873,35.9433],[135.9855,35.9444],[135.9873,35.946],[135.9867,35.9473],[135.9867,35.9467],[135.986,35.9456],[135.9852,35.9453],[135.987,35.9478],[135.9854,35.9498],[135.9856,35.9515],[135.9852,35.9505],[135.9849,35.9521],[135.9838,35.9517],[135.9851,35.9503],[135.9846,35.9503],[135.9853,35.9493],[135.985,35.9485],[135.9848,35.9486],[135.9826,35.9535],[135.9815,35.9538],[135.9818,35.9549],[135.9809,35.9546],[135.9805,35.9552],[135.9814,35.9556],[135.9801,35.9555],[135.9801,35.9544],[135.9797,35.956],[135.9779,35.9557],[135.9786,35.9563],[135.9747,35.9584],[135.9742,35.9583],[135.9738,35.9601],[135.9718,35.9618],[135.9696,35.9623],[135.9701,35.9632],[135.9675,35.9665],[135.9685,35.9681],[135.9681,35.9684],[135.9675,35.968],[135.9673,35.9683],[135.968,35.9684],[135.967,35.9697],[135.9628,35.9716],[135.962,35.9716],[135.9597,35.9757],[135.9585,35.9761],[135.9607,35.9782],[135.9577,35.9825],[135.963,35.987],[135.9608,35.9904],[135.9653,35.992],[135.9646,35.9939],[135.9633,35.9945],[135.9642,35.995],[135.9644,35.9975],[135.9698,35.9919],[135.9848,35.9881],[135.9859,35.9872],[135.9844,35.9866],[135.985,35.9856],[135.9841,35.9849],[135.9897,35.9844],[135.9906,35.9829],[135.9962,35.9827],[136.0024,35.9864],[136.0072,35.9863],[136.0088,35.9878],[136.0046,35.9901],[136.0025,35.9969],[136.0047,35.9995],[136.0035,36.0054],[136.0061,36.0072],[136.0057,36.01],[136.0103,36.0114],[136.0117,36.0142],[136.0131,36.0144],[136.0135,36.0126],[136.0161,36.0116],[136.0176,36.0089],[136.0228,36.0053],[136.0283,35.995],[136.0297,35.9964],[136.029,35.9979],[136.0307,35.9998],[136.033,35.9993],[136.0327,35.9968],[136.0395,36.0007],[136.0439,36.0019],[136.0476,36.0043],[136.0493,36.0097],[136.0521,36.0117],[136.0537,36.0108],[136.0561,36.0121],[136.0551,36.0151],[136.0565,36.0179],[136.0557,36.0187],[136.0569,36.0205],[136.0573,36.0269],[136.0597,36.0281],[136.0664,36.0264],[136.0706,36.0281],[136.0725,36.0281],[136.072,36.0237],[136.0755,36.0211],[136.0817,36.0191],[136.0806,36.0146],[136.0868,36.0157],[136.0924,36.0127],[136.0933,36.0099],[136.0974,36.0093],[136.097,36.0049],[136.1077,36.0038],[136.1101,36.0023],[136.1175,36.0025],[136.1208,36.001],[136.1228,36.0026],[136.1281,36.0039],[136.131,36.0021],[136.1375,35.9929],[136.1552,35.9923],[136.1562,35.9875],[136.1543,35.9828],[136.149,35.9799],[136.1466,35.9759],[136.1407,35.9704],[136.138,35.9694],[136.1375,35.966],[136.1388,35.9642],[136.1381,35.9621],[136.1359,35.959],[136.1327,35.9569],[136.1281,35.9471],[136.1244,35.9453],[136.1247,35.9407],[136.1267,35.94],[136.1328,35.9331],[136.1347,35.9328],[136.1328,35.9303],[136.1321,35.9263],[136.133,35.9252],[136.1287,35.9246],[136.1292,35.9215],[136.1259,35.9161],[136.117,35.9148],[136.1167,35.9112],[136.1154,35.9108],[136.1104,35.913],[136.1065,35.9107],[136.1039,35.9121],[136.1003,35.9104],[136.0938,35.9107],[136.0926,35.9121],[136.0931,35.9171],[136.0897,35.9182],[136.0883,35.9228],[136.0853,35.9209],[136.0855,35.923],[136.0808,35.9256],[136.0784,35.9256],[136.0768,35.9238],[136.0741,35.9232],[136.0736,35.919],[136.0691,35.9175],[136.0646,35.9183],[136.0617,35.9171],[136.0566,35.9192],[136.0544,35.9177],[136.048,35.9171],[136.044,35.9127],[136.0437,35.9064],[136.0421,35.9039],[136.0371,35.9038],[136.0281,35.9001],[136.0257,35.9027],[136.0248,35.9019],[136.0231,35.896],[136.02,35.8941],[136.0206,35.8888],[136.0187,35.8879],[136.02,35.8839],[136.019,35.8802],[136.0196,35.8782],[136.0111,35.8723],[136.0055,35.8777],[136.0033,35.8792],[136.0029,35.8792],[136.0027,35.879],[136.0026,35.8801],[136.0015,35.881],[136.0016,35.8811],[136.0006,35.8819],[135.9987,35.8818],[135.9998,35.8821],[135.9998,35.8833],[135.9975,35.8845],[135.997,35.8872],[135.994,35.8878],[135.9948,35.8874],[135.9953,35.8866],[135.9952,35.8865],[135.9947,35.8874],[135.9937,35.8876],[135.9962,35.8904],[135.9954,35.8917],[135.995,35.8917],[135.9955,35.8932],[135.9952,35.8938],[135.9928,35.8946],[135.995,35.8949],[135.9954,35.8967],[135.9948,35.8958],[135.9979,35.903],[135.9974,35.905],[135.9963,35.9061],[135.9954,35.9058],[135.9968,35.9065],[135.997,35.9075],[135.9969,35.9091],[135.9955,35.9112],[135.9955,35.9112],[135.9953,35.9114],[135.9963,35.9108],[135.9964,35.911],[135.995,35.913],[135.9955,35.9159],[135.9967,35.9168],[135.996,35.9181],[135.9977,35.9228],[135.9982,35.9273]]]]}},{"type":"Feature","properties":{"code":"18442","name":"美浜町","pref_code":"18","pref":"福井県"},"geometry":{"type":"MultiPolygon","coordinates":[[[[135.8504,35.6232],[135.8505,35.6233],[135.8505,35.6232],[135.8504,35.6232]]],[[[135.85,35.6233],[135.85,35.6233],[135.85,35.6232],[135.85,35.6233]]],[[[135.8506,35.6233],[135.8506,35.6233],[135.8506,35.6233],[135.8506,35.6233]]],[[[135.85,35.6234],[135.85,35.6234],[135.8501,35.6233],[135.85,35.6234]]],[[[135.8498,35.6234],[135.8498,35.6234],[135.8499,35.6234],[135.8498,35.6234]]],[[[135.8477,35.6234],[135.8476,35.6234],[135.8477,35.6234],[135.8477,35.6234]]],[[[135.8513,35.6236],[135.8513,35.6236],[135.8516,35.6236],[135.8513,35.6236]]],[[[135.8435,35.6279],[135.8435,35.6279],[135.8436,35.6279],[135.8435,35.6279]]],[[[135.8438,35.628],[135.8438,35.6279],[135.8437,35.628],[135.8438,35.628]]],[[[135.8448,35.6284],[135.8447,35.6284],[135.8447,35.6285],[135.8448,35.6284]]],[[[135.8448,35.6295],[135.8448,35.6296],[135.8449,35.6295],[135.8448,35.6295]]],[[[135.8458,35.6326],[135.8457,35.6326],[135.8457,35.6327],[135.8458,35.6326]]],[[[135.8452,35.6342],[135.8451,35.6343],[135.8452,35.6343],[135.8452,35.6342]]],[[[135.8465,35.6354],[135.8466,35.6354],[135.8466,35.6354],[135.8465,35.6354]]],[[[135.8454,35.6358],[135.8453,35.6358],[135.8453,35.6359],[135.8454,35.6358]]],[[[135.8459,35.6358],[135.8458,35.6358],[135.8458,35.6359],[135.8459,35.6358]]],[[[135.8354,35.6364],[135.8354,35.6364],[135.8356,35.6364],[135.8354,35.6364]]],[[[135.8377,35.6368],[135.8376,35.6367],[135.8375,35.6368],[135.8377,35.6368]]],[[[135.8434,35.6371],[135.8435,35.637],[135.8434,35.637],[135.8434,35.6371]]],[[[135.8415,35.6371],[135.8415,35.6372],[135.8416,35.6371],[135.8415,35.6371]]],[[[135.8423,35.6372],[135.8423,35.6373],[135.8424,35.6373],[135.8423,35.6372]]],[[[135.8417,35.6376],[135.8417,35.6376],[135.8417,35.6377],[135.8417,35.6376]]],[[[135.8392,35.6382],[135.8394,35.6381],[135.8392,35.638],[135.8392,35.6382]]],[[[135.832,35.6384],[135.8321,35.6385],[135.8321,35.6384],[135.832,35.6384]]],[[[135.8319,35.6385],[135.8318,35.6385],[135.8319,35.6386],[135.8319,35.6385]]],[[[135.8307,35.6389],[135.8306,35.6389],[135.8306,35.6389],[135.8307,35.6389]]],[[[135.8302,35.639],[135.8303,35.639],[135.8303,35.639],[135.8302,35.639]]],[[[135.8306,35.6391],[135.8307,35.639],[135.8307,35.639],[135.8306,35.6391]]],[[[135.8275,35.6397],[135.8276,35.6397],[135.8276,35.6397],[135.8275,35.6397]]],[[[135.8274,35.6397],[135.8274,35.6398],[135.8275,35.6397],[135.8274,35.6397]]],[[[135.827,35.6399],[135.827,35.64],[135.8271,35.64],[135.827,35.6399]]],[[[135.8275,35.64],[135.8276,35.6401],[135.8276,35.6401],[135.8275,35.64]]],[[[135.8264,35.6403],[135.8265,35.6403],[135.8264,35.6402],[135.8264,35.6403]]],[[[135.8263,35.6405],[135.8263,35.6405],[135.8264,35.6405],[135.8263,35.6405]]],[[[135.8257,35.641],[135.8257,35.6411],[135.8258,35.6411],[135.8257,35.641]]],[[[135.8146,35.6423],[135.8145,35.6426],[135.8147,35.6427],[135.8146,35.6423]]],[[[135.8144,35.6427],[135.8143,35.6427],[135.8144,35.6427],[135.8144,35.6427]]],[[[135.8144,35.6427],[135.8146,35.6428],[135.8145,35.6427],[135.8144,35.6427]]],[[[135.8148,35.6428],[135.8148,35.6428],[135.8148,35.6428],[135.8148,35.6428]]],[[[135.8144,35.643],[135.8145,35.643],[135.8144,35.643],[135.8144,35.643]]],[[[135.8143,35.643],[135.8143,35.643],[135.8143,35.643],[135.8143,35.643]]],[[[135.8168,35.6432],[135.8168,35.6432],[135.8168,35.6432],[135.8168,35.6432]]],[[[135.8155,35.6433],[135.8155,35.6434],[135.8156,35.6433],[135.8155,35.6433]]],[[[135.8244,35.6435],[135.8243,35.6435],[135.8243,35.6436],[135.8244,35.6435]]],[[[135.8258,35.6434],[135.8252,35.6434],[135.8255,35.6439],[135.8258,35.6434]]],[[[135.8175,35.6438],[135.8176,35.6438],[135.8176,35.6438],[135.8175,35.6438]]],[[[135.8247,35.644],[135.8246,35.6439],[135.8246,35.644],[135.8247,35.644]]],[[[135.818,35.644],[135.818,35.644],[135.8181,35.644],[135.818,35.644]]],[[[135.8223,35.644],[135.8223,35.6441],[135.8223,35.6441],[135.8223,35.644]]],[[[135.8197,35.6441],[135.8197,35.6442],[135.8198,35.6442],[135.8197,35.6441]]],[[[135.8183,35.6441],[135.8183,35.6441],[135.8183,35.6442],[135.8183,35.6441]]],[[[135.8212,35.6441],[135.8212,35.6441],[135.8212,35.6442],[135.8212,35.6441]]],[[[135.819,35.6441],[135.8189,35.6442],[135.819,35.6442],[135.819,35.6441]]],[[[135.82,35.6443],[135.8201,35.6441],[135.8199,35.6441],[135.82,35.6443]]],[[[135.8135,35.6442],[135.8134,35.6442],[135.8134,35.6443],[135.8135,35.6442]]],[[[135.8224,35.6443],[135.8224,35.6443],[135.8224,35.6442],[135.8224,35.6443]]],[[[135.8221,35.6442],[135.8222,35.6443],[135.8222,35.6442],[135.8221,35.6442]]],[[[135.8203,35.6443],[135.8203,35.6443],[135.8203,35.6443],[135.8203,35.6443]]],[[[135.8195,35.6443],[135.8194,35.6444],[135.8195,35.6444],[135.8195,35.6443]]],[[[135.8188,35.6444],[135.8188,35.6445],[135.8188,35.6445],[135.8188,35.6444]]],[[[135.8228,35.6447],[135.8227,35.6446],[135.8227,35.6447],[135.8228,35.6447]]],[[[135.8955,35.5924],[135.898,35.593],[135.8962,35.5913],[135.8895,35.5928],[135.8908,35.594],[135.8955,35.5924]]],[[[135.8713,35.6094],[135.8711,35.6094],[135.8711,35.6095],[135.8713,35.6094]]],[[[135.8598,35.6111],[135.8597,35.6111],[135.8597,35.6111],[135.8598,35.6111]]],[[[135.8591,35.6116],[135.8591,35.6117],[135.8591,35.6117],[135.8591,35.6116]]],[[[135.8773,35.6126],[135.8773,35.6125],[135.8773,35.6125],[135.8773,35.6126]]],[[[135.8773,35.6127],[135.8774,35.6128],[135.8774,35.6127],[135.8773,35.6127]]],[[[135.8585,35.6137],[135.8586,35.6136],[135.8584,35.6136],[135.8585,35.6137]]],[[[135.8783,35.6144],[135.8782,35.6144],[135.8782,35.6144],[135.8783,35.6144]]],[[[135.8955,35.6145],[135.8955,35.6144],[135.8955,35.6144],[135.8955,35.6145]]],[[[135.892,35.6149],[135.8921,35.6148],[135.8917,35.6144],[135.892,35.6149]]],[[[135.8963,35.6155],[135.8963,35.6155],[135.8962,35.6156],[135.8963,35.6155]]],[[[135.8961,35.616],[135.8961,35.616],[135.8962,35.616],[135.8961,35.616]]],[[[135.8576,35.6164],[135.8576,35.6164],[135.8576,35.6164],[135.8576,35.6164]]],[[[135.8875,35.6165],[135.8875,35.6165],[135.8875,35.6165],[135.8875,35.6165]]],[[[135.8822,35.6166],[135.8823,35.6166],[135.8822,35.6165],[135.8822,35.6166]]],[[[135.8827,35.6168],[135.8829,35.6168],[135.8829,35.6167],[135.8827,35.6168]]],[[[135.8574,35.6168],[135.8573,35.6168],[135.8574,35.6168],[135.8574,35.6168]]],[[[135.8822,35.6168],[135.8823,35.6169],[135.8822,35.6168],[135.8822,35.6168]]],[[[135.8576,35.6175],[135.8576,35.6176],[135.8576,35.6176],[135.8576,35.6175]]],[[[135.8604,35.6201],[135.8604,35.62],[135.8603,35.62],[135.8604,35.6201]]],[[[135.8942,35.6202],[135.8942,35.6202],[135.8942,35.6202],[135.8942,35.6202]]],[[[135.8944,35.6204],[135.8944,35.6203],[135.8943,35.6203],[135.8944,35.6204]]],[[[135.8937,35.6206],[135.8938,35.6206],[135.8938,35.6206],[135.8937,35.6206]]],[[[135.8604,35.6207],[135.8604,35.6206],[135.8604,35.6206],[135.8604,35.6207]]],[[[135.8945,35.6207],[135.8946,35.6207],[135.8945,35.6206],[135.8945,35.6207]]],[[[135.8936,35.6208],[135.8937,35.6208],[135.8936,35.6207],[135.8936,35.6208]]],[[[135.8935,35.6208],[135.8934,35.6209],[135.8936,35.6209],[135.8935,35.6208]]],[[[135.8945,35.6211],[135.8945,35.621],[135.8945,35.621],[135.8945,35.6211]]],[[[135.8942,35.6212],[135.8942,35.6211],[135.8941,35.6211],[135.8942,35.6212]]],[[[135.8603,35.6212],[135.8603,35.6213],[135.8604,35.6213],[135.8603,35.6212]]],[[[135.8947,35.6213],[135.8947,35.6213],[135.8947,35.6213],[135.8947,35.6213]]],[[[135.8949,35.6216],[135.895,35.6216],[135.8949,35.6215],[135.8949,35.6216]]],[[[135.8951,35.6216],[135.8952,35.6216],[135.8951,35.6215],[135.8951,35.6216]]],[[[135.8954,35.6218],[135.8954,35.6218],[135.8954,35.6218],[135.8954,35.6218]]],[[[135.8953,35.622],[135.8954,35.622],[135.8954,35.622],[135.8953,35.622]]],[[[135.8602,35.622],[135.8602,35.622],[135.8603,35.6221],[135.8602,35.622]]],[[[135.8954,35.6221],[135.8953,35.6222],[135.8954,35.6222],[135.8954,35.6221]]],[[[135.8958,35.6223],[135.8958,35.6222],[135.8958,35.6223],[135.8958,35.6223]]],[[[135.8953,35.6224],[135.8954,35.6223],[135.8954,35.6223],[135.8953,35.6224]]],[[[135.8955,35.6225],[135.8955,35.6226],[135.8956,35.6225],[135.8955,35.6225]]],[[[135.8595,35.6228],[135.8596,35.6228],[135.8596,35.6228],[135.8595,35.6228]]],[[[135.896,35.6231],[135.896,35.6231],[135.8959,35.6231],[135.896,35.6231]]],[[[135.8967,35.6232],[135.8966,35.6232],[135.8967,35.6233],[135.8967,35.6232]]],[[[135.8959,35.6233],[135.896,35.6232],[135.896,35.6232],[135.8959,35.6233]]],[[[135.8959,35.6234],[135.8961,35.6235],[135.896,35.6234],[135.8959,35.6234]]],[[[135.8594,35.6237],[135.8595,35.6237],[135.8595,35.6237],[135.8594,35.6237]]],[[[135.8969,35.6238],[135.897,35.6239],[135.8971,35.6238],[135.8969,35.6238]]],[[[135.8582,35.6239],[135.8581,35.6239],[135.8582,35.624],[135.8582,35.6239]]],[[[135.8579,35.624],[135.8579,35.624],[135.858,35.624],[135.8579,35.624]]],[[[135.8528,35.6243],[135.8527,35.6243],[135.8528,35.6244],[135.8528,35.6243]]],[[[135.8562,35.6246],[135.8562,35.6246],[135.8562,35.6246],[135.8562,35.6246]]],[[[135.8546,35.6249],[135.8546,35.6249],[135.8546,35.625],[135.8546,35.6249]]],[[[135.8544,35.6251],[135.8544,35.6251],[135.8544,35.6251],[135.8544,35.6251]]],[[[135.8536,35.6252],[135.8537,35.6252],[135.8537,35.6251],[135.8536,35.6252]]],[[[135.8541,35.6253],[135.854,35.6253],[135.854,35.6253],[135.8541,35.6253]]],[[[135.8535,35.6253],[135.8534,35.6253],[135.8534,35.6254],[135.8535,35.6253]]],[[[135.8538,35.6253],[135.8538,35.6253],[135.8537,35.6254],[135.8538,35.6253]]],[[[135.8536,35.6256],[135.8536,35.6255],[135.8536,35.6256],[135.8536,35.6256]]],[[[135.8534,35.6257],[135.8534,35.6256],[135.8532,35.6256],[135.8534,35.6257]]],[[[135.853,35.6256],[135.8529,35.6256],[135.8529,35.6257],[135.853,35.6256]]],[[[135.8536,35.6258],[135.8536,35.6258],[135.8537,35.6258],[135.8536,35.6258]]],[[[135.9006,35.5917],[135.9038,35.591],[135.9061,35.5889],[135.9055,35.5879],[135.9041,35.5873],[135.9002,35.589],[135.8975,35.5919],[135.8988,35.5929],[135.901,35.5927],[135.9006,35.5917]]],[[[136.0091,35.6777],[136.0106,35.6758],[136.0096,35.6742],[136.0095,35.6698],[136.0137,35.667],[136.0131,35.6651],[136.0081,35.6609],[136.0065,35.6582],[136.0014,35.6544],[135.9987,35.6538],[135.9982,35.6524],[136.0012,35.6471],[136.0042,35.6458],[136.0057,35.6369],[136.0085,35.6339],[136.0091,35.6315],[136.0069,35.6276],[136.0073,35.6177],[136.0059,35.616],[136.0062,35.6136],[136.0094,35.6091],[136.0082,35.6074],[136.0069,35.5975],[136.0045,35.5959],[136.0094,35.5858],[136.0121,35.5849],[136.0187,35.587],[136.0236,35.5862],[136.0252,35.5873],[136.0271,35.5826],[136.0263,35.5809],[136.0292,35.578],[136.0298,35.573],[136.0295,35.5687],[136.0271,35.5648],[136.0247,35.5632],[136.0228,35.5585],[136.0252,35.5509],[136.0239,35.5456],[136.025,35.5436],[136.0277,35.5425],[136.0261,35.527],[136.0276,35.5262],[136.0273,35.5249],[136.0288,35.5234],[136.0234,35.5199],[136.0203,35.512],[136.0151,35.5117],[136.0151,35.5087],[136.0117,35.5048],[136.0123,35.5035],[136.0108,35.4997],[136.0114,35.4971],[136.0089,35.4939],[136.0071,35.4933],[136.0067,35.4918],[136.0042,35.4909],[136.0021,35.492],[135.9978,35.4914],[135.9967,35.4926],[135.9938,35.4915],[135.9895,35.4927],[135.9814,35.4866],[135.9726,35.5002],[135.9672,35.503],[135.9627,35.5013],[135.9576,35.506],[135.9544,35.5057],[135.9518,35.5072],[135.9517,35.5116],[135.947,35.5205],[135.9512,35.5247],[135.9542,35.5262],[135.9529,35.5327],[135.954,35.5357],[135.9509,35.5447],[135.9449,35.551],[135.9462,35.5553],[135.9426,35.5618],[135.9439,35.5654],[135.942,35.5675],[135.9405,35.5737],[135.9372,35.5759],[135.9367,35.5775],[135.9316,35.5797],[135.9206,35.5794],[135.9168,35.5808],[135.9152,35.5828],[135.9164,35.5844],[135.9125,35.5861],[135.9126,35.5874],[135.9109,35.5886],[135.9077,35.5896],[135.9086,35.5913],[135.9074,35.5917],[135.9087,35.5943],[135.9054,35.6006],[135.9031,35.5982],[135.9013,35.5982],[135.902,35.6031],[135.9012,35.6042],[135.8975,35.6012],[135.894,35.6006],[135.8892,35.5978],[135.8853,35.5989],[135.8818,35.6067],[135.8789,35.6086],[135.8741,35.6073],[135.8747,35.604],[135.8706,35.6013],[135.8645,35.6029],[135.8608,35.6065],[135.8559,35.6078],[135.8482,35.6147],[135.8481,35.6176],[135.8399,35.627],[135.8409,35.633],[135.8394,35.6348],[135.834,35.6345],[135.8217,35.6413],[135.8172,35.641],[135.8146,35.6422],[135.816,35.6422],[135.8188,35.6441],[135.8214,35.6438],[135.8228,35.6442],[135.8242,35.6434],[135.8251,35.6433],[135.8252,35.6415],[135.826,35.6403],[135.8276,35.6394],[135.8277,35.6388],[135.8314,35.6386],[135.8353,35.6362],[135.8371,35.6364],[135.8398,35.6378],[135.8405,35.637],[135.8462,35.6354],[135.8449,35.6342],[135.8455,35.6326],[135.8447,35.6309],[135.8448,35.6288],[135.8436,35.6281],[135.8433,35.6277],[135.8437,35.6264],[135.8463,35.6241],[135.8486,35.6228],[135.8494,35.6233],[135.8507,35.6231],[135.8521,35.6236],[135.8537,35.6251],[135.8586,35.6234],[135.8593,35.6237],[135.859,35.6234],[135.8602,35.6212],[135.8592,35.6197],[135.8572,35.6193],[135.8568,35.6149],[135.8591,35.6111],[135.8609,35.6104],[135.8649,35.6107],[135.8658,35.6088],[135.8676,35.6081],[135.8769,35.6104],[135.8794,35.6161],[135.8832,35.6166],[135.8851,35.6178],[135.8889,35.6156],[135.8904,35.6134],[135.8921,35.6133],[135.8915,35.6121],[135.8936,35.6117],[135.8938,35.6119],[135.8934,35.6122],[135.8935,35.6132],[135.8938,35.612],[135.8955,35.6139],[135.8935,35.6136],[135.893,35.6142],[135.8956,35.6142],[135.8964,35.6153],[135.895,35.6189],[135.8943,35.6198],[135.8956,35.622],[135.898,35.6225],[135.8988,35.624],[135.9002,35.6236],[135.9047,35.6235],[135.9072,35.6246],[135.9069,35.6253],[135.9082,35.6232],[135.9083,35.623],[135.9079,35.6191],[135.9106,35.617],[135.9079,35.6187],[135.9078,35.6165],[135.9083,35.6166],[135.9088,35.6166],[135.9076,35.6163],[135.9088,35.6163],[135.9076,35.616],[135.908,35.6147],[135.9098,35.6132],[135.9112,35.6139],[135.9127,35.6131],[135.9125,35.61],[135.9181,35.6091],[135.9262,35.6102],[135.9388,35.6146],[135.9409,35.6178],[135.9399,35.6178],[135.9399,35.6184],[135.9402,35.6186],[135.9401,35.619],[135.942,35.619],[135.9439,35.6201],[135.9446,35.6209],[135.9448,35.6236],[135.9449,35.6238],[135.9473,35.6246],[135.9513,35.6279],[135.9496,35.6308],[135.9478,35.6317],[135.9499,35.6339],[135.9549,35.6342],[135.9539,35.6313],[135.9546,35.6291],[135.9567,35.6274],[135.9601,35.6263],[135.96,35.6258],[135.9611,35.6247],[135.9625,35.6248],[135.9608,35.6246],[135.9614,35.6236],[135.9624,35.6245],[135.9616,35.6234],[135.9623,35.6225],[135.9668,35.622],[135.9708,35.6231],[135.9743,35.6248],[135.9788,35.6279],[135.983,35.6332],[135.9855,35.6382],[135.9861,35.6425],[135.9825,35.646],[135.9805,35.6472],[135.9801,35.6489],[135.9763,35.651],[135.9746,35.6546],[135.9712,35.6564],[135.9687,35.6556],[135.968,35.6563],[135.9669,35.6549],[135.9682,35.6556],[135.9673,35.6545],[135.9687,35.6539],[135.9677,35.6533],[135.9659,35.6556],[135.9631,35.6571],[135.9668,35.6597],[135.9669,35.6609],[135.9661,35.6625],[135.9669,35.6667],[135.9668,35.6671],[135.9689,35.6692],[135.9687,35.6721],[135.9653,35.6744],[135.9683,35.6742],[135.9723,35.6767],[135.9772,35.6854],[135.976,35.696],[135.9754,35.6983],[135.9735,35.7013],[135.9711,35.7041],[135.9691,35.704],[135.9707,35.7042],[135.9706,35.7092],[135.9707,35.7074],[135.9727,35.7077],[135.9707,35.7121],[135.9639,35.7099],[135.9606,35.7052],[135.9622,35.7042],[135.9644,35.7067],[135.9659,35.7067],[135.9662,35.7011],[135.9608,35.6998],[135.9597,35.7018],[135.9582,35.7024],[135.9558,35.7029],[135.9559,35.7041],[135.9569,35.7038],[135.9582,35.7045],[135.9591,35.7055],[135.9596,35.707],[135.9596,35.7081],[135.9585,35.711],[135.9589,35.7122],[135.9587,35.7134],[135.9592,35.7148],[135.9591,35.7152],[135.9596,35.7162],[135.9592,35.7169],[135.9567,35.7189],[135.9553,35.7197],[135.9553,35.7197],[135.9552,35.7197],[135.9552,35.7197],[135.9544,35.7201],[135.9541,35.7212],[135.9582,35.7267],[135.9618,35.7275],[135.9621,35.7296],[135.9646,35.7301],[135.9688,35.7248],[135.9859,35.7244],[135.9913,35.7267],[135.9954,35.726],[136.0053,35.73],[136.0095,35.7281],[136.0106,35.7259],[136.0126,35.7249],[136.0136,35.7174],[136.0102,35.7084],[136.0123,35.7071],[136.0103,35.7014],[136.0128,35.6973],[136.0113,35.6961],[136.0107,35.6934],[136.012,35.6893],[136.0109,35.6876],[136.0129,35.684],[136.0091,35.6777]]],[[[135.9125,35.6134],[135.9125,35.6133],[135.9125,35.6134],[135.9125,35.6134]]],[[[135.9125,35.6135],[135.9125,35.6135],[135.9124,35.6135],[135.9125,35.6135]]],[[[135.9121,35.6136],[135.912,35.6138],[135.9122,35.6138],[135.9121,35.6136]]],[[[135.9124,35.6138],[135.9125,35.6138],[135.9124,35.6137],[135.9124,35.6138]]],[[[135.9123,35.6139],[135.9123,35.6139],[135.9123,35.6138],[135.9123,35.6139]]],[[[135.9398,35.6183],[135.9397,35.6184],[135.9398,35.6184],[135.9398,35.6183]]],[[[135.9397,35.6186],[135.9397,35.6186],[135.9396,35.6186],[135.9397,35.6186]]],[[[135.9401,35.6187],[135.9401,35.6186],[135.9401,35.6187],[135.9401,35.6187]]],[[[135.9396,35.6188],[135.9396,35.6189],[135.9396,35.6189],[135.9396,35.6188]]],[[[135.94,35.6189],[135.9401,35.6189],[135.94,35.6189],[135.94,35.6189]]],[[[135.9409,35.6191],[135.9409,35.619],[135.9409,35.6191],[135.9409,35.6191]]],[[[135.9401,35.6191],[135.94,35.6191],[135.94,35.6191],[135.9401,35.6191]]],[[[135.9408,35.6192],[135.9408,35.6192],[135.9408,35.6191],[135.9408,35.6192]]],[[[135.9405,35.6192],[135.9406,35.6193],[135.9406,35.6192],[135.9405,35.6192]]],[[[135.9403,35.6192],[135.9404,35.6192],[135.9403,35.6192],[135.9403,35.6192]]],[[[135.94,35.6192],[135.94,35.6192],[135.9401,35.6193],[135.94,35.6192]]],[[[135.9403,35.6193],[135.9404,35.6193],[135.9404,35.6193],[135.9403,35.6193]]],[[[135.9405,35.6194],[135.9405,35.6194],[135.9406,35.6194],[135.9405,35.6194]]],[[[135.9399,35.6194],[135.94,35.6194],[135.94,35.6194],[135.9399,35.6194]]],[[[135.9401,35.6194],[135.9401,35.6194],[135.9401,35.6195],[135.9401,35.6194]]],[[[135.9428,35.6196],[135.9429,35.6196],[135.9428,35.6195],[135.9428,35.6196]]],[[[135.94,35.6196],[135.9401,35.6196],[135.94,35.6195],[135.94,35.6196]]],[[[135.9434,35.6201],[135.9435,35.62],[135.9434,35.62],[135.9434,35.6201]]],[[[135.9437,35.6206],[135.9436,35.6205],[135.9436,35.6206],[135.9437,35.6206]]],[[[135.8973,35.623],[135.8974,35.623],[135.8973,35.623],[135.8973,35.623]]],[[[135.9083,35.6232],[135.9082,35.6232],[135.9082,35.6233],[135.9083,35.6232]]],[[[135.944,35.6232],[135.9441,35.6233],[135.9441,35.6232],[135.944,35.6232]]],[[[135.9085,35.6234],[135.9085,35.6234],[135.9085,35.6234],[135.9085,35.6234]]],[[[135.9002,35.6237],[135.9002,35.6237],[135.9001,35.6237],[135.9002,35.6237]]],[[[135.9004,35.6238],[135.9005,35.6238],[135.9004,35.6237],[135.9004,35.6238]]],[[[135.9441,35.6238],[135.9442,35.6238],[135.9442,35.6237],[135.9441,35.6238]]],[[[135.904,35.6238],[135.904,35.6238],[135.9039,35.6238],[135.904,35.6238]]],[[[135.9,35.6238],[135.9,35.6239],[135.9,35.6239],[135.9,35.6238]]],[[[135.9014,35.6239],[135.9013,35.6239],[135.9014,35.6239],[135.9014,35.6239]]],[[[135.8978,35.624],[135.8977,35.6239],[135.8977,35.624],[135.8978,35.624]]],[[[135.9047,35.624],[135.9047,35.624],[135.9048,35.624],[135.9047,35.624]]],[[[135.898,35.624],[135.898,35.624],[135.898,35.624],[135.898,35.624]]],[[[135.9021,35.6241],[135.9021,35.624],[135.902,35.624],[135.9021,35.6241]]],[[[135.8985,35.624],[135.8983,35.624],[135.8984,35.6241],[135.8985,35.624]]],[[[135.8982,35.6241],[135.8981,35.6241],[135.8982,35.6241],[135.8982,35.6241]]],[[[135.8982,35.6243],[135.8981,35.6242],[135.8981,35.6243],[135.8982,35.6243]]],[[[135.902,35.6243],[135.9021,35.6244],[135.9021,35.6243],[135.902,35.6243]]],[[[135.9022,35.6244],[135.9022,35.6244],[135.9022,35.6243],[135.9022,35.6244]]],[[[135.8986,35.6244],[135.8987,35.6245],[135.8987,35.6244],[135.8986,35.6244]]],[[[135.898,35.6245],[135.8981,35.6246],[135.8982,35.6245],[135.898,35.6245]]],[[[135.9076,35.6246],[135.9076,35.6246],[135.9076,35.6246],[135.9076,35.6246]]],[[[135.9051,35.6247],[135.905,35.6247],[135.9051,35.6247],[135.9051,35.6247]]],[[[135.9075,35.6247],[135.9076,35.6248],[135.9076,35.6247],[135.9075,35.6247]]],[[[135.8987,35.6248],[135.8987,35.6247],[135.8986,35.6248],[135.8987,35.6248]]],[[[135.8989,35.6248],[135.8989,35.6248],[135.8989,35.6249],[135.8989,35.6248]]],[[[135.908,35.6249],[135.9079,35.6249],[135.9079,35.6249],[135.908,35.6249]]],[[[135.905,35.6249],[135.9051,35.6249],[135.9051,35.6249],[135.905,35.6249]]],[[[135.9075,35.6251],[135.9074,35.6248],[135.9072,35.6254],[135.9075,35.6251]]],[[[135.9077,35.6251],[135.9077,35.6252],[135.9077,35.6252],[135.9077,35.6251]]],[[[135.9071,35.6253],[135.9072,35.6253],[135.9072,35.6253],[135.9071,35.6253]]],[[[135.9023,35.6253],[135.9024,35.6253],[135.9024,35.6253],[135.9023,35.6253]]],[[[135.9077,35.6253],[135.9077,35.6254],[135.9078,35.6253],[135.9077,35.6253]]],[[[135.9074,35.6255],[135.9074,35.6255],[135.9074,35.6254],[135.9074,35.6255]]],[[[135.9075,35.6256],[135.9076,35.6256],[135.9076,35.6255],[135.9075,35.6256]]],[[[135.9443,35.6216],[135.9442,35.6215],[135.9442,35.6216],[135.9443,35.6216]]],[[[135.9446,35.6223],[135.9445,35.6224],[135.9445,35.6224],[135.9446,35.6223]]],[[[135.9444,35.6226],[135.9444,35.6226],[135.9443,35.6226],[135.9444,35.6226]]],[[[135.9443,35.6229],[135.9445,35.623],[135.9445,35.6229],[135.9443,35.6229]]],[[[135.9447,35.6231],[135.9447,35.6231],[135.9448,35.6231],[135.9447,35.6231]]],[[[135.9445,35.6231],[135.9443,35.6232],[135.9444,35.6233],[135.9445,35.6231]]],[[[135.9447,35.6234],[135.9447,35.6235],[135.9447,35.6235],[135.9447,35.6234]]],[[[135.9448,35.6236],[135.9447,35.6236],[135.9448,35.6237],[135.9448,35.6236]]],[[[135.9444,35.6238],[135.9444,35.6237],[135.9443,35.6237],[135.9444,35.6238]]],[[[135.9451,35.624],[135.9451,35.6239],[135.945,35.624],[135.9451,35.624]]],[[[135.9444,35.624],[135.9444,35.6241],[135.9444,35.624],[135.9444,35.624]]],[[[135.9474,35.6249],[135.9475,35.625],[135.9475,35.6249],[135.9474,35.6249]]],[[[135.948,35.6255],[135.9479,35.6255],[135.948,35.6256],[135.948,35.6255]]],[[[135.9478,35.6257],[135.9477,35.6256],[135.9477,35.6257],[135.9478,35.6257]]],[[[135.9482,35.6261],[135.9482,35.6262],[135.9483,35.6262],[135.9482,35.6261]]],[[[135.9478,35.6262],[135.9478,35.6263],[135.9479,35.6264],[135.9478,35.6262]]],[[[135.9482,35.6265],[135.9481,35.6265],[135.9481,35.6265],[135.9482,35.6265]]],[[[135.9479,35.6266],[135.9479,35.6266],[135.9479,35.6266],[135.9479,35.6266]]],[[[135.9503,35.6271],[135.9503,35.6271],[135.9503,35.6271],[135.9503,35.6271]]],[[[135.9477,35.631],[135.9477,35.6309],[135.9476,35.631],[135.9477,35.631]]],[[[135.9483,35.6311],[135.9485,35.6309],[135.9483,35.6309],[135.9483,35.6311]]],[[[135.948,35.6313],[135.9481,35.6314],[135.9481,35.6313],[135.948,35.6313]]],[[[135.9479,35.632],[135.9479,35.632],[135.9479,35.6319],[135.9479,35.632]]],[[[135.9477,35.6322],[135.9478,35.6322],[135.9478,35.6321],[135.9477,35.6322]]],[[[135.9479,35.6323],[135.9479,35.6322],[135.9479,35.6322],[135.9479,35.6323]]],[[[135.9474,35.6323],[135.9475,35.6323],[135.9475,35.6323],[135.9474,35.6323]]],[[[135.9481,35.6324],[135.9482,35.6324],[135.9482,35.6323],[135.9481,35.6324]]],[[[135.948,35.6324],[135.9479,35.6324],[135.948,35.6324],[135.948,35.6324]]],[[[135.9483,35.6325],[135.9482,35.6325],[135.9483,35.6326],[135.9483,35.6325]]],[[[135.948,35.6325],[135.948,35.6326],[135.9481,35.6326],[135.948,35.6325]]],[[[135.9477,35.6326],[135.9476,35.6327],[135.9477,35.6327],[135.9477,35.6326]]],[[[135.9484,35.6328],[135.9484,35.6327],[135.9484,35.6328],[135.9484,35.6328]]],[[[135.9478,35.6328],[135.9478,35.6328],[135.9478,35.6327],[135.9478,35.6328]]],[[[135.9476,35.6329],[135.9476,35.633],[135.9477,35.6329],[135.9476,35.6329]]],[[[135.9484,35.6333],[135.9485,35.6334],[135.9485,35.6333],[135.9484,35.6333]]],[[[135.9494,35.6338],[135.9494,35.6338],[135.9493,35.6338],[135.9494,35.6338]]],[[[135.9499,35.634],[135.9499,35.6339],[135.9498,35.6339],[135.9499,35.634]]],[[[135.9496,35.6341],[135.9496,35.634],[135.9492,35.6341],[135.9496,35.6341]]],[[[135.9497,35.6341],[135.9497,35.6341],[135.9497,35.6341],[135.9497,35.6341]]],[[[135.95,35.634],[135.9498,35.6341],[135.95,35.6343],[135.95,35.634]]],[[[135.9537,35.6342],[135.9537,35.6343],[135.9537,35.6343],[135.9537,35.6342]]],[[[135.9534,35.6343],[135.9533,35.6342],[135.9533,35.6343],[135.9534,35.6343]]],[[[135.9498,35.6343],[135.9498,35.6343],[135.9498,35.6342],[135.9498,35.6343]]],[[[135.9543,35.6343],[135.9543,35.6343],[135.9543,35.6343],[135.9543,35.6343]]],[[[135.9495,35.6343],[135.9494,35.6343],[135.9494,35.6343],[135.9495,35.6343]]],[[[135.9532,35.6345],[135.9531,35.6343],[135.953,35.6344],[135.9532,35.6345]]],[[[135.9545,35.6344],[135.9544,35.6345],[135.9545,35.6345],[135.9545,35.6344]]],[[[135.9547,35.6344],[135.9547,35.6345],[135.9547,35.6344],[135.9547,35.6344]]],[[[135.9501,35.6345],[135.9499,35.6344],[135.9498,35.6345],[135.9501,35.6345]]],[[[135.9507,35.6345],[135.9508,35.6345],[135.9507,35.6345],[135.9507,35.6345]]],[[[135.9487,35.6345],[135.9488,35.6345],[135.9487,35.6345],[135.9487,35.6345]]],[[[135.9528,35.6346],[135.9529,35.6347],[135.9529,35.6347],[135.9528,35.6346]]],[[[135.9537,35.6348],[135.9538,35.6345],[135.9535,35.6347],[135.9537,35.6348]]],[[[135.9538,35.6347],[135.9539,35.6347],[135.9539,35.6346],[135.9538,35.6347]]],[[[135.9544,35.7034],[135.9544,35.7035],[135.9544,35.7035],[135.9544,35.7034]]],[[[135.9536,35.7037],[135.9536,35.7037],[135.9536,35.7037],[135.9536,35.7037]]],[[[135.9539,35.7036],[135.9538,35.7037],[135.9539,35.7037],[135.9539,35.7036]]],[[[135.9528,35.7041],[135.9527,35.704],[135.9527,35.7041],[135.9528,35.7041]]],[[[135.9548,35.7041],[135.9547,35.7041],[135.9547,35.7042],[135.9548,35.7041]]],[[[135.9541,35.7221],[135.954,35.722],[135.9541,35.7221],[135.9541,35.7221]]],[[[135.9542,35.7223],[135.9541,35.7222],[135.9542,35.7223],[135.9542,35.7223]]],[[[135.9605,35.6257],[135.9605,35.6257],[135.9605,35.6257],[135.9605,35.6257]]],[[[135.9591,35.6267],[135.9591,35.6267],[135.9591,35.6267],[135.9591,35.6267]]],[[[135.955,35.6343],[135.9551,35.6344],[135.9551,35.6343],[135.955,35.6343]]],[[[135.9549,35.6344],[135.9549,35.6343],[135.9548,35.6343],[135.9549,35.6344]]],[[[135.9548,35.6346],[135.9547,35.6346],[135.9547,35.6346],[135.9548,35.6346]]],[[[135.9604,35.6996],[135.9605,35.6998],[135.9607,35.6996],[135.9604,35.6996]]],[[[135.9604,35.6998],[135.9601,35.6997],[135.9602,35.6999],[135.9604,35.6998]]],[[[135.9601,35.6999],[135.96,35.6999],[135.9601,35.6999],[135.9601,35.6999]]],[[[135.9599,35.7004],[135.9599,35.7004],[135.9599,35.7004],[135.9599,35.7004]]],[[[135.9579,35.7022],[135.9579,35.7022],[135.958,35.7022],[135.9579,35.7022]]],[[[135.9582,35.7023],[135.9581,35.7023],[135.9582,35.7023],[135.9582,35.7023]]],[[[135.9552,35.7025],[135.9553,35.7025],[135.9553,35.7025],[135.9552,35.7025]]],[[[135.9554,35.7026],[135.9554,35.7025],[135.9554,35.7026],[135.9554,35.7026]]],[[[135.9553,35.703],[135.9552,35.7029],[135.9552,35.703],[135.9553,35.703]]],[[[135.9553,35.7035],[135.9556,35.7034],[135.9555,35.7032],[135.9553,35.7035]]],[[[135.9548,35.7038],[135.9549,35.704],[135.955,35.7039],[135.9548,35.7038]]],[[[135.955,35.7041],[135.9551,35.7041],[135.9551,35.7041],[135.955,35.7041]]],[[[135.9552,35.7043],[135.9552,35.7044],[135.9553,35.7044],[135.9552,35.7043]]],[[[135.9573,35.7044],[135.9571,35.7043],[135.9572,35.7044],[135.9573,35.7044]]],[[[135.9578,35.7045],[135.9578,35.7045],[135.9578,35.7044],[135.9578,35.7045]]],[[[135.957,35.7045],[135.9569,35.7044],[135.9569,35.7045],[135.957,35.7045]]],[[[135.9581,35.7047],[135.9581,35.7047],[135.9581,35.7047],[135.9581,35.7047]]],[[[135.9585,35.7051],[135.9584,35.7049],[135.9582,35.705],[135.9585,35.7051]]],[[[135.9582,35.7053],[135.9581,35.7053],[135.9582,35.7054],[135.9582,35.7053]]],[[[135.959,35.7056],[135.959,35.7056],[135.959,35.7055],[135.959,35.7056]]],[[[135.959,35.706],[135.959,35.7062],[135.9591,35.7062],[135.959,35.706]]],[[[135.9594,35.7072],[135.9593,35.7073],[135.9594,35.7073],[135.9594,35.7072]]],[[[135.9595,35.7073],[135.9595,35.7074],[135.9596,35.7073],[135.9595,35.7073]]],[[[135.9593,35.7075],[135.9593,35.7074],[135.9592,35.7074],[135.9593,35.7075]]],[[[135.9594,35.7076],[135.9594,35.7075],[135.9594,35.7075],[135.9594,35.7076]]],[[[135.9589,35.7077],[135.959,35.7076],[135.959,35.7076],[135.9589,35.7077]]],[[[135.9595,35.7077],[135.9595,35.7077],[135.9595,35.7077],[135.9595,35.7077]]],[[[135.9589,35.7091],[135.9589,35.7091],[135.959,35.7091],[135.9589,35.7091]]],[[[135.9586,35.7091],[135.9585,35.7091],[135.9585,35.7092],[135.9586,35.7091]]],[[[135.9583,35.7092],[135.9584,35.7091],[135.9583,35.7091],[135.9583,35.7092]]],[[[135.9587,35.7093],[135.9588,35.7093],[135.9588,35.7092],[135.9587,35.7093]]],[[[135.9588,35.7097],[135.9587,35.7096],[135.9587,35.7097],[135.9588,35.7097]]],[[[135.9584,35.7105],[135.9585,35.7106],[135.9585,35.7105],[135.9584,35.7105]]],[[[135.9581,35.7107],[135.9582,35.7106],[135.9581,35.7106],[135.9581,35.7107]]],[[[135.9582,35.7109],[135.9583,35.7108],[135.9582,35.7107],[135.9582,35.7109]]],[[[135.9571,35.7111],[135.957,35.7109],[135.9569,35.7109],[135.9571,35.7111]]],[[[135.9571,35.7113],[135.9569,35.7113],[135.9569,35.7114],[135.9571,35.7113]]],[[[135.9587,35.7119],[135.9588,35.712],[135.9588,35.7119],[135.9587,35.7119]]],[[[135.958,35.7134],[135.9581,35.7135],[135.9581,35.7134],[135.958,35.7134]]],[[[135.9577,35.7139],[135.9577,35.7137],[135.9576,35.7137],[135.9577,35.7139]]],[[[135.9575,35.7139],[135.9574,35.7138],[135.9573,35.7139],[135.9575,35.7139]]],[[[135.9568,35.7141],[135.9569,35.7141],[135.9568,35.714],[135.9568,35.7141]]],[[[135.9586,35.7141],[135.9585,35.7141],[135.9585,35.7141],[135.9586,35.7141]]],[[[135.959,35.7142],[135.9589,35.7142],[135.9589,35.7142],[135.959,35.7142]]],[[[135.9591,35.7146],[135.959,35.7146],[135.9591,35.7146],[135.9591,35.7146]]],[[[135.9585,35.7148],[135.9589,35.7152],[135.9589,35.7151],[135.9585,35.7148]]],[[[135.9573,35.7169],[135.9573,35.717],[135.9574,35.7169],[135.9573,35.7169]]],[[[135.9581,35.7171],[135.9581,35.717],[135.9581,35.7171],[135.9581,35.7171]]],[[[135.9588,35.7171],[135.9588,35.7171],[135.9588,35.7171],[135.9588,35.7171]]],[[[135.9585,35.7172],[135.9585,35.7172],[135.9585,35.7173],[135.9585,35.7172]]],[[[135.9574,35.7173],[135.9574,35.7174],[135.9575,35.7174],[135.9574,35.7173]]],[[[135.9556,35.7191],[135.9556,35.719],[135.9556,35.719],[135.9556,35.7191]]],[[[135.9556,35.7192],[135.9556,35.7193],[135.9556,35.7192],[135.9556,35.7192]]],[[[135.9552,35.7234],[135.9552,35.7234],[135.9552,35.7234],[135.9552,35.7234]]],[[[135.9592,35.7273],[135.9593,35.7273],[135.9594,35.7272],[135.9592,35.7273]]],[[[135.9601,35.7273],[135.96,35.7273],[135.9601,35.7274],[135.9601,35.7273]]],[[[135.9611,35.6252],[135.9611,35.6251],[135.9611,35.6251],[135.9611,35.6252]]],[[[135.9612,35.6254],[135.9612,35.6254],[135.9612,35.6253],[135.9612,35.6254]]],[[[135.961,35.6254],[135.961,35.6254],[135.961,35.6254],[135.961,35.6254]]],[[[135.9606,35.6254],[135.9607,35.6254],[135.9607,35.6254],[135.9606,35.6254]]],[[[135.9612,35.6257],[135.9611,35.6256],[135.9611,35.6256],[135.9612,35.6257]]],[[[135.9652,35.6555],[135.9651,35.6556],[135.9652,35.6556],[135.9652,35.6555]]],[[[135.9653,35.6556],[135.9653,35.6556],[135.9654,35.6557],[135.9653,35.6556]]],[[[135.9652,35.6559],[135.965,35.6558],[135.9651,35.6559],[135.9652,35.6559]]],[[[135.9639,35.6561],[135.9638,35.656],[135.9637,35.6561],[135.9639,35.6561]]],[[[135.964,35.656],[135.9639,35.6561],[135.964,35.6561],[135.964,35.656]]],[[[135.963,35.6566],[135.9631,35.6565],[135.963,35.6565],[135.963,35.6566]]],[[[135.9612,35.6566],[135.9614,35.6566],[135.9614,35.6565],[135.9612,35.6566]]],[[[135.9621,35.6566],[135.962,35.6566],[135.962,35.6567],[135.9621,35.6566]]],[[[135.9617,35.6568],[135.9618,35.6567],[135.9617,35.6567],[135.9617,35.6568]]],[[[135.9621,35.6568],[135.962,35.6567],[135.962,35.6568],[135.9621,35.6568]]],[[[135.9628,35.6572],[135.9627,35.6572],[135.9627,35.6574],[135.9628,35.6572]]],[[[135.9642,35.6582],[135.9643,35.6581],[135.9641,35.6581],[135.9642,35.6582]]],[[[135.9644,35.6583],[135.9645,35.6582],[135.9644,35.6582],[135.9644,35.6583]]],[[[135.9649,35.6583],[135.9648,35.6583],[135.9647,35.6583],[135.9649,35.6583]]],[[[135.9658,35.6621],[135.9659,35.6621],[135.9659,35.662],[135.9658,35.6621]]],[[[135.9661,35.6623],[135.9661,35.6622],[135.966,35.6622],[135.9661,35.6623]]],[[[135.9657,35.6624],[135.9657,35.6624],[135.9657,35.6624],[135.9657,35.6624]]],[[[135.966,35.6626],[135.9659,35.6626],[135.9659,35.6626],[135.966,35.6626]]],[[[135.966,35.6628],[135.966,35.6628],[135.966,35.6627],[135.966,35.6628]]],[[[135.9661,35.6629],[135.9662,35.663],[135.9662,35.6629],[135.9661,35.6629]]],[[[135.9659,35.6629],[135.9658,35.6629],[135.9659,35.6631],[135.9659,35.6629]]],[[[135.9662,35.6632],[135.9662,35.6632],[135.9662,35.6632],[135.9662,35.6632]]],[[[135.9661,35.6634],[135.966,35.6634],[135.966,35.6634],[135.9661,35.6634]]],[[[135.9663,35.6634],[135.9662,35.6634],[135.9662,35.6634],[135.9663,35.6634]]],[[[135.9661,35.6636],[135.9661,35.6637],[135.9662,35.6637],[135.9661,35.6636]]],[[[135.9663,35.6638],[135.9663,35.6637],[135.9663,35.6637],[135.9663,35.6638]]],[[[135.9664,35.664],[135.9663,35.664],[135.9663,35.664],[135.9664,35.664]]],[[[135.9661,35.664],[135.9662,35.664],[135.9662,35.664],[135.9661,35.664]]],[[[135.9653,35.6656],[135.9653,35.6656],[135.9653,35.6655],[135.9653,35.6656]]],[[[135.9662,35.6672],[135.9663,35.6672],[135.9662,35.6671],[135.9662,35.6672]]],[[[135.9661,35.6734],[135.9661,35.6734],[135.9661,35.6734],[135.9661,35.6734]]],[[[135.9659,35.6734],[135.9659,35.6735],[135.966,35.6735],[135.9659,35.6734]]],[[[135.9654,35.6734],[135.9653,35.6735],[135.9654,35.6736],[135.9654,35.6734]]],[[[135.9652,35.6737],[135.9654,35.6736],[135.9651,35.6736],[135.9652,35.6737]]],[[[135.9659,35.6737],[135.9657,35.6737],[135.9658,35.6738],[135.9659,35.6737]]],[[[135.965,35.6738],[135.965,35.6738],[135.965,35.6737],[135.965,35.6738]]],[[[135.9643,35.6741],[135.9643,35.674],[135.9642,35.674],[135.9643,35.6741]]],[[[135.9647,35.674],[135.9647,35.6741],[135.9647,35.6741],[135.9647,35.674]]],[[[135.9643,35.6743],[135.9643,35.6743],[135.9643,35.6743],[135.9643,35.6743]]],[[[135.9651,35.6744],[135.965,35.6743],[135.965,35.6743],[135.9651,35.6744]]],[[[135.9644,35.6743],[135.9644,35.6744],[135.9645,35.6744],[135.9644,35.6743]]],[[[135.9651,35.6744],[135.9651,35.6745],[135.9651,35.6746],[135.9651,35.6744]]],[[[135.9635,35.6746],[135.9635,35.6746],[135.9636,35.6746],[135.9635,35.6746]]],[[[135.9642,35.6746],[135.9641,35.6746],[135.9642,35.6747],[135.9642,35.6746]]],[[[135.9656,35.6747],[135.9656,35.6746],[135.9655,35.6746],[135.9656,35.6747]]],[[[135.9661,35.6746],[135.9662,35.6747],[135.9663,35.6746],[135.9661,35.6746]]],[[[135.9644,35.6748],[135.9647,35.6747],[135.9647,35.6745],[135.9644,35.6748]]],[[[135.9651,35.6747],[135.9651,35.6746],[135.9651,35.6747],[135.9651,35.6747]]],[[[135.9658,35.6748],[135.9658,35.6748],[135.9658,35.6748],[135.9658,35.6748]]],[[[135.9654,35.6748],[135.9655,35.6749],[135.9655,35.6749],[135.9654,35.6748]]],[[[135.9661,35.6748],[135.966,35.6749],[135.9661,35.6749],[135.9661,35.6748]]],[[[135.9639,35.6749],[135.9638,35.6749],[135.9638,35.6749],[135.9639,35.6749]]],[[[135.9648,35.6752],[135.9648,35.6752],[135.9648,35.6752],[135.9648,35.6752]]],[[[135.9627,35.7299],[135.9627,35.7299],[135.9628,35.73],[135.9627,35.7299]]],[[[135.9643,35.7301],[135.9643,35.7301],[135.9644,35.7301],[135.9643,35.7301]]],[[[135.9632,35.7302],[135.9631,35.7302],[135.9632,35.7303],[135.9632,35.7302]]],[[[135.9718,35.6239],[135.9718,35.6239],[135.9717,35.6239],[135.9718,35.6239]]],[[[135.9719,35.624],[135.972,35.6239],[135.9719,35.6239],[135.9719,35.624]]],[[[135.9724,35.624],[135.9723,35.6241],[135.9724,35.6241],[135.9724,35.624]]],[[[135.972,35.6241],[135.9719,35.6242],[135.972,35.6242],[135.972,35.6241]]],[[[135.9736,35.6247],[135.9736,35.6246],[135.9736,35.6247],[135.9736,35.6247]]],[[[135.9736,35.6251],[135.9735,35.6251],[135.9736,35.6251],[135.9736,35.6251]]],[[[135.9823,35.6457],[135.9823,35.6457],[135.9822,35.6457],[135.9823,35.6457]]],[[[135.9822,35.6458],[135.9822,35.6458],[135.9821,35.6458],[135.9822,35.6458]]],[[[135.9825,35.6458],[135.9824,35.6458],[135.9824,35.6458],[135.9825,35.6458]]],[[[135.9792,35.6493],[135.9792,35.6492],[135.9791,35.6493],[135.9792,35.6493]]],[[[135.9788,35.6494],[135.9789,35.6493],[135.9788,35.6493],[135.9788,35.6494]]],[[[135.9782,35.6498],[135.9782,35.6498],[135.9783,35.6497],[135.9782,35.6498]]],[[[135.9766,35.6506],[135.9766,35.6506],[135.9765,35.6506],[135.9766,35.6506]]],[[[135.9666,35.6609],[135.9666,35.6609],[135.9666,35.6609],[135.9666,35.6609]]],[[[135.9664,35.6611],[135.9664,35.661],[135.9664,35.661],[135.9664,35.6611]]],[[[135.9666,35.6655],[135.9665,35.6655],[135.9665,35.6655],[135.9666,35.6655]]],[[[135.9665,35.6657],[135.9665,35.6657],[135.9665,35.6657],[135.9665,35.6657]]],[[[135.9666,35.6662],[135.9666,35.6662],[135.9666,35.6661],[135.9666,35.6662]]],[[[135.9666,35.6664],[135.9666,35.6663],[135.9665,35.6664],[135.9666,35.6664]]],[[[135.9667,35.6668],[135.9667,35.6667],[135.9666,35.6667],[135.9667,35.6668]]],[[[135.9665,35.667],[135.9665,35.667],[135.9665,35.6669],[135.9665,35.667]]],[[[135.9666,35.6671],[135.9666,35.6671],[135.9666,35.6671],[135.9666,35.6671]]],[[[135.9669,35.6675],[135.9669,35.6675],[135.9669,35.6675],[135.9669,35.6675]]],[[[135.9667,35.6677],[135.9668,35.6677],[135.9668,35.6677],[135.9667,35.6677]]],[[[135.967,35.6677],[135.967,35.6677],[135.967,35.6678],[135.967,35.6677]]],[[[135.9672,35.6678],[135.9672,35.6678],[135.9672,35.6677],[135.9672,35.6678]]],[[[135.9684,35.6704],[135.9685,35.6705],[135.9685,35.6704],[135.9684,35.6704]]],[[[135.9677,35.6723],[135.9677,35.6724],[135.9678,35.6724],[135.9677,35.6723]]],[[[135.9664,35.6746],[135.9665,35.6747],[135.9665,35.6746],[135.9664,35.6746]]],[[[135.9698,35.6755],[135.9699,35.6755],[135.9699,35.6754],[135.9698,35.6755]]],[[[135.9707,35.6761],[135.9707,35.6762],[135.9708,35.6761],[135.9707,35.6761]]],[[[135.9714,35.6763],[135.9714,35.6764],[135.9714,35.6763],[135.9714,35.6763]]],[[[135.9759,35.6835],[135.9757,35.6836],[135.9758,35.6836],[135.9759,35.6835]]],[[[135.9754,35.6835],[135.9754,35.6836],[135.9755,35.6836],[135.9754,35.6835]]],[[[135.9758,35.6838],[135.976,35.684],[135.976,35.6838],[135.9758,35.6838]]],[[[135.9763,35.6881],[135.9762,35.6881],[135.9762,35.6881],[135.9763,35.6881]]],[[[135.9765,35.6881],[135.9764,35.688],[135.9764,35.6882],[135.9765,35.6881]]],[[[135.9763,35.6883],[135.9762,35.6884],[135.9763,35.6884],[135.9763,35.6883]]],[[[135.9764,35.6884],[135.9764,35.6884],[135.9764,35.6884],[135.9764,35.6884]]],[[[135.9767,35.6885],[135.9767,35.6885],[135.9766,35.6884],[135.9767,35.6885]]],[[[135.9761,35.6885],[135.9762,35.6885],[135.9762,35.6885],[135.9761,35.6885]]],[[[135.9763,35.6885],[135.9764,35.6887],[135.9765,35.6885],[135.9763,35.6885]]],[[[135.9762,35.6887],[135.9762,35.6887],[135.9762,35.6887],[135.9762,35.6887]]],[[[135.976,35.6888],[135.976,35.6888],[135.976,35.6889],[135.976,35.6888]]],[[[135.9758,35.6889],[135.9759,35.6889],[135.9759,35.6888],[135.9758,35.6889]]],[[[135.9764,35.6891],[135.9764,35.6891],[135.9764,35.6891],[135.9764,35.6891]]],[[[135.9761,35.6895],[135.9761,35.6896],[135.9762,35.6895],[135.9761,35.6895]]],[[[135.9761,35.6897],[135.976,35.6897],[135.9761,35.6897],[135.9761,35.6897]]],[[[135.9759,35.6902],[135.976,35.6902],[135.976,35.6901],[135.9759,35.6902]]],[[[135.976,35.6914],[135.9761,35.6915],[135.9761,35.6914],[135.976,35.6914]]],[[[135.9759,35.6915],[135.976,35.6915],[135.9759,35.6914],[135.9759,35.6915]]],[[[135.9749,35.6984],[135.9747,35.6983],[135.9747,35.6985],[135.9749,35.6984]]],[[[135.9747,35.6989],[135.9748,35.699],[135.9748,35.699],[135.9747,35.6989]]],[[[135.9742,35.699],[135.9742,35.699],[135.9743,35.699],[135.9742,35.699]]],[[[135.9706,35.7038],[135.9704,35.7038],[135.9705,35.7039],[135.9706,35.7038]]]]}},{"type":"Feature","properties":{"code":"18481","name":"高浜町","pref_code":"18","pref":"福井県"},"geometry":{"type":"MultiPolygon","coordinates":[[[[135.5086,35.5037],[135.5087,35.5038],[135.5087,35.5037],[135.5086,35.5037]]],[[[135.5088,35.5038],[135.5088,35.5038],[135.5088,35.5038],[135.5088,35.5038]]],[[[135.5079,35.5077],[135.5079,35.5077],[135.5079,35.5077],[135.5079,35.5077]]],[[[135.5081,35.5078],[135.5081,35.5078],[135.5081,35.5078],[135.5081,35.5078]]],[[[135.5083,35.5078],[135.5083,35.5078],[135.5083,35.5079],[135.5083,35.5078]]],[[[135.5087,35.508],[135.5088,35.508],[135.5089,35.5081],[135.5087,35.508]]],[[[135.5088,35.5082],[135.5088,35.5082],[135.5088,35.5082],[135.5088,35.5082]]],[[[135.4813,35.522],[135.4813,35.5219],[135.4812,35.5219],[135.4813,35.522]]],[[[135.4811,35.522],[135.4812,35.522],[135.4811,35.5219],[135.4811,35.522]]],[[[135.481,35.522],[135.481,35.522],[135.481,35.522],[135.481,35.522]]],[[[135.4811,35.522],[135.4811,35.522],[135.4811,35.522],[135.4811,35.522]]],[[[135.4811,35.522],[135.4812,35.522],[135.4811,35.522],[135.4811,35.522]]],[[[135.481,35.5221],[135.481,35.522],[135.481,35.522],[135.481,35.5221]]],[[[135.4811,35.5221],[135.4811,35.522],[135.4811,35.522],[135.4811,35.5221]]],[[[135.4811,35.5221],[135.4811,35.5221],[135.4811,35.5221],[135.4811,35.5221]]],[[[135.481,35.5221],[135.4811,35.5221],[135.4811,35.5221],[135.481,35.5221]]],[[[135.4812,35.5222],[135.4812,35.5222],[135.4812,35.5222],[135.4812,35.5222]]],[[[135.4811,35.5223],[135.4811,35.5223],[135.4811,35.5223],[135.4811,35.5223]]],[[[135.4868,35.5225],[135.4868,35.5225],[135.4868,35.5225],[135.4868,35.5225]]],[[[135.4849,35.5229],[135.4849,35.5229],[135.4849,35.5229],[135.4849,35.5229]]],[[[135.4848,35.5229],[135.4849,35.5229],[135.4848,35.5229],[135.4848,35.5229]]],[[[135.485,35.5229],[135.485,35.5229],[135.4849,35.5229],[135.485,35.5229]]],[[[135.4848,35.523],[135.4848,35.5229],[135.4848,35.523],[135.4848,35.523]]],[[[135.4849,35.523],[135.4849,35.523],[135.4849,35.523],[135.4849,35.523]]],[[[135.4849,35.523],[135.4849,35.523],[135.4849,35.523],[135.4849,35.523]]],[[[135.485,35.523],[135.485,35.523],[135.485,35.523],[135.485,35.523]]],[[[135.4849,35.523],[135.4848,35.523],[135.4848,35.523],[135.4849,35.523]]],[[[135.4854,35.523],[135.4853,35.523],[135.4854,35.523],[135.4854,35.523]]],[[[135.4797,35.5231],[135.4797,35.5231],[135.4797,35.5231],[135.4797,35.5231]]],[[[135.4851,35.5231],[135.4851,35.5231],[135.4851,35.5231],[135.4851,35.5231]]],[[[135.4853,35.5231],[135.4851,35.5231],[135.4852,35.5232],[135.4853,35.5231]]],[[[135.4847,35.5232],[135.4846,35.5233],[135.4847,35.5234],[135.4847,35.5232]]],[[[135.4845,35.524],[135.4846,35.5238],[135.4843,35.5238],[135.4845,35.524]]],[[[135.4873,35.5251],[135.4872,35.5251],[135.4873,35.5252],[135.4873,35.5251]]],[[[135.4887,35.5257],[135.4886,35.5256],[135.4886,35.5258],[135.4887,35.5257]]],[[[135.5034,35.5305],[135.5034,35.5305],[135.5034,35.5305],[135.5034,35.5305]]],[[[135.4721,35.5339],[135.4722,35.5339],[135.4721,35.5339],[135.4721,35.5339]]],[[[135.4783,35.5342],[135.4783,35.5343],[135.4784,35.5343],[135.4783,35.5342]]],[[[135.5065,35.5357],[135.5062,35.5366],[135.5063,35.5366],[135.5065,35.5357]]],[[[135.4957,35.5399],[135.4957,35.54],[135.4957,35.54],[135.4957,35.5399]]],[[[135.4958,35.541],[135.4958,35.541],[135.4958,35.5411],[135.4959,35.541],[135.4958,35.541]]],[[[135.502,35.5427],[135.502,35.5427],[135.5021,35.5427],[135.502,35.5427]]],[[[135.502,35.5429],[135.502,35.5429],[135.502,35.5429],[135.502,35.5429]]],[[[135.5019,35.543],[135.5018,35.543],[135.5018,35.543],[135.5019,35.543]]],[[[135.5003,35.5456],[135.5003,35.5455],[135.5003,35.5456],[135.5003,35.5456]]],[[[135.5,35.5491],[135.4999,35.5491],[135.5,35.5492],[135.5,35.5491]]],[[[135.5059,35.5496],[135.5059,35.5496],[135.506,35.5495],[135.5059,35.5496]]],[[[135.5057,35.5496],[135.5058,35.5496],[135.5057,35.5496],[135.5057,35.5496]]],[[[135.5062,35.5496],[135.5061,35.5496],[135.5061,35.5496],[135.5062,35.5496]]],[[[135.5055,35.5497],[135.5055,35.5496],[135.5055,35.5497],[135.5055,35.5497]]],[[[135.5062,35.5497],[135.5062,35.5497],[135.5063,35.5497],[135.5062,35.5497]]],[[[135.4868,35.5576],[135.4867,35.558],[135.4869,35.5577],[135.4868,35.5576]]],[[[135.5126,35.5012],[135.5126,35.5012],[135.5126,35.5012],[135.5126,35.5012]]],[[[135.5125,35.5012],[135.5125,35.5012],[135.5125,35.5012],[135.5125,35.5012]]],[[[135.5125,35.5012],[135.5125,35.5012],[135.5125,35.5012],[135.5125,35.5012]]],[[[135.5126,35.5013],[135.5126,35.5012],[135.5126,35.5012],[135.5126,35.5013]]],[[[135.5129,35.5013],[135.5128,35.5012],[135.5129,35.5013],[135.5129,35.5013]]],[[[135.513,35.5013],[135.5129,35.5013],[135.513,35.5013],[135.513,35.5013]]],[[[135.5129,35.5013],[135.5129,35.5013],[135.5129,35.5013],[135.5129,35.5013]]],[[[135.5134,35.5013],[135.5134,35.5014],[135.5134,35.5013],[135.5134,35.5013]]],[[[135.514,35.5014],[135.514,35.5014],[135.514,35.5014],[135.514,35.5014]]],[[[135.5136,35.5015],[135.5136,35.5014],[135.5136,35.5014],[135.5136,35.5015]]],[[[135.5138,35.5015],[135.5138,35.5015],[135.5138,35.5015],[135.5138,35.5015]]],[[[135.5137,35.5015],[135.5137,35.5016],[135.5137,35.5016],[135.5137,35.5015]]],[[[135.5088,35.5038],[135.509,35.5038],[135.5089,35.5038],[135.5088,35.5038]]],[[[135.5088,35.5038],[135.5089,35.5039],[135.5089,35.5038],[135.5088,35.5038]]],[[[135.5089,35.5042],[135.5089,35.5042],[135.5089,35.5042],[135.5089,35.5042]]],[[[135.509,35.5042],[135.509,35.5042],[135.509,35.5042],[135.509,35.5042]]],[[[135.5089,35.5042],[135.5089,35.5042],[135.5089,35.5042],[135.5089,35.5042]]],[[[135.5089,35.5042],[135.509,35.5042],[135.5089,35.5042],[135.5089,35.5042]]],[[[135.509,35.5045],[135.5091,35.5044],[135.5088,35.5044],[135.509,35.5045]]],[[[135.5099,35.5087],[135.5098,35.5087],[135.5099,35.5087],[135.5099,35.5087]]],[[[135.5106,35.5087],[135.5106,35.5087],[135.5106,35.5088],[135.5106,35.5087]]],[[[135.5106,35.5089],[135.5106,35.5089],[135.5106,35.5088],[135.5106,35.5089]]],[[[135.5109,35.5091],[135.5109,35.5091],[135.5109,35.5091],[135.5109,35.5091]]],[[[135.5103,35.5094],[135.5104,35.5093],[135.5103,35.5093],[135.5103,35.5094]]],[[[135.5102,35.5095],[135.5103,35.5095],[135.5102,35.5095],[135.5102,35.5095]]],[[[135.5102,35.5096],[135.5103,35.5097],[135.5103,35.5096],[135.5102,35.5096]]],[[[135.5101,35.5098],[135.5101,35.5097],[135.5101,35.5097],[135.5101,35.5098]]],[[[135.5101,35.5098],[135.5101,35.5098],[135.5102,35.5098],[135.5101,35.5098]]],[[[135.5101,35.51],[135.5101,35.51],[135.51,35.51],[135.5101,35.51]]],[[[135.5101,35.5101],[135.5101,35.5102],[135.5101,35.5102],[135.5101,35.5101]]],[[[135.5103,35.5102],[135.5103,35.5102],[135.5103,35.5102],[135.5103,35.5102]]],[[[135.5102,35.5105],[135.5102,35.5104],[135.5102,35.5104],[135.5102,35.5105]]],[[[135.5122,35.5148],[135.5122,35.5148],[135.5122,35.5149],[135.5122,35.5148]]],[[[135.5123,35.5149],[135.5123,35.5149],[135.5124,35.5149],[135.5123,35.5149]]],[[[135.5133,35.5155],[135.5133,35.5155],[135.5133,35.5155],[135.5133,35.5155]]],[[[135.5132,35.5155],[135.5132,35.5155],[135.5132,35.5155],[135.5132,35.5155]]],[[[135.5135,35.5155],[135.5136,35.5156],[135.5136,35.5155],[135.5135,35.5155]]],[[[135.5134,35.5155],[135.5134,35.5156],[135.5134,35.5156],[135.5134,35.5155]]],[[[135.5137,35.5156],[135.5136,35.5156],[135.5136,35.5156],[135.5137,35.5156]]],[[[135.5133,35.5156],[135.5133,35.5156],[135.5133,35.5156],[135.5133,35.5156]]],[[[135.5138,35.5156],[135.5138,35.5156],[135.5138,35.5156],[135.5138,35.5156]]],[[[135.5134,35.5156],[135.5135,35.5157],[135.5135,35.5156],[135.5134,35.5156]]],[[[135.5138,35.5156],[135.5137,35.5157],[135.5137,35.5157],[135.5138,35.5156]]],[[[135.5136,35.5157],[135.5136,35.5157],[135.5136,35.5157],[135.5136,35.5157]]],[[[135.5136,35.516],[135.5136,35.5161],[135.5137,35.5161],[135.5136,35.516]]],[[[135.5137,35.5161],[135.5137,35.5161],[135.5137,35.5161],[135.5137,35.5161]]],[[[135.5138,35.5163],[135.5138,35.5163],[135.5138,35.5163],[135.5138,35.5163]]],[[[135.5139,35.5163],[135.5139,35.5164],[135.5139,35.5164],[135.5139,35.5163]]],[[[135.5139,35.5164],[135.5139,35.5164],[135.5138,35.5164],[135.5139,35.5164]]],[[[135.5138,35.5165],[135.5138,35.5165],[135.5139,35.5165],[135.5138,35.5165]]],[[[135.5103,35.549],[135.5103,35.5489],[135.5103,35.549],[135.5103,35.549]]],[[[135.5109,35.5491],[135.5109,35.5492],[135.5109,35.5491],[135.5109,35.5491]]],[[[135.5149,35.4965],[135.5149,35.4965],[135.5149,35.4965],[135.5149,35.4965]]],[[[135.5149,35.4966],[135.5149,35.4965],[135.5149,35.4965],[135.5149,35.4966]]],[[[135.515,35.4971],[135.515,35.4971],[135.515,35.4971],[135.515,35.4971]]],[[[135.5142,35.4973],[135.5142,35.4973],[135.5142,35.4973],[135.5142,35.4973]]],[[[135.5142,35.4975],[135.5142,35.4975],[135.5142,35.4975],[135.5142,35.4975]]],[[[135.5143,35.4975],[135.5143,35.4975],[135.5143,35.4975],[135.5143,35.4975]]],[[[135.5145,35.4998],[135.5145,35.4998],[135.5145,35.4998],[135.5145,35.4998]]],[[[135.5147,35.5],[135.5147,35.5],[135.5147,35.5],[135.5147,35.5]]],[[[135.5147,35.5],[135.5148,35.5],[135.5147,35.5],[135.5147,35.5]]],[[[135.5147,35.5001],[135.5147,35.5001],[135.5147,35.5001],[135.5147,35.5001]]],[[[135.5147,35.5001],[135.5147,35.5001],[135.5147,35.5001],[135.5147,35.5001]]],[[[135.5147,35.5003],[135.5147,35.5003],[135.5147,35.5003],[135.5147,35.5003]]],[[[135.5148,35.5003],[135.5147,35.5004],[135.5148,35.5003],[135.5148,35.5003]]],[[[135.5147,35.5004],[135.5145,35.5003],[135.5145,35.5004],[135.5147,35.5004]]],[[[135.5148,35.5005],[135.5148,35.5004],[135.5148,35.5004],[135.5148,35.5005]]],[[[135.515,35.5005],[135.5149,35.5004],[135.5149,35.5005],[135.515,35.5005]]],[[[135.5148,35.5005],[135.5148,35.5005],[135.5148,35.5005],[135.5148,35.5005]]],[[[135.5144,35.5005],[135.5143,35.5005],[135.5143,35.5005],[135.5144,35.5005]]],[[[135.5143,35.5005],[135.5143,35.5005],[135.5143,35.5005],[135.5143,35.5005]]],[[[135.5149,35.5006],[135.5148,35.5005],[135.5147,35.5005],[135.5149,35.5006]]],[[[135.5146,35.5005],[135.5146,35.5006],[135.5146,35.5006],[135.5146,35.5005]]],[[[135.5145,35.5005],[135.5145,35.5006],[135.5145,35.5005],[135.5145,35.5005]]],[[[135.5143,35.5006],[135.5143,35.5006],[135.5143,35.5006],[135.5143,35.5006]]],[[[135.5147,35.5007],[135.5147,35.5006],[135.5146,35.5006],[135.5147,35.5007]]],[[[135.5148,35.5007],[135.5148,35.5008],[135.5149,35.5008],[135.5148,35.5007]]],[[[135.5151,35.5008],[135.5151,35.5008],[135.515,35.5008],[135.5151,35.5008]]],[[[135.5149,35.5008],[135.5148,35.5008],[135.5148,35.5008],[135.5149,35.5008]]],[[[135.5144,35.5008],[135.5144,35.5008],[135.5144,35.5008],[135.5144,35.5008]]],[[[135.5143,35.5008],[135.5143,35.5008],[135.5143,35.5008],[135.5143,35.5008]]],[[[135.5149,35.5009],[135.5149,35.5009],[135.5149,35.5008],[135.5149,35.5009]]],[[[135.5151,35.5009],[135.515,35.501],[135.5151,35.501],[135.5151,35.5009]]],[[[135.5148,35.5011],[135.5148,35.5011],[135.5148,35.5011],[135.5148,35.5011]]],[[[135.5144,35.5011],[135.5144,35.5012],[135.5143,35.5012],[135.5143,35.5012],[135.5144,35.5012],[135.5144,35.5012],[135.5144,35.5011]]],[[[135.5143,35.5012],[135.5143,35.5012],[135.5143,35.5012],[135.5143,35.5012]]],[[[135.5143,35.5012],[135.5143,35.5012],[135.5143,35.5012],[135.5143,35.5012]]],[[[135.514,35.5012],[135.514,35.5013],[135.514,35.5013],[135.514,35.5012]]],[[[135.5144,35.5013],[135.5144,35.5013],[135.5144,35.5013],[135.5144,35.5013]]],[[[135.5142,35.5013],[135.5142,35.5014],[135.5142,35.5013],[135.5142,35.5013]]],[[[135.5141,35.5014],[135.5141,35.5014],[135.5141,35.5014],[135.5141,35.5014]]],[[[135.5143,35.5172],[135.5145,35.5173],[135.5145,35.5171],[135.5143,35.5172]]],[[[135.5147,35.5172],[135.5147,35.5172],[135.5147,35.5172],[135.5147,35.5172]]],[[[135.5148,35.5173],[135.5148,35.5173],[135.5148,35.5173],[135.5148,35.5173]]],[[[135.5146,35.5173],[135.5147,35.5173],[135.5146,35.5173],[135.5146,35.5173]]],[[[135.5149,35.5173],[135.5149,35.5173],[135.5149,35.5173],[135.5149,35.5173]]],[[[135.5148,35.5174],[135.5148,35.5173],[135.5148,35.5174],[135.5148,35.5174]]],[[[135.5142,35.5174],[135.5142,35.5174],[135.5142,35.5174],[135.5142,35.5174]]],[[[135.515,35.5175],[135.5152,35.5174],[135.5152,35.5173],[135.515,35.5175]]],[[[135.5149,35.5174],[135.5149,35.5175],[135.5149,35.5175],[135.5149,35.5174]]],[[[135.5151,35.5176],[135.5152,35.5175],[135.5151,35.5175],[135.5151,35.5176]]],[[[135.5149,35.5177],[135.5149,35.5177],[135.5149,35.5176],[135.5149,35.5177]]],[[[135.5152,35.5178],[135.5152,35.5178],[135.5152,35.5177],[135.5152,35.5178]]],[[[135.515,35.5178],[135.515,35.5178],[135.515,35.5178],[135.515,35.5178]]],[[[135.542,35.4966],[135.542,35.4967],[135.5421,35.4966],[135.542,35.4966]]],[[[135.5165,35.4967],[135.5165,35.4967],[135.5165,35.4967],[135.5165,35.4967]]],[[[135.5163,35.4968],[135.5163,35.4968],[135.5163,35.4968],[135.5163,35.4968]]],[[[135.542,35.4969],[135.5422,35.4969],[135.5422,35.4968],[135.542,35.4969]]],[[[135.516,35.497],[135.516,35.497],[135.516,35.4969],[135.516,35.497]]],[[[135.5161,35.497],[135.5161,35.497],[135.5161,35.497],[135.5161,35.497]]],[[[135.516,35.4973],[135.516,35.4974],[135.5161,35.4974],[135.516,35.4973]]],[[[135.5153,35.4977],[135.5153,35.4976],[135.5153,35.4976],[135.5153,35.4977]]],[[[135.5154,35.4977],[135.5154,35.4977],[135.5154,35.4977],[135.5154,35.4977]]],[[[135.5153,35.4977],[135.5152,35.4977],[135.5153,35.4978],[135.5153,35.4977]]],[[[135.5152,35.5003],[135.5153,35.5003],[135.5153,35.5003],[135.5152,35.5003]]],[[[135.5153,35.5003],[135.5153,35.5003],[135.5153,35.5003],[135.5153,35.5003]]],[[[135.5152,35.5003],[135.5152,35.5003],[135.5152,35.5003],[135.5152,35.5003]]],[[[135.5154,35.5004],[135.5154,35.5004],[135.5154,35.5004],[135.5154,35.5004]]],[[[135.527,35.5007],[135.5271,35.5007],[135.527,35.5006],[135.527,35.5007]]],[[[135.5037,35.5495],[135.5046,35.5503],[135.5049,35.5498],[135.5061,35.5495],[135.5071,35.5505],[135.5101,35.5488],[135.5154,35.5491],[135.5163,35.5513],[135.5183,35.5496],[135.5181,35.5477],[135.5186,35.547],[135.516,35.5402],[135.5164,35.5396],[135.5144,35.5362],[135.5144,35.5362],[135.5144,35.5362],[135.5144,35.5362],[135.5144,35.5362],[135.5144,35.5361],[135.5141,35.5358],[135.5168,35.5354],[135.5173,35.5343],[135.5131,35.5316],[135.5163,35.5302],[135.5167,35.5285],[135.5155,35.5284],[135.5155,35.5275],[135.5172,35.5264],[135.5126,35.5232],[135.5144,35.5212],[135.5145,35.5189],[135.5135,35.5181],[135.5136,35.5178],[135.5143,35.5172],[135.5108,35.5134],[135.511,35.5148],[135.509,35.5135],[135.5093,35.5109],[135.5096,35.5105],[135.51,35.5105],[135.5101,35.5104],[135.5104,35.5104],[135.5099,35.5102],[135.5099,35.5099],[135.5102,35.5092],[135.5106,35.5089],[135.5094,35.5087],[135.5075,35.5078],[135.5072,35.5062],[135.5087,35.5031],[135.5104,35.5009],[135.5144,35.5008],[135.5143,35.5005],[135.5146,35.5002],[135.5143,35.4997],[135.5147,35.4989],[135.5142,35.4997],[135.5131,35.4992],[135.514,35.4992],[135.5136,35.4984],[135.5142,35.4972],[135.5146,35.4968],[135.5155,35.4973],[135.5141,35.4962],[135.5189,35.4938],[135.5221,35.4938],[135.525,35.4918],[135.5365,35.4889],[135.5427,35.4909],[135.5423,35.4926],[135.5449,35.4926],[135.5444,35.4943],[135.5482,35.4944],[135.547,35.4934],[135.549,35.4926],[135.55,35.4928],[135.5499,35.4934],[135.5499,35.4934],[135.5499,35.4937],[135.55,35.4939],[135.5508,35.4929],[135.5515,35.4944],[135.5502,35.4943],[135.5492,35.4944],[135.5488,35.4945],[135.5511,35.4946],[135.5513,35.4965],[135.551,35.4971],[135.5519,35.4973],[135.553,35.497],[135.5525,35.4954],[135.5538,35.4955],[135.5533,35.4961],[135.5536,35.4964],[135.5551,35.4955],[135.5536,35.4934],[135.5561,35.4905],[135.5644,35.4903],[135.5678,35.4918],[135.5677,35.4935],[135.5717,35.4922],[135.5747,35.4933],[135.5757,35.495],[135.5746,35.495],[135.5739,35.4955],[135.5736,35.496],[135.576,35.4962],[135.5763,35.4949],[135.5778,35.4947],[135.5758,35.4971],[135.5727,35.4967],[135.5763,35.4974],[135.5771,35.4999],[135.5804,35.5001],[135.5807,35.5],[135.5774,35.4998],[135.5802,35.4993],[135.5795,35.4986],[135.5803,35.498],[135.5807,35.4993],[135.5817,35.4985],[135.5863,35.4995],[135.5924,35.5026],[135.599,35.5099],[135.5996,35.5116],[135.6009,35.5116],[135.6021,35.5138],[135.609,35.5099],[135.6085,35.5073],[135.6107,35.5063],[135.6083,35.5038],[135.6075,35.4985],[135.6035,35.4979],[135.6036,35.4939],[135.6063,35.4903],[135.5968,35.4921],[135.5922,35.4946],[135.5886,35.4929],[135.5841,35.4926],[135.581,35.49],[135.5923,35.4904],[135.5974,35.4886],[135.604,35.4833],[135.6052,35.4837],[135.604,35.4799],[135.6,35.4759],[135.6007,35.4734],[135.5998,35.4721],[135.5972,35.4713],[135.5969,35.4693],[135.5949,35.468],[135.5919,35.4686],[135.5906,35.4674],[135.5857,35.4665],[135.5799,35.4694],[135.5774,35.4677],[135.5739,35.4678],[135.5717,35.4661],[135.5691,35.4666],[135.5639,35.4654],[135.5614,35.4639],[135.561,35.4614],[135.5571,35.4603],[135.5555,35.4612],[135.5506,35.4599],[135.5498,35.4607],[135.5464,35.4592],[135.544,35.4605],[135.5415,35.4593],[135.5363,35.4599],[135.525,35.4556],[135.521,35.4607],[135.5162,35.463],[135.5069,35.4595],[135.4956,35.4497],[135.4916,35.4513],[135.4903,35.4496],[135.4871,35.4497],[135.4841,35.448],[135.4806,35.4482],[135.4736,35.4534],[135.4709,35.454],[135.4694,35.4582],[135.4651,35.4618],[135.4628,35.4622],[135.4583,35.4685],[135.4597,35.4707],[135.459,35.4732],[135.4625,35.4788],[135.4664,35.4821],[135.4669,35.484],[135.4696,35.4847],[135.4704,35.4891],[135.4727,35.49],[135.4748,35.488],[135.4762,35.4894],[135.4726,35.5012],[135.4762,35.5055],[135.4728,35.5083],[135.4668,35.5093],[135.4641,35.513],[135.4541,35.5181],[135.4522,35.5209],[135.4499,35.5208],[135.4494,35.5259],[135.4545,35.5341],[135.4542,35.5376],[135.4603,35.5439],[135.4605,35.5485],[135.4668,35.5519],[135.4866,35.5579],[135.4837,35.553],[135.48,35.5517],[135.4801,35.5503],[135.48,35.5502],[135.48,35.5516],[135.4786,35.5512],[135.479,35.5499],[135.4773,35.5489],[135.4799,35.5466],[135.4794,35.5435],[135.4762,35.5413],[135.4762,35.5427],[135.4751,35.5425],[135.4749,35.5413],[135.4733,35.5408],[135.4747,35.5381],[135.4721,35.5366],[135.4721,35.534],[135.47,35.5337],[135.4683,35.532],[135.4688,35.5303],[135.47,35.5296],[135.4736,35.532],[135.4732,35.5293],[135.4748,35.5294],[135.4754,35.533],[135.477,35.5328],[135.4777,35.5341],[135.4785,35.5337],[135.4814,35.5353],[135.4835,35.5343],[135.4838,35.5326],[135.4779,35.5259],[135.4799,35.5225],[135.4811,35.5219],[135.4828,35.522],[135.4844,35.5236],[135.4848,35.5229],[135.4867,35.5223],[135.4873,35.5226],[135.4865,35.5251],[135.4882,35.5247],[135.4888,35.5251],[135.4887,35.5291],[135.491,35.5306],[135.494,35.5275],[135.4929,35.5244],[135.4939,35.5238],[135.4929,35.5243],[135.4918,35.5236],[135.4926,35.523],[135.4949,35.5223],[135.4971,35.5249],[135.502,35.5241],[135.5034,35.5267],[135.5026,35.5286],[135.5036,35.5305],[135.5034,35.5307],[135.5022,35.5308],[135.5028,35.5333],[135.5058,35.5329],[135.5074,35.5352],[135.5099,35.5346],[135.5074,35.5389],[135.5067,35.5377],[135.5068,35.5387],[135.5039,35.5399],[135.4942,35.5386],[135.4961,35.5397],[135.4956,35.5409],[135.4958,35.541],[135.4958,35.541],[135.4958,35.541],[135.5022,35.5424],[135.5022,35.5428],[135.5016,35.5441],[135.4994,35.5475],[135.5003,35.5487],[135.5,35.5495],[135.4988,35.5503],[135.499,35.5538],[135.502,35.5536],[135.5037,35.5495]]],[[[135.5153,35.5174],[135.5154,35.5174],[135.5154,35.5174],[135.5153,35.5174]]],[[[135.5153,35.5175],[135.5152,35.5176],[135.5152,35.5176],[135.5153,35.5175]]],[[[135.5156,35.5176],[135.5156,35.5176],[135.5156,35.5175],[135.5156,35.5176]]],[[[135.5154,35.5177],[135.5154,35.5176],[135.5153,35.5176],[135.5154,35.5177]]],[[[135.5159,35.5176],[135.516,35.5177],[135.516,35.5176],[135.5159,35.5176]]],[[[135.5157,35.5178],[135.5155,35.5176],[135.5154,35.5177],[135.5157,35.5178]]],[[[135.516,35.5177],[135.516,35.5177],[135.516,35.5177],[135.516,35.5177]]],[[[135.5159,35.5177],[135.5157,35.5182],[135.516,35.5182],[135.5159,35.5177]]],[[[135.5157,35.5182],[135.5157,35.5183],[135.5158,35.5182],[135.5157,35.5182]]],[[[135.516,35.5183],[135.5161,35.5183],[135.5161,35.5183],[135.516,35.5183]]],[[[135.5156,35.528],[135.5156,35.5279],[135.5156,35.528],[135.5156,35.528]]],[[[135.5203,35.5335],[135.5204,35.5333],[135.5203,35.5332],[135.5203,35.5335]]],[[[135.5204,35.5334],[135.5204,35.5335],[135.5205,35.5335],[135.5204,35.5334]]],[[[135.5206,35.5343],[135.5205,35.5342],[135.5204,35.5344],[135.5206,35.5343]]],[[[135.5208,35.5344],[135.5208,35.5343],[135.5207,35.5343],[135.5208,35.5344]]],[[[135.5185,35.5346],[135.5185,35.5346],[135.5185,35.5346],[135.5185,35.5346]]],[[[135.5185,35.5346],[135.5184,35.5347],[135.5185,35.5347],[135.5185,35.5346]]],[[[135.5184,35.5348],[135.5185,35.5347],[135.5184,35.5347],[135.5184,35.5348]]],[[[135.5189,35.5349],[135.5189,35.5349],[135.5189,35.5349],[135.5189,35.5349]]],[[[135.5188,35.5349],[135.5189,35.5349],[135.5189,35.5349],[135.5188,35.5349]]],[[[135.5174,35.5354],[135.5174,35.5353],[135.5174,35.5353],[135.5174,35.5354]]],[[[135.519,35.5354],[135.519,35.5354],[135.519,35.5354],[135.519,35.5354]]],[[[135.5175,35.5354],[135.5175,35.5354],[135.5175,35.5354],[135.5175,35.5354]]],[[[135.5189,35.5354],[135.5189,35.5354],[135.5189,35.5354],[135.5189,35.5354]]],[[[135.5188,35.5347],[135.5175,35.5356],[135.5183,35.5361],[135.5188,35.5354],[135.5188,35.5347]]],[[[135.5175,35.5356],[135.5175,35.5356],[135.5175,35.5357],[135.5175,35.5356]]],[[[135.5186,35.5363],[135.5183,35.5364],[135.5183,35.5364],[135.5186,35.5363]]],[[[135.5186,35.5363],[135.5186,35.5364],[135.5186,35.5364],[135.5186,35.5363]]],[[[135.5165,35.5398],[135.5164,35.5399],[135.5165,35.5399],[135.5165,35.5398]]],[[[135.5162,35.54],[135.5163,35.54],[135.5163,35.54],[135.5162,35.54]]],[[[135.5177,35.5438],[135.5178,35.5438],[135.5178,35.5438],[135.5177,35.5438]]],[[[135.5183,35.5455],[135.5182,35.5455],[135.5182,35.5456],[135.5183,35.5455]]],[[[135.5185,35.5482],[135.5184,35.5481],[135.5183,35.5482],[135.5185,35.5482]]],[[[135.5186,35.5492],[135.5186,35.5492],[135.5186,35.5492],[135.5186,35.5492]]],[[[135.5154,35.5492],[135.5154,35.5493],[135.5154,35.5493],[135.5154,35.5492]]],[[[135.5186,35.55],[135.5186,35.5497],[135.5184,35.5497],[135.5186,35.55]]],[[[135.547,35.4951],[135.5472,35.4957],[135.549,35.4965],[135.5493,35.4962],[135.5471,35.4948],[135.5436,35.4959],[135.5458,35.4964],[135.5456,35.4956],[135.547,35.4951]]],[[[135.546,35.4957],[135.5461,35.4957],[135.5461,35.4956],[135.546,35.4957]]],[[[135.5459,35.4958],[135.5459,35.4958],[135.5459,35.4956],[135.5459,35.4958]]],[[[135.5464,35.4956],[135.5464,35.4958],[135.5465,35.4957],[135.5464,35.4956]]],[[[135.5462,35.4958],[135.5463,35.4958],[135.5463,35.4958],[135.5462,35.4958]]],[[[135.5461,35.4959],[135.5461,35.4958],[135.546,35.4959],[135.5461,35.4959]]],[[[135.555,35.4959],[135.5548,35.4959],[135.555,35.4961],[135.555,35.4959]]],[[[135.5544,35.4961],[135.5546,35.4962],[135.5546,35.4959],[135.5544,35.4961]]],[[[135.5547,35.4962],[135.5547,35.4962],[135.5547,35.4961],[135.5547,35.4962]]],[[[135.5466,35.4961],[135.5466,35.4962],[135.5467,35.4962],[135.5466,35.4961]]],[[[135.5465,35.4963],[135.5466,35.4964],[135.5466,35.4962],[135.5465,35.4963]]],[[[135.5548,35.4963],[135.5547,35.4963],[135.5547,35.4964],[135.5548,35.4963]]],[[[135.5426,35.4963],[135.5426,35.4963],[135.5425,35.4964],[135.5426,35.4963]]],[[[135.5505,35.4965],[135.5505,35.4963],[135.5505,35.4964],[135.5505,35.4965]]],[[[135.5429,35.4965],[135.543,35.4965],[135.5428,35.4964],[135.5429,35.4965]]],[[[135.554,35.4964],[135.554,35.4964],[135.554,35.4965],[135.554,35.4964]]],[[[135.5505,35.4964],[135.5507,35.4966],[135.5511,35.4963],[135.5505,35.4964]]],[[[135.5428,35.4965],[135.5428,35.4964],[135.5427,35.4965],[135.5428,35.4965]]],[[[135.5425,35.4965],[135.5425,35.4965],[135.5424,35.4965],[135.5425,35.4965]]],[[[135.5547,35.4964],[135.5546,35.4965],[135.5548,35.4965],[135.5547,35.4964]]],[[[135.5463,35.4965],[135.5464,35.4965],[135.5463,35.4965],[135.5463,35.4965]]],[[[135.5466,35.4965],[135.5467,35.4965],[135.5466,35.4965],[135.5466,35.4965]]],[[[135.5549,35.4965],[135.5549,35.4965],[135.5548,35.4965],[135.5549,35.4965]]],[[[135.5447,35.4966],[135.5448,35.4966],[135.5448,35.4965],[135.5447,35.4966]]],[[[135.5429,35.4965],[135.5429,35.4966],[135.543,35.4966],[135.5429,35.4965]]],[[[135.5427,35.4965],[135.5426,35.4965],[135.5426,35.4966],[135.5427,35.4965]]],[[[135.5454,35.4967],[135.5458,35.4966],[135.5456,35.4965],[135.5454,35.4967]]],[[[135.546,35.4965],[135.5459,35.4966],[135.5459,35.4967],[135.546,35.4965]]],[[[135.5443,35.4966],[135.5444,35.4966],[135.5444,35.4966],[135.5443,35.4966]]],[[[135.5503,35.4963],[135.5505,35.4969],[135.5505,35.4967],[135.5503,35.4963]]],[[[135.5426,35.4966],[135.5425,35.4966],[135.5425,35.4966],[135.5426,35.4966]]],[[[135.545,35.4967],[135.545,35.4967],[135.5451,35.4968],[135.545,35.4967]]],[[[135.5442,35.4967],[135.5441,35.4967],[135.5442,35.4968],[135.5442,35.4967]]],[[[135.5439,35.4967],[135.5438,35.4968],[135.5439,35.4968],[135.5439,35.4967]]],[[[135.5426,35.4968],[135.5427,35.4968],[135.5425,35.4967],[135.5426,35.4968]]],[[[135.5541,35.4968],[135.5541,35.4968],[135.554,35.4968],[135.5541,35.4968]]],[[[135.5425,35.4968],[135.5424,35.4968],[135.5425,35.4969],[135.5425,35.4968]]],[[[135.544,35.4969],[135.544,35.4969],[135.544,35.4968],[135.544,35.4969]]],[[[135.5437,35.4968],[135.5439,35.497],[135.5439,35.4969],[135.5437,35.4968]]],[[[135.5444,35.4969],[135.5441,35.4972],[135.5444,35.4972],[135.5444,35.4969]]],[[[135.5426,35.4971],[135.5425,35.4971],[135.5425,35.4971],[135.5426,35.4971]]],[[[135.544,35.4971],[135.544,35.4971],[135.5439,35.4972],[135.544,35.4971]]],[[[135.5422,35.4972],[135.5422,35.4972],[135.5422,35.4972],[135.5422,35.4972]]],[[[135.5439,35.4972],[135.5438,35.4974],[135.5441,35.4974],[135.5439,35.4972]]],[[[135.5436,35.4973],[135.5435,35.4973],[135.5435,35.4973],[135.5436,35.4973]]],[[[135.5443,35.4973],[135.5444,35.4974],[135.5443,35.4973],[135.5443,35.4973]]],[[[135.5521,35.4975],[135.5519,35.4975],[135.552,35.4975],[135.5521,35.4975]]],[[[135.5517,35.4975],[135.552,35.4978],[135.5522,35.4977],[135.5517,35.4975]]],[[[135.5438,35.4978],[135.5436,35.4979],[135.5436,35.498],[135.5438,35.4978]]],[[[135.5441,35.4981],[135.5439,35.498],[135.5438,35.498],[135.5441,35.4981]]],[[[135.5443,35.4981],[135.5444,35.4982],[135.5444,35.4981],[135.5443,35.4981]]],[[[135.5497,35.4986],[135.5508,35.4981],[135.5507,35.4979],[135.5497,35.4986]]],[[[135.5553,35.4952],[135.5552,35.4952],[135.5553,35.4952],[135.5553,35.4952]]],[[[135.5553,35.4955],[135.5554,35.4955],[135.5554,35.4954],[135.5553,35.4955]]],[[[135.5687,35.4963],[135.5685,35.4965],[135.5687,35.4966],[135.5687,35.4963]]],[[[135.5687,35.4967],[135.5687,35.4968],[135.5689,35.4967],[135.5687,35.4967]]],[[[135.5679,35.4977],[135.5689,35.4971],[135.568,35.4968],[135.5679,35.4977]]],[[[135.5686,35.4978],[135.5687,35.4978],[135.5687,35.4977],[135.5686,35.4978]]],[[[135.5606,35.4978],[135.561,35.498],[135.5608,35.4977],[135.5606,35.4978]]],[[[135.5687,35.4979],[135.5687,35.4979],[135.5688,35.4978],[135.5687,35.4979]]],[[[135.5763,35.498],[135.5763,35.498],[135.5763,35.4981],[135.5763,35.498]]],[[[135.5688,35.4983],[135.5688,35.4982],[135.5687,35.4983],[135.5688,35.4983]]],[[[135.569,35.4984],[135.5691,35.4982],[135.569,35.4983],[135.569,35.4984]]],[[[135.5695,35.4986],[135.5695,35.4985],[135.5694,35.4985],[135.5695,35.4986]]],[[[135.5692,35.4986],[135.5691,35.4985],[135.5691,35.4986],[135.5692,35.4986]]],[[[135.5686,35.499],[135.5687,35.4989],[135.5686,35.4989],[135.5686,35.499]]],[[[135.5691,35.4992],[135.5691,35.4988],[135.5688,35.499],[135.5691,35.4992]]],[[[135.5825,35.4992],[135.5826,35.4993],[135.5826,35.4992],[135.5825,35.4992]]],[[[135.5691,35.4993],[135.5691,35.4993],[135.5693,35.4992],[135.5691,35.4993]]],[[[135.5688,35.4993],[135.5688,35.4993],[135.5689,35.4992],[135.5688,35.4993]]],[[[135.5685,35.4994],[135.5686,35.4993],[135.5685,35.4993],[135.5685,35.4994]]],[[[135.5694,35.4999],[135.5694,35.4998],[135.5694,35.4998],[135.5694,35.4999]]],[[[135.5684,35.4998],[135.5685,35.4999],[135.5685,35.4998],[135.5684,35.4998]]],[[[135.5689,35.4998],[135.5689,35.4999],[135.5691,35.4999],[135.5689,35.4998]]],[[[135.5693,35.5],[135.5693,35.5001],[135.5694,35.5],[135.5693,35.5]]],[[[135.5771,35.5006],[135.5772,35.5005],[135.5771,35.5006],[135.5771,35.5006]]],[[[135.5684,35.5006],[135.5685,35.5006],[135.5685,35.5006],[135.5684,35.5006]]],[[[135.5771,35.5007],[135.5771,35.5007],[135.5772,35.5007],[135.5771,35.5007]]],[[[135.5773,35.5007],[135.5773,35.5007],[135.5773,35.5007],[135.5773,35.5007]]],[[[135.5667,35.5007],[135.5666,35.5007],[135.5666,35.5008],[135.5667,35.5007]]],[[[135.5774,35.5007],[135.5776,35.5008],[135.5775,35.5007],[135.5774,35.5007]]],[[[135.5668,35.5009],[135.5669,35.5008],[135.5668,35.5008],[135.5668,35.5009]]],[[[135.5774,35.5008],[135.5773,35.5008],[135.5774,35.5009],[135.5774,35.5008]]],[[[135.5665,35.5008],[135.5665,35.501],[135.5666,35.5009],[135.5665,35.5008]]],[[[135.5662,35.5012],[135.5662,35.5013],[135.5663,35.5013],[135.5662,35.5012]]],[[[135.5946,35.5055],[135.5947,35.5055],[135.5946,35.5055],[135.5946,35.5055]]],[[[135.5958,35.5072],[135.5958,35.5072],[135.5958,35.5072],[135.5958,35.5072]]],[[[135.596,35.5075],[135.596,35.5075],[135.596,35.5075],[135.596,35.5075]]],[[[135.5961,35.5076],[135.5961,35.5076],[135.5962,35.5076],[135.5961,35.5076]]],[[[135.5991,35.5109],[135.599,35.5109],[135.5991,35.5109],[135.5991,35.5109]]],[[[135.5988,35.5109],[135.5989,35.511],[135.5989,35.5108],[135.5988,35.5109]]],[[[135.5993,35.511],[135.5993,35.511],[135.5992,35.511],[135.5993,35.511]]],[[[135.5992,35.5114],[135.5991,35.5114],[135.5992,35.5114],[135.5992,35.5114]]],[[[135.5993,35.5115],[135.5993,35.5115],[135.5993,35.5115],[135.5993,35.5115]]],[[[135.6007,35.512],[135.6008,35.5119],[135.6007,35.512],[135.6007,35.512]]],[[[135.6012,35.5131],[135.6012,35.5131],[135.6012,35.5131],[135.6012,35.5131]]],[[[135.6011,35.5132],[135.6011,35.5132],[135.6011,35.5132],[135.6011,35.5132]]],[[[135.6024,35.5138],[135.6024,35.5137],[135.6024,35.5138],[135.6024,35.5138]]],[[[135.6019,35.5138],[135.6019,35.5138],[135.6019,35.5138],[135.6019,35.5138]]],[[[135.6023,35.5138],[135.6023,35.5138],[135.6023,35.5138],[135.6023,35.5138]]]]}},{"type":"Feature","properties":{"code":"18483","name":"おおい町","pref_code":"18","pref":"福井県"},"geometry":{"type":"MultiPolygon","coordinates":[[[[135.6233,35.484],[135.623,35.4845],[135.6234,35.484],[135.6233,35.484]]],[[[135.624,35.4906],[135.6238,35.491],[135.624,35.4906],[135.624,35.4906]]],[[[135.6025,35.5141],[135.6023,35.514],[135.6023,35.514],[135.6025,35.5141]]],[[[135.6025,35.5142],[135.6026,35.5141],[135.6025,35.5141],[135.6025,35.5142]]],[[[135.6024,35.5143],[135.6024,35.5142],[135.6024,35.5142],[135.6024,35.5143]]],[[[135.6027,35.5144],[135.6027,35.5147],[135.6028,35.5147],[135.6027,35.5144]]],[[[135.6025,35.5147],[135.6025,35.5149],[135.6025,35.5147],[135.6025,35.5147]]],[[[135.6023,35.5148],[135.6024,35.5147],[135.6024,35.5147],[135.6023,35.5148]]],[[[135.6026,35.5149],[135.6027,35.5149],[135.6027,35.5148],[135.6026,35.5149]]],[[[135.603,35.5152],[135.6031,35.5153],[135.6031,35.5152],[135.603,35.5152]]],[[[135.6032,35.5155],[135.6032,35.5156],[135.6033,35.5155],[135.6032,35.5155]]],[[[135.6059,35.5166],[135.6059,35.5168],[135.6061,35.5166],[135.6059,35.5166]]],[[[135.6054,35.5168],[135.6055,35.5168],[135.6055,35.5167],[135.6054,35.5168]]],[[[135.6064,35.517],[135.6064,35.517],[135.6064,35.517],[135.6064,35.517]]],[[[135.6065,35.5171],[135.6066,35.5172],[135.6066,35.5171],[135.6065,35.5171]]],[[[135.6074,35.5174],[135.6073,35.5173],[135.6073,35.5173],[135.6074,35.5174]]],[[[135.6064,35.5174],[135.6065,35.5173],[135.6064,35.5173],[135.6064,35.5174]]],[[[135.6063,35.5174],[135.6062,35.5175],[135.6063,35.5176],[135.6063,35.5174]]],[[[135.6082,35.518],[135.6082,35.5181],[135.6082,35.518],[135.6082,35.518]]],[[[135.6095,35.5181],[135.6095,35.5182],[135.6096,35.5181],[135.6095,35.5181]]],[[[135.6086,35.5183],[135.6086,35.5182],[135.6085,35.5182],[135.6086,35.5183]]],[[[135.6119,35.5188],[135.6118,35.5187],[135.6117,35.5187],[135.6119,35.5188]]],[[[135.6174,35.5189],[135.6174,35.5188],[135.6173,35.5189],[135.6174,35.5189]]],[[[135.6116,35.5189],[135.6117,35.519],[135.6117,35.5189],[135.6116,35.5189]]],[[[135.6126,35.5191],[135.6128,35.5189],[135.6125,35.5189],[135.6126,35.5191]]],[[[135.6113,35.519],[135.6114,35.519],[135.6114,35.5189],[135.6113,35.519]]],[[[135.6129,35.5193],[135.6129,35.5193],[135.6129,35.5193],[135.6129,35.5193]]],[[[135.6128,35.5194],[135.6129,35.5194],[135.6128,35.5194],[135.6128,35.5194]]],[[[135.6132,35.5195],[135.6132,35.5194],[135.6131,35.5194],[135.6132,35.5195]]],[[[135.618,35.5198],[135.6181,35.5198],[135.6176,35.5196],[135.618,35.5198]]],[[[135.6184,35.5202],[135.6182,35.5199],[135.6181,35.5199],[135.6184,35.5202]]],[[[135.6183,35.5245],[135.6184,35.5244],[135.6183,35.5244],[135.6183,35.5245]]],[[[135.6197,35.5247],[135.6199,35.5246],[135.6197,35.5247],[135.6197,35.5247]]],[[[135.6173,35.5261],[135.6174,35.5262],[135.6174,35.526],[135.6173,35.5261]]],[[[135.6195,35.5267],[135.6196,35.5267],[135.6196,35.5266],[135.6195,35.5267]]],[[[135.618,35.5268],[135.6181,35.5269],[135.6181,35.5268],[135.618,35.5268]]],[[[135.6192,35.5268],[135.619,35.5272],[135.6193,35.5268],[135.6192,35.5268]]],[[[135.6194,35.5271],[135.6195,35.5271],[135.6195,35.527],[135.6194,35.5271]]],[[[135.6195,35.5272],[135.6197,35.5272],[135.6196,35.5272],[135.6195,35.5272]]],[[[135.6194,35.5273],[135.6194,35.5274],[135.6194,35.5273],[135.6194,35.5273]]],[[[135.619,35.5273],[135.6191,35.5274],[135.6191,35.5273],[135.619,35.5273]]],[[[135.6187,35.5274],[135.6188,35.5275],[135.6188,35.5274],[135.6187,35.5274]]],[[[135.6231,35.5308],[135.6231,35.5307],[135.623,35.5307],[135.6231,35.5308]]],[[[135.623,35.531],[135.623,35.5308],[135.6228,35.5309],[135.623,35.531]]],[[[135.6227,35.531],[135.6228,35.531],[135.6227,35.5309],[135.6227,35.531]]],[[[135.623,35.5312],[135.6231,35.5311],[135.6231,35.5311],[135.623,35.5312]]],[[[135.6229,35.5315],[135.623,35.5314],[135.6229,35.5314],[135.6229,35.5315]]],[[[135.6244,35.532],[135.6243,35.5319],[135.6243,35.532],[135.6244,35.532]]],[[[135.6358,35.4826],[135.6365,35.482],[135.6357,35.4826],[135.6358,35.4826]]],[[[135.6312,35.4837],[135.6341,35.4831],[135.6347,35.4827],[135.6352,35.4823],[135.6357,35.4819],[135.6312,35.4837]]],[[[135.6269,35.4886],[135.6269,35.4885],[135.6269,35.4886],[135.6269,35.4886]]],[[[135.6269,35.4886],[135.627,35.4886],[135.6269,35.4886],[135.6269,35.4886]]],[[[135.6269,35.4889],[135.6269,35.4889],[135.627,35.4889],[135.6269,35.4889]]],[[[135.6321,35.4942],[135.6321,35.4942],[135.632,35.4942],[135.6321,35.4942]]],[[[135.6323,35.4943],[135.6324,35.4943],[135.6324,35.4943],[135.6323,35.4943]]],[[[135.6324,35.4945],[135.6323,35.4945],[135.6323,35.4945],[135.6324,35.4945]]],[[[135.6318,35.4946],[135.6318,35.4947],[135.6319,35.4946],[135.6318,35.4946]]],[[[135.6324,35.4946],[135.6322,35.4947],[135.6324,35.4947],[135.6324,35.4946]]],[[[135.661,35.5476],[135.6625,35.5466],[135.6604,35.5448],[135.6634,35.5431],[135.6603,35.5447],[135.6572,35.5433],[135.6579,35.5425],[135.6604,35.5438],[135.6625,35.5421],[135.6651,35.5418],[135.6662,35.5387],[135.6611,35.5385],[135.6594,35.5351],[135.6619,35.5329],[135.6656,35.5337],[135.6667,35.5329],[135.6666,35.5299],[135.6695,35.5246],[135.6661,35.5235],[135.6644,35.5241],[135.664,35.5252],[135.6616,35.526],[135.661,35.5297],[135.6558,35.5312],[135.6533,35.5301],[135.6551,35.5303],[135.6551,35.5295],[135.6534,35.5284],[135.6532,35.53],[135.6434,35.5255],[135.6439,35.5247],[135.6405,35.5222],[135.6403,35.5236],[135.6364,35.5201],[135.631,35.5222],[135.6308,35.5211],[135.6328,35.5211],[135.6328,35.5181],[135.6337,35.5178],[135.6348,35.5189],[135.6374,35.5181],[135.6418,35.5194],[135.6396,35.5168],[135.6395,35.5149],[135.638,35.5149],[135.6372,35.5133],[135.638,35.5119],[135.6419,35.5104],[135.6421,35.5069],[135.6365,35.504],[135.6356,35.502],[135.6335,35.501],[135.6333,35.4994],[135.6303,35.4964],[135.6319,35.4942],[135.6295,35.4943],[135.6288,35.492],[135.6265,35.4912],[135.6268,35.4887],[135.6249,35.4891],[135.6238,35.491],[135.6161,35.4924],[135.6093,35.492],[135.6063,35.4903],[135.6036,35.4939],[135.6035,35.4979],[135.6075,35.4985],[135.6083,35.5038],[135.6107,35.5063],[135.6085,35.5073],[135.609,35.5099],[135.6043,35.512],[135.6025,35.5139],[135.6034,35.5153],[135.6047,35.5153],[135.6053,35.5164],[135.6063,35.5166],[135.607,35.5174],[135.6073,35.5171],[135.6082,35.5173],[135.6089,35.5184],[135.6091,35.5179],[135.6113,35.5175],[135.6132,35.5191],[135.6172,35.5187],[135.6191,35.5195],[135.6207,35.5217],[135.6198,35.5269],[135.626,35.5318],[135.6267,35.5326],[135.6266,35.533],[135.63,35.534],[135.6314,35.536],[135.6319,35.5378],[135.6345,35.5367],[135.635,35.5368],[135.6358,35.5376],[135.6358,35.5374],[135.6362,35.5371],[135.6368,35.537],[135.6418,35.5391],[135.6434,35.542],[135.6456,35.5424],[135.6466,35.5434],[135.6465,35.5432],[135.6473,35.5427],[135.6519,35.5427],[135.652,35.5456],[135.6582,35.545],[135.6607,35.5462],[135.661,35.5476]]],[[[135.6244,35.5318],[135.6245,35.5317],[135.6244,35.5318],[135.6244,35.5318]]],[[[135.6259,35.5325],[135.6258,35.5324],[135.6258,35.5325],[135.6259,35.5325]]],[[[135.6261,35.5327],[135.6262,35.5327],[135.6262,35.5327],[135.6261,35.5327]]],[[[135.6264,35.5327],[135.6265,35.5327],[135.6265,35.5327],[135.6264,35.5327]]],[[[135.6255,35.5327],[135.6256,35.5328],[135.6256,35.5327],[135.6255,35.5327]]],[[[135.6263,35.5327],[135.6263,35.533],[135.6264,35.5327],[135.6263,35.5327]]],[[[135.6273,35.5334],[135.627,35.5333],[135.6271,35.5335],[135.6273,35.5334]]],[[[135.6275,35.5334],[135.6276,35.5336],[135.6275,35.5334],[135.6275,35.5334]]],[[[135.6273,35.5335],[135.6275,35.5335],[135.6274,35.5334],[135.6273,35.5335]]],[[[135.6266,35.5336],[135.6267,35.5337],[135.6267,35.5337],[135.6266,35.5336]]],[[[135.6269,35.5336],[135.6269,35.5338],[135.627,35.5336],[135.6269,35.5336]]],[[[135.6275,35.5337],[135.6275,35.5339],[135.6275,35.5337],[135.6275,35.5337]]],[[[135.6273,35.5341],[135.6272,35.5339],[135.6272,35.534],[135.6273,35.5341]]],[[[135.6305,35.5354],[135.6306,35.5354],[135.6305,35.5354],[135.6305,35.5354]]],[[[135.6304,35.5354],[135.6302,35.5355],[135.6304,35.5356],[135.6304,35.5354]]],[[[135.6302,35.5356],[135.6301,35.5357],[135.6302,35.5358],[135.6302,35.5356]]],[[[135.6301,35.5359],[135.6299,35.5359],[135.6299,35.536],[135.6301,35.5359]]],[[[135.6301,35.5362],[135.6301,35.5361],[135.6301,35.5361],[135.6301,35.5362]]],[[[135.6312,35.5363],[135.6313,35.5363],[135.6313,35.5363],[135.6312,35.5363]]],[[[135.6311,35.537],[135.6312,35.5369],[135.6311,35.5369],[135.6311,35.537]]],[[[135.6316,35.537],[135.6316,35.537],[135.6316,35.5369],[135.6316,35.537]]],[[[135.6315,35.537],[135.6315,35.5371],[135.6315,35.537],[135.6315,35.537]]],[[[135.6309,35.537],[135.6309,35.5371],[135.6309,35.5371],[135.6309,35.537]]],[[[135.6314,35.5372],[135.6315,35.5372],[135.6314,35.5372],[135.6314,35.5372]]],[[[135.6317,35.5374],[135.6316,35.5373],[135.6315,35.5374],[135.6317,35.5374]]],[[[135.636,35.5374],[135.6361,35.5374],[135.6362,35.5374],[135.636,35.5374]]],[[[135.6337,35.5374],[135.6338,35.5375],[135.6337,35.5374],[135.6337,35.5374]]],[[[135.6316,35.5374],[135.6316,35.5375],[135.6317,35.5375],[135.6316,35.5374]]],[[[135.6354,35.5376],[135.6355,35.5374],[135.6353,35.5376],[135.6354,35.5376]]],[[[135.6334,35.5376],[135.6336,35.5377],[135.6336,35.5376],[135.6334,35.5376]]],[[[135.6316,35.5376],[135.6316,35.5377],[135.6317,35.5377],[135.6316,35.5376]]],[[[135.6351,35.5378],[135.6356,35.5378],[135.6357,35.5377],[135.6353,35.5376],[135.6351,35.5378]]],[[[135.635,35.5377],[135.635,35.5377],[135.635,35.5377],[135.635,35.5377]]],[[[135.6317,35.538],[135.6317,35.5379],[135.6316,35.5381],[135.6317,35.538]]],[[[135.6321,35.538],[135.6319,35.538],[135.632,35.5381],[135.6321,35.538]]],[[[135.6359,35.538],[135.6358,35.5382],[135.636,35.5382],[135.6359,35.538]]],[[[135.6317,35.5384],[135.6316,35.5384],[135.6317,35.5384],[135.6317,35.5384]]],[[[135.621,35.4856],[135.6261,35.4815],[135.6292,35.4836],[135.631,35.4832],[135.6295,35.4817],[135.6307,35.4811],[135.6318,35.4825],[135.634,35.4819],[135.6351,35.4807],[135.634,35.4813],[135.6349,35.4804],[135.6336,35.4809],[135.6336,35.4798],[135.636,35.4796],[135.6353,35.4802],[135.636,35.4815],[135.6378,35.4813],[135.6359,35.4813],[135.6385,35.4797],[135.6423,35.4794],[135.644,35.4799],[135.6426,35.4806],[135.6441,35.4804],[135.6439,35.4786],[135.6452,35.4786],[135.6447,35.4752],[135.6469,35.4725],[135.6462,35.4698],[135.6485,35.465],[135.6426,35.4628],[135.6408,35.459],[135.6415,35.4561],[135.6466,35.4528],[135.6472,35.4501],[135.6392,35.4468],[135.6364,35.4471],[135.6317,35.4446],[135.6274,35.4457],[135.6224,35.4453],[135.6207,35.4432],[135.6207,35.4412],[135.6161,35.44],[135.6092,35.4413],[135.6065,35.4404],[135.5992,35.4344],[135.5928,35.4346],[135.5893,35.4333],[135.5888,35.4302],[135.5984,35.4247],[135.5989,35.4189],[135.6036,35.4174],[135.6045,35.4158],[135.6101,35.4171],[135.6152,35.4144],[135.619,35.4173],[135.6209,35.4219],[135.6284,35.4216],[135.6322,35.4267],[135.6411,35.4245],[135.6435,35.4167],[135.648,35.4172],[135.6502,35.416],[135.6544,35.4157],[135.6571,35.413],[135.6612,35.4136],[135.6657,35.4103],[135.6679,35.4104],[135.6695,35.4149],[135.6725,35.4179],[135.6821,35.4187],[135.6823,35.4155],[135.6847,35.4152],[135.6935,35.4103],[135.7019,35.4094],[135.7047,35.4108],[135.7126,35.4089],[135.7163,35.4134],[135.7193,35.4148],[135.7278,35.414],[135.73,35.4185],[135.7334,35.4182],[135.7364,35.416],[135.7402,35.4169],[135.7445,35.4148],[135.7557,35.4123],[135.7578,35.4099],[135.7603,35.4099],[135.7637,35.4051],[135.768,35.4039],[135.77,35.401],[135.77,35.3972],[135.7738,35.3935],[135.7773,35.3943],[135.7803,35.3923],[135.7851,35.3916],[135.7886,35.3898],[135.7894,35.3874],[135.7909,35.3866],[135.7906,35.3842],[135.792,35.3813],[135.7909,35.379],[135.7844,35.3774],[135.7829,35.3753],[135.779,35.3734],[135.7798,35.3717],[135.7777,35.3659],[135.7743,35.365],[135.7699,35.3598],[135.7688,35.356],[135.7658,35.3552],[135.7648,35.3564],[135.7631,35.3563],[135.7596,35.3531],[135.7451,35.3589],[135.7402,35.3584],[135.7407,35.3541],[135.7364,35.3511],[135.7315,35.3505],[135.7278,35.3526],[135.724,35.3518],[135.7184,35.3554],[135.7167,35.3535],[135.7131,35.3534],[135.7107,35.348],[135.7064,35.346],[135.7049,35.3466],[135.7041,35.3448],[135.7009,35.3437],[135.6995,35.3449],[135.6924,35.3459],[135.69,35.3479],[135.6849,35.3474],[135.6808,35.3499],[135.6752,35.3503],[135.6741,35.3529],[135.6696,35.3542],[135.6682,35.3571],[135.6609,35.3564],[135.6584,35.3591],[135.6495,35.3612],[135.6421,35.3669],[135.6364,35.3637],[135.6235,35.3699],[135.6176,35.3698],[135.615,35.3711],[135.6117,35.3693],[135.6112,35.3668],[135.6069,35.3717],[135.603,35.3721],[135.5999,35.3712],[135.5957,35.3729],[135.5939,35.3705],[135.5881,35.3683],[135.5839,35.3702],[135.579,35.3751],[135.5682,35.3748],[135.5644,35.3777],[135.5594,35.3764],[135.5577,35.3775],[135.5528,35.3779],[135.548,35.3767],[135.537,35.3767],[135.5276,35.3801],[135.5262,35.3862],[135.5283,35.3873],[135.5286,35.3905],[135.5317,35.393],[135.5302,35.3974],[135.5277,35.3978],[135.5251,35.4025],[135.53,35.4087],[135.5299,35.4102],[135.5275,35.4124],[135.5268,35.4191],[135.5239,35.4218],[135.5208,35.4229],[135.5157,35.4219],[135.5108,35.4246],[135.5057,35.4209],[135.502,35.42],[135.4997,35.4241],[135.4953,35.4261],[135.4966,35.4279],[135.4955,35.4295],[135.4981,35.4323],[135.5008,35.4332],[135.499,35.4346],[135.4979,35.4374],[135.4955,35.4389],[135.4881,35.4392],[135.4894,35.4409],[135.4862,35.4474],[135.4865,35.4492],[135.4903,35.4496],[135.4916,35.4513],[135.4956,35.4497],[135.5069,35.4595],[135.5162,35.463],[135.521,35.4607],[135.525,35.4556],[135.5363,35.4599],[135.5415,35.4593],[135.544,35.4605],[135.5464,35.4592],[135.5498,35.4607],[135.5506,35.4599],[135.5555,35.4612],[135.5571,35.4603],[135.561,35.4614],[135.5614,35.4639],[135.5639,35.4654],[135.5691,35.4666],[135.5717,35.4661],[135.5739,35.4678],[135.5774,35.4677],[135.5799,35.4694],[135.5857,35.4665],[135.5906,35.4674],[135.5919,35.4686],[135.5949,35.468],[135.5969,35.4693],[135.5972,35.4713],[135.6006,35.4732],[135.6,35.4759],[135.604,35.4799],[135.6052,35.4837],[135.621,35.4856]]],[[[135.6391,35.4811],[135.6413,35.4807],[135.6391,35.481],[135.6391,35.4811]]],[[[135.6401,35.5155],[135.6401,35.5154],[135.64,35.5154],[135.6401,35.5155]]],[[[135.6417,35.5199],[135.6419,35.52],[135.6416,35.5198],[135.6417,35.5199]]],[[[135.6447,35.5248],[135.6482,35.5266],[135.6482,35.5266],[135.6447,35.5248]]],[[[135.6373,35.5379],[135.6374,35.5379],[135.6373,35.5379],[135.6373,35.5379]]],[[[135.6379,35.5381],[135.6377,35.5379],[135.6374,35.538],[135.6379,35.5381]]],[[[135.6381,35.5381],[135.6381,35.5382],[135.6382,35.5381],[135.6381,35.5381]]],[[[135.6374,35.5383],[135.6379,35.5382],[135.6375,35.5381],[135.6374,35.5383]]],[[[135.6379,35.5384],[135.638,35.5383],[135.6378,35.5384],[135.6379,35.5384]]],[[[135.6388,35.5385],[135.6388,35.5384],[135.6388,35.5384],[135.6388,35.5385]]],[[[135.6388,35.5386],[135.6389,35.5385],[135.6388,35.5385],[135.6388,35.5386]]],[[[135.6382,35.5386],[135.639,35.5386],[135.6382,35.5383],[135.6382,35.5386]]],[[[135.6378,35.5387],[135.6378,35.5388],[135.6378,35.5387],[135.6378,35.5387]]],[[[135.6421,35.5408],[135.642,35.541],[135.642,35.5412],[135.6421,35.5408]]],[[[135.6417,35.541],[135.6418,35.541],[135.6418,35.541],[135.6417,35.541]]],[[[135.6418,35.5412],[135.6419,35.5412],[135.6418,35.5411],[135.6418,35.5412]]],[[[135.6419,35.5412],[135.6419,35.5412],[135.6418,35.5413],[135.6419,35.5412]]],[[[135.6425,35.5418],[135.6425,35.5419],[135.6426,35.5418],[135.6425,35.5418]]],[[[135.642,35.5421],[135.6421,35.542],[135.642,35.542],[135.642,35.5421]]],[[[135.6427,35.542],[135.6427,35.5422],[135.6428,35.542],[135.6427,35.542]]],[[[135.6425,35.5421],[135.6424,35.5422],[135.6425,35.5421],[135.6425,35.5421]]],[[[135.6431,35.5422],[135.6431,35.5423],[135.6431,35.5422],[135.6431,35.5422]]],[[[135.6422,35.5423],[135.6423,35.5423],[135.6422,35.5423],[135.6422,35.5423]]],[[[135.6421,35.5425],[135.6422,35.5424],[135.6421,35.5424],[135.6421,35.5425]]],[[[135.6431,35.5427],[135.6432,35.5426],[135.6431,35.5427],[135.6431,35.5427]]],[[[135.6428,35.5429],[135.6428,35.5429],[135.6428,35.5428],[135.6428,35.5429]]],[[[135.6447,35.543],[135.6448,35.5429],[135.6447,35.5429],[135.6447,35.543]]],[[[135.6423,35.5431],[135.6424,35.543],[135.6423,35.5431],[135.6423,35.5431]]],[[[135.646,35.5431],[135.6459,35.5431],[135.646,35.5432],[135.646,35.5431]]],[[[135.6425,35.5432],[135.6426,35.5432],[135.6426,35.5431],[135.6425,35.5432]]],[[[135.6444,35.5432],[135.6445,35.5431],[135.6444,35.5431],[135.6444,35.5432]]],[[[135.6423,35.5432],[135.6424,35.5433],[135.6425,35.5431],[135.6423,35.5432]]],[[[135.6458,35.5433],[135.6458,35.5431],[135.6457,35.5432],[135.6458,35.5433]]],[[[135.6468,35.5432],[135.6467,35.5432],[135.6467,35.5432],[135.6468,35.5432]]],[[[135.6447,35.5433],[135.6448,35.5432],[135.6447,35.5432],[135.6447,35.5433]]],[[[135.6469,35.5432],[135.6469,35.5433],[135.647,35.5433],[135.6469,35.5432]]],[[[135.6463,35.5434],[135.6462,35.5433],[135.6461,35.5434],[135.6463,35.5434]]],[[[135.6469,35.5433],[135.6469,35.5434],[135.6469,35.5434],[135.6469,35.5433]]],[[[135.6471,35.5434],[135.6472,35.5434],[135.6472,35.5434],[135.6471,35.5434]]],[[[135.6425,35.5434],[135.6424,35.5436],[135.6426,35.5433],[135.6425,35.5434]]],[[[135.6468,35.5437],[135.6468,35.5436],[135.6467,35.5437],[135.6468,35.5437]]],[[[135.6425,35.5436],[135.6423,35.5438],[135.6425,35.5437],[135.6425,35.5436]]],[[[135.6462,35.5438],[135.6463,35.5437],[135.6461,35.5437],[135.6462,35.5438]]],[[[135.6473,35.5436],[135.6472,35.5439],[135.6474,35.5439],[135.6473,35.5436]]],[[[135.6469,35.5438],[135.6469,35.5438],[135.6468,35.5438],[135.6469,35.5438]]],[[[135.6427,35.5444],[135.6425,35.544],[135.6422,35.5443],[135.6427,35.5444]]],[[[135.6406,35.5473],[135.641,35.5462],[135.6402,35.5468],[135.6406,35.5473]]],[[[135.6504,35.5216],[135.6499,35.5208],[135.648,35.5199],[135.6494,35.5215],[135.6504,35.5216]]],[[[135.6503,35.5218],[135.6523,35.5234],[135.6502,35.5218],[135.6503,35.5218]]],[[[135.6528,35.5286],[135.6511,35.5287],[135.651,35.5289],[135.6528,35.5286]]],[[[135.6578,35.5305],[135.6587,35.53],[135.6578,35.5304],[135.6578,35.5305]]],[[[135.6487,35.5431],[135.6487,35.543],[135.6487,35.543],[135.6487,35.5431]]],[[[135.6477,35.5431],[135.6478,35.5431],[135.6478,35.5431],[135.6477,35.5431]]],[[[135.6488,35.5431],[135.6487,35.5433],[135.6488,35.5433],[135.6488,35.5431]]],[[[135.6477,35.5433],[135.6477,35.5433],[135.6477,35.5433],[135.6477,35.5433]]],[[[135.6488,35.5434],[135.6488,35.5434],[135.6488,35.5434],[135.6488,35.5434]]],[[[135.6489,35.5435],[135.649,35.5434],[135.6489,35.5434],[135.6489,35.5435]]],[[[135.649,35.5435],[135.6491,35.5435],[135.649,35.5435],[135.649,35.5435]]],[[[135.6493,35.5436],[135.6494,35.5436],[135.6493,35.5436],[135.6493,35.5436]]],[[[135.6481,35.5437],[135.6481,35.5436],[135.648,35.5436],[135.6481,35.5437]]],[[[135.6477,35.5437],[135.6479,35.5437],[135.6477,35.5436],[135.6477,35.5437]]],[[[135.649,35.5436],[135.649,35.5437],[135.649,35.5436],[135.649,35.5436]]],[[[135.6481,35.5437],[135.6482,35.5437],[135.6482,35.5437],[135.6481,35.5437]]],[[[135.6487,35.5437],[135.6487,35.5438],[135.6487,35.5437],[135.6487,35.5437]]],[[[135.6479,35.5438],[135.6478,35.5439],[135.6479,35.5438],[135.6479,35.5438]]],[[[135.6484,35.5439],[135.6482,35.5438],[135.6481,35.5441],[135.6484,35.5439]]],[[[135.6579,35.5451],[135.6579,35.5452],[135.6579,35.5451],[135.6579,35.5451]]],[[[135.6575,35.5452],[135.6574,35.5454],[135.6574,35.5454],[135.6575,35.5452]]],[[[135.6563,35.5453],[135.6564,35.5453],[135.6563,35.5453],[135.6563,35.5453]]],[[[135.6563,35.5455],[135.6564,35.5454],[135.6563,35.5454],[135.6563,35.5455]]],[[[135.6555,35.5459],[135.6554,35.5458],[135.6553,35.5458],[135.6554,35.5459],[135.6555,35.5459]]],[[[135.6556,35.5458],[135.6556,35.5458],[135.6557,35.5459],[135.6556,35.5458]]],[[[135.6561,35.546],[135.6559,35.5457],[135.6556,35.5457],[135.6561,35.546]]],[[[135.6553,35.5459],[135.6553,35.5459],[135.6553,35.5459],[135.6553,35.5459]]],[[[135.6528,35.5462],[135.6527,35.5461],[135.6525,35.5461],[135.6528,35.5462]]],[[[135.6536,35.5462],[135.6536,35.5463],[135.6537,35.5462],[135.6536,35.5462]]],[[[135.6533,35.5462],[135.6532,35.5463],[135.6533,35.5463],[135.6533,35.5462]]],[[[135.6541,35.5465],[135.6538,35.5461],[135.6537,35.5463],[135.6541,35.5465]]],[[[135.6524,35.5463],[135.6524,35.5464],[135.6524,35.5464],[135.6524,35.5463]]],[[[135.6545,35.5464],[135.6543,35.5463],[135.6544,35.5465],[135.6545,35.5464]]],[[[135.6553,35.5466],[135.6553,35.5462],[135.6548,35.5464],[135.6553,35.5466]]],[[[135.6535,35.5464],[135.6534,35.5465],[135.6536,35.5465],[135.6535,35.5464]]],[[[135.6536,35.5465],[135.6536,35.5466],[135.6536,35.5466],[135.6536,35.5465]]],[[[135.6548,35.5466],[135.6548,35.5466],[135.6547,35.5466],[135.6548,35.5466]]],[[[135.6543,35.5466],[135.6544,35.5466],[135.6544,35.5466],[135.6543,35.5466]]],[[[135.6559,35.5465],[135.6556,35.5467],[135.6558,35.5467],[135.656,35.5468],[135.6559,35.5465]]],[[[135.6583,35.5467],[135.6584,35.5468],[135.6584,35.5467],[135.6583,35.5467]]],[[[135.655,35.5468],[135.6551,35.5467],[135.655,35.5467],[135.655,35.5468]]],[[[135.6553,35.5468],[135.6553,35.5468],[135.6553,35.5467],[135.6553,35.5468]]],[[[135.6558,35.5468],[135.6559,35.5468],[135.6558,35.5468],[135.6558,35.5468]]],[[[135.6557,35.5468],[135.6557,35.5469],[135.6558,35.5468],[135.6557,35.5468]]],[[[135.655,35.5468],[135.6551,35.5469],[135.6551,35.5469],[135.655,35.5468]]],[[[135.6558,35.547],[135.656,35.547],[135.6559,35.5468],[135.6558,35.547]]],[[[135.6585,35.5471],[135.6585,35.5469],[135.6583,35.547],[135.6585,35.5471]]],[[[135.6585,35.5475],[135.6584,35.5475],[135.6585,35.5475],[135.6585,35.5475]]],[[[135.6702,35.5237],[135.6703,35.5237],[135.6703,35.5236],[135.6702,35.5237]]],[[[135.6705,35.5239],[135.6706,35.5236],[135.6704,35.5236],[135.6705,35.5239]]],[[[135.67,35.5237],[135.6701,35.5239],[135.6701,35.5237],[135.67,35.5237]]],[[[135.6711,35.5242],[135.671,35.5242],[135.6712,35.5243],[135.6711,35.5242]]],[[[135.6705,35.5247],[135.6703,35.5237],[135.6702,35.524],[135.6699,35.5241],[135.6695,35.5241],[135.6705,35.5247]]],[[[135.6712,35.5243],[135.671,35.5243],[135.6709,35.5245],[135.6712,35.5243]]],[[[135.6711,35.5244],[135.6712,35.5245],[135.6712,35.5244],[135.6711,35.5244]]],[[[135.6712,35.5245],[135.6713,35.5245],[135.6713,35.5244],[135.6712,35.5245]]],[[[135.6713,35.5245],[135.6714,35.5246],[135.6715,35.5245],[135.6713,35.5245]]],[[[135.671,35.5248],[135.6709,35.5246],[135.6707,35.5246],[135.671,35.5248]]],[[[135.6708,35.5247],[135.6709,35.5248],[135.6708,35.5247],[135.6708,35.5247]]],[[[135.6587,35.5262],[135.6597,35.5266],[135.6577,35.5258],[135.6587,35.5262]]],[[[135.6591,35.5299],[135.66,35.5295],[135.6591,35.5299],[135.6591,35.5299]]],[[[135.6669,35.5325],[135.6669,35.5324],[135.6669,35.5324],[135.6669,35.5325]]],[[[135.6666,35.5335],[135.6664,35.5335],[135.6663,35.5334],[135.6664,35.5335],[135.6666,35.5335]]],[[[135.6662,35.5335],[135.6661,35.5336],[135.6662,35.5336],[135.6662,35.5335]]],[[[135.6612,35.5373],[135.661,35.5373],[135.6612,35.5373],[135.6612,35.5373]]],[[[135.6611,35.5374],[135.6611,35.5374],[135.6612,35.5374],[135.6611,35.5374]]],[[[135.661,35.5374],[135.6609,35.5375],[135.6611,35.5376],[135.661,35.5374]]],[[[135.6612,35.5378],[135.6614,35.5376],[135.6611,35.5375],[135.6612,35.5378]]],[[[135.6609,35.5378],[135.6608,35.5378],[135.6609,35.5379],[135.6609,35.5378]]],[[[135.661,35.5381],[135.6611,35.538],[135.661,35.538],[135.661,35.5381]]],[[[135.6587,35.5461],[135.6588,35.5461],[135.6587,35.546],[135.6587,35.5461]]],[[[135.6582,35.5465],[135.6587,35.546],[135.6584,35.5459],[135.6582,35.5465]]],[[[135.6623,35.5464],[135.6623,35.5463],[135.6623,35.5464],[135.6623,35.5464]]],[[[135.6586,35.5469],[135.6589,35.5467],[135.6585,35.5467],[135.6586,35.5469]]],[[[135.6622,35.5468],[135.6623,35.5468],[135.6624,35.5468],[135.6622,35.5468]]],[[[135.6586,35.5471],[135.6585,35.5471],[135.6585,35.5471],[135.6586,35.5471]]],[[[135.6587,35.5471],[135.6586,35.5471],[135.6588,35.5472],[135.6587,35.5471]]],[[[135.6586,35.5473],[135.6587,35.5472],[135.6586,35.5472],[135.6586,35.5473]]],[[[135.6631,35.5473],[135.6632,35.5473],[135.6632,35.5473],[135.6631,35.5473]]],[[[135.6635,35.5472],[135.6635,35.5474],[135.6636,35.5472],[135.6635,35.5472]]],[[[135.6628,35.5476],[135.6626,35.5474],[135.6624,35.5475],[135.6628,35.5476]]],[[[135.6606,35.5477],[135.6607,35.5477],[135.6607,35.5474],[135.6606,35.5477]]],[[[135.6611,35.5478],[135.6613,35.5476],[135.661,35.5478],[135.6611,35.5478]]],[[[135.6607,35.5479],[135.6606,35.5478],[135.6606,35.5479],[135.6607,35.5479]]],[[[135.6639,35.5478],[135.664,35.548],[135.664,35.5478],[135.6639,35.5478]]],[[[135.662,35.5481],[135.6616,35.5479],[135.6615,35.548],[135.662,35.5481]]],[[[135.6615,35.5482],[135.6614,35.5481],[135.6614,35.5482],[135.6615,35.5482]]],[[[135.6619,35.5483],[135.6619,35.5481],[135.6619,35.5483],[135.6619,35.5483]]],[[[135.6642,35.5481],[135.664,35.5483],[135.6642,35.5483],[135.6642,35.5481]]],[[[135.662,35.5483],[135.6621,35.5483],[135.6622,35.5482],[135.662,35.5483]]],[[[135.6617,35.5483],[135.6618,35.5484],[135.6617,35.5482],[135.6617,35.5483]]],[[[135.6622,35.5484],[135.6622,35.5484],[135.6623,35.5483],[135.6622,35.5484]]],[[[135.6611,35.5484],[135.6611,35.5485],[135.6612,35.5484],[135.6611,35.5484]]],[[[135.6618,35.5485],[135.6619,35.5486],[135.6619,35.5485],[135.6618,35.5485]]],[[[135.6624,35.5488],[135.6625,35.5487],[135.6624,35.5487],[135.6624,35.5488]]]]}},{"type":"Feature","properties":{"code":"18501","name":"若狭町","pref_code":"18","pref":"福井県"},"geometry":{"type":"MultiPolygon","coordinates":[[[[135.8227,35.5723],[135.8227,35.5723],[135.8227,35.5723],[135.8227,35.5723]]],[[[135.8227,35.5723],[135.8227,35.5724],[135.8227,35.5724],[135.8227,35.5723]]],[[[135.8176,35.5725],[135.8176,35.5725],[135.8176,35.5725],[135.8176,35.5725]]],[[[135.8228,35.5726],[135.8228,35.5726],[135.8228,35.5726],[135.8228,35.5726]]],[[[135.8225,35.5727],[135.8225,35.5727],[135.8225,35.5727],[135.8225,35.5727]]],[[[135.8222,35.5728],[135.8222,35.5728],[135.8222,35.5728],[135.8222,35.5728]]],[[[135.8179,35.5729],[135.8179,35.5729],[135.8179,35.5729],[135.8179,35.5729]]],[[[135.8181,35.5729],[135.8181,35.5729],[135.8182,35.5729],[135.8181,35.5729]]],[[[135.8185,35.5731],[135.8186,35.5731],[135.8186,35.5731],[135.8185,35.5731]]],[[[135.8217,35.5732],[135.8217,35.5732],[135.8218,35.5732],[135.8217,35.5732]]],[[[135.8186,35.5733],[135.8187,35.5733],[135.8187,35.5732],[135.8186,35.5733]]],[[[135.8221,35.5733],[135.8221,35.5733],[135.8221,35.5733],[135.8221,35.5733]]],[[[135.8219,35.5733],[135.8219,35.5733],[135.8219,35.5733],[135.8219,35.5733]]],[[[135.8187,35.5733],[135.8187,35.5733],[135.8187,35.5734],[135.8187,35.5733]]],[[[135.8186,35.5734],[135.8187,35.5734],[135.8186,35.5734],[135.8186,35.5734]]],[[[135.8203,35.5737],[135.8203,35.5737],[135.8203,35.5737],[135.8203,35.5737]]],[[[135.8203,35.5737],[135.8203,35.5737],[135.8203,35.5737],[135.8203,35.5737]]],[[[135.8205,35.5741],[135.8205,35.5739],[135.8204,35.574],[135.8205,35.5741]]],[[[135.7923,35.6003],[135.7922,35.6004],[135.7925,35.6004],[135.7923,35.6003]]],[[[135.7922,35.6007],[135.7923,35.6007],[135.7923,35.6006],[135.7922,35.6007]]],[[[135.7917,35.6015],[135.792,35.6016],[135.7921,35.601],[135.7917,35.6015]]],[[[135.792,35.6019],[135.7921,35.6018],[135.7919,35.6018],[135.792,35.6019]]],[[[135.7913,35.602],[135.7907,35.6029],[135.792,35.6022],[135.7913,35.602]]],[[[135.792,35.6027],[135.792,35.6027],[135.7921,35.6028],[135.792,35.6027]]],[[[135.7918,35.6029],[135.7919,35.6029],[135.7918,35.6029],[135.7918,35.6029]]],[[[135.791,35.6033],[135.7909,35.6033],[135.7909,35.6033],[135.791,35.6033]]],[[[135.7915,35.604],[135.7912,35.6038],[135.791,35.6039],[135.7915,35.604]]],[[[135.7921,35.6041],[135.7919,35.6037],[135.7918,35.6041],[135.7921,35.6041]]],[[[135.8228,35.629],[135.8228,35.629],[135.8229,35.629],[135.8228,35.629]]],[[[135.8229,35.6293],[135.8229,35.6293],[135.8229,35.6292],[135.8229,35.6293]]],[[[135.8229,35.6294],[135.8229,35.6294],[135.8229,35.6294],[135.8229,35.6294]]],[[[135.8229,35.6294],[135.8229,35.6294],[135.8229,35.6294],[135.8229,35.6294]]],[[[135.8043,35.6299],[135.8041,35.6299],[135.8042,35.6301],[135.8043,35.6299]]],[[[135.823,35.6309],[135.823,35.6307],[135.8229,35.6307],[135.823,35.6309]]],[[[135.8141,35.6309],[135.8142,35.631],[135.8142,35.6309],[135.8141,35.6309]]],[[[135.8141,35.631],[135.8142,35.6311],[135.8144,35.6311],[135.8141,35.631]]],[[[135.8136,35.6312],[135.814,35.6315],[135.8142,35.6311],[135.8136,35.6312]]],[[[135.8148,35.6314],[135.8148,35.6314],[135.8148,35.6315],[135.8148,35.6314]]],[[[135.8148,35.6317],[135.8147,35.6315],[135.8144,35.6317],[135.8148,35.6317]]],[[[135.8145,35.632],[135.8149,35.632],[135.8146,35.632],[135.8145,35.632]]],[[[135.8029,35.6339],[135.8028,35.6338],[135.8027,35.6339],[135.8029,35.6339]]],[[[135.8027,35.6301],[135.802,35.6308],[135.8031,35.6314],[135.8026,35.6333],[135.8038,35.6353],[135.8033,35.6386],[135.8076,35.6391],[135.806,35.6353],[135.8067,35.6318],[135.8047,35.63],[135.8043,35.6302],[135.8027,35.6301]]],[[[135.8032,35.6386],[135.8031,35.6386],[135.8031,35.6386],[135.8032,35.6386]]],[[[135.8031,35.6388],[135.8032,35.6387],[135.8032,35.6386],[135.8031,35.6388]]],[[[135.8143,35.6424],[135.8143,35.6422],[135.8142,35.6423],[135.8143,35.6424]]],[[[135.8144,35.6424],[135.8146,35.6424],[135.8145,35.6423],[135.8144,35.6424]]],[[[135.8121,35.6438],[135.812,35.6438],[135.8121,35.6439],[135.8121,35.6438]]],[[[135.8124,35.644],[135.8125,35.6441],[135.8125,35.644],[135.8124,35.644]]],[[[135.8251,35.5696],[135.825,35.5696],[135.8251,35.5697],[135.8251,35.5696]]],[[[135.8246,35.5701],[135.8246,35.5701],[135.8246,35.5701],[135.8246,35.5701]]],[[[135.824,35.5702],[135.824,35.5702],[135.824,35.5702],[135.824,35.5702]]],[[[135.8243,35.5703],[135.8244,35.5703],[135.8244,35.5702],[135.8243,35.5703]]],[[[135.8235,35.5705],[135.8234,35.5705],[135.8235,35.5705],[135.8235,35.5705]]],[[[135.8235,35.5707],[135.8235,35.5707],[135.8235,35.5707],[135.8235,35.5707]]],[[[135.8233,35.5709],[135.8233,35.5709],[135.8232,35.5709],[135.8233,35.5709]]],[[[135.8232,35.571],[135.8232,35.571],[135.8232,35.571],[135.8232,35.571]]],[[[135.8232,35.5712],[135.8232,35.5711],[135.8232,35.5711],[135.8232,35.5712]]],[[[135.8232,35.5712],[135.8232,35.5712],[135.8231,35.5712],[135.8232,35.5712]]],[[[135.8231,35.5714],[135.8231,35.5714],[135.8231,35.5713],[135.8231,35.5714]]],[[[135.823,35.5717],[135.823,35.5716],[135.823,35.5717],[135.823,35.5717]]],[[[135.8233,35.5717],[135.8232,35.5716],[135.8232,35.5717],[135.8233,35.5717]]],[[[135.8231,35.5723],[135.823,35.5723],[135.8229,35.5724],[135.8231,35.5723]]],[[[135.8279,35.6072],[135.8278,35.607],[135.8277,35.6071],[135.8279,35.6072]]],[[[135.8277,35.6073],[135.8277,35.6073],[135.8277,35.6073],[135.8277,35.6073]]],[[[135.8276,35.608],[135.8275,35.608],[135.8275,35.608],[135.8276,35.608]]],[[[135.8276,35.608],[135.8276,35.608],[135.8276,35.608],[135.8276,35.608]]],[[[135.8274,35.608],[135.8275,35.608],[135.8274,35.608],[135.8274,35.608]]],[[[135.8274,35.608],[135.8272,35.6081],[135.8274,35.608],[135.8274,35.608]]],[[[135.8275,35.6081],[135.8275,35.6081],[135.8274,35.6081],[135.8275,35.6081]]],[[[135.8274,35.6082],[135.8274,35.6082],[135.8274,35.6081],[135.8274,35.6082]]],[[[135.8273,35.6082],[135.8274,35.6083],[135.8274,35.6082],[135.8273,35.6082]]],[[[135.8272,35.6084],[135.8272,35.6084],[135.8272,35.6084],[135.8272,35.6084]]],[[[135.8266,35.6089],[135.8265,35.6088],[135.8265,35.6089],[135.8266,35.6089]]],[[[135.8267,35.6093],[135.8268,35.6093],[135.8267,35.6093],[135.8267,35.6093]]],[[[135.8266,35.6094],[135.8266,35.6094],[135.8266,35.6094],[135.8266,35.6094]]],[[[135.8264,35.6096],[135.8264,35.6096],[135.8264,35.6095],[135.8264,35.6096]]],[[[135.8268,35.61],[135.827,35.61],[135.8268,35.6099],[135.8268,35.61]]],[[[135.8269,35.6102],[135.8268,35.6102],[135.8269,35.6102],[135.8269,35.6102]]],[[[135.8267,35.6102],[135.8267,35.6103],[135.8267,35.6103],[135.8267,35.6102]]],[[[135.8266,35.6103],[135.8267,35.6103],[135.8266,35.6103],[135.8266,35.6103]]],[[[135.8265,35.6103],[135.8266,35.6103],[135.8266,35.6103],[135.8265,35.6103]]],[[[135.8265,35.6103],[135.8265,35.6103],[135.8263,35.6104],[135.8265,35.6103]]],[[[135.8274,35.6104],[135.8274,35.6104],[135.8274,35.6104],[135.8274,35.6104]]],[[[135.8273,35.6106],[135.8273,35.6105],[135.8273,35.6106],[135.8273,35.6106]]],[[[135.8274,35.6107],[135.8273,35.6106],[135.8273,35.6107],[135.8274,35.6107]]],[[[135.8274,35.6107],[135.8273,35.6107],[135.8273,35.6108],[135.8274,35.6107]]],[[[135.8273,35.6109],[135.8273,35.6109],[135.8273,35.611],[135.8273,35.6109]]],[[[135.8272,35.6109],[135.8271,35.611],[135.8272,35.611],[135.8272,35.6109]]],[[[135.8272,35.6113],[135.8271,35.6114],[135.8271,35.6114],[135.8272,35.6113]]],[[[135.8278,35.6115],[135.8278,35.6115],[135.8278,35.6115],[135.8278,35.6115]]],[[[135.8231,35.6286],[135.8231,35.6286],[135.8231,35.6286],[135.8231,35.6286]]],[[[135.823,35.6287],[135.823,35.6287],[135.823,35.6286],[135.823,35.6287]]],[[[135.8233,35.6287],[135.8233,35.6286],[135.8232,35.6287],[135.8233,35.6287]]],[[[135.8231,35.6287],[135.8231,35.6287],[135.8231,35.6286],[135.8231,35.6287]]],[[[135.823,35.6291],[135.8229,35.6291],[135.823,35.6291],[135.823,35.6291]]],[[[135.823,35.6299],[135.8231,35.63],[135.8231,35.6299],[135.823,35.6299]]],[[[135.8321,35.6013],[135.8321,35.6013],[135.8322,35.6013],[135.8321,35.6013]]],[[[135.8322,35.6021],[135.8322,35.6022],[135.8323,35.6022],[135.8322,35.6021]]],[[[135.8325,35.6021],[135.8325,35.6022],[135.8325,35.6022],[135.8325,35.6021]]],[[[135.8327,35.6026],[135.8328,35.6026],[135.8327,35.6026],[135.8327,35.6026]]],[[[135.8326,35.6026],[135.8326,35.6026],[135.8326,35.6027],[135.8326,35.6026]]],[[[135.8327,35.6026],[135.8327,35.6027],[135.8328,35.6027],[135.8327,35.6026]]],[[[135.8326,35.6027],[135.8328,35.6029],[135.8328,35.6027],[135.8326,35.6027]]],[[[135.8322,35.6028],[135.8324,35.6029],[135.8323,35.6028],[135.8322,35.6028]]],[[[135.8321,35.6031],[135.8321,35.6031],[135.8321,35.6031],[135.8321,35.6031]]],[[[135.8317,35.6031],[135.8317,35.6032],[135.8318,35.6031],[135.8317,35.6031]]],[[[135.8315,35.6034],[135.8316,35.6034],[135.8316,35.6034],[135.8315,35.6034]]],[[[135.8317,35.6035],[135.8318,35.6034],[135.8316,35.6034],[135.8317,35.6035]]],[[[135.8319,35.6035],[135.832,35.6035],[135.8319,35.6035],[135.8319,35.6035]]],[[[135.8318,35.6037],[135.8317,35.6037],[135.8317,35.6037],[135.8318,35.6037]]],[[[135.8319,35.6037],[135.8318,35.6037],[135.8318,35.6038],[135.8319,35.6037]]],[[[135.8311,35.6054],[135.831,35.6054],[135.831,35.6055],[135.8311,35.6054]]],[[[135.8304,35.6057],[135.8305,35.6057],[135.8306,35.6056],[135.8304,35.6057]]],[[[135.8305,35.6059],[135.8305,35.6059],[135.8305,35.6059],[135.8305,35.6059]]],[[[135.8299,35.606],[135.8299,35.6061],[135.83,35.6061],[135.8299,35.606]]],[[[135.83,35.6062],[135.8302,35.6062],[135.8301,35.6062],[135.83,35.6062]]],[[[135.8282,35.6071],[135.8283,35.6069],[135.8282,35.6069],[135.8282,35.6071]]],[[[135.83,35.6072],[135.83,35.6072],[135.83,35.6072],[135.83,35.6072]]],[[[135.828,35.6072],[135.8281,35.6072],[135.828,35.6071],[135.828,35.6072]]],[[[135.8299,35.6072],[135.8299,35.6072],[135.8299,35.6073],[135.8299,35.6072]]],[[[135.8287,35.6073],[135.8287,35.6073],[135.8286,35.6073],[135.8287,35.6073]]],[[[135.8282,35.6073],[135.8282,35.6073],[135.8282,35.6073],[135.8282,35.6073]]],[[[135.8278,35.6073],[135.8278,35.6073],[135.8278,35.6073],[135.8278,35.6073]]],[[[135.8287,35.6074],[135.8287,35.6073],[135.8287,35.6073],[135.8287,35.6074]]],[[[135.8279,35.6074],[135.828,35.6074],[135.8279,35.6073],[135.8279,35.6074]]],[[[135.8291,35.6074],[135.829,35.6074],[135.829,35.6074],[135.8291,35.6074]]],[[[135.8278,35.6079],[135.8278,35.6078],[135.8278,35.6079],[135.8278,35.6079]]],[[[135.8279,35.608],[135.8279,35.608],[135.8279,35.608],[135.8279,35.608]]],[[[135.8279,35.6115],[135.8279,35.6114],[135.8278,35.6115],[135.8279,35.6115]]],[[[135.8286,35.6118],[135.8285,35.6118],[135.8285,35.6118],[135.8286,35.6118]]],[[[135.8284,35.6118],[135.8284,35.6118],[135.8284,35.6118],[135.8284,35.6118]]],[[[135.829,35.6119],[135.829,35.6119],[135.829,35.6119],[135.829,35.6119]]],[[[135.8293,35.6121],[135.8294,35.6121],[135.8294,35.6121],[135.8293,35.6121]]],[[[135.8305,35.6122],[135.8305,35.6121],[135.8305,35.6121],[135.8305,35.6122]]],[[[135.8305,35.6123],[135.8306,35.6123],[135.8305,35.6122],[135.8305,35.6123]]],[[[135.8306,35.6123],[135.8306,35.6123],[135.8306,35.6123],[135.8306,35.6123]]],[[[135.8316,35.6129],[135.8316,35.6129],[135.8316,35.6129],[135.8316,35.6129]]],[[[135.8317,35.6129],[135.8316,35.6129],[135.8317,35.6129],[135.8317,35.6129]]],[[[135.8315,35.6129],[135.8316,35.6129],[135.8315,35.6129],[135.8315,35.6129]]],[[[135.8317,35.6131],[135.8317,35.613],[135.8317,35.6131],[135.8317,35.6131]]],[[[135.8318,35.6131],[135.8317,35.6131],[135.8318,35.6131],[135.8318,35.6131]]],[[[135.8316,35.6132],[135.8317,35.6132],[135.8316,35.6132],[135.8316,35.6132]]],[[[135.8318,35.6132],[135.8318,35.6132],[135.8318,35.6132],[135.8318,35.6132]]],[[[135.8318,35.6133],[135.8318,35.6133],[135.8318,35.6133],[135.8318,35.6133]]],[[[135.8339,35.5624],[135.8339,35.5624],[135.8339,35.5624],[135.8339,35.5624]]],[[[135.8336,35.5626],[135.8336,35.5626],[135.8336,35.5625],[135.8336,35.5626]]],[[[135.8401,35.5653],[135.8401,35.5653],[135.8401,35.5653],[135.8401,35.5653]]],[[[135.8403,35.5653],[135.8402,35.5653],[135.8402,35.5654],[135.8403,35.5653]]],[[[135.8401,35.5653],[135.84,35.5653],[135.8399,35.5654],[135.8401,35.5653]]],[[[135.8401,35.5654],[135.8401,35.5654],[135.8402,35.5654],[135.8401,35.5654]]],[[[135.84,35.5655],[135.84,35.5655],[135.84,35.5655],[135.84,35.5655]]],[[[135.8399,35.5657],[135.8399,35.5656],[135.8399,35.5657],[135.8399,35.5657]]],[[[135.8406,35.5671],[135.8406,35.5671],[135.8406,35.5671],[135.8406,35.5671]]],[[[135.8405,35.5671],[135.8405,35.5672],[135.8405,35.5671],[135.8405,35.5671]]],[[[135.8401,35.5682],[135.84,35.5682],[135.8401,35.5683],[135.8401,35.5682]]],[[[135.8398,35.5683],[135.8399,35.5684],[135.84,35.5683],[135.8398,35.5683]]],[[[135.84,35.5685],[135.8401,35.5685],[135.84,35.5684],[135.84,35.5685]]],[[[135.8401,35.5685],[135.8401,35.5685],[135.8401,35.5685],[135.8401,35.5685]]],[[[135.8403,35.5686],[135.8403,35.5686],[135.8402,35.5686],[135.8403,35.5686]]],[[[135.8406,35.5687],[135.8406,35.5686],[135.8405,35.5686],[135.8406,35.5687]]],[[[135.841,35.5688],[135.841,35.5689],[135.8411,35.5689],[135.841,35.5688]]],[[[135.8408,35.5689],[135.8408,35.5688],[135.8408,35.5689],[135.8408,35.5689]]],[[[135.8418,35.5693],[135.8417,35.5693],[135.8418,35.5694],[135.8418,35.5693]]],[[[135.8361,35.5768],[135.8361,35.5769],[135.8361,35.5768],[135.8361,35.5768]]],[[[135.8368,35.5769],[135.8368,35.5769],[135.8369,35.5768],[135.8368,35.5769]]],[[[135.8374,35.577],[135.8376,35.5771],[135.8374,35.577],[135.8374,35.577]]],[[[135.8373,35.5771],[135.8374,35.5772],[135.8375,35.5771],[135.8373,35.5771]]],[[[135.835,35.5774],[135.8352,35.5774],[135.835,35.5774],[135.835,35.5774]]],[[[135.835,35.5779],[135.8351,35.5779],[135.8351,35.5778],[135.835,35.5779]]],[[[135.8354,35.5772],[135.8349,35.5792],[135.8342,35.5797],[135.8377,35.5784],[135.8378,35.5771],[135.8375,35.5772],[135.8361,35.5769],[135.8354,35.5772]]],[[[135.8378,35.5785],[135.8378,35.5785],[135.8378,35.5785],[135.8378,35.5785]]],[[[135.8379,35.5785],[135.838,35.5785],[135.8379,35.5785],[135.8379,35.5785]]],[[[135.838,35.5785],[135.838,35.5788],[135.8381,35.5785],[135.838,35.5785]]],[[[135.8379,35.5787],[135.8378,35.5787],[135.8379,35.5787],[135.8379,35.5787]]],[[[135.838,35.5788],[135.8379,35.5788],[135.838,35.5788],[135.838,35.5788]]],[[[135.8373,35.5791],[135.8373,35.5791],[135.8372,35.5791],[135.8373,35.5791]]],[[[135.8342,35.5792],[135.8345,35.5793],[135.8344,35.579],[135.8342,35.5792]]],[[[135.837,35.5791],[135.8371,35.5792],[135.8371,35.5791],[135.837,35.5791]]],[[[135.8371,35.5793],[135.8371,35.5792],[135.8371,35.5793],[135.8371,35.5793]]],[[[135.8361,35.5795],[135.8361,35.5794],[135.8361,35.5795],[135.8361,35.5795]]],[[[135.8329,35.602],[135.8327,35.6025],[135.833,35.6022],[135.8329,35.602]]],[[[135.8327,35.6026],[135.8329,35.6026],[135.8328,35.6026],[135.8327,35.6026]]],[[[135.8376,35.6067],[135.8376,35.6067],[135.8376,35.6067],[135.8376,35.6067]]],[[[135.8377,35.6067],[135.8378,35.6067],[135.8377,35.6067],[135.8377,35.6067]]],[[[135.8341,35.6145],[135.8341,35.6145],[135.8341,35.6145],[135.8341,35.6145]]],[[[135.8343,35.6146],[135.8343,35.6146],[135.8344,35.6146],[135.8343,35.6146]]],[[[135.8348,35.6153],[135.8347,35.6152],[135.8346,35.6152],[135.8348,35.6153]]],[[[135.8351,35.6155],[135.835,35.6156],[135.8351,35.6156],[135.8351,35.6155]]],[[[135.834,35.6228],[135.834,35.6228],[135.834,35.6228],[135.834,35.6228]]],[[[135.834,35.6228],[135.834,35.6228],[135.834,35.6228],[135.834,35.6228]]],[[[135.8341,35.6228],[135.834,35.6228],[135.8341,35.6229],[135.8341,35.6228]]],[[[135.8338,35.6229],[135.8338,35.6229],[135.8338,35.6228],[135.8338,35.6229]]],[[[135.8425,35.5701],[135.8426,35.57],[135.8425,35.57],[135.8425,35.5701]]],[[[135.8424,35.5704],[135.8424,35.5704],[135.8424,35.5704],[135.8424,35.5704]]],[[[135.8424,35.5708],[135.8424,35.5708],[135.8424,35.5708],[135.8424,35.5708]]],[[[135.8425,35.5708],[135.8425,35.5708],[135.8425,35.5708],[135.8425,35.5708]]],[[[135.8423,35.571],[135.8422,35.571],[135.8423,35.5711],[135.8423,35.571]]],[[[135.8457,35.571],[135.8457,35.571],[135.8457,35.571],[135.8457,35.571]]],[[[135.8427,35.571],[135.8426,35.571],[135.8427,35.571],[135.8427,35.571]]],[[[135.8459,35.571],[135.8459,35.571],[135.8459,35.5711],[135.8459,35.571]]],[[[135.8445,35.5711],[135.8445,35.5711],[135.8445,35.5711],[135.8445,35.5711]]],[[[135.845,35.5711],[135.845,35.5711],[135.845,35.5711],[135.845,35.5711]]],[[[135.8425,35.5711],[135.8424,35.5711],[135.8425,35.5711],[135.8425,35.5711]]],[[[135.8455,35.5711],[135.8456,35.5712],[135.8456,35.571],[135.8455,35.5711]]],[[[135.845,35.5711],[135.845,35.5711],[135.8449,35.5711],[135.845,35.5711]]],[[[135.8449,35.5711],[135.8449,35.5711],[135.8449,35.5711],[135.8449,35.5711]]],[[[135.845,35.5711],[135.8451,35.5712],[135.8451,35.5712],[135.845,35.5711]]],[[[135.8451,35.5712],[135.8451,35.5712],[135.8451,35.5712],[135.8451,35.5712]]],[[[135.8438,35.5712],[135.8438,35.5712],[135.8438,35.5712],[135.8438,35.5712]]],[[[135.8422,35.5712],[135.8422,35.5712],[135.8423,35.5712],[135.8422,35.5712]]],[[[135.8451,35.5712],[135.8451,35.5713],[135.8451,35.5713],[135.8451,35.5712]]],[[[135.8478,35.5764],[135.8478,35.5764],[135.8478,35.5763],[135.8478,35.5764]]],[[[135.8479,35.5767],[135.848,35.5766],[135.8479,35.5766],[135.8479,35.5767]]],[[[135.8479,35.5769],[135.8479,35.5769],[135.8479,35.577],[135.8479,35.5769]]],[[[135.848,35.5772],[135.8481,35.5772],[135.848,35.5772],[135.848,35.5772]]],[[[135.8478,35.5774],[135.8478,35.5774],[135.8478,35.5774],[135.8478,35.5774]]],[[[135.8479,35.5778],[135.848,35.5778],[135.8479,35.5778],[135.8479,35.5778]]],[[[135.8457,35.6009],[135.8459,35.601],[135.846,35.6009],[135.8457,35.6009]]],[[[135.8458,35.6013],[135.8459,35.6013],[135.846,35.6012],[135.8458,35.6013]]],[[[135.8444,35.6013],[135.8444,35.6013],[135.8444,35.6014],[135.8444,35.6013]]],[[[135.8462,35.6013],[135.8462,35.6014],[135.8462,35.6014],[135.8462,35.6013]]],[[[135.8443,35.6014],[135.8443,35.6013],[135.8443,35.6014],[135.8443,35.6014]]],[[[135.8463,35.6014],[135.8463,35.6014],[135.8463,35.6014],[135.8463,35.6014]]],[[[135.8457,35.6014],[135.8458,35.6014],[135.8457,35.6014],[135.8457,35.6014]]],[[[135.8456,35.6014],[135.8455,35.6015],[135.8456,35.6014],[135.8456,35.6014]]],[[[135.8465,35.6014],[135.8465,35.6014],[135.8465,35.6014],[135.8465,35.6014]]],[[[135.8466,35.6014],[135.8465,35.6014],[135.8466,35.6015],[135.8466,35.6014]]],[[[135.8467,35.6015],[135.8466,35.6015],[135.8467,35.6015],[135.8467,35.6015]]],[[[135.8474,35.6017],[135.8474,35.6017],[135.8474,35.6017],[135.8474,35.6017]]],[[[135.847,35.6018],[135.8469,35.6017],[135.8469,35.6018],[135.847,35.6018]]],[[[135.8472,35.6018],[135.8472,35.6018],[135.8472,35.6018],[135.8472,35.6018]]],[[[135.8443,35.6018],[135.8443,35.6018],[135.8443,35.6018],[135.8443,35.6018]]],[[[135.8443,35.6019],[135.8443,35.6018],[135.8443,35.6018],[135.8443,35.6019]]],[[[135.8443,35.6019],[135.8443,35.6019],[135.8443,35.6019],[135.8443,35.6019]]],[[[135.8437,35.6022],[135.8438,35.6025],[135.8439,35.6023],[135.8437,35.6022]]],[[[135.844,35.6026],[135.844,35.6027],[135.844,35.6026],[135.844,35.6026]]],[[[135.8441,35.6027],[135.844,35.6027],[135.8441,35.6027],[135.8441,35.6027]]],[[[135.8441,35.6028],[135.8441,35.6028],[135.8441,35.6029],[135.8441,35.6028]]],[[[135.8444,35.6033],[135.8444,35.6034],[135.8445,35.6034],[135.8444,35.6033]]],[[[135.8448,35.604],[135.8447,35.604],[135.8448,35.6041],[135.8448,35.604]]],[[[135.8853,35.5989],[135.8892,35.5978],[135.894,35.6006],[135.8975,35.6012],[135.9012,35.6042],[135.902,35.6031],[135.9013,35.5982],[135.9031,35.5982],[135.9054,35.6006],[135.9087,35.5943],[135.9074,35.5917],[135.9086,35.5913],[135.9077,35.5896],[135.9109,35.5886],[135.9126,35.5874],[135.9125,35.5861],[135.9164,35.5844],[135.9152,35.5828],[135.9168,35.5808],[135.9206,35.5794],[135.9316,35.5797],[135.9367,35.5775],[135.9372,35.5759],[135.9405,35.5737],[135.942,35.5675],[135.9439,35.5654],[135.9426,35.5618],[135.9462,35.5553],[135.9449,35.551],[135.9509,35.5447],[135.954,35.5357],[135.9529,35.5327],[135.9542,35.5262],[135.9512,35.5247],[135.947,35.5205],[135.9445,35.5214],[135.9397,35.5205],[135.9376,35.514],[135.938,35.5112],[135.9353,35.5039],[135.9332,35.5023],[135.93,35.4923],[135.9244,35.4896],[135.9236,35.4867],[135.9223,35.4859],[135.9237,35.4815],[135.9216,35.4781],[135.9217,35.4759],[135.9198,35.4753],[135.916,35.471],[135.9174,35.4671],[135.9149,35.4591],[135.9156,35.4557],[135.9146,35.4519],[135.9125,35.4487],[135.9098,35.447],[135.9106,35.4457],[135.9132,35.4451],[135.9123,35.441],[135.9146,35.438],[135.9142,35.4321],[135.9081,35.4295],[135.9027,35.4294],[135.901,35.4258],[135.893,35.4198],[135.8936,35.4107],[135.8906,35.4032],[135.8803,35.4006],[135.8752,35.3973],[135.8674,35.3948],[135.8607,35.3951],[135.8543,35.4009],[135.8556,35.409],[135.8531,35.4115],[135.8541,35.4148],[135.8579,35.4182],[135.8588,35.4263],[135.8604,35.4285],[135.8592,35.4323],[135.8573,35.433],[135.8491,35.4423],[135.8428,35.4425],[135.8409,35.4413],[135.836,35.4434],[135.8292,35.4485],[135.819,35.4515],[135.8152,35.4571],[135.8154,35.4624],[135.8101,35.4661],[135.8098,35.4698],[135.8125,35.4742],[135.8119,35.4757],[135.8003,35.4811],[135.7987,35.4828],[135.7994,35.4853],[135.7973,35.4858],[135.7964,35.4881],[135.7972,35.4899],[135.8032,35.491],[135.8094,35.4899],[135.8147,35.4872],[135.8164,35.4838],[135.8249,35.4793],[135.8349,35.4835],[135.8375,35.4825],[135.8432,35.4843],[135.8448,35.4868],[135.8423,35.4951],[135.8453,35.5023],[135.8409,35.5076],[135.8424,35.5098],[135.8415,35.513],[135.8375,35.5155],[135.8321,35.5225],[135.8414,35.5307],[135.8428,35.5336],[135.8484,35.5357],[135.8513,35.541],[135.8442,35.5492],[135.8394,35.5501],[135.8355,35.5541],[135.8338,35.5542],[135.8274,35.5583],[135.822,35.5598],[135.8191,35.566],[135.8147,35.567],[135.8131,35.5689],[135.8152,35.5716],[135.8164,35.5715],[135.817,35.5726],[135.8176,35.5724],[135.819,35.5731],[135.8197,35.5742],[135.8199,35.5738],[135.8205,35.5735],[135.8207,35.5739],[135.8208,35.5736],[135.8212,35.5737],[135.8217,35.5731],[135.8223,35.5731],[135.8221,35.5728],[135.8236,35.57],[135.8278,35.5685],[135.8279,35.564],[135.8346,35.5618],[135.8354,35.5627],[135.8356,35.5619],[135.8376,35.5623],[135.8382,35.5635],[135.8397,35.5632],[135.8409,35.5646],[135.8399,35.5648],[135.8403,35.5653],[135.84,35.5661],[135.8408,35.5668],[135.8401,35.5683],[135.8421,35.5693],[135.8425,35.5698],[135.8428,35.5704],[135.8425,35.571],[135.8473,35.5708],[135.8493,35.5715],[135.8485,35.5723],[135.849,35.5721],[135.8501,35.5734],[135.8501,35.5734],[135.8501,35.5734],[135.8501,35.5735],[135.8493,35.5744],[135.848,35.5724],[135.8477,35.5724],[135.8492,35.5747],[135.8481,35.5775],[135.8492,35.5776],[135.8499,35.5781],[135.8509,35.5788],[135.8545,35.5784],[135.8555,35.5795],[135.8546,35.5808],[135.8575,35.5819],[135.857,35.584],[135.8542,35.5872],[135.8568,35.5875],[135.8576,35.5893],[135.8555,35.5921],[135.8534,35.5913],[135.8533,35.5917],[135.8523,35.5919],[135.8556,35.596],[135.8555,35.5975],[135.8546,35.5987],[135.8556,35.6003],[135.8535,35.6031],[135.8509,35.6033],[135.8485,35.6026],[135.8466,35.6016],[135.8465,35.6015],[135.8464,35.6014],[135.8463,35.6014],[135.8458,35.6013],[135.8458,35.6015],[135.8454,35.6016],[135.8451,35.6015],[135.845,35.6017],[135.8445,35.6016],[135.8444,35.6021],[135.8439,35.6021],[135.8439,35.6026],[135.8441,35.6026],[135.8448,35.6036],[135.8449,35.6059],[135.8412,35.6076],[135.8393,35.6076],[135.8386,35.6068],[135.8394,35.6065],[135.839,35.6064],[135.8382,35.6071],[135.8369,35.6065],[135.8325,35.6029],[135.8302,35.6071],[135.8293,35.6076],[135.8279,35.6074],[135.828,35.608],[135.827,35.6088],[135.8273,35.6094],[135.8265,35.6096],[135.8275,35.6103],[135.8276,35.6108],[135.8273,35.6114],[135.8278,35.6112],[135.8305,35.6121],[135.8305,35.6121],[135.8346,35.6146],[135.8358,35.6159],[135.8383,35.6157],[135.839,35.6203],[135.8363,35.6237],[135.8343,35.6228],[135.8349,35.622],[135.8341,35.6229],[135.8293,35.6243],[135.8238,35.6241],[135.8255,35.6271],[135.8249,35.6285],[135.823,35.6288],[135.8237,35.6314],[135.827,35.6316],[135.8319,35.6296],[135.8326,35.6298],[135.8329,35.6301],[135.833,35.6303],[135.8331,35.6304],[135.8331,35.6305],[135.8243,35.6372],[135.8215,35.6373],[135.8197,35.6347],[135.8146,35.6323],[135.8131,35.6349],[135.8128,35.639],[135.8152,35.6397],[135.8146,35.6422],[135.8172,35.641],[135.8217,35.6413],[135.8277,35.6377],[135.8305,35.6372],[135.834,35.6345],[135.8396,35.6347],[135.8409,35.633],[135.8399,35.627],[135.8481,35.6176],[135.8482,35.6147],[135.8559,35.6078],[135.8608,35.6065],[135.8645,35.6029],[135.8706,35.6013],[135.8747,35.604],[135.8741,35.6073],[135.8789,35.6086],[135.8818,35.6067],[135.8853,35.5989]],[[135.8955,35.5924],[135.8908,35.594],[135.8895,35.5928],[135.8962,35.5913],[135.898,35.593],[135.8955,35.5924]],[[135.9061,35.5889],[135.9038,35.591],[135.9006,35.5917],[135.901,35.5927],[135.8988,35.5929],[135.8975,35.5919],[135.8997,35.5894],[135.9041,35.5873],[135.9061,35.5889]]],[[[135.8501,35.5734],[135.8501,35.5734],[135.85,35.5734],[135.8501,35.5734]]],[[[135.85,35.5734],[135.85,35.5734],[135.85,35.5734],[135.85,35.5734]]],[[[135.849,35.5746],[135.8489,35.5746],[135.849,35.5746],[135.849,35.5746]]],[[[135.8489,35.5746],[135.8488,35.5746],[135.8488,35.5747],[135.8489,35.5746]]],[[[135.849,35.5747],[135.8489,35.5747],[135.8489,35.5747],[135.849,35.5747]]],[[[135.8491,35.5747],[135.849,35.5747],[135.8491,35.5748],[135.8491,35.5747]]],[[[135.8488,35.5748],[135.8487,35.5748],[135.8488,35.5748],[135.8488,35.5748]]],[[[135.8489,35.5749],[135.8489,35.5749],[135.8489,35.5749],[135.8489,35.5749]]],[[[135.8487,35.5753],[135.8488,35.5752],[135.8488,35.5752],[135.8487,35.5753]]],[[[135.8483,35.5762],[135.8483,35.5762],[135.8482,35.5762],[135.8483,35.5762]]],[[[135.8481,35.5769],[135.848,35.5769],[135.848,35.5769],[135.8481,35.5769]]],[[[135.848,35.5774],[135.848,35.5774],[135.8481,35.5774],[135.848,35.5774]]],[[[135.8489,35.5777],[135.8488,35.5777],[135.8488,35.5777],[135.8489,35.5777]]],[[[135.8481,35.5778],[135.8481,35.5778],[135.8481,35.5778],[135.8481,35.5778]]],[[[135.8486,35.578],[135.8486,35.578],[135.8485,35.578],[135.8486,35.578]]],[[[135.8493,35.5781],[135.8492,35.5781],[135.8493,35.5781],[135.8493,35.5781]]],[[[135.8499,35.5782],[135.8499,35.5781],[135.8499,35.5782],[135.8499,35.5782]]],[[[135.8493,35.5781],[135.8488,35.5784],[135.8491,35.5784],[135.8493,35.5781]]],[[[135.8499,35.5784],[135.8501,35.5784],[135.8501,35.5784],[135.8499,35.5784]]],[[[135.8498,35.5785],[135.8498,35.5787],[135.85,35.5785],[135.8498,35.5785]]],[[[135.8501,35.5787],[135.85,35.5787],[135.85,35.5787],[135.8501,35.5787]]],[[[135.8506,35.5788],[135.8506,35.5787],[135.8505,35.5788],[135.8506,35.5788]]],[[[135.8508,35.5789],[135.8508,35.5789],[135.8509,35.5788],[135.8508,35.5789]]],[[[135.8507,35.5789],[135.8507,35.5789],[135.8507,35.5789],[135.8507,35.5789]]],[[[135.8523,35.5789],[135.8522,35.5789],[135.8523,35.5789],[135.8523,35.5789]]],[[[135.8527,35.5791],[135.8527,35.5791],[135.8527,35.5791],[135.8527,35.5791]]],[[[135.8515,35.5792],[135.8516,35.5791],[135.8514,35.5791],[135.8515,35.5792]]],[[[135.8525,35.5792],[135.8525,35.5793],[135.8526,35.5792],[135.8525,35.5792]]],[[[135.8517,35.5793],[135.8516,35.5794],[135.8517,35.5793],[135.8517,35.5793]]],[[[135.8517,35.5794],[135.8517,35.5794],[135.8517,35.5793],[135.8517,35.5794]]],[[[135.8545,35.5806],[135.8545,35.5806],[135.8545,35.5806],[135.8545,35.5806]]],[[[135.8545,35.5808],[135.8545,35.5808],[135.8545,35.5808],[135.8545,35.5808]]],[[[135.8542,35.581],[135.8545,35.5811],[135.8545,35.5808],[135.8542,35.581]]],[[[135.8542,35.5812],[135.8542,35.581],[135.8541,35.5812],[135.8542,35.5812]]],[[[135.8563,35.5841],[135.8563,35.5841],[135.8565,35.5841],[135.8563,35.5841]]],[[[135.8531,35.5915],[135.8532,35.5915],[135.8531,35.5915],[135.8531,35.5915]]],[[[135.8522,35.5915],[135.8521,35.5915],[135.8522,35.5916],[135.8522,35.5915]]],[[[135.8519,35.5917],[135.8519,35.5918],[135.852,35.5918],[135.8519,35.5917]]],[[[135.8523,35.5924],[135.8523,35.5924],[135.8523,35.5923],[135.8523,35.5924]]],[[[135.8523,35.5924],[135.8523,35.5924],[135.8523,35.5924],[135.8523,35.5924]]],[[[135.8518,35.5926],[135.8518,35.5925],[135.8516,35.5926],[135.8518,35.5926]]],[[[135.8524,35.5933],[135.8526,35.5933],[135.8525,35.5933],[135.8524,35.5933]]],[[[135.8549,35.5979],[135.8548,35.598],[135.8551,35.598],[135.8549,35.5979]]],[[[135.8482,35.6023],[135.8481,35.6023],[135.8481,35.6024],[135.8482,35.6023]]],[[[135.8491,35.6027],[135.8492,35.6027],[135.8491,35.6027],[135.8491,35.6027]]],[[[135.8504,35.6031],[135.8504,35.6031],[135.8503,35.6031],[135.8504,35.6031]]]]}}]}