{"type":"FeatureCollection","pref_code":"26","features":[{"type":"Feature","properties":{"code":"26202","name":"舞鶴市","pref_code":"26","pref":"京都府"},"geometry":{"type":"MultiPolygon","coordinates":[[[[135.3155,35.4582],[135.3162,35.4562],[135.3125,35.4553],[135.3162,35.4563],[135.3155,35.4582]]],[[[135.3316,35.4737],[135.3323,35.4731],[135.3343,35.4747],[135.336,35.4732],[135.3314,35.4695],[135.3295,35.4704],[135.3316,35.4737]]],[[[135.3193,35.4721],[135.3193,35.4721],[135.3195,35.4727],[135.3193,35.4721]]],[[[135.3362,35.4725],[135.3362,35.4723],[135.3361,35.4723],[135.3362,35.4725]]],[[[135.322,35.4782],[135.3216,35.4785],[135.3222,35.4786],[135.322,35.4782]]],[[[135.3438,35.4909],[135.3445,35.4896],[135.346,35.4898],[135.3461,35.4888],[135.3442,35.4881],[135.3438,35.4909]]],[[[135.3538,35.4915],[135.3538,35.4914],[135.3538,35.4915],[135.3538,35.4915]]],[[[135.3542,35.4917],[135.3541,35.4917],[135.3542,35.4917],[135.3542,35.4917]]],[[[135.4518,35.5908],[135.455,35.5879],[135.4561,35.5848],[135.4537,35.5846],[135.4533,35.5831],[135.451,35.5823],[135.4512,35.5809],[135.4503,35.581],[135.4495,35.5804],[135.4492,35.5799],[135.4495,35.5783],[135.4484,35.5792],[135.4479,35.5785],[135.4502,35.577],[135.449,35.5767],[135.4492,35.5738],[135.4501,35.5733],[135.4494,35.5728],[135.4496,35.572],[135.4501,35.5716],[135.4501,35.5711],[135.4512,35.5708],[135.4512,35.5687],[135.4533,35.5673],[135.454,35.5686],[135.4558,35.5684],[135.4557,35.5694],[135.4549,35.5699],[135.4548,35.5701],[135.4534,35.5702],[135.4532,35.5703],[135.4549,35.5702],[135.4562,35.569],[135.4571,35.571],[135.4586,35.5693],[135.4598,35.5708],[135.4605,35.5703],[135.4611,35.5712],[135.4621,35.5705],[135.4651,35.5712],[135.4653,35.5691],[135.4686,35.5662],[135.4651,35.5643],[135.4658,35.562],[135.4681,35.5619],[135.4682,35.5623],[135.4683,35.5619],[135.4711,35.5641],[135.4732,35.5634],[135.471,35.5608],[135.4733,35.557],[135.4812,35.559],[135.4866,35.5579],[135.4668,35.5519],[135.4605,35.5485],[135.4603,35.5439],[135.4542,35.5376],[135.4545,35.5341],[135.4494,35.5259],[135.4499,35.5208],[135.4522,35.5209],[135.4541,35.5181],[135.4641,35.513],[135.4668,35.5093],[135.4728,35.5083],[135.4762,35.5055],[135.4726,35.5012],[135.4762,35.4894],[135.4748,35.488],[135.4727,35.49],[135.4704,35.4891],[135.4696,35.4847],[135.4669,35.484],[135.4664,35.4821],[135.4625,35.4788],[135.459,35.4732],[135.4597,35.4707],[135.4583,35.4685],[135.4628,35.4622],[135.4671,35.4604],[135.4707,35.4554],[135.4681,35.4522],[135.4665,35.4521],[135.4656,35.449],[135.4632,35.4471],[135.4628,35.4451],[135.4588,35.4449],[135.4579,35.4406],[135.4537,35.4397],[135.4484,35.4358],[135.4486,35.4349],[135.445,35.4314],[135.4413,35.4316],[135.4345,35.4289],[135.431,35.4303],[135.43,35.4331],[135.4277,35.4338],[135.4257,35.4331],[135.4246,35.4296],[135.4199,35.426],[135.4146,35.4247],[135.414,35.4266],[135.4087,35.4279],[135.4073,35.4252],[135.4074,35.4219],[135.4052,35.4185],[135.4062,35.4157],[135.403,35.4119],[135.4065,35.4082],[135.4063,35.406],[135.4084,35.4035],[135.4075,35.4017],[135.4097,35.4003],[135.4081,35.3944],[135.4032,35.3948],[135.4008,35.3901],[135.3917,35.3826],[135.384,35.38],[135.381,35.3827],[135.3824,35.3859],[135.3777,35.3941],[135.3759,35.3948],[135.3682,35.3924],[135.361,35.3949],[135.3606,35.3964],[135.359,35.3968],[135.355,35.3941],[135.3538,35.3946],[135.3509,35.3933],[135.3503,35.3886],[135.3475,35.3866],[135.3435,35.3893],[135.3423,35.389],[135.3389,35.3934],[135.3378,35.3912],[135.3333,35.3905],[135.3313,35.3876],[135.3292,35.3866],[135.3232,35.3876],[135.3193,35.3853],[135.3178,35.3862],[135.3104,35.3829],[135.3068,35.3852],[135.3043,35.385],[135.3027,35.3871],[135.297,35.3897],[135.2954,35.3968],[135.2929,35.3959],[135.2881,35.3985],[135.2832,35.3989],[135.2778,35.3969],[135.2748,35.3979],[135.2707,35.3963],[135.2666,35.3996],[135.2609,35.3995],[135.257,35.3985],[135.2543,35.399],[135.2506,35.3955],[135.2466,35.3968],[135.2443,35.3956],[135.2411,35.3969],[135.2389,35.396],[135.2344,35.3984],[135.2292,35.3963],[135.2258,35.3971],[135.223,35.3997],[135.2212,35.4058],[135.2187,35.4076],[135.2184,35.4097],[135.2167,35.4113],[135.2146,35.4127],[135.21,35.4128],[135.2068,35.4152],[135.2036,35.4143],[135.2038,35.4176],[135.2054,35.4201],[135.2048,35.4243],[135.2006,35.4271],[135.1963,35.427],[135.1956,35.4295],[135.1932,35.4305],[135.1875,35.4306],[135.1853,35.4316],[135.1828,35.4298],[135.1802,35.4307],[135.1745,35.4282],[135.17,35.429],[135.1689,35.4304],[135.171,35.4371],[135.1668,35.4419],[135.1685,35.444],[135.1711,35.4446],[135.1726,35.4489],[135.1699,35.4509],[135.1652,35.4518],[135.1631,35.4539],[135.1594,35.4538],[135.1594,35.4554],[135.1618,35.4575],[135.1659,35.4562],[135.1742,35.4568],[135.1758,35.4585],[135.1849,35.4625],[135.1859,35.4641],[135.186,35.4699],[135.1936,35.4737],[135.2015,35.4817],[135.2019,35.484],[135.2005,35.4856],[135.202,35.4873],[135.2011,35.49],[135.2095,35.4932],[135.2188,35.493],[135.2213,35.5007],[135.2232,35.5012],[135.2238,35.5036],[135.2279,35.5054],[135.2295,35.5082],[135.2314,35.5084],[135.2342,35.5112],[135.2417,35.5073],[135.2448,35.5076],[135.2472,35.5097],[135.2542,35.5105],[135.2563,35.5078],[135.2603,35.5065],[135.2607,35.5044],[135.2625,35.5033],[135.2659,35.4981],[135.2717,35.4961],[135.274,35.4935],[135.2737,35.4922],[135.284,35.4898],[135.2847,35.4944],[135.2866,35.4992],[135.2877,35.4996],[135.2885,35.5161],[135.2988,35.5152],[135.3107,35.5123],[135.3144,35.5157],[135.3172,35.5203],[135.3171,35.5226],[135.3202,35.5247],[135.3202,35.5251],[135.3238,35.5257],[135.3241,35.5257],[135.3255,35.5221],[135.327,35.5212],[135.3268,35.518],[135.3318,35.516],[135.3325,35.5124],[135.3316,35.5099],[135.3349,35.5045],[135.3339,35.504],[135.3341,35.5023],[135.3339,35.5038],[135.3331,35.5035],[135.3332,35.5018],[135.3341,35.5019],[135.3332,35.5017],[135.3321,35.4952],[135.3304,35.4924],[135.3278,35.4905],[135.3244,35.4902],[135.3239,35.4891],[135.3245,35.4879],[135.3229,35.4866],[135.3249,35.4846],[135.3235,35.4829],[135.3255,35.4828],[135.3249,35.4809],[135.3243,35.4819],[135.3168,35.4796],[135.3168,35.4761],[135.3184,35.4762],[135.3187,35.4779],[135.32,35.4782],[135.322,35.4758],[135.32,35.4747],[135.3198,35.4729],[135.3165,35.4732],[135.3152,35.4714],[135.319,35.4711],[135.3195,35.4696],[135.3202,35.4714],[135.3188,35.4717],[135.3202,35.4714],[135.3195,35.4695],[135.3191,35.4696],[135.3186,35.4674],[135.3173,35.4668],[135.3166,35.4641],[135.3175,35.4639],[135.3164,35.4638],[135.3179,35.4634],[135.3162,35.4588],[135.3153,35.4586],[135.3148,35.4599],[135.3109,35.4581],[135.3134,35.4524],[135.3153,35.4537],[135.3167,35.4511],[135.3185,35.4516],[135.3177,35.4535],[135.3193,35.4539],[135.3201,35.452],[135.3217,35.4524],[135.3205,35.4564],[135.3211,35.458],[135.3228,35.4561],[135.3245,35.4571],[135.3259,35.4566],[135.3248,35.459],[135.3268,35.4594],[135.3263,35.4612],[135.3275,35.4599],[135.327,35.4638],[135.3255,35.4637],[135.3256,35.4626],[135.3261,35.4621],[135.3261,35.4619],[135.3256,35.4626],[135.3254,35.4638],[135.327,35.4639],[135.3263,35.4649],[135.3301,35.4653],[135.331,35.4687],[135.3354,35.4702],[135.3374,35.4731],[135.3475,35.4753],[135.3477,35.4768],[135.3457,35.4792],[135.349,35.4817],[135.3462,35.4824],[135.3408,35.4798],[135.3423,35.4832],[135.3463,35.4839],[135.3495,35.4864],[135.3481,35.4895],[135.3488,35.4905],[135.3498,35.4895],[135.3503,35.4908],[135.3473,35.4931],[135.3474,35.4945],[135.351,35.4916],[135.3544,35.4923],[135.3528,35.4904],[135.3546,35.4885],[135.359,35.4889],[135.3606,35.4875],[135.3634,35.4879],[135.3669,35.4902],[135.3681,35.4903],[135.3687,35.4889],[135.3716,35.4902],[135.3729,35.4886],[135.3741,35.4893],[135.3734,35.4911],[135.3749,35.4917],[135.3795,35.4905],[135.3787,35.4878],[135.3827,35.4847],[135.3811,35.4831],[135.3797,35.4841],[135.3798,35.4829],[135.378,35.4831],[135.3772,35.481],[135.3727,35.4814],[135.3718,35.4769],[135.3832,35.4782],[135.3861,35.4752],[135.3871,35.4766],[135.3853,35.4774],[135.3854,35.4787],[135.3901,35.4804],[135.3898,35.4823],[135.3919,35.4828],[135.3941,35.4776],[135.3982,35.4789],[135.3964,35.4835],[135.3949,35.4847],[135.3975,35.4922],[135.4009,35.4943],[135.3979,35.4964],[135.4009,35.5005],[135.3994,35.5013],[135.3961,35.4991],[135.3939,35.4996],[135.3905,35.5077],[135.3915,35.509],[135.3942,35.5087],[135.3936,35.5108],[135.3974,35.5147],[135.3951,35.5169],[135.3918,35.5173],[135.3888,35.5164],[135.3879,35.5134],[135.3862,35.5134],[135.3846,35.5116],[135.3835,35.5087],[135.3846,35.5075],[135.3838,35.5042],[135.38,35.5024],[135.3779,35.5047],[135.3724,35.5063],[135.3706,35.505],[135.3655,35.5056],[135.3639,35.5041],[135.3589,35.5054],[135.3556,35.5023],[135.3505,35.5049],[135.3435,35.5041],[135.3453,35.5065],[135.3421,35.5074],[135.3441,35.5092],[135.3459,35.5099],[135.3452,35.5093],[135.346,35.5087],[135.3474,35.5098],[135.3459,35.5129],[135.3436,35.5139],[135.344,35.5157],[135.348,35.5164],[135.3498,35.5192],[135.3486,35.5215],[135.3448,35.5213],[135.3458,35.5204],[135.3386,35.5229],[135.3448,35.5211],[135.3377,35.5252],[135.3363,35.534],[135.3367,35.5404],[135.339,35.5435],[135.3387,35.5478],[135.3425,35.5519],[135.3438,35.5519],[135.3439,35.5446],[135.3484,35.543],[135.3519,35.5443],[135.3574,35.5495],[135.3678,35.5518],[135.3763,35.5579],[135.3763,35.5589],[135.3776,35.559],[135.3794,35.562],[135.3837,35.5603],[135.3847,35.5612],[135.3856,35.5591],[135.3901,35.5566],[135.3965,35.5587],[135.3983,35.5599],[135.3976,35.5605],[135.3992,35.5608],[135.3999,35.562],[135.3981,35.5626],[135.3998,35.562],[135.3999,35.5632],[135.398,35.5643],[135.3976,35.5627],[135.3974,35.5638],[135.3981,35.5644],[135.3971,35.5654],[135.3986,35.5667],[135.3996,35.5664],[135.399,35.5645],[135.4013,35.5636],[135.401,35.5623],[135.4022,35.5612],[135.4046,35.5623],[135.4132,35.5702],[135.4158,35.5687],[135.4268,35.5665],[135.4278,35.568],[135.4274,35.5702],[135.4252,35.5702],[135.4244,35.5692],[135.4258,35.5732],[135.4252,35.5744],[135.427,35.5751],[135.4289,35.5773],[135.4286,35.5782],[135.4262,35.5793],[135.4262,35.5804],[135.4289,35.5795],[135.4296,35.5806],[135.4298,35.5796],[135.4301,35.5792],[135.4306,35.579],[135.4317,35.5796],[135.4312,35.5802],[135.4321,35.5797],[135.4322,35.5806],[135.4333,35.5803],[135.4356,35.582],[135.434,35.5846],[135.4354,35.5864],[135.4351,35.5887],[135.4337,35.5895],[135.4341,35.5908],[135.4375,35.59],[135.4393,35.5907],[135.4396,35.5899],[135.4398,35.5915],[135.4411,35.5899],[135.4426,35.5918],[135.4427,35.5913],[135.4447,35.5909],[135.4462,35.5936],[135.4478,35.5926],[135.4496,35.5935],[135.4502,35.5948],[135.4497,35.5979],[135.4509,35.5994],[135.4546,35.5984],[135.4546,35.5997],[135.4567,35.6002],[135.4571,35.6018],[135.4598,35.6017],[135.4613,35.6035],[135.4627,35.6036],[135.4643,35.6001],[135.4614,35.5986],[135.4608,35.5957],[135.4631,35.5926],[135.4577,35.5957],[135.4561,35.5941],[135.4571,35.5919],[135.454,35.5919],[135.4518,35.5908]]],[[[135.3451,35.4946],[135.3383,35.4935],[135.3396,35.496],[135.3394,35.4985],[135.3466,35.4976],[135.3477,35.496],[135.3451,35.4946]]],[[[135.3688,35.4972],[135.3685,35.496],[135.3674,35.4966],[135.3675,35.4985],[135.3688,35.4972]]],[[[135.3738,35.4984],[135.3734,35.4992],[135.374,35.4989],[135.3738,35.4984]]],[[[135.3127,35.5151],[135.3129,35.5151],[135.3128,35.5151],[135.3127,35.5151]]],[[[135.3136,35.5155],[135.3135,35.5154],[135.3135,35.5155],[135.3136,35.5155]]],[[[135.3139,35.5159],[135.314,35.516],[135.3139,35.5159],[135.3139,35.5159]]],[[[135.3151,35.5177],[135.3151,35.5176],[135.3151,35.5177],[135.3151,35.5177]]],[[[135.3468,35.5184],[135.3472,35.5171],[135.3472,35.5171],[135.3468,35.5184]]],[[[135.3152,35.5178],[135.3153,35.5177],[135.3152,35.5178],[135.3152,35.5178]]],[[[135.3157,35.5182],[135.3157,35.5182],[135.3157,35.5182],[135.3157,35.5182]]],[[[135.3159,35.5186],[135.3159,35.5186],[135.3159,35.5186],[135.3159,35.5186]]],[[[135.3161,35.5187],[135.316,35.5187],[135.3161,35.5188],[135.3161,35.5187]]],[[[135.3161,35.5188],[135.3161,35.5188],[135.3161,35.5188],[135.3161,35.5188]]],[[[135.3462,35.5205],[135.3463,35.5205],[135.3464,35.5203],[135.3461,35.5186],[135.3462,35.5205]]],[[[135.317,35.52],[135.3169,35.52],[135.3169,35.52],[135.317,35.52]]],[[[135.3167,35.521],[135.3168,35.5211],[135.3168,35.5211],[135.3167,35.521]]],[[[135.3268,35.5214],[135.3266,35.5215],[135.3268,35.5216],[135.3268,35.5214]]],[[[135.3266,35.5219],[135.3267,35.5219],[135.3267,35.5218],[135.3266,35.5219]]],[[[135.3178,35.5232],[135.3178,35.5232],[135.3178,35.5232],[135.3178,35.5232]]],[[[135.3169,35.5236],[135.3169,35.5236],[135.317,35.5237],[135.3169,35.5236]]],[[[135.3171,35.5237],[135.3171,35.5236],[135.3171,35.5237],[135.3171,35.5237]]],[[[135.3203,35.5252],[135.3203,35.5252],[135.3202,35.5252],[135.3203,35.5252]]],[[[135.3238,35.5257],[135.3238,35.5257],[135.3238,35.5257],[135.3238,35.5257]]],[[[135.3239,35.5258],[135.324,35.5258],[135.324,35.5257],[135.3239,35.5258]]],[[[135.3237,35.5258],[135.3236,35.5258],[135.3237,35.5258],[135.3237,35.5258]]],[[[135.3235,35.5259],[135.3234,35.5259],[135.3234,35.526],[135.3235,35.5259]]],[[[135.3377,35.5423],[135.3378,35.5423],[135.3377,35.5423],[135.3377,35.5423]]],[[[135.3446,35.5466],[135.3446,35.5466],[135.3447,35.5466],[135.3446,35.5466]]],[[[135.3384,35.547],[135.3384,35.5471],[135.3385,35.547],[135.3384,35.547]]],[[[135.3445,35.5491],[135.3445,35.5492],[135.3446,35.5491],[135.3445,35.5491]]],[[[135.368,35.5528],[135.3678,35.5529],[135.368,35.5528],[135.368,35.5528]]],[[[135.3686,35.5529],[135.3687,35.5529],[135.3686,35.5529],[135.3686,35.5529]]],[[[135.3689,35.5534],[135.369,35.5534],[135.3689,35.5533],[135.3689,35.5534]]],[[[135.376,35.5586],[135.3759,35.5585],[135.3759,35.5585],[135.376,35.5586]]],[[[135.3759,35.5588],[135.3759,35.5588],[135.3759,35.5589],[135.3759,35.5588]]],[[[135.3774,35.56],[135.3776,35.5601],[135.3776,35.56],[135.3774,35.56]]],[[[135.3776,35.5602],[135.3777,35.5603],[135.3777,35.5602],[135.3776,35.5602]]],[[[135.3776,35.5606],[135.3777,35.5607],[135.3777,35.5607],[135.3776,35.5606]]],[[[135.3801,35.562],[135.3802,35.562],[135.3802,35.562],[135.3801,35.562]]],[[[135.3896,35.5057],[135.3901,35.5042],[135.3912,35.5044],[135.3901,35.5041],[135.3896,35.5057],[135.3904,35.5059],[135.3896,35.5057]]],[[[135.3867,35.559],[135.3868,35.5589],[135.3867,35.5589],[135.3867,35.559]]],[[[135.3859,35.5592],[135.386,35.5591],[135.386,35.5591],[135.3859,35.5592]]],[[[135.3855,35.5599],[135.3854,35.5599],[135.3854,35.56],[135.3855,35.5599]]],[[[135.4,35.5642],[135.3999,35.5641],[135.3999,35.5642],[135.4,35.5642]]],[[[135.3996,35.5643],[135.3997,35.5643],[135.3997,35.5643],[135.3996,35.5643]]],[[[135.3998,35.5644],[135.3999,35.5645],[135.4,35.5644],[135.3998,35.5644]]],[[[135.3975,35.5645],[135.3976,35.5646],[135.3976,35.5645],[135.3975,35.5645]]],[[[135.3974,35.5648],[135.3974,35.5649],[135.3974,35.5648],[135.3974,35.5648]]],[[[135.3971,35.565],[135.3972,35.565],[135.3972,35.565],[135.3971,35.565]]],[[[135.3973,35.5651],[135.3974,35.565],[135.3973,35.565],[135.3973,35.5651]]],[[[135.3966,35.5656],[135.3967,35.5656],[135.3967,35.5655],[135.3966,35.5656]]],[[[135.397,35.5657],[135.397,35.5657],[135.3969,35.5658],[135.397,35.5657]]],[[[135.3972,35.5658],[135.3972,35.5657],[135.3971,35.5658],[135.3972,35.5658]]],[[[135.3973,35.5659],[135.3974,35.5658],[135.3974,35.5658],[135.3973,35.5659]]],[[[135.3995,35.5658],[135.3995,35.566],[135.3996,35.5659],[135.3995,35.5658]]],[[[135.3998,35.5662],[135.3998,35.5663],[135.3998,35.5662],[135.3998,35.5662]]],[[[135.3973,35.5663],[135.3974,35.5664],[135.3974,35.5663],[135.3973,35.5663]]],[[[135.4,35.5664],[135.4,35.5665],[135.4001,35.5664],[135.4,35.5664]]],[[[135.3975,35.5665],[135.3975,35.5664],[135.3975,35.5664],[135.3975,35.5665]]],[[[135.3978,35.5665],[135.3977,35.5665],[135.3977,35.5665],[135.3978,35.5665]]],[[[135.3979,35.5667],[135.3979,35.5666],[135.3978,35.5666],[135.3979,35.5667]]],[[[135.3975,35.5668],[135.3975,35.5667],[135.3972,35.5666],[135.3975,35.5668]]],[[[135.3982,35.5669],[135.3983,35.567],[135.3983,35.5669],[135.3982,35.5669]]],[[[135.3934,35.5732],[135.3935,35.5732],[135.3935,35.5732],[135.3934,35.5732]]],[[[135.392,35.5776],[135.3953,35.5764],[135.3938,35.5734],[135.392,35.5776]]],[[[135.3953,35.5755],[135.3952,35.5755],[135.3953,35.5756],[135.3953,35.5755]]],[[[135.3957,35.5762],[135.3957,35.5765],[135.3959,35.5765],[135.3957,35.5762]]],[[[135.3954,35.5764],[135.3956,35.5765],[135.3955,35.5763],[135.3954,35.5764]]],[[[135.3955,35.5767],[135.3956,35.5767],[135.3956,35.5766],[135.3955,35.5767]]],[[[135.395,35.5767],[135.3951,35.5767],[135.3952,35.5767],[135.395,35.5767]]],[[[135.3958,35.5767],[135.3959,35.5768],[135.3958,35.5766],[135.3958,35.5767]]],[[[135.396,35.5768],[135.3961,35.5768],[135.396,35.5767],[135.396,35.5768]]],[[[135.3948,35.577],[135.3949,35.577],[135.3949,35.577],[135.3948,35.577]]],[[[135.3956,35.577],[135.3957,35.5771],[135.3958,35.577],[135.3956,35.577]]],[[[135.3936,35.5779],[135.3937,35.578],[135.3937,35.5779],[135.3936,35.5779]]],[[[135.3919,35.5783],[135.392,35.5783],[135.3919,35.5782],[135.3919,35.5783]]],[[[135.3906,35.5792],[135.3891,35.5789],[135.3892,35.5804],[135.3906,35.5792]]],[[[135.3904,35.58],[135.3904,35.5799],[135.3902,35.58],[135.3904,35.58]]],[[[135.3905,35.5802],[135.3905,35.5801],[135.3904,35.5801],[135.3905,35.5802]]],[[[135.3899,35.5806],[135.3899,35.5807],[135.39,35.5806],[135.3899,35.5806]]],[[[135.389,35.5808],[135.3891,35.5808],[135.3891,35.5808],[135.389,35.5808]]],[[[135.3894,35.5808],[135.3895,35.5809],[135.3895,35.5809],[135.3894,35.5808]]],[[[135.3896,35.581],[135.3896,35.5811],[135.3897,35.581],[135.3896,35.581]]],[[[135.3893,35.5812],[135.3894,35.5812],[135.3893,35.5811],[135.3893,35.5812]]],[[[135.3892,35.5812],[135.3893,35.5814],[135.3893,35.5813],[135.3892,35.5812]]],[[[135.3897,35.5814],[135.3898,35.5814],[135.3898,35.5814],[135.3897,35.5814]]],[[[135.3895,35.5817],[135.3894,35.5817],[135.3894,35.5817],[135.3895,35.5817]]],[[[135.4012,35.5623],[135.4012,35.5623],[135.4011,35.5624],[135.4012,35.5623]]],[[[135.4011,35.5626],[135.4012,35.5625],[135.4012,35.5625],[135.4011,35.5626]]],[[[135.4003,35.5641],[135.4004,35.5641],[135.4004,35.564],[135.4003,35.5641]]],[[[135.4007,35.5641],[135.4008,35.5643],[135.4008,35.5641],[135.4007,35.5641]]],[[[135.4012,35.5642],[135.4012,35.5644],[135.4014,35.5643],[135.4012,35.5642]]],[[[135.4061,35.5649],[135.4062,35.5649],[135.4061,35.5648],[135.4061,35.5649]]],[[[135.4075,35.5656],[135.4076,35.5656],[135.4076,35.5656],[135.4075,35.5656]]],[[[135.4073,35.5657],[135.4074,35.5658],[135.4074,35.5657],[135.4073,35.5657]]],[[[135.4079,35.566],[135.408,35.5659],[135.4079,35.5659],[135.4079,35.566]]],[[[135.4075,35.566],[135.4075,35.566],[135.4073,35.566],[135.4075,35.566]]],[[[135.408,35.5661],[135.4081,35.5661],[135.4081,35.566],[135.408,35.5661]]],[[[135.4078,35.5665],[135.4079,35.5665],[135.4079,35.5664],[135.4078,35.5665]]],[[[135.4082,35.5668],[135.4082,35.5669],[135.4083,35.5668],[135.4082,35.5668]]],[[[135.408,35.5669],[135.4081,35.5669],[135.4081,35.5668],[135.408,35.5669]]],[[[135.4246,35.5671],[135.4247,35.5671],[135.4247,35.5671],[135.4246,35.5671]]],[[[135.4243,35.5671],[135.4243,35.5672],[135.4244,35.5671],[135.4243,35.5671]]],[[[135.4243,35.5672],[135.4242,35.5672],[135.4242,35.5672],[135.4243,35.5672]]],[[[135.4089,35.5673],[135.4088,35.5672],[135.4088,35.5673],[135.4089,35.5673]]],[[[135.4088,35.5675],[135.4087,35.5674],[135.4087,35.5675],[135.4088,35.5675]]],[[[135.4102,35.5679],[135.4103,35.568],[135.4104,35.5679],[135.4102,35.5679]]],[[[135.4104,35.5684],[135.4104,35.5683],[135.4104,35.5684],[135.4104,35.5684]]],[[[135.4103,35.5684],[135.4103,35.5684],[135.4102,35.5684],[135.4103,35.5684]]],[[[135.4101,35.5685],[135.4101,35.5684],[135.4101,35.5684],[135.4101,35.5685]]],[[[135.4103,35.5685],[135.4103,35.5684],[135.4103,35.5684],[135.4103,35.5685]]],[[[135.4152,35.5692],[135.4153,35.5692],[135.4152,35.5691],[135.4152,35.5692]]],[[[135.4112,35.5692],[135.4112,35.5692],[135.4111,35.5692],[135.4112,35.5692]]],[[[135.4113,35.5694],[135.4112,35.5694],[135.4112,35.5695],[135.4113,35.5694]]],[[[135.412,35.5697],[135.412,35.5697],[135.412,35.5696],[135.412,35.5697]]],[[[135.412,35.5697],[135.412,35.5697],[135.412,35.5697],[135.412,35.5697]]],[[[135.4148,35.5696],[135.4146,35.5699],[135.4146,35.5699],[135.4148,35.5696]]],[[[135.4117,35.5699],[135.4118,35.5698],[135.4117,35.5698],[135.4117,35.5699]]],[[[135.4132,35.5704],[135.4133,35.5704],[135.4133,35.5703],[135.4132,35.5704]]],[[[135.4246,35.5743],[135.4247,35.5743],[135.4247,35.5743],[135.4246,35.5743]]],[[[135.4245,35.5834],[135.4246,35.5834],[135.4245,35.5834],[135.4245,35.5834]]],[[[135.4231,35.5835],[135.4231,35.5836],[135.4231,35.5836],[135.4231,35.5835]]],[[[135.4235,35.5838],[135.4233,35.5836],[135.4233,35.5837],[135.4235,35.5838]]],[[[135.4229,35.5836],[135.4222,35.5839],[135.4223,35.5843],[135.4229,35.5836]]],[[[135.4213,35.5845],[135.4214,35.5846],[135.4214,35.5845],[135.4213,35.5845]]],[[[135.4214,35.5846],[135.4215,35.5847],[135.4215,35.5846],[135.4214,35.5846]]],[[[135.4214,35.6794],[135.4214,35.6793],[135.4214,35.6794],[135.4214,35.6794]]],[[[135.4216,35.6798],[135.4216,35.6797],[135.4216,35.6798],[135.4216,35.6798]]],[[[135.4214,35.6799],[135.4215,35.6798],[135.4214,35.6799],[135.4214,35.6799]]],[[[135.4209,35.6803],[135.421,35.6802],[135.4209,35.6802],[135.4209,35.6803]]],[[[135.4213,35.6805],[135.4211,35.6805],[135.4211,35.6805],[135.4213,35.6805]]],[[[135.4247,35.6883],[135.4268,35.6866],[135.4277,35.6814],[135.4235,35.6764],[135.4224,35.6789],[135.4213,35.6803],[135.4222,35.6824],[135.4253,35.685],[135.4256,35.6865],[135.4247,35.6868],[135.4247,35.6883]]],[[[135.4245,35.6881],[135.4245,35.6878],[135.4244,35.6879],[135.4245,35.6881]]],[[[135.4242,35.6881],[135.4242,35.6879],[135.4241,35.6881],[135.4242,35.6881]]],[[[135.4242,35.6883],[135.4244,35.6881],[135.4243,35.6881],[135.4242,35.6883]]],[[[135.4254,35.5724],[135.4254,35.5729],[135.4255,35.5724],[135.4254,35.5724]]],[[[135.4253,35.573],[135.4254,35.573],[135.4254,35.5729],[135.4253,35.573]]],[[[135.4249,35.5742],[135.4249,35.5742],[135.425,35.5741],[135.4249,35.5742]]],[[[135.4263,35.5752],[135.4265,35.5752],[135.4264,35.5751],[135.4263,35.5752]]],[[[135.427,35.5752],[135.4269,35.5753],[135.427,35.5753],[135.427,35.5752]]],[[[135.427,35.5754],[135.427,35.5754],[135.427,35.5754],[135.427,35.5754]]],[[[135.4271,35.5755],[135.427,35.5754],[135.427,35.5755],[135.4271,35.5755]]],[[[135.427,35.5756],[135.427,35.5757],[135.4271,35.5757],[135.427,35.5756]]],[[[135.4275,35.5761],[135.4276,35.5762],[135.4276,35.5761],[135.4275,35.5761]]],[[[135.4273,35.5786],[135.4274,35.5785],[135.4273,35.5785],[135.4273,35.5786]]],[[[135.427,35.5786],[135.4272,35.5786],[135.4272,35.5786],[135.427,35.5786]]],[[[135.4272,35.5787],[135.4273,35.5787],[135.4273,35.5787],[135.4272,35.5787]]],[[[135.4261,35.5792],[135.4263,35.5791],[135.4261,35.5791],[135.4261,35.5792]]],[[[135.4303,35.5794],[135.4303,35.5792],[135.4303,35.5792],[135.4303,35.5794]]],[[[135.4304,35.5794],[135.4305,35.5794],[135.4305,35.5792],[135.4304,35.5794]]],[[[135.4306,35.5793],[135.4307,35.5794],[135.4307,35.5793],[135.4306,35.5793]]],[[[135.4308,35.5794],[135.4309,35.5795],[135.4309,35.5795],[135.4308,35.5794]]],[[[135.4308,35.5796],[135.4309,35.5797],[135.4309,35.5797],[135.4308,35.5796]]],[[[135.426,35.58],[135.4261,35.5802],[135.4261,35.58],[135.426,35.58]]],[[[135.4287,35.5802],[135.4288,35.5804],[135.4288,35.5802],[135.4287,35.5802]]],[[[135.4273,35.5805],[135.4279,35.5804],[135.428,35.5801],[135.4273,35.5805]]],[[[135.4318,35.5804],[135.432,35.5805],[135.4319,35.5803],[135.4318,35.5804]]],[[[135.427,35.5805],[135.4271,35.5805],[135.4271,35.5804],[135.427,35.5805]]],[[[135.4264,35.5806],[135.4263,35.5806],[135.4262,35.5807],[135.4264,35.5806]]],[[[135.4343,35.5815],[135.4343,35.5816],[135.4344,35.5816],[135.4343,35.5815]]],[[[135.4251,35.5829],[135.4251,35.583],[135.4252,35.583],[135.4251,35.5829]]],[[[135.425,35.5831],[135.4249,35.5832],[135.4251,35.5831],[135.425,35.5831]]],[[[135.4251,35.5836],[135.4254,35.5832],[135.4249,35.5835],[135.4251,35.5836]]],[[[135.4247,35.5833],[135.4248,35.5835],[135.4249,35.5834],[135.4247,35.5833]]],[[[135.4246,35.5836],[135.4246,35.5836],[135.4247,35.5836],[135.4246,35.5836]]],[[[135.4248,35.5838],[135.4247,35.5838],[135.4248,35.5838],[135.4248,35.5838]]],[[[135.4347,35.5859],[135.4347,35.5858],[135.4346,35.5859],[135.4347,35.5859]]],[[[135.4348,35.587],[135.4348,35.5868],[135.4346,35.5868],[135.4348,35.587]]],[[[135.4345,35.587],[135.4346,35.587],[135.4345,35.587],[135.4345,35.587]]],[[[135.4342,35.587],[135.4343,35.5873],[135.4343,35.5871],[135.4342,35.587]]],[[[135.4346,35.5874],[135.4345,35.5875],[135.4346,35.5875],[135.4346,35.5874]]],[[[135.4348,35.5879],[135.4349,35.588],[135.4349,35.5879],[135.4348,35.5879]]],[[[135.4288,35.6817],[135.4289,35.6816],[135.4288,35.6816],[135.4288,35.6817]]],[[[135.4286,35.6834],[135.4285,35.6832],[135.4284,35.6833],[135.4286,35.6834]]],[[[135.4274,35.6846],[135.4273,35.6846],[135.4274,35.6847],[135.4274,35.6846]]],[[[135.4276,35.6847],[135.4276,35.6847],[135.4276,35.6846],[135.4276,35.6847]]],[[[135.425,35.6856],[135.4251,35.6857],[135.4251,35.6856],[135.425,35.6856]]],[[[135.4251,35.6858],[135.4251,35.6857],[135.4251,35.6858],[135.4251,35.6858]]],[[[135.425,35.6859],[135.4249,35.6859],[135.4249,35.6859],[135.425,35.6859]]],[[[135.4252,35.6859],[135.4251,35.6859],[135.4251,35.6859],[135.4252,35.6859]]],[[[135.4275,35.6885],[135.4276,35.6885],[135.4276,35.6884],[135.4275,35.6885]]],[[[135.4324,35.6974],[135.4326,35.6973],[135.4325,35.6972],[135.4324,35.6974]]],[[[135.4323,35.6974],[135.4322,35.6973],[135.4322,35.6974],[135.4323,35.6974]]],[[[135.4502,35.5713],[135.4502,35.5713],[135.4502,35.5713],[135.4502,35.5713]]],[[[135.4502,35.5714],[135.4501,35.5714],[135.4501,35.5715],[135.4502,35.5714]]],[[[135.4497,35.5721],[135.4496,35.5721],[135.4496,35.5721],[135.4497,35.5721]]],[[[135.4498,35.5726],[135.4498,35.5725],[135.4497,35.5725],[135.4498,35.5726]]],[[[135.4499,35.5727],[135.4499,35.5727],[135.4499,35.5726],[135.4499,35.5727]]],[[[135.4501,35.5734],[135.4501,35.5735],[135.4502,35.5735],[135.4501,35.5734]]],[[[135.45,35.5736],[135.45,35.5735],[135.4499,35.5736],[135.45,35.5736]]],[[[135.4506,35.5774],[135.4503,35.578],[135.4505,35.578],[135.4506,35.5774]]],[[[135.4494,35.5792],[135.4495,35.5791],[135.4495,35.5791],[135.4494,35.5792]]],[[[135.4495,35.58],[135.4496,35.58],[135.4496,35.58],[135.4495,35.58]]],[[[135.4494,35.58],[135.4494,35.58],[135.4494,35.58],[135.4494,35.58]]],[[[135.4494,35.5801],[135.4494,35.5801],[135.4494,35.5801],[135.4494,35.5801]]],[[[135.4496,35.5802],[135.4496,35.5801],[135.4496,35.5802],[135.4496,35.5802]]],[[[135.4503,35.5808],[135.4503,35.5808],[135.4503,35.5808],[135.4503,35.5808]]],[[[135.4368,35.5903],[135.4369,35.5902],[135.4369,35.5902],[135.4368,35.5903]]],[[[135.437,35.5905],[135.437,35.5906],[135.4371,35.5905],[135.437,35.5905]]],[[[135.4363,35.5905],[135.4365,35.5906],[135.4365,35.5905],[135.4363,35.5905]]],[[[135.4379,35.5906],[135.4378,35.5907],[135.438,35.5906],[135.4379,35.5906]]],[[[135.4387,35.5906],[135.4387,35.5908],[135.4388,35.5907],[135.4387,35.5906]]],[[[135.4372,35.591],[135.4371,35.5907],[135.437,35.5907],[135.4372,35.591]]],[[[135.439,35.5908],[135.4387,35.5911],[135.4392,35.5913],[135.439,35.5908]]],[[[135.4434,35.5913],[135.4436,35.5913],[135.4437,35.5911],[135.4434,35.5913]]],[[[135.4442,35.5922],[135.4447,35.5917],[135.4444,35.5915],[135.4442,35.5922]]],[[[135.4431,35.5918],[135.4431,35.5921],[135.4432,35.592],[135.4431,35.5918]]],[[[135.4454,35.5926],[135.4453,35.5924],[135.4452,35.5926],[135.4454,35.5926]]],[[[135.4447,35.5924],[135.4448,35.5927],[135.4449,35.5926],[135.4447,35.5924]]],[[[135.4428,35.5941],[135.4427,35.5947],[135.443,35.5948],[135.4428,35.5941]]],[[[135.4421,35.5946],[135.4421,35.5944],[135.442,35.5944],[135.4421,35.5946]]],[[[135.4495,35.5961],[135.4498,35.5958],[135.4496,35.5958],[135.4495,35.5961]]],[[[135.4499,35.5963],[135.4499,35.5962],[135.4498,35.5963],[135.4499,35.5963]]],[[[135.4496,35.5963],[135.4497,35.5964],[135.4497,35.5963],[135.4496,35.5963]]],[[[135.4495,35.5973],[135.4496,35.5974],[135.4496,35.5972],[135.4495,35.5973]]],[[[135.4494,35.5975],[135.4495,35.5976],[135.4495,35.5975],[135.4494,35.5975]]],[[[135.4497,35.5983],[135.4498,35.5984],[135.4498,35.5983],[135.4497,35.5983]]],[[[135.4496,35.5984],[135.4496,35.5984],[135.4496,35.5983],[135.4496,35.5984]]],[[[135.4514,35.5999],[135.451,35.6005],[135.4511,35.6006],[135.4514,35.5999]]],[[[135.4511,35.6007],[135.4511,35.6008],[135.4512,35.6007],[135.4511,35.6007]]],[[[135.4513,35.6018],[135.4511,35.6018],[135.451,35.602],[135.4513,35.6018]]],[[[135.4383,35.7108],[135.4388,35.7095],[135.4386,35.7092],[135.4389,35.709],[135.4386,35.7087],[135.4366,35.7109],[135.4373,35.7128],[135.4384,35.7116],[135.4383,35.7108]]],[[[135.4366,35.7111],[135.4365,35.7111],[135.4365,35.7111],[135.4366,35.7111]]],[[[135.4366,35.7112],[135.4366,35.7111],[135.4365,35.7112],[135.4366,35.7112]]],[[[135.4384,35.7113],[135.4384,35.7113],[135.4384,35.7113],[135.4384,35.7113]]],[[[135.4385,35.7114],[135.4384,35.7114],[135.4384,35.7114],[135.4385,35.7114]]],[[[135.4368,35.7118],[135.4367,35.7117],[135.4367,35.7118],[135.4368,35.7118]]],[[[135.4386,35.7126],[135.4388,35.7125],[135.4387,35.7125],[135.4386,35.7126]]],[[[135.4365,35.7129],[135.4365,35.7129],[135.4365,35.7129],[135.4365,35.7129]]],[[[135.4381,35.7132],[135.4384,35.7125],[135.4368,35.714],[135.4383,35.7136],[135.4381,35.7132]]],[[[135.4383,35.7134],[135.4384,35.7134],[135.4383,35.7133],[135.4383,35.7134]]],[[[135.4742,35.5574],[135.4743,35.5573],[135.4742,35.5573],[135.4742,35.5574]]],[[[135.4867,35.558],[135.4867,35.5583],[135.4869,35.5581],[135.4867,35.558]]],[[[135.4773,35.5585],[135.4775,35.5586],[135.4775,35.5585],[135.4773,35.5585]]],[[[135.4724,35.5601],[135.4723,35.5602],[135.4724,35.5602],[135.4724,35.5601]]],[[[135.4717,35.5612],[135.4717,35.5612],[135.4717,35.5612],[135.4717,35.5612]]],[[[135.4718,35.5613],[135.4718,35.5613],[135.4718,35.5613],[135.4718,35.5613]]],[[[135.4732,35.5617],[135.4734,35.5618],[135.4734,35.5617],[135.4732,35.5617]]],[[[135.4666,35.562],[135.4665,35.5619],[135.4665,35.5621],[135.4666,35.562]]],[[[135.4728,35.5637],[135.4727,35.5637],[135.4727,35.5637],[135.4728,35.5637]]],[[[135.4713,35.5641],[135.4714,35.5641],[135.4713,35.5641],[135.4713,35.5641]]],[[[135.4656,35.5645],[135.4655,35.5644],[135.4654,35.5645],[135.4656,35.5645]]],[[[135.4791,35.5659],[135.4791,35.566],[135.4792,35.5659],[135.4791,35.5659]]],[[[135.479,35.566],[135.479,35.5661],[135.479,35.566],[135.479,35.566]]],[[[135.4787,35.5664],[135.4762,35.5671],[135.4806,35.5677],[135.4813,35.5666],[135.4794,35.5659],[135.4787,35.5664]]],[[[135.4759,35.5672],[135.476,35.5672],[135.476,35.5671],[135.4759,35.5672]]],[[[135.4674,35.5676],[135.4675,35.5676],[135.4675,35.5676],[135.4674,35.5676]]],[[[135.4817,35.5678],[135.4817,35.5677],[135.4816,35.5677],[135.4817,35.5678]]],[[[135.4666,35.5683],[135.4666,35.5683],[135.4665,35.5684],[135.4666,35.5683]]],[[[135.4669,35.57],[135.4668,35.5699],[135.4668,35.57],[135.4669,35.57]]],[[[135.4663,35.5708],[135.4668,35.57],[135.466,35.5704],[135.4663,35.5708]]],[[[135.4577,35.5705],[135.4577,35.5709],[135.4579,35.5706],[135.4577,35.5705]]],[[[135.4515,35.571],[135.4512,35.5709],[135.4514,35.5711],[135.4515,35.571]]],[[[135.4626,35.5711],[135.4627,35.5711],[135.4627,35.571],[135.4626,35.5711]]],[[[135.4637,35.5712],[135.4637,35.5713],[135.4638,35.5712],[135.4637,35.5712]]],[[[135.4678,35.571],[135.4678,35.5714],[135.468,35.5712],[135.4678,35.571]]],[[[135.4629,35.5713],[135.463,35.5715],[135.4632,35.5714],[135.4629,35.5713]]],[[[135.4575,35.5862],[135.4581,35.5868],[135.4589,35.5866],[135.4581,35.5859],[135.4575,35.5862]]],[[[135.4645,35.5912],[135.4646,35.5912],[135.4645,35.5911],[135.4645,35.5912]]],[[[135.4643,35.5912],[135.4644,35.5913],[135.4644,35.5912],[135.4643,35.5912]]],[[[135.4535,35.5915],[135.4537,35.5915],[135.4535,35.5914],[135.4535,35.5915]]],[[[135.4638,35.5918],[135.464,35.5913],[135.4636,35.5917],[135.4638,35.5918]]],[[[135.4629,35.592],[135.463,35.592],[135.4629,35.5919],[135.4629,35.592]]],[[[135.4631,35.5921],[135.4632,35.5922],[135.4632,35.5921],[135.4631,35.5921]]],[[[135.4628,35.5921],[135.4629,35.5922],[135.463,35.5921],[135.4628,35.5921]]],[[[135.4816,35.5943],[135.4815,35.5943],[135.4815,35.5943],[135.4816,35.5943]]],[[[135.4767,35.5977],[135.4766,35.5975],[135.4766,35.5975],[135.4767,35.5977]]],[[[135.4772,35.6027],[135.479,35.6039],[135.4781,35.6059],[135.4814,35.6019],[135.4814,35.5945],[135.4802,35.5929],[135.4744,35.595],[135.4767,35.5961],[135.4769,35.5979],[135.4759,35.599],[135.4781,35.6005],[135.4772,35.6027]]],[[[135.4641,35.5996],[135.4642,35.5997],[135.4642,35.5996],[135.4641,35.5996]]],[[[135.4515,35.5998],[135.4517,35.5997],[135.4516,35.5996],[135.4515,35.5998]]],[[[135.4514,35.6016],[135.4518,35.6016],[135.4515,35.6015],[135.4514,35.6016]]],[[[135.4811,35.6041],[135.481,35.6034],[135.4808,35.6041],[135.4811,35.6041]]],[[[135.4764,35.6071],[135.4763,35.6069],[135.4763,35.6071],[135.4764,35.6071]]],[[[135.4765,35.6073],[135.4765,35.6073],[135.4765,35.6073],[135.4765,35.6073]]],[[[135.4763,35.6073],[135.4762,35.6073],[135.4762,35.6073],[135.4763,35.6073]]],[[[135.4764,35.6076],[135.4762,35.6077],[135.4763,35.6078],[135.4764,35.6076]]]]}},{"type":"Feature","properties":{"code":"26205","name":"宮津市","pref_code":"26","pref":"京都府"},"geometry":{"type":"MultiPolygon","coordinates":[[[[135.2002,35.5387],[135.1994,35.5384],[135.1993,35.5384],[135.2002,35.5387]]],[[[135.1982,35.5395],[135.1991,35.539],[135.1991,35.5389],[135.1985,35.5392],[135.1982,35.5395]]],[[[135.1878,35.5511],[135.1878,35.5509],[135.1877,35.5511],[135.1878,35.5511]]],[[[135.2713,35.6934],[135.2733,35.6909],[135.2761,35.6918],[135.2773,35.6897],[135.2768,35.6833],[135.2689,35.6793],[135.2668,35.6759],[135.2678,35.6758],[135.2683,35.6741],[135.2731,35.6725],[135.2705,35.6697],[135.2744,35.6673],[135.2723,35.6664],[135.2694,35.6676],[135.2652,35.6649],[135.2636,35.6623],[135.2649,35.6619],[135.2635,35.6607],[135.2645,35.6603],[135.2659,35.6615],[135.2634,35.6582],[135.265,35.6605],[135.2644,35.6602],[135.2626,35.6602],[135.2627,35.659],[135.2613,35.6587],[135.2541,35.6506],[135.2547,35.6491],[135.2536,35.6499],[135.2529,35.649],[135.2511,35.6454],[135.2506,35.6399],[135.2458,35.6304],[135.2459,35.6271],[135.2469,35.6268],[135.2472,35.6259],[135.2462,35.6269],[135.2467,35.6258],[135.2451,35.624],[135.2446,35.6204],[135.2413,35.6178],[135.2353,35.6163],[135.2334,35.6113],[135.228,35.6079],[135.2256,35.6053],[135.2253,35.6032],[135.2226,35.601],[135.2237,35.6024],[135.2139,35.5978],[135.2122,35.5931],[135.209,35.5912],[135.207,35.5879],[135.2052,35.5821],[135.1985,35.5773],[135.1916,35.5694],[135.1889,35.5648],[135.1878,35.5585],[135.1866,35.5575],[135.1884,35.5533],[135.1886,35.5514],[135.1875,35.5515],[135.1875,35.5474],[135.1903,35.5445],[135.1906,35.5446],[135.1916,35.5445],[135.193,35.543],[135.1909,35.5445],[135.1913,35.5425],[135.1928,35.5417],[135.1925,35.5402],[135.198,35.5393],[135.1994,35.5382],[135.1988,35.5369],[135.2018,35.5376],[135.2029,35.5395],[135.206,35.5399],[135.2094,35.5435],[135.2109,35.5497],[135.2088,35.5534],[135.204,35.5553],[135.2042,35.5596],[135.2076,35.5629],[135.2127,35.5626],[135.2157,35.566],[135.2217,35.5685],[135.2227,35.5681],[135.2214,35.5682],[135.2223,35.5673],[135.2254,35.5679],[135.2269,35.5697],[135.228,35.5751],[135.2301,35.5766],[135.228,35.5856],[135.2295,35.586],[135.2303,35.584],[135.234,35.5819],[135.2378,35.5816],[135.2421,35.5851],[135.2414,35.5861],[135.2411,35.5853],[135.2408,35.5876],[135.2447,35.5882],[135.2459,35.5913],[135.2481,35.591],[135.2487,35.5928],[135.251,35.594],[135.2518,35.5988],[135.2545,35.5997],[135.2563,35.5983],[135.2559,35.595],[135.2566,35.5944],[135.2559,35.594],[135.2565,35.5928],[135.2549,35.5919],[135.2563,35.5882],[135.2504,35.5893],[135.2478,35.5877],[135.2474,35.5866],[135.2476,35.5852],[135.2495,35.5843],[135.2471,35.5832],[135.248,35.58],[135.2498,35.5781],[135.2534,35.5776],[135.251,35.5759],[135.2516,35.5745],[135.2509,35.5757],[135.2503,35.5752],[135.2507,35.5708],[135.2551,35.5676],[135.2624,35.5681],[135.2636,35.5673],[135.266,35.5666],[135.2681,35.5675],[135.27,35.5656],[135.2698,35.564],[135.2748,35.5602],[135.265,35.5567],[135.2628,35.5539],[135.2614,35.5543],[135.2617,35.5536],[135.2542,35.5557],[135.2537,35.5525],[135.2493,35.5553],[135.2491,35.5571],[135.2518,35.5578],[135.2506,35.5584],[135.252,35.5581],[135.2512,35.5607],[135.2484,35.5617],[135.2446,35.5612],[135.2417,35.5594],[135.2375,35.5541],[135.2369,35.5514],[135.2383,35.5528],[135.2377,35.5513],[135.2366,35.5512],[135.2366,35.5499],[135.2378,35.5504],[135.2368,35.5498],[135.2371,35.5464],[135.24,35.5402],[135.2447,35.5356],[135.2489,35.536],[135.2548,35.5341],[135.2584,35.5349],[135.2623,35.5335],[135.2642,35.5342],[135.265,35.5332],[135.2691,35.5335],[135.2701,35.5321],[135.2695,35.5303],[135.2732,35.5287],[135.2721,35.5247],[135.2815,35.5212],[135.2856,35.5175],[135.2886,35.5162],[135.2877,35.4996],[135.2866,35.4992],[135.2845,35.4938],[135.2842,35.4899],[135.2737,35.4922],[135.274,35.4935],[135.2717,35.4961],[135.2659,35.4981],[135.2625,35.5033],[135.2607,35.5044],[135.2603,35.5065],[135.2563,35.5078],[135.2542,35.5105],[135.2472,35.5097],[135.2448,35.5076],[135.2417,35.5073],[135.2342,35.5112],[135.2314,35.5084],[135.2295,35.5082],[135.2279,35.5054],[135.2238,35.5036],[135.2232,35.5012],[135.2213,35.5007],[135.2188,35.493],[135.2095,35.4932],[135.2011,35.49],[135.202,35.4873],[135.2005,35.4856],[135.2019,35.484],[135.2011,35.4811],[135.1936,35.4737],[135.186,35.4699],[135.1851,35.4626],[135.1758,35.4585],[135.1745,35.4569],[135.1661,35.4562],[135.1618,35.4575],[135.1594,35.4554],[135.1537,35.4592],[135.1515,35.4585],[135.1486,35.4594],[135.1466,35.4619],[135.1469,35.4636],[135.1437,35.466],[135.13,35.4697],[135.1248,35.4697],[135.1234,35.4752],[135.1255,35.4771],[135.1287,35.4772],[135.1373,35.4814],[135.1364,35.4839],[135.138,35.4861],[135.138,35.4896],[135.1414,35.4922],[135.1448,35.4968],[135.1466,35.4969],[135.1511,35.501],[135.1521,35.5048],[135.1513,35.5094],[135.1625,35.5118],[135.166,35.5151],[135.1675,35.5187],[135.1669,35.5238],[135.1651,35.5263],[135.1661,35.5289],[135.1652,35.5323],[135.1581,35.5301],[135.1555,35.5304],[135.152,35.5344],[135.1472,35.5372],[135.1445,35.5438],[135.1398,35.5443],[135.1383,35.5468],[135.1388,35.552],[135.1467,35.5594],[135.1582,35.5546],[135.1615,35.5579],[135.1625,35.5633],[135.1715,35.5675],[135.1767,35.5677],[135.1755,35.5746],[135.173,35.5746],[135.171,35.5779],[135.1728,35.5796],[135.1711,35.5826],[135.1739,35.5845],[135.1752,35.587],[135.1764,35.5909],[135.1753,35.5924],[135.177,35.593],[135.1803,35.5977],[135.1822,35.6047],[135.1812,35.6064],[135.1833,35.6138],[135.1782,35.6146],[135.1771,35.6169],[135.1728,35.6187],[135.1718,35.6204],[135.1734,35.622],[135.1719,35.6235],[135.1626,35.6295],[135.1603,35.6296],[135.1608,35.6319],[135.1587,35.634],[135.1598,35.6373],[135.1584,35.6438],[135.1633,35.6539],[135.1762,35.6551],[135.1763,35.6565],[135.1792,35.6597],[135.1791,35.6611],[135.1768,35.6626],[135.1795,35.6662],[135.18,35.6704],[135.1851,35.6674],[135.1927,35.6695],[135.1953,35.6678],[135.1979,35.6638],[135.2019,35.6627],[135.2048,35.6639],[135.2058,35.6657],[135.1981,35.6745],[135.2006,35.6774],[135.2039,35.6791],[135.2037,35.6809],[135.2068,35.684],[135.2065,35.6871],[135.2127,35.6878],[135.2135,35.6891],[135.2163,35.6868],[135.221,35.6869],[135.2266,35.6892],[135.2388,35.6849],[135.2463,35.6888],[135.2501,35.6865],[135.2523,35.6887],[135.2635,35.6922],[135.2672,35.6948],[135.2713,35.6934]]],[[[135.2546,35.5761],[135.2536,35.5762],[135.2535,35.5767],[135.254,35.5769],[135.2546,35.5761]]],[[[135.2542,35.5769],[135.2541,35.5771],[135.2543,35.5769],[135.2542,35.5769]]],[[[135.2504,35.5782],[135.2505,35.5783],[135.2505,35.5782],[135.2504,35.5782]]],[[[135.2499,35.5791],[135.2498,35.579],[135.2498,35.5791],[135.2499,35.5791]]],[[[135.2503,35.5799],[135.2505,35.5797],[135.2503,35.5797],[135.2503,35.5799]]],[[[135.2281,35.5811],[135.2276,35.5825],[135.2275,35.5828],[135.2276,35.5827],[135.2281,35.5816],[135.2281,35.5811]]],[[[135.2276,35.5834],[135.2277,35.5835],[135.2277,35.5835],[135.2276,35.5834]]],[[[135.2278,35.5835],[135.2278,35.5835],[135.2278,35.5835],[135.2278,35.5835]]],[[[135.228,35.5835],[135.2279,35.5837],[135.228,35.5836],[135.228,35.5835]]],[[[135.249,35.5852],[135.2491,35.5851],[135.2489,35.5851],[135.249,35.5852]]],[[[135.2488,35.5852],[135.2487,35.5852],[135.2488,35.5852],[135.2488,35.5852]]],[[[135.2307,35.5861],[135.2304,35.5858],[135.2303,35.586],[135.2307,35.5861]]],[[[135.2492,35.5883],[135.2493,35.5883],[135.2493,35.5883],[135.2492,35.5883]]],[[[135.2537,35.6485],[135.2536,35.6484],[135.2544,35.6488],[135.2537,35.6485]]],[[[135.266,35.5337],[135.2661,35.5339],[135.2662,35.5338],[135.266,35.5337]]],[[[135.2545,35.5348],[135.2543,35.5349],[135.2545,35.535],[135.2545,35.5348]]],[[[135.2553,35.5355],[135.2553,35.5357],[135.2554,35.5356],[135.2553,35.5355]]],[[[135.2618,35.5539],[135.2616,35.5539],[135.2616,35.5539],[135.2618,35.5539]]],[[[135.2652,35.5671],[135.2653,35.5671],[135.2653,35.5671],[135.2652,35.5671]]],[[[135.2643,35.5673],[135.2643,35.5673],[135.2643,35.5673],[135.2643,35.5673]]],[[[135.2646,35.5674],[135.2646,35.5673],[135.2646,35.5673],[135.2646,35.5674]]],[[[135.2649,35.5674],[135.2649,35.5674],[135.2649,35.5674],[135.2649,35.5674]]],[[[135.2675,35.5675],[135.2676,35.5675],[135.2675,35.5674],[135.2675,35.5675]]],[[[135.2632,35.5677],[135.2633,35.5678],[135.2632,35.5677],[135.2632,35.5677]]],[[[135.257,35.5679],[135.257,35.5678],[135.257,35.5678],[135.257,35.5679]]],[[[135.2555,35.5679],[135.2556,35.5679],[135.2555,35.5678],[135.2555,35.5679]]],[[[135.2571,35.5679],[135.2571,35.5679],[135.2571,35.5679],[135.2571,35.5679]]],[[[135.2558,35.568],[135.2559,35.5681],[135.2559,35.5681],[135.2558,35.568]]],[[[135.2617,35.5681],[135.2617,35.568],[135.2617,35.568],[135.2617,35.5681]]],[[[135.2566,35.5944],[135.2567,35.5945],[135.2567,35.5944],[135.2566,35.5944]]],[[[135.2561,35.5954],[135.256,35.5954],[135.256,35.5954],[135.2561,35.5954]]],[[[135.2564,35.596],[135.2565,35.5962],[135.2565,35.596],[135.2564,35.596]]],[[[135.2742,35.5247],[135.274,35.5248],[135.2743,35.5248],[135.2742,35.5247]]],[[[135.2705,35.5327],[135.2706,35.5326],[135.2705,35.5326],[135.2705,35.5327]]],[[[135.2702,35.5331],[135.2701,35.5325],[135.2698,35.5328],[135.2702,35.5331]]],[[[135.2697,35.5334],[135.2696,35.533],[135.2694,35.5333],[135.2697,35.5334]]],[[[135.2696,35.5336],[135.2696,35.5336],[135.2696,35.5336],[135.2696,35.5336]]],[[[135.2694,35.5337],[135.2694,35.5338],[135.2694,35.5337],[135.2694,35.5337]]],[[[135.2725,35.5588],[135.2725,35.559],[135.2726,35.5589],[135.2725,35.5588]]],[[[135.2746,35.5599],[135.2747,35.5599],[135.2746,35.5598],[135.2746,35.5599]]],[[[135.2748,35.5604],[135.2747,35.5605],[135.2749,35.5604],[135.2748,35.5604]]],[[[135.2748,35.5606],[135.2748,35.5607],[135.2748,35.5606],[135.2748,35.5606]]],[[[135.2744,35.5614],[135.2745,35.5614],[135.2744,35.5614],[135.2744,35.5614]]],[[[135.2751,35.5614],[135.2749,35.5616],[135.2751,35.5615],[135.2751,35.5614]]],[[[135.2738,35.5618],[135.2739,35.5618],[135.2738,35.5618],[135.2738,35.5618]]],[[[135.2736,35.5619],[135.2737,35.5619],[135.2736,35.5619],[135.2736,35.5619]]],[[[135.2734,35.5624],[135.2736,35.5625],[135.2734,35.5623],[135.2734,35.5624]]],[[[135.272,35.563],[135.2718,35.5636],[135.2721,35.5635],[135.272,35.563]]],[[[135.2686,35.5674],[135.2685,35.5674],[135.2686,35.5674],[135.2686,35.5674]]]]}},{"type":"Feature","properties":{"code":"26212","name":"京丹後市","pref_code":"26","pref":"京都府"},"geometry":{"type":"MultiPolygon","coordinates":[[[[134.8842,35.651],[134.8842,35.651],[134.8842,35.651],[134.8842,35.651]]],[[[134.8841,35.6512],[134.8842,35.6512],[134.8841,35.651],[134.8841,35.6512]]],[[[134.884,35.6513],[134.8839,35.6513],[134.884,35.6513],[134.884,35.6513]]],[[[134.884,35.6513],[134.8839,35.6513],[134.8839,35.6513],[134.884,35.6513]]],[[[134.8839,35.6515],[134.8839,35.6514],[134.8838,35.6514],[134.8839,35.6515]]],[[[134.8839,35.6516],[134.8838,35.6516],[134.8838,35.6517],[134.8839,35.6516]]],[[[134.8846,35.6521],[134.8846,35.6521],[134.8846,35.6521],[134.8846,35.6521]]],[[[134.8845,35.6522],[134.8845,35.6522],[134.8845,35.6521],[134.8845,35.6522]]],[[[134.8844,35.6522],[134.8845,35.6523],[134.8845,35.6523],[134.8844,35.6522]]],[[[134.8845,35.6523],[134.8845,35.6523],[134.8845,35.6523],[134.8845,35.6523]]],[[[134.8846,35.6523],[134.8845,35.6523],[134.8845,35.6524],[134.8846,35.6523]]],[[[134.8846,35.6537],[134.8846,35.6537],[134.8846,35.6537],[134.8846,35.6537]]],[[[134.8844,35.6538],[134.8844,35.6538],[134.8844,35.6538],[134.8844,35.6538]]],[[[134.8843,35.6539],[134.8843,35.654],[134.8843,35.654],[134.8843,35.6539]]],[[[134.8843,35.6541],[134.8843,35.6541],[134.8843,35.6541],[134.8843,35.6541]]],[[[134.8842,35.6541],[134.8843,35.6541],[134.8842,35.6541],[134.8842,35.6541]]],[[[134.8844,35.6541],[134.8844,35.6541],[134.8844,35.6541],[134.8844,35.6541]]],[[[134.8845,35.6543],[134.8845,35.6543],[134.8845,35.6543],[134.8845,35.6543]]],[[[134.8825,35.6559],[134.8825,35.6558],[134.8824,35.6558],[134.8825,35.6559]]],[[[134.8826,35.6559],[134.8826,35.6558],[134.8826,35.6558],[134.8826,35.6559]]],[[[134.8825,35.656],[134.8824,35.6559],[134.8824,35.656],[134.8825,35.656]]],[[[134.8823,35.6559],[134.8821,35.6559],[134.8822,35.6561],[134.8823,35.6559]]],[[[134.8824,35.656],[134.8824,35.656],[134.8824,35.656],[134.8824,35.656]]],[[[134.8821,35.656],[134.8821,35.6559],[134.8818,35.6561],[134.8821,35.656]]],[[[134.8818,35.6561],[134.8818,35.656],[134.8816,35.6561],[134.8818,35.6561]]],[[[134.8823,35.656],[134.8823,35.656],[134.8823,35.656],[134.8823,35.656]]],[[[134.8826,35.6559],[134.8825,35.6561],[134.8827,35.6561],[134.8826,35.6559]]],[[[134.8825,35.6561],[134.8825,35.6561],[134.8825,35.6561],[134.8825,35.6561]]],[[[134.8822,35.6561],[134.8822,35.6561],[134.8822,35.6561],[134.8822,35.6561]]],[[[134.8837,35.657],[134.8836,35.657],[134.8837,35.657],[134.8837,35.657]]],[[[134.8837,35.6572],[134.8837,35.6572],[134.8837,35.6572],[134.8837,35.6572]]],[[[134.8823,35.6574],[134.8823,35.6575],[134.8824,35.6575],[134.8823,35.6574]]],[[[134.8822,35.6575],[134.8822,35.6575],[134.8821,35.6575],[134.8822,35.6575]]],[[[134.8684,35.6581],[134.8684,35.6581],[134.8684,35.6581],[134.8684,35.6581]]],[[[134.8684,35.6583],[134.8683,35.6583],[134.8684,35.6584],[134.8684,35.6583]]],[[[134.8683,35.6584],[134.8683,35.6584],[134.8683,35.6583],[134.8683,35.6584]]],[[[134.8683,35.6585],[134.8683,35.6585],[134.8683,35.6585],[134.8683,35.6585]]],[[[134.8679,35.6585],[134.8679,35.6585],[134.8677,35.6586],[134.8679,35.6585]]],[[[134.8684,35.6585],[134.8683,35.6586],[134.8683,35.6586],[134.8684,35.6585]]],[[[134.8825,35.6586],[134.8825,35.6586],[134.8825,35.6586],[134.8825,35.6586]]],[[[134.8695,35.6591],[134.8695,35.6591],[134.8695,35.659],[134.8695,35.6591]]],[[[134.8817,35.659],[134.8818,35.6591],[134.8818,35.659],[134.8817,35.659]]],[[[134.8809,35.6592],[134.8809,35.6592],[134.8809,35.6592],[134.8809,35.6592]]],[[[134.8699,35.6593],[134.8699,35.6593],[134.8698,35.6592],[134.8699,35.6593]]],[[[134.881,35.6592],[134.881,35.6592],[134.881,35.6593],[134.881,35.6592]]],[[[134.8815,35.6596],[134.8812,35.6594],[134.8814,35.6596],[134.8815,35.6596]]],[[[134.8707,35.6596],[134.8707,35.6597],[134.8707,35.6597],[134.8707,35.6596]]],[[[134.8716,35.6598],[134.8715,35.6597],[134.8715,35.6597],[134.8716,35.6598]]],[[[134.8739,35.6597],[134.8739,35.6597],[134.8739,35.6598],[134.8739,35.6597]]],[[[134.8707,35.6598],[134.8707,35.6598],[134.8707,35.6597],[134.8707,35.6598]]],[[[134.8723,35.6598],[134.8721,35.6598],[134.8722,35.6598],[134.8723,35.6598]]],[[[134.874,35.6598],[134.874,35.6598],[134.874,35.6599],[134.874,35.6598]]],[[[134.8738,35.6598],[134.8738,35.6599],[134.8738,35.6599],[134.8738,35.6598]]],[[[134.8696,35.66],[134.8697,35.66],[134.8697,35.6599],[134.8696,35.66]]],[[[134.8698,35.6599],[134.8704,35.6601],[134.8702,35.6599],[134.8698,35.6599]]],[[[134.8739,35.66],[134.8739,35.66],[134.8739,35.6601],[134.8739,35.66]]],[[[134.8721,35.6601],[134.8721,35.6601],[134.8721,35.6601],[134.8721,35.6601]]],[[[134.8716,35.6599],[134.8713,35.6599],[134.8715,35.6604],[134.8716,35.6599]]],[[[134.874,35.6601],[134.874,35.6602],[134.8741,35.6602],[134.874,35.6601]]],[[[134.8741,35.6602],[134.8741,35.6603],[134.8741,35.6603],[134.8741,35.6602]]],[[[134.8783,35.6604],[134.8781,35.6604],[134.8781,35.6606],[134.8783,35.6604]]],[[[134.8795,35.6618],[134.8795,35.6619],[134.8795,35.6618],[134.8795,35.6618]]],[[[134.8792,35.6621],[134.8794,35.6622],[134.8795,35.6619],[134.8792,35.6621]]],[[[134.8791,35.6621],[134.879,35.6621],[134.879,35.6621],[134.8791,35.6621]]],[[[134.8788,35.6621],[134.8781,35.6622],[134.8783,35.6625],[134.8788,35.6621]]],[[[134.879,35.6624],[134.8789,35.6624],[134.879,35.6625],[134.879,35.6624]]],[[[134.8789,35.6626],[134.8789,35.6626],[134.879,35.6626],[134.8789,35.6626]]],[[[134.8779,35.6626],[134.8778,35.6628],[134.8783,35.6628],[134.8779,35.6626]]],[[[134.8789,35.663],[134.879,35.663],[134.879,35.663],[134.8789,35.663]]],[[[134.879,35.6631],[134.879,35.6631],[134.879,35.6631],[134.879,35.6631]]],[[[134.8953,35.6459],[134.8953,35.6459],[134.8953,35.6459],[134.8953,35.6459]]],[[[134.8955,35.646],[134.8955,35.6461],[134.8955,35.646],[134.8955,35.646]]],[[[134.8957,35.646],[134.8956,35.646],[134.8957,35.6461],[134.8957,35.646]]],[[[134.8959,35.6461],[134.8959,35.6461],[134.8959,35.6462],[134.8959,35.6461]]],[[[134.9031,35.6473],[134.9031,35.6474],[134.9031,35.6474],[134.9031,35.6473]]],[[[134.8978,35.6475],[134.8979,35.6475],[134.8978,35.6474],[134.8978,35.6475]]],[[[134.8973,35.6476],[134.8973,35.6476],[134.8974,35.6476],[134.8973,35.6476]]],[[[134.8976,35.6478],[134.8978,35.6477],[134.8977,35.6477],[134.8976,35.6478]]],[[[134.8979,35.6477],[134.8979,35.6477],[134.8979,35.6478],[134.8979,35.6477]]],[[[134.8971,35.648],[134.897,35.6481],[134.8971,35.6481],[134.8971,35.648]]],[[[134.899,35.6481],[134.899,35.6481],[134.899,35.6481],[134.899,35.6481]]],[[[134.8937,35.6486],[134.8936,35.6486],[134.8936,35.6487],[134.8937,35.6486]]],[[[134.8989,35.6488],[134.8989,35.6488],[134.8989,35.6488],[134.8989,35.6488]]],[[[134.8981,35.6491],[134.8982,35.649],[134.8982,35.649],[134.8981,35.6491]]],[[[134.9029,35.6493],[134.9029,35.6494],[134.903,35.6494],[134.9029,35.6493]]],[[[134.9027,35.6495],[134.9028,35.6495],[134.9027,35.6494],[134.9027,35.6495]]],[[[134.8947,35.6498],[134.8946,35.6498],[134.8946,35.6499],[134.8947,35.6498]]],[[[134.9008,35.6496],[134.8998,35.6495],[134.9012,35.6505],[134.9008,35.6496]]],[[[134.904,35.6502],[134.9039,35.6502],[134.904,35.6503],[134.904,35.6502]]],[[[134.885,35.6506],[134.8849,35.6506],[134.8849,35.6506],[134.885,35.6506]]],[[[134.9015,35.6508],[134.9015,35.6507],[134.9014,35.6508],[134.9015,35.6508]]],[[[134.9408,35.6523],[134.9407,35.6522],[134.9406,35.6523],[134.9408,35.6523]]],[[[134.9028,35.6523],[134.9027,35.6523],[134.9029,35.6523],[134.9028,35.6523]]],[[[134.9029,35.6525],[134.903,35.6526],[134.903,35.6525],[134.9029,35.6525]]],[[[134.9027,35.6526],[134.9027,35.6527],[134.9028,35.6527],[134.9027,35.6526]]],[[[134.8846,35.6527],[134.8846,35.6527],[134.8846,35.6527],[134.8846,35.6527]]],[[[134.8847,35.6528],[134.8847,35.6527],[134.8847,35.6527],[134.8847,35.6528]]],[[[134.8849,35.6533],[134.8849,35.6533],[134.8848,35.6531],[134.8849,35.6533]]],[[[134.8848,35.6533],[134.8848,35.6533],[134.8848,35.6534],[134.8848,35.6533]]],[[[134.8848,35.6535],[134.8848,35.6535],[134.8848,35.6535],[134.8848,35.6535]]],[[[134.8847,35.6535],[134.8847,35.6535],[134.8847,35.6536],[134.8847,35.6535]]],[[[134.8845,35.6538],[134.8848,35.6537],[134.8849,35.6536],[134.8847,35.6536],[134.8846,35.6537],[134.8845,35.6538]]],[[[134.9435,35.6538],[134.944,35.6539],[134.944,35.6538],[134.9435,35.6538]]],[[[134.8847,35.6545],[134.8847,35.6544],[134.8847,35.6544],[134.8847,35.6545]]],[[[134.8847,35.6545],[134.8846,35.6545],[134.8847,35.6545],[134.8847,35.6545]]],[[[134.8847,35.6545],[134.8846,35.6545],[134.8846,35.6545],[134.8847,35.6545]]],[[[134.8847,35.6549],[134.885,35.6548],[134.8848,35.6548],[134.8847,35.6549]]],[[[134.8848,35.6552],[134.8848,35.655],[134.8847,35.655],[134.8848,35.6552]]],[[[134.8848,35.6552],[134.885,35.6552],[134.885,35.655],[134.8848,35.6552]]],[[[134.9075,35.6554],[134.9078,35.6554],[134.9074,35.6549],[134.9075,35.6554]]],[[[134.8851,35.6553],[134.8852,35.6553],[134.8852,35.6553],[134.8851,35.6553]]],[[[134.885,35.6555],[134.885,35.6553],[134.8848,35.6553],[134.885,35.6555]]],[[[134.9141,35.6556],[134.9141,35.6555],[134.9138,35.6555],[134.9141,35.6556]]],[[[134.8868,35.6569],[134.8867,35.657],[134.8868,35.657],[134.8868,35.6569]]],[[[134.8869,35.6572],[134.8869,35.6572],[134.887,35.6572],[134.8869,35.6572]]],[[[134.8867,35.6576],[134.8869,35.6576],[134.8869,35.6573],[134.8867,35.6576]]],[[[134.887,35.658],[134.8872,35.6579],[134.887,35.6577],[134.887,35.658]]],[[[134.9015,35.658],[134.9018,35.6578],[134.9016,35.6578],[134.9015,35.658]]],[[[134.8871,35.6587],[134.8871,35.6588],[134.8871,35.6588],[134.8871,35.6587]]],[[[134.8875,35.6589],[134.8873,35.6589],[134.8874,35.659],[134.8875,35.6589]]],[[[134.888,35.659],[134.8879,35.6591],[134.888,35.6591],[134.888,35.659]]],[[[134.8876,35.6591],[134.8877,35.6591],[134.8877,35.6591],[134.8876,35.6591]]],[[[134.8888,35.6591],[134.8888,35.6591],[134.8887,35.6591],[134.8888,35.6591]]],[[[134.9657,35.6734],[134.966,35.6734],[134.9659,35.6733],[134.9657,35.6734]]],[[[134.9652,35.6732],[134.9643,35.6735],[134.9648,35.6736],[134.9652,35.6732]]],[[[134.9618,35.6742],[134.9649,35.674],[134.963,35.6738],[134.9627,35.6726],[134.9618,35.6742]]],[[[134.9661,35.6753],[134.9661,35.6754],[134.9662,35.6754],[134.9661,35.6753]]],[[[134.9677,35.6753],[134.9677,35.6754],[134.9677,35.6754],[134.9677,35.6753]]],[[[134.9667,35.6756],[134.9667,35.6755],[134.9665,35.6756],[134.9667,35.6756]]],[[[134.967,35.6759],[134.967,35.6758],[134.9668,35.6759],[134.967,35.6759]]],[[[134.967,35.6759],[134.967,35.676],[134.967,35.676],[134.967,35.6759]]],[[[134.9669,35.676],[134.9669,35.6761],[134.9669,35.6761],[134.9669,35.676]]],[[[134.971,35.679],[134.9715,35.6792],[134.9716,35.6788],[134.971,35.679]]],[[[134.9814,35.6856],[134.9814,35.6856],[134.9816,35.6856],[134.9814,35.6856]]],[[[134.9819,35.686],[134.9818,35.6857],[134.9817,35.6859],[134.9819,35.686]]],[[[134.9815,35.6859],[134.9814,35.6861],[134.9815,35.6861],[134.9815,35.6859]]],[[[134.9821,35.6874],[134.9819,35.6876],[134.9821,35.6876],[134.9821,35.6874]]],[[[134.9821,35.6876],[134.9821,35.6877],[134.9821,35.6877],[134.9821,35.6876]]],[[[134.9821,35.6877],[134.9821,35.6877],[134.9822,35.6878],[134.9821,35.6877]]],[[[134.9821,35.6878],[134.9821,35.6877],[134.9821,35.6877],[134.9821,35.6878]]],[[[134.9822,35.6875],[134.9821,35.6876],[134.9822,35.6876],[134.9822,35.6875]]],[[[134.9827,35.6881],[134.9827,35.6881],[134.9827,35.6881],[134.9827,35.6881]]],[[[134.9831,35.689],[134.9831,35.6891],[134.9832,35.6891],[134.9831,35.689]]],[[[134.9839,35.689],[134.9839,35.6892],[134.984,35.6891],[134.9839,35.689]]],[[[134.9843,35.6912],[134.9842,35.6912],[134.9843,35.6912],[134.9843,35.6912]]],[[[134.9842,35.6914],[134.9842,35.6913],[134.9841,35.6914],[134.9842,35.6914]]],[[[134.9997,35.6916],[134.9998,35.6917],[134.9998,35.6916],[134.9997,35.6916]]],[[[134.9898,35.6921],[134.99,35.692],[134.9895,35.6921],[134.9898,35.6921]]],[[[134.9874,35.6925],[134.9876,35.6923],[134.9875,35.6923],[134.9874,35.6925]]],[[[135.0285,35.6929],[135.0289,35.6929],[135.0288,35.6927],[135.0285,35.6929]]],[[[135.0148,35.6936],[135.0155,35.6928],[135.0154,35.6927],[135.0148,35.6936]]],[[[134.9896,35.6935],[134.99,35.6935],[134.9897,35.6933],[134.9896,35.6935]]],[[[135.0298,35.6936],[135.0298,35.6935],[135.0297,35.6935],[135.0298,35.6936]]],[[[134.9851,35.6936],[134.9849,35.6936],[134.985,35.6938],[134.9851,35.6936]]],[[[135.0081,35.6938],[135.008,35.6937],[135.008,35.6939],[135.0081,35.6938]]],[[[135.0024,35.6939],[135.0023,35.6939],[135.0023,35.6939],[135.0024,35.6939]]],[[[135.0141,35.6942],[135.0141,35.6938],[135.0141,35.6939],[135.0141,35.6942]]],[[[135.0293,35.6941],[135.0299,35.6941],[135.0299,35.6941],[135.0293,35.6941]]],[[[135.0134,35.6944],[135.0136,35.6942],[135.0134,35.6941],[135.0134,35.6944]]],[[[135.0082,35.6944],[135.0082,35.6942],[135.0081,35.6942],[135.0082,35.6944]]],[[[134.991,35.6944],[134.9908,35.6945],[134.991,35.6946],[134.991,35.6944]]],[[[134.9955,35.6947],[134.9955,35.6948],[134.9957,35.6948],[134.9955,35.6947]]],[[[135.016,35.6948],[135.0156,35.6953],[135.0157,35.6954],[135.016,35.6948]]],[[[134.9897,35.6951],[134.9898,35.6952],[134.9898,35.6951],[134.9897,35.6951]]],[[[135.0124,35.6953],[135.0124,35.6951],[135.0123,35.695],[135.0124,35.6953]]],[[[134.9916,35.6953],[134.9917,35.6953],[134.9917,35.6953],[134.9916,35.6953]]],[[[135.0304,35.6956],[135.0304,35.6955],[135.0304,35.6956],[135.0304,35.6956]]],[[[135.0296,35.6966],[135.0291,35.6966],[135.0282,35.6969],[135.0296,35.6966]]],[[[135.0296,35.6969],[135.0297,35.6969],[135.0296,35.6969],[135.0296,35.6969]]],[[[135.0298,35.6969],[135.0298,35.6969],[135.0298,35.6969],[135.0298,35.6969]]],[[[135.0297,35.6972],[135.0297,35.6972],[135.0296,35.6972],[135.0297,35.6972]]],[[[135.0296,35.6974],[135.0296,35.6974],[135.0296,35.6974],[135.0296,35.6974]]],[[[135.0297,35.6979],[135.0297,35.6978],[135.0296,35.6979],[135.0297,35.6979]]],[[[135.0301,35.698],[135.0301,35.698],[135.03,35.698],[135.0301,35.698]]],[[[135.0299,35.6982],[135.0298,35.6982],[135.0299,35.6982],[135.0299,35.6982]]],[[[135.0307,35.6983],[135.0307,35.6983],[135.0306,35.6983],[135.0307,35.6983]]],[[[135.0302,35.6983],[135.0302,35.6983],[135.0302,35.6984],[135.0302,35.6983]]],[[[135.0307,35.6983],[135.0306,35.6984],[135.0307,35.6984],[135.0307,35.6983]]],[[[135.0308,35.6984],[135.0313,35.6986],[135.0312,35.6982],[135.0308,35.6984]]],[[[135.0308,35.6986],[135.0309,35.6985],[135.0306,35.6984],[135.0305,35.6985],[135.0308,35.6986]]],[[[135.031,35.6986],[135.0311,35.6986],[135.0311,35.6985],[135.031,35.6986]]],[[[135.0311,35.6986],[135.0311,35.6987],[135.0311,35.6986],[135.0311,35.6986]]],[[[135.0309,35.6987],[135.031,35.6986],[135.0309,35.6986],[135.0309,35.6987]]],[[[135.0304,35.6986],[135.0303,35.6986],[135.0304,35.6987],[135.0304,35.6986]]],[[[135.0312,35.6987],[135.0312,35.6987],[135.0312,35.6987],[135.0312,35.6987]]],[[[135.0309,35.6989],[135.0308,35.6989],[135.0308,35.699],[135.0309,35.6989]]],[[[135.0306,35.6989],[135.0305,35.699],[135.0306,35.699],[135.0306,35.6989]]],[[[135.0321,35.6989],[135.032,35.699],[135.032,35.699],[135.0321,35.6989]]],[[[135.032,35.699],[135.032,35.699],[135.032,35.699],[135.032,35.699]]],[[[135.0311,35.699],[135.031,35.699],[135.031,35.6991],[135.0311,35.699]]],[[[135.0325,35.6992],[135.0325,35.6993],[135.0328,35.6993],[135.0325,35.6992]]],[[[135.0314,35.6992],[135.0311,35.6994],[135.0316,35.6996],[135.0314,35.6992]]],[[[135.0326,35.6995],[135.0325,35.6994],[135.0325,35.6995],[135.0326,35.6995]]],[[[135.0329,35.6995],[135.0329,35.6994],[135.0328,35.6995],[135.0329,35.6995]]],[[[135.0327,35.6998],[135.0326,35.6998],[135.0327,35.6999],[135.0327,35.6998]]],[[[135.0336,35.7013],[135.0333,35.7013],[135.0332,35.7015],[135.0336,35.7013]]],[[[135.0348,35.7015],[135.0347,35.7016],[135.0348,35.7016],[135.0348,35.7015]]],[[[135.0351,35.7017],[135.035,35.7016],[135.0349,35.7017],[135.0351,35.7017]]],[[[135.0331,35.7017],[135.0331,35.7019],[135.0333,35.702],[135.0331,35.7017]]],[[[135.0365,35.7019],[135.0365,35.7019],[135.0364,35.7019],[135.0365,35.7019]]],[[[135.0338,35.7019],[135.0338,35.7019],[135.0338,35.702],[135.0338,35.7019]]],[[[135.0335,35.7021],[135.0335,35.7022],[135.0337,35.7017],[135.0335,35.7021]]],[[[135.036,35.702],[135.0359,35.7021],[135.0359,35.7022],[135.036,35.702]]],[[[135.0348,35.7022],[135.0348,35.7021],[135.0346,35.7022],[135.0348,35.7022]]],[[[135.0351,35.7021],[135.035,35.7021],[135.0351,35.7023],[135.0351,35.7021]]],[[[135.0362,35.7022],[135.0362,35.7022],[135.0361,35.7022],[135.0362,35.7022]]],[[[135.035,35.7023],[135.0349,35.7022],[135.0348,35.7023],[135.035,35.7023]]],[[[135.0368,35.7023],[135.0366,35.7024],[135.0366,35.7026],[135.0368,35.7023]]],[[[135.0372,35.7025],[135.0371,35.7025],[135.0371,35.7026],[135.0372,35.7025]]],[[[135.0369,35.7026],[135.0367,35.7026],[135.0369,35.7028],[135.0369,35.7026]]],[[[135.2073,35.7394],[135.2081,35.7381],[135.2067,35.7358],[135.2015,35.7349],[135.1974,35.7324],[135.1994,35.7254],[135.1975,35.7221],[135.195,35.7204],[135.1946,35.7184],[135.1928,35.7176],[135.1931,35.7152],[135.1921,35.7144],[135.1935,35.7121],[135.188,35.7086],[135.1908,35.7066],[135.1916,35.7044],[135.193,35.7041],[135.1933,35.6984],[135.1951,35.6964],[135.199,35.6974],[135.2065,35.694],[135.2083,35.6945],[135.2138,35.6931],[135.2129,35.6879],[135.2065,35.6871],[135.2068,35.684],[135.2037,35.6809],[135.2039,35.6791],[135.2006,35.6774],[135.1981,35.6745],[135.2059,35.6653],[135.2018,35.6627],[135.197,35.6644],[135.1954,35.6677],[135.1927,35.6695],[135.1851,35.6674],[135.18,35.6704],[135.1795,35.6662],[135.1768,35.6626],[135.1791,35.6611],[135.1792,35.6597],[135.1763,35.6565],[135.1762,35.6551],[135.1635,35.6541],[135.1584,35.6438],[135.1598,35.6373],[135.1587,35.634],[135.1608,35.6319],[135.1603,35.6296],[135.1626,35.6295],[135.1719,35.6235],[135.1734,35.622],[135.1718,35.6204],[135.1728,35.6187],[135.1771,35.6169],[135.1782,35.6146],[135.1833,35.614],[135.1813,35.6067],[135.178,35.6062],[135.1749,35.6071],[135.1693,35.6058],[135.1692,35.6041],[135.1664,35.6027],[135.1649,35.5994],[135.162,35.5967],[135.1634,35.5917],[135.159,35.5903],[135.1556,35.5864],[135.1514,35.5862],[135.1491,35.5843],[135.1454,35.584],[135.144,35.5816],[135.1442,35.5793],[135.142,35.5777],[135.1409,35.5738],[135.1368,35.5722],[135.1352,35.5688],[135.1351,35.5651],[135.1317,35.5614],[135.1315,35.5585],[135.1283,35.5574],[135.1268,35.5543],[135.124,35.5531],[135.1189,35.5471],[135.1148,35.5494],[135.1094,35.5485],[135.1044,35.5494],[135.1,35.5481],[135.0936,35.5487],[135.0925,35.546],[135.0883,35.5458],[135.0873,35.5441],[135.0837,35.5421],[135.084,35.5411],[135.0824,35.5395],[135.0753,35.5387],[135.0737,35.5366],[135.0677,35.5374],[135.0605,35.5328],[135.0582,35.5338],[135.0535,35.5315],[135.0462,35.5333],[135.0418,35.5369],[135.0371,35.5373],[135.0355,35.5398],[135.0316,35.5392],[135.03,35.5403],[135.0157,35.5375],[135.008,35.5336],[135.0049,35.5357],[135.0016,35.5343],[134.9964,35.5352],[134.9889,35.5314],[134.9882,35.5295],[134.982,35.5284],[134.9795,35.5241],[134.9744,35.5251],[134.9717,35.5242],[134.9711,35.5228],[134.9653,35.5199],[134.9634,35.5145],[134.9606,35.5129],[134.9583,35.5129],[134.9539,35.5162],[134.9527,35.5145],[134.9491,35.5139],[134.9474,35.5148],[134.9439,35.5135],[134.9421,35.5142],[134.9364,35.5124],[134.9329,35.5133],[134.9297,35.5117],[134.9269,35.5125],[134.9233,35.5164],[134.9231,35.5217],[134.9151,35.5277],[134.9181,35.5307],[134.9175,35.5357],[134.9193,35.5381],[134.918,35.5408],[134.9149,35.5418],[134.9146,35.5453],[134.9075,35.5467],[134.9068,35.5483],[134.9031,35.5494],[134.9009,35.5561],[134.8929,35.559],[134.8907,35.5613],[134.8878,35.5601],[134.881,35.564],[134.8812,35.5674],[134.8758,35.574],[134.872,35.5764],[134.8703,35.5755],[134.8678,35.5761],[134.869,35.5798],[134.8624,35.584],[134.8626,35.587],[134.8561,35.5866],[134.8537,35.5891],[134.8564,35.5918],[134.8552,35.5933],[134.8604,35.5945],[134.8654,35.599],[134.8667,35.6048],[134.8662,35.6067],[134.8675,35.609],[134.8664,35.6134],[134.8707,35.6148],[134.8739,35.6209],[134.8703,35.6314],[134.8713,35.6365],[134.8674,35.6361],[134.8658,35.6381],[134.8671,35.6414],[134.8658,35.6455],[134.8677,35.6497],[134.8641,35.6517],[134.8673,35.6561],[134.8675,35.6582],[134.8677,35.6579],[134.8684,35.658],[134.869,35.6583],[134.8688,35.6586],[134.8693,35.6585],[134.8692,35.659],[134.8698,35.6589],[134.8701,35.6593],[134.8701,35.6598],[134.8707,35.6592],[134.8762,35.659],[134.8793,35.661],[134.8806,35.6589],[134.8816,35.6588],[134.8825,35.6591],[134.8816,35.6575],[134.8823,35.6573],[134.8801,35.6564],[134.8829,35.6554],[134.8829,35.6566],[134.8856,35.6567],[134.8857,35.6563],[134.8849,35.6559],[134.8842,35.654],[134.8848,35.653],[134.885,35.6532],[134.885,35.6529],[134.8847,35.6528],[134.8845,35.6527],[134.8837,35.6515],[134.884,35.6508],[134.8849,35.6509],[134.8848,35.6506],[134.8849,35.6505],[134.8828,35.6493],[134.8844,35.6462],[134.8868,35.6468],[134.887,35.648],[134.8891,35.6476],[134.8923,35.6488],[134.8935,35.6461],[134.8952,35.6454],[134.8973,35.6461],[134.9006,35.6494],[134.9034,35.6469],[134.9093,35.6453],[134.9232,35.6463],[134.9314,35.6483],[134.935,35.6504],[134.9424,35.6521],[134.9431,35.6538],[134.944,35.6538],[134.945,35.6538],[134.9524,35.6566],[134.9634,35.6624],[134.9662,35.6655],[134.9672,35.669],[134.9637,35.6719],[134.9647,35.6729],[134.9675,35.6728],[134.9654,35.6748],[134.9668,35.6755],[134.9667,35.6759],[134.9686,35.6748],[134.9688,35.6762],[134.9722,35.6758],[134.9721,35.6793],[134.9736,35.6825],[134.9747,35.6823],[134.974,35.6831],[134.9791,35.6819],[134.9787,35.6835],[134.9817,35.6847],[134.9824,35.6878],[134.9848,35.6891],[134.984,35.6906],[134.9857,35.6928],[134.9932,35.6898],[134.9955,35.6908],[134.9946,35.6915],[134.9997,35.691],[135.0028,35.6938],[135.0105,35.6925],[135.0141,35.6938],[135.0154,35.6943],[135.0134,35.6932],[135.0155,35.6913],[135.0144,35.691],[135.015,35.6902],[135.0172,35.6908],[135.0157,35.692],[135.0172,35.691],[135.0183,35.6918],[135.0174,35.6937],[135.0176,35.6938],[135.0185,35.6925],[135.0207,35.693],[135.0216,35.6928],[135.0199,35.6922],[135.0217,35.6904],[135.0256,35.6895],[135.03,35.6919],[135.0314,35.6948],[135.0297,35.6973],[135.0332,35.6991],[135.0326,35.7009],[135.0368,35.7017],[135.0371,35.7024],[135.039,35.7016],[135.0393,35.7002],[135.0425,35.6996],[135.0451,35.7011],[135.0455,35.7031],[135.0494,35.7028],[135.0553,35.7054],[135.0565,35.7072],[135.0617,35.7079],[135.0613,35.709],[135.0634,35.7104],[135.0626,35.713],[135.063,35.7136],[135.0633,35.7137],[135.0636,35.7124],[135.0649,35.7129],[135.0655,35.7117],[135.0662,35.712],[135.066,35.7132],[135.0652,35.7132],[135.0663,35.7134],[135.0681,35.7182],[135.0688,35.7177],[135.0695,35.7189],[135.0706,35.7175],[135.0711,35.7188],[135.0741,35.7181],[135.0755,35.7185],[135.0783,35.721],[135.078,35.7217],[135.0796,35.7213],[135.0816,35.7223],[135.083,35.7247],[135.0853,35.7259],[135.0866,35.7283],[135.0861,35.7293],[135.0879,35.7315],[135.0847,35.7349],[135.0855,35.7359],[135.0845,35.7366],[135.0854,35.7367],[135.0842,35.737],[135.0842,35.7382],[135.0848,35.7388],[135.0858,35.7399],[135.0876,35.7396],[135.0884,35.7403],[135.0891,35.7395],[135.0893,35.7402],[135.0894,35.7395],[135.0896,35.7403],[135.0903,35.7395],[135.0909,35.7396],[135.0911,35.7404],[135.0911,35.7391],[135.0929,35.7381],[135.0935,35.7412],[135.0922,35.7396],[135.0917,35.7407],[135.0952,35.7418],[135.0942,35.7417],[135.0944,35.743],[135.0962,35.7432],[135.0959,35.742],[135.0977,35.7412],[135.103,35.7418],[135.1054,35.743],[135.1049,35.7442],[135.1083,35.7439],[135.1091,35.7455],[135.1104,35.7453],[135.1104,35.747],[135.113,35.7456],[135.1109,35.7454],[135.1109,35.7447],[135.1124,35.7451],[135.112,35.7444],[135.1142,35.7437],[135.1152,35.7448],[135.1176,35.7447],[135.1202,35.746],[135.1243,35.7457],[135.1335,35.7509],[135.1341,35.7517],[135.1338,35.7525],[135.1352,35.7525],[135.1328,35.7548],[135.134,35.755],[135.1343,35.7565],[135.1386,35.7576],[135.1401,35.7569],[135.1399,35.7545],[135.1404,35.7543],[135.1406,35.7528],[135.1414,35.7516],[135.1463,35.7498],[135.1492,35.7517],[135.1493,35.7522],[135.1502,35.7513],[135.1507,35.7519],[135.1507,35.7526],[135.1507,35.7525],[135.1509,35.7526],[135.1512,35.7524],[135.1522,35.7526],[135.1526,35.7519],[135.1533,35.7517],[135.1545,35.7521],[135.1555,35.7531],[135.1558,35.7541],[135.1546,35.7553],[135.1567,35.7554],[135.1563,35.754],[135.1578,35.7532],[135.1625,35.754],[135.1654,35.7559],[135.1659,35.7582],[135.1647,35.7588],[135.1658,35.7595],[135.1671,35.7574],[135.1703,35.7571],[135.1734,35.7581],[135.1746,35.7613],[135.1757,35.7608],[135.1754,35.7619],[135.178,35.7615],[135.1773,35.7602],[135.1779,35.761],[135.1799,35.7605],[135.1796,35.7614],[135.1805,35.7602],[135.1821,35.7603],[135.1813,35.762],[135.1823,35.7607],[135.1834,35.7605],[135.1839,35.7617],[135.1851,35.7614],[135.1846,35.7627],[135.1865,35.763],[135.1863,35.7663],[135.1897,35.7632],[135.1907,35.7638],[135.1904,35.7656],[135.1921,35.7652],[135.1938,35.7677],[135.1939,35.7668],[135.1962,35.7675],[135.1972,35.7646],[135.1989,35.7656],[135.2038,35.7637],[135.2069,35.7639],[135.209,35.7647],[135.2103,35.7653],[135.2147,35.7681],[135.2186,35.7694],[135.222,35.7719],[135.2191,35.7763],[135.2197,35.776],[135.2211,35.7788],[135.2237,35.7792],[135.2253,35.778],[135.2257,35.7746],[135.2266,35.7743],[135.2271,35.7747],[135.2311,35.7729],[135.2306,35.7727],[135.231,35.7724],[135.2317,35.7722],[135.2314,35.771],[135.2331,35.7694],[135.2316,35.7652],[135.2272,35.7622],[135.2279,35.7604],[135.2208,35.7486],[135.22,35.7423],[135.2158,35.7432],[135.2109,35.741],[135.2079,35.741],[135.2073,35.7394]]],[[[135.0393,35.7016],[135.0392,35.7016],[135.0393,35.7016],[135.0393,35.7016]]],[[[135.0388,35.7017],[135.0388,35.7017],[135.0388,35.7017],[135.0388,35.7017]]],[[[135.0386,35.7018],[135.0386,35.7018],[135.0387,35.7018],[135.0386,35.7018]]],[[[135.0391,35.7018],[135.0391,35.7019],[135.0391,35.7019],[135.0391,35.7018]]],[[[135.0388,35.7018],[135.0387,35.7019],[135.0387,35.7019],[135.0388,35.7018]]],[[[135.0449,35.702],[135.0449,35.702],[135.0449,35.702],[135.0449,35.702]]],[[[135.0448,35.702],[135.0449,35.702],[135.0449,35.702],[135.0448,35.702]]],[[[135.0448,35.702],[135.0448,35.702],[135.0448,35.702],[135.0448,35.702]]],[[[135.0449,35.7021],[135.0449,35.7021],[135.0449,35.7021],[135.0449,35.7021]]],[[[135.0448,35.7021],[135.0447,35.7021],[135.0448,35.7021],[135.0448,35.7021]]],[[[135.0449,35.7021],[135.0449,35.7021],[135.0449,35.7021],[135.0449,35.7021]]],[[[135.0446,35.7021],[135.0446,35.7021],[135.0447,35.7021],[135.0446,35.7021]]],[[[135.0444,35.7021],[135.0443,35.7021],[135.0444,35.7022],[135.0444,35.7021]]],[[[135.0446,35.7021],[135.0445,35.7022],[135.0445,35.7022],[135.0446,35.7021]]],[[[135.0449,35.7022],[135.0449,35.7022],[135.045,35.7023],[135.0449,35.7022]]],[[[135.045,35.7023],[135.045,35.7023],[135.045,35.7023],[135.045,35.7023]]],[[[135.045,35.7023],[135.045,35.7023],[135.045,35.7023],[135.045,35.7023]]],[[[135.0449,35.7024],[135.0449,35.7024],[135.0448,35.7024],[135.0449,35.7024]]],[[[135.0512,35.7044],[135.0518,35.7042],[135.0518,35.704],[135.0512,35.7044]]],[[[135.0534,35.7051],[135.0536,35.7052],[135.0536,35.705],[135.0534,35.7051]]],[[[135.0537,35.7052],[135.0551,35.7057],[135.0548,35.7053],[135.0537,35.7052]]],[[[135.0605,35.7089],[135.0604,35.7085],[135.0604,35.709],[135.0605,35.7089]]],[[[135.061,35.7093],[135.061,35.7093],[135.0613,35.7093],[135.061,35.7093]]],[[[135.0623,35.7123],[135.0626,35.7125],[135.0625,35.7122],[135.0623,35.7123]]],[[[135.0624,35.7128],[135.0622,35.7128],[135.0622,35.7128],[135.0624,35.7128]]],[[[135.0637,35.7129],[135.0635,35.7128],[135.0635,35.7128],[135.0637,35.7129]]],[[[135.0639,35.7129],[135.064,35.713],[135.0639,35.7127],[135.0639,35.7129]]],[[[135.0657,35.7129],[135.0656,35.7129],[135.0657,35.7129],[135.0657,35.7129]]],[[[135.0623,35.713],[135.0623,35.7129],[135.0622,35.7129],[135.0623,35.713]]],[[[135.0625,35.7131],[135.0624,35.713],[135.0624,35.7131],[135.0625,35.7131]]],[[[135.0656,35.7137],[135.0656,35.7137],[135.0656,35.7136],[135.0656,35.7137]]],[[[135.0655,35.7138],[135.0655,35.7139],[135.0656,35.7138],[135.0655,35.7138]]],[[[135.066,35.7142],[135.0661,35.7142],[135.0658,35.7141],[135.066,35.7142]]],[[[135.0657,35.7143],[135.0658,35.7144],[135.0656,35.7141],[135.0657,35.7143]]],[[[135.0656,35.7145],[135.0658,35.7145],[135.0655,35.7143],[135.0656,35.7145]]],[[[135.0661,35.7146],[135.066,35.7146],[135.066,35.7147],[135.0661,35.7146]]],[[[135.0655,35.7148],[135.0655,35.7148],[135.0654,35.7147],[135.0655,35.7148]]],[[[135.0743,35.7186],[135.0748,35.7185],[135.0746,35.7185],[135.0743,35.7186]]],[[[135.073,35.7187],[135.073,35.7187],[135.0732,35.7187],[135.073,35.7187]]],[[[135.0746,35.7189],[135.0746,35.7188],[135.0744,35.7187],[135.0746,35.7189]]],[[[135.073,35.7188],[135.073,35.7188],[135.073,35.7188],[135.073,35.7188]]],[[[135.0729,35.7188],[135.0729,35.7189],[135.073,35.7189],[135.0729,35.7188]]],[[[135.0727,35.7189],[135.0729,35.7188],[135.0728,35.7188],[135.0727,35.7189]]],[[[135.0735,35.719],[135.0736,35.7188],[135.0735,35.7187],[135.0735,35.719]]],[[[135.0688,35.719],[135.0687,35.7189],[135.0687,35.7189],[135.0688,35.719]]],[[[135.077,35.7199],[135.0769,35.7199],[135.0769,35.7199],[135.077,35.7199]]],[[[135.0756,35.7217],[135.0757,35.7214],[135.0755,35.7217],[135.0756,35.7217]]],[[[135.0784,35.7218],[135.0784,35.7216],[135.0781,35.7219],[135.0784,35.7218]]],[[[135.0781,35.7217],[135.0781,35.7218],[135.0781,35.7218],[135.0781,35.7217]]],[[[135.078,35.7218],[135.078,35.7219],[135.078,35.7218],[135.078,35.7218]]],[[[135.078,35.7219],[135.078,35.7219],[135.0779,35.7219],[135.078,35.7219]]],[[[135.08,35.7221],[135.08,35.722],[135.08,35.722],[135.08,35.7221]]],[[[135.0802,35.7221],[135.0802,35.7221],[135.0802,35.7221],[135.0802,35.7221]]],[[[135.078,35.7221],[135.0779,35.7221],[135.0779,35.7221],[135.078,35.7221]]],[[[135.078,35.722],[135.078,35.7222],[135.0782,35.722],[135.078,35.722]]],[[[135.08,35.7221],[135.08,35.7221],[135.0801,35.7221],[135.08,35.7221]]],[[[135.0801,35.7221],[135.0802,35.7221],[135.0801,35.7221],[135.0801,35.7221]]],[[[135.0803,35.7221],[135.0803,35.7222],[135.0804,35.7221],[135.0803,35.7221]]],[[[135.08,35.7221],[135.08,35.7222],[135.0801,35.7222],[135.08,35.7221]]],[[[135.0796,35.7223],[135.0796,35.7222],[135.0793,35.7221],[135.0796,35.7223]]],[[[135.0799,35.7223],[135.0799,35.7223],[135.0799,35.7222],[135.0799,35.7223]]],[[[135.0802,35.7222],[135.0802,35.7222],[135.0801,35.7223],[135.0802,35.7222]]],[[[135.0803,35.7223],[135.0802,35.7223],[135.0803,35.7223],[135.0803,35.7223]]],[[[135.078,35.7223],[135.078,35.7223],[135.078,35.7223],[135.078,35.7223]]],[[[135.0781,35.7224],[135.078,35.7223],[135.078,35.7224],[135.0781,35.7224]]],[[[135.0781,35.7225],[135.0781,35.7225],[135.0781,35.7225],[135.0781,35.7225]]],[[[135.0814,35.723],[135.0814,35.723],[135.0813,35.7229],[135.0814,35.723]]],[[[135.0801,35.7231],[135.0801,35.7232],[135.0802,35.7232],[135.0801,35.7231]]],[[[135.0813,35.7236],[135.0811,35.7237],[135.0814,35.7236],[135.0813,35.7236]]],[[[135.0819,35.7237],[135.0819,35.7237],[135.0818,35.7237],[135.0819,35.7237]]],[[[135.0842,35.7264],[135.0844,35.726],[135.0842,35.726],[135.0842,35.7264]]],[[[135.0843,35.7268],[135.0844,35.7268],[135.0844,35.7265],[135.0843,35.7268]]],[[[135.0844,35.7271],[135.0843,35.727],[135.0843,35.7271],[135.0844,35.7271]]],[[[135.0844,35.728],[135.0844,35.7277],[135.0844,35.7278],[135.0844,35.728]]],[[[135.0844,35.7285],[135.0845,35.7282],[135.0844,35.7282],[135.0844,35.7285]]],[[[135.0862,35.7295],[135.0861,35.7294],[135.086,35.7294],[135.0862,35.7295]]],[[[135.0863,35.7296],[135.0862,35.7296],[135.0863,35.7296],[135.0863,35.7296]]],[[[135.0862,35.7298],[135.0862,35.7298],[135.0862,35.7298],[135.0862,35.7298]]],[[[135.0863,35.73],[135.0863,35.73],[135.0862,35.73],[135.0863,35.73]]],[[[135.0865,35.7308],[135.0865,35.7307],[135.0863,35.7307],[135.0865,35.7308]]],[[[135.0821,35.7384],[135.0833,35.7381],[135.0839,35.7363],[135.0816,35.7368],[135.0821,35.7384]]],[[[135.083,35.7384],[135.0829,35.7385],[135.0829,35.7385],[135.083,35.7384]]],[[[135.0822,35.7385],[135.0822,35.7385],[135.0823,35.7385],[135.0822,35.7385]]],[[[135.0836,35.7385],[135.0836,35.7385],[135.0836,35.7385],[135.0836,35.7385]]],[[[135.0842,35.7385],[135.0843,35.7387],[135.0844,35.7387],[135.0842,35.7385]]],[[[135.0825,35.7388],[135.0825,35.7388],[135.0824,35.7388],[135.0825,35.7388]]],[[[135.0835,35.7386],[135.0835,35.739],[135.0836,35.739],[135.0835,35.7386]]],[[[135.0848,35.7388],[135.0845,35.7388],[135.0845,35.7391],[135.0848,35.7388]]],[[[135.0845,35.7393],[135.0845,35.7392],[135.0845,35.7393],[135.0845,35.7393]]],[[[135.0851,35.7394],[135.085,35.7395],[135.0851,35.7396],[135.0851,35.7394]]],[[[135.0907,35.7396],[135.0906,35.7396],[135.0906,35.7397],[135.0907,35.7396]]],[[[135.0873,35.7397],[135.0873,35.7397],[135.0873,35.7397],[135.0873,35.7397]]],[[[135.087,35.7398],[135.087,35.7398],[135.087,35.7398],[135.087,35.7398]]],[[[135.0908,35.7398],[135.0908,35.7398],[135.0908,35.7399],[135.0908,35.7398]]],[[[135.0862,35.7399],[135.0862,35.7399],[135.0862,35.7398],[135.0862,35.7399]]],[[[135.0863,35.7399],[135.0862,35.7399],[135.0862,35.7399],[135.0863,35.7399]]],[[[135.0858,35.7399],[135.0861,35.74],[135.086,35.7399],[135.0858,35.7399]]],[[[135.0847,35.7401],[135.0846,35.7401],[135.0847,35.7401],[135.0847,35.7401]]],[[[135.0902,35.7404],[135.0901,35.7401],[135.09,35.7402],[135.0902,35.7404]]],[[[135.0858,35.7403],[135.0859,35.7403],[135.0859,35.7402],[135.0858,35.7403]]],[[[135.0892,35.7403],[135.0892,35.7404],[135.0893,35.7404],[135.0892,35.7403]]],[[[135.0889,35.7405],[135.089,35.7404],[135.0889,35.7403],[135.0889,35.7405]]],[[[135.0894,35.7405],[135.0894,35.7405],[135.0893,35.7404],[135.0894,35.7405]]],[[[135.0968,35.7431],[135.0968,35.743],[135.0967,35.743],[135.0968,35.7431]]],[[[135.0971,35.7431],[135.097,35.7431],[135.097,35.7431],[135.0971,35.7431]]],[[[135.0994,35.7431],[135.0993,35.7432],[135.0994,35.7432],[135.0994,35.7431]]],[[[135.097,35.7433],[135.097,35.7432],[135.097,35.7433],[135.097,35.7433]]],[[[135.0968,35.7434],[135.0967,35.7435],[135.0968,35.7435],[135.0968,35.7434]]],[[[135.1047,35.7442],[135.1048,35.7441],[135.1048,35.7441],[135.1047,35.7442]]],[[[135.1056,35.7443],[135.106,35.7441],[135.1059,35.7441],[135.1056,35.7443]]],[[[135.1083,35.7447],[135.1082,35.7448],[135.1082,35.745],[135.1083,35.7447]]],[[[135.1151,35.745],[135.1151,35.7449],[135.115,35.7449],[135.1151,35.745]]],[[[135.108,35.7449],[135.1079,35.745],[135.1079,35.745],[135.108,35.7449]]],[[[135.1081,35.745],[135.1082,35.745],[135.1081,35.745],[135.1081,35.745]]],[[[135.1183,35.7452],[135.1182,35.7453],[135.1183,35.7453],[135.1183,35.7452]]],[[[135.1082,35.7452],[135.1081,35.7453],[135.1081,35.7453],[135.1082,35.7452]]],[[[135.1083,35.7454],[135.1085,35.7453],[135.1084,35.7452],[135.1083,35.7454]]],[[[135.124,35.7458],[135.1239,35.7458],[135.1239,35.7458],[135.124,35.7458]]],[[[135.1238,35.7458],[135.1238,35.7458],[135.1237,35.7458],[135.1238,35.7458]]],[[[135.1217,35.7461],[135.1217,35.7461],[135.1215,35.746],[135.1217,35.7461]]],[[[135.1227,35.7462],[135.1228,35.746],[135.1222,35.7462],[135.1227,35.7462]]],[[[135.1185,35.7461],[135.1185,35.7462],[135.1186,35.7461],[135.1185,35.7461]]],[[[135.1095,35.7465],[135.1095,35.7464],[135.1094,35.7465],[135.1095,35.7465]]],[[[135.1213,35.7465],[135.1211,35.7465],[135.1211,35.7465],[135.1213,35.7465]]],[[[135.1208,35.7465],[135.1208,35.7466],[135.1208,35.7466],[135.1208,35.7465]]],[[[135.1117,35.7469],[135.1112,35.7466],[135.1111,35.747],[135.1117,35.7469]]],[[[135.1234,35.7469],[135.1235,35.7469],[135.1235,35.7468],[135.1234,35.7469]]],[[[135.1186,35.7473],[135.1185,35.7474],[135.1185,35.7474],[135.1186,35.7473]]],[[[135.1473,35.7505],[135.1473,35.7505],[135.1473,35.7506],[135.1473,35.7505]]],[[[135.1324,35.7507],[135.1324,35.7506],[135.1323,35.7507],[135.1324,35.7507]]],[[[135.1329,35.7513],[135.1329,35.7513],[135.1328,35.7512],[135.1329,35.7513]]],[[[135.1333,35.7515],[135.1334,35.7514],[135.1333,35.7513],[135.1333,35.7515]]],[[[135.1429,35.7515],[135.1428,35.7514],[135.1427,35.7515],[135.1429,35.7515]]],[[[135.1335,35.7515],[135.1335,35.7515],[135.1335,35.7516],[135.1335,35.7515]]],[[[135.1435,35.7516],[135.1435,35.7516],[135.1435,35.7517],[135.1435,35.7516]]],[[[135.1474,35.7517],[135.1474,35.7517],[135.1474,35.7518],[135.1474,35.7517]]],[[[135.1472,35.7522],[135.1472,35.7522],[135.1472,35.7521],[135.1472,35.7522]]],[[[135.1408,35.7528],[135.1408,35.7528],[135.1408,35.7527],[135.1408,35.7528]]],[[[135.1362,35.7572],[135.1345,35.757],[135.1353,35.7577],[135.1362,35.7572]]],[[[135.1474,35.7507],[135.1474,35.7507],[135.1474,35.7508],[135.1474,35.7507]]],[[[135.1476,35.7508],[135.1476,35.7508],[135.1476,35.7508],[135.1476,35.7508]]],[[[135.1475,35.7508],[135.1474,35.7509],[135.1474,35.7509],[135.1475,35.7508]]],[[[135.1475,35.7509],[135.1475,35.7509],[135.1475,35.7508],[135.1475,35.7509]]],[[[135.1477,35.7509],[135.1477,35.7509],[135.1477,35.7509],[135.1477,35.7509]]],[[[135.1477,35.7512],[135.1478,35.751],[135.1478,35.751],[135.1477,35.7512]]],[[[135.1478,35.7514],[135.148,35.7514],[135.1479,35.7513],[135.1478,35.7514]]],[[[135.1476,35.7516],[135.1475,35.7516],[135.1475,35.7517],[135.1476,35.7516]]],[[[135.148,35.7517],[135.148,35.7516],[135.148,35.7516],[135.148,35.7517]]],[[[135.1484,35.7517],[135.1485,35.7518],[135.1484,35.7516],[135.1484,35.7517]]],[[[135.1503,35.7518],[135.1503,35.7517],[135.1503,35.7518],[135.1503,35.7518]]],[[[135.15,35.7518],[135.15,35.7518],[135.15,35.7518],[135.15,35.7518]]],[[[135.1482,35.7518],[135.1481,35.7519],[135.1482,35.752],[135.1482,35.7518]]],[[[135.1532,35.7519],[135.1531,35.7519],[135.1532,35.7519],[135.1532,35.7519]]],[[[135.1538,35.752],[135.1538,35.752],[135.1538,35.752],[135.1538,35.752]]],[[[135.1485,35.7521],[135.1486,35.752],[135.1485,35.752],[135.1485,35.7521]]],[[[135.1487,35.752],[135.1488,35.7521],[135.1488,35.752],[135.1487,35.752]]],[[[135.154,35.7521],[135.154,35.7521],[135.154,35.7521],[135.154,35.7521]]],[[[135.1491,35.7521],[135.1491,35.7522],[135.1491,35.7521],[135.1491,35.7521]]],[[[135.1496,35.7522],[135.1497,35.7521],[135.1496,35.7521],[135.1496,35.7522]]],[[[135.1545,35.7522],[135.1545,35.7522],[135.1545,35.7521],[135.1545,35.7522]]],[[[135.1545,35.7522],[135.1545,35.7522],[135.1545,35.7522],[135.1545,35.7522]]],[[[135.1499,35.7521],[135.1499,35.7522],[135.1499,35.7522],[135.1499,35.7521]]],[[[135.148,35.7521],[135.1478,35.7521],[135.1478,35.7522],[135.148,35.7521]]],[[[135.154,35.7522],[135.154,35.7522],[135.154,35.7522],[135.154,35.7522]]],[[[135.1506,35.7522],[135.1506,35.7522],[135.1504,35.7522],[135.1506,35.7522]]],[[[135.1495,35.7523],[135.1495,35.7523],[135.1495,35.7522],[135.1495,35.7523]]],[[[135.1483,35.7522],[135.1483,35.7523],[135.1484,35.7522],[135.1483,35.7522]]],[[[135.1486,35.7522],[135.1486,35.7523],[135.1487,35.7522],[135.1486,35.7522]]],[[[135.1546,35.7522],[135.1546,35.7523],[135.1546,35.7523],[135.1546,35.7522]]],[[[135.1476,35.7523],[135.1475,35.7523],[135.1475,35.7524],[135.1476,35.7523]]],[[[135.1484,35.7524],[135.1485,35.7523],[135.1484,35.7523],[135.1484,35.7524]]],[[[135.1482,35.7525],[135.1481,35.7524],[135.1481,35.7525],[135.1482,35.7525]]],[[[135.1512,35.7526],[135.1512,35.7525],[135.1511,35.7525],[135.1512,35.7526]]],[[[135.1487,35.7525],[135.1486,35.7525],[135.1486,35.7526],[135.1487,35.7525]]],[[[135.1498,35.7526],[135.1498,35.7526],[135.1497,35.7525],[135.1498,35.7526]]],[[[135.1549,35.7526],[135.1549,35.7526],[135.1549,35.7526],[135.1549,35.7526]]],[[[135.1507,35.7526],[135.1507,35.7526],[135.1507,35.7526],[135.1507,35.7526]]],[[[135.1513,35.7526],[135.1513,35.7526],[135.1514,35.7526],[135.1513,35.7526]]],[[[135.1508,35.7527],[135.1508,35.7527],[135.1508,35.7527],[135.1508,35.7527]]],[[[135.1516,35.7528],[135.1516,35.7527],[135.1515,35.7527],[135.1516,35.7528]]],[[[135.1508,35.7527],[135.1508,35.7527],[135.1508,35.7527],[135.1508,35.7527]]],[[[135.1484,35.7529],[135.1484,35.7529],[135.1483,35.7528],[135.1484,35.7529]]],[[[135.1518,35.7529],[135.1521,35.753],[135.1519,35.7528],[135.1518,35.7529]]],[[[135.1515,35.753],[135.1515,35.753],[135.1514,35.753],[135.1515,35.753]]],[[[135.1486,35.7531],[135.1486,35.753],[135.1486,35.753],[135.1486,35.7531]]],[[[135.1509,35.7531],[135.151,35.7531],[135.1509,35.753],[135.1509,35.7531]]],[[[135.1552,35.753],[135.1552,35.7531],[135.1552,35.7531],[135.1552,35.753]]],[[[135.1553,35.7533],[135.1552,35.7533],[135.1552,35.7534],[135.1553,35.7533]]],[[[135.1549,35.7549],[135.1551,35.7549],[135.155,35.7548],[135.1549,35.7549]]],[[[135.1654,35.7577],[135.1654,35.7576],[135.1653,35.7577],[135.1654,35.7577]]],[[[135.1654,35.7578],[135.1654,35.7579],[135.1655,35.7578],[135.1654,35.7578]]],[[[135.1711,35.7597],[135.171,35.7597],[135.1711,35.7598],[135.1711,35.7597]]],[[[135.1665,35.76],[135.1667,35.76],[135.1668,35.7597],[135.1665,35.76]]],[[[135.1651,35.7602],[135.165,35.7602],[135.165,35.7603],[135.1651,35.7602]]],[[[135.1655,35.7606],[135.1654,35.7605],[135.1653,35.7605],[135.1655,35.7606]]],[[[135.1734,35.7606],[135.1734,35.7605],[135.1733,35.7606],[135.1734,35.7606]]],[[[135.165,35.7608],[135.165,35.7608],[135.1649,35.7608],[135.165,35.7608]]],[[[135.1739,35.7608],[135.1739,35.7608],[135.1739,35.7609],[135.1739,35.7608]]],[[[135.1657,35.761],[135.1658,35.7608],[135.1657,35.7607],[135.1657,35.761]]],[[[135.1736,35.761],[135.1737,35.7609],[135.1735,35.7609],[135.1736,35.761]]],[[[135.165,35.761],[135.165,35.7609],[135.165,35.761],[135.165,35.761]]],[[[135.1738,35.761],[135.1738,35.761],[135.1738,35.761],[135.1738,35.761]]],[[[135.1735,35.7611],[135.1735,35.7613],[135.1737,35.7613],[135.1735,35.7611]]],[[[135.1648,35.7613],[135.1648,35.7614],[135.1649,35.7614],[135.1648,35.7613]]],[[[135.1752,35.7615],[135.1752,35.7614],[135.1751,35.7614],[135.1752,35.7615]]],[[[135.1746,35.7615],[135.1746,35.7614],[135.1745,35.7615],[135.1746,35.7615]]],[[[135.1745,35.7617],[135.1746,35.7617],[135.1746,35.7616],[135.1745,35.7617]]],[[[135.1805,35.762],[135.1794,35.7617],[135.1753,35.762],[135.1805,35.762]]],[[[135.1746,35.7621],[135.1746,35.7621],[135.1745,35.7621],[135.1746,35.7621]]],[[[135.1831,35.7606],[135.1829,35.7607],[135.1829,35.7608],[135.1831,35.7606]]],[[[135.184,35.7625],[135.1841,35.7625],[135.1841,35.7624],[135.184,35.7625]]],[[[135.1838,35.7625],[135.1839,35.7625],[135.1839,35.7625],[135.1838,35.7625]]],[[[135.184,35.7625],[135.1839,35.7625],[135.1841,35.7626],[135.184,35.7625]]],[[[135.1801,35.7641],[135.1793,35.7631],[135.1797,35.7641],[135.1801,35.7641]]],[[[135.1844,35.7638],[135.1845,35.764],[135.1847,35.7639],[135.1844,35.7638]]],[[[135.1902,35.764],[135.1901,35.7639],[135.19,35.764],[135.1902,35.764]]],[[[135.1904,35.7642],[135.1903,35.7642],[135.1902,35.7643],[135.1904,35.7642]]],[[[135.1902,35.7645],[135.1903,35.7644],[135.1902,35.7644],[135.1902,35.7645]]],[[[135.2087,35.7648],[135.2088,35.7648],[135.2088,35.7647],[135.2087,35.7648]]],[[[135.209,35.7647],[135.2089,35.7648],[135.2089,35.7648],[135.209,35.7647]]],[[[135.2029,35.7649],[135.2039,35.7649],[135.2036,35.7648],[135.2029,35.7649]]],[[[135.1884,35.765],[135.1881,35.765],[135.1882,35.7652],[135.1884,35.765]]],[[[135.1881,35.7652],[135.188,35.7652],[135.1881,35.7652],[135.1881,35.7652]]],[[[135.1996,35.7655],[135.1997,35.7654],[135.1996,35.7654],[135.1996,35.7655]]],[[[135.1881,35.7655],[135.1881,35.7655],[135.1882,35.7653],[135.1881,35.7655]]],[[[135.1905,35.7658],[135.1906,35.7659],[135.1906,35.7657],[135.1905,35.7658]]],[[[135.1921,35.7658],[135.1921,35.7656],[135.1916,35.766],[135.1921,35.7658]]],[[[135.2061,35.7659],[135.2061,35.7658],[135.2059,35.7658],[135.2061,35.7659]]],[[[135.19,35.7656],[135.1899,35.7662],[135.1905,35.7661],[135.19,35.7656]]],[[[135.2003,35.7661],[135.2004,35.766],[135.2004,35.7659],[135.2003,35.7661]]],[[[135.2009,35.7661],[135.2009,35.766],[135.2008,35.766],[135.2009,35.7661]]],[[[135.1977,35.766],[135.1977,35.7661],[135.1981,35.766],[135.1977,35.766]]],[[[135.188,35.766],[135.1881,35.7662],[135.1881,35.7662],[135.188,35.766]]],[[[135.1853,35.7662],[135.1855,35.766],[135.1854,35.766],[135.1853,35.7662]]],[[[135.1902,35.7664],[135.1902,35.7663],[135.19,35.7663],[135.1902,35.7664]]],[[[135.1922,35.7664],[135.1923,35.7664],[135.1922,35.7663],[135.1922,35.7664]]],[[[135.2115,35.7665],[135.2115,35.7664],[135.2113,35.7664],[135.2115,35.7665]]],[[[135.2115,35.7665],[135.2116,35.7665],[135.2116,35.7664],[135.2115,35.7665]]],[[[135.2116,35.7665],[135.2115,35.7666],[135.2117,35.7667],[135.2116,35.7665]]],[[[135.1966,35.7668],[135.1965,35.7667],[135.1965,35.7667],[135.1966,35.7668]]],[[[135.1919,35.7666],[135.1916,35.767],[135.1921,35.7669],[135.1923,35.7667],[135.1919,35.7666]]],[[[135.1926,35.7673],[135.1924,35.7672],[135.1924,35.7673],[135.1926,35.7673]]],[[[135.2015,35.7674],[135.2014,35.7673],[135.2013,35.7674],[135.2015,35.7674]]],[[[135.1927,35.7675],[135.1926,35.7675],[135.1927,35.7676],[135.1927,35.7675]]],[[[135.1943,35.7677],[135.1943,35.7677],[135.1943,35.7676],[135.1943,35.7677]]],[[[135.217,35.7691],[135.2168,35.7691],[135.2168,35.7696],[135.217,35.7691]]],[[[135.2331,35.7694],[135.2331,35.7695],[135.2331,35.7694],[135.2331,35.7694]]],[[[135.2185,35.7704],[135.2189,35.7702],[135.2187,35.77],[135.2185,35.7704]]],[[[135.2325,35.7711],[135.2324,35.771],[135.2323,35.7711],[135.2325,35.7711]]],[[[135.2326,35.7712],[135.2328,35.7711],[135.2327,35.771],[135.2326,35.7712]]],[[[135.2329,35.7713],[135.2329,35.7712],[135.2329,35.7711],[135.2329,35.7713]]],[[[135.2327,35.7714],[135.2326,35.7714],[135.2325,35.7714],[135.2327,35.7714]]],[[[135.2327,35.7716],[135.233,35.7716],[135.2329,35.7715],[135.2327,35.7716]]],[[[135.2332,35.7717],[135.2331,35.7716],[135.233,35.7717],[135.2332,35.7717]]],[[[135.231,35.7726],[135.231,35.7725],[135.2308,35.7726],[135.231,35.7726]]],[[[135.2315,35.7726],[135.2313,35.7726],[135.2313,35.7726],[135.2315,35.7726]]],[[[135.2316,35.7726],[135.2315,35.7727],[135.2316,35.7728],[135.2316,35.7726]]],[[[135.2314,35.7732],[135.2316,35.773],[135.2302,35.7734],[135.2314,35.7732]]],[[[135.2296,35.7741],[135.2295,35.7742],[135.2296,35.7742],[135.2296,35.7741]]],[[[135.2279,35.7746],[135.2282,35.7743],[135.2281,35.7743],[135.2279,35.7746]]],[[[135.2265,35.7746],[135.2264,35.7746],[135.2265,35.7747],[135.2265,35.7746]]],[[[135.2294,35.7747],[135.228,35.7747],[135.2283,35.7748],[135.2294,35.7747]]],[[[135.2278,35.7748],[135.2277,35.775],[135.2278,35.7751],[135.2278,35.7748]]],[[[135.2272,35.7749],[135.2275,35.775],[135.2275,35.7749],[135.2272,35.7749]]],[[[135.2289,35.7751],[135.2292,35.775],[135.2289,35.7748],[135.2289,35.7751]]],[[[135.228,35.775],[135.228,35.7752],[135.2283,35.7752],[135.228,35.775]]],[[[135.2284,35.7751],[135.2283,35.7752],[135.2284,35.7753],[135.2284,35.7751]]],[[[135.226,35.7758],[135.2259,35.7757],[135.2258,35.7758],[135.226,35.7758]]],[[[135.2257,35.7771],[135.226,35.7769],[135.2259,35.7768],[135.2257,35.7771]]],[[[135.2193,35.7775],[135.2195,35.7774],[135.2194,35.7774],[135.2193,35.7775]]],[[[135.2199,35.7775],[135.2201,35.7774],[135.22,35.7774],[135.2199,35.7775]]],[[[135.2198,35.7776],[135.2198,35.7775],[135.2196,35.7776],[135.2198,35.7776]]],[[[135.2203,35.7778],[135.2205,35.7777],[135.2203,35.7777],[135.2203,35.7778]]],[[[135.2186,35.7783],[135.2187,35.7781],[135.2186,35.7781],[135.2186,35.7783]]]]}},{"type":"Feature","properties":{"code":"26463","name":"伊根町","pref_code":"26","pref":"京都府"},"geometry":{"type":"MultiPolygon","coordinates":[[[[135.2314,35.7648],[135.2335,35.7689],[135.2355,35.7681],[135.2365,35.7662],[135.2392,35.7668],[135.2391,35.7636],[135.2436,35.7602],[135.2461,35.7598],[135.2467,35.7572],[135.2505,35.757],[135.2507,35.7595],[135.2551,35.759],[135.255,35.7544],[135.2528,35.7555],[135.2521,35.7539],[135.2532,35.7543],[135.2534,35.7528],[135.2517,35.7535],[135.2509,35.7514],[135.2554,35.7463],[135.2566,35.7461],[135.257,35.7445],[135.2604,35.7443],[135.2621,35.7449],[135.263,35.7441],[135.266,35.7449],[135.2674,35.7423],[135.2704,35.7416],[135.2728,35.7415],[135.2746,35.7427],[135.2737,35.7398],[135.2737,35.7359],[135.2746,35.7362],[135.2744,35.7356],[135.2755,35.7351],[135.2755,35.7348],[135.2743,35.7354],[135.2736,35.7346],[135.2743,35.7332],[135.2731,35.7327],[135.274,35.7324],[135.2734,35.7309],[135.275,35.73],[135.2787,35.7317],[135.2785,35.7305],[135.2802,35.7302],[135.2815,35.7279],[135.2847,35.7296],[135.2854,35.7265],[135.2889,35.7244],[135.2878,35.7223],[135.2895,35.7186],[135.2882,35.7174],[135.2879,35.7164],[135.2887,35.7154],[135.2894,35.7153],[135.2864,35.7107],[135.2873,35.7088],[135.2881,35.7087],[135.2857,35.7067],[135.2862,35.7051],[135.2892,35.7048],[135.2897,35.7063],[135.2919,35.7063],[135.2946,35.7051],[135.2991,35.7005],[135.3066,35.6991],[135.3071,35.6968],[135.3072,35.6966],[135.3084,35.696],[135.3086,35.6936],[135.3071,35.6936],[135.3064,35.692],[135.307,35.6936],[135.3058,35.6942],[135.3049,35.6931],[135.3044,35.6868],[135.3019,35.6823],[135.3001,35.6818],[135.2996,35.6797],[135.2985,35.6795],[135.3007,35.6765],[135.2985,35.6736],[135.3002,35.6685],[135.3032,35.6643],[135.3028,35.6621],[135.3007,35.6633],[135.2988,35.6624],[135.2989,35.6607],[135.2947,35.6598],[135.292,35.6618],[135.291,35.6649],[135.2877,35.6646],[135.2873,35.6657],[135.2908,35.6663],[135.2913,35.6688],[135.295,35.6711],[135.2933,35.6718],[135.2945,35.6738],[135.2933,35.6748],[135.2915,35.6736],[135.2921,35.6729],[135.2893,35.675],[135.2886,35.6738],[135.2874,35.674],[135.288,35.6753],[135.2871,35.6758],[135.2863,35.6735],[135.2798,35.6681],[135.2777,35.6691],[135.2799,35.6705],[135.2774,35.6705],[135.2753,35.6721],[135.2742,35.6713],[135.2754,35.6698],[135.275,35.6675],[135.2708,35.6692],[135.2731,35.6725],[135.2682,35.6741],[135.2668,35.6763],[135.2689,35.6793],[135.2765,35.6829],[135.2773,35.6896],[135.2761,35.6918],[135.2732,35.691],[135.2721,35.6931],[135.2686,35.6945],[135.2672,35.6948],[135.2635,35.6922],[135.2523,35.6887],[135.2501,35.6865],[135.2463,35.6888],[135.2388,35.6849],[135.2266,35.6892],[135.221,35.6869],[135.2163,35.6868],[135.2135,35.6891],[135.2138,35.6932],[135.2083,35.6945],[135.2065,35.694],[135.199,35.6974],[135.1951,35.6964],[135.1933,35.6984],[135.193,35.7041],[135.1916,35.7044],[135.1908,35.7066],[135.188,35.7086],[135.1935,35.7121],[135.1921,35.7144],[135.1931,35.7152],[135.1928,35.7176],[135.1946,35.7184],[135.195,35.7204],[135.1975,35.7221],[135.1994,35.7254],[135.1973,35.7323],[135.2015,35.7349],[135.2067,35.7358],[135.2081,35.7381],[135.2073,35.7394],[135.2079,35.741],[135.2109,35.741],[135.2158,35.7432],[135.22,35.7423],[135.2208,35.7486],[135.2279,35.7604],[135.2272,35.7621],[135.2314,35.7648]]],[[[135.2486,35.7578],[135.2488,35.7578],[135.2488,35.7578],[135.2486,35.7578]]],[[[135.2467,35.7594],[135.2467,35.7594],[135.2467,35.7593],[135.2467,35.7594]]],[[[135.2468,35.7595],[135.2469,35.7595],[135.2469,35.7594],[135.2468,35.7595]]],[[[135.2463,35.7596],[135.2464,35.7595],[135.2463,35.7595],[135.2463,35.7596]]],[[[135.2462,35.7599],[135.2462,35.7598],[135.2462,35.7599],[135.2462,35.7599]]],[[[135.2454,35.7603],[135.2458,35.7599],[135.2453,35.7603],[135.2454,35.7603]]],[[[135.245,35.7602],[135.2449,35.7602],[135.245,35.7602],[135.245,35.7602]]],[[[135.2446,35.7602],[135.2445,35.7602],[135.2447,35.7602],[135.2446,35.7602]]],[[[135.2458,35.7603],[135.2458,35.7604],[135.2459,35.7603],[135.2458,35.7603]]],[[[135.2448,35.7604],[135.2449,35.7605],[135.2449,35.7605],[135.2448,35.7604]]],[[[135.2454,35.7605],[135.2454,35.7606],[135.2455,35.7605],[135.2454,35.7605]]],[[[135.2455,35.7606],[135.2455,35.7607],[135.2455,35.7607],[135.2455,35.7606]]],[[[135.2422,35.7628],[135.2421,35.7629],[135.2422,35.7628],[135.2422,35.7628]]],[[[135.2404,35.7631],[135.2404,35.7632],[135.2405,35.7632],[135.2404,35.7631]]],[[[135.2407,35.7632],[135.2407,35.7631],[135.2407,35.7632],[135.2407,35.7632]]],[[[135.2407,35.7634],[135.2408,35.7634],[135.2408,35.7633],[135.2407,35.7634]]],[[[135.2412,35.7634],[135.2413,35.7634],[135.2413,35.7633],[135.2412,35.7634]]],[[[135.2409,35.7635],[135.2409,35.7634],[135.2409,35.7634],[135.2409,35.7635]]],[[[135.2411,35.7634],[135.2411,35.7635],[135.2412,35.7635],[135.2411,35.7634]]],[[[135.2415,35.7639],[135.2416,35.764],[135.2417,35.7639],[135.2415,35.7639]]],[[[135.2412,35.7642],[135.2411,35.7641],[135.2411,35.7641],[135.2412,35.7642]]],[[[135.2392,35.7671],[135.2392,35.7672],[135.2393,35.7672],[135.2392,35.7671]]],[[[135.2391,35.7672],[135.2389,35.7671],[135.2389,35.7672],[135.2391,35.7672]]],[[[135.2387,35.7672],[135.2388,35.7673],[135.2388,35.7672],[135.2387,35.7672]]],[[[135.2387,35.7674],[135.2388,35.7675],[135.2388,35.7675],[135.2387,35.7674]]],[[[135.2375,35.7675],[135.2375,35.7676],[135.2376,35.7675],[135.2375,35.7675]]],[[[135.2346,35.7686],[135.2346,35.7686],[135.2347,35.7686],[135.2346,35.7686]]],[[[135.2337,35.7689],[135.2338,35.7689],[135.2338,35.7689],[135.2337,35.7689]]],[[[135.2333,35.7692],[135.2333,35.7693],[135.2334,35.7692],[135.2333,35.7692]]],[[[135.2332,35.7694],[135.2331,35.7695],[135.2332,35.7695],[135.2332,35.7694]]],[[[135.2759,35.7307],[135.276,35.7307],[135.2759,35.7307],[135.2759,35.7307]]],[[[135.2742,35.7371],[135.274,35.7371],[135.2741,35.7372],[135.2742,35.7371]]],[[[135.2744,35.7372],[135.2743,35.7372],[135.2743,35.7373],[135.2744,35.7372]]],[[[135.274,35.7376],[135.274,35.7377],[135.2741,35.7377],[135.274,35.7376]]],[[[135.2742,35.7377],[135.2742,35.7377],[135.2742,35.7377],[135.2742,35.7377]]],[[[135.2745,35.7385],[135.2745,35.7384],[135.2744,35.7385],[135.2745,35.7385]]],[[[135.2748,35.7389],[135.2748,35.7388],[135.2748,35.7389],[135.2748,35.7389]]],[[[135.275,35.739],[135.2749,35.7389],[135.2749,35.739],[135.275,35.739]]],[[[135.2739,35.7398],[135.2738,35.7398],[135.2739,35.7398],[135.2739,35.7398]]],[[[135.2742,35.7399],[135.2741,35.7398],[135.2741,35.7398],[135.2742,35.7399]]],[[[135.2739,35.74],[135.2739,35.74],[135.2739,35.74],[135.2739,35.74]]],[[[135.2727,35.7416],[135.2727,35.7417],[135.2728,35.7417],[135.2727,35.7416]]],[[[135.2724,35.7417],[135.2725,35.7417],[135.2725,35.7417],[135.2724,35.7417]]],[[[135.2721,35.7417],[135.272,35.7418],[135.2721,35.7417],[135.2721,35.7417]]],[[[135.2702,35.7418],[135.2702,35.7419],[135.2702,35.7418],[135.2702,35.7418]]],[[[135.2697,35.7422],[135.2697,35.7422],[135.2697,35.7422],[135.2697,35.7422]]],[[[135.2686,35.7423],[135.2685,35.7423],[135.2686,35.7423],[135.2686,35.7423]]],[[[135.2695,35.7423],[135.2697,35.7424],[135.2696,35.7423],[135.2695,35.7423]]],[[[135.2677,35.7426],[135.2677,35.7427],[135.2677,35.7427],[135.2677,35.7426]]],[[[135.2674,35.7426],[135.2675,35.7427],[135.2675,35.7426],[135.2674,35.7426]]],[[[135.2679,35.7427],[135.2679,35.7428],[135.268,35.7427],[135.2679,35.7427]]],[[[135.2745,35.743],[135.2746,35.743],[135.2746,35.7429],[135.2745,35.743]]],[[[135.2629,35.7445],[135.263,35.7446],[135.2629,35.7445],[135.2629,35.7445]]],[[[135.2613,35.7446],[135.2613,35.7447],[135.2613,35.7447],[135.2613,35.7446]]],[[[135.2609,35.7447],[135.261,35.7448],[135.261,35.7447],[135.2609,35.7447]]],[[[135.262,35.7451],[135.2621,35.7452],[135.2621,35.7452],[135.262,35.7451]]],[[[135.2609,35.7456],[135.261,35.7457],[135.261,35.7457],[135.2609,35.7456]]],[[[135.2554,35.7471],[135.2554,35.7472],[135.2554,35.7472],[135.2554,35.7471]]],[[[135.2545,35.7483],[135.2547,35.7485],[135.2547,35.7483],[135.2545,35.7483]]],[[[135.2544,35.7486],[135.2546,35.7488],[135.2544,35.7485],[135.2544,35.7486]]],[[[135.2538,35.754],[135.2542,35.7544],[135.2543,35.7544],[135.2538,35.754]]],[[[135.2815,35.6658],[135.2814,35.6645],[135.2807,35.6654],[135.2815,35.6658]]],[[[135.2861,35.6662],[135.2832,35.6652],[135.2818,35.6661],[135.2843,35.6673],[135.2861,35.6662]]],[[[135.2879,35.7053],[135.2879,35.7052],[135.2879,35.7053],[135.2879,35.7053]]],[[[135.2876,35.7053],[135.2877,35.7052],[135.2876,35.7053],[135.2876,35.7053]]],[[[135.2875,35.7054],[135.2874,35.7053],[135.2874,35.7054],[135.2875,35.7054]]],[[[135.2878,35.7081],[135.2878,35.708],[135.2878,35.708],[135.2878,35.7081]]],[[[135.288,35.7086],[135.2881,35.7085],[135.2881,35.7085],[135.288,35.7086]]],[[[135.2884,35.709],[135.2884,35.7091],[135.2885,35.7091],[135.2884,35.709]]],[[[135.2876,35.7092],[135.2877,35.7092],[135.2876,35.7092],[135.2876,35.7092]]],[[[135.288,35.7093],[135.2879,35.7093],[135.288,35.7093],[135.288,35.7093]]],[[[135.2881,35.7095],[135.288,35.7097],[135.2881,35.7097],[135.2881,35.7095]]],[[[135.2879,35.7101],[135.2879,35.71],[135.2878,35.71],[135.2879,35.7101]]],[[[135.2872,35.7103],[135.2871,35.7104],[135.2872,35.7104],[135.2872,35.7103]]],[[[135.2868,35.7105],[135.2867,35.7105],[135.2869,35.7105],[135.2868,35.7105]]],[[[135.2874,35.7115],[135.2876,35.7114],[135.2874,35.7114],[135.2874,35.7115]]],[[[135.2886,35.7174],[135.2885,35.7174],[135.2886,35.7174],[135.2886,35.7174]]],[[[135.2883,35.7222],[135.2882,35.7222],[135.2882,35.7222],[135.2883,35.7222]]],[[[135.2887,35.7225],[135.2886,35.7226],[135.2887,35.7225],[135.2887,35.7225]]],[[[135.2854,35.7279],[135.2855,35.7278],[135.2855,35.7278],[135.2854,35.7279]]],[[[135.286,35.7283],[135.2856,35.7284],[135.2859,35.7287],[135.286,35.7283]]],[[[135.2824,35.7288],[135.2825,35.7287],[135.2825,35.7287],[135.2824,35.7288]]],[[[135.2858,35.7288],[135.2857,35.7288],[135.2857,35.7288],[135.2858,35.7288]]],[[[135.2831,35.7289],[135.2832,35.7289],[135.2832,35.7289],[135.2831,35.7289]]],[[[135.282,35.7291],[135.2819,35.7292],[135.282,35.7292],[135.282,35.7291]]],[[[135.2815,35.7292],[135.2814,35.7292],[135.2814,35.7292],[135.2815,35.7292]]],[[[135.2845,35.7297],[135.2841,35.7302],[135.2844,35.7303],[135.2845,35.7297]]],[[[135.282,35.7305],[135.282,35.7304],[135.2819,35.7304],[135.282,35.7305]]],[[[135.2791,35.7307],[135.2792,35.7308],[135.2793,35.7307],[135.2791,35.7307]]],[[[135.2768,35.7313],[135.2767,35.7312],[135.2767,35.7313],[135.2768,35.7313]]],[[[135.2782,35.7319],[135.278,35.7319],[135.2779,35.7319],[135.2782,35.7319]]],[[[135.286,35.7336],[135.2863,35.7337],[135.286,35.7335],[135.286,35.7336]]],[[[135.303,35.6619],[135.3029,35.6619],[135.303,35.662],[135.303,35.6619]]],[[[135.3015,35.6623],[135.3016,35.6624],[135.3016,35.6624],[135.3015,35.6623]]],[[[135.3034,35.6841],[135.3033,35.6841],[135.3034,35.6841],[135.3034,35.6841]]],[[[135.3041,35.6859],[135.3042,35.6859],[135.3041,35.6859],[135.3041,35.6859]]],[[[135.3044,35.6864],[135.3044,35.6863],[135.3043,35.6863],[135.3044,35.6864]]],[[[135.3049,35.6921],[135.3056,35.6921],[135.3049,35.692],[135.3049,35.6921]]],[[[135.3089,35.6936],[135.309,35.6935],[135.3089,35.6935],[135.3089,35.6936]]],[[[135.3074,35.6967],[135.3075,35.6966],[135.3074,35.6966],[135.3074,35.6967]]],[[[135.3071,35.6985],[135.3071,35.6986],[135.3072,35.6985],[135.3071,35.6985]]],[[[135.3068,35.6997],[135.307,35.6996],[135.3069,35.6996],[135.3068,35.6997]]],[[[135.3026,35.7006],[135.3026,35.7006],[135.3027,35.7006],[135.3026,35.7006]]],[[[135.3014,35.7006],[135.3014,35.7007],[135.3015,35.7006],[135.3014,35.7006]]],[[[135.2985,35.7018],[135.2983,35.7018],[135.2983,35.7019],[135.2985,35.7018]]],[[[135.2967,35.7037],[135.2966,35.7037],[135.2965,35.7038],[135.2967,35.7037]]],[[[135.2956,35.7044],[135.2955,35.7043],[135.2955,35.7044],[135.2956,35.7044]]],[[[135.2978,35.7046],[135.2978,35.7049],[135.2981,35.7048],[135.2978,35.7046]]],[[[135.2982,35.705],[135.2985,35.7049],[135.2982,35.7049],[135.2982,35.705]]],[[[135.2947,35.7052],[135.2948,35.7053],[135.2948,35.7052],[135.2947,35.7052]]],[[[135.294,35.7058],[135.2942,35.7058],[135.2942,35.7057],[135.294,35.7058]]],[[[135.2891,35.7063],[135.2896,35.7061],[135.289,35.7063],[135.2891,35.7063]]],[[[135.2895,35.7063],[135.2895,35.7062],[135.2895,35.7063],[135.2895,35.7063]]],[[[135.2919,35.7065],[135.292,35.7065],[135.2919,35.7064],[135.2919,35.7065]]],[[[135.29,35.7066],[135.29,35.7065],[135.2899,35.7066],[135.29,35.7066]]],[[[135.2916,35.7067],[135.2916,35.7067],[135.2915,35.7067],[135.2916,35.7067]]],[[[135.2906,35.7067],[135.2903,35.7071],[135.2907,35.7069],[135.2906,35.7067]]],[[[135.2906,35.708],[135.2907,35.7081],[135.2907,35.7081],[135.2906,35.708]]],[[[135.2887,35.7094],[135.2888,35.7094],[135.2887,35.7094],[135.2887,35.7094]]],[[[135.2888,35.7155],[135.2887,35.7155],[135.2888,35.7155],[135.2888,35.7155]]],[[[135.2889,35.7227],[135.2888,35.7228],[135.2889,35.7228],[135.2889,35.7227]]],[[[135.2886,35.7229],[135.2889,35.7232],[135.289,35.723],[135.2886,35.7229]]],[[[135.29,35.7232],[135.2899,35.7232],[135.2899,35.7232],[135.29,35.7232]]]]}}]}