{"type":"FeatureCollection","pref_code":"28","features":[{"type":"Feature","properties":{"code":"28100","name":"神戸市","pref_code":"28","pref":"兵庫県"},"geometry":{"type":"MultiPolygon","coordinates":[[[[135.0456,34.6242],[135.0559,34.6233],[135.0456,34.624],[135.0456,34.6242]]],[[[135.043,34.6253],[135.0414,34.6257],[135.043,34.6254],[135.043,34.6253]]],[[[135.0407,34.6261],[135.0392,34.6272],[135.0408,34.6262],[135.0407,34.6261]]],[[[135.0869,34.6337],[135.087,34.6337],[135.0869,34.6337],[135.0869,34.6337]]],[[[135.1046,34.6342],[135.1045,34.6343],[135.1046,34.6343],[135.1046,34.6342]]],[[[135.0285,34.6361],[135.0286,34.6362],[135.0287,34.6362],[135.0285,34.6361]]],[[[135.1128,34.6388],[135.1113,34.6382],[135.1128,34.6389],[135.1128,34.6388]]],[[[135.1143,34.6393],[135.1135,34.6391],[135.1143,34.6394],[135.1143,34.6393]]],[[[135.115,34.6395],[135.1159,34.6398],[135.1159,34.6397],[135.115,34.6395]]],[[[135.1168,34.6401],[135.1171,34.6401],[135.1162,34.6399],[135.1168,34.6401]]],[[[135.137,34.6401],[135.1315,34.6402],[135.1317,34.6405],[135.137,34.6401]]],[[[135.1183,34.6404],[135.1209,34.6408],[135.1209,34.6407],[135.1183,34.6404]]],[[[135.1224,34.6408],[135.1217,34.6409],[135.1224,34.6409],[135.1224,34.6408]]],[[[135.126,34.641],[135.1232,34.6409],[135.1232,34.641],[135.126,34.641]]],[[[135.1276,34.6409],[135.1268,34.641],[135.1276,34.641],[135.1276,34.6409]]],[[[135.1297,34.641],[135.1284,34.6409],[135.1284,34.641],[135.1297,34.641]]],[[[135.1023,34.6371],[135.0853,34.6337],[135.0823,34.6326],[135.0824,34.631],[135.0802,34.6306],[135.0817,34.631],[135.0815,34.6318],[135.0804,34.6311],[135.0799,34.6319],[135.0747,34.631],[135.0745,34.6283],[135.0601,34.6256],[135.0584,34.6278],[135.0577,34.6245],[135.0555,34.6243],[135.0546,34.6246],[135.0565,34.6244],[135.0563,34.6257],[135.0535,34.6251],[135.0574,34.6264],[135.0573,34.6272],[135.052,34.6268],[135.0526,34.6246],[135.0513,34.6268],[135.0516,34.6245],[135.0471,34.6247],[135.0476,34.6257],[135.0456,34.6248],[135.0455,34.6262],[135.0453,34.6251],[135.0439,34.6252],[135.039,34.628],[135.0384,34.6275],[135.0364,34.6286],[135.037,34.6294],[135.0319,34.6313],[135.0323,34.6332],[135.0246,34.6399],[135.0187,34.6432],[135.0201,34.6474],[135.0325,34.6584],[135.0284,34.6612],[135.0269,34.6619],[135.0264,34.6606],[135.0249,34.661],[135.0258,34.6604],[135.0238,34.6583],[135.0229,34.6593],[135.0223,34.6574],[135.02,34.6584],[135.0181,34.6578],[135.018,34.659],[135.0147,34.6569],[135.0152,34.6575],[135.0139,34.6582],[135.0159,34.6586],[135.0148,34.6594],[135.0176,34.6597],[135.0152,34.661],[135.0138,34.6601],[135.014,34.6616],[135.01,34.6613],[135.0111,34.6604],[135.0079,34.6601],[135.0049,34.6574],[135.0025,34.6591],[134.9997,34.6569],[134.9966,34.659],[134.9925,34.6576],[134.9865,34.6574],[134.9837,34.661],[134.9813,34.6612],[134.9803,34.6606],[134.9812,34.6599],[134.98,34.6577],[134.9767,34.6586],[134.975,34.6618],[134.9755,34.6633],[134.9744,34.666],[134.972,34.6679],[134.97,34.6715],[134.9702,34.6733],[134.9721,34.6742],[134.9717,34.6772],[134.9673,34.6799],[134.9644,34.6853],[134.9667,34.6897],[134.9646,34.6945],[134.9662,34.6951],[134.9645,34.6955],[134.9642,34.6965],[134.966,34.6984],[134.9646,34.6993],[134.9647,34.7011],[134.9632,34.7034],[134.9658,34.7052],[134.9646,34.7073],[134.966,34.7077],[134.9653,34.7092],[134.9661,34.7093],[134.9647,34.7119],[134.962,34.7131],[134.9623,34.7141],[134.9597,34.7134],[134.9587,34.7144],[134.9577,34.7125],[134.9527,34.7135],[134.9519,34.7131],[134.9526,34.7119],[134.9516,34.7116],[134.9429,34.7126],[134.9394,34.7069],[134.9345,34.7038],[134.9345,34.7022],[134.9328,34.7021],[134.9329,34.7005],[134.9297,34.6982],[134.93,34.7009],[134.928,34.6999],[134.9273,34.7009],[134.9281,34.7022],[134.9247,34.7026],[134.9253,34.7037],[134.924,34.7052],[134.9248,34.7061],[134.9218,34.7068],[134.9215,34.7089],[134.919,34.7088],[134.9169,34.7073],[134.9149,34.7108],[134.9131,34.7097],[134.9119,34.7131],[134.9134,34.7145],[134.91,34.7203],[134.9151,34.7229],[134.9183,34.7261],[134.9232,34.7278],[134.9274,34.7272],[134.9358,34.7308],[134.9492,34.7329],[134.9541,34.737],[134.9595,34.7444],[134.9665,34.7513],[134.9626,34.7613],[134.9616,34.7613],[134.961,34.7628],[134.964,34.7623],[134.9666,34.7634],[134.9687,34.7621],[134.9701,34.7637],[134.9722,34.7624],[134.9767,34.7662],[134.9777,34.7689],[134.9805,34.7695],[134.9836,34.7725],[134.9853,34.7719],[134.9903,34.774],[134.9917,34.7735],[135.0018,34.7757],[135.0006,34.7703],[135.0054,34.7702],[135.0075,34.7678],[135.0165,34.7663],[135.025,34.7624],[135.0256,34.7642],[135.0317,34.7657],[135.0387,34.7647],[135.0405,34.7673],[135.0406,34.7698],[135.0446,34.77],[135.0472,34.7717],[135.051,34.7697],[135.0542,34.7648],[135.0612,34.7638],[135.0646,34.7653],[135.0663,34.7677],[135.0696,34.7674],[135.071,34.7689],[135.0782,34.7712],[135.0777,34.774],[135.0831,34.7786],[135.0946,34.7786],[135.0928,34.7818],[135.0925,34.7856],[135.0958,34.7863],[135.0956,34.7881],[135.0924,34.7909],[135.0867,34.7927],[135.0833,34.7974],[135.0819,34.8015],[135.075,34.8057],[135.0768,34.8079],[135.0758,34.8089],[135.0773,34.8118],[135.076,34.816],[135.0812,34.8171],[135.0856,34.8217],[135.0849,34.8242],[135.0866,34.8261],[135.0885,34.8259],[135.0923,34.8281],[135.0924,34.8323],[135.101,34.8346],[135.104,34.8382],[135.1061,34.8436],[135.1114,34.8464],[135.1153,34.8456],[135.1227,34.8376],[135.1332,34.8371],[135.1343,34.8357],[135.1376,34.8361],[135.1402,34.8345],[135.1429,34.8349],[135.1436,34.837],[135.1508,34.8418],[135.1526,34.8415],[135.1531,34.8397],[135.1553,34.8411],[135.1584,34.8512],[135.1572,34.8523],[135.1564,34.8592],[135.1578,34.8614],[135.1559,34.8659],[135.1564,34.8683],[135.1577,34.8688],[135.1561,34.8716],[135.1585,34.8762],[135.1575,34.878],[135.1563,34.8782],[135.1544,34.8827],[135.1621,34.8852],[135.1699,34.8905],[135.1727,34.8881],[135.1829,34.8884],[135.1858,34.8869],[135.186,34.8847],[135.1885,34.8848],[135.1918,34.8805],[135.1939,34.8809],[135.197,34.8797],[135.1976,34.8773],[135.1997,34.8764],[135.202,34.876],[135.2121,34.8783],[135.2152,34.875],[135.2196,34.8756],[135.2284,34.8724],[135.2331,34.8737],[135.237,34.8771],[135.2419,34.8783],[135.2447,34.8776],[135.2463,34.8787],[135.2481,34.8778],[135.2514,34.879],[135.2614,34.8851],[135.279,34.8866],[135.2804,34.8858],[135.2856,34.8791],[135.2852,34.8767],[135.2868,34.8708],[135.292,34.8661],[135.2919,34.8638],[135.2938,34.8613],[135.2915,34.8604],[135.2898,34.8556],[135.2886,34.8547],[135.2854,34.8553],[135.2822,34.852],[135.283,34.8486],[135.2803,34.8476],[135.2748,34.8479],[135.2728,34.8468],[135.2696,34.8482],[135.2648,34.8482],[135.2643,34.8462],[135.2604,34.8419],[135.2483,34.8451],[135.2439,34.8482],[135.2398,34.8479],[135.2332,34.8454],[135.2328,34.8372],[135.2297,34.8245],[135.2306,34.821],[135.2328,34.819],[135.2332,34.8127],[135.2417,34.8079],[135.241,34.8026],[135.2467,34.804],[135.2488,34.8087],[135.2508,34.808],[135.2531,34.8047],[135.2555,34.8059],[135.2604,34.8055],[135.2648,34.8021],[135.2705,34.8026],[135.2686,34.7969],[135.2704,34.7961],[135.2699,34.794],[135.271,34.7919],[135.2689,34.7905],[135.2696,34.7896],[135.2685,34.7859],[135.2694,34.7839],[135.2673,34.7822],[135.2669,34.7803],[135.2724,34.7696],[135.2804,34.7597],[135.281,34.7532],[135.2802,34.7515],[135.2871,34.7479],[135.2893,34.7446],[135.2843,34.7444],[135.2885,34.7408],[135.2904,34.7409],[135.2907,34.7386],[135.2927,34.7367],[135.2926,34.7334],[135.2947,34.7309],[135.2961,34.7313],[135.2965,34.7303],[135.2954,34.73],[135.2962,34.7272],[135.2996,34.7284],[135.3035,34.7191],[135.293,34.719],[135.292,34.7207],[135.2931,34.7178],[135.2912,34.7177],[135.2924,34.7175],[135.2912,34.717],[135.2913,34.715],[135.2817,34.7124],[135.2827,34.7112],[135.2868,34.7119],[135.2881,34.7039],[135.2719,34.7022],[135.271,34.7068],[135.2679,34.707],[135.2682,34.7018],[135.2453,34.6994],[135.2398,34.7014],[135.228,34.7],[135.2282,34.6988],[135.2349,34.6985],[135.2383,34.6933],[135.224,34.6917],[135.2189,34.6955],[135.2145,34.6927],[135.2182,34.69],[135.2075,34.6843],[135.2039,34.6869],[135.203,34.6861],[135.2042,34.6848],[135.2028,34.6859],[135.2018,34.685],[135.2036,34.6793],[135.2024,34.6786],[135.201,34.6829],[135.1992,34.6825],[135.1996,34.6801],[135.1985,34.68],[135.198,34.6828],[135.1964,34.683],[135.1969,34.6799],[135.1959,34.6797],[135.1953,34.6829],[135.1938,34.6827],[135.1943,34.6796],[135.1932,34.6794],[135.1926,34.6827],[135.1914,34.6825],[135.1925,34.6827],[135.1923,34.6846],[135.191,34.6845],[135.191,34.6847],[135.193,34.6847],[135.1932,34.6856],[135.1901,34.6855],[135.1906,34.6814],[135.1884,34.6811],[135.1898,34.6795],[135.1888,34.6789],[135.1863,34.6826],[135.1844,34.682],[135.184,34.6807],[135.185,34.6807],[135.186,34.678],[135.1821,34.6774],[135.187,34.6769],[135.1873,34.6758],[135.1859,34.6753],[135.1892,34.6729],[135.1894,34.6723],[135.1891,34.6723],[135.1891,34.6719],[135.1887,34.671],[135.1887,34.6709],[135.1776,34.6704],[135.1771,34.6681],[135.1826,34.6682],[135.1874,34.6669],[135.186,34.6632],[135.1836,34.6638],[135.1827,34.6617],[135.1774,34.6638],[135.1786,34.6608],[135.1805,34.6612],[135.1787,34.6606],[135.1806,34.6586],[135.1807,34.6554],[135.1825,34.6556],[135.1843,34.6593],[135.1832,34.6567],[135.1851,34.6556],[135.1843,34.6542],[135.1861,34.6534],[135.1861,34.6561],[135.1862,34.6533],[135.1876,34.6528],[135.1833,34.6496],[135.1509,34.6462],[135.1498,34.6478],[135.1503,34.6491],[135.1493,34.649],[135.1462,34.6477],[135.1494,34.6469],[135.1508,34.6455],[135.1475,34.6458],[135.1369,34.6414],[135.1346,34.6427],[135.1351,34.6416],[135.1341,34.6412],[135.1351,34.641],[135.1316,34.6409],[135.132,34.6424],[135.1299,34.6424],[135.13,34.6409],[135.1314,34.6409],[135.1301,34.6407],[135.1316,34.6395],[135.1299,34.6407],[135.1298,34.6421],[135.1281,34.6425],[135.1245,34.6415],[135.1228,34.6424],[135.1196,34.6412],[135.1174,34.6418],[135.116,34.6405],[135.1155,34.6417],[135.1155,34.6404],[135.1152,34.6414],[135.1134,34.6413],[135.1104,34.6408],[135.1109,34.6395],[135.1105,34.6404],[135.1085,34.6399],[135.1104,34.639],[135.1064,34.64],[135.1023,34.6371]]],[[[135.2403,34.6348],[135.2405,34.6331],[135.2387,34.6324],[135.2297,34.6317],[135.2284,34.6306],[135.2271,34.6315],[135.2148,34.6305],[135.211,34.6294],[135.2093,34.6301],[135.2089,34.6338],[135.2132,34.6399],[135.2272,34.6412],[135.228,34.6399],[135.2321,34.6403],[135.232,34.6414],[135.2357,34.6417],[135.2385,34.6353],[135.2403,34.6348]]],[[[135.2044,34.6514],[135.2023,34.6536],[135.2044,34.6515],[135.2044,34.6514]]],[[[135.1868,34.6531],[135.1869,34.6532],[135.1869,34.6531],[135.1868,34.6531]]],[[[135.2025,34.6543],[135.1902,34.6529],[135.1902,34.653],[135.2024,34.6544],[135.2025,34.6543]]],[[[135.2027,34.6592],[135.2031,34.659],[135.2026,34.6592],[135.2027,34.6592]]],[[[135.189,34.6705],[135.1889,34.6706],[135.189,34.6706],[135.189,34.6705]]],[[[135.1887,34.6705],[135.1886,34.6706],[135.1887,34.6706],[135.1887,34.6705]]],[[[135.1888,34.6707],[135.1887,34.6708],[135.1888,34.6708],[135.1888,34.6707]]],[[[135.1891,34.6709],[135.189,34.671],[135.1891,34.671],[135.1891,34.6709]]],[[[135.1889,34.671],[135.1889,34.6711],[135.1889,34.6711],[135.1889,34.671]]],[[[135.1892,34.6712],[135.1891,34.6713],[135.1892,34.6713],[135.1892,34.6712]]],[[[135.1893,34.6719],[135.1887,34.671],[135.1892,34.672],[135.1893,34.6719]]],[[[135.189,34.6731],[135.1891,34.6732],[135.1891,34.6731],[135.189,34.6731]]],[[[135.2217,34.6815],[135.2229,34.6814],[135.2217,34.6814],[135.2217,34.6815]]],[[[135.2242,34.6892],[135.2243,34.6895],[135.2243,34.6892],[135.2242,34.6892]]],[[[135.2242,34.6895],[135.2242,34.6898],[135.2243,34.6895],[135.2242,34.6895]]],[[[135.2242,34.6898],[135.2242,34.6902],[135.2242,34.6898],[135.2242,34.6898]]],[[[135.2241,34.6902],[135.2242,34.6905],[135.2242,34.6902],[135.2241,34.6902]]],[[[135.2241,34.6905],[135.2241,34.6908],[135.2242,34.6905],[135.2241,34.6905]]],[[[135.256,34.6483],[135.2553,34.6487],[135.256,34.6483],[135.256,34.6483]]],[[[135.2495,34.6509],[135.2517,34.6508],[135.2495,34.6508],[135.2495,34.6509]]],[[[135.2768,34.6513],[135.2745,34.6654],[135.2805,34.6661],[135.2828,34.6514],[135.2768,34.6513]]],[[[135.2255,34.6779],[135.2163,34.6751],[135.2178,34.6727],[135.228,34.6758],[135.2319,34.6734],[135.2196,34.6697],[135.221,34.6673],[135.2334,34.6711],[135.2341,34.6694],[135.2431,34.6704],[135.2424,34.6717],[135.2432,34.6704],[135.2454,34.6706],[135.234,34.6693],[135.2364,34.6653],[135.2257,34.662],[135.2281,34.658],[135.2389,34.6613],[135.2451,34.6508],[135.2495,34.6508],[135.2172,34.6501],[135.2057,34.6577],[135.2043,34.6562],[135.2041,34.6593],[135.2024,34.6592],[135.2014,34.6736],[135.2028,34.6738],[135.2043,34.6759],[135.2033,34.677],[135.2022,34.6763],[135.2016,34.6742],[135.202,34.6762],[135.2048,34.678],[135.2068,34.6788],[135.2052,34.6778],[135.2065,34.6768],[135.2107,34.6789],[135.2104,34.6806],[135.2092,34.68],[135.2103,34.6813],[135.22,34.6828],[135.2255,34.6779]]],[[[135.2466,34.6679],[135.245,34.6698],[135.2467,34.6679],[135.2466,34.6679]]],[[[135.2538,34.6688],[135.2556,34.6711],[135.2565,34.6716],[135.2576,34.672],[135.2958,34.6763],[135.2576,34.6719],[135.2555,34.6709],[135.2539,34.6688],[135.2538,34.6688]]],[[[135.2322,34.685],[135.2405,34.6859],[135.2405,34.6858],[135.2322,34.685]]],[[[135.2323,34.6858],[135.2324,34.6857],[135.2323,34.6857],[135.2323,34.6858]]],[[[135.2331,34.6859],[135.2331,34.6859],[135.2331,34.6859],[135.2331,34.6859]]],[[[135.2337,34.686],[135.2338,34.6859],[135.2337,34.6859],[135.2337,34.686]]],[[[135.2345,34.686],[135.2346,34.6859],[135.2345,34.6859],[135.2345,34.686]]],[[[135.2352,34.6862],[135.2353,34.6861],[135.2352,34.6861],[135.2352,34.6862]]],[[[135.2359,34.6862],[135.2359,34.6862],[135.236,34.6862],[135.2359,34.6862]]],[[[135.2366,34.6862],[135.2367,34.6863],[135.2367,34.6862],[135.2366,34.6862]]],[[[135.2374,34.6863],[135.2375,34.6864],[135.2375,34.6863],[135.2374,34.6863]]],[[[135.238,34.6864],[135.2381,34.6865],[135.2381,34.6864],[135.238,34.6864]]],[[[135.2388,34.6864],[135.2389,34.6865],[135.2389,34.6864],[135.2388,34.6864]]],[[[135.2728,34.6987],[135.2882,34.6967],[135.2891,34.6909],[135.2783,34.6924],[135.2788,34.6897],[135.2895,34.688],[135.2905,34.6817],[135.2545,34.6778],[135.2522,34.6933],[135.2642,34.6978],[135.2653,34.6958],[135.2724,34.6966],[135.2728,34.6987]]],[[[135.3042,34.7064],[135.2934,34.7047],[135.2922,34.712],[135.2933,34.7148],[135.2951,34.7155],[135.2938,34.7183],[135.2969,34.7186],[135.3033,34.7169],[135.3042,34.7064]]]]}},{"type":"Feature","properties":{"code":"28201","name":"姫路市","pref_code":"28","pref":"兵庫県"},"geometry":{"type":"MultiPolygon","coordinates":[[[[134.4795,34.5934],[134.4796,34.5934],[134.4795,34.5933],[134.4795,34.5934]]],[[[134.4797,34.5935],[134.4798,34.5934],[134.4797,34.5934],[134.4797,34.5935]]],[[[134.4797,34.5937],[134.4798,34.5936],[134.4797,34.5936],[134.4797,34.5937]]],[[[134.4621,34.5966],[134.4627,34.5951],[134.4612,34.5942],[134.4609,34.5962],[134.4621,34.5966]]],[[[134.468,34.5972],[134.4675,34.5954],[134.4667,34.5947],[134.4667,34.5969],[134.468,34.5972]]],[[[134.4845,34.5998],[134.4855,34.5984],[134.4827,34.5942],[134.4809,34.5951],[134.4789,34.5929],[134.4762,34.5933],[134.4768,34.5961],[134.4791,34.597],[134.4795,34.5996],[134.4845,34.5998]]],[[[134.4679,34.6029],[134.4658,34.6027],[134.4668,34.6044],[134.4679,34.6029]]],[[[134.4677,34.6056],[134.4667,34.6063],[134.4675,34.6069],[134.4677,34.6056]]],[[[134.4717,34.6082],[134.472,34.6082],[134.4717,34.608],[134.4717,34.6082]]],[[[134.4725,34.6126],[134.4746,34.6108],[134.4719,34.6092],[134.4713,34.6097],[134.4725,34.6126]]],[[[134.4242,34.6227],[134.424,34.6216],[134.4225,34.6223],[134.4242,34.6227]]],[[[134.4222,34.6225],[134.4225,34.6225],[134.4223,34.6223],[134.4222,34.6225]]],[[[134.4247,34.624],[134.4241,34.6237],[134.4246,34.624],[134.4247,34.624]]],[[[134.4249,34.624],[134.4251,34.6242],[134.425,34.6239],[134.4249,34.624]]],[[[134.4258,34.6269],[134.4253,34.628],[134.4255,34.6284],[134.4258,34.6269]]],[[[134.4327,34.6328],[134.4336,34.6319],[134.4327,34.6319],[134.4327,34.6328]]],[[[134.433,34.6341],[134.4332,34.6346],[134.4332,34.6338],[134.433,34.6341]]],[[[134.4797,34.6392],[134.4799,34.6391],[134.4797,34.6392],[134.4797,34.6392]]],[[[134.4795,34.6393],[134.4795,34.6392],[134.4795,34.6393],[134.4795,34.6393]]],[[[134.482,34.6404],[134.4815,34.6394],[134.48,34.6393],[134.4809,34.6407],[134.482,34.6404]]],[[[134.4362,34.6403],[134.4364,34.6413],[134.4364,34.6413],[134.4362,34.6403]]],[[[134.4404,34.6483],[134.4402,34.6486],[134.4406,34.6483],[134.4404,34.6483]]],[[[134.4398,34.6489],[134.4396,34.6487],[134.4396,34.6489],[134.4398,34.6489]]],[[[134.4407,34.6542],[134.4415,34.6489],[134.4369,34.6496],[134.4353,34.6471],[134.4334,34.6483],[134.435,34.6523],[134.4376,34.6533],[134.4386,34.6523],[134.4407,34.6542]]],[[[134.4873,34.6712],[134.4904,34.6691],[134.493,34.6698],[134.4919,34.6677],[134.496,34.668],[134.4904,34.6611],[134.49,34.6584],[134.4951,34.6594],[134.4954,34.6559],[134.4935,34.6527],[134.4982,34.6528],[134.4992,34.6488],[134.4984,34.6482],[134.5009,34.6466],[134.5001,34.644],[134.4977,34.6434],[134.4928,34.6452],[134.4898,34.6418],[134.4841,34.6412],[134.4862,34.6436],[134.4881,34.644],[134.4908,34.6477],[134.4884,34.6494],[134.4853,34.6487],[134.4839,34.6465],[134.4827,34.6464],[134.482,34.6474],[134.4827,34.6491],[134.4811,34.6499],[134.4738,34.6461],[134.4676,34.6403],[134.4655,34.6407],[134.4635,34.6432],[134.4585,34.6452],[134.4617,34.647],[134.4602,34.6505],[134.4618,34.6518],[134.4603,34.656],[134.4614,34.6572],[134.4611,34.6586],[134.4621,34.6587],[134.4634,34.6565],[134.465,34.6568],[134.4637,34.6581],[134.463,34.6628],[134.4637,34.6642],[134.466,34.6657],[134.468,34.6652],[134.4698,34.6671],[134.4703,34.6656],[134.4669,34.6628],[134.4671,34.6616],[134.4716,34.6601],[134.4728,34.6612],[134.4752,34.658],[134.4763,34.6596],[134.476,34.6621],[134.4786,34.6638],[134.4809,34.6623],[134.4801,34.6593],[134.4823,34.6583],[134.4828,34.6599],[134.4872,34.6629],[134.4849,34.6678],[134.4858,34.6698],[134.4843,34.671],[134.4873,34.6712]]],[[[134.4592,34.6574],[134.4582,34.6572],[134.4586,34.6579],[134.4592,34.6574]]],[[[134.4841,34.6712],[134.484,34.6711],[134.484,34.6712],[134.4841,34.6712]]],[[[134.4837,34.6714],[134.4839,34.6712],[134.4837,34.6712],[134.4837,34.6714]]],[[[134.5001,34.63],[134.5002,34.6303],[134.5003,34.6302],[134.5001,34.63]]],[[[134.5009,34.6357],[134.4995,34.6345],[134.5002,34.6307],[134.4989,34.6293],[134.4972,34.6297],[134.4963,34.6311],[134.4977,34.6354],[134.5008,34.6376],[134.5009,34.6357]]],[[[134.5293,34.6341],[134.5296,34.6341],[134.5292,34.6339],[134.5293,34.6341]]],[[[134.5009,34.6353],[134.5011,34.6354],[134.5011,34.6353],[134.5009,34.6353]]],[[[134.5084,34.639],[134.5084,34.6389],[134.5084,34.6389],[134.5084,34.639]]],[[[134.4971,34.6394],[134.4973,34.6393],[134.4971,34.6393],[134.4971,34.6394]]],[[[134.5189,34.6445],[134.5184,34.6441],[134.5182,34.6444],[134.5189,34.6445]]],[[[134.5141,34.6474],[134.5142,34.6473],[134.5135,34.6471],[134.5141,34.6474]]],[[[134.5192,34.6477],[134.5156,34.6456],[134.5155,34.6457],[134.5191,34.6476],[134.5198,34.6492],[134.5192,34.6477]]],[[[134.5158,34.6594],[134.5171,34.6586],[134.5159,34.6585],[134.5164,34.6555],[134.5174,34.6569],[134.518,34.6571],[134.5177,34.6586],[134.518,34.657],[134.5172,34.6561],[134.5191,34.6541],[134.5183,34.6523],[134.5183,34.6489],[134.5182,34.6502],[134.5165,34.6502],[134.5153,34.6482],[134.5152,34.65],[134.5138,34.651],[134.5127,34.6502],[134.5141,34.6484],[134.5131,34.6493],[134.51,34.649],[134.5097,34.6478],[134.5129,34.6476],[134.5121,34.6465],[134.513,34.6455],[134.5116,34.6437],[134.5146,34.645],[134.5178,34.6445],[134.5173,34.6431],[134.5144,34.6422],[134.5188,34.6411],[134.5152,34.6387],[134.5154,34.6354],[134.5119,34.6388],[134.5077,34.6392],[134.5078,34.6406],[134.5036,34.6416],[134.5008,34.6438],[134.502,34.645],[134.5012,34.6464],[134.5041,34.6477],[134.5024,34.6486],[134.5036,34.6513],[134.5047,34.6506],[134.5083,34.6531],[134.5078,34.6522],[134.5094,34.6515],[134.5114,34.6538],[134.5139,34.6542],[134.5134,34.6553],[134.5112,34.6541],[134.5135,34.6556],[134.5134,34.6578],[134.5128,34.6564],[134.512,34.6574],[134.5158,34.6594]]],[[[134.5149,34.6478],[134.515,34.6477],[134.5142,34.6475],[134.5149,34.6478]]],[[[134.4852,34.6482],[134.4855,34.6481],[134.4853,34.648],[134.4852,34.6482]]],[[[134.4854,34.6486],[134.4855,34.6484],[134.4854,34.6484],[134.4854,34.6486]]],[[[134.5044,34.651],[134.5049,34.6512],[134.5049,34.6512],[134.5044,34.651]]],[[[134.505,34.6513],[134.5054,34.6513],[134.505,34.6512],[134.505,34.6513]]],[[[134.5247,34.6529],[134.5247,34.6528],[134.5246,34.6529],[134.5247,34.6529]]],[[[134.5096,34.6529],[134.5098,34.6528],[134.5097,34.6528],[134.5096,34.6529]]],[[[134.5248,34.653],[134.5245,34.6534],[134.5249,34.6535],[134.5248,34.653]]],[[[134.5189,34.6534],[134.5191,34.6532],[134.519,34.6532],[134.5189,34.6534]]],[[[134.5093,34.6541],[134.5088,34.6536],[134.5087,34.6538],[134.5093,34.6541]]],[[[134.5105,34.654],[134.5112,34.6542],[134.5112,34.6541],[134.5105,34.654]]],[[[134.51,34.6547],[134.5095,34.6541],[134.5094,34.6542],[134.51,34.6547]]],[[[134.5299,34.6552],[134.5298,34.6554],[134.53,34.6553],[134.5299,34.6552]]],[[[134.5281,34.6567],[134.5295,34.6553],[134.5266,34.6547],[134.5264,34.6566],[134.5281,34.6567]]],[[[134.5173,34.659],[134.5174,34.6589],[134.517,34.6587],[134.5173,34.659]]],[[[134.5244,34.665],[134.5243,34.665],[134.5243,34.665],[134.5244,34.665]]],[[[134.5244,34.6654],[134.5243,34.6653],[134.5242,34.6654],[134.5244,34.6654]]],[[[134.5359,34.6863],[134.5376,34.6846],[134.534,34.6829],[134.5332,34.6805],[134.5341,34.6799],[134.5328,34.6806],[134.5303,34.6797],[134.5288,34.6814],[134.5275,34.6772],[134.5323,34.6767],[134.5307,34.6737],[134.5323,34.6728],[134.532,34.674],[134.5339,34.676],[134.5332,34.6769],[134.5344,34.6784],[134.5361,34.6783],[134.5358,34.6795],[134.5409,34.6773],[134.544,34.6797],[134.5459,34.6798],[134.5445,34.6762],[134.5454,34.6731],[134.5429,34.67],[134.546,34.6626],[134.5455,34.6609],[134.544,34.661],[134.5419,34.6582],[134.5359,34.6585],[134.534,34.6617],[134.5326,34.6617],[134.5287,34.6648],[134.5262,34.6649],[134.5264,34.6667],[134.5224,34.6645],[134.5235,34.6654],[134.5226,34.6677],[134.5174,34.6682],[134.5161,34.6704],[134.5125,34.6719],[134.514,34.6728],[134.5139,34.6748],[134.5081,34.6773],[134.5112,34.6782],[134.5116,34.6799],[134.5137,34.6795],[134.5163,34.6816],[134.5184,34.6806],[134.5233,34.6809],[134.5259,34.6845],[134.5297,34.6857],[134.5305,34.6841],[134.5323,34.6835],[134.5359,34.6863]]],[[[134.5306,34.635],[134.5321,34.6343],[134.5292,34.6342],[134.5306,34.635]]],[[[134.5864,34.6386],[134.5864,34.6385],[134.5864,34.6386],[134.5864,34.6386]]],[[[134.5301,34.6405],[134.5302,34.6408],[134.5304,34.6406],[134.5301,34.6405]]],[[[134.5305,34.6407],[134.5305,34.6412],[134.5308,34.6408],[134.5305,34.6407]]],[[[134.5852,34.6447],[134.5878,34.6396],[134.588,34.6374],[134.5833,34.6442],[134.5852,34.6447]]],[[[134.5308,34.6415],[134.531,34.6413],[134.5308,34.6414],[134.5308,34.6415]]],[[[134.5313,34.6414],[134.5312,34.6415],[134.5313,34.6414],[134.5313,34.6414]]],[[[134.5316,34.6415],[134.5314,34.6415],[134.5314,34.6416],[134.5316,34.6415]]],[[[134.531,34.6421],[134.5309,34.6421],[134.531,34.6422],[134.531,34.6421]]],[[[134.5318,34.6423],[134.5317,34.6424],[134.5318,34.6424],[134.5318,34.6423]]],[[[134.532,34.6424],[134.5319,34.6425],[134.5319,34.6425],[134.532,34.6424]]],[[[134.5341,34.6431],[134.5345,34.6428],[134.5342,34.6426],[134.5341,34.6431]]],[[[134.5339,34.6461],[134.5348,34.6448],[134.5343,34.6433],[134.532,34.6429],[134.5307,34.6421],[134.5292,34.6427],[134.5306,34.6457],[134.5339,34.6461]]],[[[134.5765,34.6508],[134.5766,34.6509],[134.5766,34.6508],[134.5765,34.6508]]],[[[134.5314,34.6555],[134.5315,34.6555],[134.5316,34.6554],[134.5314,34.6555]]],[[[134.5851,34.6557],[134.5852,34.6556],[134.5851,34.6557],[134.5851,34.6557]]],[[[134.5301,34.6558],[134.53,34.6556],[134.5299,34.6557],[134.5301,34.6558]]],[[[134.5855,34.6558],[134.5854,34.6557],[134.5854,34.6557],[134.5855,34.6558]]],[[[134.5435,34.6591],[134.5435,34.6594],[134.5435,34.6591],[134.5435,34.6591]]],[[[134.5431,34.6591],[134.5433,34.6594],[134.5432,34.659],[134.5431,34.6591]]],[[[134.5737,34.6765],[134.5765,34.6744],[134.5796,34.6742],[134.5799,34.6716],[134.5829,34.6708],[134.5826,34.6694],[134.5845,34.6693],[134.5842,34.6706],[134.5851,34.6711],[134.5879,34.67],[134.5904,34.6681],[134.5912,34.6654],[134.5908,34.662],[134.5853,34.6577],[134.5848,34.6551],[134.5808,34.6566],[134.5787,34.6562],[134.5777,34.6551],[134.5779,34.6521],[134.5759,34.6509],[134.571,34.6524],[134.5682,34.6586],[134.5662,34.6591],[134.5662,34.6609],[134.5645,34.661],[134.5651,34.6617],[134.562,34.664],[134.5631,34.6648],[134.5619,34.6675],[134.5631,34.6677],[134.5616,34.6687],[134.5644,34.6695],[134.5642,34.6709],[134.5697,34.6722],[134.5704,34.6731],[134.5691,34.6756],[134.5708,34.677],[134.5737,34.6765]]],[[[134.54,34.6798],[134.5418,34.6792],[134.54,34.6797],[134.54,34.6798]]],[[[134.5367,34.6796],[134.5394,34.6797],[134.5394,34.6796],[134.5367,34.6796]]],[[[134.574,34.6814],[134.5755,34.6806],[134.5735,34.6812],[134.574,34.6814]]],[[[134.573,34.6817],[134.573,34.6816],[134.573,34.6816],[134.573,34.6817]]],[[[134.5713,34.6822],[134.5728,34.682],[134.5728,34.6816],[134.5713,34.6822]]],[[[134.5441,34.6836],[134.5453,34.681],[134.544,34.6835],[134.5441,34.6836]]],[[[134.5416,34.6835],[134.5382,34.6846],[134.5417,34.6835],[134.5416,34.6835]]],[[[134.5886,34.6433],[134.5885,34.6433],[134.5886,34.6433],[134.5886,34.6433]]],[[[134.5883,34.6434],[134.5883,34.6433],[134.5883,34.6433],[134.5883,34.6434]]],[[[134.5882,34.6437],[134.5879,34.6432],[134.5876,34.6433],[134.5882,34.6437]]],[[[134.5948,34.665],[134.5948,34.6648],[134.5946,34.6649],[134.5948,34.665]]],[[[134.6067,34.6687],[134.6067,34.6687],[134.6067,34.6687],[134.6067,34.6687]]],[[[134.6065,34.6688],[134.6065,34.6688],[134.6065,34.6688],[134.6065,34.6688]]],[[[134.6062,34.669],[134.6062,34.669],[134.6062,34.6689],[134.6062,34.669]]],[[[134.6074,34.6755],[134.6076,34.6753],[134.6075,34.6754],[134.6074,34.6755]]],[[[134.6073,34.6755],[134.6069,34.675],[134.6072,34.6759],[134.6073,34.6755]]],[[[134.6073,34.6759],[134.6076,34.6758],[134.6074,34.6756],[134.6073,34.6759]]],[[[134.6113,34.6769],[134.6115,34.6771],[134.6115,34.6769],[134.6113,34.6769]]],[[[134.6068,34.6786],[134.6109,34.6779],[134.6108,34.6752],[134.6086,34.6779],[134.6065,34.6769],[134.6068,34.6786]]],[[[134.6387,34.6831],[134.6387,34.6833],[134.6388,34.6831],[134.6387,34.6831]]],[[[134.6423,34.6845],[134.6422,34.6843],[134.6421,34.6844],[134.6423,34.6845]]],[[[134.638,34.6874],[134.6411,34.6853],[134.6398,34.6833],[134.6385,34.6833],[134.6381,34.6859],[134.6361,34.6855],[134.636,34.6867],[134.638,34.6874]]],[[[134.635,34.687],[134.635,34.6865],[134.6347,34.6867],[134.635,34.687]]],[[[134.715,34.6884],[134.7153,34.6861],[134.7138,34.6852],[134.7131,34.6883],[134.715,34.6884]]],[[[134.7128,34.6878],[134.7128,34.6877],[134.7128,34.6877],[134.7128,34.6878]]],[[[134.7124,34.6881],[134.7125,34.688],[134.7124,34.6881],[134.7124,34.6881]]],[[[134.7131,34.6885],[134.7132,34.6885],[134.7131,34.6885],[134.7131,34.6885]]],[[[134.6757,34.761],[134.6824,34.7564],[134.6756,34.7609],[134.6757,34.761]]],[[[134.6459,34.7665],[134.6495,34.7618],[134.6458,34.7664],[134.6459,34.7665]]],[[[134.702,34.7706],[134.6986,34.7598],[134.6898,34.7602],[134.6895,34.7592],[134.6866,34.7576],[134.6897,34.7602],[134.6909,34.7602],[134.6927,34.7683],[134.7013,34.7709],[134.702,34.7706]]],[[[134.6045,34.7719],[134.6063,34.7664],[134.6003,34.7651],[134.6015,34.7617],[134.601,34.763],[134.5984,34.7624],[134.5994,34.7597],[134.602,34.7598],[134.6017,34.761],[134.6022,34.7597],[134.5973,34.7594],[134.5963,34.7597],[134.5931,34.7694],[134.5917,34.7691],[134.5913,34.7686],[134.5898,34.7681],[134.5916,34.7692],[134.6044,34.7722],[134.6044,34.7719],[134.6055,34.7722],[134.6063,34.7719],[134.6072,34.7693],[134.6062,34.7719],[134.6045,34.7719]]],[[[134.6572,34.7651],[134.6528,34.7633],[134.6572,34.7652],[134.6618,34.7724],[134.6674,34.7702],[134.6624,34.7643],[134.6572,34.7651]]],[[[134.7049,34.7715],[134.7033,34.771],[134.7032,34.7711],[134.7049,34.7715]]],[[[134.6747,35.0943],[134.6855,35.092],[134.6832,35.0856],[134.6856,35.082],[134.7003,35.0766],[134.6982,35.0694],[134.7005,35.0652],[134.7023,35.0644],[134.7003,35.061],[134.7015,35.0585],[134.704,35.0576],[134.7057,35.0551],[134.7104,35.0532],[134.7145,35.056],[134.7174,35.0565],[134.7203,35.0532],[134.7188,35.0516],[134.7194,35.048],[134.7182,35.0447],[134.7215,35.042],[134.721,35.04],[134.7222,35.0382],[134.7209,35.0358],[134.7186,35.0357],[134.7157,35.0333],[134.7141,35.0344],[134.712,35.0332],[134.7102,35.0314],[134.7075,35.0244],[134.7081,35.0231],[134.706,35.0198],[134.7025,35.018],[134.7012,35.0188],[134.6983,35.0176],[134.6948,35.0129],[134.6952,35.0114],[134.6985,35.0095],[134.701,35.001],[134.7082,34.9994],[134.7123,34.9938],[134.7094,34.9835],[134.7049,34.9801],[134.7065,34.9739],[134.7077,34.9732],[134.7105,34.9741],[134.713,34.9729],[134.7174,34.9661],[134.7182,34.9618],[134.7151,34.9573],[134.7171,34.9556],[134.7172,34.9531],[134.7188,34.9522],[134.7184,34.9511],[134.7208,34.9517],[134.7251,34.9479],[134.7249,34.9444],[134.7291,34.9428],[134.7291,34.9381],[134.7354,34.9368],[134.7363,34.9378],[134.7434,34.9374],[134.7438,34.9366],[134.7468,34.9376],[134.7484,34.9343],[134.7514,34.9348],[134.753,34.9372],[134.756,34.9375],[134.7558,34.9362],[134.7605,34.9355],[134.7604,34.9333],[134.7612,34.9354],[134.7654,34.9348],[134.7673,34.9357],[134.7686,34.9309],[134.7671,34.9287],[134.7684,34.9282],[134.7686,34.925],[134.7706,34.9239],[134.779,34.9231],[134.7848,34.9176],[134.7868,34.9196],[134.7922,34.9201],[134.7937,34.9179],[134.7933,34.9156],[134.796,34.912],[134.796,34.9106],[134.7947,34.91],[134.7967,34.9056],[134.7937,34.9012],[134.7929,34.8969],[134.794,34.8954],[134.7907,34.8931],[134.7907,34.8916],[134.7884,34.8912],[134.7878,34.8895],[134.7861,34.8889],[134.7861,34.8873],[134.7896,34.8841],[134.7894,34.881],[134.7989,34.8762],[134.8086,34.8745],[134.8106,34.8718],[134.8084,34.8708],[134.8136,34.8671],[134.8071,34.8622],[134.805,34.8618],[134.7977,34.866],[134.796,34.865],[134.7944,34.8657],[134.7957,34.8607],[134.7979,34.8589],[134.7996,34.8551],[134.8014,34.8552],[134.8008,34.8493],[134.8019,34.8493],[134.801,34.8468],[134.8037,34.8446],[134.8054,34.8445],[134.8049,34.8437],[134.7987,34.8445],[134.7976,34.8434],[134.7993,34.8421],[134.7988,34.8398],[134.7926,34.8383],[134.7903,34.8402],[134.786,34.8366],[134.7828,34.8374],[134.7816,34.8391],[134.776,34.839],[134.7734,34.8355],[134.7734,34.833],[134.7743,34.8329],[134.7729,34.8311],[134.776,34.83],[134.7749,34.8287],[134.773,34.8298],[134.7646,34.8303],[134.7636,34.8253],[134.7654,34.825],[134.7686,34.8218],[134.7757,34.8235],[134.7762,34.8202],[134.7796,34.8171],[134.7787,34.8159],[134.7738,34.8151],[134.7714,34.8132],[134.7715,34.8117],[134.7734,34.8103],[134.7735,34.8083],[134.7719,34.8057],[134.7682,34.8046],[134.7643,34.7966],[134.762,34.7977],[134.7595,34.7962],[134.7558,34.7971],[134.7537,34.7952],[134.7515,34.7954],[134.7504,34.7971],[134.7469,34.7988],[134.7486,34.8051],[134.7464,34.8062],[134.7437,34.8015],[134.7427,34.798],[134.7454,34.7963],[134.7485,34.7906],[134.7451,34.7878],[134.7458,34.7851],[134.7482,34.7838],[134.7481,34.7816],[134.7502,34.7801],[134.75,34.7738],[134.7522,34.7737],[134.7515,34.779],[134.7529,34.782],[134.7523,34.7833],[134.7565,34.7858],[134.7584,34.7885],[134.7595,34.7878],[134.7577,34.7893],[134.7574,34.7935],[134.763,34.7885],[134.7629,34.7853],[134.7672,34.782],[134.7665,34.7807],[134.7675,34.7768],[134.7657,34.7753],[134.7613,34.7621],[134.7586,34.7584],[134.7608,34.7622],[134.7595,34.7636],[134.7592,34.762],[134.7593,34.7631],[134.7567,34.7645],[134.7559,34.7638],[134.7562,34.7648],[134.7543,34.7657],[134.7531,34.765],[134.7528,34.7663],[134.7528,34.7658],[134.7524,34.7646],[134.7528,34.7663],[134.7489,34.7678],[134.7486,34.7664],[134.7488,34.7678],[134.7463,34.7688],[134.7432,34.7694],[134.7425,34.7674],[134.743,34.7691],[134.7422,34.7694],[134.7413,34.7665],[134.7409,34.7681],[134.7343,34.769],[134.7331,34.766],[134.7335,34.7672],[134.7316,34.7687],[134.7323,34.7688],[134.7337,34.7708],[134.7315,34.7696],[134.7312,34.768],[134.7314,34.7697],[134.7303,34.7702],[134.7229,34.7717],[134.7221,34.7727],[134.7226,34.772],[134.7223,34.771],[134.722,34.7728],[134.7078,34.7769],[134.7066,34.7769],[134.7066,34.7756],[134.7055,34.7737],[134.7065,34.7758],[134.7063,34.7769],[134.7063,34.7762],[134.7047,34.7728],[134.7036,34.7726],[134.7062,34.7763],[134.7051,34.7765],[134.7048,34.7747],[134.7031,34.7752],[134.7037,34.7765],[134.7018,34.7771],[134.7014,34.7764],[134.7003,34.7768],[134.7011,34.7775],[134.7003,34.7777],[134.6994,34.7761],[134.7013,34.776],[134.7005,34.7746],[134.7028,34.7725],[134.695,34.7704],[134.6876,34.7711],[134.6894,34.7771],[134.6857,34.7782],[134.685,34.7773],[134.6852,34.7772],[134.6862,34.7764],[134.685,34.7772],[134.6835,34.7721],[134.6822,34.7723],[134.6821,34.7715],[134.681,34.7725],[134.681,34.7713],[134.6809,34.7725],[134.679,34.773],[134.6791,34.7719],[134.6789,34.773],[134.6769,34.7734],[134.6757,34.7696],[134.6811,34.7659],[134.6756,34.7696],[134.6766,34.7748],[134.6737,34.7765],[134.6679,34.7706],[134.6579,34.7739],[134.6598,34.7739],[134.6617,34.7769],[134.6603,34.7775],[134.6664,34.7765],[134.6703,34.78],[134.6655,34.7835],[134.6639,34.7832],[134.6647,34.7845],[134.6634,34.785],[134.6633,34.7837],[134.6608,34.7838],[134.6526,34.7706],[134.6504,34.7706],[134.6501,34.7744],[134.658,34.7872],[134.6557,34.7885],[134.6543,34.7828],[134.6502,34.7796],[134.6462,34.7794],[134.6456,34.7668],[134.6334,34.7673],[134.6288,34.7639],[134.6333,34.7674],[134.6319,34.7775],[134.6343,34.7795],[134.6439,34.7803],[134.6439,34.7834],[134.6224,34.7838],[134.6238,34.7816],[134.6224,34.7804],[134.6254,34.7796],[134.6258,34.7803],[134.6287,34.7784],[134.6286,34.7731],[134.624,34.7732],[134.6239,34.7694],[134.6237,34.772],[134.6204,34.7716],[134.6114,34.7679],[134.6088,34.775],[134.6133,34.7779],[134.6106,34.7778],[134.6093,34.7788],[134.6067,34.7773],[134.6054,34.7795],[134.6036,34.7787],[134.6052,34.775],[134.6047,34.7762],[134.6031,34.776],[134.6035,34.7747],[134.5995,34.7734],[134.5987,34.7752],[134.599,34.7732],[134.5986,34.7729],[134.5895,34.7701],[134.5907,34.7692],[134.5898,34.7689],[134.5892,34.7705],[134.5848,34.7687],[134.5864,34.7619],[134.5699,34.7574],[134.5714,34.7655],[134.5705,34.7727],[134.5738,34.7793],[134.5729,34.7896],[134.5697,34.7964],[134.5597,34.8053],[134.5575,34.8093],[134.5671,34.8066],[134.5677,34.808],[134.5785,34.8081],[134.5771,34.8116],[134.5779,34.8133],[134.5814,34.8135],[134.5821,34.8175],[134.5855,34.8178],[134.5851,34.819],[134.5889,34.8204],[134.5814,34.8203],[134.5811,34.8223],[134.5905,34.8241],[134.5955,34.8276],[134.6044,34.8264],[134.6063,34.8223],[134.6041,34.8222],[134.6033,34.82],[134.6165,34.8174],[134.6195,34.8178],[134.623,34.8212],[134.6264,34.8203],[134.6301,34.8268],[134.6298,34.8293],[134.6276,34.8312],[134.6279,34.8343],[134.6317,34.837],[134.6239,34.8391],[134.623,34.8408],[134.6242,34.8427],[134.6217,34.843],[134.62,34.8453],[134.6151,34.8463],[134.6157,34.8485],[134.6183,34.8483],[134.619,34.8494],[134.6164,34.8532],[134.613,34.8518],[134.6099,34.8522],[134.6062,34.8496],[134.6048,34.8517],[134.6043,34.8509],[134.5995,34.8524],[134.6001,34.8553],[134.5962,34.8582],[134.5965,34.8595],[134.5945,34.859],[134.5935,34.8571],[134.5898,34.8573],[134.5892,34.8561],[134.5885,34.8591],[134.5847,34.8602],[134.5845,34.864],[134.5886,34.8687],[134.5874,34.8704],[134.5916,34.8732],[134.5915,34.8762],[134.5984,34.8804],[134.5967,34.8831],[134.5982,34.8916],[134.598,34.8949],[134.5966,34.8969],[134.5929,34.8984],[134.5894,34.897],[134.588,34.8947],[134.5856,34.8964],[134.5819,34.8946],[134.5805,34.8963],[134.5747,34.8955],[134.5741,34.8943],[134.573,34.897],[134.572,34.8954],[134.5697,34.8947],[134.5711,34.8964],[134.5704,34.8981],[134.5635,34.9028],[134.5658,34.9057],[134.5667,34.9094],[134.5719,34.9114],[134.5713,34.9149],[134.5686,34.9169],[134.5702,34.9207],[134.5685,34.9246],[134.5679,34.9305],[134.5735,34.9358],[134.5725,34.948],[134.5711,34.9488],[134.5702,34.9516],[134.5707,34.9567],[134.5752,34.9639],[134.5737,34.9654],[134.5734,34.968],[134.5653,34.9709],[134.5644,34.9724],[134.5657,34.9748],[134.5642,34.9773],[134.5659,34.9786],[134.5667,34.9819],[134.5704,34.9858],[134.5758,34.9883],[134.5787,34.9871],[134.5792,34.9941],[134.5816,34.9956],[134.5846,35.0],[134.5848,35.0032],[134.583,35.0059],[134.5912,35.014],[134.5944,35.0226],[134.5922,35.026],[134.5912,35.0348],[134.5941,35.041],[134.5914,35.0438],[134.5948,35.0484],[134.598,35.0504],[134.5986,35.0541],[134.6006,35.0556],[134.5994,35.0592],[134.6072,35.0582],[134.613,35.0612],[134.6099,35.0617],[134.6062,35.0607],[134.6053,35.0619],[134.6069,35.0668],[134.606,35.0692],[134.6137,35.0775],[134.6148,35.0809],[134.6181,35.0837],[134.6182,35.0851],[134.6237,35.0864],[134.6251,35.0821],[134.6273,35.082],[134.6305,35.0828],[134.6307,35.085],[134.6334,35.0855],[134.6357,35.0877],[134.6481,35.0885],[134.6511,35.0876],[134.6515,35.084],[134.6562,35.0835],[134.6593,35.081],[134.6633,35.0875],[134.6623,35.0897],[134.6747,35.0943]]]]}},{"type":"Feature","properties":{"code":"28202","name":"尼崎市","pref_code":"28","pref":"兵庫県"},"geometry":{"type":"Polygon","coordinates":[[[135.3734,34.7812],[135.3763,34.7804],[135.3765,34.7788],[135.379,34.7787],[135.3817,34.7738],[135.3836,34.774],[135.3839,34.7713],[135.3825,34.7699],[135.384,34.7687],[135.387,34.7689],[135.3874,34.7706],[135.3896,34.7708],[135.3907,34.7683],[135.39,34.7655],[135.3926,34.7649],[135.3963,34.7619],[135.4008,34.7613],[135.4027,34.7628],[135.4028,34.7657],[135.4057,34.7639],[135.4071,34.7609],[135.4104,34.7611],[135.4142,34.7592],[135.4154,34.7568],[135.417,34.7579],[135.4153,34.7599],[135.4162,34.7625],[135.4189,34.7626],[135.4178,34.7656],[135.4202,34.7659],[135.4217,34.7677],[135.4215,34.7716],[135.4279,34.7693],[135.4364,34.7716],[135.4398,34.7744],[135.4433,34.7726],[135.4433,34.7707],[135.4374,34.7701],[135.4417,34.7683],[135.4471,34.7686],[135.4495,34.7675],[135.4505,34.7662],[135.4501,34.76],[135.4519,34.7582],[135.4531,34.7579],[135.4545,34.7599],[135.4564,34.7602],[135.4558,34.7551],[135.4566,34.752],[135.4571,34.751],[135.4594,34.752],[135.4602,34.7477],[135.4585,34.7361],[135.4603,34.7331],[135.4548,34.7343],[135.4474,34.7334],[135.4456,34.729],[135.4481,34.7217],[135.4462,34.7183],[135.4311,34.7124],[135.4249,34.706],[135.4129,34.702],[135.4073,34.6971],[135.4064,34.6976],[135.392,34.6801],[135.3762,34.6767],[135.3739,34.6786],[135.3928,34.6882],[135.4012,34.6992],[135.3982,34.7007],[135.3947,34.6988],[135.3923,34.7013],[135.3938,34.697],[135.3893,34.6919],[135.3852,34.6928],[135.3867,34.6959],[135.3853,34.6964],[135.381,34.6912],[135.3776,34.6927],[135.3753,34.6873],[135.3777,34.6848],[135.3767,34.6857],[135.3713,34.6809],[135.3686,34.6832],[135.3738,34.693],[135.3724,34.6936],[135.3843,34.7218],[135.3798,34.7298],[135.3807,34.7384],[135.3767,34.7455],[135.3733,34.7573],[135.3744,34.7696],[135.3734,34.7812]]]}},{"type":"Feature","properties":{"code":"28203","name":"明石市","pref_code":"28","pref":"兵庫県"},"geometry":{"type":"MultiPolygon","coordinates":[[[[134.9447,34.6617],[134.9457,34.6609],[134.9457,34.6609],[134.9447,34.6617]]],[[[134.9124,34.6734],[134.9124,34.6732],[134.9113,34.6732],[134.9124,34.6734]]],[[[134.9357,34.666],[134.9327,34.6691],[134.9292,34.6704],[134.9296,34.6711],[134.9237,34.6725],[134.9237,34.6734],[134.921,34.6739],[134.9208,34.673],[134.9198,34.6746],[134.9188,34.6738],[134.9163,34.6753],[134.9148,34.6745],[134.9134,34.6759],[134.9129,34.6747],[134.9109,34.6744],[134.9126,34.6756],[134.9101,34.6751],[134.909,34.676],[134.9085,34.6754],[134.9101,34.6745],[134.9106,34.6734],[134.9076,34.6753],[134.9083,34.6765],[134.9073,34.6761],[134.8996,34.6853],[134.8988,34.6847],[134.8998,34.6835],[134.899,34.6841],[134.8986,34.6847],[134.8994,34.6855],[134.8956,34.689],[134.8929,34.6897],[134.8893,34.6928],[134.8866,34.6907],[134.8886,34.6932],[134.8863,34.6943],[134.8876,34.6933],[134.8865,34.6921],[134.8855,34.6919],[134.8872,34.6929],[134.8849,34.693],[134.8856,34.694],[134.8801,34.6981],[134.875,34.7006],[134.8745,34.6999],[134.8705,34.7028],[134.8756,34.7085],[134.8806,34.7102],[134.8846,34.7159],[134.8852,34.7188],[134.8892,34.7195],[134.8888,34.7203],[134.8916,34.7199],[134.891,34.7227],[134.8932,34.7245],[134.8975,34.7254],[134.9057,34.7253],[134.9075,34.7242],[134.9081,34.7222],[134.9125,34.7213],[134.91,34.7203],[134.9134,34.7145],[134.9119,34.7131],[134.9131,34.7097],[134.9149,34.7108],[134.9169,34.7073],[134.919,34.7088],[134.9215,34.7089],[134.9218,34.7068],[134.9248,34.7061],[134.924,34.7052],[134.9253,34.7037],[134.9247,34.7026],[134.9281,34.7022],[134.9273,34.7009],[134.928,34.6999],[134.93,34.7009],[134.9297,34.6982],[134.9329,34.7005],[134.9328,34.7021],[134.9345,34.7022],[134.9345,34.7038],[134.9394,34.7069],[134.9429,34.7126],[134.9516,34.7116],[134.9526,34.7119],[134.9519,34.7131],[134.9527,34.7135],[134.9577,34.7125],[134.9587,34.7144],[134.9597,34.7134],[134.9619,34.7144],[134.962,34.7131],[134.9647,34.7119],[134.9661,34.7093],[134.9653,34.7092],[134.966,34.7077],[134.9646,34.7073],[134.9658,34.7052],[134.9632,34.7034],[134.9647,34.7011],[134.9646,34.6993],[134.966,34.6982],[134.9642,34.6965],[134.9645,34.6955],[134.9662,34.6951],[134.9646,34.6945],[134.9667,34.6897],[134.9644,34.6855],[134.9656,34.6835],[134.9651,34.6828],[134.9693,34.6781],[134.9717,34.6772],[134.9721,34.6742],[134.9702,34.6733],[134.97,34.6715],[134.972,34.6679],[134.9744,34.666],[134.9755,34.6633],[134.975,34.6618],[134.9767,34.6586],[134.98,34.6577],[134.9812,34.6599],[134.9803,34.6606],[134.9813,34.6612],[134.9837,34.661],[134.9865,34.6574],[134.9925,34.6576],[134.9966,34.659],[134.9997,34.6569],[135.0025,34.6591],[135.0049,34.6574],[135.0079,34.6601],[135.0111,34.6604],[135.01,34.6613],[135.014,34.6616],[135.0138,34.6601],[135.0152,34.661],[135.0176,34.6597],[135.0148,34.6594],[135.0159,34.6586],[135.0141,34.6585],[135.0152,34.6575],[135.0147,34.6569],[135.018,34.659],[135.0181,34.6578],[135.02,34.6584],[135.0221,34.6573],[135.0229,34.6593],[135.0238,34.6583],[135.0258,34.6604],[135.0248,34.6609],[135.0264,34.6606],[135.0269,34.6619],[135.0325,34.6585],[135.0201,34.6474],[135.0172,34.641],[135.0161,34.6412],[135.0167,34.6424],[135.0143,34.6427],[135.0138,34.6417],[135.0077,34.6424],[134.9982,34.6421],[134.998,34.6425],[134.9913,34.6416],[134.9942,34.6425],[134.9948,34.6449],[134.9887,34.6457],[134.9905,34.6412],[134.9884,34.6413],[134.9896,34.6423],[134.9881,34.6411],[134.9814,34.6422],[134.9829,34.6412],[134.9829,34.6405],[134.9804,34.6416],[134.981,34.6405],[134.9836,34.6402],[134.982,34.6401],[134.9798,34.6407],[134.9802,34.6426],[134.9727,34.6436],[134.9734,34.642],[134.968,34.6448],[134.9665,34.6449],[134.9667,34.6459],[134.9722,34.6432],[134.9726,34.6438],[134.9668,34.6475],[134.9663,34.6461],[134.9638,34.6472],[134.9634,34.6459],[134.9659,34.6447],[134.9663,34.6439],[134.9632,34.6458],[134.9629,34.6493],[134.9569,34.6517],[134.9526,34.6552],[134.9532,34.6557],[134.9524,34.6567],[134.9503,34.6568],[134.9504,34.658],[134.9497,34.6574],[134.9498,34.6583],[134.949,34.6579],[134.9491,34.6586],[134.9454,34.6603],[134.9458,34.6609],[134.9452,34.6615],[134.9448,34.6617],[134.9447,34.6617],[134.9447,34.6617],[134.9447,34.6617],[134.9447,34.6617],[134.9445,34.6618],[134.9369,34.6666],[134.9357,34.666]]],[[[134.8716,34.6864],[134.8712,34.6866],[134.8712,34.6867],[134.8716,34.6864]]],[[[134.8971,34.6871],[134.897,34.6874],[134.8968,34.6874],[134.8968,34.6875],[134.8972,34.6872],[134.8971,34.6871]]],[[[134.8833,34.691],[134.8776,34.6844],[134.8629,34.6899],[134.8666,34.6964],[134.869,34.6958],[134.8703,34.6985],[134.8683,34.6992],[134.8697,34.7014],[134.881,34.6948],[134.884,34.6919],[134.8834,34.6911],[134.8862,34.6895],[134.8833,34.691]]],[[[134.9885,34.6404],[134.9833,34.6409],[134.9877,34.6407],[134.9885,34.6404]]],[[[135.0143,34.6416],[135.0144,34.6416],[135.0156,34.6413],[135.0143,34.6416]]],[[[135.0046,34.6423],[135.0068,34.6422],[135.0046,34.6422],[135.0046,34.6423]]],[[[134.9945,34.6443],[134.9932,34.6434],[134.9902,34.6432],[134.9911,34.6443],[134.9945,34.6443]]],[[[134.9667,34.6449],[134.9667,34.6446],[134.9667,34.6449],[134.9667,34.6449]]],[[[134.9519,34.6567],[134.9519,34.6567],[134.9531,34.6557],[134.9519,34.6567]]]]}},{"type":"Feature","properties":{"code":"28204","name":"西宮市","pref_code":"28","pref":"兵庫県"},"geometry":{"type":"MultiPolygon","coordinates":[[[[135.3597,34.6723],[135.3537,34.6764],[135.317,34.6775],[135.3134,34.6778],[135.3538,34.6765],[135.3555,34.6759],[135.3597,34.6723]]],[[[135.363,34.6885],[135.3621,34.6859],[135.3621,34.686],[135.363,34.6885]]],[[[135.3562,34.7023],[135.3587,34.7041],[135.3587,34.7041],[135.3562,34.7023]]],[[[135.3255,34.7075],[135.335,34.7073],[135.3255,34.7074],[135.3249,34.7079],[135.3249,34.7088],[135.3255,34.7075]]],[[[135.3344,34.7082],[135.3344,34.7081],[135.334,34.7079],[135.3344,34.7082]]],[[[135.3432,34.7154],[135.348,34.7137],[135.3475,34.7127],[135.3531,34.7073],[135.3471,34.7029],[135.345,34.7048],[135.3424,34.7137],[135.3432,34.7154]]],[[[135.3302,34.7217],[135.3347,34.7214],[135.3408,34.7181],[135.3412,34.7158],[135.3388,34.7109],[135.3345,34.7107],[135.3345,34.7082],[135.3397,34.7078],[135.341,34.7033],[135.3396,34.7077],[135.3345,34.7082],[135.3344,34.7103],[135.3249,34.7104],[135.3249,34.7096],[135.3255,34.7089],[135.3254,34.7086],[135.3249,34.7095],[135.3248,34.717],[135.3302,34.7217]]],[[[135.2929,34.8599],[135.3019,34.859],[135.2996,34.8558],[135.3012,34.854],[135.3068,34.855],[135.3127,34.8582],[135.3146,34.8576],[135.3161,34.8526],[135.3138,34.8487],[135.3162,34.8468],[135.3205,34.8402],[135.3211,34.8364],[135.3249,34.8331],[135.3253,34.8293],[135.3231,34.8262],[135.3258,34.8244],[135.3278,34.8265],[135.3292,34.8263],[135.333,34.8221],[135.3327,34.8202],[135.3378,34.8159],[135.3355,34.8136],[135.3338,34.8129],[135.3326,34.8138],[135.3295,34.811],[135.3215,34.8075],[135.3183,34.807],[135.3173,34.8095],[135.3125,34.8055],[135.302,34.8022],[135.305,34.7948],[135.3099,34.7928],[135.303,34.7905],[135.3009,34.7879],[135.3113,34.7891],[135.3167,34.788],[135.3184,34.7853],[135.3203,34.7852],[135.3263,34.7809],[135.3325,34.7825],[135.3389,34.781],[135.3417,34.7796],[135.3425,34.7753],[135.3529,34.7733],[135.3536,34.7721],[135.3643,34.7763],[135.3686,34.7757],[135.371,34.7742],[135.3696,34.7763],[135.3691,34.781],[135.3727,34.7839],[135.3744,34.7696],[135.3732,34.761],[135.3738,34.7549],[135.3767,34.7455],[135.3807,34.7384],[135.3798,34.7298],[135.3843,34.7218],[135.3724,34.6936],[135.371,34.6943],[135.3695,34.693],[135.371,34.6943],[135.3684,34.6964],[135.3678,34.6958],[135.3699,34.6941],[135.3676,34.6957],[135.3652,34.6939],[135.3689,34.6927],[135.3637,34.6884],[135.3539,34.6968],[135.3597,34.7012],[135.3614,34.7004],[135.363,34.7016],[135.3616,34.7029],[135.3638,34.7053],[135.3603,34.706],[135.3512,34.7147],[135.3489,34.7147],[135.3389,34.7223],[135.3389,34.724],[135.3374,34.724],[135.3358,34.7257],[135.3357,34.7266],[135.3375,34.7271],[135.3357,34.7273],[135.3347,34.7218],[135.3244,34.7256],[135.3239,34.7306],[135.3209,34.7342],[135.3206,34.7366],[135.3191,34.7372],[135.3194,34.7381],[135.3163,34.7409],[135.3173,34.7464],[135.3142,34.7484],[135.3146,34.7496],[135.3125,34.7533],[135.3068,34.7591],[135.3047,34.7633],[135.2993,34.7663],[135.2985,34.7701],[135.2968,34.7709],[135.2971,34.7731],[135.2955,34.7731],[135.2947,34.7755],[135.2869,34.7771],[135.2843,34.7794],[135.2845,34.7807],[135.2675,34.781],[135.2673,34.7822],[135.2694,34.7839],[135.2685,34.7859],[135.2696,34.7896],[135.2689,34.7905],[135.271,34.7919],[135.2699,34.794],[135.2704,34.7961],[135.2686,34.7969],[135.2705,34.8026],[135.2648,34.8021],[135.2604,34.8055],[135.2555,34.8059],[135.2531,34.8047],[135.2508,34.808],[135.2488,34.8087],[135.2467,34.804],[135.241,34.8026],[135.2416,34.8081],[135.2328,34.8136],[135.2328,34.819],[135.2306,34.821],[135.2297,34.8247],[135.2328,34.8372],[135.2332,34.8453],[135.2398,34.8479],[135.2439,34.8482],[135.2483,34.8451],[135.2604,34.8419],[135.2652,34.8483],[135.2696,34.8482],[135.2728,34.8468],[135.2748,34.8479],[135.2764,34.8472],[135.2828,34.8485],[135.2822,34.852],[135.2854,34.8553],[135.2894,34.8553],[135.2924,34.8611],[135.2938,34.8613],[135.2929,34.8599]]]]}},{"type":"Feature","properties":{"code":"28205","name":"洲本市","pref_code":"28","pref":"兵庫県"},"geometry":{"type":"MultiPolygon","coordinates":[[[[134.836,34.4225],[134.8396,34.4219],[134.8432,34.4203],[134.8444,34.4186],[134.8422,34.4162],[134.8418,34.4119],[134.8456,34.4079],[134.8461,34.4063],[134.8453,34.4063],[134.8525,34.4016],[134.8582,34.4039],[134.8631,34.4107],[134.8638,34.4136],[134.869,34.4135],[134.8723,34.4109],[134.8744,34.412],[134.8776,34.4094],[134.878,34.4073],[134.8812,34.4036],[134.8793,34.3938],[134.8872,34.3963],[134.889,34.3959],[134.8914,34.3985],[134.8947,34.399],[134.8958,34.3855],[134.8964,34.3829],[134.8967,34.3825],[134.897,34.3824],[134.896,34.3787],[134.8982,34.3746],[134.897,34.3732],[134.8982,34.3686],[134.8979,34.3671],[134.8956,34.3656],[134.8955,34.3633],[134.896,34.3626],[134.8959,34.3621],[134.8964,34.3612],[134.8954,34.3591],[134.8959,34.3567],[134.8945,34.3549],[134.8969,34.3546],[134.8969,34.3533],[134.8962,34.3524],[134.8968,34.3545],[134.895,34.3545],[134.8956,34.3537],[134.8947,34.3541],[134.8937,34.3522],[134.8944,34.3518],[134.8952,34.3533],[134.8948,34.3513],[134.8969,34.3504],[134.8972,34.3487],[134.8998,34.3497],[134.9008,34.35],[134.9012,34.35],[134.8986,34.3481],[134.8991,34.3473],[134.8972,34.3467],[134.8979,34.3458],[134.8998,34.3475],[134.8996,34.3471],[134.9014,34.3468],[134.9018,34.3466],[134.9003,34.3468],[134.899,34.3458],[134.9004,34.3442],[134.902,34.3453],[134.9024,34.3465],[134.9033,34.3471],[134.9021,34.3453],[134.9026,34.3446],[134.9011,34.3439],[134.904,34.3409],[134.9108,34.3411],[134.9142,34.3379],[134.9146,34.3365],[134.9151,34.3361],[134.9131,34.332],[134.914,34.3312],[134.9126,34.3309],[134.9136,34.3296],[134.9149,34.3298],[134.9149,34.3336],[134.9177,34.3239],[134.917,34.3235],[134.9182,34.3218],[134.9182,34.3173],[134.921,34.3114],[134.9286,34.3052],[134.9352,34.303],[134.9403,34.2993],[134.9413,34.3004],[134.9406,34.2994],[134.9428,34.2994],[134.943,34.2982],[134.9433,34.2991],[134.9436,34.2979],[134.9428,34.2979],[134.9448,34.2949],[134.9437,34.2948],[134.9439,34.2941],[134.9449,34.2936],[134.9449,34.2943],[134.946,34.2916],[134.9465,34.292],[134.947,34.2914],[134.9471,34.2914],[134.9473,34.2912],[134.9464,34.2911],[134.9473,34.291],[134.9467,34.2904],[134.9475,34.2905],[134.9483,34.2875],[134.9489,34.2878],[134.9488,34.2895],[134.9489,34.2898],[134.949,34.2878],[134.9481,34.2869],[134.9488,34.2873],[134.9493,34.2858],[134.9496,34.2868],[134.9492,34.2846],[134.9473,34.2832],[134.9475,34.2804],[134.9491,34.2793],[134.9482,34.2778],[134.9489,34.2743],[134.9538,34.274],[134.9546,34.2756],[134.954,34.2771],[134.9552,34.277],[134.9554,34.2751],[134.9516,34.2665],[134.9371,34.2629],[134.9162,34.2557],[134.8984,34.2522],[134.8845,34.2442],[134.8728,34.2396],[134.8702,34.24],[134.8686,34.2418],[134.8691,34.2436],[134.8625,34.2473],[134.8595,34.2513],[134.8571,34.2524],[134.8556,34.2567],[134.8523,34.2565],[134.8497,34.2585],[134.8473,34.2657],[134.8442,34.2659],[134.8346,34.2696],[134.8376,34.2741],[134.8372,34.2774],[134.8415,34.2801],[134.8422,34.2868],[134.8442,34.29],[134.8409,34.2917],[134.8396,34.2958],[134.8411,34.2968],[134.8415,34.3002],[134.8388,34.3031],[134.8395,34.3061],[134.8357,34.3078],[134.8363,34.3102],[134.8348,34.3144],[134.8359,34.3188],[134.8404,34.3157],[134.8439,34.3196],[134.8431,34.3239],[134.8423,34.3239],[134.8429,34.3267],[134.8423,34.3252],[134.8403,34.327],[134.848,34.3328],[134.8424,34.3341],[134.8411,34.333],[134.8357,34.3366],[134.8259,34.3388],[134.8265,34.3425],[134.8225,34.3438],[134.8191,34.3473],[134.8152,34.3562],[134.8111,34.3548],[134.8103,34.3527],[134.8012,34.3501],[134.8006,34.3485],[134.7914,34.3478],[134.7881,34.3481],[134.7839,34.3514],[134.7771,34.3483],[134.7759,34.3495],[134.7742,34.3558],[134.7719,34.3514],[134.7662,34.3486],[134.7616,34.3478],[134.7585,34.3484],[134.7582,34.3527],[134.7565,34.3539],[134.7478,34.3541],[134.7422,34.352],[134.7406,34.3524],[134.742,34.3575],[134.743,34.3575],[134.7433,34.358],[134.7484,34.369],[134.7491,34.3715],[134.7483,34.373],[134.7495,34.3718],[134.7505,34.3741],[134.7488,34.3752],[134.7471,34.3723],[134.7494,34.377],[134.7489,34.3755],[134.7505,34.3751],[134.751,34.3763],[134.7501,34.3766],[134.7511,34.3764],[134.7526,34.3789],[134.7524,34.3806],[134.7538,34.3819],[134.7543,34.3834],[134.7546,34.3837],[134.7549,34.3846],[134.7549,34.3856],[134.7561,34.3854],[134.7577,34.3866],[134.7589,34.3865],[134.7572,34.3852],[134.7583,34.3848],[134.7585,34.3855],[134.7588,34.3859],[134.7583,34.3848],[134.7601,34.3846],[134.7654,34.3892],[134.7733,34.4058],[134.7755,34.4111],[134.7744,34.4114],[134.7756,34.4114],[134.7753,34.4157],[134.7773,34.4189],[134.7758,34.4165],[134.7785,34.4147],[134.7797,34.4161],[134.7798,34.416],[134.779,34.4148],[134.7779,34.4142],[134.7796,34.4133],[134.7796,34.4144],[134.7815,34.4149],[134.7803,34.4155],[134.7803,34.4157],[134.7822,34.4156],[134.7831,34.4167],[134.7879,34.4272],[134.7961,34.4263],[134.8003,34.4236],[134.8052,34.424],[134.8066,34.423],[134.8099,34.426],[134.8124,34.4265],[134.8142,34.422],[134.819,34.4221],[134.8213,34.4201],[134.8272,34.4201],[134.8331,34.4222],[134.8351,34.4214],[134.836,34.4225]]],[[[134.7412,34.3563],[134.7413,34.3562],[134.7413,34.3562],[134.7407,34.3548],[134.7412,34.3563]]],[[[134.7414,34.3566],[134.7422,34.3582],[134.7423,34.3581],[134.7414,34.3566]]],[[[134.7431,34.3577],[134.743,34.3577],[134.7432,34.3579],[134.7431,34.3577]]],[[[134.7432,34.3582],[134.7431,34.3582],[134.7431,34.3582],[134.7432,34.3582]]],[[[134.7423,34.3585],[134.7432,34.3602],[134.7433,34.3602],[134.7423,34.3585]]],[[[134.7498,34.3742],[134.7489,34.3731],[134.7488,34.3732],[134.7498,34.3742]]],[[[134.7547,34.3841],[134.7547,34.3841],[134.7547,34.3841],[134.7547,34.3841]]],[[[134.7546,34.3842],[134.7547,34.3841],[134.7546,34.3841],[134.7546,34.3842]]],[[[134.7547,34.3843],[134.7547,34.3843],[134.7547,34.3843],[134.7547,34.3843]]],[[[134.7549,34.3851],[134.7549,34.385],[134.7549,34.385],[134.7549,34.3851]]],[[[134.7548,34.3854],[134.7548,34.3853],[134.7548,34.3853],[134.7548,34.3854]]],[[[134.7548,34.3854],[134.7548,34.3854],[134.7548,34.3854],[134.7548,34.3854]]],[[[134.7549,34.3855],[134.7549,34.3855],[134.7548,34.3855],[134.7549,34.3855]]],[[[134.7563,34.386],[134.7563,34.386],[134.7563,34.386],[134.7563,34.386]]],[[[134.7565,34.3861],[134.7565,34.3861],[134.7565,34.3861],[134.7565,34.3861]]],[[[134.7565,34.3861],[134.7565,34.3861],[134.7565,34.3861],[134.7565,34.3861]]],[[[134.7569,34.3863],[134.7568,34.3863],[134.7568,34.3863],[134.7569,34.3863]]],[[[134.8954,34.3952],[134.8953,34.3952],[134.8953,34.3953],[134.8954,34.3952]]],[[[134.895,34.397],[134.895,34.397],[134.895,34.397],[134.895,34.397]]],[[[134.774,34.412],[134.7744,34.4128],[134.7745,34.4128],[134.774,34.412]]],[[[134.7746,34.4133],[134.7749,34.4141],[134.7747,34.4136],[134.7746,34.4133]]],[[[134.78,34.4166],[134.7779,34.4179],[134.778,34.4179],[134.78,34.4166]]],[[[134.9145,34.3374],[134.9144,34.3373],[134.9145,34.3374],[134.9145,34.3374]]],[[[134.9141,34.3383],[134.914,34.3383],[134.9141,34.3383],[134.9141,34.3383]]],[[[134.9126,34.34],[134.9127,34.3399],[134.9126,34.3399],[134.9126,34.34]]],[[[134.9125,34.3402],[134.9125,34.3401],[134.9125,34.3401],[134.9125,34.3402]]],[[[134.9123,34.3406],[134.9123,34.3405],[134.9123,34.3405],[134.9123,34.3406]]],[[[134.9121,34.3407],[134.9121,34.3407],[134.9121,34.3406],[134.9121,34.3407]]],[[[134.9104,34.3412],[134.9104,34.3413],[134.9105,34.3412],[134.9104,34.3412]]],[[[134.8996,34.346],[134.8998,34.3458],[134.8997,34.3457],[134.8996,34.346]]],[[[134.9046,34.3473],[134.9041,34.3475],[134.9022,34.3498],[134.9022,34.3505],[134.9046,34.3473]]],[[[134.8964,34.3508],[134.8961,34.3514],[134.8965,34.3508],[134.8964,34.3508]]],[[[134.8964,34.3614],[134.8966,34.3614],[134.8965,34.3613],[134.8964,34.3614]]],[[[134.8963,34.3619],[134.8963,34.3618],[134.8962,34.3618],[134.8963,34.3619]]],[[[134.896,34.362],[134.8961,34.3619],[134.896,34.3619],[134.896,34.362]]],[[[134.8961,34.362],[134.8962,34.362],[134.8961,34.3619],[134.8961,34.362]]],[[[134.8961,34.3628],[134.8961,34.3626],[134.8961,34.3626],[134.8961,34.3628]]],[[[134.8982,34.3751],[134.8982,34.375],[134.8981,34.3749],[134.8982,34.3751]]],[[[134.8985,34.3751],[134.8984,34.375],[134.8983,34.375],[134.8985,34.3751]]],[[[134.8984,34.3757],[134.8984,34.3755],[134.8983,34.3755],[134.8984,34.3757]]],[[[134.8985,34.3757],[134.8986,34.3757],[134.8986,34.3757],[134.8985,34.3757]]],[[[134.8971,34.3817],[134.897,34.3819],[134.8972,34.382],[134.8971,34.3817]]],[[[134.8967,34.3828],[134.8966,34.3827],[134.8966,34.3827],[134.8967,34.3828]]],[[[134.8966,34.384],[134.8966,34.3839],[134.8964,34.384],[134.8966,34.384]]],[[[134.8954,34.3959],[134.8954,34.3959],[134.8953,34.396],[134.8954,34.3959]]],[[[134.9245,34.2577],[134.9245,34.2576],[134.9244,34.2576],[134.9245,34.2577]]],[[[134.9243,34.2579],[134.9243,34.258],[134.9244,34.258],[134.9243,34.2579]]],[[[134.9521,34.2654],[134.952,34.2653],[134.952,34.2653],[134.9521,34.2654]]],[[[134.9523,34.2655],[134.9527,34.2656],[134.9526,34.2654],[134.9523,34.2655]]],[[[134.9513,34.2657],[134.9514,34.2656],[134.9513,34.2657],[134.9513,34.2657]]],[[[134.9516,34.2657],[134.9516,34.2657],[134.9516,34.2657],[134.9516,34.2657]]],[[[134.9514,34.2658],[134.9513,34.2658],[134.9513,34.2658],[134.9514,34.2658]]],[[[134.9515,34.2661],[134.9515,34.2661],[134.9514,34.2661],[134.9515,34.2661]]],[[[134.9514,34.2662],[134.9515,34.2662],[134.9514,34.2661],[134.9514,34.2662]]],[[[134.9518,34.2662],[134.9516,34.2662],[134.9517,34.2663],[134.9518,34.2662]]],[[[134.9514,34.2663],[134.9514,34.2663],[134.9514,34.2663],[134.9514,34.2663]]],[[[134.9524,34.2664],[134.9524,34.2664],[134.9524,34.2664],[134.9524,34.2664]]],[[[134.9516,34.2664],[134.9516,34.2664],[134.9516,34.2664],[134.9516,34.2664]]],[[[134.9525,34.2666],[134.9527,34.2666],[134.9526,34.2664],[134.9525,34.2666]]],[[[134.9521,34.2666],[134.952,34.2666],[134.952,34.2666],[134.9521,34.2666]]],[[[134.9528,34.2672],[134.9526,34.2671],[134.9526,34.2672],[134.9528,34.2672]]],[[[134.9523,34.2674],[134.9523,34.2674],[134.9523,34.2674],[134.9523,34.2674]]],[[[134.9533,34.2854],[134.9532,34.2858],[134.9535,34.2854],[134.9533,34.2854]]],[[[134.9451,34.298],[134.9479,34.298],[134.9527,34.2926],[134.9536,34.2886],[134.9579,34.2828],[134.9584,34.2812],[134.9586,34.2779],[134.9572,34.2764],[134.9561,34.2771],[134.9581,34.2818],[134.9524,34.2878],[134.9522,34.2923],[134.9472,34.293],[134.9454,34.2954],[134.9451,34.298]]],[[[134.9439,34.2942],[134.9439,34.2942],[134.9444,34.2944],[134.9439,34.2942]]],[[[134.9413,34.3008],[134.9439,34.2994],[134.9441,34.2991],[134.9425,34.3],[134.9413,34.3008],[134.9413,34.3008]]],[[[134.9149,34.3369],[134.9148,34.3369],[134.9149,34.337],[134.9149,34.3369]]],[[[134.9146,34.3372],[134.9146,34.3371],[134.9146,34.3372],[134.9146,34.3372]]]]}},{"type":"Feature","properties":{"code":"28206","name":"芦屋市","pref_code":"28","pref":"兵庫県"},"geometry":{"type":"MultiPolygon","coordinates":[[[[135.322,34.7164],[135.322,34.7084],[135.3209,34.709],[135.3205,34.712],[135.3193,34.7115],[135.3193,34.7102],[135.3167,34.7103],[135.3179,34.7092],[135.3163,34.7091],[135.3173,34.7081],[135.3159,34.7084],[135.3174,34.7077],[135.3185,34.7091],[135.322,34.708],[135.3221,34.7057],[135.321,34.7049],[135.3107,34.7058],[135.3118,34.706],[135.3112,34.7071],[135.3092,34.7077],[135.3074,34.7071],[135.307,34.7062],[135.3081,34.706],[135.3069,34.7062],[135.3062,34.7133],[135.322,34.7164]]],[[[135.2847,34.7805],[135.2843,34.7794],[135.2869,34.7771],[135.2946,34.7755],[135.2955,34.7731],[135.2971,34.7731],[135.2968,34.7709],[135.2985,34.7701],[135.2993,34.7663],[135.3047,34.7633],[135.3068,34.7591],[135.3125,34.7533],[135.3146,34.7496],[135.3142,34.7484],[135.3173,34.7464],[135.3163,34.7409],[135.3194,34.7381],[135.3191,34.7372],[135.3206,34.7366],[135.3209,34.7342],[135.3239,34.7306],[135.3243,34.7256],[135.3224,34.7258],[135.3239,34.7247],[135.3238,34.718],[135.3059,34.7145],[135.3055,34.7185],[135.3035,34.7191],[135.2996,34.7284],[135.2962,34.7272],[135.2954,34.73],[135.2965,34.7303],[135.2961,34.7313],[135.2947,34.7309],[135.2926,34.7334],[135.2927,34.7367],[135.2907,34.7386],[135.2904,34.7409],[135.2885,34.7408],[135.2843,34.7444],[135.2893,34.7446],[135.2871,34.7479],[135.2802,34.7515],[135.281,34.7532],[135.2804,34.7597],[135.2724,34.7696],[135.2669,34.7803],[135.2719,34.7812],[135.2847,34.7805]]]]}},{"type":"Feature","properties":{"code":"28208","name":"相生市","pref_code":"28","pref":"兵庫県"},"geometry":{"type":"MultiPolygon","coordinates":[[[[134.4646,34.7472],[134.4646,34.7471],[134.4646,34.7471],[134.4646,34.7472]]],[[[134.4647,34.7475],[134.4649,34.7475],[134.4649,34.7474],[134.4647,34.7475]]],[[[134.4638,34.7494],[134.4647,34.7475],[134.4644,34.7472],[134.4629,34.7482],[134.4638,34.7494]]],[[[134.4512,34.7538],[134.4513,34.7538],[134.4513,34.7538],[134.4512,34.7538]]],[[[134.4521,34.7539],[134.452,34.7539],[134.4521,34.7539],[134.4521,34.7539]]],[[[134.4564,34.7559],[134.4564,34.756],[134.4564,34.7559],[134.4564,34.7559]]],[[[134.4605,34.785],[134.4604,34.7848],[134.4604,34.7849],[134.4605,34.785]]],[[[134.4605,34.8039],[134.4605,34.804],[134.4605,34.804],[134.4605,34.8039]]],[[[134.486,34.922],[134.4868,34.9193],[134.4843,34.917],[134.4799,34.9168],[134.4806,34.9147],[134.4796,34.9116],[134.4837,34.9105],[134.4856,34.9068],[134.4914,34.9047],[134.4912,34.9018],[134.4888,34.9001],[134.496,34.8932],[134.4944,34.8913],[134.4902,34.891],[134.488,34.8889],[134.4882,34.8865],[134.4921,34.8841],[134.4922,34.883],[134.4884,34.8822],[134.4864,34.8789],[134.4828,34.8793],[134.4841,34.8772],[134.4809,34.8694],[134.4785,34.8685],[134.4757,34.8651],[134.4725,34.8652],[134.4702,34.8632],[134.4649,34.8634],[134.4639,34.8594],[134.4657,34.8563],[134.4645,34.8505],[134.4651,34.8482],[134.4669,34.8476],[134.4712,34.8492],[134.4748,34.8475],[134.4759,34.8452],[134.475,34.8419],[134.4802,34.8413],[134.4812,34.8389],[134.4793,34.8353],[134.4803,34.8332],[134.4876,34.8257],[134.4909,34.826],[134.4972,34.8302],[134.4986,34.8298],[134.4981,34.8225],[134.5037,34.8132],[134.501,34.81],[134.502,34.8017],[134.4992,34.7999],[134.4977,34.7964],[134.4981,34.7933],[134.5029,34.7845],[134.4994,34.7829],[134.4983,34.7806],[134.496,34.7794],[134.4925,34.779],[134.4879,34.7764],[134.4827,34.776],[134.4803,34.7723],[134.4764,34.7713],[134.4759,34.7671],[134.4778,34.7648],[134.4752,34.7618],[134.4761,34.7604],[134.474,34.7553],[134.4728,34.7623],[134.4712,34.765],[134.4697,34.7653],[134.4694,34.7659],[134.4691,34.7668],[134.4706,34.7658],[134.4703,34.7674],[134.4714,34.7666],[134.4714,34.7676],[134.4692,34.7685],[134.4698,34.7686],[134.4708,34.7728],[134.4703,34.7732],[134.4714,34.7736],[134.4708,34.7741],[134.4725,34.7749],[134.4722,34.777],[134.4697,34.7784],[134.4697,34.7843],[134.4748,34.7845],[134.4748,34.7856],[134.4748,34.7845],[134.4752,34.7856],[134.476,34.7845],[134.4772,34.7856],[134.476,34.7873],[134.4773,34.7874],[134.4726,34.7886],[134.468,34.7927],[134.4701,34.7978],[134.4693,34.7978],[134.4693,34.7996],[134.4683,34.8001],[134.4657,34.803],[134.4649,34.8032],[134.4667,34.8051],[134.4663,34.8056],[134.4665,34.8058],[134.4665,34.8059],[134.4664,34.8058],[134.4661,34.8067],[134.4655,34.8074],[134.4663,34.8084],[134.4652,34.8089],[134.4657,34.806],[134.4646,34.8045],[134.4595,34.8039],[134.4595,34.8032],[134.4628,34.8027],[134.4679,34.7985],[134.4654,34.7925],[134.4667,34.7916],[134.4665,34.7906],[134.4644,34.7865],[134.4647,34.788],[134.4611,34.7886],[134.4601,34.7858],[134.4596,34.7865],[134.4573,34.7858],[134.4584,34.7804],[134.4566,34.7804],[134.4599,34.7709],[134.4592,34.7727],[134.4587,34.7721],[134.4607,34.7691],[134.4598,34.7671],[134.4636,34.7654],[134.4629,34.7673],[134.4643,34.7642],[134.458,34.76],[134.457,34.7561],[134.4559,34.7561],[134.4508,34.7537],[134.4577,34.7621],[134.4594,34.7688],[134.4496,34.7744],[134.4406,34.7753],[134.4413,34.7844],[134.4436,34.7873],[134.4456,34.7878],[134.4423,34.7907],[134.4344,34.7897],[134.4297,34.7863],[134.4283,34.7883],[134.4256,34.7889],[134.4253,34.7924],[134.4223,34.7976],[134.4236,34.7991],[134.4236,34.8032],[134.425,34.8039],[134.4254,34.8093],[134.4233,34.8121],[134.4215,34.8123],[134.4204,34.8147],[134.4172,34.8157],[134.4168,34.8172],[134.4135,34.8205],[134.4105,34.822],[134.4092,34.8244],[134.4135,34.8305],[134.4123,34.8356],[134.4085,34.8383],[134.4096,34.8441],[134.4089,34.8488],[134.4156,34.8548],[134.4154,34.8592],[134.4171,34.8627],[134.4158,34.8647],[134.4177,34.8671],[134.4177,34.8691],[134.4194,34.8697],[134.4212,34.873],[134.4203,34.8763],[134.4244,34.879],[134.419,34.8819],[134.4199,34.8871],[134.4253,34.8926],[134.4266,34.8922],[134.4262,34.8947],[134.4285,34.8948],[134.4296,34.8968],[134.4336,34.8961],[134.432,34.9],[134.4339,34.9008],[134.4348,34.9047],[134.4358,34.9035],[134.4401,34.9031],[134.4429,34.9046],[134.443,34.9066],[134.4458,34.9094],[134.4502,34.9086],[134.4574,34.9102],[134.459,34.9092],[134.4609,34.9104],[134.4626,34.9089],[134.4677,34.9102],[134.4689,34.9094],[134.4685,34.9082],[134.4707,34.9077],[134.4719,34.9155],[134.4749,34.9213],[134.486,34.922]]],[[[134.4757,34.7513],[134.4751,34.7521],[134.4753,34.7528],[134.4757,34.7513]]],[[[134.4738,34.7554],[134.4738,34.7554],[134.4738,34.7554],[134.4738,34.7554]]],[[[134.4738,34.7554],[134.4738,34.7555],[134.4738,34.7555],[134.4738,34.7554]]],[[[134.4737,34.7555],[134.4737,34.7556],[134.4737,34.7556],[134.4737,34.7555]]],[[[134.4692,34.7683],[134.4687,34.7684],[134.4692,34.7686],[134.4692,34.7683]]],[[[134.4738,34.7847],[134.4741,34.7845],[134.4738,34.7845],[134.4738,34.7847]]],[[[134.4655,34.8029],[134.4655,34.803],[134.4655,34.8029],[134.4655,34.8029]]],[[[134.465,34.803],[134.4651,34.8031],[134.4651,34.803],[134.465,34.803]]],[[[134.4664,34.8058],[134.4664,34.8058],[134.4664,34.8058],[134.4664,34.8058]]]]}},{"type":"Feature","properties":{"code":"28209","name":"豊岡市","pref_code":"28","pref":"兵庫県"},"geometry":{"type":"MultiPolygon","coordinates":[[[[134.734,35.6585],[134.734,35.6585],[134.734,35.6585],[134.734,35.6585]]],[[[134.743,35.6592],[134.743,35.6593],[134.743,35.6592],[134.743,35.6592]]],[[[134.743,35.6593],[134.743,35.6593],[134.743,35.6593],[134.743,35.6593]]],[[[134.7403,35.6594],[134.7403,35.6593],[134.7403,35.6594],[134.7403,35.6594]]],[[[134.74,35.6594],[134.74,35.6594],[134.74,35.6594],[134.74,35.6594]]],[[[134.7397,35.6594],[134.7397,35.6594],[134.7397,35.6594],[134.7397,35.6594]]],[[[134.7431,35.6594],[134.7432,35.6594],[134.7431,35.6594],[134.7431,35.6594]]],[[[134.7432,35.6594],[134.7432,35.6594],[134.7432,35.6594],[134.7432,35.6594]]],[[[134.7402,35.6594],[134.7402,35.6594],[134.7402,35.6595],[134.7402,35.6594]]],[[[134.7401,35.6594],[134.7401,35.6595],[134.7401,35.6595],[134.7401,35.6594]]],[[[134.742,35.6595],[134.742,35.6595],[134.742,35.6595],[134.742,35.6595]]],[[[134.7432,35.6595],[134.7432,35.6595],[134.7431,35.6595],[134.7432,35.6595]]],[[[134.7391,35.6595],[134.7391,35.6595],[134.7391,35.6595],[134.7391,35.6595]]],[[[134.7413,35.6596],[134.7413,35.6595],[134.7413,35.6595],[134.7413,35.6596]]],[[[134.7431,35.6596],[134.7431,35.6596],[134.7431,35.6596],[134.7431,35.6596]]],[[[134.7434,35.6596],[134.7434,35.6595],[134.7434,35.6595],[134.7434,35.6596]]],[[[134.7431,35.6596],[134.7431,35.6596],[134.7431,35.6596],[134.7431,35.6596]]],[[[134.7411,35.6596],[134.7412,35.6596],[134.7411,35.6596],[134.7411,35.6596]]],[[[134.7404,35.6597],[134.7405,35.6596],[134.7404,35.6596],[134.7404,35.6597]]],[[[134.741,35.6596],[134.7409,35.6596],[134.741,35.6597],[134.741,35.6596]]],[[[134.7412,35.6597],[134.7412,35.6597],[134.7412,35.6596],[134.7412,35.6597]]],[[[134.7422,35.6596],[134.7422,35.6597],[134.7422,35.6597],[134.7422,35.6596]]],[[[134.7423,35.6597],[134.7423,35.6596],[134.7422,35.6597],[134.7423,35.6597]]],[[[134.7414,35.6597],[134.7414,35.6597],[134.7414,35.6597],[134.7414,35.6597]]],[[[134.7419,35.6597],[134.7419,35.6597],[134.742,35.6597],[134.7419,35.6597]]],[[[134.7422,35.6597],[134.7422,35.6597],[134.7422,35.6597],[134.7422,35.6597]]],[[[134.7415,35.6598],[134.7416,35.6597],[134.7415,35.6597],[134.7415,35.6598]]],[[[134.7411,35.6598],[134.7411,35.6597],[134.741,35.6597],[134.7411,35.6598]]],[[[134.7355,35.6597],[134.7355,35.6598],[134.7355,35.6598],[134.7355,35.6597]]],[[[134.742,35.6597],[134.7419,35.6598],[134.742,35.6598],[134.742,35.6597]]],[[[134.741,35.6598],[134.741,35.6598],[134.741,35.6598],[134.741,35.6598]]],[[[134.7373,35.6598],[134.7373,35.6598],[134.7373,35.6598],[134.7373,35.6598]]],[[[134.7432,35.6598],[134.7432,35.6598],[134.7432,35.6599],[134.7432,35.6598]]],[[[134.7412,35.6598],[134.7412,35.6598],[134.7412,35.6599],[134.7412,35.6598]]],[[[134.741,35.6598],[134.741,35.6599],[134.7411,35.6598],[134.741,35.6598]]],[[[134.7413,35.6599],[134.7414,35.6598],[134.7413,35.6598],[134.7413,35.6599]]],[[[134.7387,35.6598],[134.7387,35.6598],[134.7387,35.6599],[134.7387,35.6598]]],[[[134.7409,35.6599],[134.741,35.6599],[134.7409,35.6599],[134.7409,35.6599]]],[[[134.7355,35.6599],[134.7355,35.6599],[134.7355,35.6599],[134.7355,35.6599]]],[[[134.7419,35.6599],[134.7418,35.6599],[134.7418,35.66],[134.7419,35.6599]]],[[[134.7411,35.66],[134.7412,35.6599],[134.741,35.6599],[134.7411,35.66]]],[[[134.743,35.66],[134.743,35.6599],[134.743,35.6599],[134.743,35.66]]],[[[134.7374,35.66],[134.7374,35.6599],[134.7374,35.6599],[134.7374,35.66]]],[[[134.7408,35.66],[134.7408,35.6601],[134.7408,35.6601],[134.7408,35.66]]],[[[134.7352,35.6602],[134.7352,35.6602],[134.7352,35.6601],[134.7352,35.6602]]],[[[134.7377,35.6601],[134.7377,35.6602],[134.7377,35.6602],[134.7377,35.6601]]],[[[134.7352,35.6602],[134.7352,35.6602],[134.7352,35.6602],[134.7352,35.6602]]],[[[134.7357,35.6612],[134.7358,35.6612],[134.7358,35.6612],[134.7357,35.6612]]],[[[134.7357,35.6612],[134.7357,35.6612],[134.7357,35.6612],[134.7357,35.6612]]],[[[134.7357,35.6614],[134.7357,35.6615],[134.7357,35.6614],[134.7357,35.6614]]],[[[134.7354,35.6615],[134.7354,35.6617],[134.7355,35.6616],[134.7354,35.6615]]],[[[134.7356,35.6615],[134.7356,35.6615],[134.7357,35.6617],[134.7356,35.6615]]],[[[134.7354,35.6617],[134.7354,35.6617],[134.7354,35.6617],[134.7354,35.6617]]],[[[134.7468,35.6619],[134.7468,35.6619],[134.7468,35.6619],[134.7468,35.6619]]],[[[134.7439,35.6626],[134.7439,35.6626],[134.7439,35.6625],[134.7439,35.6626]]],[[[134.744,35.6628],[134.744,35.6629],[134.744,35.6629],[134.744,35.6628]]],[[[134.7438,35.663],[134.7438,35.663],[134.7438,35.6631],[134.7438,35.663]]],[[[134.7437,35.663],[134.7436,35.663],[134.7436,35.6631],[134.7437,35.663]]],[[[134.7438,35.6632],[134.7439,35.6632],[134.7438,35.6631],[134.7438,35.6632]]],[[[134.7449,35.6646],[134.7449,35.6646],[134.7449,35.6646],[134.7449,35.6646]]],[[[134.743,35.6648],[134.7429,35.6649],[134.743,35.6649],[134.743,35.6648]]],[[[134.7433,35.6647],[134.7432,35.6647],[134.743,35.6651],[134.7433,35.6647]]],[[[134.7492,35.6599],[134.7492,35.6599],[134.7492,35.6598],[134.7492,35.6599]]],[[[134.749,35.6599],[134.749,35.6598],[134.7489,35.6599],[134.749,35.6599]]],[[[134.7495,35.6599],[134.7494,35.6599],[134.7495,35.6599],[134.7495,35.6599]]],[[[134.7488,35.6599],[134.7489,35.66],[134.7489,35.66],[134.7488,35.6599]]],[[[134.7498,35.66],[134.7498,35.66],[134.7498,35.66],[134.7498,35.66]]],[[[134.7497,35.6602],[134.7498,35.6602],[134.7498,35.6601],[134.7497,35.6602]]],[[[134.7497,35.6602],[134.7497,35.6602],[134.7497,35.6602],[134.7497,35.6602]]],[[[134.7484,35.6602],[134.7484,35.6603],[134.7484,35.6603],[134.7484,35.6602]]],[[[134.7484,35.6603],[134.7484,35.6603],[134.7484,35.6603],[134.7484,35.6603]]],[[[134.7497,35.6604],[134.7497,35.6604],[134.7497,35.6604],[134.7497,35.6604]]],[[[134.7487,35.6604],[134.7487,35.6604],[134.7487,35.6604],[134.7487,35.6604]]],[[[134.7483,35.6605],[134.7484,35.6605],[134.7484,35.6604],[134.7483,35.6605]]],[[[134.7477,35.6606],[134.7477,35.6606],[134.7477,35.6605],[134.7477,35.6606]]],[[[134.7484,35.6605],[134.7483,35.6605],[134.7484,35.6606],[134.7484,35.6605]]],[[[134.7476,35.6606],[134.7476,35.6606],[134.7476,35.6605],[134.7476,35.6606]]],[[[134.7485,35.6607],[134.7486,35.6606],[134.7485,35.6606],[134.7485,35.6607]]],[[[134.748,35.6607],[134.748,35.6607],[134.7479,35.6607],[134.748,35.6607]]],[[[134.748,35.6608],[134.748,35.6608],[134.748,35.6607],[134.748,35.6608]]],[[[134.7503,35.6607],[134.7503,35.6608],[134.7503,35.6607],[134.7503,35.6607]]],[[[134.748,35.6608],[134.748,35.6608],[134.748,35.6608],[134.748,35.6608]]],[[[134.7503,35.6608],[134.7502,35.6608],[134.7503,35.6608],[134.7503,35.6608]]],[[[134.7479,35.6609],[134.748,35.6609],[134.7479,35.6608],[134.7479,35.6609]]],[[[134.7479,35.6609],[134.7479,35.6608],[134.7479,35.6609],[134.7479,35.6609]]],[[[134.7476,35.6609],[134.7477,35.6609],[134.7477,35.6609],[134.7476,35.6609]]],[[[134.7481,35.661],[134.7481,35.661],[134.7482,35.661],[134.7481,35.661]]],[[[134.7486,35.661],[134.7485,35.661],[134.7485,35.6611],[134.7486,35.661]]],[[[134.7507,35.661],[134.7507,35.661],[134.7507,35.661],[134.7507,35.661]]],[[[134.7507,35.6611],[134.7507,35.6611],[134.7507,35.6611],[134.7507,35.6611]]],[[[134.7475,35.6611],[134.7474,35.6611],[134.7475,35.6611],[134.7475,35.6611]]],[[[134.7485,35.6611],[134.7485,35.6611],[134.7485,35.6611],[134.7485,35.6611]]],[[[134.7486,35.6611],[134.7485,35.6611],[134.7486,35.6611],[134.7486,35.6611]]],[[[134.7474,35.6612],[134.7474,35.6612],[134.7474,35.6612],[134.7474,35.6612]]],[[[134.7473,35.6613],[134.7473,35.6613],[134.7473,35.6613],[134.7473,35.6613]]],[[[134.7507,35.6613],[134.7507,35.6613],[134.7507,35.6613],[134.7507,35.6613]]],[[[134.7473,35.6613],[134.7472,35.6613],[134.7473,35.6613],[134.7473,35.6613]]],[[[134.7506,35.6613],[134.7506,35.6613],[134.7506,35.6613],[134.7506,35.6613]]],[[[134.7472,35.6613],[134.7472,35.6613],[134.7472,35.6613],[134.7472,35.6613]]],[[[134.7473,35.6613],[134.7473,35.6614],[134.7474,35.6614],[134.7473,35.6613]]],[[[134.7474,35.6614],[134.7474,35.6614],[134.7474,35.6614],[134.7474,35.6614]]],[[[134.7472,35.6615],[134.7471,35.6614],[134.7471,35.6615],[134.7472,35.6615]]],[[[134.7474,35.6615],[134.7474,35.6615],[134.7474,35.6615],[134.7474,35.6615]]],[[[134.747,35.6615],[134.7471,35.6615],[134.7471,35.6615],[134.747,35.6615]]],[[[134.747,35.6616],[134.747,35.6616],[134.747,35.6616],[134.747,35.6616]]],[[[134.747,35.6617],[134.7471,35.6616],[134.747,35.6616],[134.747,35.6617]]],[[[134.7468,35.6618],[134.7468,35.6617],[134.7468,35.6617],[134.7468,35.6618]]],[[[134.7468,35.6619],[134.7468,35.6619],[134.7468,35.6619],[134.7468,35.6619]]],[[[134.747,35.662],[134.747,35.662],[134.747,35.662],[134.747,35.662]]],[[[134.7469,35.6621],[134.7469,35.6621],[134.7469,35.6621],[134.7469,35.6621]]],[[[134.7525,35.6621],[134.7524,35.6621],[134.7525,35.6622],[134.7525,35.6621]]],[[[134.7525,35.6621],[134.7525,35.6621],[134.7525,35.6622],[134.7525,35.6621]]],[[[134.7469,35.6622],[134.7469,35.6622],[134.7469,35.6622],[134.7469,35.6622]]],[[[134.7523,35.6622],[134.7523,35.6623],[134.7523,35.6623],[134.7523,35.6622]]],[[[134.7525,35.6623],[134.7525,35.6622],[134.7525,35.6623],[134.7525,35.6623]]],[[[134.7524,35.6623],[134.7525,35.6623],[134.7524,35.6623],[134.7524,35.6623]]],[[[134.7522,35.6627],[134.7522,35.6626],[134.7522,35.6626],[134.7522,35.6627]]],[[[134.7524,35.6627],[134.7524,35.6626],[134.7523,35.6626],[134.7524,35.6627]]],[[[134.7524,35.6627],[134.7524,35.6627],[134.7524,35.6627],[134.7524,35.6627]]],[[[134.7524,35.6627],[134.7524,35.6627],[134.7524,35.6627],[134.7524,35.6627]]],[[[134.7524,35.6627],[134.7524,35.6627],[134.7524,35.6627],[134.7524,35.6627]]],[[[134.7524,35.6627],[134.7524,35.6627],[134.7524,35.6627],[134.7524,35.6627]]],[[[134.7484,35.6636],[134.748,35.6638],[134.7481,35.6639],[134.7484,35.6636]]],[[[134.7476,35.6642],[134.7475,35.6647],[134.7478,35.6642],[134.7476,35.6642]]],[[[134.7709,35.659],[134.7709,35.6591],[134.7709,35.6591],[134.7709,35.659]]],[[[134.771,35.6591],[134.771,35.6591],[134.771,35.6592],[134.771,35.6591]]],[[[134.7712,35.6592],[134.7712,35.6592],[134.7712,35.6592],[134.7712,35.6592]]],[[[134.7712,35.6593],[134.7712,35.6593],[134.7712,35.6593],[134.7712,35.6593]]],[[[134.7711,35.6593],[134.7712,35.6593],[134.7712,35.6593],[134.7711,35.6593]]],[[[134.7699,35.6595],[134.7699,35.6596],[134.7699,35.6596],[134.7699,35.6595]]],[[[134.7698,35.6596],[134.7696,35.6595],[134.7697,35.6597],[134.7698,35.6596]]],[[[134.7693,35.6597],[134.769,35.6598],[134.7692,35.6599],[134.7693,35.6597]]],[[[134.7699,35.6598],[134.7698,35.6598],[134.7699,35.6599],[134.7699,35.6598]]],[[[134.7676,35.66],[134.7677,35.66],[134.7676,35.6599],[134.7676,35.66]]],[[[134.7675,35.6601],[134.7675,35.6601],[134.7676,35.6601],[134.7675,35.6601]]],[[[134.7691,35.6602],[134.7691,35.6602],[134.7692,35.6602],[134.7691,35.6602]]],[[[134.7692,35.6602],[134.7692,35.6602],[134.7692,35.6602],[134.7692,35.6602]]],[[[134.7688,35.6602],[134.7688,35.6602],[134.7689,35.6603],[134.7688,35.6602]]],[[[134.769,35.6603],[134.769,35.6603],[134.769,35.6602],[134.769,35.6603]]],[[[134.7577,35.6613],[134.7577,35.6614],[134.7578,35.6613],[134.7577,35.6613]]],[[[134.7574,35.6614],[134.7574,35.6614],[134.7574,35.6614],[134.7574,35.6614]]],[[[134.7574,35.6614],[134.7573,35.6615],[134.7573,35.6615],[134.7574,35.6614]]],[[[134.757,35.6615],[134.757,35.6615],[134.757,35.6615],[134.757,35.6615]]],[[[134.7677,35.6616],[134.7676,35.6616],[134.7676,35.6617],[134.7677,35.6616]]],[[[134.7591,35.6623],[134.7591,35.6624],[134.7592,35.6624],[134.7591,35.6623]]],[[[134.7549,35.6624],[134.7548,35.6624],[134.7549,35.6625],[134.7549,35.6624]]],[[[134.755,35.6625],[134.755,35.6625],[134.7549,35.6624],[134.755,35.6625]]],[[[134.7547,35.6628],[134.7547,35.6628],[134.7548,35.6628],[134.7547,35.6628]]],[[[134.7548,35.6628],[134.7548,35.6628],[134.7548,35.6628],[134.7548,35.6628]]],[[[134.7597,35.6631],[134.7597,35.6631],[134.7598,35.663],[134.7597,35.6631]]],[[[134.7598,35.6631],[134.7601,35.6633],[134.7598,35.6631],[134.7598,35.6631]]],[[[134.7538,35.6633],[134.7538,35.6633],[134.7538,35.663],[134.7538,35.6633]]],[[[134.754,35.6633],[134.7541,35.6634],[134.754,35.6631],[134.754,35.6633]]],[[[134.7585,35.6643],[134.7584,35.6643],[134.7585,35.6643],[134.7585,35.6643]]],[[[134.758,35.6644],[134.7581,35.6643],[134.7581,35.6643],[134.758,35.6644]]],[[[134.7585,35.6644],[134.7585,35.6644],[134.7585,35.6644],[134.7585,35.6644]]],[[[134.7581,35.6645],[134.7581,35.6644],[134.7581,35.6644],[134.7581,35.6645]]],[[[134.7583,35.6652],[134.7583,35.6652],[134.7585,35.6652],[134.7583,35.6652]]],[[[134.7582,35.6653],[134.7582,35.6653],[134.7582,35.6653],[134.7582,35.6653]]],[[[134.758,35.6654],[134.758,35.6653],[134.758,35.6654],[134.758,35.6654]]],[[[134.7585,35.6655],[134.7586,35.6655],[134.7587,35.6656],[134.7587,35.6654],[134.7585,35.6655]]],[[[134.7586,35.6655],[134.7585,35.6657],[134.7586,35.6657],[134.7586,35.6655]]],[[[134.7587,35.6656],[134.7587,35.6656],[134.7587,35.6657],[134.7587,35.6656]]],[[[134.7633,35.6677],[134.7642,35.6671],[134.7633,35.6676],[134.7633,35.6677]]],[[[134.7602,35.6676],[134.7602,35.6676],[134.7603,35.6676],[134.7602,35.6676]]],[[[134.7628,35.6677],[134.7628,35.6676],[134.7628,35.6677],[134.7628,35.6677]]],[[[134.7638,35.6684],[134.7639,35.6685],[134.7639,35.6684],[134.7638,35.6684]]],[[[134.7613,35.6697],[134.7613,35.6697],[134.7612,35.6697],[134.7613,35.6697]]],[[[134.7611,35.6698],[134.7611,35.6697],[134.7611,35.6697],[134.7611,35.6698]]],[[[134.7611,35.6697],[134.7611,35.6698],[134.7612,35.6697],[134.7611,35.6697]]],[[[134.7645,35.67],[134.7646,35.6701],[134.7646,35.67],[134.7645,35.67]]],[[[134.7613,35.6709],[134.7611,35.671],[134.7612,35.6711],[134.7613,35.6709]]],[[[134.7622,35.6721],[134.7618,35.6722],[134.7619,35.6723],[134.7622,35.6721]]],[[[134.7622,35.6723],[134.7623,35.6723],[134.7624,35.6721],[134.7622,35.6723]]],[[[134.7646,35.6725],[134.7645,35.6726],[134.7646,35.6727],[134.7646,35.6725]]],[[[134.7618,35.673],[134.7618,35.6731],[134.7619,35.6731],[134.7618,35.673]]],[[[134.7649,35.6734],[134.7649,35.6732],[134.7648,35.6733],[134.7649,35.6734]]],[[[134.7621,35.6733],[134.762,35.6734],[134.7621,35.6735],[134.7621,35.6733]]],[[[134.7625,35.6741],[134.7624,35.6743],[134.7627,35.6743],[134.7625,35.6741]]],[[[134.763,35.6743],[134.7631,35.6743],[134.7631,35.6742],[134.763,35.6743]]],[[[134.7631,35.6744],[134.7632,35.6744],[134.7632,35.6743],[134.7631,35.6744]]],[[[134.7633,35.6746],[134.7633,35.6746],[134.7633,35.6745],[134.7633,35.6746]]],[[[134.7645,35.6744],[134.7646,35.6747],[134.7648,35.6744],[134.7645,35.6744]]],[[[134.7643,35.6746],[134.7643,35.6745],[134.7642,35.6745],[134.7643,35.6746]]],[[[134.7635,35.6747],[134.7635,35.6746],[134.7635,35.6747],[134.7635,35.6747]]],[[[134.7637,35.6748],[134.7637,35.6748],[134.7638,35.6748],[134.7637,35.6748]]],[[[134.7738,35.6591],[134.7738,35.6591],[134.7738,35.6592],[134.7738,35.6591]]],[[[134.7739,35.6593],[134.7739,35.6593],[134.7739,35.6593],[134.7739,35.6593]]],[[[134.7736,35.6593],[134.7737,35.6593],[134.7737,35.6593],[134.7736,35.6593]]],[[[134.7749,35.6598],[134.7749,35.6598],[134.7748,35.6598],[134.7749,35.6598]]],[[[134.7732,35.6598],[134.7732,35.6598],[134.7732,35.6599],[134.7732,35.6598]]],[[[134.7733,35.6599],[134.7733,35.6599],[134.7733,35.6599],[134.7733,35.6599]]],[[[134.7719,35.6601],[134.7719,35.6601],[134.7719,35.6601],[134.7719,35.6601]]],[[[134.772,35.6603],[134.772,35.6603],[134.772,35.6603],[134.772,35.6603]]],[[[134.7719,35.6604],[134.772,35.6604],[134.772,35.6604],[134.7719,35.6604]]],[[[134.772,35.6605],[134.7718,35.6606],[134.772,35.6606],[134.772,35.6605]]],[[[134.7744,35.6609],[134.7744,35.6609],[134.7744,35.661],[134.7744,35.6609]]],[[[134.775,35.6612],[134.775,35.6612],[134.775,35.6613],[134.775,35.6612]]],[[[134.7829,35.6613],[134.7829,35.6613],[134.7828,35.6613],[134.7829,35.6613]]],[[[134.7828,35.6614],[134.7828,35.6614],[134.7828,35.6614],[134.7828,35.6614]]],[[[134.7782,35.6615],[134.7781,35.6615],[134.7782,35.6615],[134.7782,35.6615]]],[[[134.7826,35.6615],[134.7826,35.6615],[134.7826,35.6615],[134.7826,35.6615]]],[[[134.778,35.6615],[134.778,35.6616],[134.778,35.6615],[134.778,35.6615]]],[[[134.7759,35.6617],[134.776,35.6617],[134.7759,35.6616],[134.7759,35.6617]]],[[[134.7778,35.6616],[134.7777,35.6617],[134.7778,35.6617],[134.7778,35.6616]]],[[[134.7761,35.6617],[134.776,35.6617],[134.776,35.6617],[134.7761,35.6617]]],[[[134.7779,35.6617],[134.7779,35.6617],[134.7779,35.6617],[134.7779,35.6617]]],[[[134.7761,35.6617],[134.7761,35.6617],[134.7762,35.6617],[134.7761,35.6617]]],[[[134.7763,35.6618],[134.7764,35.6618],[134.7763,35.6617],[134.7763,35.6618]]],[[[134.7778,35.6618],[134.7776,35.662],[134.778,35.6619],[134.7781,35.6618],[134.7778,35.6618]]],[[[134.7756,35.6625],[134.7757,35.6621],[134.7752,35.6624],[134.7756,35.6625]]],[[[134.7758,35.6624],[134.7758,35.6624],[134.7757,35.6624],[134.7758,35.6624]]],[[[134.7751,35.6626],[134.7751,35.6626],[134.7751,35.6626],[134.7751,35.6626]]],[[[134.7756,35.6626],[134.7756,35.6627],[134.7756,35.6627],[134.7756,35.6626]]],[[[134.7833,35.6627],[134.7832,35.6627],[134.7833,35.6627],[134.7833,35.6627]]],[[[134.775,35.6629],[134.775,35.663],[134.7751,35.663],[134.775,35.6629]]],[[[134.7756,35.6629],[134.7755,35.6631],[134.7756,35.663],[134.7756,35.6629]]],[[[134.7757,35.6631],[134.7757,35.6631],[134.7757,35.6632],[134.7757,35.6631]]],[[[134.7755,35.6631],[134.7755,35.6632],[134.7755,35.6632],[134.7755,35.6631]]],[[[134.7832,35.6633],[134.7831,35.6632],[134.7831,35.6633],[134.7832,35.6633]]],[[[134.7832,35.6633],[134.7832,35.6633],[134.7832,35.6633],[134.7832,35.6633]]],[[[134.7833,35.6635],[134.7829,35.6635],[134.783,35.6635],[134.7833,35.6635]]],[[[134.7752,35.6635],[134.7752,35.6635],[134.7753,35.6635],[134.7752,35.6635]]],[[[134.783,35.6636],[134.783,35.6636],[134.783,35.6636],[134.783,35.6636]]],[[[134.7751,35.6636],[134.7751,35.6638],[134.7752,35.6638],[134.7751,35.6636]]],[[[134.7829,35.6641],[134.7829,35.6639],[134.7829,35.6639],[134.7829,35.6641]]],[[[134.7828,35.6653],[134.7828,35.6654],[134.7828,35.6654],[134.7828,35.6653]]],[[[134.7834,35.6656],[134.7836,35.6657],[134.7834,35.6655],[134.7834,35.6656]]],[[[134.7838,35.6656],[134.7837,35.6656],[134.7837,35.6656],[134.7837,35.6656],[134.7837,35.6656],[134.7838,35.6656]]],[[[134.7834,35.6656],[134.7834,35.6656],[134.7834,35.6657],[134.7834,35.6656]]],[[[134.7834,35.6657],[134.7833,35.6657],[134.7833,35.6657],[134.7834,35.6657]]],[[[134.7839,35.6659],[134.7839,35.6659],[134.7839,35.6659],[134.7839,35.6659]]],[[[134.7835,35.6661],[134.7835,35.6661],[134.7835,35.666],[134.7835,35.6661]]],[[[134.7841,35.6662],[134.7841,35.6662],[134.7841,35.6662],[134.7841,35.6662]]],[[[134.784,35.6662],[134.7841,35.6662],[134.7841,35.6662],[134.784,35.6662]]],[[[134.7841,35.6664],[134.7841,35.6664],[134.7841,35.6664],[134.7841,35.6664]]],[[[134.7839,35.6665],[134.7839,35.6665],[134.7838,35.6665],[134.7839,35.6665]]],[[[134.7842,35.6665],[134.7842,35.6666],[134.7842,35.6666],[134.7842,35.6665]]],[[[134.7841,35.6666],[134.7841,35.6666],[134.7841,35.6666],[134.7841,35.6666]]],[[[134.7838,35.6667],[134.7838,35.6668],[134.7839,35.6668],[134.7838,35.6667]]],[[[134.7839,35.6668],[134.7843,35.6671],[134.7842,35.6666],[134.7839,35.6668]]],[[[134.7836,35.6671],[134.7836,35.6671],[134.7836,35.6671],[134.7836,35.6671]]],[[[134.7842,35.667],[134.7839,35.667],[134.7843,35.6674],[134.7842,35.667]]],[[[134.7833,35.6674],[134.7833,35.6674],[134.7833,35.6674],[134.7833,35.6674]]],[[[134.7833,35.6674],[134.7833,35.6674],[134.7833,35.6674],[134.7833,35.6674]]],[[[134.7838,35.6676],[134.7837,35.6676],[134.7837,35.6676],[134.7838,35.6676]]],[[[134.7834,35.6677],[134.7835,35.6678],[134.7835,35.6676],[134.7834,35.6677]]],[[[134.784,35.6676],[134.784,35.6676],[134.7841,35.6679],[134.784,35.6676]]],[[[134.8106,35.6636],[134.8106,35.6636],[134.8105,35.6636],[134.8106,35.6636]]],[[[134.8103,35.6636],[134.8103,35.6636],[134.8102,35.6637],[134.8103,35.6636]]],[[[134.8108,35.6637],[134.8107,35.6637],[134.8107,35.6638],[134.8108,35.6637]]],[[[134.8109,35.6639],[134.8109,35.6639],[134.8109,35.664],[134.8109,35.6639]]],[[[134.8049,35.6641],[134.805,35.6641],[134.805,35.6641],[134.8049,35.6641]]],[[[134.8057,35.6641],[134.8057,35.6642],[134.8057,35.6641],[134.8057,35.6641]]],[[[134.8039,35.6646],[134.8039,35.6646],[134.8039,35.6647],[134.8039,35.6646]]],[[[134.8077,35.6647],[134.8075,35.6647],[134.8078,35.6649],[134.8077,35.6647]]],[[[134.8073,35.6648],[134.8072,35.6648],[134.8073,35.6649],[134.8073,35.6648]]],[[[134.7855,35.6666],[134.7855,35.6666],[134.7855,35.6666],[134.7855,35.6666]]],[[[134.7846,35.6667],[134.7846,35.6667],[134.7846,35.6667],[134.7846,35.6667]]],[[[134.8003,35.6667],[134.8001,35.6667],[134.8002,35.6668],[134.8003,35.6667]]],[[[134.7874,35.6668],[134.7874,35.6668],[134.7874,35.6668],[134.7874,35.6668]]],[[[134.7847,35.6668],[134.7846,35.6668],[134.7848,35.6669],[134.7847,35.6668]]],[[[134.7926,35.6668],[134.7926,35.6669],[134.7927,35.6669],[134.7926,35.6668]]],[[[134.7925,35.667],[134.7925,35.6669],[134.7924,35.667],[134.7925,35.667]]],[[[134.8002,35.6669],[134.8,35.6669],[134.8001,35.6671],[134.8002,35.6669]]],[[[134.7924,35.667],[134.7924,35.667],[134.7924,35.667],[134.7924,35.667]]],[[[134.7927,35.6671],[134.7927,35.667],[134.7927,35.667],[134.7927,35.6671]]],[[[134.7848,35.667],[134.7848,35.6671],[134.7849,35.6671],[134.7848,35.667]]],[[[134.7881,35.6671],[134.7881,35.6671],[134.7881,35.6671],[134.7881,35.6671]]],[[[134.7883,35.6671],[134.7883,35.6671],[134.7883,35.6671],[134.7883,35.6671]]],[[[134.7924,35.6672],[134.7924,35.6672],[134.7924,35.6671],[134.7924,35.6672]]],[[[134.7854,35.6672],[134.7854,35.6672],[134.7854,35.6672],[134.7854,35.6672]]],[[[134.7884,35.6672],[134.7884,35.6672],[134.7884,35.6673],[134.7884,35.6672]]],[[[134.785,35.6672],[134.7849,35.6673],[134.785,35.6673],[134.785,35.6672]]],[[[134.7851,35.6672],[134.7852,35.6673],[134.7852,35.6673],[134.7851,35.6672]]],[[[134.7885,35.6673],[134.7885,35.6673],[134.7885,35.6673],[134.7885,35.6673]]],[[[134.7921,35.6673],[134.792,35.6673],[134.7921,35.6674],[134.7921,35.6673]]],[[[134.7884,35.6674],[134.7883,35.6674],[134.7883,35.6674],[134.7884,35.6674]]],[[[134.7934,35.6674],[134.7934,35.6674],[134.7934,35.6674],[134.7934,35.6674]]],[[[134.7894,35.6674],[134.7894,35.6675],[134.7895,35.6674],[134.7894,35.6674]]],[[[134.7892,35.6674],[134.7893,35.6675],[134.7893,35.6674],[134.7892,35.6674]]],[[[134.7879,35.6674],[134.7877,35.6673],[134.7876,35.6676],[134.7879,35.6674]]],[[[134.7991,35.6675],[134.7991,35.6675],[134.7991,35.6675],[134.7991,35.6675]]],[[[134.7916,35.6675],[134.7916,35.6676],[134.7916,35.6676],[134.7916,35.6675]]],[[[134.7989,35.6675],[134.7989,35.6676],[134.7989,35.6676],[134.7989,35.6675]]],[[[134.7913,35.6676],[134.7913,35.6676],[134.7913,35.6676],[134.7913,35.6676]]],[[[134.7921,35.6676],[134.7921,35.6676],[134.7921,35.6676],[134.7921,35.6676]]],[[[134.7914,35.6676],[134.7915,35.6677],[134.7915,35.6676],[134.7914,35.6676]]],[[[134.7911,35.6676],[134.7911,35.6676],[134.7911,35.6676],[134.7911,35.6676]]],[[[134.792,35.6677],[134.792,35.6676],[134.792,35.6676],[134.792,35.6677]]],[[[134.7991,35.6677],[134.799,35.6677],[134.7991,35.6677],[134.7991,35.6677]]],[[[134.7925,35.668],[134.7925,35.6681],[134.7926,35.6681],[134.7925,35.668]]],[[[134.7928,35.6681],[134.7928,35.6681],[134.7927,35.6681],[134.7928,35.6681]]],[[[134.7913,35.6681],[134.7925,35.6681],[134.7925,35.668],[134.7913,35.6681]]],[[[134.7987,35.6681],[134.7987,35.6681],[134.7987,35.6681],[134.7987,35.6681]]],[[[134.7913,35.6681],[134.7913,35.6681],[134.7913,35.6681],[134.7913,35.6681]]],[[[134.7928,35.6681],[134.7928,35.6681],[134.7928,35.6681],[134.7928,35.6681]]],[[[134.7912,35.6681],[134.7912,35.6682],[134.7912,35.6681],[134.7912,35.6681]]],[[[134.7929,35.6682],[134.7929,35.6682],[134.7929,35.6681],[134.7929,35.6682]]],[[[134.7928,35.6682],[134.7928,35.6682],[134.7928,35.6682],[134.7928,35.6682]]],[[[134.7938,35.6681],[134.7938,35.6682],[134.7938,35.6682],[134.7938,35.6681]]],[[[134.7912,35.6681],[134.7905,35.6681],[134.7908,35.6684],[134.7912,35.6681]]],[[[134.7991,35.6683],[134.7989,35.6683],[134.7989,35.6683],[134.7991,35.6683]]],[[[134.7922,35.6682],[134.7921,35.6684],[134.7925,35.6684],[134.793,35.6684],[134.7922,35.6682]]],[[[134.7944,35.6687],[134.7944,35.6688],[134.7944,35.6688],[134.7944,35.6687]]],[[[134.7998,35.6692],[134.7996,35.669],[134.7997,35.6693],[134.7998,35.6692]]],[[[134.7998,35.6694],[134.7998,35.6694],[134.7998,35.6694],[134.7998,35.6694]]],[[[134.7949,35.6694],[134.795,35.6696],[134.795,35.6694],[134.7949,35.6694]]],[[[134.7968,35.6701],[134.7968,35.6701],[134.7968,35.6701],[134.7968,35.6701]]],[[[134.797,35.6703],[134.797,35.6703],[134.797,35.6703],[134.797,35.6703]]],[[[134.7745,35.6591],[134.7751,35.6598],[134.7745,35.6609],[134.7767,35.6619],[134.7784,35.6611],[134.7811,35.6623],[134.7838,35.6606],[134.7842,35.661],[134.7835,35.6635],[134.7827,35.6647],[134.7838,35.6653],[134.7844,35.6666],[134.7861,35.6662],[134.7901,35.6675],[134.7904,35.6673],[134.7909,35.6675],[134.7921,35.6673],[134.7922,35.6674],[134.7921,35.6671],[134.7926,35.6668],[134.7932,35.6667],[134.7955,35.6697],[134.7996,35.6703],[134.7984,35.6682],[134.7987,35.667],[134.8045,35.664],[134.8061,35.664],[134.8062,35.6643],[134.8077,35.6645],[134.8086,35.665],[134.8084,35.6645],[134.8086,35.6645],[134.809,35.6652],[134.8101,35.6634],[134.8117,35.6632],[134.8132,35.6639],[134.8138,35.6635],[134.814,35.6638],[134.8145,35.6634],[134.8149,35.6635],[134.8147,35.6629],[134.8157,35.6615],[134.8152,35.6611],[134.8162,35.6602],[134.8194,35.6604],[134.8225,35.6591],[134.8209,35.6572],[134.8214,35.6562],[134.8245,35.6571],[134.8244,35.656],[134.8264,35.6553],[134.8295,35.6558],[134.8308,35.6549],[134.8356,35.6567],[134.8372,35.6567],[134.8372,35.6557],[134.8382,35.6555],[134.8392,35.6557],[134.8373,35.6513],[134.8336,35.6488],[134.8355,35.6473],[134.8395,35.6502],[134.8355,35.6472],[134.8373,35.6446],[134.839,35.6433],[134.84,35.6438],[134.8394,35.6429],[134.8407,35.6424],[134.8426,35.6428],[134.8429,35.6433],[134.8425,35.644],[134.8432,35.6446],[134.844,35.6442],[134.8435,35.646],[134.8447,35.6483],[134.8496,35.654],[134.8496,35.6547],[134.8482,35.656],[134.8513,35.656],[134.8523,35.6569],[134.8523,35.6596],[134.8549,35.6579],[134.8574,35.66],[134.8626,35.6578],[134.865,35.6579],[134.8655,35.6593],[134.8667,35.6579],[134.8675,35.6582],[134.8673,35.6561],[134.8641,35.6517],[134.8677,35.6497],[134.8658,35.6455],[134.8671,35.6414],[134.8658,35.6383],[134.8674,35.6361],[134.8713,35.6365],[134.8703,35.6314],[134.8739,35.6209],[134.8707,35.6148],[134.8664,35.6134],[134.8675,35.609],[134.8662,35.6067],[134.8667,35.6048],[134.8654,35.599],[134.8604,35.5945],[134.8552,35.5933],[134.8564,35.5918],[134.8537,35.5891],[134.8561,35.5866],[134.8626,35.587],[134.8624,35.584],[134.869,35.5798],[134.8678,35.5761],[134.8703,35.5755],[134.872,35.5764],[134.8758,35.574],[134.8812,35.5674],[134.881,35.564],[134.8878,35.5601],[134.8907,35.5613],[134.8929,35.559],[134.9009,35.5561],[134.9031,35.5494],[134.9068,35.5483],[134.9075,35.5467],[134.9146,35.5453],[134.9149,35.5418],[134.918,35.5408],[134.9193,35.5381],[134.9175,35.5357],[134.9181,35.5307],[134.9151,35.5277],[134.9231,35.5217],[134.9233,35.5164],[134.9269,35.5125],[134.9301,35.5117],[134.9329,35.5133],[134.9364,35.5124],[134.9421,35.5142],[134.9439,35.5135],[134.9478,35.5148],[134.9492,35.5139],[134.9527,35.5146],[134.9542,35.5162],[134.9583,35.5129],[134.9606,35.5129],[134.9634,35.5145],[134.9653,35.5199],[134.9711,35.5228],[134.9717,35.5242],[134.9744,35.5251],[134.9795,35.5241],[134.982,35.5284],[134.9883,35.5296],[134.9889,35.5314],[134.9922,35.5324],[134.9934,35.5343],[134.9964,35.5352],[135.0016,35.5343],[135.0049,35.5357],[135.008,35.5336],[135.0155,35.5374],[135.0241,35.5385],[135.0272,35.54],[135.03,35.5403],[135.0316,35.5392],[135.0355,35.5398],[135.0367,35.5389],[135.0362,35.5306],[135.0392,35.5288],[135.0407,35.5219],[135.043,35.52],[135.0429,35.5112],[135.0452,35.5087],[135.0412,35.5036],[135.0379,35.5025],[135.0322,35.4972],[135.0414,35.4946],[135.0427,35.4923],[135.0401,35.4817],[135.0357,35.4802],[135.0351,35.4766],[135.0353,35.475],[135.039,35.4749],[135.041,35.4735],[135.0415,35.4679],[135.0436,35.4662],[135.0446,35.4636],[135.0434,35.462],[135.0449,35.4597],[135.0453,35.4553],[135.0498,35.4511],[135.0518,35.4425],[135.0494,35.4401],[135.048,35.4352],[135.0486,35.432],[135.0471,35.4299],[135.0477,35.4286],[135.0469,35.4275],[135.0484,35.4263],[135.0471,35.4237],[135.0502,35.4198],[135.049,35.4075],[135.0464,35.4071],[135.0445,35.4086],[135.0384,35.4098],[135.037,35.4091],[135.03,35.4101],[135.0297,35.4056],[135.0236,35.401],[135.0192,35.3941],[135.0162,35.3931],[135.014,35.3941],[135.0116,35.3916],[135.0056,35.3908],[135.002,35.3871],[134.9911,35.3856],[134.9871,35.3889],[134.9883,35.3938],[134.9835,35.3973],[134.9709,35.3989],[134.9651,35.4034],[134.964,35.4061],[134.9612,35.4082],[134.9589,35.4091],[134.9548,35.4085],[134.9466,35.4133],[134.9343,35.4074],[134.9294,35.4135],[134.9239,35.4167],[134.9216,35.4203],[134.917,35.4218],[134.9151,35.4216],[134.9132,35.4198],[134.913,35.4174],[134.9088,35.4171],[134.9031,35.4137],[134.9018,35.4103],[134.9035,35.406],[134.9021,35.4043],[134.8888,35.4045],[134.8855,35.4035],[134.8828,35.4044],[134.879,35.4036],[134.8778,35.4057],[134.8717,35.4056],[134.8707,35.4078],[134.8642,35.4101],[134.8567,35.4075],[134.8498,35.4082],[134.8455,35.4109],[134.8443,35.415],[134.8417,35.4171],[134.8423,35.4186],[134.8399,35.4213],[134.8405,35.4225],[134.8392,35.426],[134.8356,35.4271],[134.8339,35.4315],[134.8314,35.4334],[134.8263,35.4358],[134.8191,35.4365],[134.8199,35.4398],[134.8191,35.4427],[134.8171,35.4436],[134.8174,35.4465],[134.8131,35.4481],[134.8087,35.4519],[134.8059,35.4509],[134.8012,35.4512],[134.7965,35.4485],[134.7917,35.4488],[134.7905,35.4476],[134.7925,35.4428],[134.7917,35.4414],[134.7825,35.4428],[134.7721,35.4476],[134.7698,35.4457],[134.7672,35.4471],[134.7632,35.4435],[134.7601,35.4432],[134.7579,35.4449],[134.7559,35.4432],[134.7486,35.4432],[134.7469,35.4404],[134.7456,35.4401],[134.7465,35.4381],[134.7451,35.4365],[134.7514,35.4305],[134.7486,35.4285],[134.7491,35.4273],[134.7481,35.4257],[134.7489,35.4241],[134.7472,35.4242],[134.7432,35.4215],[134.7384,35.421],[134.7278,35.4233],[134.7256,35.4261],[134.7217,35.4284],[134.7201,35.426],[134.7168,35.4245],[134.7117,35.4242],[134.7048,35.4256],[134.7031,35.4286],[134.6993,35.428],[134.6955,35.4304],[134.6875,35.4267],[134.6833,35.428],[134.6791,35.4262],[134.6749,35.4285],[134.6676,35.4292],[134.6636,35.4319],[134.6631,35.4335],[134.6602,35.4327],[134.6566,35.4298],[134.6448,35.4296],[134.6446,35.428],[134.6429,35.4277],[134.636,35.4323],[134.6308,35.4467],[134.6329,35.4488],[134.6311,35.4513],[134.6313,35.4552],[134.6357,35.4589],[134.6367,35.4638],[134.6354,35.4661],[134.6379,35.4708],[134.6394,35.471],[134.6413,35.476],[134.6426,35.4761],[134.6442,35.4788],[134.6425,35.4794],[134.641,35.4841],[134.6369,35.4887],[134.6379,35.4896],[134.6363,35.4915],[134.6366,35.4942],[134.6267,35.498],[134.6241,35.5011],[134.622,35.5016],[134.6213,35.5006],[134.6184,35.502],[134.6188,35.5053],[134.6165,35.5105],[134.6194,35.5133],[134.6168,35.5195],[134.617,35.5236],[134.6214,35.5242],[134.6247,35.5225],[134.6288,35.525],[134.6338,35.5246],[134.6371,35.527],[134.6391,35.5335],[134.6366,35.5375],[134.6372,35.5388],[134.639,35.5391],[134.6384,35.541],[134.6461,35.5423],[134.6513,35.5508],[134.6508,35.5525],[134.6522,35.5547],[134.6538,35.5648],[134.6572,35.566],[134.6619,35.572],[134.6642,35.5726],[134.6671,35.5717],[134.6706,35.5742],[134.6745,35.575],[134.6769,35.573],[134.6838,35.5733],[134.688,35.5751],[134.6915,35.5785],[134.6969,35.5874],[134.7011,35.5906],[134.7011,35.5925],[134.7051,35.596],[134.7055,35.5978],[134.7083,35.5982],[134.7103,35.6008],[134.7137,35.6014],[134.7147,35.6044],[134.7113,35.6048],[134.7096,35.6081],[134.7111,35.6088],[134.7097,35.6109],[134.7126,35.6129],[134.7133,35.6165],[134.7194,35.6214],[134.7174,35.6252],[134.7154,35.6261],[134.715,35.6301],[134.7131,35.6322],[134.7128,35.6346],[134.7146,35.6365],[134.7178,35.6372],[134.7212,35.645],[134.7307,35.6522],[134.7319,35.6573],[134.7332,35.6585],[134.7356,35.6584],[134.7357,35.661],[134.7368,35.6599],[134.7396,35.6592],[134.7404,35.6593],[134.7406,35.6596],[134.7403,35.6598],[134.7412,35.6594],[134.7419,35.6593],[134.7425,35.6596],[134.7428,35.6591],[134.7431,35.6592],[134.7432,35.6593],[134.7434,35.6593],[134.7434,35.6595],[134.7439,35.6595],[134.7449,35.6622],[134.7425,35.6645],[134.745,35.6645],[134.7444,35.6656],[134.7456,35.665],[134.7458,35.6662],[134.7474,35.664],[134.7467,35.6616],[134.7473,35.6606],[134.7489,35.6598],[134.7494,35.6598],[134.7502,35.6601],[134.751,35.6615],[134.7526,35.6615],[134.7525,35.6628],[134.7517,35.6634],[134.7521,35.6641],[134.7525,35.6634],[134.7529,35.664],[134.7538,35.663],[134.7547,35.6631],[134.7546,35.6619],[134.7552,35.6615],[134.7576,35.6612],[134.7585,35.6618],[134.7584,35.6625],[134.7594,35.6621],[134.7609,35.6625],[134.7601,35.6633],[134.7587,35.6639],[134.7575,35.6631],[134.7566,35.6634],[134.7588,35.6641],[134.7588,35.665],[134.7583,35.6653],[134.7587,35.6652],[134.7594,35.6662],[134.759,35.6664],[134.7599,35.666],[134.7611,35.6683],[134.7605,35.6691],[134.7618,35.6697],[134.7609,35.6708],[134.7618,35.6709],[134.7628,35.6724],[134.762,35.6738],[134.7628,35.6739],[134.7652,35.6742],[134.764,35.6719],[134.7645,35.6695],[134.7627,35.6679],[134.7611,35.6642],[134.7623,35.664],[134.7631,35.6664],[134.7633,35.6664],[134.7628,35.6641],[134.7618,35.6635],[134.7652,35.6607],[134.7706,35.6589],[134.7712,35.6591],[134.7715,35.6594],[134.7717,35.6593],[134.7725,35.6604],[134.7733,35.6592],[134.7739,35.6589],[134.7745,35.6591]]],[[[134.8356,35.6497],[134.8356,35.6497],[134.8338,35.6488],[134.8356,35.6497]]],[[[134.8375,35.6508],[134.8375,35.6509],[134.8375,35.6509],[134.8375,35.6508]]],[[[134.8271,35.6555],[134.8271,35.6555],[134.8271,35.6556],[134.8271,35.6555]]],[[[134.8274,35.6556],[134.8274,35.6557],[134.8274,35.6556],[134.8274,35.6556]]],[[[134.8297,35.6557],[134.8297,35.6557],[134.8298,35.6558],[134.8297,35.6557]]],[[[134.8261,35.6557],[134.826,35.6557],[134.826,35.6558],[134.8261,35.6557]]],[[[134.832,35.6558],[134.832,35.6558],[134.8321,35.6558],[134.832,35.6558]]],[[[134.8293,35.6558],[134.8292,35.6558],[134.8292,35.6559],[134.8293,35.6558]]],[[[134.8265,35.6559],[134.8262,35.6558],[134.8262,35.6559],[134.8265,35.6559]]],[[[134.8373,35.6558],[134.8372,35.6559],[134.8373,35.6559],[134.8373,35.6558]]],[[[134.8265,35.656],[134.8267,35.6561],[134.8266,35.6559],[134.8265,35.656]]],[[[134.8318,35.656],[134.8318,35.656],[134.8318,35.6561],[134.8318,35.656]]],[[[134.8285,35.6561],[134.8283,35.656],[134.8283,35.6562],[134.8285,35.6561]]],[[[134.8268,35.6561],[134.827,35.6562],[134.8269,35.6561],[134.8268,35.6561]]],[[[134.8294,35.6562],[134.8294,35.6562],[134.8294,35.6563],[134.8294,35.6562]]],[[[134.8261,35.6563],[134.826,35.6563],[134.8261,35.6564],[134.8261,35.6563]]],[[[134.8264,35.6563],[134.8267,35.6564],[134.8265,35.6563],[134.8264,35.6563]]],[[[134.8331,35.6564],[134.833,35.6564],[134.8331,35.6565],[134.8331,35.6564]]],[[[134.8253,35.6564],[134.8253,35.6564],[134.8253,35.6566],[134.8253,35.6564]]],[[[134.8321,35.6565],[134.8321,35.6565],[134.8321,35.6566],[134.8321,35.6565]]],[[[134.8319,35.6566],[134.8319,35.6565],[134.8316,35.6567],[134.8319,35.6566]]],[[[134.8349,35.6566],[134.8349,35.6566],[134.8349,35.6566],[134.8349,35.6566]]],[[[134.8264,35.6566],[134.8262,35.6566],[134.8265,35.6568],[134.8264,35.6566]]],[[[134.8267,35.6567],[134.8268,35.6568],[134.8267,35.6567],[134.8267,35.6567]]],[[[134.8352,35.6567],[134.8351,35.6567],[134.8352,35.6568],[134.8352,35.6567]]],[[[134.8365,35.6567],[134.8365,35.6568],[134.8365,35.6568],[134.8365,35.6567]]],[[[134.8351,35.6568],[134.8351,35.6568],[134.8351,35.6568],[134.8351,35.6568]]],[[[134.8355,35.6568],[134.8355,35.6568],[134.8355,35.6569],[134.8355,35.6568]]],[[[134.8358,35.6568],[134.8357,35.6569],[134.8357,35.657],[134.8358,35.6568]]],[[[134.8231,35.657],[134.8234,35.6569],[134.8234,35.6568],[134.8231,35.657]]],[[[134.8353,35.657],[134.8354,35.657],[134.8353,35.6569],[134.8353,35.657]]],[[[134.8318,35.6569],[134.8317,35.657],[134.8317,35.657],[134.8318,35.6569]]],[[[134.8317,35.657],[134.8316,35.657],[134.8317,35.6571],[134.8317,35.657]]],[[[134.8323,35.6572],[134.8322,35.6572],[134.8323,35.6574],[134.8323,35.6572]]],[[[134.8232,35.6574],[134.8232,35.6574],[134.8232,35.6575],[134.8232,35.6574]]],[[[134.8357,35.6575],[134.8357,35.6574],[134.8357,35.6574],[134.8357,35.6575]]],[[[134.8245,35.6577],[134.8244,35.6577],[134.8245,35.6578],[134.8245,35.6577]]],[[[134.8302,35.66],[134.8306,35.6592],[134.8301,35.6594],[134.8302,35.66]]],[[[134.8313,35.6595],[134.8307,35.6592],[134.8305,35.6602],[134.8313,35.6595]]],[[[134.8196,35.6604],[134.8195,35.6604],[134.8196,35.6605],[134.8196,35.6604]]],[[[134.8167,35.6604],[134.8167,35.6605],[134.8168,35.6604],[134.8167,35.6604]]],[[[134.8189,35.6604],[134.8186,35.6604],[134.8187,35.6605],[134.8189,35.6604]]],[[[134.818,35.6605],[134.818,35.6605],[134.818,35.6606],[134.818,35.6605]]],[[[134.8161,35.6608],[134.8159,35.6608],[134.8161,35.6609],[134.8161,35.6608]]],[[[134.8163,35.6609],[134.8162,35.6609],[134.8162,35.661],[134.8163,35.6609]]],[[[134.8165,35.6609],[134.8165,35.661],[134.8166,35.661],[134.8165,35.6609]]],[[[134.8156,35.661],[134.8153,35.661],[134.8154,35.6611],[134.8156,35.661]]],[[[134.8159,35.6611],[134.8158,35.6611],[134.8159,35.6612],[134.8159,35.6611]]],[[[134.8161,35.6614],[134.8158,35.6613],[134.8159,35.6614],[134.8161,35.6614]]],[[[134.8159,35.663],[134.8159,35.6626],[134.8154,35.6628],[134.8159,35.663]]],[[[134.8154,35.6627],[134.8149,35.6629],[134.8153,35.6629],[134.8154,35.6627]]],[[[134.8111,35.6636],[134.811,35.6635],[134.8109,35.6636],[134.8111,35.6636]]],[[[134.8148,35.6635],[134.8146,35.6635],[134.8147,35.6637],[134.8148,35.6635]]],[[[134.8114,35.6636],[134.8113,35.6636],[134.8113,35.6637],[134.8114,35.6636]]],[[[134.8128,35.6638],[134.8128,35.6638],[134.8128,35.6637],[134.8128,35.6638]]],[[[134.8143,35.6637],[134.8142,35.6638],[134.8143,35.6638],[134.8143,35.6637]]],[[[134.8148,35.6638],[134.8146,35.6638],[134.8147,35.6639],[134.8148,35.6638]]],[[[134.8143,35.6639],[134.8143,35.6641],[134.8144,35.6639],[134.8143,35.6639]]],[[[134.8148,35.6641],[134.8147,35.6641],[134.8147,35.6641],[134.8148,35.6641]]],[[[134.815,35.6642],[134.8149,35.6642],[134.815,35.6642],[134.815,35.6642]]],[[[134.8131,35.6645],[134.8131,35.6645],[134.8129,35.6647],[134.8131,35.6645]]],[[[134.8422,35.6433],[134.8421,35.6434],[134.8423,35.6435],[134.8422,35.6433]]],[[[134.8417,35.6434],[134.8417,35.6434],[134.8418,35.6435],[134.8417,35.6434]]],[[[134.8426,35.6434],[134.8426,35.6434],[134.8425,35.6435],[134.8426,35.6434]]],[[[134.8435,35.6472],[134.8435,35.6473],[134.8436,35.6472],[134.8435,35.6472]]],[[[134.838,35.6511],[134.8379,35.6511],[134.838,35.6512],[134.838,35.6511]]],[[[134.8384,35.6514],[134.8382,35.6513],[134.8383,35.6514],[134.8384,35.6514]]],[[[134.8458,35.6515],[134.8458,35.6516],[134.8458,35.6515],[134.8458,35.6515]]],[[[134.8452,35.652],[134.8452,35.652],[134.8452,35.6521],[134.8452,35.652]]],[[[134.8456,35.652],[134.8456,35.6521],[134.8457,35.6521],[134.8456,35.652]]],[[[134.8387,35.6536],[134.8387,35.6536],[134.8389,35.6535],[134.8387,35.6536]]],[[[134.848,35.6538],[134.8479,35.6534],[134.8475,35.6536],[134.848,35.6538]]],[[[134.8471,35.6539],[134.847,35.6538],[134.8467,35.654],[134.8471,35.6539]]],[[[134.8386,35.654],[134.8386,35.6541],[134.8386,35.6541],[134.8386,35.654]]],[[[134.8489,35.6549],[134.8488,35.6549],[134.8489,35.655],[134.8489,35.6549]]],[[[134.8489,35.655],[134.8488,35.6551],[134.8489,35.6551],[134.8489,35.655]]],[[[134.8482,35.6556],[134.8483,35.6557],[134.8483,35.6556],[134.8482,35.6556]]],[[[134.8379,35.6557],[134.8379,35.6557],[134.838,35.6557],[134.8379,35.6557]]],[[[134.8385,35.6559],[134.8384,35.6559],[134.8385,35.6559],[134.8385,35.6559]]],[[[134.838,35.656],[134.8379,35.6559],[134.8377,35.6561],[134.838,35.656]]],[[[134.8376,35.656],[134.8375,35.656],[134.8376,35.6561],[134.8376,35.656]]],[[[134.8479,35.656],[134.8478,35.6561],[134.8479,35.6561],[134.8479,35.656]]],[[[134.848,35.6561],[134.848,35.6561],[134.848,35.6562],[134.848,35.6561]]],[[[134.8482,35.6561],[134.8481,35.6561],[134.8481,35.6562],[134.8482,35.6561]]],[[[134.849,35.6561],[134.8488,35.6561],[134.8489,35.6564],[134.849,35.6561]]],[[[134.8383,35.6563],[134.8382,35.6563],[134.8382,35.6564],[134.8383,35.6563]]],[[[134.8484,35.6565],[134.8485,35.6565],[134.8485,35.6565],[134.8484,35.6565]]],[[[134.851,35.6567],[134.8512,35.6564],[134.8504,35.6565],[134.851,35.6567]]],[[[134.8503,35.6567],[134.8503,35.6568],[134.8504,35.6568],[134.8503,35.6567]]],[[[134.8507,35.6568],[134.8507,35.6568],[134.8505,35.6568],[134.8507,35.6568]]],[[[134.851,35.6568],[134.8509,35.6568],[134.851,35.6569],[134.851,35.6568]]],[[[134.8379,35.6569],[134.838,35.657],[134.838,35.6569],[134.8379,35.6569]]],[[[134.8503,35.6569],[134.8503,35.6569],[134.8502,35.657],[134.8503,35.6569]]],[[[134.8509,35.657],[134.8508,35.657],[134.8509,35.6571],[134.8509,35.657]]],[[[134.8518,35.6578],[134.8519,35.6579],[134.8519,35.6578],[134.8518,35.6578]]],[[[134.8516,35.6581],[134.8516,35.6582],[134.8516,35.6582],[134.8516,35.6581]]],[[[134.8515,35.6583],[134.8514,35.6583],[134.8515,35.6583],[134.8515,35.6583]]],[[[134.8517,35.6585],[134.8518,35.6585],[134.8518,35.6585],[134.8517,35.6585]]],[[[134.8644,35.6585],[134.864,35.6585],[134.8641,35.6586],[134.8644,35.6585]]],[[[134.852,35.6587],[134.8519,35.6588],[134.8519,35.6588],[134.852,35.6587]]],[[[134.8541,35.6588],[134.854,35.6588],[134.854,35.6589],[134.8541,35.6588]]],[[[134.8659,35.659],[134.8658,35.659],[134.8659,35.6591],[134.8659,35.659]]],[[[134.8642,35.659],[134.8642,35.6591],[134.8643,35.6591],[134.8642,35.659]]],[[[134.8673,35.6591],[134.8673,35.6591],[134.8673,35.6591],[134.8673,35.6591]]],[[[134.8656,35.6592],[134.8656,35.6592],[134.8657,35.6592],[134.8656,35.6592]]],[[[134.8658,35.6592],[134.8658,35.6592],[134.8659,35.6593],[134.8658,35.6592]]],[[[134.8545,35.6593],[134.8543,35.6592],[134.8543,35.6593],[134.8545,35.6593]]],[[[134.8614,35.6595],[134.8614,35.6594],[134.8613,35.6595],[134.8614,35.6595]]],[[[134.8654,35.6594],[134.8653,35.6594],[134.8652,35.6596],[134.8654,35.6594]]],[[[134.8604,35.6595],[134.8604,35.6595],[134.8604,35.6595],[134.8604,35.6595]]],[[[134.8597,35.6595],[134.8596,35.6596],[134.8597,35.6596],[134.8597,35.6595]]],[[[134.8536,35.6596],[134.8536,35.6597],[134.8537,35.6596],[134.8536,35.6596]]],[[[134.859,35.6598],[134.8589,35.6598],[134.8589,35.6598],[134.859,35.6598]]],[[[134.8527,35.6599],[134.8527,35.6598],[134.8524,35.66],[134.8527,35.6599]]],[[[134.8523,35.6598],[134.852,35.6598],[134.852,35.66],[134.8523,35.6598]]],[[[134.8536,35.6599],[134.8535,35.6599],[134.8532,35.6601],[134.8536,35.6599]]],[[[134.8592,35.6601],[134.8591,35.6601],[134.8592,35.6602],[134.8592,35.6601]]],[[[134.8527,35.6603],[134.8525,35.6604],[134.8525,35.6605],[134.8527,35.6603]]]]}},{"type":"Feature","properties":{"code":"28210","name":"加古川市","pref_code":"28","pref":"兵庫県"},"geometry":{"type":"MultiPolygon","coordinates":[[[[134.806,34.7132],[134.806,34.7163],[134.8061,34.7163],[134.806,34.7132]]],[[[134.8089,34.7183],[134.8088,34.7184],[134.8089,34.7184],[134.8089,34.7183]]],[[[134.8461,34.7187],[134.8461,34.719],[134.8461,34.719],[134.8461,34.7187]]],[[[134.813,34.7317],[134.813,34.7318],[134.8132,34.7317],[134.813,34.7317]]],[[[134.8167,34.8615],[134.8146,34.8593],[134.8131,34.8593],[134.8119,34.8566],[134.8145,34.8561],[134.8165,34.8529],[134.8249,34.8541],[134.8287,34.8575],[134.8308,34.8576],[134.8365,34.8566],[134.8375,34.8544],[134.8424,34.855],[134.8417,34.8531],[134.848,34.8537],[134.8499,34.85],[134.8521,34.8505],[134.8527,34.8532],[134.8557,34.8529],[134.8578,34.8541],[134.8624,34.8516],[134.865,34.8515],[134.8644,34.8498],[134.8655,34.8461],[134.8666,34.846],[134.868,34.8432],[134.8713,34.8436],[134.8704,34.8421],[134.8726,34.8402],[134.8826,34.8398],[134.8842,34.8352],[134.888,34.8336],[134.8877,34.831],[134.8898,34.8308],[134.8901,34.8287],[134.8958,34.8277],[134.8977,34.8285],[134.8987,34.8256],[134.9007,34.8249],[134.9055,34.8244],[134.9063,34.8257],[134.9088,34.8262],[134.9136,34.8252],[134.915,34.8263],[134.9207,34.8243],[134.9199,34.82],[134.9262,34.813],[134.9285,34.8068],[134.9256,34.8013],[134.9257,34.7957],[134.9278,34.7949],[134.9271,34.7923],[134.9307,34.7884],[134.933,34.7812],[134.9362,34.7796],[134.9331,34.7776],[134.9338,34.7745],[134.9321,34.7685],[134.9187,34.7761],[134.9178,34.7752],[134.9156,34.776],[134.9117,34.7747],[134.9107,34.7758],[134.9074,34.775],[134.9075,34.7723],[134.896,34.7775],[134.8951,34.7734],[134.8939,34.7736],[134.894,34.7727],[134.8918,34.7713],[134.8929,34.7663],[134.8942,34.7665],[134.8944,34.7655],[134.8922,34.7651],[134.8901,34.7627],[134.8859,34.7627],[134.884,34.7638],[134.884,34.7627],[134.8805,34.7604],[134.8803,34.7584],[134.8814,34.7571],[134.8801,34.7558],[134.882,34.7535],[134.8807,34.7528],[134.8838,34.752],[134.883,34.751],[134.8847,34.7495],[134.8865,34.7503],[134.887,34.7474],[134.889,34.7452],[134.887,34.7455],[134.8887,34.7428],[134.8853,34.7451],[134.8835,34.7429],[134.8878,34.739],[134.8858,34.7373],[134.8882,34.7364],[134.8881,34.735],[134.8911,34.7315],[134.8932,34.7325],[134.8979,34.7297],[134.9,34.7256],[134.8932,34.7245],[134.8907,34.7212],[134.8838,34.7261],[134.8837,34.7282],[134.8829,34.7276],[134.8799,34.7303],[134.8788,34.7285],[134.8808,34.7263],[134.8792,34.7259],[134.8771,34.729],[134.8741,34.727],[134.8722,34.728],[134.8712,34.7272],[134.869,34.7281],[134.8677,34.727],[134.8648,34.7282],[134.8613,34.7263],[134.8599,34.727],[134.8571,34.7257],[134.8535,34.7257],[134.853,34.7227],[134.851,34.7221],[134.8522,34.7213],[134.8493,34.7212],[134.8491,34.7182],[134.8473,34.7153],[134.8465,34.7156],[134.8479,34.7167],[134.8482,34.7196],[134.847,34.7197],[134.847,34.7185],[134.8451,34.7155],[134.8452,34.7179],[134.8467,34.719],[134.8437,34.7214],[134.8426,34.7192],[134.8444,34.7185],[134.8426,34.7192],[134.8366,34.7074],[134.8285,34.7102],[134.8267,34.7064],[134.8317,34.6991],[134.8317,34.6982],[134.8266,34.7064],[134.8088,34.7185],[134.813,34.7308],[134.8148,34.7303],[134.8154,34.7312],[134.8121,34.733],[134.8126,34.7322],[134.812,34.7328],[134.811,34.732],[134.8114,34.7315],[134.8064,34.7165],[134.8113,34.7315],[134.8087,34.7321],[134.8105,34.7465],[134.8087,34.7555],[134.8066,34.7567],[134.8091,34.761],[134.8099,34.7668],[134.8126,34.7706],[134.8157,34.7718],[134.8233,34.7711],[134.8228,34.7741],[134.8209,34.7742],[134.8215,34.7762],[134.8205,34.7762],[134.8205,34.7791],[134.8193,34.7802],[134.8122,34.7812],[134.809,34.7845],[134.8129,34.784],[134.8142,34.7866],[134.8105,34.7883],[134.8087,34.7869],[134.8033,34.7913],[134.8046,34.7932],[134.8032,34.7952],[134.8012,34.7956],[134.8014,34.7974],[134.8033,34.7989],[134.7978,34.8012],[134.7973,34.8032],[134.7986,34.8036],[134.7992,34.8055],[134.7976,34.8094],[134.7944,34.8127],[134.7905,34.8145],[134.7824,34.8144],[134.779,34.8155],[134.7796,34.8173],[134.7762,34.8202],[134.776,34.8233],[134.7747,34.8238],[134.7686,34.8218],[134.7654,34.825],[134.7636,34.8253],[134.7648,34.8304],[134.773,34.8298],[134.775,34.8287],[134.776,34.83],[134.7729,34.8311],[134.7743,34.8329],[134.7734,34.833],[134.7734,34.8355],[134.776,34.839],[134.7816,34.8391],[134.7828,34.8374],[134.786,34.8366],[134.7903,34.8402],[134.7926,34.8383],[134.7988,34.8398],[134.7993,34.8421],[134.7976,34.8434],[134.7987,34.8445],[134.805,34.8438],[134.8054,34.8445],[134.8037,34.8446],[134.801,34.8468],[134.8019,34.8493],[134.8008,34.8493],[134.8014,34.8552],[134.7996,34.8551],[134.7979,34.8589],[134.7957,34.8607],[134.7944,34.8657],[134.796,34.865],[134.7977,34.866],[134.805,34.8618],[134.8071,34.8622],[134.8108,34.8658],[134.8143,34.8672],[134.8169,34.8644],[134.8167,34.8615]]]]}},{"type":"Feature","properties":{"code":"28212","name":"赤穂市","pref_code":"28","pref":"兵庫県"},"geometry":{"type":"MultiPolygon","coordinates":[[[[134.3829,34.7198],[134.3828,34.7198],[134.3829,34.7198],[134.3829,34.7198]]],[[[134.383,34.7199],[134.3829,34.7199],[134.3829,34.7199],[134.383,34.7199]]],[[[134.3829,34.7199],[134.3829,34.7199],[134.3829,34.7199],[134.3829,34.7199]]],[[[134.3828,34.72],[134.3828,34.72],[134.3828,34.72],[134.3828,34.72]]],[[[134.3829,34.72],[134.3829,34.72],[134.3829,34.72],[134.3829,34.72]]],[[[134.3817,34.7202],[134.3821,34.7202],[134.3819,34.7199],[134.3817,34.7202]]],[[[134.3824,34.7201],[134.3824,34.7201],[134.3824,34.7201],[134.3824,34.7201]]],[[[134.3822,34.7201],[134.3822,34.7201],[134.3822,34.7201],[134.3822,34.7201]]],[[[134.3821,34.7201],[134.3821,34.7201],[134.3821,34.7201],[134.3821,34.7201]]],[[[134.3822,34.7201],[134.3822,34.7201],[134.3822,34.7201],[134.3822,34.7201]]],[[[134.3823,34.7201],[134.3823,34.7201],[134.3823,34.7201],[134.3823,34.7201]]],[[[134.3823,34.7201],[134.3823,34.7201],[134.3823,34.7201],[134.3823,34.7201]]],[[[134.3823,34.7202],[134.3823,34.7202],[134.3823,34.7202],[134.3823,34.7202]]],[[[134.3816,34.7202],[134.3817,34.7202],[134.3816,34.7202],[134.3816,34.7202]]],[[[134.382,34.7203],[134.382,34.7202],[134.382,34.7202],[134.382,34.7203]]],[[[134.3821,34.7203],[134.3821,34.7202],[134.3821,34.7202],[134.3821,34.7203]]],[[[134.382,34.7203],[134.3819,34.7203],[134.382,34.7203],[134.382,34.7203]]],[[[134.3828,34.7236],[134.3852,34.726],[134.3833,34.7237],[134.3829,34.7235],[134.3818,34.7236],[134.378,34.7258],[134.3828,34.7236]]],[[[134.4069,34.7267],[134.4069,34.7266],[134.4069,34.7266],[134.4069,34.7267]]],[[[134.4068,34.7267],[134.4068,34.7267],[134.4068,34.7267],[134.4068,34.7267]]],[[[134.4068,34.7267],[134.4067,34.7267],[134.4067,34.7268],[134.4068,34.7267]]],[[[134.4062,34.7271],[134.4062,34.7272],[134.4062,34.7271],[134.4062,34.7271]]],[[[134.4062,34.7272],[134.4062,34.7273],[134.4062,34.7272],[134.4062,34.7272]]],[[[134.4063,34.7273],[134.4062,34.7273],[134.4062,34.7273],[134.4063,34.7273]]],[[[134.4061,34.7274],[134.4061,34.7273],[134.4061,34.7274],[134.4061,34.7274]]],[[[134.3978,34.7281],[134.3984,34.7281],[134.3973,34.7281],[134.3978,34.7281]]],[[[134.3929,34.7289],[134.3929,34.7288],[134.3929,34.7288],[134.3929,34.7289]]],[[[134.3317,34.7322],[134.3319,34.7322],[134.3317,34.7322],[134.3317,34.7322]]],[[[134.3678,34.7451],[134.3679,34.7451],[134.3678,34.7451],[134.3678,34.7451]]],[[[134.4089,34.8488],[134.4096,34.8441],[134.4085,34.8385],[134.4123,34.8356],[134.4135,34.8304],[134.4092,34.8244],[134.4105,34.822],[134.4135,34.8205],[134.4168,34.8172],[134.4172,34.8157],[134.4204,34.8147],[134.4215,34.8123],[134.4233,34.8121],[134.4254,34.8093],[134.425,34.8039],[134.4236,34.8032],[134.4236,34.7991],[134.4223,34.7976],[134.4253,34.7924],[134.4256,34.7889],[134.4283,34.7883],[134.4297,34.7863],[134.4344,34.7897],[134.4423,34.7907],[134.4456,34.7878],[134.4436,34.7873],[134.4413,34.7844],[134.4406,34.7753],[134.4496,34.7744],[134.4594,34.7688],[134.4577,34.7621],[134.4507,34.7537],[134.45,34.7555],[134.4509,34.7565],[134.4495,34.758],[134.4533,34.7612],[134.4528,34.7627],[134.4555,34.7681],[134.4541,34.7685],[134.4542,34.7677],[134.4537,34.7673],[134.4541,34.7681],[134.4498,34.7689],[134.448,34.7672],[134.4445,34.7682],[134.444,34.7674],[134.4465,34.7672],[134.444,34.7673],[134.4433,34.7677],[134.4414,34.7672],[134.441,34.7665],[134.4407,34.7667],[134.4392,34.7668],[134.437,34.7657],[134.4361,34.7665],[134.4363,34.7657],[134.4351,34.7666],[134.433,34.7662],[134.4298,34.7625],[134.4321,34.7605],[134.433,34.7609],[134.4326,34.7566],[134.432,34.7558],[134.428,34.7573],[134.4259,34.7544],[134.4343,34.7476],[134.4316,34.7462],[134.4299,34.7459],[134.428,34.7454],[134.4276,34.7452],[134.4276,34.7452],[134.4276,34.7452],[134.4275,34.7452],[134.4275,34.7452],[134.4271,34.7449],[134.4262,34.7441],[134.4252,34.7427],[134.4252,34.7401],[134.4229,34.7379],[134.4229,34.7374],[134.423,34.7371],[134.4223,34.7371],[134.4175,34.734],[134.4165,34.7324],[134.4167,34.7312],[134.4163,34.7313],[134.4149,34.7308],[134.4144,34.7299],[134.4142,34.7296],[134.4143,34.7294],[134.414,34.7289],[134.4114,34.7292],[134.4108,34.7271],[134.4088,34.7261],[134.4087,34.7266],[134.4066,34.7269],[134.4063,34.7292],[134.4051,34.7296],[134.4019,34.7294],[134.4019,34.7274],[134.4013,34.7294],[134.3936,34.7286],[134.393,34.729],[134.3875,34.7306],[134.3853,34.7261],[134.3758,34.7313],[134.375,34.7309],[134.3737,34.7308],[134.3756,34.7314],[134.3799,34.7362],[134.3783,34.7368],[134.3734,34.7329],[134.372,34.7352],[134.3739,34.7366],[134.3723,34.7393],[134.3676,34.7378],[134.3724,34.7394],[134.3685,34.7448],[134.3608,34.751],[134.3588,34.7513],[134.3577,34.751],[134.3586,34.7488],[134.3577,34.7478],[134.3581,34.7466],[134.3545,34.7449],[134.3525,34.7452],[134.3551,34.7447],[134.3628,34.7463],[134.3639,34.7395],[134.3634,34.7406],[134.3589,34.7403],[134.3549,34.7392],[134.3545,34.7378],[134.3516,34.7361],[134.3421,34.7353],[134.3447,34.7385],[134.3418,34.7385],[134.3422,34.7368],[134.3417,34.7358],[134.3419,34.7368],[134.3399,34.7374],[134.3397,34.7392],[134.3397,34.7382],[134.3363,34.7372],[134.3358,34.7355],[134.3272,34.7289],[134.3278,34.7278],[134.3261,34.7259],[134.3276,34.725],[134.3276,34.7249],[134.3252,34.726],[134.3248,34.7254],[134.3254,34.7255],[134.3266,34.7251],[134.3246,34.7253],[134.3217,34.7219],[134.321,34.729],[134.3236,34.731],[134.3238,34.7323],[134.3207,34.7356],[134.3169,34.7352],[134.313,34.7384],[134.3165,34.7439],[134.3183,34.7559],[134.3215,34.7617],[134.3278,34.7642],[134.3274,34.7666],[134.3305,34.7674],[134.3332,34.7657],[134.3348,34.7691],[134.3308,34.7708],[134.331,34.7726],[134.3296,34.7742],[134.3259,34.7752],[134.323,34.7743],[134.3201,34.776],[134.3207,34.7769],[134.3197,34.778],[134.3177,34.7781],[134.3158,34.781],[134.319,34.785],[134.3194,34.7873],[134.316,34.792],[134.3182,34.7933],[134.3165,34.7972],[134.3174,34.799],[134.3171,34.8019],[134.3142,34.803],[134.3108,34.8027],[134.3099,34.8048],[134.3084,34.8054],[134.3087,34.8071],[134.3063,34.8086],[134.3073,34.8112],[134.3021,34.8147],[134.2981,34.8136],[134.2958,34.8157],[134.2956,34.8181],[134.2984,34.821],[134.2987,34.8231],[134.3033,34.8236],[134.3043,34.8219],[134.3079,34.8253],[134.3137,34.8226],[134.315,34.8245],[134.3146,34.8261],[134.3195,34.8259],[134.3222,34.8269],[134.3227,34.8325],[134.3217,34.8358],[134.3172,34.8382],[134.318,34.8393],[134.3213,34.8389],[134.3204,34.8413],[134.3227,34.8414],[134.3233,34.846],[134.3263,34.8494],[134.3337,34.8495],[134.3358,34.8522],[134.3376,34.8526],[134.3441,34.8455],[134.3475,34.8453],[134.3491,34.8469],[134.3549,34.8474],[134.3607,34.8441],[134.3629,34.844],[134.3647,34.8418],[134.3667,34.8464],[134.3657,34.8563],[134.3691,34.8564],[134.3691,34.8597],[134.3751,34.8522],[134.3791,34.8496],[134.383,34.8407],[134.3855,34.8397],[134.39,34.8418],[134.3918,34.844],[134.3981,34.8454],[134.4022,34.8504],[134.4071,34.8542],[134.4085,34.8541],[134.41,34.8513],[134.4122,34.8515],[134.4089,34.8488]]],[[[134.4086,34.7262],[134.4086,34.7261],[134.4086,34.7262],[134.4086,34.7262]]],[[[134.4084,34.7264],[134.4084,34.7263],[134.4084,34.7264],[134.4084,34.7264]]],[[[134.4069,34.7264],[134.4069,34.7265],[134.4069,34.7264],[134.4069,34.7264]]],[[[134.407,34.7264],[134.407,34.7265],[134.407,34.7265],[134.407,34.7264]]],[[[134.4071,34.7265],[134.4071,34.7265],[134.4071,34.7265],[134.4071,34.7265]]],[[[134.4072,34.7265],[134.4071,34.7265],[134.4072,34.7265],[134.4072,34.7265]]],[[[134.4072,34.7265],[134.4071,34.7265],[134.4072,34.7266],[134.4072,34.7265]]],[[[134.4072,34.7266],[134.4072,34.7266],[134.4072,34.7266],[134.4072,34.7266]]],[[[134.4071,34.7266],[134.4071,34.7266],[134.4071,34.7266],[134.4071,34.7266]]],[[[134.407,34.7266],[134.407,34.7266],[134.407,34.7266],[134.407,34.7266]]],[[[134.4143,34.7297],[134.4143,34.7297],[134.4143,34.7297],[134.4143,34.7297]]],[[[134.4143,34.7297],[134.4143,34.7297],[134.4143,34.7297],[134.4143,34.7297]]],[[[134.4145,34.73],[134.4145,34.7301],[134.4145,34.7301],[134.4145,34.73]]],[[[134.4148,34.7302],[134.4147,34.7302],[134.4148,34.7302],[134.4148,34.7302]]],[[[134.4148,34.7305],[134.4148,34.7306],[134.4149,34.7306],[134.4148,34.7305]]],[[[134.4171,34.731],[134.4171,34.7309],[134.417,34.731],[134.4171,34.731]]],[[[134.4165,34.731],[134.4165,34.731],[134.4165,34.731],[134.4165,34.731]]],[[[134.4165,34.7311],[134.4165,34.7311],[134.4165,34.7311],[134.4165,34.7311]]],[[[134.4171,34.7312],[134.4171,34.731],[134.417,34.7311],[134.4171,34.7312]]],[[[134.4168,34.7313],[134.4168,34.7312],[134.4167,34.7312],[134.4168,34.7313]]],[[[134.4169,34.7313],[134.4169,34.7312],[134.4168,34.7313],[134.4169,34.7313]]],[[[134.4168,34.7313],[134.4168,34.7313],[134.4168,34.7313],[134.4168,34.7313]]],[[[134.4167,34.7316],[134.4167,34.7317],[134.4168,34.7317],[134.4167,34.7316]]],[[[134.421,34.7358],[134.421,34.7358],[134.421,34.7358],[134.421,34.7358]]],[[[134.421,34.7359],[134.421,34.736],[134.421,34.7359],[134.421,34.7359]]],[[[134.421,34.736],[134.421,34.736],[134.421,34.736],[134.421,34.736]]],[[[134.4229,34.7375],[134.423,34.7375],[134.4229,34.7375],[134.4229,34.7375]]],[[[134.4229,34.7375],[134.423,34.7375],[134.423,34.7375],[134.4229,34.7375]]],[[[134.4231,34.7376],[134.4231,34.7376],[134.4231,34.7376],[134.4231,34.7376]]],[[[134.4245,34.739],[134.4245,34.739],[134.4245,34.739],[134.4245,34.739]]],[[[134.4246,34.739],[134.4246,34.739],[134.4246,34.7389],[134.4246,34.739]]],[[[134.4246,34.7392],[134.4246,34.7392],[134.4246,34.7392],[134.4246,34.7392]]],[[[134.4249,34.7394],[134.4249,34.7394],[134.4249,34.7394],[134.4249,34.7394]]],[[[134.4249,34.7394],[134.4249,34.7394],[134.4249,34.7394],[134.4249,34.7394]]],[[[134.425,34.7396],[134.4251,34.7396],[134.4251,34.7396],[134.425,34.7396]]],[[[134.4252,34.7398],[134.4251,34.7398],[134.4252,34.7398],[134.4252,34.7398]]],[[[134.4251,34.7398],[134.4251,34.7399],[134.4251,34.7399],[134.4251,34.7398]]],[[[134.4252,34.7399],[134.4252,34.7399],[134.4252,34.7399],[134.4252,34.7399]]],[[[134.4252,34.74],[134.4252,34.74],[134.4252,34.74],[134.4252,34.74]]],[[[134.4252,34.74],[134.4252,34.74],[134.4252,34.74],[134.4252,34.74]]],[[[134.4253,34.74],[134.4253,34.74],[134.4253,34.74],[134.4253,34.74]]],[[[134.4253,34.7403],[134.4254,34.7403],[134.4253,34.7403],[134.4253,34.7403]]],[[[134.4253,34.7404],[134.4254,34.7404],[134.4253,34.7404],[134.4253,34.7404]]],[[[134.4253,34.7405],[134.4253,34.7404],[134.4253,34.7404],[134.4253,34.7405]]],[[[134.4253,34.7406],[134.4253,34.7406],[134.4253,34.7406],[134.4253,34.7406]]],[[[134.4254,34.7406],[134.4254,34.7406],[134.4254,34.7406],[134.4254,34.7406]]],[[[134.4263,34.7434],[134.4263,34.7434],[134.4263,34.7434],[134.4263,34.7434]]],[[[134.4261,34.7434],[134.4261,34.7435],[134.4261,34.7434],[134.4261,34.7434]]],[[[134.4262,34.7434],[134.4262,34.7435],[134.4263,34.7434],[134.4262,34.7434]]],[[[134.426,34.7435],[134.426,34.7434],[134.426,34.7435],[134.426,34.7435]]],[[[134.4262,34.7435],[134.4262,34.7435],[134.4262,34.7435],[134.4262,34.7435]]],[[[134.426,34.7435],[134.426,34.7435],[134.426,34.7435],[134.426,34.7435]]],[[[134.4261,34.7436],[134.4261,34.7435],[134.4261,34.7435],[134.4261,34.7436]]],[[[134.4261,34.7436],[134.4261,34.7436],[134.426,34.7436],[134.4261,34.7436]]],[[[134.4265,34.7442],[134.4265,34.7442],[134.4265,34.7442],[134.4265,34.7442]]],[[[134.4267,34.7444],[134.4267,34.7444],[134.4266,34.7444],[134.4267,34.7444]]],[[[134.4269,34.7444],[134.4268,34.7444],[134.4269,34.7444],[134.4269,34.7444]]],[[[134.427,34.7446],[134.427,34.7446],[134.427,34.7446],[134.427,34.7446]]],[[[134.4278,34.7451],[134.4278,34.7451],[134.4279,34.7451],[134.4278,34.7451]]],[[[134.4275,34.7452],[134.4276,34.7452],[134.4275,34.7451],[134.4275,34.7452]]],[[[134.4336,34.7426],[134.4336,34.7426],[134.4337,34.7426],[134.4336,34.7426]]],[[[134.4336,34.7427],[134.4336,34.7427],[134.4336,34.7427],[134.4336,34.7427]]],[[[134.4336,34.7428],[134.4337,34.7427],[134.4336,34.7427],[134.4336,34.7428]]],[[[134.4337,34.743],[134.4337,34.7431],[134.4337,34.743],[134.4337,34.743]]],[[[134.4332,34.7433],[134.4337,34.7433],[134.4336,34.7428],[134.4334,34.7429],[134.4334,34.7432],[134.4332,34.7433]]],[[[134.4339,34.7431],[134.4339,34.7431],[134.4339,34.7431],[134.4339,34.7431]]],[[[134.4333,34.7432],[134.4333,34.7432],[134.4333,34.7432],[134.4333,34.7432]]],[[[134.4333,34.7435],[134.4333,34.7436],[134.4333,34.7435],[134.4333,34.7435]]],[[[134.4334,34.747],[134.4334,34.7469],[134.4334,34.7469],[134.4334,34.747]]],[[[134.4341,34.7472],[134.434,34.7472],[134.434,34.7472],[134.4341,34.7472]]],[[[134.4341,34.7473],[134.4341,34.7473],[134.4341,34.7473],[134.4341,34.7473]]],[[[134.4343,34.7475],[134.4343,34.7475],[134.4343,34.7475],[134.4343,34.7475]]],[[[134.4344,34.7475],[134.4344,34.7475],[134.4344,34.7475],[134.4344,34.7475]]],[[[134.4295,34.7565],[134.4295,34.7564],[134.4295,34.7564],[134.4295,34.7565]]],[[[134.4298,34.7565],[134.4297,34.7565],[134.4298,34.7565],[134.4298,34.7565]]],[[[134.4293,34.7567],[134.4293,34.7567],[134.4293,34.7567],[134.4293,34.7567]]],[[[134.433,34.7581],[134.4329,34.7581],[134.4329,34.7581],[134.433,34.7581]]],[[[134.4323,34.761],[134.4324,34.761],[134.4321,34.7609],[134.4323,34.761]]],[[[134.4382,34.7655],[134.4395,34.7638],[134.4382,34.7613],[134.4354,34.7633],[134.4382,34.7655]]],[[[134.4412,34.7665],[134.4411,34.7666],[134.4411,34.7667],[134.4412,34.7665]]],[[[134.4399,34.7666],[134.4399,34.7666],[134.4399,34.7666],[134.4399,34.7666]]],[[[134.4398,34.7666],[134.4398,34.7666],[134.4398,34.7666],[134.4398,34.7666]]],[[[134.4404,34.7666],[134.4404,34.7667],[134.4404,34.7666],[134.4404,34.7666]]],[[[134.4521,34.7676],[134.4537,34.7664],[134.4519,34.766],[134.4515,34.767],[134.4521,34.7676]]],[[[134.4463,34.7669],[134.4473,34.7667],[134.4462,34.7668],[134.4463,34.7669]]],[[[134.4471,34.7673],[134.447,34.7672],[134.447,34.7673],[134.4471,34.7673]]],[[[134.4482,34.7673],[134.4482,34.7672],[134.4482,34.7673],[134.4482,34.7673]]]]}},{"type":"Feature","properties":{"code":"28216","name":"高砂市","pref_code":"28","pref":"兵庫県"},"geometry":{"type":"MultiPolygon","coordinates":[[[[134.7997,34.7311],[134.7989,34.7304],[134.7983,34.7303],[134.7997,34.7311]]],[[[134.8005,34.7317],[134.8005,34.7316],[134.7999,34.7312],[134.8005,34.7317]]],[[[134.7828,34.8144],[134.7887,34.8148],[134.7946,34.8126],[134.7976,34.8094],[134.7992,34.8055],[134.7986,34.8036],[134.7973,34.8032],[134.7978,34.8012],[134.8033,34.7989],[134.8014,34.7974],[134.8012,34.7956],[134.8032,34.7952],[134.8046,34.7932],[134.8033,34.7913],[134.8087,34.7869],[134.8105,34.7883],[134.8142,34.7866],[134.8129,34.784],[134.809,34.7845],[134.8122,34.7812],[134.8196,34.78],[134.8205,34.7791],[134.8205,34.7762],[134.8215,34.7762],[134.8209,34.7742],[134.8228,34.7741],[134.8232,34.7711],[134.8141,34.7714],[134.8114,34.7693],[134.8095,34.7657],[134.8091,34.761],[134.8066,34.7566],[134.8086,34.7559],[134.8105,34.7465],[134.8087,34.7321],[134.8031,34.7328],[134.8024,34.732],[134.8032,34.7332],[134.8021,34.7337],[134.8017,34.7323],[134.8007,34.7317],[134.8014,34.7323],[134.7997,34.733],[134.7992,34.7359],[134.7972,34.7324],[134.7975,34.7322],[134.797,34.7311],[134.7974,34.7299],[134.7973,34.7298],[134.7969,34.7311],[134.7971,34.7325],[134.7873,34.7402],[134.792,34.7447],[134.7894,34.747],[134.7883,34.7454],[134.7888,34.7446],[134.7853,34.7406],[134.7855,34.7414],[134.7678,34.7502],[134.7694,34.7515],[134.7664,34.7526],[134.7633,34.7485],[134.762,34.7493],[134.7625,34.7501],[134.7617,34.7494],[134.7572,34.7518],[134.7608,34.7587],[134.7651,34.7584],[134.7661,34.7599],[134.762,34.7618],[134.7613,34.761],[134.7613,34.7621],[134.7657,34.7753],[134.7675,34.7768],[134.7665,34.7807],[134.7672,34.782],[134.7629,34.7853],[134.763,34.7885],[134.7574,34.7935],[134.7577,34.7893],[134.7595,34.7878],[134.7584,34.7885],[134.7565,34.7858],[134.7523,34.7833],[134.7529,34.782],[134.7515,34.779],[134.7522,34.7737],[134.7501,34.7737],[134.7502,34.7801],[134.7481,34.7816],[134.7482,34.7838],[134.7458,34.7851],[134.7451,34.7878],[134.7485,34.7906],[134.7454,34.7963],[134.743,34.7976],[134.7427,34.7989],[134.7464,34.8062],[134.7486,34.8051],[134.7469,34.7988],[134.7504,34.7971],[134.7515,34.7954],[134.7537,34.7952],[134.7558,34.7971],[134.7595,34.7962],[134.762,34.7977],[134.7643,34.7966],[134.7682,34.8046],[134.7719,34.8057],[134.7735,34.8083],[134.7715,34.8133],[134.7738,34.8151],[134.7785,34.8158],[134.7828,34.8144]]]]}},{"type":"Feature","properties":{"code":"28224","name":"南あわじ市","pref_code":"28","pref":"兵庫県"},"geometry":{"type":"MultiPolygon","coordinates":[[[[134.6544,34.2391],[134.6545,34.239],[134.6544,34.239],[134.6544,34.2391]]],[[[134.6544,34.2393],[134.6545,34.2394],[134.6545,34.2393],[134.6544,34.2393]]],[[[134.6581,34.2404],[134.6581,34.2404],[134.6581,34.2404],[134.6581,34.2404]]],[[[134.6609,34.2412],[134.6609,34.2412],[134.6608,34.2412],[134.6609,34.2412]]],[[[134.6582,34.2415],[134.6582,34.2415],[134.6582,34.2415],[134.6582,34.2415]]],[[[134.6583,34.2416],[134.6583,34.2417],[134.6584,34.2417],[134.6583,34.2416]]],[[[134.6583,34.2418],[134.6584,34.2418],[134.6584,34.2418],[134.6583,34.2418]]],[[[134.6584,34.2418],[134.6584,34.2419],[134.6585,34.2419],[134.6584,34.2418]]],[[[134.6585,34.2419],[134.6585,34.2419],[134.6585,34.2419],[134.6585,34.2419]]],[[[134.6585,34.242],[134.6586,34.242],[134.6585,34.2419],[134.6585,34.242]]],[[[134.659,34.2425],[134.6591,34.2425],[134.659,34.2424],[134.6589,34.2424],[134.659,34.2425]]],[[[134.6591,34.2425],[134.659,34.2425],[134.6591,34.2426],[134.6591,34.2425]]],[[[134.6691,34.2459],[134.6691,34.246],[134.6693,34.246],[134.6691,34.2459]]],[[[134.6695,34.2461],[134.6695,34.246],[134.6693,34.246],[134.6695,34.2461]]],[[[134.6712,34.2466],[134.6712,34.2466],[134.6712,34.2466],[134.6712,34.2466]]],[[[134.6711,34.2579],[134.672,34.2576],[134.6699,34.2575],[134.6711,34.2579]]],[[[134.6729,34.2593],[134.6729,34.2593],[134.6728,34.2593],[134.6729,34.2593]]],[[[134.6725,34.2602],[134.6725,34.2602],[134.6724,34.2602],[134.6725,34.2602]]],[[[134.6717,34.2613],[134.6717,34.2613],[134.6717,34.2613],[134.6717,34.2613]]],[[[134.6718,34.2614],[134.6718,34.2614],[134.6718,34.2614],[134.6718,34.2614]]],[[[134.6729,34.2642],[134.6728,34.2643],[134.6729,34.2643],[134.6729,34.2642]]],[[[134.6729,34.2643],[134.6729,34.2642],[134.6729,34.2642],[134.6729,34.2643]]],[[[134.6683,34.2691],[134.6684,34.2692],[134.6685,34.269],[134.6683,34.2691]]],[[[134.6595,34.272],[134.6595,34.272],[134.6595,34.272],[134.6595,34.272]]],[[[134.6596,34.2721],[134.6596,34.2721],[134.6596,34.2721],[134.6596,34.2721]]],[[[134.6596,34.2721],[134.6596,34.2721],[134.6596,34.2721],[134.6596,34.2721]]],[[[134.6596,34.2721],[134.6595,34.2721],[134.6596,34.2721],[134.6596,34.2721]]],[[[134.6609,34.2796],[134.6609,34.2797],[134.6609,34.2797],[134.6609,34.2796]]],[[[134.661,34.2798],[134.6609,34.2797],[134.6609,34.2798],[134.661,34.2798]]],[[[134.6611,34.2798],[134.6611,34.2798],[134.661,34.2798],[134.6611,34.2798]]],[[[134.6612,34.2799],[134.6611,34.2798],[134.661,34.2799],[134.6612,34.2799]]],[[[134.661,34.2802],[134.6609,34.2801],[134.661,34.2802],[134.661,34.2802]]],[[[134.6614,34.2827],[134.6613,34.2827],[134.6614,34.2827],[134.6614,34.2827]]],[[[134.6627,34.2858],[134.6627,34.2874],[134.6628,34.2874],[134.6627,34.2858]]],[[[134.6581,34.2915],[134.6582,34.2916],[134.6589,34.2912],[134.6598,34.2898],[134.6588,34.2912],[134.6581,34.2915]]],[[[134.6584,34.2908],[134.6583,34.2908],[134.6572,34.2913],[134.6584,34.2908]]],[[[134.6537,34.2914],[134.6537,34.2915],[134.6538,34.2915],[134.6537,34.2914]]],[[[134.6539,34.2911],[134.6537,34.2918],[134.6545,34.2914],[134.6539,34.2911]]],[[[134.6731,34.3159],[134.6731,34.3159],[134.673,34.3159],[134.6731,34.3159]]],[[[134.6881,34.2421],[134.6881,34.242],[134.688,34.242],[134.6881,34.2421]]],[[[134.6882,34.2421],[134.6882,34.2421],[134.6882,34.2421],[134.6882,34.2421]]],[[[134.6877,34.2422],[134.6878,34.2422],[134.6878,34.2422],[134.6877,34.2422]]],[[[134.6879,34.2423],[134.6879,34.2422],[134.6879,34.2423],[134.6879,34.2423]]],[[[134.6744,34.2446],[134.6745,34.2446],[134.6744,34.2445],[134.674,34.2444],[134.6744,34.2446]]],[[[134.6765,34.2453],[134.6767,34.2454],[134.6766,34.2453],[134.6765,34.2453]]],[[[134.6768,34.2455],[134.6767,34.2455],[134.6767,34.2455],[134.6768,34.2455]]],[[[134.6731,34.2456],[134.6731,34.2456],[134.6732,34.2456],[134.6731,34.2456]]],[[[134.6733,34.2457],[134.6733,34.2457],[134.6733,34.2457],[134.6733,34.2457]]],[[[134.6777,34.2457],[134.6777,34.2457],[134.6777,34.2457],[134.6777,34.2457]]],[[[134.6734,34.2458],[134.6734,34.2458],[134.6735,34.2458],[134.6734,34.2458]]],[[[134.6732,34.246],[134.6732,34.246],[134.6732,34.246],[134.6732,34.246]]],[[[134.6849,34.2465],[134.6849,34.2465],[134.6849,34.2465],[134.6849,34.2465]]],[[[134.6851,34.2465],[134.6851,34.2466],[134.6852,34.2466],[134.6851,34.2465]]],[[[134.6864,34.2469],[134.6865,34.2469],[134.6865,34.2469],[134.6864,34.2469]]],[[[134.6734,34.2558],[134.6739,34.2548],[134.6734,34.2558],[134.6734,34.2558]]],[[[134.6735,34.2574],[134.6736,34.2573],[134.6735,34.2573],[134.6735,34.2574]]],[[[134.6731,34.3162],[134.6731,34.3162],[134.6731,34.3161],[134.6731,34.3162]]],[[[134.6739,34.3173],[134.6739,34.3173],[134.6739,34.3173],[134.6739,34.3173]]],[[[134.674,34.3173],[134.6739,34.3173],[134.6739,34.3175],[134.674,34.3173]]],[[[134.6864,34.3292],[134.6863,34.3292],[134.6864,34.3293],[134.6864,34.3292]]],[[[134.6859,34.33],[134.6859,34.3301],[134.686,34.33],[134.6859,34.33]]],[[[134.6859,34.3302],[134.686,34.3302],[134.686,34.3301],[134.6859,34.3302]]],[[[134.6861,34.3303],[134.6861,34.3303],[134.6861,34.3303],[134.6861,34.3303]]],[[[134.686,34.3303],[134.686,34.3303],[134.686,34.3303],[134.686,34.3303]]],[[[134.6861,34.3304],[134.6861,34.3304],[134.6861,34.3304],[134.6861,34.3304]]],[[[134.686,34.3304],[134.686,34.3304],[134.686,34.3304],[134.686,34.3304]]],[[[134.6859,34.3305],[134.686,34.3304],[134.6859,34.3304],[134.6859,34.3305]]],[[[134.6858,34.3305],[134.6858,34.3304],[134.6858,34.3304],[134.6858,34.3305]]],[[[134.6881,34.3308],[134.688,34.3307],[134.688,34.3308],[134.6881,34.3308]]],[[[134.6866,34.3309],[134.6865,34.331],[134.6866,34.3309],[134.6866,34.3309]]],[[[134.6867,34.331],[134.6867,34.3309],[134.6867,34.331],[134.6867,34.331]]],[[[134.6871,34.3311],[134.687,34.3309],[134.6869,34.331],[134.6871,34.3311]]],[[[134.687,34.3311],[134.687,34.3311],[134.687,34.3311],[134.687,34.3311]]],[[[134.6878,34.3311],[134.6876,34.3311],[134.6878,34.3312],[134.6879,34.3311],[134.6878,34.3311]]],[[[134.6872,34.3311],[134.6872,34.3311],[134.6872,34.3311],[134.6872,34.3311]]],[[[134.6867,34.3312],[134.6867,34.3311],[134.6867,34.3311],[134.6867,34.3312]]],[[[134.687,34.3312],[134.6871,34.3312],[134.687,34.3312],[134.687,34.3312]]],[[[134.6872,34.3312],[134.6872,34.3312],[134.6872,34.3312],[134.6872,34.3312]]],[[[134.7387,34.1887],[134.7387,34.1887],[134.7387,34.1887],[134.7387,34.1887]]],[[[134.7387,34.1889],[134.7388,34.189],[134.7388,34.1889],[134.7387,34.1889]]],[[[134.7009,34.2172],[134.7008,34.2172],[134.7009,34.2172],[134.7009,34.2172]]],[[[134.7008,34.2173],[134.7008,34.2173],[134.7009,34.2173],[134.7008,34.2173]]],[[[134.7015,34.2257],[134.7015,34.2257],[134.7015,34.2257],[134.7015,34.2257]]],[[[134.7016,34.2257],[134.7016,34.2257],[134.7016,34.2257],[134.7016,34.2257]]],[[[134.7018,34.2294],[134.7014,34.2304],[134.7018,34.2304],[134.7018,34.2294]]],[[[134.7012,34.2411],[134.7013,34.2411],[134.7012,34.2411],[134.7012,34.2411]]],[[[134.6897,34.2411],[134.6896,34.2411],[134.6897,34.2411],[134.6897,34.2411]]],[[[134.6897,34.2412],[134.6897,34.2412],[134.6898,34.2412],[134.6897,34.2412]]],[[[134.7011,34.2411],[134.7011,34.2412],[134.7012,34.2412],[134.7011,34.2411]]],[[[134.6896,34.2413],[134.6896,34.2413],[134.6897,34.2413],[134.6896,34.2413]]],[[[134.7011,34.2414],[134.7011,34.2413],[134.7011,34.2413],[134.7011,34.2414]]],[[[134.6883,34.2413],[134.6886,34.2416],[134.6884,34.2413],[134.6883,34.2413]]],[[[134.6902,34.2415],[134.6902,34.2414],[134.6898,34.2415],[134.6902,34.2415]]],[[[134.6892,34.2416],[134.6892,34.2416],[134.6891,34.2416],[134.6892,34.2416]]],[[[134.7017,34.2416],[134.7016,34.2416],[134.7017,34.2417],[134.7017,34.2416]]],[[[134.7018,34.2417],[134.7018,34.2417],[134.702,34.2417],[134.7018,34.2417]]],[[[134.7028,34.2418],[134.7026,34.2418],[134.7026,34.2418],[134.7028,34.2418]]],[[[134.702,34.2419],[134.7021,34.2418],[134.7019,34.2418],[134.702,34.2419]]],[[[134.7026,34.2421],[134.7026,34.2421],[134.7027,34.2421],[134.7026,34.2421]]],[[[134.7029,34.2422],[134.7028,34.2422],[134.7029,34.2423],[134.7029,34.2422]]],[[[134.6888,34.2441],[134.6901,34.2417],[134.6892,34.2411],[134.6895,34.2415],[134.6893,34.2413],[134.6894,34.2415],[134.6889,34.2418],[134.6883,34.2417],[134.6888,34.2441]]],[[[134.7038,34.2428],[134.7038,34.2428],[134.7038,34.2427],[134.7038,34.2428]]],[[[134.7039,34.2428],[134.7039,34.2428],[134.7039,34.2428],[134.7039,34.2428]]],[[[134.7042,34.2429],[134.7042,34.2429],[134.7042,34.243],[134.7042,34.2429]]],[[[134.7209,34.2436],[134.7211,34.2436],[134.721,34.2435],[134.7209,34.2436]]],[[[134.7211,34.2437],[134.7211,34.2437],[134.7211,34.2437],[134.7211,34.2437]]],[[[134.7129,34.2451],[134.7138,34.2454],[134.7144,34.2443],[134.7129,34.2451]]],[[[134.6964,34.2454],[134.6965,34.2454],[134.6964,34.2454],[134.6964,34.2454]]],[[[134.7128,34.247],[134.7135,34.2459],[134.7134,34.246],[134.7128,34.247]]],[[[134.7085,34.2488],[134.7085,34.2478],[134.7078,34.2478],[134.7076,34.2488],[134.7085,34.2488]]],[[[134.7096,34.2496],[134.7106,34.2499],[134.7127,34.2474],[134.7096,34.2496]]],[[[134.6896,34.3294],[134.6896,34.3294],[134.6896,34.3294],[134.6896,34.3294]]],[[[134.6897,34.3295],[134.6896,34.3295],[134.6896,34.3295],[134.6897,34.3295]]],[[[134.6897,34.3296],[134.6897,34.3295],[134.6897,34.3296],[134.6897,34.3296]]],[[[134.6895,34.3296],[134.6896,34.3296],[134.6895,34.3296],[134.6895,34.3296]]],[[[134.6889,34.3297],[134.6889,34.3297],[134.6889,34.3297],[134.6889,34.3297]]],[[[134.6885,34.3299],[134.6885,34.3299],[134.6884,34.3299],[134.6885,34.3299]]],[[[134.8135,34.1552],[134.8133,34.1552],[134.8134,34.1553],[134.8135,34.1552]]],[[[134.8126,34.1554],[134.8124,34.1554],[134.8123,34.1553],[134.8124,34.1554],[134.8126,34.1554]]],[[[134.8132,34.1553],[134.8132,34.1554],[134.8132,34.1554],[134.8132,34.1553]]],[[[134.8137,34.1554],[134.8137,34.1554],[134.8137,34.1554],[134.8137,34.1554]]],[[[134.8135,34.1559],[134.8135,34.156],[134.8135,34.156],[134.8135,34.1559]]],[[[134.8146,34.1561],[134.8149,34.156],[134.8147,34.1559],[134.8146,34.1561]]],[[[134.8132,34.156],[134.8131,34.156],[134.8132,34.156],[134.8132,34.156]]],[[[134.8153,34.1561],[134.8154,34.156],[134.8153,34.1559],[134.8153,34.1561]]],[[[134.8133,34.1561],[134.8133,34.156],[134.8133,34.1561],[134.8133,34.1561]]],[[[134.8151,34.1562],[134.8151,34.1561],[134.8151,34.1561],[134.8151,34.1562]]],[[[134.8123,34.1562],[134.8123,34.1562],[134.8122,34.1562],[134.8123,34.1562]]],[[[134.8111,34.1566],[134.8111,34.1565],[134.811,34.1566],[134.8111,34.1566]]],[[[134.8109,34.1568],[134.8109,34.1568],[134.811,34.1567],[134.8109,34.1568]]],[[[134.8111,34.1571],[134.811,34.157],[134.811,34.1571],[134.8111,34.1571]]],[[[134.8109,34.1572],[134.8108,34.1572],[134.8107,34.1572],[134.8109,34.1572]]],[[[134.8111,34.1579],[134.8111,34.1579],[134.811,34.158],[134.8111,34.1579]]],[[[134.8113,34.1584],[134.8113,34.1583],[134.8112,34.1584],[134.8113,34.1584]]],[[[134.8117,34.163],[134.8117,34.1631],[134.8118,34.163],[134.8117,34.163]]],[[[134.8119,34.1632],[134.812,34.1631],[134.8119,34.1631],[134.8119,34.1632]]],[[[134.8117,34.1634],[134.8118,34.1634],[134.8117,34.1633],[134.8117,34.1634]]],[[[134.812,34.1662],[134.812,34.1661],[134.812,34.1663],[134.812,34.1662]]],[[[134.8118,34.1665],[134.8118,34.1665],[134.8118,34.1665],[134.8118,34.1665]]],[[[134.8134,34.1674],[134.8133,34.1674],[134.8133,34.1675],[134.8134,34.1674]]],[[[134.8131,34.1677],[134.8132,34.1677],[134.8131,34.1677],[134.8131,34.1677]]],[[[134.8143,34.168],[134.8143,34.168],[134.8143,34.168],[134.8143,34.168]]],[[[134.8145,34.1681],[134.8145,34.1681],[134.8144,34.1682],[134.8145,34.1681]]],[[[134.8153,34.1699],[134.8152,34.1699],[134.8161,34.1716],[134.8153,34.1699]]],[[[134.7389,34.1895],[134.7388,34.1894],[134.7388,34.1895],[134.7389,34.1895]]],[[[134.7388,34.1896],[134.7388,34.1897],[134.7388,34.1896],[134.7388,34.1896]]],[[[134.739,34.1898],[134.739,34.1898],[134.739,34.1897],[134.739,34.1898]]],[[[134.7471,34.1913],[134.7472,34.1911],[134.7462,34.1908],[134.7471,34.1913]]],[[[134.76,34.1951],[134.76,34.1951],[134.7601,34.1951],[134.76,34.1951]]],[[[134.7597,34.1952],[134.7597,34.1953],[134.7597,34.1953],[134.7597,34.1952]]],[[[134.7599,34.1955],[134.7599,34.1954],[134.7598,34.1955],[134.7599,34.1955]]],[[[134.7975,34.1964],[134.7977,34.1965],[134.7986,34.1965],[134.7975,34.1964]]],[[[134.7983,34.1971],[134.7982,34.1972],[134.7985,34.1979],[134.7983,34.1971]]],[[[134.7722,34.1989],[134.7722,34.1988],[134.7721,34.1989],[134.7722,34.1989]]],[[[134.7972,34.1985],[134.8014,34.1995],[134.8033,34.2012],[134.8014,34.1993],[134.7972,34.1985]]],[[[134.7293,34.2058],[134.7307,34.2066],[134.7298,34.2076],[134.728,34.2091],[134.7269,34.2084],[134.7271,34.2094],[134.7226,34.212],[134.7209,34.2109],[134.7224,34.2121],[134.7221,34.2126],[134.7163,34.2158],[134.7009,34.217],[134.7018,34.2187],[134.6999,34.2213],[134.703,34.2289],[134.7067,34.2316],[134.7107,34.2402],[134.7114,34.2394],[134.7147,34.2404],[134.7151,34.2432],[134.7157,34.2418],[134.7177,34.2432],[134.7184,34.2421],[134.7217,34.2415],[134.721,34.2425],[134.7215,34.243],[134.7205,34.2454],[134.7218,34.2503],[134.7201,34.2525],[134.7205,34.2539],[134.7211,34.2541],[134.7227,34.2555],[134.7226,34.2556],[134.7185,34.2553],[134.7181,34.2567],[134.7163,34.2543],[134.7148,34.2539],[134.7163,34.2543],[134.7163,34.2554],[134.7141,34.2541],[134.7134,34.2547],[134.7136,34.2534],[134.7143,34.2537],[134.7129,34.253],[134.7128,34.2544],[134.7108,34.2531],[134.7124,34.2528],[134.7118,34.2525],[134.7083,34.2515],[134.7076,34.2517],[134.7079,34.2521],[134.7077,34.2522],[134.7054,34.2488],[134.706,34.2484],[134.7033,34.2477],[134.7072,34.247],[134.7071,34.2445],[134.7054,34.2442],[134.701,34.2413],[134.7002,34.2444],[134.6951,34.2478],[134.6886,34.2478],[134.6857,34.2469],[134.681,34.2484],[134.674,34.2447],[134.6739,34.2456],[134.6721,34.2468],[134.6678,34.2463],[134.6633,34.2426],[134.6582,34.2407],[134.6594,34.2429],[134.6719,34.2499],[134.676,34.2559],[134.6754,34.257],[134.6746,34.2559],[134.6736,34.2574],[134.6745,34.2589],[134.6722,34.2596],[134.6727,34.2599],[134.6726,34.2608],[134.672,34.2614],[134.6727,34.2621],[134.6731,34.2654],[134.6716,34.2687],[134.6684,34.2688],[134.6688,34.2693],[134.6675,34.2708],[134.669,34.2696],[134.669,34.2718],[134.6611,34.271],[134.6594,34.2724],[134.6596,34.2747],[134.6615,34.2766],[134.6616,34.2789],[134.6613,34.2804],[134.661,34.2803],[134.6627,34.2847],[134.663,34.2881],[134.6583,34.2924],[134.66,34.2927],[134.6593,34.2935],[134.6584,34.2927],[134.6591,34.2934],[134.657,34.2937],[134.6579,34.2917],[134.6565,34.2916],[134.6546,34.2921],[134.6544,34.2939],[134.6568,34.2959],[134.6571,34.296],[134.6579,34.2959],[134.6564,34.2953],[134.6584,34.2946],[134.6622,34.2969],[134.6679,34.3055],[134.6684,34.3071],[134.6721,34.3134],[134.674,34.317],[134.674,34.3173],[134.674,34.3175],[134.6794,34.3185],[134.6821,34.3204],[134.6869,34.3272],[134.6873,34.3289],[134.6864,34.3294],[134.686,34.3294],[134.6874,34.3312],[134.6881,34.33],[134.689,34.3295],[134.6897,34.3294],[134.691,34.3297],[134.6916,34.3296],[134.6899,34.3289],[134.691,34.3271],[134.6918,34.3279],[134.6935,34.3245],[134.6974,34.3239],[134.7012,34.3251],[134.7061,34.3211],[134.7097,34.3211],[134.7188,34.3253],[134.7173,34.3279],[134.7222,34.3302],[134.7241,34.3333],[134.7222,34.3301],[134.723,34.3308],[134.7231,34.3307],[134.7223,34.33],[134.7233,34.3285],[134.7251,34.3293],[134.7247,34.33],[134.726,34.3315],[134.7253,34.3307],[134.7261,34.3302],[134.7279,34.3309],[134.7268,34.3284],[134.7277,34.3299],[134.7301,34.33],[134.7295,34.3306],[134.7275,34.3314],[134.7276,34.3316],[134.7254,34.3324],[134.7252,34.3327],[134.7276,34.3316],[134.7285,34.3327],[134.7277,34.333],[134.7277,34.3331],[134.7291,34.3328],[134.7309,34.3346],[134.7406,34.3524],[134.7422,34.352],[134.7478,34.3541],[134.7565,34.3539],[134.7582,34.3527],[134.7585,34.3484],[134.7614,34.3478],[134.7662,34.3486],[134.7719,34.3514],[134.7742,34.3558],[134.7759,34.3495],[134.7772,34.3483],[134.7838,34.3514],[134.7881,34.3481],[134.8006,34.3485],[134.8012,34.3501],[134.8103,34.3527],[134.8111,34.3548],[134.8152,34.3562],[134.8168,34.3517],[134.8223,34.344],[134.8265,34.3425],[134.8259,34.3388],[134.8357,34.3366],[134.8411,34.333],[134.8424,34.3341],[134.848,34.3328],[134.8403,34.327],[134.8423,34.3252],[134.8429,34.3267],[134.8423,34.3239],[134.8431,34.3239],[134.8439,34.3196],[134.8404,34.3157],[134.8359,34.3188],[134.8348,34.3144],[134.8363,34.3102],[134.8357,34.3078],[134.8395,34.3061],[134.8388,34.3031],[134.8415,34.3002],[134.8411,34.2968],[134.8396,34.2958],[134.8409,34.2917],[134.8442,34.29],[134.8422,34.2868],[134.8415,34.2801],[134.8372,34.2774],[134.8376,34.2741],[134.8346,34.2696],[134.8442,34.2659],[134.8473,34.2657],[134.8497,34.2585],[134.8523,34.2565],[134.8556,34.2567],[134.8571,34.2524],[134.8595,34.2513],[134.8625,34.2473],[134.8682,34.2444],[134.8693,34.2432],[134.8686,34.2417],[134.8715,34.2399],[134.8462,34.231],[134.8332,34.2244],[134.8293,34.2216],[134.8284,34.2201],[134.829,34.2196],[134.827,34.219],[134.8248,34.2158],[134.8149,34.2079],[134.8022,34.2032],[134.8012,34.2025],[134.8025,34.2017],[134.8025,34.2014],[134.7998,34.1995],[134.7946,34.1995],[134.7974,34.1973],[134.7944,34.1996],[134.7846,34.1992],[134.7843,34.1992],[134.7843,34.1991],[134.7843,34.1992],[134.7843,34.1992],[134.7754,34.2005],[134.7631,34.1979],[134.7551,34.1943],[134.7439,34.1918],[134.7461,34.1913],[134.7438,34.1918],[134.7341,34.1887],[134.7293,34.1897],[134.7325,34.1989],[134.7309,34.2022],[134.7312,34.2038],[134.7293,34.2058]]],[[[134.8164,34.1559],[134.8164,34.156],[134.8165,34.1559],[134.8164,34.1559]]],[[[134.8194,34.1561],[134.8196,34.1561],[134.8195,34.156],[134.8194,34.1561]]],[[[134.8196,34.1561],[134.8195,34.1562],[134.8197,34.1562],[134.8196,34.1561]]],[[[134.8196,34.1565],[134.8196,34.1564],[134.8194,34.1564],[134.8196,34.1565]]],[[[134.8206,34.1568],[134.8205,34.1566],[134.8203,34.1566],[134.8206,34.1568]]],[[[134.8173,34.1575],[134.8172,34.1574],[134.8172,34.1575],[134.8173,34.1575]]],[[[134.8173,34.1576],[134.8174,34.1576],[134.8174,34.1575],[134.8173,34.1576]]],[[[134.8255,34.1592],[134.8254,34.1588],[134.8253,34.1587],[134.8255,34.1592]]],[[[134.8272,34.1617],[134.8271,34.1616],[134.8271,34.1618],[134.8272,34.1617]]],[[[134.828,34.1623],[134.8281,34.1622],[134.828,34.1621],[134.828,34.1623]]],[[[134.8284,34.1625],[134.8285,34.1623],[134.8284,34.1623],[134.8284,34.1625]]],[[[134.8287,34.1624],[134.8286,34.1625],[134.8288,34.1625],[134.8287,34.1624]]],[[[134.8289,34.1625],[134.829,34.1626],[134.829,34.1625],[134.8289,34.1625]]],[[[134.8299,34.1637],[134.8299,34.1637],[134.8299,34.1636],[134.8299,34.1637]]],[[[134.8304,34.1641],[134.8305,34.1642],[134.8304,34.164],[134.8304,34.1641]]],[[[134.8306,34.1641],[134.8307,34.1641],[134.8306,34.1641],[134.8306,34.1641]]],[[[134.831,34.1662],[134.8311,34.1661],[134.8311,34.1661],[134.831,34.1661],[134.831,34.1662]]],[[[134.8112,34.1606],[134.8125,34.162],[134.8116,34.1652],[134.8146,34.1677],[134.8146,34.1688],[134.8146,34.1679],[134.8163,34.1682],[134.8165,34.17],[134.8167,34.1676],[134.8196,34.168],[134.8198,34.17],[134.8186,34.1686],[134.8171,34.1684],[134.8171,34.1685],[134.8185,34.1686],[134.8196,34.1699],[134.8172,34.1698],[134.8188,34.1704],[134.8184,34.1712],[134.8186,34.1714],[134.8194,34.1712],[134.8195,34.1722],[134.8198,34.171],[134.8213,34.1702],[134.8222,34.1707],[134.8201,34.1716],[134.8209,34.1739],[134.8191,34.1759],[134.8193,34.1783],[134.8219,34.1795],[134.826,34.1773],[134.8258,34.1756],[134.8267,34.174],[134.8309,34.1718],[134.8306,34.1645],[134.8235,34.1598],[134.8231,34.1573],[134.8191,34.1569],[134.8178,34.1579],[134.8166,34.1572],[134.816,34.1557],[134.8159,34.1563],[134.8139,34.1566],[134.8126,34.1562],[134.8111,34.1572],[134.8116,34.1585],[134.8112,34.1606]]],[[[134.8311,34.1707],[134.8312,34.1707],[134.8311,34.1707],[134.8311,34.1707]]],[[[134.8195,34.1726],[134.82,34.173],[134.8197,34.1728],[134.8195,34.1726]]],[[[134.8199,34.1732],[134.82,34.1731],[134.8199,34.1731],[134.8199,34.1732]]],[[[134.8205,34.1736],[134.8205,34.1736],[134.8205,34.1736],[134.8205,34.1736]]],[[[134.8198,34.1742],[134.82,34.1741],[134.8199,34.174],[134.8198,34.1742]]],[[[134.8192,34.1757],[134.8191,34.1756],[134.8192,34.1756],[134.8192,34.1757]]],[[[134.8261,34.1759],[134.8262,34.1758],[134.8261,34.1759],[134.8261,34.1759]]],[[[134.8261,34.176],[134.8262,34.176],[134.8261,34.176],[134.8261,34.176]]],[[[134.8261,34.1762],[134.826,34.1762],[134.826,34.1763],[134.8261,34.1762]]],[[[134.8265,34.1769],[134.8264,34.1769],[134.8265,34.1769],[134.8265,34.1769]]],[[[134.8263,34.1769],[134.8263,34.1769],[134.8263,34.177],[134.8263,34.1769]]],[[[134.8257,34.1778],[134.8257,34.1777],[134.8256,34.1778],[134.8257,34.1778]]],[[[134.8245,34.1781],[134.8246,34.1782],[134.8246,34.1782],[134.8245,34.1781]]],[[[134.8245,34.1785],[134.8244,34.1785],[134.8244,34.1786],[134.8245,34.1785]]],[[[134.8232,34.1791],[134.8232,34.179],[134.823,34.1791],[134.8232,34.1791]]],[[[134.8236,34.1792],[134.8236,34.1792],[134.8236,34.1792],[134.8236,34.1792]]],[[[134.8211,34.1796],[134.821,34.1797],[134.821,34.1797],[134.8211,34.1796]]],[[[134.8216,34.1798],[134.8217,34.1798],[134.8217,34.1798],[134.8216,34.1798]]],[[[134.8315,34.223],[134.8316,34.223],[134.8316,34.223],[134.8315,34.223]]]]}},{"type":"Feature","properties":{"code":"28226","name":"淡路市","pref_code":"28","pref":"兵庫県"},"geometry":{"type":"MultiPolygon","coordinates":[[[[134.8948,34.3978],[134.8948,34.3978],[134.8948,34.3978],[134.8948,34.3978]]],[[[134.8948,34.3979],[134.8947,34.3979],[134.8947,34.398],[134.8948,34.3979]]],[[[134.8949,34.398],[134.8949,34.398],[134.8949,34.398],[134.8949,34.398]]],[[[134.8947,34.398],[134.8947,34.3981],[134.8948,34.398],[134.8947,34.398]]],[[[134.8949,34.3982],[134.895,34.3982],[134.8949,34.3982],[134.8949,34.3982]]],[[[134.8947,34.3983],[134.8947,34.3983],[134.8947,34.3983],[134.8947,34.3983]]],[[[134.8953,34.4003],[134.8952,34.4003],[134.8952,34.4004],[134.8953,34.4003]]],[[[134.8954,34.4004],[134.8954,34.4004],[134.8954,34.4004],[134.8954,34.4004]]],[[[134.8953,34.4006],[134.8952,34.4005],[134.8952,34.4006],[134.8953,34.4006]]],[[[134.8955,34.4007],[134.8956,34.4007],[134.8955,34.4007],[134.8955,34.4007]]],[[[134.8954,34.401],[134.8954,34.4009],[134.8954,34.401],[134.8954,34.401]]],[[[134.8966,34.403],[134.8966,34.403],[134.8967,34.403],[134.8966,34.403]]],[[[134.8978,34.4064],[134.8978,34.4064],[134.8978,34.4064],[134.8978,34.4064]]],[[[134.8186,34.4693],[134.8186,34.4693],[134.8186,34.4693],[134.8186,34.4693]]],[[[134.8398,34.4713],[134.8392,34.4711],[134.8403,34.4721],[134.8398,34.4713]]],[[[134.8411,34.4731],[134.8406,34.4725],[134.8406,34.4725],[134.8411,34.4731]]],[[[134.8412,34.4737],[134.8413,34.4736],[134.8411,34.4734],[134.8412,34.4737]]],[[[134.8443,34.476],[134.8443,34.476],[134.8447,34.4763],[134.8443,34.476]]],[[[134.8766,34.5222],[134.8769,34.5221],[134.8769,34.5221],[134.8766,34.5222]]],[[[134.8958,34.5311],[134.8941,34.5309],[134.8922,34.5309],[134.8958,34.5311]]],[[[134.898,34.4062],[134.898,34.4062],[134.8979,34.4062],[134.898,34.4062]]],[[[134.8979,34.4063],[134.8979,34.4063],[134.8979,34.4063],[134.8979,34.4063]]],[[[134.898,34.4064],[134.8979,34.4064],[134.8979,34.4064],[134.898,34.4064]]],[[[134.8979,34.4064],[134.8979,34.4064],[134.8979,34.4064],[134.8979,34.4064]]],[[[134.898,34.4064],[134.898,34.4064],[134.898,34.4064],[134.898,34.4064]]],[[[134.8978,34.4064],[134.8978,34.4064],[134.8978,34.4064],[134.8978,34.4064]]],[[[134.8979,34.4064],[134.8979,34.4064],[134.8979,34.4064],[134.8979,34.4064]]],[[[134.8979,34.4064],[134.8978,34.4065],[134.8978,34.4065],[134.8979,34.4064]]],[[[134.898,34.4065],[134.898,34.4065],[134.898,34.4065],[134.898,34.4065]]],[[[134.8979,34.4065],[134.8979,34.4065],[134.8978,34.4065],[134.8979,34.4065]]],[[[134.898,34.4067],[134.8979,34.4067],[134.898,34.4067],[134.898,34.4067]]],[[[134.8985,34.4078],[134.8985,34.4078],[134.8985,34.4078],[134.8985,34.4078]]],[[[134.8984,34.4078],[134.8984,34.4078],[134.8984,34.4078],[134.8984,34.4078]]],[[[134.8985,34.4079],[134.8985,34.4079],[134.8985,34.4079],[134.8985,34.4079]]],[[[134.8988,34.4086],[134.8988,34.4086],[134.8988,34.4086],[134.8988,34.4086]]],[[[134.8988,34.4088],[134.8988,34.4088],[134.8988,34.4088],[134.8988,34.4088]]],[[[134.8999,34.4124],[134.8999,34.4125],[134.9004,34.4131],[134.8999,34.4124]]],[[[134.9101,34.4351],[134.9101,34.4346],[134.91,34.4347],[134.9101,34.4351]]],[[[134.8793,34.3938],[134.8812,34.4036],[134.878,34.4073],[134.8776,34.4094],[134.8744,34.412],[134.8723,34.4109],[134.869,34.4135],[134.8638,34.4136],[134.8631,34.4107],[134.8582,34.4039],[134.8525,34.4016],[134.8453,34.4063],[134.8461,34.4063],[134.8456,34.4079],[134.8418,34.4119],[134.8422,34.4162],[134.8444,34.4186],[134.8432,34.4203],[134.8396,34.4219],[134.836,34.4225],[134.8351,34.4214],[134.8331,34.4222],[134.8272,34.4201],[134.8213,34.4201],[134.819,34.4221],[134.8142,34.422],[134.8124,34.4265],[134.8099,34.426],[134.8066,34.423],[134.8052,34.424],[134.8003,34.4236],[134.7959,34.4264],[134.7879,34.4272],[134.79,34.429],[134.7978,34.449],[134.8002,34.4503],[134.7984,34.4492],[134.8004,34.4483],[134.8012,34.4486],[134.8001,34.4497],[134.8014,34.4486],[134.8039,34.4503],[134.8063,34.455],[134.8108,34.46],[134.8156,34.4622],[134.8188,34.4695],[134.8241,34.467],[134.8275,34.469],[134.8281,34.4682],[134.8286,34.4692],[134.8302,34.4705],[134.8264,34.4662],[134.8279,34.4658],[134.8289,34.4684],[134.829,34.4676],[134.8301,34.4685],[134.8298,34.4676],[134.8308,34.4675],[134.8302,34.4695],[134.8314,34.4686],[134.8311,34.4662],[134.8348,34.4663],[134.837,34.4679],[134.8364,34.4689],[134.8383,34.4688],[134.8399,34.47],[134.8398,34.4712],[134.8427,34.4725],[134.8415,34.4735],[134.8426,34.4737],[134.8425,34.4739],[134.8425,34.4743],[134.8433,34.4778],[134.8427,34.4736],[134.8448,34.4752],[134.8435,34.4757],[134.8449,34.4753],[134.8465,34.4764],[134.8448,34.4763],[134.8453,34.4771],[134.8441,34.4776],[134.8471,34.477],[134.8548,34.4889],[134.8575,34.4947],[134.857,34.4967],[134.858,34.4985],[134.8572,34.4968],[134.859,34.4962],[134.8604,34.4993],[134.8597,34.4995],[134.8589,34.4977],[134.8583,34.4979],[134.8596,34.4996],[134.8608,34.4993],[134.8638,34.5058],[134.8673,34.509],[134.8694,34.5133],[134.8738,34.5154],[134.8753,34.5179],[134.8745,34.5185],[134.8744,34.519],[134.878,34.5254],[134.8745,34.5187],[134.8753,34.5181],[134.8786,34.5246],[134.8807,34.5238],[134.8824,34.5245],[134.8844,34.5278],[134.887,34.5289],[134.8876,34.5314],[134.8901,34.5314],[134.8927,34.5322],[134.8932,34.5322],[134.8901,34.5314],[134.8877,34.5313],[134.8878,34.5303],[134.8918,34.5307],[134.8897,34.5292],[134.8932,34.5292],[134.8956,34.5306],[134.8957,34.5291],[134.8986,34.5292],[134.9063,34.5337],[134.9069,34.5355],[134.9094,34.5373],[134.9093,34.5362],[134.9089,34.5356],[134.909,34.5367],[134.9076,34.5359],[134.9086,34.5353],[134.9078,34.5342],[134.9065,34.5337],[134.9086,34.5337],[134.9095,34.5355],[134.91,34.535],[134.912,34.5369],[134.9135,34.536],[134.92,34.5451],[134.9222,34.5466],[134.9288,34.5495],[134.9296,34.5498],[134.9304,34.5493],[134.9317,34.5498],[134.9325,34.5511],[134.9317,34.5498],[134.9303,34.5493],[134.9288,34.5494],[134.9291,34.5489],[134.9299,34.5491],[134.9299,34.5488],[134.9286,34.5478],[134.9307,34.5472],[134.9341,34.5495],[134.9325,34.5496],[134.9331,34.5502],[134.9351,34.5494],[134.9386,34.5552],[134.9395,34.5548],[134.9435,34.5594],[134.9446,34.56],[134.9439,34.559],[134.9446,34.5588],[134.9473,34.5609],[134.9507,34.5659],[134.9602,34.5756],[134.966,34.5863],[134.9699,34.5893],[134.976,34.5977],[134.9822,34.6009],[134.9841,34.6036],[134.9923,34.6071],[135.0022,34.6092],[135.005,34.6077],[135.0078,34.6033],[135.0095,34.6026],[135.0109,34.6013],[135.0095,34.6009],[135.014,34.5937],[135.0139,34.5962],[135.0173,34.5905],[135.0189,34.5896],[135.0197,34.5899],[135.0189,34.5913],[135.0197,34.5902],[135.0213,34.591],[135.021,34.5898],[135.0225,34.588],[135.0225,34.5895],[135.0235,34.5892],[135.0225,34.5901],[135.0236,34.5892],[135.0228,34.5836],[135.0242,34.5812],[135.0232,34.5807],[135.025,34.5811],[135.0257,34.5761],[135.0183,34.5652],[135.0135,34.5601],[135.0057,34.5552],[135.0019,34.5504],[134.9993,34.552],[134.9983,34.5509],[134.9997,34.5493],[135.0018,34.5495],[134.9972,34.5455],[134.9955,34.5456],[134.9959,34.5431],[134.9942,34.5432],[134.9942,34.5413],[134.996,34.5412],[134.9964,34.5429],[134.9967,34.5435],[134.9967,34.5434],[134.9963,34.5415],[134.9958,34.5409],[134.9946,34.5408],[134.9949,34.5369],[134.9937,34.5347],[134.9931,34.5278],[134.9944,34.5248],[134.9935,34.5249],[134.9922,34.5214],[134.9917,34.5215],[134.9925,34.5211],[134.9918,34.5213],[134.989,34.5172],[134.9906,34.5165],[134.9885,34.5146],[134.989,34.5153],[134.988,34.5153],[134.9881,34.514],[134.9865,34.5134],[134.9874,34.5128],[134.986,34.5127],[134.9872,34.5126],[134.987,34.5113],[134.9888,34.5117],[134.9857,34.5108],[134.9851,34.5114],[134.9836,34.5106],[134.9812,34.5081],[134.98,34.5057],[134.9796,34.5034],[134.9765,34.5001],[134.9585,34.4889],[134.9462,34.4731],[134.943,34.4659],[134.9343,34.4584],[134.938,34.4598],[134.9398,34.4587],[134.9406,34.4592],[134.9343,34.4548],[134.9258,34.4458],[134.9242,34.4477],[134.9255,34.4501],[134.9237,34.4511],[134.922,34.4493],[134.9225,34.449],[134.9219,34.4486],[134.9223,34.4483],[134.9226,34.448],[134.9226,34.4476],[134.9225,34.4473],[134.9224,34.4472],[134.9204,34.4459],[134.9225,34.4475],[134.921,34.4485],[134.9193,34.4472],[134.9204,34.4466],[134.917,34.4455],[134.9168,34.4446],[134.9193,34.4439],[134.9226,34.445],[134.9249,34.4441],[134.9148,34.4335],[134.9159,34.4348],[134.9108,34.4374],[134.9105,34.4341],[134.9104,34.4352],[134.909,34.4352],[134.9081,34.4342],[134.909,34.4336],[134.9081,34.4342],[134.9088,34.4326],[134.9065,34.4335],[134.9054,34.4324],[134.9064,34.4316],[134.9053,34.4322],[134.9036,34.4302],[134.9051,34.4291],[134.9084,34.4313],[134.9112,34.4297],[134.9025,34.4204],[134.9008,34.422],[134.899,34.4197],[134.901,34.4186],[134.9021,34.4194],[134.903,34.4194],[134.9011,34.4186],[134.8997,34.4134],[134.8953,34.4175],[134.8961,34.4132],[134.8969,34.414],[134.8967,34.4126],[134.8976,34.4127],[134.8982,34.4127],[134.8967,34.4125],[134.8958,34.4131],[134.8969,34.4113],[134.8983,34.4107],[134.8985,34.4123],[134.8996,34.4126],[134.8979,34.4067],[134.8979,34.4066],[134.8979,34.4066],[134.8979,34.4066],[134.897,34.4037],[134.8954,34.4012],[134.8952,34.4006],[134.8947,34.399],[134.8914,34.3985],[134.889,34.3959],[134.8872,34.3963],[134.8793,34.3938]]],[[[134.9098,34.5365],[134.9098,34.5366],[134.9119,34.5375],[134.9123,34.5375],[134.9098,34.5365]]],[[[134.9145,34.432],[134.9114,34.4299],[134.9132,34.4312],[134.9145,34.432]]],[[[134.915,34.432],[134.9147,34.432],[134.9149,34.432],[134.9158,34.4319],[134.915,34.432]]],[[[134.9149,34.4343],[134.9149,34.4343],[134.9154,34.435],[134.9149,34.4343]]],[[[134.9247,34.4447],[134.9251,34.4449],[134.9259,34.4451],[134.9247,34.4447]]],[[[134.9798,34.504],[134.9797,34.504],[134.9798,34.504],[134.9798,34.504]]],[[[134.9903,34.5152],[134.9919,34.5169],[134.988,34.5121],[134.9903,34.5152]]],[[[134.9929,34.52],[134.9935,34.52],[134.9935,34.5199],[134.9929,34.52]]],[[[134.9933,34.5219],[134.9933,34.5211],[134.9922,34.5214],[134.9933,34.5219]]],[[[134.9938,34.5208],[134.9936,34.5203],[134.995,34.5249],[134.9951,34.5248],[134.9938,34.5208]]],[[[134.9983,34.5447],[134.9973,34.5431],[134.9977,34.5439],[134.9983,34.5447]]],[[[134.9968,34.5451],[134.9969,34.545],[134.9968,34.545],[134.9968,34.5451]]],[[[135.0112,34.5567],[135.0117,34.5579],[135.0127,34.557],[135.0125,34.5568],[135.0112,34.5567]]],[[[135.0215,34.5897],[135.0213,34.5899],[135.0219,34.5901],[135.0215,34.5897]]],[[[135.0213,34.59],[135.0213,34.59],[135.0213,34.59],[135.0213,34.59]]],[[[135.02,34.591],[135.0202,34.5907],[135.02,34.5906],[135.02,34.591]]],[[[135.0222,34.5907],[135.0186,34.5924],[135.0206,34.592],[135.0222,34.5907]]],[[[135.0181,34.5921],[135.0181,34.592],[135.017,34.5919],[135.0157,34.5935],[135.0181,34.5921]]],[[[135.0135,34.5969],[135.014,34.5962],[135.0124,34.5982],[135.0135,34.5969]]],[[[135.0116,34.6],[135.0113,34.6008],[135.0118,34.6],[135.0116,34.6]]]]}},{"type":"Feature","properties":{"code":"28229","name":"たつの市","pref_code":"28","pref":"兵庫県"},"geometry":{"type":"MultiPolygon","coordinates":[[[[134.4936,34.7411],[134.4937,34.74],[134.4931,34.7396],[134.4926,34.7411],[134.4936,34.7411]]],[[[134.4949,34.7429],[134.4954,34.7424],[134.4946,34.7424],[134.4949,34.7429]]],[[[134.4753,34.7528],[134.4759,34.7521],[134.4757,34.7513],[134.4753,34.7528]]],[[[134.4759,34.7523],[134.4759,34.7523],[134.476,34.7523],[134.4759,34.7523]]],[[[134.4786,34.7575],[134.4786,34.7575],[134.4786,34.7575],[134.4786,34.7575]]],[[[134.4785,34.7576],[134.4786,34.7576],[134.4785,34.7575],[134.4785,34.7576]]],[[[134.4786,34.7576],[134.4787,34.7577],[134.4787,34.7576],[134.4786,34.7576]]],[[[134.4812,34.7598],[134.4812,34.7597],[134.4812,34.7597],[134.4812,34.7598]]],[[[134.4812,34.7598],[134.4812,34.7598],[134.4812,34.7598],[134.4812,34.7598]]],[[[134.4825,34.7639],[134.4825,34.764],[134.4825,34.764],[134.4825,34.7639]]],[[[134.4825,34.7641],[134.4825,34.7641],[134.4825,34.7641],[134.4825,34.7641]]],[[[134.4825,34.7643],[134.4825,34.7643],[134.4825,34.7643],[134.4825,34.7643]]],[[[134.4824,34.7644],[134.4824,34.7644],[134.4824,34.7644],[134.4824,34.7644]]],[[[134.4824,34.7645],[134.4824,34.7645],[134.4824,34.7645],[134.4824,34.7645]]],[[[134.4815,34.7662],[134.4814,34.7662],[134.4815,34.7662],[134.4815,34.7662]]],[[[134.4818,34.7665],[134.4817,34.7665],[134.4818,34.7665],[134.4818,34.7665]]],[[[134.4922,34.7688],[134.4922,34.7688],[134.4922,34.7688],[134.4922,34.7688]]],[[[134.4957,34.7426],[134.4958,34.7428],[134.4958,34.7427],[134.4957,34.7426]]],[[[134.496,34.7428],[134.496,34.7427],[134.4959,34.7428],[134.496,34.7428]]],[[[134.4983,34.7495],[134.5001,34.7492],[134.4987,34.7482],[134.4983,34.7495]]],[[[134.5577,34.7664],[134.557,34.7657],[134.5578,34.7668],[134.5577,34.7664]]],[[[134.5096,34.7668],[134.5096,34.7669],[134.5096,34.7668],[134.5096,34.7668]]],[[[134.5582,34.7668],[134.558,34.7669],[134.5584,34.7672],[134.5582,34.7668]]],[[[134.4985,34.7682],[134.5005,34.767],[134.4983,34.7682],[134.4985,34.7682]]],[[[134.5581,34.7688],[134.5578,34.7684],[134.5577,34.7684],[134.5581,34.7688]]],[[[134.5399,34.7693],[134.5396,34.7691],[134.5394,34.7694],[134.5399,34.7693]]],[[[134.5002,34.7699],[134.4997,34.7687],[134.4998,34.7686],[134.4996,34.7687],[134.5002,34.7699]]],[[[134.5407,34.7701],[134.5409,34.7702],[134.5408,34.7701],[134.5407,34.7701]]],[[[134.5449,34.7718],[134.545,34.7717],[134.5449,34.7717],[134.5449,34.7718]]],[[[134.5516,34.7719],[134.5517,34.7719],[134.5516,34.7719],[134.5516,34.7719]]],[[[134.5513,34.772],[134.5513,34.772],[134.5513,34.772],[134.5513,34.772]]],[[[134.5195,34.7737],[134.5195,34.7737],[134.5195,34.7737],[134.5195,34.7737]]],[[[134.536,34.7749],[134.5363,34.775],[134.5361,34.7747],[134.536,34.7749]]],[[[134.4899,35.0079],[134.4894,35.0069],[134.4929,35.0048],[134.491,35.0047],[134.4906,35.0031],[134.4874,35.0001],[134.5034,35.0031],[134.5116,35.0009],[134.5126,34.9994],[134.5107,34.9987],[134.5104,34.997],[134.5086,34.9967],[134.5105,34.9929],[134.509,34.9915],[134.5084,34.9877],[134.515,34.9809],[134.5152,34.9775],[134.5176,34.9744],[134.5237,34.9745],[134.5282,34.9731],[134.5358,34.968],[134.5414,34.9688],[134.5449,34.9723],[134.5489,34.9742],[134.549,34.9754],[134.5526,34.9749],[134.5536,34.9724],[134.5482,34.9679],[134.5488,34.9558],[134.5545,34.953],[134.5625,34.9558],[134.5662,34.9539],[134.5704,34.9543],[134.5703,34.9507],[134.5725,34.948],[134.5726,34.9419],[134.5738,34.9406],[134.5733,34.9351],[134.5679,34.9305],[134.5685,34.9246],[134.5702,34.9207],[134.5686,34.9169],[134.5713,34.9149],[134.5719,34.9114],[134.5667,34.9094],[134.5658,34.9057],[134.5635,34.9028],[134.5704,34.8981],[134.5711,34.8964],[134.5695,34.8947],[134.572,34.8954],[134.573,34.897],[134.5736,34.8944],[134.5747,34.8955],[134.5805,34.8963],[134.5819,34.8946],[134.5856,34.8964],[134.588,34.8947],[134.5894,34.897],[134.5931,34.8984],[134.5966,34.8969],[134.598,34.8949],[134.5972,34.8894],[134.598,34.8874],[134.5967,34.8831],[134.5984,34.8804],[134.5915,34.8762],[134.5916,34.8732],[134.5874,34.8704],[134.5886,34.8687],[134.5845,34.864],[134.5852,34.8606],[134.5815,34.8571],[134.5818,34.8547],[134.5788,34.8532],[134.5766,34.845],[134.5681,34.8423],[134.566,34.8446],[134.5601,34.8379],[134.5611,34.8336],[134.5604,34.8317],[134.5567,34.8291],[134.5576,34.8238],[134.5559,34.8193],[134.5574,34.816],[134.5575,34.8093],[134.5597,34.8053],[134.5697,34.7964],[134.5729,34.7896],[134.5738,34.7793],[134.5705,34.7727],[134.5714,34.7655],[134.5699,34.758],[134.5652,34.7611],[134.566,34.7573],[134.5651,34.7611],[134.5583,34.7642],[134.5595,34.7695],[134.5582,34.7703],[134.5541,34.7722],[134.5479,34.7732],[134.5425,34.7718],[134.5408,34.7702],[134.5395,34.771],[134.5397,34.773],[134.5374,34.7749],[134.5326,34.7755],[134.5318,34.7788],[134.5275,34.7808],[134.5303,34.7804],[134.5308,34.7818],[134.5275,34.7829],[134.5249,34.7789],[134.5249,34.7797],[134.5229,34.7792],[134.5182,34.772],[134.5136,34.7697],[134.5133,34.7678],[134.5113,34.7682],[134.5097,34.7673],[134.5086,34.7657],[134.5089,34.7632],[134.5072,34.7635],[134.5047,34.7612],[134.502,34.7618],[134.5036,34.7633],[134.5008,34.7679],[134.5019,34.7666],[134.5054,34.7661],[134.5045,34.768],[134.5007,34.769],[134.5026,34.7709],[134.502,34.7728],[134.5034,34.773],[134.4999,34.7745],[134.4964,34.7707],[134.4948,34.7717],[134.493,34.7712],[134.4932,34.7697],[134.4923,34.7693],[134.4918,34.7685],[134.4923,34.7674],[134.4913,34.7661],[134.4887,34.7671],[134.4893,34.7685],[134.4874,34.7692],[134.4822,34.7672],[134.4813,34.7663],[134.4812,34.7659],[134.4824,34.7638],[134.4802,34.7617],[134.4812,34.7599],[134.4743,34.7552],[134.4761,34.7605],[134.4752,34.7618],[134.4778,34.7648],[134.4759,34.7671],[134.4764,34.7713],[134.4803,34.7723],[134.4827,34.776],[134.4879,34.7764],[134.4925,34.779],[134.496,34.7794],[134.4983,34.7806],[134.4994,34.7829],[134.5028,34.7842],[134.5012,34.7891],[134.4981,34.7933],[134.4977,34.7964],[134.4992,34.7999],[134.502,34.8017],[134.501,34.81],[134.5037,34.8132],[134.4981,34.8225],[134.4983,34.8303],[134.4909,34.826],[134.4876,34.8257],[134.4803,34.8332],[134.4793,34.8353],[134.4812,34.8389],[134.4802,34.8413],[134.475,34.8419],[134.4759,34.8454],[134.4745,34.8477],[134.4712,34.8492],[134.4674,34.8477],[134.4651,34.8482],[134.4644,34.8515],[134.4657,34.8563],[134.4646,34.8569],[134.4639,34.8614],[134.4656,34.8638],[134.4702,34.8632],[134.4725,34.8652],[134.4757,34.8651],[134.4785,34.8685],[134.4809,34.8694],[134.4841,34.8772],[134.4828,34.8793],[134.4864,34.8789],[134.4884,34.8822],[134.4922,34.883],[134.4921,34.8841],[134.4882,34.8865],[134.488,34.8889],[134.4902,34.891],[134.4944,34.8913],[134.496,34.8935],[134.4888,34.9001],[134.4912,34.9018],[134.4914,34.9047],[134.4856,34.9068],[134.4837,34.9105],[134.4796,34.9116],[134.4806,34.9147],[134.4799,34.9168],[134.4852,34.9176],[134.4868,34.9193],[134.4861,34.922],[134.4749,34.9213],[134.4719,34.9155],[134.4707,34.9077],[134.4685,34.9082],[134.4689,34.9094],[134.4677,34.9102],[134.4626,34.9089],[134.4609,34.9104],[134.459,34.9092],[134.4574,34.9102],[134.4531,34.9088],[134.4486,34.909],[134.4488,34.911],[134.4473,34.9134],[134.4479,34.9156],[134.45,34.9158],[134.4517,34.92],[134.4512,34.9226],[134.45,34.9222],[134.4481,34.9251],[134.447,34.925],[134.446,34.9275],[134.4473,34.9276],[134.4489,34.9316],[134.4458,34.9312],[134.4436,34.9406],[134.4386,34.9393],[134.4376,34.9423],[134.4335,34.9453],[134.4313,34.9463],[134.4295,34.9454],[134.4303,34.9477],[134.4268,34.9499],[134.4267,34.9515],[134.4284,34.9555],[134.4306,34.9559],[134.4313,34.9595],[134.4356,34.9609],[134.4394,34.9663],[134.4441,34.9668],[134.4517,34.9705],[134.4521,34.9695],[134.455,34.9696],[134.46,34.9709],[134.4632,34.9687],[134.4673,34.9776],[134.4759,34.9789],[134.4755,34.9805],[134.4739,34.9809],[134.4731,34.9854],[134.4736,34.9879],[134.4768,34.9905],[134.4759,34.9936],[134.4797,34.9967],[134.4796,34.9993],[134.4831,35.0057],[134.4872,35.0077],[134.4872,35.0087],[134.4899,35.0079]]]]}},{"type":"Feature","properties":{"code":"28382","name":"播磨町","pref_code":"28","pref":"兵庫県"},"geometry":{"type":"MultiPolygon","coordinates":[[[[134.8617,34.6972],[134.8666,34.6964],[134.8629,34.6899],[134.8574,34.692],[134.8617,34.6972]]],[[[134.8697,34.7014],[134.8683,34.6992],[134.8638,34.7007],[134.8649,34.7028],[134.8697,34.7014]]],[[[134.8581,34.7105],[134.8621,34.7074],[134.8583,34.6998],[134.8533,34.6942],[134.8365,34.6973],[134.84,34.6967],[134.8459,34.7082],[134.8531,34.7057],[134.8544,34.7082],[134.8471,34.7107],[134.8479,34.7122],[134.857,34.7098],[134.8581,34.7105]]],[[[134.8831,34.7277],[134.8839,34.728],[134.8838,34.7261],[134.8916,34.7199],[134.8888,34.7203],[134.8892,34.7195],[134.8852,34.7188],[134.8846,34.7159],[134.8806,34.7102],[134.8756,34.7085],[134.8705,34.7028],[134.8641,34.7077],[134.8664,34.7075],[134.8644,34.7094],[134.8635,34.7073],[134.8627,34.7095],[134.858,34.7119],[134.8592,34.713],[134.8584,34.7138],[134.8575,34.7118],[134.8526,34.7137],[134.8538,34.7146],[134.8502,34.716],[134.8495,34.7148],[134.8516,34.7141],[134.8473,34.7153],[134.8491,34.7182],[134.8493,34.7212],[134.8522,34.7213],[134.851,34.7221],[134.853,34.7227],[134.8535,34.7257],[134.8571,34.7257],[134.8599,34.727],[134.8613,34.7263],[134.8648,34.7282],[134.8677,34.727],[134.869,34.7281],[134.8712,34.7272],[134.8722,34.728],[134.8741,34.727],[134.8771,34.729],[134.8792,34.7259],[134.8808,34.7263],[134.8788,34.7285],[134.8799,34.7303],[134.8831,34.7277]]]]}},{"type":"Feature","properties":{"code":"28585","name":"香美町","pref_code":"28","pref":"兵庫県"},"geometry":{"type":"MultiPolygon","coordinates":[[[[134.5496,35.66],[134.5496,35.6602],[134.5496,35.6602],[134.5496,35.66]]],[[[134.5495,35.6602],[134.5495,35.6602],[134.5495,35.6602],[134.5495,35.6602]]],[[[134.5495,35.6603],[134.5495,35.6603],[134.5494,35.6603],[134.5495,35.6603]]],[[[134.5493,35.6604],[134.5493,35.6605],[134.5493,35.6604],[134.5493,35.6604]]],[[[134.5492,35.6614],[134.5491,35.6613],[134.5491,35.6615],[134.5492,35.6614]]],[[[134.5489,35.6614],[134.5489,35.6615],[134.549,35.6615],[134.5489,35.6614]]],[[[134.5492,35.6616],[134.5492,35.6615],[134.5492,35.6615],[134.5492,35.6616]]],[[[134.5489,35.6616],[134.549,35.6616],[134.549,35.6615],[134.5489,35.6616]]],[[[134.5491,35.6621],[134.549,35.662],[134.5491,35.6621],[134.5491,35.6621]]],[[[134.549,35.6621],[134.5491,35.6622],[134.5491,35.6621],[134.549,35.6621]]],[[[134.5472,35.6639],[134.5473,35.6638],[134.5472,35.6638],[134.5472,35.6639]]],[[[134.5473,35.6638],[134.5473,35.6639],[134.5474,35.6639],[134.5473,35.6638]]],[[[134.5477,35.664],[134.5477,35.664],[134.5478,35.6641],[134.5477,35.664]]],[[[134.5476,35.6641],[134.5475,35.6641],[134.5476,35.6641],[134.5476,35.6641]]],[[[134.5471,35.6643],[134.547,35.6643],[134.5471,35.6643],[134.5471,35.6643]]],[[[134.547,35.6643],[134.547,35.6644],[134.547,35.6644],[134.547,35.6643]]],[[[134.5466,35.6644],[134.5466,35.6644],[134.5465,35.6644],[134.5466,35.6644]]],[[[134.5223,35.6645],[134.5222,35.6644],[134.5222,35.6645],[134.5223,35.6645]]],[[[134.5467,35.6646],[134.5467,35.6645],[134.5467,35.6645],[134.5467,35.6646]]],[[[134.5462,35.6648],[134.5462,35.6649],[134.5462,35.6648],[134.5462,35.6648]]],[[[134.5461,35.6648],[134.5462,35.6649],[134.5462,35.6648],[134.5461,35.6648]]],[[[134.5224,35.665],[134.5223,35.6651],[134.5224,35.6651],[134.5224,35.665]]],[[[134.5465,35.6651],[134.5464,35.6652],[134.5465,35.6653],[134.5465,35.6651]]],[[[134.5458,35.6656],[134.5459,35.6656],[134.5458,35.6656],[134.5458,35.6656]]],[[[134.5456,35.6656],[134.5456,35.6656],[134.5456,35.6656],[134.5456,35.6656]]],[[[134.5455,35.6657],[134.5454,35.6656],[134.5454,35.6657],[134.5455,35.6657]]],[[[134.5453,35.6657],[134.5453,35.6657],[134.5453,35.6657],[134.5453,35.6657]]],[[[134.5449,35.6659],[134.5449,35.6659],[134.5448,35.6659],[134.5449,35.6659]]],[[[134.5452,35.666],[134.5452,35.666],[134.5453,35.6659],[134.5452,35.666]]],[[[134.5447,35.6659],[134.5448,35.666],[134.5448,35.6659],[134.5447,35.6659]]],[[[134.5446,35.666],[134.5446,35.666],[134.5446,35.666],[134.5446,35.666]]],[[[134.5446,35.6661],[134.5446,35.666],[134.5446,35.666],[134.5446,35.6661]]],[[[134.5445,35.6661],[134.5445,35.6661],[134.5445,35.6661],[134.5445,35.6661]]],[[[134.5171,35.6664],[134.517,35.6665],[134.5171,35.6665],[134.5171,35.6664]]],[[[134.5442,35.6667],[134.5442,35.6667],[134.5442,35.6667],[134.5442,35.6667]]],[[[134.5322,35.6667],[134.5321,35.6668],[134.5322,35.6667],[134.5322,35.6667]]],[[[134.5224,35.6669],[134.5224,35.6669],[134.5225,35.6668],[134.5224,35.6669]]],[[[134.5166,35.6668],[134.5166,35.6669],[134.5167,35.6668],[134.5166,35.6668]]],[[[134.5226,35.6669],[134.5225,35.6668],[134.5225,35.6669],[134.5226,35.6669]]],[[[134.5228,35.6669],[134.5228,35.6669],[134.5229,35.6669],[134.5228,35.6669]]],[[[134.5443,35.6669],[134.5443,35.667],[134.5443,35.6669],[134.5443,35.6669]]],[[[134.5333,35.667],[134.5332,35.6669],[134.5332,35.667],[134.5333,35.667]]],[[[134.5442,35.667],[134.5442,35.667],[134.5442,35.667],[134.5442,35.667]]],[[[134.5236,35.667],[134.5236,35.667],[134.5237,35.667],[134.5236,35.667]]],[[[134.5269,35.6669],[134.5269,35.6669],[134.5266,35.6671],[134.5269,35.6669]]],[[[134.5442,35.667],[134.5443,35.667],[134.5443,35.667],[134.5442,35.667]]],[[[134.5241,35.6672],[134.5241,35.667],[134.5239,35.6671],[134.5241,35.6672]]],[[[134.5236,35.6671],[134.5235,35.6672],[134.5236,35.6672],[134.5236,35.6671]]],[[[134.5256,35.6672],[134.5254,35.6671],[134.5255,35.6674],[134.5256,35.6672]]],[[[134.5438,35.6673],[134.5438,35.6673],[134.5438,35.6673],[134.5438,35.6673]]],[[[134.5253,35.6673],[134.5252,35.6673],[134.5252,35.6673],[134.5253,35.6673]]],[[[134.5349,35.6674],[134.535,35.6674],[134.5349,35.6673],[134.5349,35.6674]]],[[[134.5349,35.6674],[134.5349,35.6674],[134.5348,35.6674],[134.5349,35.6674]]],[[[134.5247,35.6675],[134.5248,35.6675],[134.5248,35.6673],[134.5247,35.6675]]],[[[134.523,35.6675],[134.523,35.6675],[134.5231,35.6674],[134.523,35.6675]]],[[[134.5437,35.6676],[134.5436,35.6676],[134.5437,35.6676],[134.5437,35.6676]]],[[[134.5434,35.6677],[134.5434,35.6677],[134.5434,35.6677],[134.5434,35.6677]]],[[[134.5351,35.6678],[134.5351,35.6678],[134.5351,35.6677],[134.5351,35.6678]]],[[[134.544,35.6677],[134.544,35.6678],[134.544,35.6678],[134.544,35.6677]]],[[[134.5351,35.6678],[134.535,35.6678],[134.535,35.6679],[134.5351,35.6678]]],[[[134.5283,35.668],[134.5284,35.668],[134.5284,35.668],[134.5283,35.668]]],[[[134.5282,35.6681],[134.5282,35.668],[134.5282,35.668],[134.5282,35.6681]]],[[[134.5352,35.6682],[134.5353,35.6682],[134.5352,35.6681],[134.5352,35.6682]]],[[[134.5353,35.6683],[134.5354,35.6683],[134.5353,35.6682],[134.5353,35.6683]]],[[[134.5426,35.6684],[134.5425,35.6685],[134.5427,35.6685],[134.5426,35.6684]]],[[[134.5361,35.669],[134.5362,35.6689],[134.5357,35.6689],[134.5361,35.669]]],[[[134.5409,35.6691],[134.541,35.6689],[134.5408,35.6691],[134.5409,35.6691]]],[[[134.5365,35.669],[134.5365,35.6691],[134.5365,35.6691],[134.5365,35.669]]],[[[134.5373,35.6696],[134.5373,35.6696],[134.5373,35.6696],[134.5373,35.6696]]],[[[134.5393,35.6697],[134.5393,35.6697],[134.5394,35.6697],[134.5393,35.6697]]],[[[134.5373,35.6698],[134.5373,35.6697],[134.5373,35.6697],[134.5373,35.6698]]],[[[134.5394,35.6699],[134.5393,35.6698],[134.5393,35.6699],[134.5394,35.6699]]],[[[134.5223,35.67],[134.5224,35.67],[134.5223,35.67],[134.5223,35.67]]],[[[134.5395,35.6701],[134.5396,35.6701],[134.5395,35.67],[134.5395,35.6701]]],[[[134.5396,35.6703],[134.5396,35.6704],[134.5396,35.6703],[134.5396,35.6703]]],[[[134.5395,35.6703],[134.5395,35.6704],[134.5397,35.6705],[134.5395,35.6703]]],[[[134.5606,35.6508],[134.5606,35.6508],[134.5606,35.6508],[134.5606,35.6508]]],[[[134.5607,35.6508],[134.5607,35.6508],[134.5607,35.6508],[134.5607,35.6508]]],[[[134.5607,35.6509],[134.5607,35.6509],[134.5607,35.6509],[134.5607,35.6509]]],[[[134.5608,35.651],[134.5608,35.651],[134.5608,35.6509],[134.5608,35.651]]],[[[134.5609,35.6511],[134.5609,35.651],[134.5608,35.651],[134.5609,35.6511]]],[[[134.5621,35.651],[134.562,35.6511],[134.5621,35.6511],[134.5621,35.651]]],[[[134.5607,35.6511],[134.5606,35.6511],[134.5607,35.6511],[134.5607,35.6511]]],[[[134.5614,35.6511],[134.5614,35.6512],[134.5614,35.6511],[134.5614,35.6511]]],[[[134.5614,35.6512],[134.5614,35.6512],[134.5613,35.6512],[134.5614,35.6512]]],[[[134.5624,35.6513],[134.5623,35.6513],[134.5624,35.6513],[134.5624,35.6513]]],[[[134.563,35.6514],[134.563,35.6514],[134.5629,35.6514],[134.563,35.6514]]],[[[134.563,35.6514],[134.563,35.6514],[134.563,35.6514],[134.563,35.6514]]],[[[134.5631,35.6515],[134.5631,35.6515],[134.5631,35.6515],[134.5631,35.6515]]],[[[134.5631,35.6515],[134.5631,35.6515],[134.5631,35.6515],[134.5631,35.6515]]],[[[134.5632,35.6515],[134.5631,35.6515],[134.5631,35.6515],[134.5632,35.6515]]],[[[134.5625,35.6516],[134.5626,35.6516],[134.5625,35.6515],[134.5625,35.6516]]],[[[134.5633,35.6519],[134.5632,35.6519],[134.5633,35.6519],[134.5633,35.6519]]],[[[134.5632,35.6521],[134.5631,35.6521],[134.5632,35.6521],[134.5632,35.6521]]],[[[134.5632,35.6521],[134.5632,35.6521],[134.5632,35.6521],[134.5632,35.6521]]],[[[134.5632,35.6523],[134.5632,35.6523],[134.5632,35.6523],[134.5632,35.6523]]],[[[134.5625,35.6527],[134.5625,35.6527],[134.5626,35.6527],[134.5625,35.6527]]],[[[134.5632,35.6528],[134.5632,35.6528],[134.5632,35.6528],[134.5633,35.6528],[134.5632,35.6528]]],[[[134.5633,35.6528],[134.5634,35.6528],[134.5633,35.6528],[134.5633,35.6528]]],[[[134.5583,35.6528],[134.5583,35.6529],[134.5584,35.6529],[134.5583,35.6528]]],[[[134.558,35.6536],[134.558,35.6537],[134.5581,35.6537],[134.558,35.6536]]],[[[134.563,35.6537],[134.563,35.6537],[134.563,35.6537],[134.563,35.6537]]],[[[134.558,35.6538],[134.5581,35.6538],[134.558,35.6538],[134.558,35.6538]]],[[[134.563,35.6538],[134.563,35.6538],[134.563,35.6539],[134.563,35.6538]]],[[[134.5625,35.6545],[134.5625,35.6543],[134.5624,35.6544],[134.5625,35.6545]]],[[[134.5575,35.6549],[134.5576,35.6549],[134.5575,35.6549],[134.5575,35.6549]]],[[[134.5631,35.6549],[134.5631,35.655],[134.5632,35.6549],[134.5631,35.6549]]],[[[134.5629,35.6549],[134.5628,35.655],[134.563,35.6551],[134.5629,35.6549]]],[[[134.5631,35.6552],[134.5632,35.6553],[134.5632,35.6552],[134.5631,35.6552]]],[[[134.5573,35.6553],[134.5572,35.6554],[134.5573,35.6554],[134.5573,35.6553]]],[[[134.5571,35.6554],[134.5571,35.6555],[134.5572,35.6555],[134.5571,35.6554]]],[[[134.5569,35.6556],[134.5569,35.6555],[134.5568,35.6555],[134.5569,35.6556]]],[[[134.5568,35.6557],[134.5567,35.6557],[134.5568,35.6557],[134.5568,35.6557]]],[[[134.5567,35.6559],[134.5566,35.6558],[134.5566,35.6559],[134.5567,35.6559]]],[[[134.5564,35.6559],[134.5565,35.656],[134.5565,35.6559],[134.5564,35.6559]]],[[[134.5564,35.656],[134.5564,35.656],[134.5564,35.6559],[134.5564,35.656]]],[[[134.5565,35.656],[134.5565,35.656],[134.5566,35.656],[134.5565,35.656]]],[[[134.5563,35.6561],[134.5563,35.6561],[134.5563,35.6561],[134.5563,35.6561]]],[[[134.563,35.6561],[134.563,35.6561],[134.563,35.6561],[134.563,35.6561]]],[[[134.5643,35.6564],[134.5644,35.6563],[134.5643,35.6564],[134.5643,35.6564]]],[[[134.5643,35.6564],[134.5642,35.6564],[134.5642,35.6564],[134.5643,35.6564]]],[[[134.5556,35.6565],[134.5556,35.6565],[134.5556,35.6565],[134.5556,35.6565]]],[[[134.5555,35.6565],[134.5555,35.6565],[134.5555,35.6565],[134.5555,35.6565]]],[[[134.5643,35.6565],[134.5643,35.6565],[134.5644,35.6566],[134.5643,35.6565]]],[[[134.5554,35.6565],[134.5554,35.6566],[134.5555,35.6566],[134.5554,35.6565]]],[[[134.5551,35.6567],[134.555,35.6568],[134.5551,35.6568],[134.5551,35.6567]]],[[[134.5551,35.6568],[134.5551,35.6568],[134.5551,35.6568],[134.5551,35.6568]]],[[[134.5549,35.6568],[134.5549,35.6568],[134.555,35.6568],[134.5549,35.6568]]],[[[134.5638,35.657],[134.5639,35.657],[134.5639,35.6569],[134.5638,35.657]]],[[[134.5547,35.657],[134.5548,35.657],[134.5548,35.657],[134.5547,35.657]]],[[[134.5548,35.657],[134.5548,35.657],[134.5548,35.657],[134.5549,35.657],[134.5548,35.657]]],[[[134.5546,35.657],[134.5546,35.6571],[134.5547,35.657],[134.5546,35.657]]],[[[134.5545,35.6572],[134.5545,35.6572],[134.5545,35.6572],[134.5545,35.6572]]],[[[134.5642,35.6573],[134.564,35.6572],[134.564,35.6575],[134.5642,35.6573]]],[[[134.5545,35.6574],[134.5544,35.6574],[134.5545,35.6574],[134.5545,35.6574]]],[[[134.5539,35.6575],[134.5538,35.6574],[134.5538,35.6575],[134.5539,35.6575]]],[[[134.5537,35.6575],[134.5537,35.6576],[134.5537,35.6576],[134.5537,35.6575]]],[[[134.5532,35.658],[134.5532,35.658],[134.5532,35.6579],[134.5532,35.658]]],[[[134.5532,35.658],[134.5531,35.658],[134.5531,35.6581],[134.5532,35.658]]],[[[134.5531,35.6582],[134.5531,35.6581],[134.5531,35.6582],[134.5531,35.6582]]],[[[134.5532,35.6583],[134.5532,35.6582],[134.5531,35.6582],[134.5532,35.6583]]],[[[134.5507,35.6583],[134.5507,35.6583],[134.5507,35.6584],[134.5507,35.6583]]],[[[134.553,35.6584],[134.5532,35.6584],[134.5531,35.6583],[134.553,35.6584]]],[[[134.5527,35.6584],[134.5527,35.6584],[134.5528,35.6584],[134.5527,35.6584]]],[[[134.5507,35.6584],[134.5507,35.6584],[134.5508,35.6584],[134.5507,35.6584]]],[[[134.5527,35.6585],[134.5526,35.6584],[134.5526,35.6585],[134.5527,35.6585]]],[[[134.5523,35.6589],[134.5523,35.6589],[134.5523,35.6589],[134.5523,35.6589]]],[[[134.5498,35.6593],[134.5498,35.6592],[134.5498,35.6592],[134.5498,35.6593]]],[[[134.5497,35.6592],[134.5496,35.6592],[134.5497,35.6594],[134.5497,35.6592]]],[[[134.5499,35.6602],[134.5499,35.6602],[134.5499,35.6602],[134.5499,35.6602]]],[[[134.5499,35.6602],[134.5498,35.6602],[134.5498,35.6603],[134.5499,35.6602]]],[[[134.5498,35.6603],[134.5499,35.6603],[134.5498,35.6603],[134.5498,35.6603]]],[[[134.5773,35.6532],[134.5773,35.6532],[134.5772,35.6532],[134.5773,35.6532]]],[[[134.5774,35.6534],[134.5775,35.6534],[134.5775,35.6533],[134.5774,35.6534]]],[[[134.5747,35.6534],[134.5748,35.6534],[134.5747,35.6534],[134.5747,35.6534]]],[[[134.5773,35.6535],[134.5774,35.6533],[134.5774,35.6533],[134.5773,35.6535]]],[[[134.5734,35.6542],[134.5735,35.654],[134.5734,35.6541],[134.5734,35.6542]]],[[[134.5738,35.6542],[134.5739,35.6541],[134.5737,35.6542],[134.5738,35.6542]]],[[[134.5736,35.6542],[134.5735,35.6542],[134.5735,35.6542],[134.5736,35.6542]]],[[[134.574,35.6542],[134.5738,35.6543],[134.5738,35.6543],[134.574,35.6542]]],[[[134.5733,35.6543],[134.5733,35.6543],[134.5733,35.6542],[134.5733,35.6543]]],[[[134.5733,35.6544],[134.5734,35.6544],[134.5733,35.6544],[134.5733,35.6544]]],[[[134.5734,35.6546],[134.5734,35.6545],[134.5734,35.6546],[134.5734,35.6546]]],[[[134.5729,35.6548],[134.5729,35.6548],[134.5732,35.6546],[134.5729,35.6548]]],[[[134.5732,35.6547],[134.5732,35.6547],[134.5731,35.6548],[134.5732,35.6547]]],[[[134.5728,35.6547],[134.5728,35.6547],[134.5728,35.6547],[134.5728,35.6547]]],[[[134.5729,35.6549],[134.5729,35.6549],[134.5728,35.6549],[134.5729,35.6549]]],[[[134.5731,35.6549],[134.5732,35.655],[134.5732,35.6549],[134.5731,35.6549]]],[[[134.5762,35.6551],[134.5761,35.6551],[134.5761,35.6551],[134.5762,35.6551]]],[[[134.5726,35.6554],[134.5726,35.6553],[134.5726,35.6553],[134.5726,35.6554]]],[[[134.5725,35.6554],[134.5725,35.6555],[134.5726,35.6555],[134.5725,35.6554]]],[[[134.5724,35.6555],[134.5724,35.6555],[134.5724,35.6555],[134.5724,35.6555]]],[[[134.5726,35.6556],[134.5725,35.6555],[134.5725,35.6556],[134.5726,35.6556]]],[[[134.5663,35.6556],[134.5663,35.6557],[134.5663,35.6557],[134.5663,35.6556]]],[[[134.5665,35.6557],[134.5665,35.6557],[134.5665,35.6557],[134.5665,35.6557]]],[[[134.5653,35.6558],[134.5653,35.6557],[134.5652,35.6557],[134.5653,35.6558]]],[[[134.5762,35.6558],[134.5763,35.6558],[134.5763,35.6557],[134.5762,35.6558]]],[[[134.5652,35.6558],[134.5652,35.6558],[134.5652,35.6558],[134.5652,35.6558]]],[[[134.5722,35.6559],[134.5723,35.6557],[134.5721,35.6557],[134.5722,35.6559]]],[[[134.5653,35.6558],[134.5653,35.6558],[134.5653,35.6558],[134.5653,35.6558]]],[[[134.5652,35.6558],[134.5652,35.6558],[134.5652,35.6559],[134.5652,35.6558]]],[[[134.5652,35.6559],[134.5652,35.6559],[134.5652,35.6559],[134.5652,35.6559]]],[[[134.5725,35.6558],[134.5724,35.6559],[134.5724,35.656],[134.5725,35.6558]]],[[[134.5725,35.6558],[134.5725,35.6559],[134.5725,35.6559],[134.5725,35.6558]]],[[[134.5652,35.6559],[134.5651,35.6559],[134.5651,35.6559],[134.5652,35.6559]]],[[[134.565,35.6559],[134.565,35.6559],[134.565,35.6559],[134.565,35.6559]]],[[[134.5671,35.6559],[134.567,35.6559],[134.567,35.656],[134.5671,35.6559]]],[[[134.5651,35.6559],[134.5651,35.6559],[134.5651,35.656],[134.5651,35.6559]]],[[[134.5654,35.6559],[134.5653,35.656],[134.5654,35.6559],[134.5654,35.6559]]],[[[134.5652,35.656],[134.5652,35.6559],[134.5652,35.656],[134.5652,35.656]]],[[[134.5725,35.656],[134.5726,35.656],[134.5725,35.6559],[134.5725,35.656]]],[[[134.5655,35.656],[134.5655,35.656],[134.5655,35.656],[134.5655,35.656]]],[[[134.5651,35.6562],[134.5652,35.6562],[134.5652,35.6561],[134.5651,35.6562]]],[[[134.5679,35.6563],[134.5682,35.6564],[134.5682,35.6561],[134.5679,35.6563]]],[[[134.5644,35.6562],[134.5645,35.6562],[134.5644,35.6562],[134.5644,35.6562]]],[[[134.5644,35.6563],[134.5644,35.6563],[134.5644,35.6563],[134.5644,35.6563]]],[[[134.576,35.6564],[134.5761,35.6564],[134.5761,35.6564],[134.576,35.6564]]],[[[134.5762,35.6564],[134.5761,35.6565],[134.5762,35.6565],[134.5762,35.6564]]],[[[134.5655,35.6565],[134.5655,35.6566],[134.5656,35.6565],[134.5655,35.6565]]],[[[134.5681,35.6566],[134.5683,35.6565],[134.568,35.6566],[134.5681,35.6566]]],[[[134.5644,35.6566],[134.5644,35.6567],[134.5645,35.6566],[134.5644,35.6566]]],[[[134.5762,35.6566],[134.5761,35.6566],[134.5761,35.6567],[134.5762,35.6566]]],[[[134.5762,35.6568],[134.5762,35.6567],[134.5762,35.6567],[134.5762,35.6568]]],[[[134.5663,35.6568],[134.5664,35.6569],[134.5664,35.6568],[134.5663,35.6568]]],[[[134.5761,35.6568],[134.5761,35.657],[134.5762,35.6568],[134.5761,35.6568]]],[[[134.5689,35.657],[134.5692,35.6566],[134.5684,35.6574],[134.5689,35.657]]],[[[134.5759,35.6577],[134.5763,35.6576],[134.5764,35.6574],[134.5759,35.6577]]],[[[134.5755,35.6576],[134.5755,35.6576],[134.5756,35.6576],[134.5755,35.6576]]],[[[134.5758,35.6577],[134.5759,35.6577],[134.5758,35.6576],[134.5758,35.6577]]],[[[134.5713,35.6578],[134.5713,35.6576],[134.5712,35.6578],[134.5713,35.6578]]],[[[134.5685,35.6578],[134.5684,35.6576],[134.5684,35.6577],[134.5685,35.6578]]],[[[134.5762,35.6578],[134.5761,35.6579],[134.5762,35.6579],[134.5762,35.6578]]],[[[134.5763,35.658],[134.5763,35.658],[134.5762,35.658],[134.5763,35.658]]],[[[134.5762,35.6581],[134.5762,35.658],[134.5762,35.658],[134.5762,35.6581]]],[[[134.5759,35.6581],[134.5758,35.6581],[134.5759,35.6582],[134.5759,35.6581]]],[[[134.5759,35.6584],[134.5759,35.6585],[134.5759,35.6584],[134.5759,35.6584]]],[[[134.5759,35.6586],[134.576,35.6586],[134.576,35.6586],[134.5759,35.6586]]],[[[134.5758,35.6587],[134.5758,35.6587],[134.5757,35.6587],[134.5758,35.6587]]],[[[134.5758,35.6587],[134.5759,35.6587],[134.5759,35.6587],[134.5758,35.6587]]],[[[134.5763,35.6592],[134.5763,35.6593],[134.5763,35.6592],[134.5763,35.6592]]],[[[134.5756,35.6592],[134.5756,35.6593],[134.5757,35.6593],[134.5756,35.6592]]],[[[134.5762,35.6593],[134.5762,35.6594],[134.5762,35.6594],[134.5762,35.6593]]],[[[134.5762,35.6595],[134.5763,35.6598],[134.5765,35.6595],[134.5762,35.6595]]],[[[134.5755,35.6599],[134.5755,35.6598],[134.5754,35.6599],[134.5755,35.6599]]],[[[134.5763,35.6599],[134.5763,35.66],[134.5764,35.66],[134.5763,35.6599]]],[[[134.5755,35.66],[134.5754,35.6601],[134.5755,35.6601],[134.5755,35.66]]],[[[134.576,35.6601],[134.5761,35.6602],[134.5761,35.66],[134.576,35.6601]]],[[[134.5788,35.661],[134.5792,35.6609],[134.5794,35.6602],[134.5788,35.661]]],[[[134.5582,35.6511],[134.5599,35.6505],[134.5607,35.6507],[134.5611,35.6514],[134.5613,35.6511],[134.5623,35.651],[134.5626,35.651],[134.5628,35.6512],[134.5633,35.6516],[134.5635,35.6531],[134.5625,35.6531],[134.5634,35.6535],[134.5639,35.6568],[134.5646,35.6559],[134.5655,35.6555],[134.5668,35.6554],[134.5696,35.6564],[134.5698,35.6577],[134.5705,35.6567],[134.5709,35.6576],[134.5722,35.6568],[134.5718,35.6555],[134.574,35.6533],[134.5749,35.6532],[134.5755,35.6538],[134.5759,35.6539],[134.5748,35.6529],[134.577,35.6523],[134.5777,35.6537],[134.5761,35.6552],[134.5764,35.6558],[134.5763,35.6571],[134.5759,35.6574],[134.5766,35.6572],[134.5764,35.658],[134.5761,35.6585],[134.5783,35.6595],[134.5782,35.6609],[134.5795,35.6594],[134.5803,35.66],[134.5819,35.6591],[134.5828,35.6594],[134.5828,35.659],[134.5831,35.6589],[134.5837,35.659],[134.5836,35.6598],[134.5839,35.6589],[134.5843,35.6587],[134.5856,35.6587],[134.5855,35.6599],[134.5872,35.6595],[134.5876,35.6598],[134.5874,35.6587],[134.5879,35.6574],[134.588,35.6572],[134.5906,35.6555],[134.5936,35.6554],[134.5943,35.6557],[134.5947,35.656],[134.5944,35.6566],[134.5955,35.6562],[134.5958,35.6573],[134.5983,35.6576],[134.5981,35.6579],[134.5984,35.6586],[134.5987,35.6579],[134.6008,35.658],[134.6027,35.6559],[134.6041,35.6552],[134.6066,35.6559],[134.6077,35.653],[134.6052,35.652],[134.6079,35.651],[134.6067,35.6489],[134.6085,35.6485],[134.6088,35.6499],[134.6104,35.65],[134.6106,35.6489],[134.6113,35.6482],[134.6144,35.6484],[134.6135,35.6482],[134.6139,35.6464],[134.6145,35.6468],[134.6149,35.6461],[134.6136,35.6462],[134.6145,35.6451],[134.6128,35.6437],[134.6139,35.6411],[134.6163,35.6393],[134.6174,35.641],[134.6175,35.6398],[134.6207,35.6395],[134.6274,35.6415],[134.6278,35.6464],[134.6291,35.6439],[134.6283,35.6442],[134.6275,35.6426],[134.6284,35.6415],[134.6295,35.642],[134.6303,35.6452],[134.6294,35.6454],[134.6307,35.6458],[134.631,35.6475],[134.6264,35.6467],[134.6282,35.6477],[134.6276,35.6499],[134.6301,35.6496],[134.6336,35.6511],[134.6372,35.6556],[134.6339,35.6514],[134.6346,35.65],[134.636,35.6501],[134.636,35.65],[134.6336,35.6492],[134.6338,35.6476],[134.6363,35.6476],[134.6371,35.6484],[134.6365,35.6484],[134.6355,35.6492],[134.6358,35.6495],[134.6365,35.6486],[134.639,35.6499],[134.6382,35.6508],[134.6398,35.6517],[134.6386,35.6532],[134.6377,35.6528],[134.638,35.6538],[134.6388,35.6534],[134.6414,35.6499],[134.6422,35.6502],[134.6425,35.6516],[134.6442,35.6517],[134.6452,35.6541],[134.6442,35.6566],[134.6481,35.6578],[134.647,35.6585],[134.6484,35.6614],[134.6487,35.6597],[134.6501,35.6615],[134.6575,35.6655],[134.6591,35.6654],[134.6587,35.6645],[134.6606,35.6636],[134.6611,35.6641],[134.6614,35.6656],[134.6638,35.6668],[134.666,35.6654],[134.6656,35.6632],[134.6664,35.6639],[134.6669,35.6627],[134.6642,35.6602],[134.6634,35.6572],[134.6649,35.6557],[134.6622,35.6577],[134.6578,35.6582],[134.6577,35.6571],[134.6609,35.6559],[134.6615,35.6543],[134.6593,35.6512],[134.6626,35.6481],[134.6661,35.6533],[134.6675,35.6528],[134.6671,35.6549],[134.669,35.6544],[134.6677,35.6558],[134.6695,35.6555],[134.6697,35.6568],[134.6686,35.6579],[134.6715,35.6568],[134.6719,35.6581],[134.6707,35.6591],[134.6732,35.6589],[134.6745,35.6609],[134.6759,35.6602],[134.6763,35.6574],[134.6787,35.655],[134.6806,35.655],[134.6821,35.6578],[134.6831,35.6571],[134.6842,35.6573],[134.685,35.6556],[134.6865,35.6557],[134.687,35.6567],[134.686,35.6568],[134.6874,35.6591],[134.6873,35.6617],[134.6867,35.6627],[134.6873,35.6629],[134.6879,35.6637],[134.6883,35.6655],[134.6897,35.6645],[134.6947,35.6646],[134.6945,35.6632],[134.6961,35.6618],[134.6923,35.6599],[134.6922,35.6577],[134.6964,35.6539],[134.6977,35.6553],[134.6983,35.6547],[134.7026,35.6555],[134.7036,35.6554],[134.7043,35.653],[134.7083,35.654],[134.7086,35.6548],[134.7084,35.6557],[134.7094,35.6562],[134.7087,35.6596],[134.7108,35.6601],[134.71,35.6608],[134.7085,35.6615],[134.7088,35.6628],[134.7086,35.6638],[134.7082,35.6641],[134.7087,35.664],[134.7089,35.6652],[134.7073,35.6658],[134.7076,35.6669],[134.7096,35.6651],[134.711,35.6653],[134.7112,35.6657],[134.7114,35.6654],[134.714,35.6647],[134.7147,35.6649],[134.7156,35.6654],[134.7159,35.6669],[134.7169,35.6664],[134.7167,35.6656],[134.7184,35.6645],[134.7204,35.6667],[134.7222,35.6672],[134.7238,35.6655],[134.7256,35.667],[134.7277,35.664],[134.7283,35.6642],[134.7276,35.6621],[134.7283,35.6619],[134.7294,35.6623],[134.7284,35.6616],[134.7288,35.661],[134.7303,35.6625],[134.731,35.6621],[134.732,35.6623],[134.7327,35.6592],[134.7332,35.6585],[134.7311,35.6558],[134.7307,35.6522],[134.7229,35.6471],[134.7199,35.6428],[134.7179,35.6374],[134.7146,35.6365],[134.7128,35.6346],[134.7131,35.6322],[134.715,35.6301],[134.7154,35.6261],[134.7174,35.6252],[134.7194,35.6214],[134.7133,35.6165],[134.7126,35.6129],[134.7097,35.6109],[134.7111,35.6088],[134.7096,35.6081],[134.7113,35.6048],[134.7147,35.6044],[134.7137,35.6014],[134.7103,35.6008],[134.7083,35.5982],[134.7055,35.5978],[134.7051,35.596],[134.7011,35.5925],[134.7011,35.5906],[134.6969,35.5874],[134.6917,35.5787],[134.688,35.5751],[134.6838,35.5733],[134.6772,35.573],[134.6745,35.575],[134.6706,35.5742],[134.6671,35.5717],[134.6642,35.5726],[134.6619,35.572],[134.6572,35.566],[134.6538,35.5648],[134.6522,35.5547],[134.6508,35.5525],[134.6513,35.5508],[134.6488,35.5461],[134.646,35.5422],[134.6402,35.5419],[134.6384,35.541],[134.639,35.5391],[134.6371,35.5387],[134.6366,35.5375],[134.6392,35.5339],[134.6371,35.527],[134.6338,35.5246],[134.6288,35.525],[134.6247,35.5225],[134.6214,35.5242],[134.6168,35.5231],[134.6168,35.5193],[134.6194,35.5133],[134.6165,35.5105],[134.6188,35.5053],[134.6184,35.502],[134.6213,35.5006],[134.622,35.5016],[134.6241,35.5011],[134.6267,35.498],[134.6366,35.4942],[134.6363,35.4915],[134.6379,35.4896],[134.6369,35.4887],[134.641,35.4841],[134.6425,35.4794],[134.6442,35.4788],[134.6426,35.4761],[134.6413,35.476],[134.6394,35.471],[134.6379,35.4708],[134.6354,35.4661],[134.6367,35.4638],[134.636,35.4597],[134.6313,35.4553],[134.6311,35.4513],[134.6329,35.4488],[134.6308,35.4467],[134.6358,35.4325],[134.6427,35.4277],[134.6446,35.428],[134.6493,35.4213],[134.6492,35.4198],[134.6448,35.4141],[134.6449,35.4109],[134.6397,35.4072],[134.6352,35.4098],[134.6254,35.4096],[134.6228,35.4075],[134.618,35.4067],[134.6169,35.4042],[134.6143,35.4032],[134.6125,35.4003],[134.6082,35.3997],[134.6074,35.3942],[134.6039,35.3915],[134.6039,35.3889],[134.6063,35.3851],[134.6056,35.382],[134.6033,35.3837],[134.6009,35.3882],[134.5953,35.388],[134.5931,35.3891],[134.5904,35.388],[134.5907,35.3896],[134.5865,35.3897],[134.5786,35.3927],[134.5787,35.395],[134.5777,35.3957],[134.5719,35.394],[134.571,35.3927],[134.5657,35.3919],[134.5553,35.3932],[134.5495,35.3901],[134.5471,35.3905],[134.5437,35.3892],[134.5378,35.3914],[134.5366,35.3949],[134.5292,35.3944],[134.5248,35.3907],[134.5187,35.3885],[134.5119,35.3797],[134.5078,35.379],[134.504,35.3731],[134.505,35.3705],[134.5045,35.3671],[134.5022,35.3659],[134.4918,35.3685],[134.4889,35.3679],[134.4828,35.3731],[134.4749,35.3746],[134.4714,35.38],[134.4733,35.3856],[134.4744,35.3862],[134.4738,35.3913],[134.4776,35.3954],[134.4774,35.4001],[134.4804,35.4029],[134.4797,35.4063],[134.4815,35.4102],[134.4808,35.4118],[134.4767,35.4143],[134.4783,35.4211],[134.4759,35.4235],[134.4799,35.425],[134.4801,35.4269],[134.4774,35.4292],[134.4861,35.4338],[134.4871,35.436],[134.4855,35.4389],[134.4892,35.4422],[134.4886,35.4454],[134.4908,35.4486],[134.4906,35.4499],[134.4877,35.4514],[134.489,35.4545],[134.4883,35.4567],[134.4896,35.4622],[134.4886,35.4644],[134.4861,35.465],[134.4851,35.4674],[134.4871,35.4701],[134.4854,35.4743],[134.4897,35.4784],[134.4901,35.4799],[134.4883,35.4806],[134.4913,35.4822],[134.4908,35.4835],[134.4923,35.4847],[134.4925,35.4865],[134.4973,35.4868],[134.4969,35.4907],[134.499,35.4914],[134.5019,35.495],[134.5049,35.4966],[134.5173,35.5078],[134.5192,35.5058],[134.524,35.5062],[134.5251,35.508],[134.529,35.505],[134.5355,35.5086],[134.5393,35.5083],[134.5408,35.5069],[134.5491,35.5106],[134.5516,35.5143],[134.5471,35.516],[134.5469,35.5192],[134.5494,35.5228],[134.5491,35.5265],[134.5479,35.527],[134.5439,35.5258],[134.5445,35.5302],[134.5429,35.535],[134.5462,35.5394],[134.543,35.5439],[134.5426,35.5468],[134.5449,35.5496],[134.5419,35.5539],[134.5427,35.5559],[134.5486,35.5592],[134.5505,35.5641],[134.5531,35.564],[134.5581,35.5663],[134.5605,35.5656],[134.5608,35.567],[134.5642,35.5679],[134.5659,35.5671],[134.5692,35.5682],[134.576,35.5751],[134.5838,35.5772],[134.5841,35.5807],[134.5856,35.5819],[134.5835,35.5837],[134.5831,35.5861],[134.5865,35.5927],[134.5795,35.5965],[134.5791,35.6011],[134.5758,35.6038],[134.5733,35.6098],[134.5751,35.6155],[134.5742,35.617],[134.5715,35.6189],[134.5637,35.621],[134.5581,35.6204],[134.5484,35.6258],[134.5443,35.6229],[134.535,35.6247],[134.5272,35.6332],[134.5227,35.6356],[134.5226,35.6375],[134.5256,35.6431],[134.5242,35.6485],[134.5278,35.6519],[134.5279,35.6536],[134.526,35.6551],[134.5258,35.6582],[134.523,35.6626],[134.5192,35.6621],[134.5176,35.6647],[134.5173,35.6662],[134.5196,35.6624],[134.5223,35.6638],[134.5231,35.6669],[134.5264,35.6662],[134.528,35.6668],[134.5282,35.6679],[134.5294,35.6658],[134.5307,35.6666],[134.5324,35.6654],[134.5389,35.6703],[134.5392,35.6694],[134.54,35.6703],[134.5405,35.6687],[134.5425,35.6684],[134.5445,35.666],[134.5454,35.6656],[134.546,35.6654],[134.5461,35.6648],[134.5464,35.6645],[134.5472,35.6639],[134.5474,35.6629],[134.5481,35.6629],[134.5481,35.6618],[134.5488,35.6621],[134.5495,35.659],[134.5506,35.658],[134.5522,35.6588],[134.5541,35.657],[134.5551,35.6565],[134.5561,35.6563],[134.5582,35.6511]]],[[[134.6083,35.6538],[134.6082,35.6539],[134.6084,35.6538],[134.6083,35.6538]]],[[[134.6082,35.6546],[134.6081,35.6547],[134.6082,35.6546],[134.6082,35.6546]]],[[[134.5944,35.6559],[134.5944,35.6559],[134.5945,35.6559],[134.5944,35.6559]]],[[[134.5944,35.656],[134.5944,35.656],[134.5944,35.656],[134.5944,35.656]]],[[[134.5906,35.6563],[134.5907,35.6562],[134.5906,35.6562],[134.5906,35.6563]]],[[[134.5903,35.6563],[134.5904,35.6563],[134.5904,35.6562],[134.5903,35.6563]]],[[[134.5901,35.6563],[134.5901,35.6564],[134.5901,35.6564],[134.5901,35.6563]]],[[[134.5943,35.6564],[134.5943,35.6564],[134.5944,35.6564],[134.5943,35.6564]]],[[[134.6051,35.6566],[134.6042,35.6563],[134.6042,35.6567],[134.6051,35.6566]]],[[[134.5949,35.6565],[134.5948,35.6565],[134.5949,35.6565],[134.5949,35.6565]]],[[[134.595,35.6565],[134.595,35.6566],[134.595,35.6566],[134.595,35.6565]]],[[[134.6021,35.6567],[134.6022,35.6567],[134.6021,35.6566],[134.6021,35.6567]]],[[[134.6022,35.6568],[134.6023,35.6568],[134.6022,35.6568],[134.6022,35.6568]]],[[[134.5947,35.6568],[134.5944,35.6568],[134.5948,35.657],[134.5947,35.6568]]],[[[134.595,35.6573],[134.595,35.6572],[134.595,35.6573],[134.595,35.6573]]],[[[134.588,35.6573],[134.5879,35.6574],[134.5881,35.6574],[134.588,35.6573]]],[[[134.589,35.6575],[134.5889,35.6575],[134.5889,35.6576],[134.589,35.6575]]],[[[134.6015,35.6579],[134.6015,35.6576],[134.6013,35.6579],[134.6015,35.6579]]],[[[134.5884,35.6579],[134.5884,35.6578],[134.5883,35.6578],[134.5884,35.6579]]],[[[134.5992,35.658],[134.5992,35.658],[134.5991,35.658],[134.5992,35.658]]],[[[134.6017,35.658],[134.6015,35.6579],[134.6015,35.658],[134.6017,35.658]]],[[[134.5988,35.658],[134.5989,35.658],[134.5989,35.658],[134.5988,35.658]]],[[[134.599,35.6581],[134.5989,35.658],[134.5989,35.6581],[134.599,35.6581]]],[[[134.5988,35.6582],[134.5988,35.6581],[134.5988,35.6582],[134.5988,35.6582]]],[[[134.6012,35.6584],[134.6012,35.6584],[134.6013,35.6583],[134.6012,35.6584]]],[[[134.5884,35.6584],[134.5884,35.6585],[134.5885,35.6584],[134.5884,35.6584]]],[[[134.5996,35.6585],[134.5995,35.6586],[134.5997,35.6586],[134.5996,35.6585]]],[[[134.5985,35.6588],[134.5985,35.6587],[134.5984,35.6588],[134.5985,35.6588]]],[[[134.5931,35.6586],[134.5939,35.6591],[134.5941,35.6586],[134.5931,35.6586]]],[[[134.583,35.659],[134.5831,35.6589],[134.583,35.6589],[134.583,35.659]]],[[[134.5841,35.6591],[134.5841,35.659],[134.5841,35.659],[134.5841,35.6591]]],[[[134.5955,35.6592],[134.5955,35.6584],[134.5944,35.6596],[134.5955,35.6592]]],[[[134.5833,35.6592],[134.5833,35.6593],[134.5834,35.6591],[134.5833,35.6592]]],[[[134.588,35.6594],[134.588,35.6593],[134.5879,35.6594],[134.588,35.6594]]],[[[134.5851,35.6594],[134.5851,35.6594],[134.585,35.6594],[134.5851,35.6594]]],[[[134.5819,35.6594],[134.5819,35.6594],[134.5819,35.6594],[134.5819,35.6594]]],[[[134.5819,35.6594],[134.5818,35.6595],[134.5818,35.6595],[134.5819,35.6594]]],[[[134.5879,35.6596],[134.5882,35.6595],[134.5881,35.6593],[134.5879,35.6596]]],[[[134.5851,35.6595],[134.585,35.6595],[134.5851,35.6595],[134.5851,35.6595]]],[[[134.585,35.6596],[134.585,35.6596],[134.585,35.6597],[134.585,35.6596]]],[[[134.5824,35.6596],[134.5823,35.6597],[134.5823,35.6598],[134.5824,35.6596]]],[[[134.5813,35.6601],[134.5821,35.6595],[134.5821,35.6592],[134.5813,35.6601]]],[[[134.5874,35.6597],[134.5873,35.6597],[134.5873,35.6598],[134.5874,35.6597]]],[[[134.5819,35.6598],[134.582,35.6599],[134.5819,35.6598],[134.5819,35.6598]]],[[[134.5878,35.6599],[134.5877,35.6599],[134.5879,35.6599],[134.5878,35.6599]]],[[[134.5863,35.66],[134.5864,35.6599],[134.5863,35.6599],[134.5863,35.66]]],[[[134.5932,35.6596],[134.593,35.6602],[134.5931,35.6602],[134.5932,35.6596]]],[[[134.5872,35.66],[134.5873,35.66],[134.5873,35.6599],[134.5872,35.66]]],[[[134.5818,35.66],[134.5817,35.66],[134.5819,35.66],[134.5818,35.66]]],[[[134.5881,35.66],[134.588,35.66],[134.5881,35.66],[134.5881,35.66]]],[[[134.5861,35.6601],[134.5862,35.66],[134.5861,35.66],[134.5861,35.6601]]],[[[134.5858,35.6601],[134.5858,35.6601],[134.5858,35.66],[134.5858,35.6601]]],[[[134.5871,35.6601],[134.5871,35.6601],[134.587,35.6601],[134.5871,35.6601]]],[[[134.5804,35.6602],[134.5803,35.6601],[134.5803,35.6602],[134.5804,35.6602]]],[[[134.585,35.6602],[134.5851,35.6601],[134.5852,35.6601],[134.585,35.6602]]],[[[134.5857,35.6602],[134.5858,35.6601],[134.5857,35.6601],[134.5857,35.6602]]],[[[134.5877,35.6602],[134.5877,35.6602],[134.5876,35.6601],[134.5877,35.6602]]],[[[134.5873,35.6602],[134.5872,35.6601],[134.5871,35.6603],[134.5873,35.6602]]],[[[134.5857,35.6604],[134.5858,35.6602],[134.5856,35.6604],[134.5857,35.6604]]],[[[134.5864,35.6603],[134.5863,35.6604],[134.5864,35.6604],[134.5864,35.6603]]],[[[134.5872,35.6604],[134.5872,35.6604],[134.5871,35.6604],[134.5872,35.6604]]],[[[134.5878,35.6604],[134.5877,35.6604],[134.5878,35.6605],[134.5878,35.6604]]],[[[134.5867,35.6604],[134.5868,35.6605],[134.5868,35.6604],[134.5867,35.6604]]],[[[134.5854,35.6604],[134.5854,35.6606],[134.5854,35.6605],[134.5854,35.6604]]],[[[134.5853,35.6605],[134.5853,35.6605],[134.5852,35.6605],[134.5853,35.6605]]],[[[134.5867,35.6605],[134.5866,35.6605],[134.5866,35.6606],[134.5867,35.6605]]],[[[134.5794,35.6606],[134.5794,35.6606],[134.5794,35.6606],[134.5794,35.6606]]],[[[134.5865,35.6607],[134.5866,35.6607],[134.5865,35.6607],[134.5865,35.6607]]],[[[134.5794,35.6608],[134.5794,35.6607],[134.5793,35.6607],[134.5794,35.6608]]],[[[134.5855,35.6608],[134.5855,35.6608],[134.5855,35.6608],[134.5855,35.6608]]],[[[134.5874,35.661],[134.5871,35.6607],[134.5869,35.6609],[134.5874,35.661]]],[[[134.5858,35.6611],[134.5858,35.6612],[134.5858,35.6612],[134.5858,35.6611]]],[[[134.5855,35.6615],[134.5855,35.6616],[134.5856,35.6616],[134.5855,35.6615]]],[[[134.5856,35.6617],[134.5855,35.6617],[134.5856,35.6618],[134.5856,35.6617]]],[[[134.5856,35.6621],[134.5855,35.6628],[134.5858,35.6622],[134.5856,35.6621]]],[[[134.6142,35.6445],[134.6143,35.6446],[134.6144,35.6446],[134.6142,35.6445]]],[[[134.6274,35.6477],[134.6275,35.6477],[134.6275,35.6477],[134.6274,35.6477]]],[[[134.615,35.6478],[134.615,35.6478],[134.6148,35.6476],[134.615,35.6478]]],[[[134.6275,35.6478],[134.6271,35.648],[134.6272,35.648],[134.6275,35.6478]]],[[[134.6146,35.6481],[134.6147,35.6482],[134.6147,35.6482],[134.6146,35.6481]]],[[[134.612,35.6483],[134.6119,35.6483],[134.612,35.6483],[134.612,35.6483]]],[[[134.6116,35.6484],[134.6116,35.6484],[134.6115,35.6484],[134.6116,35.6484]]],[[[134.6115,35.6484],[134.6115,35.6485],[134.6115,35.6485],[134.6115,35.6484]]],[[[134.6138,35.6487],[134.6137,35.6486],[134.6136,35.6487],[134.6138,35.6487]]],[[[134.6111,35.6487],[134.6111,35.6487],[134.6111,35.6487],[134.6111,35.6487]]],[[[134.6275,35.6489],[134.6274,35.6487],[134.6273,35.6488],[134.6275,35.6489]]],[[[134.6111,35.6488],[134.6111,35.6488],[134.6111,35.6488],[134.6111,35.6488]]],[[[134.611,35.6488],[134.611,35.6488],[134.611,35.6488],[134.611,35.6488]]],[[[134.6109,35.6489],[134.6109,35.6488],[134.6109,35.6488],[134.6109,35.6489]]],[[[134.6107,35.6489],[134.6107,35.6489],[134.6107,35.6489],[134.6107,35.6489]]],[[[134.6271,35.649],[134.6271,35.6489],[134.6271,35.6489],[134.6271,35.649]]],[[[134.6264,35.6487],[134.6238,35.6492],[134.6264,35.6489],[134.6264,35.6487]]],[[[134.6127,35.6489],[134.6127,35.649],[134.6127,35.649],[134.6127,35.6489]]],[[[134.6109,35.649],[134.611,35.649],[134.6109,35.649],[134.6109,35.649]]],[[[134.6138,35.6491],[134.6138,35.6489],[134.6136,35.649],[134.6138,35.6491]]],[[[134.6133,35.649],[134.6134,35.6491],[134.6134,35.649],[134.6133,35.649]]],[[[134.6274,35.649],[134.6273,35.649],[134.6272,35.649],[134.6274,35.649]]],[[[134.6111,35.649],[134.6111,35.649],[134.6111,35.649],[134.6111,35.649]]],[[[134.6107,35.649],[134.6107,35.6491],[134.6107,35.6491],[134.6107,35.649]]],[[[134.6112,35.6491],[134.6112,35.649],[134.6111,35.6491],[134.6112,35.6491]]],[[[134.614,35.6489],[134.614,35.6492],[134.6142,35.6489],[134.614,35.6489]]],[[[134.6131,35.649],[134.6131,35.6491],[134.6132,35.649],[134.6131,35.649]]],[[[134.611,35.6492],[134.6111,35.6492],[134.611,35.6492],[134.611,35.6492]]],[[[134.6133,35.6493],[134.6134,35.6492],[134.6134,35.6492],[134.6133,35.6493]]],[[[134.6127,35.6494],[134.6127,35.6496],[134.6128,35.6494],[134.6127,35.6494]]],[[[134.6273,35.6495],[134.6272,35.6495],[134.6272,35.6496],[134.6273,35.6495]]],[[[134.6112,35.6497],[134.6112,35.6495],[134.6107,35.6496],[134.6112,35.6497]]],[[[134.6299,35.6508],[134.6309,35.6506],[134.6299,35.6501],[134.6299,35.6508]]],[[[134.6279,35.6504],[134.6278,35.6505],[134.6279,35.6504],[134.6279,35.6504]]],[[[134.6282,35.6505],[134.6283,35.6504],[134.6282,35.6504],[134.6282,35.6505]]],[[[134.6112,35.6502],[134.6108,35.6503],[134.6119,35.6508],[134.6123,35.6505],[134.6112,35.6502]]],[[[134.6124,35.6505],[134.6124,35.6506],[134.6124,35.6506],[134.6124,35.6505]]],[[[134.628,35.6507],[134.628,35.6508],[134.6281,35.6508],[134.628,35.6507]]],[[[134.6116,35.651],[134.6116,35.6509],[134.6115,35.6509],[134.6116,35.651]]],[[[134.6088,35.651],[134.6087,35.651],[134.6087,35.651],[134.6088,35.651]]],[[[134.6099,35.6525],[134.6097,35.6521],[134.609,35.6527],[134.6099,35.6525]]],[[[134.6099,35.6529],[134.61,35.6526],[134.6097,35.6527],[134.6099,35.6529]]],[[[134.6097,35.6528],[134.6097,35.6528],[134.6096,35.6528],[134.6097,35.6528]]],[[[134.6099,35.6531],[134.6099,35.653],[134.6098,35.6531],[134.6099,35.6531]]],[[[134.6092,35.6533],[134.6091,35.6534],[134.6092,35.6534],[134.6092,35.6533]]],[[[134.6084,35.6534],[134.6083,35.6536],[134.6083,35.6536],[134.6084,35.6534]]],[[[134.6084,35.6538],[134.6084,35.6541],[134.6084,35.6541],[134.6084,35.6538]]],[[[134.61,35.6539],[134.61,35.654],[134.6101,35.6539],[134.61,35.6539]]],[[[134.6084,35.6541],[134.6085,35.6542],[134.6085,35.6541],[134.6084,35.6541]]],[[[134.6093,35.6542],[134.6094,35.6542],[134.6094,35.6541],[134.6093,35.6542]]],[[[134.6095,35.6546],[134.6095,35.6546],[134.6095,35.6546],[134.6095,35.6546]]],[[[134.6356,35.6546],[134.6357,35.6547],[134.6357,35.6547],[134.6356,35.6546]]],[[[134.6356,35.6594],[134.6356,35.6594],[134.6356,35.6594],[134.6356,35.6594]]],[[[134.6366,35.6604],[134.6391,35.66],[134.6384,35.6585],[134.6355,35.6591],[134.6366,35.6604]]],[[[134.6356,35.6596],[134.6354,35.6595],[134.6356,35.6596],[134.6356,35.6596]]],[[[134.6357,35.6597],[134.6356,35.6597],[134.6356,35.6597],[134.6357,35.6597]]],[[[134.6356,35.6598],[134.6356,35.6598],[134.6356,35.6598],[134.6356,35.6598]]],[[[134.6356,35.6601],[134.6356,35.6602],[134.6357,35.6601],[134.6356,35.6601]]],[[[134.6383,35.6603],[134.6383,35.6602],[134.6383,35.6603],[134.6383,35.6603]]],[[[134.6357,35.6604],[134.6357,35.6604],[134.6356,35.6604],[134.6357,35.6604]]],[[[134.6353,35.6604],[134.6354,35.6605],[134.6354,35.6604],[134.6353,35.6604]]],[[[134.6356,35.6605],[134.6356,35.6605],[134.6356,35.6605],[134.6356,35.6605]]],[[[134.6377,35.6605],[134.6377,35.6606],[134.6378,35.6606],[134.6377,35.6605]]],[[[134.6357,35.6605],[134.6356,35.6606],[134.6357,35.6607],[134.6357,35.6605]]],[[[134.6358,35.6605],[134.6358,35.6607],[134.6358,35.6605],[134.6358,35.6605]]],[[[134.6368,35.6609],[134.6369,35.6608],[134.6369,35.6608],[134.6368,35.6609]]],[[[134.637,35.6609],[134.6371,35.6609],[134.6371,35.6608],[134.637,35.6609]]],[[[134.6371,35.6609],[134.6371,35.661],[134.6371,35.661],[134.6371,35.6609]]],[[[134.6368,35.661],[134.6367,35.6609],[134.6366,35.6611],[134.6368,35.661]]],[[[134.6374,35.661],[134.6373,35.661],[134.6374,35.661],[134.6374,35.661]]],[[[134.6363,35.6611],[134.6363,35.661],[134.6363,35.661],[134.6363,35.6611]]],[[[134.6362,35.661],[134.6362,35.6611],[134.6362,35.6611],[134.6362,35.661]]],[[[134.6366,35.6614],[134.6364,35.6614],[134.6365,35.6614],[134.6366,35.6614]]],[[[134.6362,35.6614],[134.6362,35.6616],[134.6363,35.6615],[134.6362,35.6614]]],[[[134.6376,35.662],[134.6375,35.6623],[134.6378,35.6622],[134.6376,35.662]]],[[[134.6372,35.6621],[134.6371,35.6624],[134.6373,35.6622],[134.6372,35.6621]]],[[[134.6413,35.6502],[134.6414,35.6502],[134.6413,35.6501],[134.6413,35.6502]]],[[[134.6411,35.6505],[134.6412,35.6505],[134.6412,35.6505],[134.6411,35.6505]]],[[[134.6412,35.6507],[134.6409,35.6509],[134.641,35.651],[134.6412,35.6507]]],[[[134.6423,35.6511],[134.6424,35.651],[134.6424,35.651],[134.6423,35.6511]]],[[[134.6415,35.6514],[134.6415,35.6513],[134.6415,35.6514],[134.6415,35.6514]]],[[[134.6444,35.6538],[134.6444,35.654],[134.6446,35.654],[134.6444,35.6538]]],[[[134.6661,35.6546],[134.6662,35.6547],[134.6662,35.6546],[134.6661,35.6546]]],[[[134.6658,35.6551],[134.6658,35.6552],[134.6658,35.6552],[134.6658,35.6551]]],[[[134.6647,35.6555],[134.6646,35.6551],[134.6646,35.6555],[134.6647,35.6555]]],[[[134.6689,35.6564],[134.6688,35.6563],[134.6688,35.6564],[134.6689,35.6564]]],[[[134.669,35.6564],[134.6691,35.6564],[134.669,35.6563],[134.669,35.6564]]],[[[134.6688,35.6566],[134.6689,35.6565],[134.6689,35.6565],[134.6688,35.6566]]],[[[134.6692,35.6567],[134.6693,35.6567],[134.6693,35.6567],[134.6692,35.6567]]],[[[134.6449,35.6569],[134.6449,35.657],[134.645,35.657],[134.6449,35.6569]]],[[[134.6691,35.6572],[134.6691,35.6573],[134.6691,35.6572],[134.6691,35.6572]]],[[[134.6391,35.6579],[134.6406,35.6572],[134.6403,35.6571],[134.6391,35.6579]]],[[[134.6704,35.6579],[134.6703,35.6579],[134.6704,35.6579],[134.6704,35.6579]]],[[[134.6642,35.6582],[134.6642,35.6582],[134.6642,35.6582],[134.6642,35.6582]]],[[[134.6642,35.6582],[134.6642,35.6582],[134.6642,35.6582],[134.6642,35.6582]]],[[[134.6642,35.6582],[134.6642,35.6582],[134.6642,35.6582],[134.6642,35.6582]]],[[[134.6645,35.6583],[134.6644,35.6583],[134.6645,35.6583],[134.6645,35.6583]]],[[[134.6645,35.6583],[134.6645,35.6583],[134.6645,35.6583],[134.6645,35.6583]]],[[[134.6646,35.6584],[134.6646,35.6584],[134.6646,35.6584],[134.6646,35.6584]]],[[[134.6642,35.6584],[134.6642,35.6584],[134.6642,35.6584],[134.6642,35.6584]]],[[[134.6644,35.6584],[134.6645,35.6584],[134.6645,35.6584],[134.6644,35.6584]]],[[[134.6688,35.6586],[134.669,35.6584],[134.6688,35.6584],[134.6688,35.6586]]],[[[134.6645,35.6585],[134.6645,35.6585],[134.6645,35.6585],[134.6645,35.6585]]],[[[134.6459,35.6585],[134.6459,35.6585],[134.646,35.6585],[134.6459,35.6585]]],[[[134.6673,35.6588],[134.6685,35.6585],[134.6683,35.6583],[134.6673,35.6588]]],[[[134.6642,35.6586],[134.6642,35.6586],[134.6642,35.6586],[134.6642,35.6586]]],[[[134.6641,35.6587],[134.6641,35.6587],[134.6641,35.6587],[134.6641,35.6587]]],[[[134.6469,35.6584],[134.6462,35.6586],[134.6462,35.6592],[134.6469,35.6584]]],[[[134.6641,35.6589],[134.6641,35.6589],[134.6641,35.6588],[134.6641,35.6589]]],[[[134.6642,35.6589],[134.6642,35.6589],[134.6642,35.6589],[134.6642,35.6589]]],[[[134.6453,35.6585],[134.6445,35.6583],[134.6429,35.6591],[134.6447,35.6601],[134.6453,35.6585]]],[[[134.6646,35.6594],[134.6646,35.6595],[134.6646,35.6594],[134.6646,35.6594]]],[[[134.6645,35.6595],[134.6645,35.6595],[134.6645,35.6595],[134.6645,35.6595]]],[[[134.6432,35.6595],[134.643,35.6596],[134.6432,35.6596],[134.6432,35.6595]]],[[[134.6644,35.6596],[134.6644,35.6596],[134.6644,35.6596],[134.6644,35.6596]]],[[[134.6644,35.6597],[134.6644,35.6596],[134.6643,35.6596],[134.6644,35.6597]]],[[[134.6435,35.6598],[134.6435,35.6598],[134.6436,35.6598],[134.6435,35.6598]]],[[[134.6436,35.6599],[134.6434,35.6599],[134.6436,35.6599],[134.6436,35.6599]]],[[[134.6431,35.6601],[134.6427,35.6598],[134.6425,35.6604],[134.6431,35.6601]]],[[[134.6392,35.6601],[134.6392,35.6601],[134.6393,35.6602],[134.6392,35.6601]]],[[[134.6432,35.6602],[134.6432,35.6602],[134.6432,35.6602],[134.6432,35.6602]]],[[[134.6393,35.6602],[134.6393,35.6602],[134.6393,35.6602],[134.6393,35.6602]]],[[[134.6389,35.6602],[134.6388,35.6604],[134.639,35.6601],[134.6389,35.6602]]],[[[134.6393,35.6603],[134.6391,35.6601],[134.6391,35.6604],[134.6393,35.6603]]],[[[134.639,35.6604],[134.639,35.6605],[134.639,35.6605],[134.639,35.6604]]],[[[134.6472,35.6606],[134.6474,35.6607],[134.6475,35.6605],[134.6472,35.6606]]],[[[134.6389,35.6606],[134.639,35.6606],[134.639,35.6606],[134.6389,35.6606]]],[[[134.649,35.6608],[134.6491,35.6606],[134.649,35.6607],[134.649,35.6608]]],[[[134.6494,35.6608],[134.6494,35.6609],[134.6495,35.6609],[134.6494,35.6608]]],[[[134.6654,35.661],[134.6653,35.6611],[134.6654,35.6611],[134.6654,35.661]]],[[[134.6498,35.6614],[134.6498,35.6614],[134.6499,35.6615],[134.6498,35.6614]]],[[[134.6609,35.6641],[134.6609,35.664],[134.6609,35.664],[134.6609,35.6641]]],[[[134.6609,35.6642],[134.6609,35.6642],[134.6609,35.6642],[134.6609,35.6642]]],[[[134.6608,35.6642],[134.6607,35.6642],[134.6608,35.6642],[134.6608,35.6642]]],[[[134.6598,35.6645],[134.6596,35.6645],[134.6596,35.6646],[134.6598,35.6645]]],[[[134.6611,35.6654],[134.661,35.6653],[134.6609,35.6653],[134.6611,35.6654]]],[[[134.6625,35.6666],[134.6624,35.6667],[134.6627,35.6668],[134.6625,35.6666]]],[[[134.663,35.6667],[134.6628,35.6668],[134.663,35.6668],[134.663,35.6667]]],[[[134.6627,35.6672],[134.6628,35.6671],[134.6628,35.6671],[134.6627,35.6672]]],[[[134.6626,35.6672],[134.6626,35.6672],[134.6626,35.6672],[134.6626,35.6672]]],[[[134.6637,35.6673],[134.6638,35.6673],[134.6637,35.6672],[134.6637,35.6673]]],[[[134.6639,35.6673],[134.6639,35.6674],[134.6639,35.6674],[134.6639,35.6673]]],[[[134.6629,35.6677],[134.6631,35.6672],[134.6626,35.6674],[134.6629,35.6677]]],[[[134.6642,35.6689],[134.6641,35.6689],[134.6642,35.669],[134.6642,35.6689]]],[[[134.6644,35.669],[134.6645,35.669],[134.6645,35.6689],[134.6644,35.669]]],[[[134.6647,35.669],[134.6648,35.669],[134.6649,35.669],[134.6647,35.669]]],[[[134.665,35.669],[134.6652,35.6691],[134.6652,35.669],[134.665,35.669]]],[[[134.6655,35.6691],[134.6654,35.6691],[134.6655,35.6691],[134.6655,35.6691]]],[[[134.6659,35.6691],[134.6657,35.6691],[134.6658,35.6692],[134.6659,35.6691]]],[[[134.666,35.6692],[134.6661,35.6692],[134.6662,35.6692],[134.666,35.6692]]],[[[134.6664,35.6692],[134.6665,35.6693],[134.6665,35.6692],[134.6664,35.6692]]],[[[134.6667,35.6693],[134.6668,35.6693],[134.6669,35.6692],[134.6667,35.6693]]],[[[134.6796,35.6557],[134.6795,35.6557],[134.6796,35.6557],[134.6796,35.6557]]],[[[134.6786,35.6558],[134.6786,35.6558],[134.6786,35.6558],[134.6786,35.6558]]],[[[134.6807,35.6559],[134.6807,35.6558],[134.6807,35.6558],[134.6807,35.6559]]],[[[134.6802,35.6564],[134.6803,35.6565],[134.6803,35.6565],[134.6802,35.6564]]],[[[134.681,35.6564],[134.6811,35.6565],[134.6811,35.6565],[134.681,35.6564]]],[[[134.678,35.6566],[134.6781,35.6566],[134.6781,35.6565],[134.678,35.6566]]],[[[134.6779,35.6567],[134.6779,35.6567],[134.6779,35.6567],[134.6779,35.6567]]],[[[134.6778,35.6568],[134.6778,35.6569],[134.6779,35.6569],[134.6778,35.6568]]],[[[134.6773,35.6572],[134.6773,35.6571],[134.6773,35.6571],[134.6773,35.6572]]],[[[134.6829,35.6574],[134.683,35.6574],[134.683,35.6574],[134.6829,35.6574]]],[[[134.6778,35.6574],[134.6776,35.6573],[134.6776,35.6575],[134.6778,35.6574]]],[[[134.6768,35.6575],[134.6768,35.6575],[134.6768,35.6575],[134.6768,35.6575]]],[[[134.6833,35.6576],[134.6832,35.6574],[134.6831,35.6576],[134.6833,35.6576]]],[[[134.6829,35.6575],[134.6829,35.6575],[134.683,35.6575],[134.6829,35.6575]]],[[[134.6769,35.6575],[134.6769,35.6576],[134.6769,35.6576],[134.6769,35.6575]]],[[[134.6766,35.6578],[134.6766,35.6577],[134.6766,35.6577],[134.6766,35.6578]]],[[[134.6769,35.6578],[134.6768,35.6577],[134.6768,35.6578],[134.6769,35.6578]]],[[[134.6865,35.6578],[134.6865,35.6579],[134.6865,35.6578],[134.6865,35.6578]]],[[[134.6716,35.6579],[134.6716,35.6577],[134.6714,35.658],[134.6716,35.6579]]],[[[134.6866,35.6579],[134.6866,35.6579],[134.6865,35.6579],[134.6866,35.6579]]],[[[134.6866,35.6581],[134.6866,35.658],[134.6865,35.6581],[134.6866,35.6581]]],[[[134.6785,35.6584],[134.6786,35.6577],[134.6781,35.6579],[134.6785,35.6584]]],[[[134.6864,35.6586],[134.6864,35.6585],[134.6863,35.6586],[134.6864,35.6586]]],[[[134.6865,35.6586],[134.6864,35.6588],[134.6865,35.6589],[134.6865,35.6586]]],[[[134.6867,35.659],[134.6868,35.6591],[134.6868,35.659],[134.6867,35.659]]],[[[134.6863,35.6594],[134.6862,35.6593],[134.6863,35.6594],[134.6863,35.6594]]],[[[134.6868,35.6597],[134.6869,35.6596],[134.6869,35.6596],[134.6868,35.6597]]],[[[134.6871,35.6597],[134.6869,35.6597],[134.6869,35.6597],[134.6871,35.6597]]],[[[134.6865,35.66],[134.6864,35.6601],[134.6865,35.66],[134.6865,35.66]]],[[[134.6736,35.6602],[134.6735,35.6602],[134.6735,35.6602],[134.6736,35.6602]]],[[[134.6734,35.6601],[134.6727,35.6599],[134.673,35.6606],[134.6734,35.6601]]],[[[134.6863,35.6603],[134.6863,35.6603],[134.6863,35.6603],[134.6863,35.6603]]],[[[134.6866,35.6606],[134.6866,35.6607],[134.6867,35.6607],[134.6866,35.6606]]],[[[134.6732,35.6608],[134.6734,35.6608],[134.6732,35.6608],[134.6732,35.6608]]],[[[134.6952,35.6609],[134.6952,35.6609],[134.6952,35.6608],[134.6952,35.6609]]],[[[134.687,35.661],[134.687,35.6609],[134.687,35.661],[134.687,35.661]]],[[[134.6957,35.6611],[134.6959,35.6609],[134.6957,35.6611],[134.6957,35.6611]]],[[[134.6871,35.661],[134.6871,35.6611],[134.6871,35.6611],[134.6871,35.661]]],[[[134.687,35.6611],[134.687,35.661],[134.687,35.661],[134.687,35.6611]]],[[[134.6871,35.6611],[134.6871,35.6611],[134.6871,35.6611],[134.6871,35.6611]]],[[[134.6861,35.6612],[134.6862,35.6612],[134.6862,35.6612],[134.6861,35.6612]]],[[[134.6958,35.6612],[134.6956,35.6613],[134.6958,35.6613],[134.6958,35.6612]]],[[[134.6871,35.6613],[134.687,35.6614],[134.6871,35.6614],[134.6871,35.6613]]],[[[134.6863,35.6615],[134.6862,35.6614],[134.6862,35.6615],[134.6863,35.6615]]],[[[134.6864,35.6616],[134.6864,35.6614],[134.6864,35.6614],[134.6864,35.6616]]],[[[134.674,35.6617],[134.6741,35.6617],[134.6739,35.6616],[134.674,35.6617]]],[[[134.6871,35.6618],[134.6871,35.6616],[134.6871,35.6616],[134.6871,35.6618]]],[[[134.6739,35.6618],[134.6737,35.6618],[134.6738,35.6619],[134.6739,35.6618]]],[[[134.6708,35.6628],[134.6709,35.6628],[134.6706,35.6625],[134.6708,35.6628]]],[[[134.6869,35.6629],[134.687,35.6628],[134.6869,35.6628],[134.6869,35.6629]]],[[[134.6708,35.663],[134.6709,35.6629],[134.6708,35.6629],[134.6708,35.663]]],[[[134.6722,35.6605],[134.6705,35.662],[134.6717,35.6636],[134.6719,35.6645],[134.6713,35.6652],[134.6726,35.6661],[134.6729,35.6639],[134.6743,35.6632],[134.6722,35.6605]]],[[[134.6713,35.6636],[134.6717,35.6636],[134.6716,35.6635],[134.6713,35.6636]]],[[[134.6875,35.6636],[134.6875,35.6635],[134.6875,35.6635],[134.6875,35.6636]]],[[[134.6877,35.664],[134.6876,35.6641],[134.6877,35.6641],[134.6877,35.664]]],[[[134.6876,35.6643],[134.6877,35.6642],[134.6876,35.6642],[134.6876,35.6643]]],[[[134.6877,35.6643],[134.6877,35.6642],[134.6877,35.6642],[134.6877,35.6643]]],[[[134.6709,35.6644],[134.6716,35.6645],[134.6714,35.6643],[134.6709,35.6644]]],[[[134.6878,35.6644],[134.6878,35.6644],[134.6878,35.6643],[134.6878,35.6644]]],[[[134.6716,35.6644],[134.6717,35.6644],[134.6717,35.6644],[134.6716,35.6644]]],[[[134.6905,35.6647],[134.6905,35.6648],[134.6906,35.6647],[134.6905,35.6647]]],[[[134.6906,35.6648],[134.6906,35.6648],[134.6906,35.6648],[134.6906,35.6648]]],[[[134.6916,35.6649],[134.6917,35.6649],[134.6916,35.6648],[134.6916,35.6649]]],[[[134.6929,35.6649],[134.6929,35.6649],[134.6929,35.665],[134.6929,35.6649]]],[[[134.6928,35.6649],[134.6928,35.665],[134.6928,35.6649],[134.6928,35.6649]]],[[[134.6928,35.665],[134.6929,35.665],[134.6929,35.665],[134.6928,35.665]]],[[[134.693,35.6651],[134.6931,35.6651],[134.6931,35.665],[134.693,35.6651]]],[[[134.6929,35.6651],[134.6929,35.6651],[134.6928,35.6651],[134.6929,35.6651]]],[[[134.6931,35.6651],[134.6931,35.6652],[134.6931,35.6651],[134.6931,35.6651]]],[[[134.6734,35.6652],[134.6735,35.6651],[134.673,35.6652],[134.6734,35.6652]]],[[[134.6877,35.6652],[134.6878,35.6653],[134.6878,35.6653],[134.6877,35.6652]]],[[[134.689,35.6652],[134.689,35.6653],[134.689,35.6653],[134.689,35.6652]]],[[[134.6932,35.6654],[134.693,35.6655],[134.693,35.6656],[134.6932,35.6654]]],[[[134.6934,35.6656],[134.6935,35.6655],[134.6934,35.6655],[134.6934,35.6656]]],[[[134.6921,35.6663],[134.6922,35.6661],[134.6921,35.6661],[134.6921,35.6663]]],[[[134.6924,35.6662],[134.6925,35.6663],[134.6925,35.6662],[134.6924,35.6662]]],[[[134.7082,35.6544],[134.7083,35.6543],[134.7082,35.6543],[134.7082,35.6544]]],[[[134.7082,35.6543],[134.7081,35.6543],[134.7081,35.6544],[134.7082,35.6543]]],[[[134.7078,35.6544],[134.7078,35.6544],[134.7078,35.6545],[134.7078,35.6544]]],[[[134.697,35.6548],[134.6971,35.6548],[134.6971,35.6548],[134.697,35.6548]]],[[[134.707,35.6549],[134.707,35.6547],[134.7069,35.6547],[134.707,35.6549]]],[[[134.6986,35.6548],[134.6985,35.6549],[134.6987,35.6549],[134.6986,35.6548]]],[[[134.7083,35.655],[134.7083,35.655],[134.7084,35.6551],[134.7083,35.655]]],[[[134.6998,35.6552],[134.7,35.6552],[134.7,35.6551],[134.6998,35.6552]]],[[[134.7084,35.6552],[134.7083,35.6553],[134.7084,35.6553],[134.7084,35.6552]]],[[[134.7084,35.6554],[134.7083,35.6553],[134.7083,35.6554],[134.7084,35.6554]]],[[[134.7074,35.6554],[134.7075,35.6553],[134.7075,35.6553],[134.7074,35.6554]]],[[[134.6979,35.6554],[134.6977,35.6554],[134.6978,35.6555],[134.6979,35.6554]]],[[[134.7083,35.6555],[134.7084,35.6554],[134.7083,35.6554],[134.7083,35.6555]]],[[[134.7082,35.6556],[134.7081,35.6557],[134.7081,35.6557],[134.7082,35.6556]]],[[[134.7082,35.6558],[134.7083,35.6558],[134.7082,35.6557],[134.7082,35.6558]]],[[[134.7084,35.6559],[134.7084,35.6559],[134.7084,35.6558],[134.7084,35.6559]]],[[[134.7083,35.6559],[134.7083,35.6559],[134.7083,35.6559],[134.7083,35.6559]]],[[[134.7085,35.656],[134.7084,35.6559],[134.7083,35.656],[134.7085,35.656]]],[[[134.708,35.6561],[134.7081,35.6561],[134.708,35.656],[134.708,35.6561]]],[[[134.7087,35.6567],[134.7088,35.6566],[134.7087,35.6565],[134.7087,35.6567]]],[[[134.709,35.6573],[134.7091,35.6575],[134.7091,35.6574],[134.709,35.6573]]],[[[134.7098,35.6607],[134.7095,35.6608],[134.7098,35.6607],[134.7098,35.6607]]],[[[134.6965,35.6617],[134.6964,35.6617],[134.6964,35.6618],[134.6965,35.6617]]],[[[134.6961,35.6617],[134.6963,35.6618],[134.6963,35.6617],[134.6961,35.6617]]],[[[134.7084,35.6619],[134.7083,35.6622],[134.7086,35.6621],[134.7084,35.6619]]],[[[134.7085,35.6625],[134.7084,35.6624],[134.7084,35.6625],[134.7085,35.6625]]],[[[134.6966,35.6626],[134.6965,35.6624],[134.6965,35.6624],[134.6966,35.6626]]],[[[134.7084,35.6624],[134.7083,35.6625],[134.7084,35.6626],[134.7084,35.6624]]],[[[134.6961,35.6628],[134.6961,35.6628],[134.6961,35.6629],[134.6961,35.6628]]],[[[134.7084,35.6631],[134.7085,35.663],[134.7084,35.663],[134.7084,35.6631]]],[[[134.7079,35.663],[134.7078,35.663],[134.7078,35.663],[134.7079,35.663]]],[[[134.7083,35.6636],[134.7082,35.6635],[134.7082,35.6636],[134.7083,35.6636]]],[[[134.7083,35.6636],[134.7084,35.6636],[134.7084,35.6635],[134.7083,35.6636]]],[[[134.7079,35.6637],[134.7079,35.6636],[134.7078,35.6637],[134.7079,35.6637]]],[[[134.7082,35.6636],[134.7081,35.6636],[134.7081,35.6637],[134.7082,35.6636]]],[[[134.7081,35.6637],[134.708,35.6638],[134.7081,35.6638],[134.7081,35.6637]]],[[[134.7082,35.6639],[134.708,35.6639],[134.7081,35.6641],[134.7082,35.6639]]],[[[134.7077,35.6639],[134.7077,35.664],[134.7077,35.664],[134.7077,35.6639]]],[[[134.7085,35.6643],[134.7085,35.6643],[134.7086,35.6643],[134.7085,35.6643]]],[[[134.7084,35.6643],[134.7083,35.6643],[134.7084,35.6644],[134.7084,35.6643]]],[[[134.7084,35.6645],[134.7084,35.6645],[134.7083,35.6646],[134.7084,35.6645]]],[[[134.708,35.6652],[134.7079,35.6651],[134.7079,35.6652],[134.708,35.6652]]],[[[134.7079,35.6653],[134.7077,35.6654],[134.7078,35.6655],[134.7079,35.6653]]],[[[134.7093,35.6655],[134.7092,35.6655],[134.7093,35.6656],[134.7093,35.6655]]],[[[134.7101,35.6658],[134.71,35.6656],[134.71,35.6658],[134.7101,35.6658]]],[[[134.7096,35.6658],[134.7096,35.6656],[134.7095,35.6656],[134.7096,35.6658]]],[[[134.7061,35.6659],[134.7063,35.6658],[134.7063,35.6657],[134.7061,35.6659]]],[[[134.7102,35.6658],[134.7105,35.6659],[134.7103,35.6658],[134.7102,35.6658]]],[[[134.7094,35.6659],[134.7095,35.6659],[134.7094,35.6658],[134.7094,35.6659]]],[[[134.7099,35.666],[134.71,35.6659],[134.7099,35.6658],[134.7099,35.666]]],[[[134.7096,35.6659],[134.7096,35.666],[134.7097,35.6659],[134.7096,35.6659]]],[[[134.7064,35.6661],[134.7068,35.6663],[134.7069,35.6659],[134.7064,35.6661]]],[[[134.7061,35.6662],[134.7063,35.666],[134.7062,35.666],[134.7061,35.6662]]],[[[134.7105,35.6662],[134.7104,35.6662],[134.7104,35.6662],[134.7105,35.6662]]],[[[134.7102,35.6662],[134.7102,35.6663],[134.7102,35.6663],[134.7102,35.6662]]],[[[134.7104,35.6663],[134.7106,35.6664],[134.7105,35.6663],[134.7104,35.6663]]],[[[134.7067,35.6666],[134.7067,35.6665],[134.7066,35.6666],[134.7067,35.6666]]],[[[134.7088,35.6666],[134.7089,35.6666],[134.7089,35.6666],[134.7088,35.6666]]],[[[134.7105,35.6668],[134.7105,35.6667],[134.7105,35.6667],[134.7105,35.6668]]],[[[134.7104,35.6667],[134.7103,35.6668],[134.7104,35.6668],[134.7104,35.6667]]],[[[134.7071,35.6666],[134.7071,35.6669],[134.7073,35.6669],[134.7071,35.6666]]],[[[134.7085,35.667],[134.7087,35.6667],[134.7084,35.6666],[134.7085,35.667]]],[[[134.709,35.6668],[134.709,35.6668],[134.709,35.6669],[134.709,35.6668]]],[[[134.7103,35.6669],[134.7103,35.6668],[134.7102,35.6669],[134.7103,35.6669]]],[[[134.7105,35.6669],[134.7104,35.6669],[134.7105,35.667],[134.7105,35.6669]]],[[[134.7104,35.6671],[134.7105,35.6671],[134.7105,35.667],[134.7104,35.6671]]],[[[134.7104,35.6672],[134.7104,35.6672],[134.7104,35.6671],[134.7104,35.6672]]],[[[134.7104,35.6672],[134.7103,35.6672],[134.7103,35.6673],[134.7104,35.6672]]],[[[134.7102,35.6674],[134.7101,35.6673],[134.7101,35.6674],[134.7102,35.6674]]],[[[134.7098,35.6677],[134.7098,35.6677],[134.7098,35.6677],[134.7098,35.6677]]],[[[134.7095,35.6677],[134.7094,35.6677],[134.7094,35.6678],[134.7095,35.6677]]],[[[134.71,35.6678],[134.7101,35.6678],[134.71,35.6678],[134.71,35.6678]]],[[[134.7094,35.6679],[134.7095,35.6678],[134.7095,35.6678],[134.7094,35.6679]]],[[[134.7098,35.6678],[134.7098,35.668],[134.7099,35.6679],[134.7098,35.6678]]],[[[134.71,35.668],[134.7102,35.668],[134.71,35.6679],[134.71,35.668]]],[[[134.7091,35.6682],[134.7095,35.6684],[134.7095,35.668],[134.7091,35.6682]]],[[[134.733,35.659],[134.733,35.6589],[134.733,35.6589],[134.733,35.659]]],[[[134.7329,35.6595],[134.7329,35.6595],[134.7329,35.6595],[134.7329,35.6595]]],[[[134.7288,35.6622],[134.7287,35.6622],[134.7287,35.6623],[134.7288,35.6622]]],[[[134.7312,35.6624],[134.7312,35.6623],[134.7312,35.6624],[134.7312,35.6624]]],[[[134.7312,35.6624],[134.7313,35.6624],[134.7313,35.6624],[134.7312,35.6624]]],[[[134.7309,35.6623],[134.7308,35.6625],[134.7309,35.6625],[134.7309,35.6623]]],[[[134.7316,35.6624],[134.7316,35.6624],[134.7316,35.6624],[134.7316,35.6624]]],[[[134.7318,35.6625],[134.7317,35.6624],[134.7317,35.6625],[134.7318,35.6625]]],[[[134.7316,35.6625],[134.7316,35.6625],[134.7316,35.6625],[134.7316,35.6625]]],[[[134.7309,35.6626],[134.7309,35.6624],[134.7309,35.6626],[134.7309,35.6626]]],[[[134.7322,35.6625],[134.7322,35.6626],[134.7323,35.6625],[134.7322,35.6625]]],[[[134.7321,35.6626],[134.7321,35.6626],[134.7321,35.6626],[134.7321,35.6626]]],[[[134.7305,35.6626],[134.7305,35.6627],[134.7306,35.6627],[134.7305,35.6626]]],[[[134.714,35.6648],[134.714,35.6649],[134.7141,35.6648],[134.714,35.6648]]],[[[134.7143,35.6649],[134.7142,35.6649],[134.7143,35.6649],[134.7143,35.6649]]],[[[134.7137,35.6649],[134.7137,35.6649],[134.7137,35.6649],[134.7137,35.6649]]],[[[134.7135,35.6649],[134.7135,35.665],[134.7135,35.665],[134.7135,35.6649]]],[[[134.714,35.665],[134.7141,35.665],[134.7141,35.6649],[134.714,35.665]]],[[[134.7143,35.6649],[134.7143,35.665],[134.7143,35.6649],[134.7143,35.6649]]],[[[134.714,35.6651],[134.7139,35.665],[134.7139,35.6651],[134.714,35.6651]]],[[[134.7148,35.6651],[134.7149,35.6651],[134.7148,35.665],[134.7148,35.6651]]],[[[134.7144,35.6651],[134.7144,35.6651],[134.7144,35.6651],[134.7144,35.6651]]],[[[134.7277,35.665],[134.7276,35.6652],[134.7278,35.6652],[134.7277,35.665]]],[[[134.7149,35.6652],[134.7149,35.6652],[134.7149,35.6652],[134.7149,35.6652]]],[[[134.7126,35.6654],[134.7127,35.6652],[134.7126,35.6652],[134.7126,35.6654]]],[[[134.7108,35.6654],[134.7109,35.6654],[134.7108,35.6654],[134.7108,35.6654]]],[[[134.7129,35.6656],[134.7129,35.6656],[134.7129,35.6655],[134.7129,35.6656]]],[[[134.7108,35.6655],[134.7108,35.6656],[134.7109,35.6656],[134.7108,35.6655]]],[[[134.7111,35.6656],[134.7111,35.6656],[134.7111,35.6656],[134.7111,35.6656]]],[[[134.7109,35.6656],[134.7108,35.6656],[134.7109,35.6657],[134.7109,35.6656]]],[[[134.7276,35.6657],[134.7276,35.6656],[134.7275,35.6657],[134.7276,35.6657]]],[[[134.7122,35.6657],[134.7121,35.6657],[134.7121,35.6658],[134.7122,35.6657]]],[[[134.7174,35.6657],[134.7173,35.6657],[134.7174,35.6658],[134.7174,35.6657]]],[[[134.7111,35.6658],[134.7112,35.6658],[134.7112,35.6657],[134.7111,35.6658]]],[[[134.7171,35.6658],[134.7172,35.6659],[134.7172,35.6657],[134.7171,35.6658]]],[[[134.7169,35.6659],[134.7168,35.6658],[134.7169,35.6659],[134.7169,35.6659]]],[[[134.7267,35.6659],[134.727,35.6661],[134.727,35.6658],[134.7267,35.6659]]],[[[134.7129,35.666],[134.7129,35.6661],[134.7129,35.666],[134.7129,35.666]]],[[[134.7122,35.6661],[134.712,35.666],[134.712,35.6661],[134.7122,35.6661]]],[[[134.715,35.6661],[134.7149,35.6661],[134.715,35.6661],[134.715,35.6661]]],[[[134.7119,35.6663],[134.7121,35.6663],[134.7121,35.6662],[134.7119,35.6663]]],[[[134.7263,35.6664],[134.7263,35.6663],[134.7262,35.6663],[134.7263,35.6664]]],[[[134.7148,35.6664],[134.7148,35.6664],[134.7148,35.6665],[134.7148,35.6664]]],[[[134.7121,35.6664],[134.7121,35.6665],[134.7122,35.6664],[134.7121,35.6664]]],[[[134.7261,35.6665],[134.7261,35.6664],[134.726,35.6664],[134.7261,35.6665]]],[[[134.7119,35.6666],[134.7119,35.6665],[134.7119,35.6666],[134.7119,35.6666]]],[[[134.713,35.6666],[134.7129,35.6665],[134.7129,35.6666],[134.713,35.6666]]],[[[134.7148,35.6668],[134.7147,35.6665],[134.7146,35.6666],[134.7148,35.6668]]],[[[134.7262,35.6668],[134.7262,35.6667],[134.7262,35.6667],[134.7262,35.6668]]],[[[134.7122,35.6668],[134.7123,35.6668],[134.7126,35.6667],[134.7122,35.6668]]],[[[134.7259,35.6669],[134.7258,35.6669],[134.7259,35.6669],[134.7259,35.6669]]],[[[134.7316,35.6672],[134.7312,35.6668],[134.731,35.6671],[134.7316,35.6672]]],[[[134.726,35.667],[134.726,35.6671],[134.726,35.667],[134.726,35.667]]],[[[134.7259,35.6671],[134.7258,35.6671],[134.7259,35.6671],[134.7259,35.6671]]],[[[134.7249,35.667],[134.7248,35.667],[134.7248,35.6672],[134.7249,35.667]]],[[[134.7212,35.667],[134.721,35.6671],[134.7212,35.6671],[134.7212,35.667]]],[[[134.7209,35.6671],[134.7205,35.6669],[134.7206,35.6673],[134.7209,35.6671]]],[[[134.7214,35.6673],[134.7214,35.6671],[134.7213,35.6671],[134.7214,35.6673]]],[[[134.7258,35.6673],[134.7259,35.6673],[134.7259,35.6672],[134.7258,35.6673]]],[[[134.7274,35.6672],[134.7274,35.6673],[134.7275,35.6673],[134.7274,35.6672]]],[[[134.7108,35.6673],[134.7108,35.6673],[134.7109,35.6674],[134.7108,35.6673]]],[[[134.7264,35.6673],[134.726,35.6675],[134.7265,35.6677],[134.7264,35.6673]]],[[[134.7211,35.6676],[134.7214,35.6676],[134.7213,35.6675],[134.7211,35.6676]]],[[[134.7214,35.6677],[134.7215,35.6677],[134.7215,35.6677],[134.7214,35.6677]]],[[[134.7267,35.6681],[134.7267,35.6679],[134.7266,35.668],[134.7267,35.6681]]],[[[134.7306,35.6682],[134.731,35.6682],[134.7309,35.668],[134.7306,35.6682]]],[[[134.7314,35.6684],[134.7311,35.6683],[134.731,35.6685],[134.7314,35.6684]]],[[[134.7302,35.6685],[134.7304,35.6684],[134.7303,35.6684],[134.7302,35.6685]]],[[[134.731,35.6693],[134.731,35.6692],[134.7309,35.6692],[134.731,35.6693]]]]}},{"type":"Feature","properties":{"code":"28586","name":"新温泉町","pref_code":"28","pref":"兵庫県"},"geometry":{"type":"MultiPolygon","coordinates":[[[[134.3754,35.6119],[134.3754,35.6117],[134.3753,35.6118],[134.3754,35.6119]]],[[[134.3756,35.612],[134.3756,35.6119],[134.3756,35.612],[134.3756,35.612]]],[[[134.3822,35.6121],[134.3822,35.6121],[134.3822,35.6122],[134.3822,35.6121]]],[[[134.3764,35.6126],[134.3765,35.6125],[134.3764,35.6125],[134.3764,35.6126]]],[[[134.3763,35.6125],[134.3762,35.6126],[134.3763,35.6126],[134.3763,35.6125]]],[[[134.3812,35.6133],[134.3812,35.6133],[134.3812,35.6133],[134.3812,35.6133]]],[[[134.3772,35.6136],[134.3766,35.6131],[134.3766,35.6131],[134.3772,35.6136]]],[[[134.381,35.6133],[134.381,35.6134],[134.381,35.6134],[134.381,35.6133]]],[[[134.3823,35.6134],[134.3822,35.6134],[134.3822,35.6135],[134.3823,35.6134]]],[[[134.3808,35.6135],[134.3808,35.6134],[134.3808,35.6135],[134.3808,35.6135]]],[[[134.3811,35.6136],[134.381,35.6136],[134.3811,35.6136],[134.3811,35.6136]]],[[[134.3775,35.6137],[134.3775,35.6136],[134.3774,35.6136],[134.3775,35.6137]]],[[[134.3803,35.6136],[134.3807,35.6136],[134.3803,35.6135],[134.3803,35.6136]]],[[[134.375,35.6135],[134.3751,35.6139],[134.3751,35.6138],[134.375,35.6135]]],[[[134.3802,35.6138],[134.3804,35.6138],[134.3802,35.6137],[134.3802,35.6138]]],[[[134.373,35.6142],[134.373,35.6142],[134.373,35.6143],[134.373,35.6142]]],[[[134.3748,35.6146],[134.3746,35.6141],[134.3745,35.6147],[134.3748,35.6146]]],[[[134.3709,35.615],[134.3708,35.6149],[134.3708,35.615],[134.3709,35.615]]],[[[134.3845,35.6154],[134.3855,35.6152],[134.3845,35.6153],[134.3845,35.6154]]],[[[134.3849,35.6157],[134.3849,35.6158],[134.385,35.6158],[134.3849,35.6157]]],[[[134.3846,35.6159],[134.3846,35.6158],[134.3845,35.6158],[134.3846,35.6159]]],[[[134.3835,35.6165],[134.3835,35.6156],[134.3834,35.6156],[134.3835,35.6165]]],[[[134.3845,35.6173],[134.3852,35.6177],[134.3862,35.6162],[134.3851,35.6159],[134.3845,35.6173]]],[[[134.3847,35.6181],[134.3841,35.6175],[134.3845,35.6183],[134.3847,35.6181]]],[[[134.3836,35.618],[134.3831,35.6182],[134.3835,35.6183],[134.3836,35.618]]],[[[134.3869,35.6182],[134.3871,35.618],[134.3868,35.618],[134.3869,35.6182]]],[[[134.3874,35.6181],[134.3874,35.6182],[134.3875,35.6181],[134.3874,35.6181]]],[[[134.3866,35.6185],[134.3862,35.6182],[134.3855,35.6179],[134.3866,35.6185]]],[[[134.3988,35.6183],[134.3987,35.6183],[134.3987,35.6183],[134.3988,35.6183]]],[[[134.3896,35.6184],[134.3897,35.6185],[134.3897,35.6184],[134.3896,35.6184]]],[[[134.3961,35.6186],[134.396,35.6185],[134.396,35.6185],[134.3961,35.6186]]],[[[134.3873,35.6185],[134.3873,35.6186],[134.3873,35.6185],[134.3873,35.6185]]],[[[134.3987,35.6187],[134.3988,35.6185],[134.3986,35.6186],[134.3987,35.6187]]],[[[134.3985,35.6189],[134.3984,35.6188],[134.3985,35.6189],[134.3985,35.6189]]],[[[134.398,35.6189],[134.3984,35.619],[134.3982,35.6187],[134.398,35.6189]]],[[[134.3915,35.6191],[134.3913,35.6189],[134.3915,35.6191],[134.3915,35.6191]]],[[[134.3967,35.6189],[134.3968,35.6191],[134.3969,35.6191],[134.3967,35.6189]]],[[[134.3897,35.6192],[134.39,35.6191],[134.3896,35.6189],[134.3897,35.6192]]],[[[134.3805,35.619],[134.3809,35.6195],[134.3811,35.6191],[134.3805,35.619]]],[[[134.3925,35.6194],[134.3921,35.6194],[134.3925,35.6195],[134.3925,35.6194]]],[[[134.3986,35.6196],[134.3988,35.6198],[134.3989,35.6195],[134.3986,35.6196]]],[[[134.3981,35.6198],[134.3982,35.6196],[134.3979,35.6198],[134.3981,35.6198]]],[[[134.3986,35.6199],[134.3986,35.6199],[134.3986,35.6199],[134.3986,35.6199]]],[[[134.3935,35.62],[134.3935,35.62],[134.3935,35.62],[134.3935,35.62]]],[[[134.3932,35.6201],[134.3932,35.62],[134.3931,35.62],[134.3932,35.6201]]],[[[134.3983,35.6203],[134.3983,35.6204],[134.3983,35.6203],[134.3983,35.6203]]],[[[134.3975,35.6206],[134.3977,35.6204],[134.3976,35.6203],[134.3975,35.6206]]],[[[134.399,35.6207],[134.3983,35.621],[134.3988,35.6211],[134.399,35.6207]]],[[[134.406,35.6164],[134.406,35.6162],[134.4058,35.6162],[134.406,35.6164]]],[[[134.4053,35.6164],[134.4053,35.6162],[134.4052,35.6163],[134.4053,35.6164]]],[[[134.4011,35.6164],[134.401,35.6165],[134.4011,35.6164],[134.4011,35.6164]]],[[[134.4003,35.6165],[134.4003,35.6165],[134.4003,35.6165],[134.4003,35.6165]]],[[[134.4039,35.6166],[134.4039,35.6164],[134.4037,35.6166],[134.4039,35.6166]]],[[[134.4007,35.6166],[134.4006,35.6165],[134.4006,35.6165],[134.4007,35.6166]]],[[[134.4003,35.617],[134.4003,35.6169],[134.4003,35.617],[134.4003,35.617]]],[[[134.4005,35.6171],[134.4003,35.6171],[134.4004,35.6171],[134.4005,35.6171]]],[[[134.4006,35.6172],[134.4006,35.6171],[134.4006,35.6172],[134.4006,35.6172]]],[[[134.4012,35.6172],[134.4012,35.6173],[134.4012,35.6173],[134.4012,35.6172]]],[[[134.4079,35.6176],[134.4076,35.6175],[134.4076,35.6176],[134.4079,35.6176]]],[[[134.4091,35.6176],[134.409,35.6176],[134.4091,35.6176],[134.4091,35.6176]]],[[[134.399,35.6176],[134.3992,35.6176],[134.399,35.6175],[134.399,35.6176]]],[[[134.4064,35.6178],[134.4063,35.6177],[134.4064,35.6178],[134.4064,35.6178]]],[[[134.4073,35.6179],[134.4067,35.6178],[134.4068,35.6181],[134.4073,35.6179]]],[[[134.4075,35.618],[134.4076,35.6178],[134.4075,35.6178],[134.4075,35.618]]],[[[134.4061,35.6179],[134.4061,35.618],[134.4062,35.618],[134.4061,35.6179]]],[[[134.4079,35.6179],[134.4079,35.618],[134.4079,35.618],[134.4079,35.6179]]],[[[134.3994,35.6181],[134.399,35.6182],[134.3989,35.6182],[134.3994,35.6181]]],[[[134.4075,35.6183],[134.4075,35.6182],[134.4075,35.6183],[134.4075,35.6183]]],[[[134.407,35.6183],[134.407,35.6182],[134.4069,35.6183],[134.407,35.6183]]],[[[134.4067,35.6183],[134.4066,35.6183],[134.4067,35.6183],[134.4067,35.6183]]],[[[134.4097,35.6184],[134.4098,35.6183],[134.4097,35.6184],[134.4097,35.6184]]],[[[134.3993,35.6184],[134.3993,35.6184],[134.3993,35.6183],[134.3993,35.6184]]],[[[134.4073,35.6184],[134.4073,35.6184],[134.4073,35.6184],[134.4073,35.6184]]],[[[134.4099,35.6186],[134.4098,35.6185],[134.4098,35.6186],[134.4099,35.6186]]],[[[134.4074,35.6186],[134.4073,35.6186],[134.4073,35.6187],[134.4074,35.6186]]],[[[134.3993,35.6187],[134.3993,35.6187],[134.3993,35.6187],[134.3993,35.6187]]],[[[134.4098,35.6188],[134.4099,35.6188],[134.4099,35.6187],[134.4098,35.6188]]],[[[134.4095,35.6188],[134.4095,35.6188],[134.4095,35.6188],[134.4095,35.6188]]],[[[134.4067,35.6189],[134.4069,35.6189],[134.4068,35.6188],[134.4067,35.6189]]],[[[134.4097,35.619],[134.4097,35.619],[134.4097,35.619],[134.4097,35.619]]],[[[134.4128,35.6191],[134.4127,35.6191],[134.4128,35.6191],[134.4128,35.6191]]],[[[134.399,35.6193],[134.3986,35.6192],[134.3985,35.6193],[134.399,35.6193]]],[[[134.4097,35.6193],[134.4098,35.6193],[134.4098,35.6193],[134.4097,35.6193]]],[[[134.4135,35.6193],[134.4134,35.6194],[134.4135,35.6194],[134.4135,35.6193]]],[[[134.3992,35.6196],[134.3993,35.6195],[134.3991,35.6195],[134.3992,35.6196]]],[[[134.4123,35.6196],[134.4123,35.6196],[134.4123,35.6196],[134.4123,35.6196]]],[[[134.4125,35.6196],[134.4125,35.6196],[134.4125,35.6196],[134.4125,35.6196]]],[[[134.412,35.6197],[134.412,35.6197],[134.412,35.6197],[134.412,35.6197]]],[[[134.3995,35.6197],[134.3994,35.6197],[134.3994,35.6197],[134.3995,35.6197]]],[[[134.3992,35.6197],[134.3991,35.6197],[134.3992,35.6198],[134.3992,35.6197]]],[[[134.4109,35.6198],[134.4109,35.6198],[134.4109,35.6198],[134.4109,35.6198]]],[[[134.3991,35.6199],[134.3991,35.6199],[134.3991,35.6199],[134.3991,35.6199]]],[[[134.4126,35.62],[134.4126,35.62],[134.4126,35.62],[134.4126,35.62]]],[[[134.4111,35.62],[134.4109,35.6202],[134.4111,35.6202],[134.4111,35.62]]],[[[134.399,35.6202],[134.399,35.6202],[134.399,35.6202],[134.399,35.6202]]],[[[134.3988,35.6202],[134.3988,35.6202],[134.3988,35.6202],[134.3988,35.6202]]],[[[134.4137,35.6194],[134.4137,35.6195],[134.4137,35.6194],[134.4137,35.6194]]],[[[134.4136,35.6196],[134.4136,35.6196],[134.4136,35.6195],[134.4136,35.6196]]],[[[134.4138,35.6197],[134.4138,35.6198],[134.4138,35.6198],[134.4138,35.6197]]],[[[134.4137,35.6203],[134.4136,35.6202],[134.4136,35.6203],[134.4137,35.6203]]],[[[134.4168,35.6205],[134.4169,35.6205],[134.4169,35.6203],[134.4168,35.6205]]],[[[134.4171,35.6207],[134.4171,35.6206],[134.4171,35.6206],[134.4171,35.6207]]],[[[134.4171,35.6208],[134.4172,35.6209],[134.4172,35.6208],[134.4171,35.6208]]],[[[134.4169,35.6211],[134.4169,35.6211],[134.4168,35.6211],[134.4169,35.6211]]],[[[134.4162,35.6213],[134.4161,35.6212],[134.4161,35.6213],[134.4162,35.6213]]],[[[134.4159,35.6214],[134.4158,35.6214],[134.4158,35.6214],[134.4159,35.6214]]],[[[134.4159,35.6215],[134.4162,35.6215],[134.4162,35.6214],[134.4159,35.6215]]],[[[134.4156,35.6217],[134.4157,35.6217],[134.4157,35.6217],[134.4156,35.6217]]],[[[134.4158,35.6221],[134.416,35.6219],[134.4159,35.6218],[134.4158,35.6221]]],[[[134.4262,35.6222],[134.4261,35.6222],[134.4261,35.6222],[134.4262,35.6222]]],[[[134.4259,35.6222],[134.426,35.6222],[134.426,35.6222],[134.4259,35.6222]]],[[[134.4261,35.6224],[134.4261,35.6223],[134.4261,35.6223],[134.4261,35.6224]]],[[[134.4164,35.6224],[134.4163,35.6223],[134.4163,35.6224],[134.4164,35.6224]]],[[[134.4232,35.6224],[134.4231,35.6225],[134.4232,35.6225],[134.4232,35.6224]]],[[[134.4233,35.6225],[134.4234,35.6225],[134.4233,35.6225],[134.4233,35.6225]]],[[[134.4161,35.6225],[134.4161,35.6225],[134.4161,35.6225],[134.4161,35.6225]]],[[[134.4231,35.6226],[134.4231,35.6227],[134.4231,35.6227],[134.4231,35.6226]]],[[[134.4167,35.6229],[134.4165,35.6226],[134.4164,35.6229],[134.4167,35.6229]]],[[[134.424,35.6229],[134.4239,35.6229],[134.424,35.6229],[134.424,35.6229]]],[[[134.4265,35.6229],[134.4265,35.623],[134.4265,35.623],[134.4265,35.6229]]],[[[134.417,35.623],[134.4171,35.623],[134.417,35.623],[134.417,35.623]]],[[[134.4266,35.6231],[134.4269,35.6231],[134.4266,35.623],[134.4266,35.6231]]],[[[134.4235,35.6234],[134.4235,35.6234],[134.4235,35.6234],[134.4235,35.6234]]],[[[134.4266,35.6234],[134.4265,35.6234],[134.4265,35.6234],[134.4266,35.6234]]],[[[134.4178,35.6235],[134.4177,35.6234],[134.4176,35.6234],[134.4178,35.6235]]],[[[134.4234,35.6236],[134.4235,35.6236],[134.4235,35.6236],[134.4234,35.6236]]],[[[134.4269,35.6236],[134.4267,35.6236],[134.4267,35.6236],[134.4269,35.6236]]],[[[134.4174,35.6234],[134.4174,35.6238],[134.4175,35.6237],[134.4174,35.6234]]],[[[134.4273,35.6239],[134.4271,35.6233],[134.4269,35.6234],[134.4273,35.6239]]],[[[134.4236,35.6238],[134.4236,35.6237],[134.4236,35.6238],[134.4236,35.6238]]],[[[134.427,35.6239],[134.427,35.624],[134.427,35.6239],[134.427,35.6239]]],[[[134.4231,35.6242],[134.4225,35.6242],[134.423,35.6243],[134.4231,35.6242]]],[[[134.4173,35.6242],[134.4173,35.6241],[134.4173,35.6241],[134.4173,35.6242]]],[[[134.4233,35.6242],[134.4233,35.6243],[134.4234,35.6243],[134.4233,35.6242]]],[[[134.4269,35.6244],[134.4269,35.6244],[134.4268,35.6244],[134.4269,35.6244]]],[[[134.4171,35.6245],[134.4172,35.6243],[134.417,35.6244],[134.4171,35.6245]]],[[[134.4235,35.6244],[134.4235,35.6245],[134.4236,35.6245],[134.4235,35.6244]]],[[[134.4272,35.6246],[134.4271,35.6246],[134.4272,35.6246],[134.4272,35.6246]]],[[[134.4232,35.6247],[134.4232,35.6247],[134.4232,35.6247],[134.4232,35.6247]]],[[[134.4226,35.6249],[134.4228,35.6248],[134.4226,35.6247],[134.4226,35.6249]]],[[[134.4233,35.6249],[134.4234,35.6248],[134.4232,35.6248],[134.4233,35.6249]]],[[[134.4285,35.6243],[134.4293,35.6263],[134.4294,35.6263],[134.4285,35.6243]]],[[[134.4312,35.6299],[134.4302,35.63],[134.4312,35.6304],[134.4312,35.6299]]],[[[134.4306,35.6304],[134.4306,35.6304],[134.4305,35.6304],[134.4306,35.6304]]],[[[134.4329,35.6213],[134.4321,35.621],[134.4321,35.6211],[134.4329,35.6213]]],[[[134.4333,35.6213],[134.4333,35.6214],[134.434,35.6221],[134.4333,35.6213]]],[[[134.4322,35.6244],[134.4322,35.6243],[134.4321,35.6243],[134.4322,35.6244]]],[[[134.4339,35.6245],[134.4339,35.6242],[134.4331,35.6247],[134.4339,35.6245]]],[[[134.4319,35.6244],[134.4317,35.6245],[134.4322,35.6246],[134.4319,35.6244]]],[[[134.4331,35.6285],[134.433,35.6285],[134.433,35.6285],[134.4331,35.6285]]],[[[134.4324,35.6287],[134.4323,35.6287],[134.4323,35.6287],[134.4324,35.6287]]],[[[134.4322,35.6291],[134.4321,35.6291],[134.4322,35.6291],[134.4322,35.6291]]],[[[134.432,35.6294],[134.4319,35.6292],[134.4319,35.6294],[134.432,35.6294]]],[[[134.4529,35.6301],[134.4528,35.6303],[134.453,35.6302],[134.4529,35.6301]]],[[[134.4323,35.6306],[134.4324,35.6307],[134.4324,35.6305],[134.4323,35.6306]]],[[[134.4309,35.6308],[134.4308,35.6305],[134.4307,35.6306],[134.4309,35.6308]]],[[[134.4534,35.6309],[134.4534,35.6308],[134.4534,35.6308],[134.4534,35.6309]]],[[[134.4323,35.6309],[134.4322,35.6309],[134.4323,35.6309],[134.4323,35.6309]]],[[[134.453,35.6311],[134.453,35.631],[134.453,35.631],[134.453,35.6311]]],[[[134.4536,35.6311],[134.4535,35.6311],[134.4536,35.6311],[134.4536,35.6311]]],[[[134.4321,35.6311],[134.4321,35.6312],[134.4322,35.6311],[134.4321,35.6311]]],[[[134.4542,35.6314],[134.4544,35.6316],[134.4544,35.6315],[134.4542,35.6314]]],[[[134.4461,35.632],[134.4461,35.6312],[134.446,35.6312],[134.4461,35.632]]],[[[134.4335,35.6321],[134.4338,35.632],[134.4335,35.6319],[134.4335,35.6321]]],[[[134.4329,35.6322],[134.4332,35.6321],[134.4329,35.6322],[134.4329,35.6322]]],[[[134.4333,35.6324],[134.4335,35.6325],[134.4335,35.6323],[134.4333,35.6324]]],[[[134.4337,35.6327],[134.4336,35.6327],[134.4336,35.6327],[134.4337,35.6327]]],[[[134.4448,35.6333],[134.4441,35.6338],[134.4449,35.6334],[134.4448,35.6333]]],[[[134.455,35.6337],[134.4553,35.6337],[134.455,35.6336],[134.455,35.6337]]],[[[134.4556,35.6341],[134.4556,35.634],[134.4555,35.6341],[134.4556,35.6341]]],[[[134.4557,35.6342],[134.4557,35.6341],[134.4556,35.6342],[134.4557,35.6342]]],[[[134.4372,35.6342],[134.4372,35.6344],[134.4373,35.6343],[134.4372,35.6342]]],[[[134.4404,35.6344],[134.4405,35.6344],[134.4405,35.6344],[134.4404,35.6344]]],[[[134.4407,35.6347],[134.4407,35.6345],[134.4406,35.6345],[134.4407,35.6347]]],[[[134.4377,35.6351],[134.4376,35.6351],[134.4377,35.6351],[134.4377,35.6351]]],[[[134.4433,35.6354],[134.4434,35.6352],[134.4417,35.635],[134.4433,35.6354]]],[[[134.458,35.6352],[134.458,35.6352],[134.458,35.6352],[134.458,35.6352]]],[[[134.4567,35.6354],[134.4566,35.6352],[134.4566,35.6352],[134.4567,35.6354]]],[[[134.4595,35.6354],[134.4596,35.6352],[134.4594,35.6354],[134.4595,35.6354]]],[[[134.4379,35.6357],[134.4381,35.6357],[134.4383,35.6356],[134.4379,35.6357]]],[[[134.4589,35.6358],[134.4589,35.6356],[134.4589,35.6358],[134.4589,35.6358]]],[[[134.4408,35.6357],[134.4408,35.6358],[134.4408,35.6358],[134.4408,35.6357]]],[[[134.4597,35.6358],[134.4596,35.6358],[134.4596,35.6358],[134.4597,35.6358]]],[[[134.4411,35.6358],[134.4412,35.6359],[134.4412,35.6359],[134.4411,35.6358]]],[[[134.4377,35.6361],[134.438,35.636],[134.4376,35.636],[134.4377,35.6361]]],[[[134.4396,35.636],[134.4398,35.6361],[134.4399,35.636],[134.4396,35.636]]],[[[134.439,35.6362],[134.4391,35.636],[134.439,35.6361],[134.439,35.6362]]],[[[134.4403,35.6361],[134.4399,35.6363],[134.4404,35.6362],[134.4403,35.6361]]],[[[134.4378,35.6364],[134.4377,35.6362],[134.4377,35.6362],[134.4378,35.6364]]],[[[134.4388,35.6364],[134.439,35.6363],[134.4387,35.6363],[134.4388,35.6364]]],[[[134.4394,35.6364],[134.4393,35.6364],[134.4392,35.6364],[134.4394,35.6364]]],[[[134.4596,35.6374],[134.4595,35.6373],[134.4595,35.6374],[134.4596,35.6374]]],[[[134.5171,35.6663],[134.5193,35.662],[134.523,35.6626],[134.5258,35.6582],[134.526,35.6551],[134.5279,35.6536],[134.5278,35.6519],[134.5242,35.6485],[134.5256,35.6431],[134.5226,35.6375],[134.5229,35.6353],[134.5272,35.6332],[134.535,35.6247],[134.5443,35.6229],[134.5484,35.6258],[134.5581,35.6204],[134.5637,35.621],[134.5715,35.6189],[134.5742,35.617],[134.5751,35.6155],[134.5733,35.6098],[134.5758,35.6038],[134.5791,35.6011],[134.5795,35.5965],[134.5865,35.5927],[134.5831,35.5861],[134.5835,35.5837],[134.5856,35.5819],[134.5841,35.5807],[134.5838,35.5772],[134.576,35.5751],[134.5692,35.5682],[134.5659,35.5671],[134.5642,35.5679],[134.5608,35.567],[134.5605,35.5656],[134.5581,35.5663],[134.5531,35.564],[134.5505,35.5641],[134.5486,35.5592],[134.5427,35.5559],[134.5419,35.5539],[134.5449,35.5496],[134.5426,35.5468],[134.543,35.5439],[134.5462,35.5394],[134.5429,35.535],[134.5445,35.5302],[134.5439,35.5258],[134.5479,35.527],[134.5491,35.5265],[134.5494,35.5228],[134.5469,35.5192],[134.5471,35.516],[134.5516,35.5143],[134.5491,35.5106],[134.5408,35.5069],[134.5393,35.5083],[134.5355,35.5086],[134.529,35.505],[134.5251,35.508],[134.524,35.5062],[134.5192,35.5058],[134.5173,35.5078],[134.5049,35.4966],[134.5019,35.495],[134.499,35.4914],[134.4969,35.4907],[134.4973,35.4868],[134.4925,35.4865],[134.4923,35.4847],[134.4908,35.4835],[134.4913,35.4822],[134.4883,35.4806],[134.49,35.4792],[134.4881,35.4759],[134.4855,35.4744],[134.4871,35.4701],[134.4851,35.4674],[134.4861,35.465],[134.4886,35.4644],[134.4896,35.4622],[134.4883,35.4567],[134.489,35.4545],[134.4877,35.4515],[134.4906,35.4499],[134.4908,35.4486],[134.4886,35.4454],[134.4892,35.4422],[134.4855,35.4389],[134.4871,35.436],[134.4861,35.4338],[134.4765,35.429],[134.4715,35.4303],[134.4698,35.4335],[134.4659,35.4332],[134.4658,35.4351],[134.4627,35.4368],[134.4523,35.4365],[134.4481,35.4386],[134.4462,35.4419],[134.44,35.4429],[134.4375,35.457],[134.4382,35.4612],[134.4347,35.4635],[134.4337,35.4664],[134.4351,35.4667],[134.4343,35.4706],[134.4379,35.474],[134.4373,35.4751],[134.4381,35.4761],[134.4357,35.4783],[134.4339,35.4843],[134.4274,35.4966],[134.4282,35.5],[134.4309,35.5025],[134.4276,35.5087],[134.4244,35.5087],[134.4185,35.5141],[134.4155,35.5135],[134.4127,35.5149],[134.4131,35.5176],[134.4165,35.5214],[134.4174,35.525],[134.4203,35.5274],[134.42,35.5332],[134.4233,35.5346],[134.4227,35.5375],[134.4256,35.5418],[134.4209,35.5447],[134.4251,35.5519],[134.4223,35.5566],[134.4218,35.5626],[134.4169,35.5629],[134.4146,35.5641],[134.41,35.5628],[134.405,35.5705],[134.4071,35.5772],[134.4057,35.5847],[134.4083,35.5873],[134.4083,35.5891],[134.4052,35.5898],[134.4034,35.5934],[134.4009,35.5956],[134.3931,35.5981],[134.393,35.6015],[134.3895,35.602],[134.3869,35.6039],[134.3818,35.6033],[134.3748,35.6082],[134.3715,35.6086],[134.3699,35.6146],[134.3721,35.6149],[134.3731,35.6139],[134.374,35.6145],[134.3748,35.6133],[134.3738,35.6115],[134.3759,35.6116],[134.3794,35.6142],[134.3819,35.6116],[134.3825,35.6119],[134.3831,35.6137],[134.3861,35.6139],[134.3856,35.6154],[134.3862,35.6139],[134.3874,35.6137],[134.3869,35.6155],[134.3882,35.6159],[134.3864,35.616],[134.3865,35.6177],[134.3897,35.617],[134.3905,35.6195],[134.3913,35.6186],[134.3923,35.6185],[134.3939,35.62],[134.3953,35.6198],[134.3953,35.6182],[134.3987,35.6182],[134.399,35.6172],[134.401,35.6157],[134.4027,35.6166],[134.4053,35.6157],[134.4063,35.6163],[134.407,35.6175],[134.4087,35.6173],[134.4099,35.6177],[134.4113,35.6199],[134.4129,35.6189],[134.4136,35.6192],[134.414,35.6192],[134.4132,35.6189],[134.4126,35.6189],[134.4135,35.6184],[134.4154,35.618],[134.4179,35.6199],[134.4173,35.6214],[134.4162,35.6221],[134.4199,35.6247],[134.4231,35.6237],[134.4228,35.6226],[134.4235,35.622],[134.4242,35.6225],[134.4243,35.6212],[134.4263,35.6221],[134.4274,35.6234],[134.4278,35.6232],[134.4282,35.6242],[134.43,35.6236],[134.431,35.6224],[134.4298,35.6218],[134.4306,35.6223],[134.4294,35.6236],[134.4284,35.621],[134.4334,35.6207],[134.4349,35.6214],[134.4346,35.6227],[134.4358,35.6235],[134.4338,35.625],[134.432,35.625],[134.4331,35.6259],[134.4325,35.6268],[134.4345,35.6282],[134.432,35.6298],[134.4341,35.6317],[134.434,35.6331],[134.4371,35.6325],[134.4387,35.6358],[134.4405,35.6358],[134.4401,35.6329],[134.4427,35.6332],[134.4407,35.6326],[134.4418,35.6309],[134.4405,35.6306],[134.4414,35.6304],[134.4405,35.6289],[134.4411,35.6285],[134.4442,35.6276],[134.4445,35.6283],[134.4425,35.6283],[134.4414,35.6298],[134.4429,35.6313],[134.4446,35.6301],[134.4436,35.6294],[134.4457,35.6286],[134.4459,35.6305],[134.4429,35.6324],[134.446,35.6305],[134.4466,35.6291],[134.4527,35.6288],[134.4531,35.6306],[134.454,35.6309],[134.4552,35.6322],[134.4541,35.6322],[134.457,35.6357],[134.4585,35.6343],[134.4599,35.6349],[134.4613,35.6371],[134.4604,35.6386],[134.4615,35.6394],[134.4614,35.6401],[134.4653,35.639],[134.4665,35.6407],[134.468,35.6392],[134.47,35.641],[134.4722,35.6388],[134.474,35.64],[134.4729,35.6416],[134.4737,35.6424],[134.4759,35.6402],[134.4772,35.6399],[134.478,35.6408],[134.4782,35.6438],[134.4786,35.6436],[134.4798,35.6447],[134.4794,35.6465],[134.4836,35.6481],[134.4858,35.6506],[134.4872,35.6503],[134.4873,35.6519],[134.4911,35.6529],[134.492,35.6545],[134.494,35.6533],[134.495,35.6537],[134.4959,35.6546],[134.4957,35.6565],[134.4976,35.6557],[134.4979,35.6566],[134.4989,35.6548],[134.4984,35.657],[134.4994,35.6578],[134.5008,35.6578],[134.5019,35.6558],[134.5026,35.6556],[134.5023,35.6567],[134.503,35.6567],[134.5044,35.6574],[134.5053,35.6574],[134.5035,35.6592],[134.5051,35.6613],[134.5066,35.6613],[134.5072,35.6602],[134.5088,35.6603],[134.5113,35.6584],[134.5131,35.6582],[134.5148,35.6592],[134.5157,35.6611],[134.5183,35.6608],[134.5189,35.6613],[134.5186,35.6627],[134.5172,35.6649],[134.5171,35.6663]]],[[[134.4599,35.6355],[134.4598,35.6355],[134.4598,35.6355],[134.4599,35.6355]]],[[[134.4597,35.6361],[134.4599,35.6361],[134.4596,35.636],[134.4597,35.6361]]],[[[134.4605,35.6366],[134.4606,35.6367],[134.4606,35.6366],[134.4605,35.6366]]],[[[134.4609,35.637],[134.4608,35.6371],[134.4609,35.637],[134.4609,35.637]]],[[[134.4606,35.6375],[134.4605,35.6376],[134.4606,35.6376],[134.4606,35.6375]]],[[[134.4608,35.6377],[134.4607,35.6377],[134.4608,35.6377],[134.4608,35.6377]]],[[[134.4605,35.6382],[134.4605,35.6383],[134.4605,35.6383],[134.4605,35.6382]]],[[[134.4724,35.6392],[134.4725,35.639],[134.4724,35.6391],[134.4724,35.6392]]],[[[134.4727,35.6394],[134.4726,35.6394],[134.4726,35.6394],[134.4727,35.6394]]],[[[134.4607,35.6393],[134.461,35.6394],[134.4607,35.6392],[134.4607,35.6393]]],[[[134.4728,35.6395],[134.4728,35.6394],[134.4728,35.6395],[134.4728,35.6395]]],[[[134.464,35.6401],[134.4639,35.6401],[134.4639,35.6401],[134.464,35.6401]]],[[[134.4621,35.6403],[134.4623,35.6401],[134.462,35.6401],[134.4621,35.6403]]],[[[134.4625,35.6402],[134.4624,35.6401],[134.4626,35.6402],[134.4625,35.6402]]],[[[134.4635,35.6402],[134.4635,35.6403],[134.4635,35.6402],[134.4635,35.6402]]],[[[134.4723,35.6404],[134.4723,35.6403],[134.4722,35.6404],[134.4723,35.6404]]],[[[134.462,35.6404],[134.462,35.6405],[134.462,35.6405],[134.462,35.6404]]],[[[134.4722,35.6407],[134.4721,35.6406],[134.4721,35.6407],[134.4722,35.6407]]],[[[134.4665,35.6408],[134.4664,35.6407],[134.4664,35.6407],[134.4665,35.6408]]],[[[134.4777,35.6409],[134.4776,35.6409],[134.4776,35.6409],[134.4777,35.6409]]],[[[134.4635,35.6414],[134.4636,35.6417],[134.4636,35.6415],[134.4635,35.6414]]],[[[134.4746,35.6416],[134.4747,35.6416],[134.4746,35.6416],[134.4746,35.6416]]],[[[134.4775,35.6416],[134.4776,35.6418],[134.4778,35.6417],[134.4775,35.6416]]],[[[134.4771,35.6418],[134.4773,35.6418],[134.4772,35.6417],[134.4771,35.6418]]],[[[134.4769,35.6418],[134.4769,35.6418],[134.4769,35.6419],[134.4769,35.6418]]],[[[134.4774,35.6418],[134.4774,35.6419],[134.4774,35.6418],[134.4774,35.6418]]],[[[134.4744,35.642],[134.4745,35.6418],[134.4745,35.6418],[134.4744,35.642]]],[[[134.4772,35.6419],[134.4773,35.642],[134.4773,35.6419],[134.4772,35.6419]]],[[[134.4768,35.6422],[134.4767,35.6421],[134.4767,35.6422],[134.4768,35.6422]]],[[[134.4745,35.6423],[134.4744,35.6422],[134.4744,35.6422],[134.4745,35.6423]]],[[[134.4776,35.6426],[134.4773,35.6423],[134.4772,35.6426],[134.4776,35.6426]]],[[[134.4778,35.643],[134.4776,35.6426],[134.4775,35.6429],[134.4778,35.643]]],[[[134.4769,35.6431],[134.477,35.643],[134.4769,35.6429],[134.4769,35.6431]]],[[[134.4772,35.6431],[134.4772,35.6432],[134.4772,35.6432],[134.4772,35.6431]]],[[[134.4768,35.6432],[134.4768,35.6432],[134.4769,35.6432],[134.4768,35.6432]]],[[[134.4781,35.6433],[134.478,35.6432],[134.478,35.6432],[134.4781,35.6433]]],[[[134.478,35.6434],[134.4779,35.6434],[134.4779,35.6434],[134.478,35.6434]]],[[[134.4785,35.644],[134.4784,35.6439],[134.4784,35.6439],[134.4785,35.644]]],[[[134.4783,35.6443],[134.4783,35.6441],[134.4782,35.6441],[134.4783,35.6443]]],[[[134.4789,35.6449],[134.4788,35.6449],[134.4788,35.6449],[134.4789,35.6449]]],[[[134.479,35.645],[134.479,35.645],[134.479,35.645],[134.479,35.645]]],[[[134.4789,35.6456],[134.4788,35.6459],[134.4791,35.6458],[134.4789,35.6456]]],[[[134.4787,35.6459],[134.4785,35.6459],[134.4785,35.6459],[134.4787,35.6459]]],[[[134.4786,35.6461],[134.4786,35.646],[134.4786,35.6461],[134.4786,35.6461]]],[[[134.4788,35.6461],[134.4791,35.6461],[134.4791,35.6461],[134.4788,35.6461]]],[[[134.4778,35.6463],[134.4782,35.6463],[134.4782,35.6462],[134.4778,35.6463]]],[[[134.4789,35.6465],[134.479,35.6465],[134.4789,35.6465],[134.4789,35.6465]]],[[[134.4791,35.6441],[134.479,35.6442],[134.4791,35.6442],[134.4791,35.6441]]],[[[134.4794,35.6451],[134.4794,35.645],[134.4794,35.6451],[134.4794,35.6451]]],[[[134.4817,35.6475],[134.4816,35.6476],[134.4817,35.6476],[134.4817,35.6475]]],[[[134.4818,35.6477],[134.4818,35.6478],[134.4818,35.6478],[134.4818,35.6477]]],[[[134.49,35.6533],[134.49,35.6532],[134.4899,35.6532],[134.49,35.6533]]],[[[134.4925,35.6544],[134.4924,35.6544],[134.4925,35.6544],[134.4925,35.6544]]],[[[134.4947,35.6545],[134.4948,35.6543],[134.4947,35.6544],[134.4947,35.6545]]],[[[134.4927,35.6545],[134.4926,35.6545],[134.4926,35.6546],[134.4927,35.6545]]],[[[134.4956,35.6555],[134.4955,35.6553],[134.4955,35.6555],[134.4956,35.6555]]],[[[134.502,35.6559],[134.5022,35.6559],[134.502,35.6558],[134.502,35.6559]]],[[[134.4963,35.6565],[134.4962,35.6566],[134.4963,35.6566],[134.4963,35.6565]]],[[[134.503,35.6569],[134.5029,35.6569],[134.503,35.6569],[134.503,35.6569]]],[[[134.5011,35.6572],[134.5012,35.6574],[134.5012,35.6572],[134.5011,35.6572]]],[[[134.4953,35.6573],[134.4953,35.6573],[134.4954,35.6573],[134.4953,35.6573]]],[[[134.4949,35.6577],[134.4952,35.6575],[134.4949,35.6575],[134.4949,35.6577]]],[[[134.4994,35.6581],[134.4994,35.6581],[134.4994,35.6581],[134.4994,35.6581]]],[[[134.5001,35.6585],[134.5003,35.6581],[134.5001,35.6581],[134.5001,35.6585]]],[[[134.5127,35.6583],[134.5128,35.6585],[134.5128,35.6583],[134.5127,35.6583]]],[[[134.5131,35.6586],[134.5131,35.6585],[134.513,35.6586],[134.5131,35.6586]]],[[[134.5134,35.6587],[134.5133,35.6586],[134.5133,35.6587],[134.5134,35.6587]]],[[[134.5121,35.6588],[134.5121,35.6587],[134.5121,35.6588],[134.5121,35.6588]]],[[[134.5125,35.6588],[134.5126,35.6587],[134.5125,35.6588],[134.5125,35.6588]]],[[[134.5133,35.6588],[134.5133,35.6587],[134.5133,35.6588],[134.5133,35.6588]]],[[[134.5131,35.6587],[134.5126,35.6591],[134.5127,35.6592],[134.5131,35.6587]]],[[[134.5133,35.6591],[134.5134,35.6591],[134.5133,35.6591],[134.5133,35.6591]]],[[[134.5131,35.6593],[134.513,35.6592],[134.513,35.6593],[134.5131,35.6593]]],[[[134.5144,35.6593],[134.5145,35.6592],[134.5144,35.6592],[134.5144,35.6593]]],[[[134.5138,35.6595],[134.5139,35.6594],[134.5138,35.6594],[134.5138,35.6595]]],[[[134.5147,35.6599],[134.5148,35.6598],[134.5147,35.6598],[134.5147,35.6599]]],[[[134.5147,35.6602],[134.5147,35.6602],[134.5147,35.6602],[134.5147,35.6602]]],[[[134.5144,35.6604],[134.5143,35.6603],[134.5144,35.6604],[134.5144,35.6604]]],[[[134.509,35.6604],[134.5092,35.6604],[134.5092,35.6602],[134.509,35.6604]]],[[[134.5135,35.6603],[134.5136,35.6603],[134.5135,35.6602],[134.5135,35.6603]]],[[[134.5025,35.6603],[134.5023,35.6604],[134.5026,35.6604],[134.5025,35.6603]]],[[[134.5128,35.6604],[134.513,35.6604],[134.5129,35.6603],[134.5128,35.6604]]],[[[134.5179,35.6611],[134.518,35.6611],[134.518,35.661],[134.5179,35.6611]]],[[[134.5187,35.6612],[134.5187,35.6612],[134.5187,35.6612],[134.5187,35.6612]]],[[[134.5176,35.6613],[134.5177,35.6612],[134.5176,35.6612],[134.5176,35.6613]]],[[[134.5184,35.6613],[134.5184,35.6613],[134.5184,35.6613],[134.5184,35.6613]]],[[[134.5166,35.6617],[134.5168,35.6613],[134.5165,35.6615],[134.5166,35.6617]]],[[[134.516,35.6616],[134.5159,35.6615],[134.516,35.6616],[134.516,35.6616]]],[[[134.5031,35.6627],[134.5038,35.6609],[134.5032,35.6603],[134.5017,35.6622],[134.5031,35.6627]]],[[[134.5185,35.6616],[134.5186,35.6616],[134.5185,35.6616],[134.5185,35.6616]]],[[[134.5186,35.6617],[134.5187,35.6617],[134.5187,35.6617],[134.5186,35.6617]]],[[[134.5185,35.6619],[134.5185,35.6619],[134.5185,35.6619],[134.5185,35.6619]]],[[[134.503,35.6631],[134.5028,35.6634],[134.5029,35.6635],[134.503,35.6631]]],[[[134.5171,35.6641],[134.517,35.6641],[134.5171,35.6642],[134.5171,35.6641]]],[[[134.517,35.6665],[134.517,35.6665],[134.5169,35.6666],[134.517,35.6665]]]]}}]}