{"type":"FeatureCollection","pref_code":"32","features":[{"type":"Feature","properties":{"code":"32201","name":"松江市","pref_code":"32","pref":"島根県"},"geometry":{"type":"MultiPolygon","coordinates":[[[[132.9409,35.5151],[132.9408,35.5151],[132.9408,35.5151],[132.9409,35.5151]]],[[[132.9645,35.5151],[132.9646,35.5151],[132.9646,35.5151],[132.9645,35.5151]]],[[[132.9644,35.5151],[132.9644,35.5151],[132.9644,35.5151],[132.9644,35.5151]]],[[[132.9411,35.5153],[132.9411,35.5152],[132.941,35.5152],[132.9411,35.5153]]],[[[132.9627,35.5155],[132.9626,35.5155],[132.9625,35.5155],[132.9627,35.5155]]],[[[132.9316,35.5163],[132.9315,35.5163],[132.9316,35.5163],[132.9316,35.5163]]],[[[132.9441,35.5164],[132.9439,35.5163],[132.9439,35.5164],[132.9441,35.5164]]],[[[132.945,35.5164],[132.9449,35.5165],[132.945,35.5164],[132.945,35.5164]]],[[[132.9318,35.5164],[132.9318,35.5165],[132.9318,35.5165],[132.9318,35.5164]]],[[[132.9419,35.5164],[132.9418,35.5165],[132.9419,35.5165],[132.9419,35.5164]]],[[[132.9376,35.5165],[132.9375,35.5165],[132.9375,35.5165],[132.9376,35.5165]]],[[[132.9422,35.5165],[132.9422,35.5166],[132.9423,35.5166],[132.9422,35.5165]]],[[[132.9452,35.5166],[132.9451,35.5166],[132.9451,35.5166],[132.9452,35.5166]]],[[[132.9301,35.5166],[132.9301,35.5167],[132.9302,35.5166],[132.9301,35.5166]]],[[[132.9303,35.5167],[132.9303,35.5166],[132.9303,35.5166],[132.9303,35.5167]]],[[[132.942,35.5167],[132.9421,35.5168],[132.9421,35.5167],[132.942,35.5167]]],[[[132.9449,35.5168],[132.9449,35.5167],[132.9449,35.5168],[132.9449,35.5168]]],[[[132.9474,35.5169],[132.9475,35.517],[132.9475,35.517],[132.9474,35.5169]]],[[[132.9303,35.5172],[132.9303,35.5171],[132.9303,35.5171],[132.9303,35.5172]]],[[[132.9479,35.5173],[132.9478,35.5172],[132.9478,35.5172],[132.9479,35.5173]]],[[[132.9577,35.5172],[132.9576,35.5173],[132.9577,35.5172],[132.9577,35.5172]]],[[[132.9318,35.5174],[132.9318,35.5174],[132.9318,35.5174],[132.9318,35.5174]]],[[[132.9324,35.5175],[132.9326,35.5175],[132.9325,35.5173],[132.9324,35.5175]]],[[[132.958,35.5174],[132.9578,35.5175],[132.958,35.5175],[132.958,35.5174]]],[[[132.9329,35.5175],[132.933,35.5174],[132.9329,35.5174],[132.9329,35.5175]]],[[[132.9577,35.5175],[132.9576,35.5175],[132.9577,35.5175],[132.9577,35.5175]]],[[[132.9328,35.5176],[132.9328,35.5175],[132.9328,35.5176],[132.9328,35.5176]]],[[[132.9566,35.5177],[132.9568,35.5175],[132.9567,35.5175],[132.9566,35.5177]]],[[[132.9572,35.5177],[132.9572,35.5175],[132.9572,35.5176],[132.9572,35.5177]]],[[[132.9343,35.5173],[132.9327,35.5173],[132.934,35.5177],[132.9342,35.5183],[132.9343,35.5173]]],[[[132.9489,35.5178],[132.9488,35.5177],[132.9487,35.5177],[132.9489,35.5178]]],[[[132.95,35.5178],[132.95,35.5177],[132.9499,35.5178],[132.95,35.5178]]],[[[132.9574,35.5178],[132.9573,35.5178],[132.9573,35.5178],[132.9574,35.5178]]],[[[132.9333,35.5182],[132.9334,35.5179],[132.9333,35.5177],[132.9333,35.5182]]],[[[132.9168,35.5181],[132.9167,35.5181],[132.9167,35.5181],[132.9168,35.5181]]],[[[132.9553,35.5184],[132.9552,35.5183],[132.9552,35.5184],[132.9553,35.5184]]],[[[132.917,35.5184],[132.9169,35.5184],[132.917,35.5184],[132.917,35.5184]]],[[[132.9167,35.5185],[132.9167,35.5185],[132.9167,35.5185],[132.9167,35.5185]]],[[[132.9174,35.5185],[132.9173,35.5185],[132.9174,35.5186],[132.9174,35.5185]]],[[[132.9168,35.5186],[132.9169,35.5187],[132.9169,35.5186],[132.9168,35.5186]]],[[[132.9169,35.5187],[132.917,35.5187],[132.917,35.5187],[132.9169,35.5187]]],[[[132.9166,35.5191],[132.9166,35.5191],[132.9166,35.5191],[132.9166,35.5191]]],[[[132.92,35.5193],[132.9199,35.5192],[132.9198,35.5193],[132.92,35.5193]]],[[[132.9165,35.5193],[132.9166,35.5193],[132.9166,35.5193],[132.9165,35.5193]]],[[[132.9196,35.5194],[132.9197,35.5193],[132.9196,35.5193],[132.9196,35.5194]]],[[[132.9194,35.5195],[132.9194,35.5194],[132.9193,35.5195],[132.9194,35.5195]]],[[[132.9201,35.5195],[132.92,35.5195],[132.9201,35.5195],[132.9201,35.5195]]],[[[132.9166,35.5196],[132.9165,35.5196],[132.9165,35.5197],[132.9166,35.5196]]],[[[132.9166,35.5197],[132.9167,35.5197],[132.9167,35.5196],[132.9166,35.5197]]],[[[132.9193,35.5198],[132.9193,35.5197],[132.9192,35.5198],[132.9193,35.5198]]],[[[132.9195,35.5198],[132.9195,35.5197],[132.9194,35.5197],[132.9195,35.5198]]],[[[132.9199,35.5199],[132.9199,35.5196],[132.9198,35.5199],[132.9199,35.5199]]],[[[132.916,35.5205],[132.916,35.5203],[132.916,35.5203],[132.916,35.5205]]],[[[132.9151,35.5207],[132.9151,35.5207],[132.9151,35.5207],[132.9151,35.5207]]],[[[132.9153,35.5207],[132.9153,35.5207],[132.9153,35.5208],[132.9153,35.5207]]],[[[132.9417,35.521],[132.9417,35.5209],[132.9417,35.521],[132.9417,35.521]]],[[[132.9654,35.542],[132.9653,35.542],[132.9653,35.542],[132.9654,35.542]]],[[[132.9649,35.5427],[132.9651,35.5423],[132.9647,35.5429],[132.9649,35.5427]]],[[[132.963,35.5422],[132.9625,35.543],[132.9633,35.5427],[132.963,35.5422]]],[[[132.961,35.5432],[132.962,35.5424],[132.9609,35.5431],[132.961,35.5432]]],[[[132.964,35.5429],[132.9639,35.5428],[132.9639,35.5429],[132.964,35.5429]]],[[[132.964,35.5431],[132.9641,35.5429],[132.964,35.5431],[132.964,35.5431]]],[[[132.9659,35.5427],[132.9651,35.5432],[132.9655,35.5436],[132.9659,35.5427]]],[[[132.9638,35.5437],[132.9636,35.5435],[132.9634,35.5438],[132.9638,35.5437]]],[[[132.9658,35.5148],[132.9658,35.5149],[132.966,35.5148],[132.9658,35.5148]]],[[[132.9684,35.5154],[132.9683,35.5154],[132.9683,35.5154],[132.9684,35.5154]]],[[[132.97,35.5241],[132.969,35.5249],[132.97,35.5242],[132.97,35.5241]]],[[[132.9706,35.5256],[132.9702,35.5251],[132.9701,35.5252],[132.9706,35.5256]]],[[[132.9677,35.5309],[132.9678,35.531],[132.9678,35.5309],[132.9677,35.5309]]],[[[132.9689,35.5319],[132.969,35.532],[132.969,35.5319],[132.9689,35.5319]]],[[[132.9692,35.5326],[132.9693,35.5327],[132.9693,35.5326],[132.9692,35.5326]]],[[[132.969,35.5328],[132.969,35.5329],[132.9691,35.5328],[132.969,35.5328]]],[[[132.9691,35.5332],[132.969,35.5333],[132.9691,35.5333],[132.9691,35.5332]]],[[[132.9687,35.5338],[132.9686,35.5339],[132.9687,35.5339],[132.9687,35.5338]]],[[[132.968,35.5349],[132.9681,35.535],[132.9681,35.5349],[132.968,35.5349]]],[[[132.9684,35.5374],[132.9684,35.5373],[132.9683,35.5372],[132.9684,35.5374]]],[[[133.012,35.5395],[133.0121,35.5393],[133.0119,35.5394],[133.012,35.5395]]],[[[133.012,35.5397],[133.0125,35.5398],[133.0125,35.5397],[133.012,35.5397]]],[[[133.0123,35.5399],[133.0122,35.5398],[133.0122,35.5399],[133.0123,35.5399]]],[[[133.0116,35.5401],[133.0117,35.5397],[133.0114,35.5399],[133.0116,35.5401]]],[[[133.028,35.5403],[133.028,35.5401],[133.028,35.5402],[133.028,35.5403]]],[[[133.0284,35.5406],[133.0284,35.5405],[133.0283,35.5406],[133.0284,35.5406]]],[[[133.0277,35.5406],[133.0277,35.5405],[133.0276,35.5406],[133.0277,35.5406]]],[[[132.9681,35.5404],[132.9674,35.54],[132.9663,35.5409],[132.9669,35.5414],[132.9681,35.5404]]],[[[133.0289,35.541],[133.029,35.5408],[133.0289,35.5409],[133.0289,35.541]]],[[[133.0291,35.5411],[133.0292,35.541],[133.0291,35.541],[133.0291,35.5411]]],[[[133.0287,35.5411],[133.0287,35.5411],[133.0286,35.5411],[133.0287,35.5411]]],[[[133.0285,35.5408],[133.0264,35.5414],[133.0288,35.5408],[133.0285,35.5408]]],[[[133.0204,35.5413],[133.0204,35.5412],[133.0203,35.5413],[133.0204,35.5413]]],[[[133.0289,35.5413],[133.0289,35.5412],[133.0289,35.5413],[133.0289,35.5413]]],[[[132.9656,35.5419],[132.9655,35.542],[132.9655,35.542],[132.9656,35.5419]]],[[[133.0249,35.5417],[133.0258,35.5425],[133.0259,35.5423],[133.0249,35.5417]]],[[[133.0026,35.5425],[133.0028,35.5425],[133.0027,35.5424],[133.0026,35.5425]]],[[[132.9669,35.5429],[132.9668,35.5428],[132.9668,35.5429],[132.9669,35.5429]]],[[[133.0166,35.5431],[133.0166,35.543],[133.0165,35.5431],[133.0166,35.5431]]],[[[132.9751,35.5432],[132.9751,35.5431],[132.9751,35.5431],[132.9751,35.5432]]],[[[132.9748,35.5433],[132.9749,35.5432],[132.9748,35.5432],[132.9748,35.5433]]],[[[132.9672,35.5434],[132.9669,35.5431],[132.9667,35.5433],[132.9672,35.5434]]],[[[133.0162,35.5435],[133.0163,35.5433],[133.0161,35.5435],[133.0162,35.5435]]],[[[132.9662,35.544],[132.966,35.5427],[132.9658,35.544],[132.9662,35.544]]],[[[132.9745,35.5438],[132.9744,35.5442],[132.9748,35.5439],[132.9745,35.5438]]],[[[133.0193,35.5446],[133.0192,35.5436],[133.0178,35.5433],[133.0177,35.5451],[133.0193,35.5446]]],[[[133.0297,35.5442],[133.0298,35.5442],[133.0298,35.5442],[133.0297,35.5442]]],[[[133.0303,35.5444],[133.0303,35.5443],[133.0302,35.5443],[133.0303,35.5444]]],[[[133.0302,35.5444],[133.0302,35.5444],[133.0301,35.5444],[133.0302,35.5444]]],[[[132.9805,35.5459],[132.9805,35.5458],[132.9805,35.5458],[132.9805,35.5459]]],[[[132.9817,35.5459],[132.9816,35.5459],[132.9816,35.5459],[132.9817,35.5459]]],[[[132.9834,35.5465],[132.9834,35.5466],[132.9835,35.5465],[132.9834,35.5465]]],[[[132.9851,35.5468],[132.9848,35.5463],[132.9843,35.5465],[132.9851,35.5468]]],[[[132.9832,35.5467],[132.9831,35.5467],[132.9831,35.5467],[132.9832,35.5467]]],[[[133.0263,35.5523],[133.026,35.5524],[133.0263,35.5524],[133.0263,35.5523]]],[[[133.026,35.5526],[133.0256,35.5528],[133.026,35.5528],[133.026,35.5526]]],[[[133.0454,35.5538],[133.0452,35.5538],[133.0454,35.5538],[133.0454,35.5538]]],[[[133.0447,35.5539],[133.0448,35.5538],[133.0447,35.5538],[133.0447,35.5539]]],[[[133.0449,35.5539],[133.0449,35.5538],[133.0448,35.5538],[133.0449,35.5539]]],[[[133.0459,35.5545],[133.0457,35.5548],[133.0459,35.5545],[133.0459,35.5545]]],[[[133.0288,35.5558],[133.0283,35.556],[133.0288,35.5559],[133.0288,35.5558]]],[[[133.0289,35.5571],[133.0285,35.5566],[133.028,35.5572],[133.0289,35.5571]]],[[[133.032,35.558],[133.0321,35.5578],[133.032,35.5579],[133.032,35.558]]],[[[133.046,35.5596],[133.046,35.5595],[133.0459,35.5595],[133.046,35.5596]]],[[[133.0453,35.5626],[133.0455,35.5627],[133.0455,35.5626],[133.0453,35.5626]]],[[[133.046,35.5628],[133.046,35.5627],[133.0459,35.5628],[133.046,35.5628]]],[[[133.0417,35.5645],[133.0402,35.5646],[133.0401,35.5655],[133.0417,35.5645]]],[[[133.0459,35.5674],[133.045,35.5676],[133.0453,35.5679],[133.0459,35.5674]]],[[[133.045,35.568],[133.0452,35.5685],[133.0453,35.5681],[133.045,35.568]]],[[[133.0482,35.5675],[133.0474,35.5685],[133.0488,35.569],[133.0482,35.5675]]],[[[133.0455,35.5708],[133.0456,35.5707],[133.0455,35.5707],[133.0455,35.5708]]],[[[133.0454,35.5708],[133.0435,35.5706],[133.0458,35.573],[133.0463,35.5721],[133.0454,35.5708]]],[[[133.051,35.5591],[133.0509,35.5592],[133.051,35.5592],[133.051,35.5591]]],[[[133.051,35.5594],[133.051,35.5593],[133.0509,35.5593],[133.051,35.5594]]],[[[133.0497,35.5637],[133.0501,35.5637],[133.0497,35.5635],[133.0497,35.5637]]],[[[133.0586,35.5652],[133.059,35.5653],[133.059,35.5652],[133.0586,35.5652]]],[[[133.0532,35.5682],[133.0523,35.5661],[133.053,35.565],[133.0518,35.5641],[133.0482,35.5673],[133.0504,35.5683],[133.0514,35.5662],[133.0522,35.5673],[133.0515,35.5689],[133.0549,35.5688],[133.0532,35.5682]]],[[[133.0547,35.5731],[133.0545,35.5729],[133.0545,35.573],[133.0547,35.5731]]],[[[133.0512,35.5775],[133.0513,35.5774],[133.0511,35.5774],[133.0512,35.5775]]],[[[133.0525,35.5775],[133.0524,35.5774],[133.0523,35.5775],[133.0525,35.5775]]],[[[133.0534,35.5791],[133.0536,35.5789],[133.0534,35.5789],[133.0534,35.5791]]],[[[133.0539,35.579],[133.054,35.579],[133.054,35.579],[133.0539,35.579]]],[[[133.0543,35.5793],[133.0544,35.5792],[133.0543,35.5792],[133.0543,35.5793]]],[[[133.0541,35.5793],[133.054,35.5792],[133.054,35.5793],[133.0541,35.5793]]],[[[133.0536,35.5795],[133.0535,35.5794],[133.0535,35.5795],[133.0536,35.5795]]],[[[133.0561,35.5807],[133.0561,35.5798],[133.0557,35.5797],[133.0561,35.5807]]],[[[133.085,35.5803],[133.085,35.5802],[133.0849,35.5802],[133.085,35.5803]]],[[[133.0921,35.5803],[133.0921,35.5803],[133.092,35.5803],[133.0921,35.5803]]],[[[133.0835,35.5805],[133.0835,35.5804],[133.0834,35.5804],[133.0835,35.5805]]],[[[133.0833,35.5808],[133.0835,35.5807],[133.0834,35.5807],[133.0833,35.5808]]],[[[133.085,35.5809],[133.0851,35.5808],[133.085,35.5808],[133.085,35.5809]]],[[[133.082,35.5815],[133.0822,35.5813],[133.082,35.5813],[133.082,35.5815]]],[[[133.0842,35.5814],[133.0843,35.5816],[133.0844,35.5814],[133.0842,35.5814]]],[[[133.0817,35.5815],[133.0819,35.5817],[133.0819,35.5814],[133.0817,35.5815]]],[[[133.0566,35.5826],[133.056,35.581],[133.0549,35.5819],[133.0566,35.5826]]],[[[133.0666,35.5819],[133.0665,35.5818],[133.0665,35.5819],[133.0666,35.5819]]],[[[133.0665,35.5823],[133.0664,35.582],[133.0661,35.5823],[133.0665,35.5823]]],[[[133.067,35.5822],[133.0671,35.5823],[133.0671,35.5821],[133.067,35.5822]]],[[[133.0808,35.5821],[133.081,35.5823],[133.081,35.5821],[133.0808,35.5821]]],[[[133.0766,35.5829],[133.0767,35.5827],[133.0766,35.5827],[133.0766,35.5829]]],[[[133.0731,35.5836],[133.0734,35.5835],[133.0732,35.5834],[133.0731,35.5836]]],[[[133.0769,35.5841],[133.0773,35.584],[133.0769,35.584],[133.0769,35.5841]]],[[[133.0896,35.5877],[133.0897,35.5876],[133.0896,35.5876],[133.0896,35.5877]]],[[[133.0893,35.595],[133.0897,35.5948],[133.0893,35.5947],[133.0893,35.595]]],[[[133.088,35.5983],[133.088,35.5984],[133.088,35.5983],[133.088,35.5983]]],[[[133.0859,35.5984],[133.0858,35.5984],[133.0858,35.5984],[133.0859,35.5984]]],[[[133.0812,35.5986],[133.0811,35.5986],[133.0811,35.5986],[133.0812,35.5986]]],[[[133.0856,35.5986],[133.0855,35.5986],[133.0855,35.5986],[133.0856,35.5986]]],[[[133.0812,35.5988],[133.0812,35.5988],[133.0812,35.5988],[133.0812,35.5988]]],[[[133.0848,35.5989],[133.0848,35.5989],[133.0848,35.5989],[133.0848,35.5989]]],[[[133.0846,35.5991],[133.0847,35.599],[133.0846,35.599],[133.0846,35.5991]]],[[[133.0805,35.5994],[133.0805,35.5994],[133.0805,35.5994],[133.0805,35.5994]]],[[[133.0816,35.6],[133.0813,35.5993],[133.0807,35.5995],[133.0816,35.6]]],[[[133.0808,35.6001],[133.0807,35.6001],[133.0808,35.6002],[133.0808,35.6001]]],[[[133.0839,35.6021],[133.0843,35.6024],[133.0841,35.602],[133.0839,35.6021]]],[[[133.0848,35.6026],[133.0846,35.6023],[133.0845,35.6024],[133.0848,35.6026]]],[[[133.0849,35.6033],[133.0848,35.6033],[133.0849,35.6033],[133.0849,35.6033]]],[[[133.0853,35.6033],[133.0852,35.6036],[133.0854,35.6033],[133.0853,35.6033]]],[[[133.0903,35.604],[133.0904,35.6039],[133.0901,35.6039],[133.0903,35.604]]],[[[133.09,35.604],[133.0899,35.604],[133.0899,35.604],[133.09,35.604]]],[[[133.0967,35.604],[133.0968,35.6041],[133.0968,35.604],[133.0967,35.604]]],[[[133.0888,35.6041],[133.0889,35.604],[133.0887,35.6041],[133.0888,35.6041]]],[[[133.0848,35.6039],[133.0845,35.6043],[133.0849,35.6041],[133.0848,35.6039]]],[[[133.0906,35.6042],[133.0903,35.6041],[133.09,35.6042],[133.0906,35.6042]]],[[[133.0909,35.6041],[133.0909,35.6042],[133.091,35.6041],[133.0909,35.6041]]],[[[133.0906,35.6043],[133.0906,35.6044],[133.0906,35.6044],[133.0906,35.6043]]],[[[133.09,35.6045],[133.09,35.6045],[133.09,35.6045],[133.09,35.6045]]],[[[133.0897,35.6046],[133.0896,35.6047],[133.0897,35.6046],[133.0897,35.6046]]],[[[133.0913,35.6047],[133.0913,35.6048],[133.0913,35.6047],[133.0913,35.6047]]],[[[133.0942,35.6048],[133.0941,35.6048],[133.0941,35.6049],[133.0942,35.6048]]],[[[133.0966,35.6052],[133.0962,35.605],[133.0961,35.6054],[133.0966,35.6052]]],[[[133.0891,35.6057],[133.0892,35.6056],[133.0891,35.6056],[133.0891,35.6057]]],[[[133.0965,35.6061],[133.0965,35.606],[133.0964,35.606],[133.0965,35.6061]]],[[[133.0965,35.6061],[133.0968,35.6063],[133.0968,35.606],[133.0965,35.6061]]],[[[133.0912,35.6062],[133.0911,35.6063],[133.0912,35.6062],[133.0912,35.6062]]],[[[133.0967,35.6064],[133.0967,35.6065],[133.0967,35.6065],[133.0967,35.6064]]],[[[133.0953,35.6042],[133.096,35.6035],[133.0989,35.604],[133.0982,35.6024],[133.0978,35.6035],[133.0966,35.6029],[133.0976,35.6024],[133.0967,35.6012],[133.0965,35.5995],[133.0982,35.5978],[133.0988,35.5977],[133.1011,35.599],[133.102,35.5984],[133.1041,35.5978],[133.1053,35.5988],[133.1074,35.5958],[133.1121,35.5976],[133.1115,35.5945],[133.1144,35.5943],[133.1133,35.5913],[133.1152,35.5893],[133.1132,35.5906],[133.1122,35.5889],[133.1155,35.5872],[133.116,35.5865],[133.1151,35.5862],[133.1173,35.5846],[133.1179,35.5847],[133.1186,35.5845],[133.1172,35.5845],[133.118,35.5832],[133.1188,35.5836],[133.1182,35.583],[133.1189,35.5818],[133.1195,35.5818],[133.1185,35.5805],[133.1188,35.5801],[133.1235,35.5776],[133.1249,35.5786],[133.1251,35.5762],[133.1278,35.5777],[133.1261,35.5784],[133.1284,35.5787],[133.1288,35.5802],[133.1311,35.5793],[133.1319,35.5807],[133.1338,35.5805],[133.1341,35.5817],[133.1354,35.581],[133.1363,35.582],[133.1404,35.581],[133.141,35.5791],[133.1364,35.5794],[133.1352,35.5783],[133.134,35.5793],[133.1321,35.5772],[133.1303,35.5779],[133.1299,35.5772],[133.1305,35.5759],[133.1326,35.5757],[133.1329,35.5762],[133.1327,35.5769],[133.1329,35.5772],[133.133,35.576],[133.1322,35.5748],[133.1342,35.5733],[133.1343,35.5716],[133.1384,35.5703],[133.1383,35.568],[133.1405,35.5678],[133.1401,35.5658],[133.1411,35.5648],[133.1393,35.5653],[133.1403,35.5646],[133.1391,35.5643],[133.1393,35.5634],[133.1418,35.5607],[133.1421,35.5617],[133.143,35.5606],[133.1466,35.5605],[133.1486,35.5622],[133.1517,35.5594],[133.1537,35.5605],[133.1531,35.5622],[133.1546,35.5635],[133.1558,35.5625],[133.1544,35.5614],[133.1566,35.5607],[133.1564,35.5619],[133.1582,35.5639],[133.1577,35.5621],[133.1601,35.5629],[133.1562,35.5655],[133.1598,35.5679],[133.1612,35.572],[133.1646,35.5714],[133.1634,35.5702],[133.1632,35.5696],[133.1646,35.5701],[133.1664,35.5679],[133.1653,35.5645],[133.1663,35.5632],[133.1684,35.5633],[133.169,35.565],[133.1695,35.5653],[133.1697,35.5662],[133.1702,35.5663],[133.1692,35.5649],[133.1705,35.5637],[133.1721,35.5637],[133.1728,35.5654],[133.1751,35.5646],[133.1756,35.5646],[133.1766,35.5663],[133.1749,35.5687],[133.1785,35.5674],[133.1801,35.5691],[133.1804,35.5674],[133.1814,35.5676],[133.1807,35.566],[133.1827,35.5672],[133.1844,35.5669],[133.1825,35.5653],[133.185,35.5657],[133.1845,35.5637],[133.1895,35.5644],[133.1878,35.5626],[133.1884,35.5618],[133.191,35.562],[133.1895,35.563],[133.1917,35.5622],[133.1929,35.5643],[133.1906,35.5648],[133.1894,35.5663],[133.1901,35.5678],[133.1888,35.5706],[133.1896,35.5719],[133.1867,35.5725],[133.1899,35.5739],[133.1867,35.5761],[133.1876,35.576],[133.1869,35.5776],[133.1881,35.5788],[133.1915,35.5777],[133.1903,35.5799],[133.1918,35.5803],[133.1932,35.5793],[133.1938,35.5793],[133.1933,35.5769],[133.1942,35.5767],[133.1961,35.5776],[133.1968,35.577],[133.195,35.5749],[133.1951,35.5679],[133.197,35.5676],[133.1985,35.5697],[133.1977,35.5704],[133.1992,35.5692],[133.2008,35.57],[133.2028,35.5687],[133.2063,35.5689],[133.2076,35.567],[133.2117,35.5671],[133.2129,35.5696],[133.2163,35.5704],[133.216,35.5735],[133.214,35.573],[133.2136,35.5755],[133.2145,35.5761],[133.2153,35.5751],[133.2169,35.5757],[133.2159,35.5771],[133.2163,35.5772],[133.2169,35.5788],[133.2155,35.5797],[133.2172,35.5816],[133.2182,35.5814],[133.2176,35.5802],[133.2202,35.5777],[133.2217,35.5793],[133.2251,35.5795],[133.2263,35.5808],[133.2272,35.5804],[133.2265,35.5782],[133.2275,35.5778],[133.2349,35.5791],[133.2348,35.5776],[133.2345,35.5784],[133.2314,35.5759],[133.2306,35.5758],[133.2311,35.5766],[133.2296,35.5764],[133.2298,35.5757],[133.2294,35.5754],[133.2285,35.575],[133.2296,35.5763],[133.2256,35.5754],[133.226,35.5745],[133.2278,35.5749],[133.2252,35.5742],[133.2257,35.5735],[133.2254,35.5728],[133.2253,35.5739],[133.2239,35.5731],[133.2246,35.5705],[133.2254,35.5724],[133.2257,35.5712],[133.2361,35.5732],[133.2368,35.5699],[133.2447,35.5703],[133.2469,35.5733],[133.2496,35.5729],[133.2493,35.5754],[133.2516,35.5757],[133.2523,35.575],[133.2527,35.5749],[133.2532,35.5753],[133.2528,35.5748],[133.2528,35.5741],[133.254,35.573],[133.2499,35.5714],[133.2501,35.5703],[133.2543,35.5707],[133.2561,35.5697],[133.2564,35.5716],[133.2579,35.5722],[133.2582,35.5726],[133.2573,35.5737],[133.2579,35.5739],[133.2591,35.5753],[133.263,35.5746],[133.264,35.5749],[133.2645,35.5726],[133.2655,35.5723],[133.2663,35.5776],[133.2676,35.5787],[133.2696,35.5783],[133.2698,35.5773],[133.2701,35.579],[133.2717,35.5769],[133.2731,35.5767],[133.2736,35.578],[133.2749,35.5768],[133.2735,35.5737],[133.2746,35.5739],[133.2747,35.5729],[133.2771,35.5748],[133.2786,35.572],[133.2802,35.5729],[133.2805,35.5714],[133.2819,35.572],[133.2808,35.5737],[133.2791,35.5736],[133.2799,35.5757],[133.2786,35.5757],[133.2802,35.5774],[133.2823,35.5782],[133.2846,35.5775],[133.2846,35.5766],[133.285,35.5764],[133.2856,35.5765],[133.2856,35.5756],[133.2874,35.5754],[133.2864,35.5744],[133.2895,35.5752],[133.2904,35.5738],[133.2903,35.5752],[133.2913,35.5748],[133.2925,35.5759],[133.2923,35.5765],[133.291,35.5769],[133.291,35.5777],[133.294,35.5779],[133.293,35.576],[133.2972,35.5759],[133.2962,35.5747],[133.2968,35.5733],[133.2985,35.5735],[133.2981,35.5708],[133.2999,35.5727],[133.3003,35.5745],[133.3012,35.5736],[133.3035,35.5735],[133.3047,35.571],[133.3044,35.572],[133.306,35.5733],[133.3054,35.5747],[133.3068,35.5751],[133.3076,35.5762],[133.3114,35.5723],[133.3129,35.5725],[133.3135,35.5714],[133.315,35.5704],[133.3149,35.5698],[133.3155,35.57],[133.3156,35.5694],[133.3185,35.5703],[133.3226,35.5687],[133.3236,35.5697],[133.3242,35.5682],[133.3257,35.5682],[133.3263,35.5687],[133.3268,35.5674],[133.3213,35.5633],[133.3142,35.5616],[133.3101,35.5596],[133.3099,35.559],[133.3089,35.558],[133.3094,35.5593],[133.3099,35.5597],[133.3109,35.5601],[133.31,35.5622],[133.3087,35.5626],[133.3089,35.5612],[133.3066,35.5604],[133.3088,35.5592],[133.3075,35.5591],[133.3083,35.5583],[133.2995,35.5573],[133.2974,35.5579],[133.2984,35.5579],[133.2976,35.5589],[133.2973,35.5582],[133.2858,35.5576],[133.2815,35.5564],[133.2825,35.5573],[133.2819,35.5577],[133.2771,35.5556],[133.265,35.5556],[133.2611,35.5538],[133.2541,35.5532],[133.255,35.5535],[133.2528,35.5541],[133.2525,35.553],[133.2536,35.553],[133.2441,35.5503],[133.2446,35.5491],[133.2338,35.5494],[133.2219,35.5476],[133.201,35.5352],[133.1982,35.529],[133.1986,35.526],[133.2158,35.496],[133.222,35.4814],[133.2002,35.4665],[133.19,35.4636],[133.1851,35.4609],[133.1874,35.4445],[133.1912,35.44],[133.1913,35.4326],[133.1898,35.4325],[133.1901,35.4302],[133.1874,35.4286],[133.182,35.4201],[133.1858,35.4173],[133.1808,35.4166],[133.1812,35.4148],[133.179,35.4129],[133.1816,35.4112],[133.1802,35.4057],[133.1819,35.4035],[133.1782,35.399],[133.1705,35.3952],[133.1685,35.3899],[133.1656,35.389],[133.1642,35.3871],[133.1589,35.3847],[133.1518,35.3842],[133.1497,35.3819],[133.1427,35.3802],[133.1425,35.3787],[133.1405,35.3789],[133.1387,35.3774],[133.1377,35.3724],[133.136,35.3698],[133.1331,35.3674],[133.1307,35.3674],[133.129,35.3647],[133.1265,35.3645],[133.1205,35.3603],[133.1186,35.3612],[133.1155,35.3604],[133.1149,35.3588],[133.1057,35.359],[133.0905,35.3495],[133.0834,35.34],[133.0662,35.3301],[133.0649,35.3298],[133.0646,35.3311],[133.0625,35.3316],[133.0598,35.3347],[133.0558,35.3367],[133.0546,35.3392],[133.0531,35.3395],[133.0535,35.3428],[133.0498,35.3455],[133.0497,35.3492],[133.0451,35.3526],[133.0465,35.3563],[133.0453,35.357],[133.046,35.3593],[133.0451,35.3608],[133.0473,35.3645],[133.0494,35.365],[133.0496,35.3661],[133.0481,35.3745],[133.0448,35.3749],[133.0369,35.3724],[133.035,35.3749],[133.0323,35.3748],[133.0302,35.3767],[133.0245,35.3772],[133.0218,35.3788],[133.0185,35.377],[133.0175,35.375],[133.0112,35.3784],[133.0103,35.3743],[133.0088,35.3734],[133.0111,35.3718],[133.0118,35.3698],[133.0033,35.3651],[133.0019,35.3679],[132.9979,35.3694],[132.9957,35.3727],[132.9895,35.3706],[132.9816,35.3707],[132.9801,35.3698],[132.979,35.3716],[132.9764,35.3718],[132.973,35.3699],[132.9652,35.3699],[132.9641,35.3712],[132.957,35.372],[132.9542,35.3742],[132.952,35.3729],[132.9481,35.3752],[132.9448,35.3754],[132.9425,35.3772],[132.9387,35.3741],[132.9368,35.3708],[132.9359,35.3725],[132.9346,35.3724],[132.9331,35.3763],[132.9281,35.3749],[132.9272,35.3707],[132.9259,35.3703],[132.9264,35.3685],[132.9245,35.3665],[132.9229,35.3698],[132.9195,35.3695],[132.9163,35.3715],[132.9146,35.3714],[132.914,35.3766],[132.9097,35.3809],[132.9084,35.3802],[132.9091,35.3783],[132.9079,35.376],[132.9033,35.3715],[132.8955,35.3717],[132.8908,35.3748],[132.885,35.3743],[132.8822,35.3752],[132.8826,35.3782],[132.8849,35.3806],[132.8808,35.3872],[132.8802,35.3862],[132.8768,35.3865],[132.8761,35.39],[132.877,35.393],[132.8755,35.3942],[132.8767,35.3957],[132.8749,35.3979],[132.8766,35.3997],[132.8878,35.4029],[132.8953,35.4117],[132.9304,35.4346],[132.9344,35.4454],[132.9125,35.465],[132.9113,35.4672],[132.91,35.4714],[132.9117,35.4746],[132.9099,35.4757],[132.9077,35.4801],[132.9084,35.4828],[132.9069,35.4837],[132.9054,35.489],[132.9066,35.4918],[132.9049,35.4963],[132.907,35.4998],[132.9026,35.5084],[132.9032,35.512],[132.9088,35.5119],[132.9141,35.514],[132.9168,35.5164],[132.9165,35.5153],[132.9173,35.5154],[132.9182,35.5173],[132.9201,35.518],[132.9202,35.5198],[132.9206,35.52],[132.9227,35.5192],[132.9203,35.5181],[132.9253,35.5159],[132.9316,35.5161],[132.9333,35.5171],[132.9389,35.5157],[132.9396,35.5144],[132.9415,35.5151],[132.9417,35.5163],[132.9466,35.516],[132.9545,35.5189],[132.9547,35.5183],[132.9566,35.5173],[132.9633,35.515],[132.9661,35.5147],[132.9714,35.5159],[132.9747,35.5202],[132.975,35.5216],[132.9727,35.522],[132.9731,35.5236],[132.9716,35.5246],[132.9732,35.5237],[132.9728,35.5222],[132.9745,35.5219],[132.974,35.5236],[132.9755,35.5237],[132.9746,35.5238],[132.9745,35.5254],[132.9736,35.525],[132.9733,35.526],[132.9743,35.5254],[132.9746,35.5267],[132.9732,35.5263],[132.973,35.5269],[132.9743,35.5277],[132.9728,35.5276],[132.9713,35.5253],[132.9716,35.5277],[132.9685,35.5291],[132.9671,35.5264],[132.9681,35.5256],[132.9671,35.5264],[132.9664,35.5254],[132.9688,35.53],[132.9674,35.5316],[132.9695,35.5316],[132.9697,35.5322],[132.9696,35.5342],[132.9679,35.5358],[132.969,35.5366],[132.9695,35.539],[132.9682,35.5398],[132.9692,35.541],[132.9673,35.5418],[132.968,35.5435],[132.9697,35.5433],[132.9697,35.5442],[132.9712,35.5446],[132.9756,35.5425],[132.9756,35.5404],[132.9803,35.5406],[132.9801,35.5416],[132.9819,35.5421],[132.9778,35.5458],[132.9814,35.5452],[132.9825,35.5468],[132.984,35.5444],[132.9857,35.5458],[132.9864,35.5442],[132.9894,35.543],[132.9897,35.5473],[132.9917,35.5458],[132.9913,35.5442],[132.9996,35.5438],[132.9982,35.5437],[132.9984,35.5395],[133.0006,35.5395],[133.0017,35.5424],[133.0034,35.5421],[133.0025,35.5415],[133.0036,35.5401],[133.0054,35.5405],[133.0067,35.5387],[133.0079,35.5389],[133.0078,35.5377],[133.0143,35.5393],[133.0136,35.5418],[133.0201,35.5415],[133.021,35.5398],[133.0228,35.5413],[133.024,35.5402],[133.0255,35.541],[133.0263,35.5407],[133.025,35.5401],[133.0269,35.5402],[133.0258,35.5395],[133.028,35.5384],[133.0284,35.5393],[133.0272,35.5395],[133.0302,35.5411],[133.0298,35.5426],[133.0315,35.543],[133.0296,35.546],[133.0299,35.5476],[133.028,35.5486],[133.0291,35.5489],[133.0288,35.5504],[133.0258,35.5517],[133.0269,35.5519],[133.0264,35.5533],[133.028,35.5538],[133.0274,35.5542],[133.0288,35.5557],[133.0301,35.5558],[133.0294,35.5553],[133.0314,35.5532],[133.0329,35.5544],[133.0321,35.555],[133.0339,35.5556],[133.0316,35.5577],[133.0334,35.5579],[133.0345,35.5568],[133.0356,35.5577],[133.0345,35.5589],[133.0404,35.5598],[133.0396,35.558],[133.0418,35.557],[133.0405,35.5572],[133.04,35.5561],[133.0407,35.5546],[133.0444,35.5535],[133.046,35.5537],[133.0459,35.5543],[133.0461,35.5546],[133.0468,35.5544],[133.0459,35.5552],[133.0482,35.554],[133.0502,35.5562],[133.0465,35.5597],[133.051,35.559],[133.053,35.5602],[133.0546,35.5621],[133.0531,35.5633],[133.053,35.5646],[133.0579,35.5651],[133.0588,35.5635],[133.06,35.5647],[133.0596,35.566],[133.0611,35.5674],[133.06,35.5686],[133.0612,35.57],[133.0604,35.5721],[133.0489,35.5752],[133.0484,35.5772],[133.0472,35.5769],[133.0477,35.578],[133.0496,35.5787],[133.0512,35.5771],[133.0543,35.5776],[133.055,35.5785],[133.0543,35.579],[133.0559,35.5797],[133.056,35.5788],[133.0581,35.579],[133.0597,35.5822],[133.0614,35.5806],[133.065,35.5799],[133.0668,35.5759],[133.067,35.5779],[133.0689,35.579],[133.067,35.5806],[133.0689,35.5842],[133.0741,35.5826],[133.0757,35.5831],[133.0781,35.5818],[133.0844,35.5799],[133.0852,35.5801],[133.0865,35.5814],[133.0883,35.5803],[133.0893,35.5815],[133.0917,35.5797],[133.0925,35.5801],[133.0918,35.5796],[133.0932,35.5783],[133.0929,35.5795],[133.0956,35.5781],[133.0982,35.5801],[133.097,35.5833],[133.0952,35.5829],[133.0926,35.5843],[133.0941,35.5866],[133.0901,35.5866],[133.0904,35.5882],[133.0958,35.5886],[133.0965,35.5873],[133.0961,35.5883],[133.0972,35.5877],[133.0982,35.5886],[133.0976,35.5906],[133.0935,35.591],[133.0942,35.5933],[133.0926,35.5938],[133.0922,35.5952],[133.0922,35.5974],[133.0935,35.5977],[133.0919,35.5982],[133.0903,35.596],[133.0892,35.5988],[133.0851,35.5988],[133.0839,35.6009],[133.0854,35.6026],[133.0902,35.6038],[133.0931,35.6029],[133.0933,35.604],[133.0939,35.6031],[133.0953,35.6042]]],[[[133.1406,35.5683],[133.1406,35.5681],[133.1405,35.5681],[133.1406,35.5683]]],[[[133.1393,35.5692],[133.1394,35.5691],[133.1392,35.5691],[133.1393,35.5692]]],[[[133.1353,35.5733],[133.1353,35.5731],[133.1352,35.5732],[133.1353,35.5733]]],[[[133.1382,35.5742],[133.138,35.5739],[133.1372,35.5744],[133.1382,35.5742]]],[[[133.1346,35.5747],[133.1345,35.5747],[133.1345,35.5748],[133.1346,35.5747]]],[[[133.1374,35.5744],[133.1375,35.5751],[133.1379,35.5748],[133.1374,35.5744]]],[[[133.1336,35.5748],[133.1337,35.5751],[133.1339,35.5749],[133.1336,35.5748]]],[[[133.1316,35.5764],[133.1319,35.5767],[133.132,35.5763],[133.1316,35.5764]]],[[[133.1223,35.5788],[133.1227,35.5782],[133.1221,35.5787],[133.1223,35.5788]]],[[[133.1281,35.5789],[133.1282,35.5787],[133.128,35.5787],[133.1281,35.5789]]],[[[133.1222,35.5793],[133.1226,35.5791],[133.1219,35.5793],[133.1222,35.5793]]],[[[133.1276,35.5805],[133.1275,35.5803],[133.1275,35.5805],[133.1276,35.5805]]],[[[133.1283,35.5805],[133.1285,35.5803],[133.1283,35.5803],[133.1283,35.5805]]],[[[133.1279,35.5807],[133.1282,35.581],[133.1284,35.5808],[133.1279,35.5807]]],[[[133.1195,35.5814],[133.1194,35.5813],[133.1193,35.5815],[133.1195,35.5814]]],[[[133.1195,35.5826],[133.119,35.5821],[133.1187,35.583],[133.1195,35.5826]]],[[[133.1194,35.5827],[133.1193,35.5845],[133.1194,35.5845],[133.1194,35.5827]]],[[[133.1142,35.5884],[133.1141,35.5885],[133.1147,35.5888],[133.1142,35.5884]]],[[[133.1293,35.5889],[133.1295,35.5891],[133.1297,35.589],[133.1293,35.5889]]],[[[133.1183,35.5891],[133.1181,35.5889],[133.1181,35.5891],[133.1183,35.5891]]],[[[133.1262,35.5892],[133.1265,35.589],[133.1264,35.5889],[133.1262,35.5892]]],[[[133.1189,35.5894],[133.1186,35.5889],[133.1185,35.5893],[133.1189,35.5894]]],[[[133.1276,35.5897],[133.129,35.5888],[133.1272,35.589],[133.1276,35.5897]]],[[[133.1265,35.5896],[133.1266,35.5893],[133.1264,35.5894],[133.1265,35.5896]]],[[[133.1272,35.5896],[133.1272,35.5895],[133.127,35.5895],[133.1272,35.5896]]],[[[133.0976,35.5902],[133.0974,35.5903],[133.0975,35.5903],[133.0976,35.5902]]],[[[133.127,35.5962],[133.1289,35.5956],[133.1272,35.5956],[133.124,35.5924],[133.1255,35.5919],[133.1242,35.5909],[133.1259,35.5896],[133.1257,35.588],[133.124,35.5873],[133.1218,35.589],[133.1193,35.5892],[133.1186,35.5907],[133.1216,35.5914],[133.1209,35.5933],[133.1223,35.5948],[133.1241,35.595],[133.124,35.5961],[133.1247,35.5954],[133.127,35.5962]]],[[[133.1206,35.593],[133.1201,35.593],[133.1201,35.593],[133.1206,35.593]]],[[[133.1204,35.5934],[133.1205,35.5935],[133.1205,35.5934],[133.1204,35.5934]]],[[[133.1213,35.595],[133.1214,35.5949],[133.121,35.5952],[133.1213,35.595]]],[[[133.1197,35.5952],[133.1193,35.5952],[133.1192,35.5953],[133.1197,35.5952]]],[[[133.1211,35.5957],[133.1206,35.5943],[133.1199,35.5944],[133.12,35.596],[133.1211,35.5957]]],[[[133.1123,35.5956],[133.1124,35.5954],[133.1122,35.5953],[133.1123,35.5956]]],[[[133.1123,35.5957],[133.1123,35.5958],[133.1123,35.5958],[133.1123,35.5957]]],[[[133.1246,35.596],[133.1245,35.5959],[133.1245,35.5961],[133.1246,35.596]]],[[[133.1198,35.596],[133.1198,35.596],[133.1198,35.596],[133.1198,35.596]]],[[[133.1132,35.5975],[133.1132,35.5966],[133.1125,35.5968],[133.1132,35.5975]]],[[[133.1293,35.5977],[133.1295,35.5975],[133.1295,35.5974],[133.1293,35.5977]]],[[[133.1071,35.5976],[133.1065,35.598],[133.1066,35.5983],[133.1071,35.5976]]],[[[133.0981,35.5981],[133.0981,35.5981],[133.0981,35.5982],[133.0981,35.5981]]],[[[133.098,35.5984],[133.098,35.5981],[133.0979,35.5981],[133.0979,35.5983],[133.098,35.5984]]],[[[133.0994,35.5983],[133.0994,35.5983],[133.0994,35.5983],[133.0994,35.5983]]],[[[133.1113,35.5984],[133.1117,35.5984],[133.1114,35.5983],[133.1113,35.5984]]],[[[133.1028,35.5987],[133.1027,35.5986],[133.1027,35.5987],[133.1028,35.5987]]],[[[133.102,35.5986],[133.102,35.5986],[133.102,35.5986],[133.102,35.5986]]],[[[133.1136,35.5996],[133.113,35.5987],[133.1127,35.5991],[133.1136,35.5996]]],[[[133.0969,35.5993],[133.0969,35.5992],[133.0969,35.5993],[133.0969,35.5993]]],[[[133.0972,35.5993],[133.0972,35.5993],[133.0972,35.5993],[133.0972,35.5993]]],[[[133.098,35.5995],[133.098,35.5994],[133.0979,35.5995],[133.098,35.5995]]],[[[133.0969,35.5999],[133.097,35.5999],[133.097,35.5998],[133.0969,35.5999]]],[[[133.0971,35.6],[133.0971,35.6],[133.0971,35.6],[133.0971,35.6]]],[[[133.0969,35.6001],[133.0969,35.6001],[133.0969,35.6001],[133.0969,35.6001]]],[[[133.0972,35.6009],[133.0969,35.6011],[133.0971,35.6011],[133.0972,35.6009]]],[[[133.0994,35.6029],[133.099,35.6028],[133.0991,35.6029],[133.0994,35.6029]]],[[[133.0991,35.604],[133.0991,35.6039],[133.0991,35.604],[133.0991,35.604]]],[[[133.0996,35.6043],[133.0996,35.6042],[133.0996,35.6043],[133.0996,35.6043]]],[[[133.0998,35.6047],[133.0997,35.6047],[133.0998,35.6047],[133.0998,35.6047]]],[[[133.1002,35.6049],[133.1001,35.6049],[133.1001,35.6049],[133.1002,35.6049]]],[[[133.1005,35.605],[133.1003,35.6048],[133.1003,35.6048],[133.1005,35.605]]],[[[133.0995,35.6049],[133.0996,35.605],[133.0996,35.6049],[133.0995,35.6049]]],[[[133.0993,35.6058],[133.0991,35.6043],[133.0986,35.6043],[133.0984,35.6055],[133.0993,35.6058]]],[[[133.1,35.6052],[133.1003,35.6052],[133.1,35.605],[133.1,35.6052]]],[[[133.097,35.6064],[133.0969,35.6064],[133.0969,35.6065],[133.097,35.6064]]],[[[133.1505,35.5609],[133.1502,35.561],[133.1505,35.561],[133.1505,35.5609]]],[[[133.1471,35.5615],[133.1472,35.5614],[133.1471,35.5613],[133.1471,35.5615]]],[[[133.1686,35.5647],[133.1685,35.5646],[133.1685,35.5647],[133.1686,35.5647]]],[[[133.1752,35.5648],[133.1753,35.5647],[133.1752,35.5648],[133.1752,35.5648]]],[[[133.1687,35.5648],[133.1686,35.5648],[133.1686,35.5648],[133.1687,35.5648]]],[[[133.1689,35.5649],[133.1688,35.5649],[133.1688,35.5649],[133.1689,35.5649]]],[[[133.1732,35.5655],[133.1732,35.5654],[133.1732,35.5655],[133.1732,35.5655]]],[[[133.1695,35.5657],[133.1695,35.5657],[133.1695,35.5658],[133.1695,35.5657]]],[[[133.1692,35.5659],[133.1695,35.5661],[133.1693,35.5657],[133.1692,35.5659]]],[[[133.1727,35.5669],[133.1723,35.5658],[133.1718,35.5678],[133.1727,35.5669]]],[[[133.1726,35.5671],[133.1726,35.567],[133.1725,35.5673],[133.1726,35.5671]]],[[[133.1727,35.5675],[133.1726,35.5673],[133.1726,35.5675],[133.1727,35.5675]]],[[[133.1724,35.5676],[133.1723,35.5675],[133.1723,35.5676],[133.1724,35.5676]]],[[[133.1804,35.5677],[133.1803,35.5676],[133.1804,35.5677],[133.1804,35.5677]]],[[[133.1765,35.5684],[133.1764,35.5683],[133.1764,35.5684],[133.1765,35.5684]]],[[[133.1976,35.5685],[133.1977,35.5686],[133.1977,35.5685],[133.1976,35.5685]]],[[[133.1792,35.5687],[133.1791,35.5686],[133.1791,35.5687],[133.1792,35.5687]]],[[[133.179,35.5689],[133.179,35.5688],[133.1789,35.5689],[133.179,35.5689]]],[[[133.1882,35.5691],[133.1877,35.5688],[133.1876,35.5689],[133.1882,35.5691]]],[[[133.2027,35.5691],[133.2026,35.569],[133.2026,35.5691],[133.2027,35.5691]]],[[[133.2026,35.5692],[133.2026,35.5693],[133.2026,35.5693],[133.2026,35.5692]]],[[[133.2028,35.5693],[133.2027,35.5694],[133.2027,35.5694],[133.2028,35.5693]]],[[[133.2048,35.5695],[133.2047,35.5695],[133.2048,35.5695],[133.2048,35.5695]]],[[[133.1992,35.5698],[133.1992,35.5697],[133.1992,35.5698],[133.1992,35.5698]]],[[[133.1996,35.5698],[133.1995,35.5697],[133.1995,35.5698],[133.1996,35.5698]]],[[[133.1999,35.5697],[133.1998,35.5697],[133.1999,35.5698],[133.1999,35.5697]]],[[[133.2024,35.57],[133.2026,35.5698],[133.2024,35.5699],[133.2024,35.57]]],[[[133.1784,35.5708],[133.1797,35.5702],[133.178,35.5702],[133.1784,35.5708]]],[[[133.2022,35.5716],[133.2024,35.5714],[133.2021,35.5714],[133.2022,35.5716]]],[[[133.1884,35.5717],[133.1881,35.5716],[133.1882,35.5718],[133.1884,35.5717]]],[[[133.1742,35.5722],[133.1739,35.5712],[133.1737,35.5722],[133.1742,35.5722]]],[[[133.1698,35.572],[133.1701,35.5725],[133.1703,35.572],[133.1698,35.572]]],[[[133.1705,35.5725],[133.1704,35.5725],[133.1705,35.5726],[133.1705,35.5725]]],[[[133.1971,35.5733],[133.198,35.5719],[133.1972,35.5718],[133.1971,35.5733]]],[[[133.1954,35.5735],[133.1953,35.5735],[133.1953,35.5736],[133.1954,35.5735]]],[[[133.198,35.5735],[133.198,35.5736],[133.1981,35.5736],[133.198,35.5735]]],[[[133.1874,35.5737],[133.1877,35.5737],[133.1874,35.5736],[133.1874,35.5737]]],[[[133.1954,35.5738],[133.1953,35.5738],[133.1953,35.5738],[133.1954,35.5738]]],[[[133.198,35.5738],[133.1979,35.5738],[133.1979,35.5739],[133.198,35.5738]]],[[[133.1976,35.5739],[133.1974,35.5738],[133.1975,35.5739],[133.1976,35.5739]]],[[[133.1986,35.5738],[133.1985,35.5739],[133.1986,35.5739],[133.1986,35.5738]]],[[[133.1736,35.575],[133.1738,35.5754],[133.1738,35.5748],[133.1736,35.575]]],[[[133.1701,35.5754],[133.1701,35.5752],[133.1701,35.5752],[133.1701,35.5754]]],[[[133.1727,35.5762],[133.173,35.5753],[133.1726,35.5758],[133.1727,35.5762]]],[[[133.1962,35.5762],[133.1961,35.5762],[133.1962,35.5762],[133.1962,35.5762]]],[[[133.2024,35.5763],[133.2023,35.5762],[133.2023,35.5763],[133.2024,35.5763]]],[[[133.2112,35.5766],[133.2113,35.5765],[133.2111,35.5764],[133.2112,35.5766]]],[[[133.2122,35.5775],[133.2133,35.5755],[133.2105,35.5758],[133.2121,35.577],[133.2122,35.5775]]],[[[133.211,35.5765],[133.211,35.5765],[133.211,35.5766],[133.211,35.5765]]],[[[133.2114,35.5768],[133.2113,35.5768],[133.2115,35.5768],[133.2114,35.5768]]],[[[133.1943,35.5769],[133.1942,35.577],[133.1943,35.577],[133.1943,35.5769]]],[[[133.1947,35.5772],[133.1947,35.5773],[133.1948,35.5773],[133.1947,35.5772]]],[[[133.197,35.5779],[133.1968,35.5772],[133.1964,35.5777],[133.197,35.5779]]],[[[133.2117,35.5777],[133.2119,35.5776],[133.2118,35.5775],[133.2117,35.5777]]],[[[133.1974,35.578],[133.1974,35.5779],[133.1973,35.578],[133.1974,35.578]]],[[[133.1975,35.5782],[133.1979,35.5783],[133.1977,35.578],[133.1975,35.5782]]],[[[133.2122,35.5792],[133.2121,35.5791],[133.2121,35.5792],[133.2122,35.5792]]],[[[133.2114,35.5794],[133.2116,35.579],[133.2112,35.5793],[133.2114,35.5794]]],[[[133.1941,35.5794],[133.1943,35.5792],[133.1942,35.5791],[133.1941,35.5794]]],[[[133.1945,35.5796],[133.1946,35.5794],[133.1944,35.5795],[133.1945,35.5796]]],[[[133.1934,35.5795],[133.1933,35.5795],[133.1933,35.5795],[133.1934,35.5795]]],[[[133.1951,35.5796],[133.195,35.5796],[133.195,35.5797],[133.1951,35.5796]]],[[[133.1929,35.5801],[133.1928,35.58],[133.1928,35.5801],[133.1929,35.5801]]],[[[133.142,35.582],[133.1426,35.5827],[133.1429,35.5826],[133.142,35.582]]],[[[133.2494,35.5512],[133.2493,35.5511],[133.2493,35.5512],[133.2494,35.5512]]],[[[133.2128,35.5703],[133.2126,35.5698],[133.2119,35.5703],[133.2128,35.5703]]],[[[133.2447,35.5707],[133.2445,35.5705],[133.2445,35.5707],[133.2447,35.5707]]],[[[133.2538,35.5707],[133.2537,35.5707],[133.2537,35.5707],[133.2538,35.5707]]],[[[133.2534,35.5708],[133.2534,35.5707],[133.2533,35.5707],[133.2534,35.5708]]],[[[133.2525,35.5708],[133.2524,35.5716],[133.2525,35.5716],[133.2525,35.5708]]],[[[133.2447,35.572],[133.2449,35.5719],[133.2449,35.5718],[133.2447,35.572]]],[[[133.2459,35.5724],[133.2458,35.5722],[133.2457,35.5723],[133.2459,35.5724]]],[[[133.2399,35.5725],[133.2402,35.5723],[133.24,35.5723],[133.2399,35.5725]]],[[[133.2536,35.5735],[133.2536,35.5735],[133.2536,35.5736],[133.2536,35.5735]]],[[[133.2537,35.5737],[133.2536,35.5737],[133.2537,35.5737],[133.2537,35.5737]]],[[[133.2135,35.5739],[133.2134,35.5737],[133.2134,35.5737],[133.2135,35.5739]]],[[[133.2138,35.574],[133.2137,35.5739],[133.2137,35.574],[133.2138,35.574]]],[[[133.2532,35.5741],[133.2532,35.574],[133.2532,35.5741],[133.2532,35.5741]]],[[[133.2531,35.5741],[133.253,35.5741],[133.253,35.5741],[133.2531,35.5741]]],[[[133.2492,35.5742],[133.2491,35.5741],[133.2491,35.5742],[133.2492,35.5742]]],[[[133.2491,35.5744],[133.2491,35.5744],[133.2491,35.5744],[133.2491,35.5744]]],[[[133.2135,35.5744],[133.2134,35.5744],[133.2135,35.5744],[133.2135,35.5744]]],[[[133.253,35.5745],[133.2531,35.5744],[133.253,35.5744],[133.253,35.5745]]],[[[133.2359,35.5734],[133.2355,35.5755],[133.2357,35.5756],[133.2359,35.5734]]],[[[133.2531,35.5747],[133.253,35.5747],[133.253,35.5747],[133.2531,35.5747]]],[[[133.2488,35.5751],[133.2488,35.5746],[133.2485,35.5748],[133.2488,35.5751]]],[[[133.2127,35.5751],[133.2126,35.575],[133.2126,35.5751],[133.2127,35.5751]]],[[[133.2529,35.5753],[133.2525,35.5757],[133.253,35.5757],[133.2529,35.5753]]],[[[133.2155,35.5758],[133.2156,35.5756],[133.2155,35.5756],[133.2155,35.5758]]],[[[133.2325,35.5763],[133.2323,35.5762],[133.2323,35.5762],[133.2325,35.5763]]],[[[133.2546,35.5769],[133.2546,35.5768],[133.2546,35.5768],[133.2546,35.5769]]],[[[133.2155,35.5769],[133.2157,35.5771],[133.2158,35.5769],[133.2155,35.5769]]],[[[133.2536,35.5791],[133.2548,35.5774],[133.2534,35.575],[133.2536,35.5791]]],[[[133.2131,35.5774],[133.2129,35.5776],[133.2132,35.5774],[133.2131,35.5774]]],[[[133.2126,35.5779],[133.2127,35.5777],[133.2127,35.5777],[133.2126,35.5779]]],[[[133.2128,35.5779],[133.2129,35.5779],[133.2129,35.5779],[133.2128,35.5779]]],[[[133.213,35.578],[133.213,35.578],[133.213,35.578],[133.213,35.578]]],[[[133.2164,35.578],[133.2165,35.5781],[133.2165,35.578],[133.2164,35.578]]],[[[133.2128,35.5783],[133.212,35.5785],[133.2128,35.5788],[133.2128,35.5783]]],[[[133.2413,35.5788],[133.2413,35.5787],[133.2412,35.5788],[133.2413,35.5788]]],[[[133.2432,35.5788],[133.2432,35.5789],[133.2433,35.5789],[133.2432,35.5788]]],[[[133.2325,35.579],[133.2324,35.5793],[133.2326,35.5792],[133.2325,35.579]]],[[[133.2314,35.5791],[133.2314,35.5792],[133.2314,35.5792],[133.2314,35.5791]]],[[[133.2316,35.5791],[133.2316,35.5792],[133.2317,35.5792],[133.2316,35.5791]]],[[[133.232,35.5793],[133.2319,35.5793],[133.232,35.5793],[133.232,35.5793]]],[[[133.2433,35.5793],[133.2432,35.5793],[133.2433,35.5794],[133.2433,35.5793]]],[[[133.2332,35.5794],[133.2332,35.5793],[133.2331,35.5794],[133.2332,35.5794]]],[[[133.2345,35.5793],[133.2348,35.5795],[133.2349,35.5795],[133.2345,35.5793]]],[[[133.2424,35.5796],[133.2423,35.5795],[133.2423,35.5796],[133.2424,35.5796]]],[[[133.2339,35.5796],[133.2338,35.5795],[133.2338,35.5796],[133.2339,35.5796]]],[[[133.2286,35.5801],[133.2278,35.5799],[133.2288,35.5803],[133.2286,35.5801]]],[[[133.2152,35.5804],[133.2156,35.5799],[133.2149,35.58],[133.2152,35.5804]]],[[[133.2381,35.5822],[133.2448,35.5814],[133.2415,35.58],[133.2431,35.5785],[133.2399,35.5798],[133.2383,35.5787],[133.2351,35.5793],[133.2363,35.5797],[133.2354,35.5811],[133.2373,35.5808],[133.2381,35.5822]]],[[[133.2281,35.5805],[133.2284,35.5805],[133.2281,35.5803],[133.2281,35.5805]]],[[[133.2279,35.5805],[133.2279,35.5805],[133.2279,35.5805],[133.2279,35.5805]]],[[[133.2314,35.5813],[133.2314,35.5801],[133.2306,35.5798],[133.23,35.5813],[133.2314,35.5813]]],[[[133.2457,35.5808],[133.2457,35.5808],[133.2457,35.5808],[133.2457,35.5808]]],[[[133.2338,35.5814],[133.2337,35.5813],[133.2337,35.5814],[133.2338,35.5814]]],[[[133.2367,35.5811],[133.2365,35.5816],[133.2367,35.5817],[133.2367,35.5811]]],[[[133.2451,35.5815],[133.245,35.5816],[133.2451,35.5816],[133.2451,35.5815]]],[[[133.2338,35.5816],[133.2338,35.5817],[133.2338,35.5817],[133.2338,35.5816]]],[[[133.2336,35.5821],[133.233,35.5815],[133.2329,35.5819],[133.2336,35.5821]]],[[[133.2466,35.5819],[133.2465,35.5817],[133.2464,35.5817],[133.2466,35.5819]]],[[[133.2462,35.5818],[133.2461,35.5818],[133.2462,35.5818],[133.2462,35.5818]]],[[[133.2457,35.5819],[133.2458,35.5818],[133.2456,35.5819],[133.2457,35.5819]]],[[[133.2339,35.582],[133.2341,35.5819],[133.2339,35.5818],[133.2339,35.582]]],[[[133.2163,35.5832],[133.2163,35.5827],[133.216,35.583],[133.2163,35.5832]]],[[[133.2455,35.5839],[133.2456,35.5837],[133.2455,35.5836],[133.2455,35.5839]]],[[[133.2803,35.5564],[133.2812,35.5567],[133.2812,35.5566],[133.2803,35.5564]]],[[[133.2842,35.5568],[133.2843,35.5567],[133.2842,35.5567],[133.2842,35.5568]]],[[[133.2844,35.557],[133.2843,35.557],[133.2843,35.557],[133.2844,35.557]]],[[[133.2559,35.5701],[133.2559,35.5699],[133.2559,35.5699],[133.2559,35.5701]]],[[[133.2558,35.5709],[133.2557,35.5708],[133.2558,35.5709],[133.2558,35.5709]]],[[[133.2562,35.5717],[133.2562,35.5718],[133.2562,35.5718],[133.2562,35.5717]]],[[[133.2564,35.5717],[133.2564,35.5718],[133.2564,35.5718],[133.2564,35.5717]]],[[[133.2566,35.5718],[133.2565,35.5718],[133.2565,35.5718],[133.2566,35.5718]]],[[[133.2561,35.5718],[133.2561,35.5718],[133.2561,35.5719],[133.2561,35.5718]]],[[[133.2573,35.572],[133.2571,35.572],[133.2571,35.572],[133.2573,35.572]]],[[[133.2996,35.5728],[133.2996,35.5727],[133.2996,35.5727],[133.2996,35.5728]]],[[[133.2749,35.5732],[133.2748,35.5732],[133.2749,35.5732],[133.2749,35.5732]]],[[[133.2998,35.5734],[133.2998,35.5733],[133.2998,35.5733],[133.2998,35.5734]]],[[[133.2998,35.5735],[133.2997,35.5734],[133.2997,35.5735],[133.2998,35.5735]]],[[[133.2576,35.5739],[133.2576,35.5739],[133.2576,35.5739],[133.2576,35.5739]]],[[[133.3026,35.5739],[133.3026,35.5739],[133.3026,35.5739],[133.3026,35.5739]]],[[[133.302,35.5739],[133.3021,35.574],[133.3021,35.5738],[133.302,35.5739]]],[[[133.2998,35.574],[133.2998,35.574],[133.2998,35.574],[133.2998,35.574]]],[[[133.2581,35.5744],[133.258,35.5744],[133.2581,35.5745],[133.2581,35.5744]]],[[[133.2582,35.5746],[133.2581,35.5746],[133.2582,35.5746],[133.2582,35.5746]]],[[[133.3004,35.5747],[133.3005,35.5746],[133.3004,35.5746],[133.3004,35.5747]]],[[[133.2582,35.5747],[133.2582,35.5748],[133.2582,35.5747],[133.2582,35.5747]]],[[[133.2633,35.5748],[133.2632,35.5748],[133.2633,35.5749],[133.2633,35.5748]]],[[[133.2626,35.5749],[133.2625,35.5748],[133.2625,35.5749],[133.2626,35.5749]]],[[[133.262,35.575],[133.262,35.5749],[133.262,35.5749],[133.262,35.575]]],[[[133.2612,35.575],[133.2611,35.575],[133.2611,35.575],[133.2612,35.575]]],[[[133.2872,35.5752],[133.2872,35.5752],[133.2872,35.5752],[133.2872,35.5752]]],[[[133.2602,35.5752],[133.2602,35.5753],[133.2603,35.5752],[133.2602,35.5752]]],[[[133.2914,35.5753],[133.2914,35.5754],[133.2914,35.5754],[133.2914,35.5753]]],[[[133.2916,35.5754],[133.2916,35.5754],[133.2916,35.5754],[133.2916,35.5754]]],[[[133.2917,35.5756],[133.2917,35.5755],[133.2917,35.5755],[133.2917,35.5756]]],[[[133.2655,35.5759],[133.2654,35.5758],[133.2654,35.5759],[133.2655,35.5759]]],[[[133.2871,35.576],[133.2869,35.5757],[133.2866,35.5759],[133.2871,35.576]]],[[[133.2874,35.576],[133.2877,35.5758],[133.2873,35.5759],[133.2874,35.576]]],[[[133.2954,35.5761],[133.2954,35.5761],[133.2954,35.5761],[133.2954,35.5761]]],[[[133.2785,35.5762],[133.279,35.5762],[133.2784,35.5761],[133.2785,35.5762]]],[[[133.2937,35.5763],[133.2936,35.5762],[133.2937,35.5763],[133.2937,35.5763]]],[[[133.2602,35.5763],[133.2603,35.5762],[133.2602,35.5763],[133.2602,35.5763]]],[[[133.2952,35.5763],[133.2952,35.5763],[133.2952,35.5764],[133.2952,35.5763]]],[[[133.2654,35.5763],[133.2653,35.5763],[133.2653,35.5764],[133.2654,35.5763]]],[[[133.292,35.5764],[133.2921,35.5763],[133.292,35.5763],[133.292,35.5764]]],[[[133.2887,35.5764],[133.2887,35.5764],[133.2887,35.5764],[133.2887,35.5764]]],[[[133.2872,35.5768],[133.2879,35.5763],[133.287,35.5761],[133.2872,35.5768]]],[[[133.2884,35.5765],[133.2883,35.5765],[133.2883,35.5765],[133.2884,35.5765]]],[[[133.2851,35.5766],[133.2851,35.5765],[133.285,35.5765],[133.2851,35.5766]]],[[[133.2856,35.5767],[133.2859,35.5767],[133.2857,35.5765],[133.2856,35.5767]]],[[[133.2601,35.577],[133.2601,35.577],[133.2601,35.577],[133.2601,35.577]]],[[[133.279,35.577],[133.2789,35.5774],[133.2791,35.5774],[133.279,35.577]]],[[[133.2731,35.5769],[133.2726,35.5774],[133.2726,35.5777],[133.2731,35.5769]]],[[[133.2863,35.5773],[133.2869,35.5777],[133.2864,35.5771],[133.2863,35.5773]]],[[[133.2604,35.5783],[133.2602,35.5771],[133.2596,35.5778],[133.2604,35.5783]]],[[[133.2553,35.5782],[133.2552,35.5782],[133.2553,35.5782],[133.2553,35.5782]]],[[[133.2933,35.5783],[133.2932,35.5783],[133.2932,35.5783],[133.2933,35.5783]]],[[[133.2555,35.5784],[133.2554,35.5784],[133.2555,35.5784],[133.2555,35.5784]]],[[[133.2831,35.5791],[133.2832,35.578],[133.2827,35.5789],[133.2831,35.5791]]],[[[133.2551,35.5791],[133.2549,35.5781],[133.2542,35.5784],[133.2551,35.5791]]],[[[133.2698,35.5788],[133.2698,35.5787],[133.2697,35.5788],[133.2698,35.5788]]],[[[133.2707,35.5789],[133.2707,35.5788],[133.2706,35.5788],[133.2707,35.5789]]],[[[133.2557,35.5796],[133.256,35.5798],[133.2559,35.5797],[133.2557,35.5796]]],[[[133.2945,35.5799],[133.2944,35.5798],[133.2944,35.5799],[133.2945,35.5799]]],[[[133.2949,35.58],[133.2949,35.5799],[133.2949,35.5799],[133.2949,35.58]]],[[[133.2939,35.5806],[133.2948,35.5802],[133.2947,35.5799],[133.2939,35.5806]]],[[[133.2631,35.5809],[133.263,35.5808],[133.263,35.5808],[133.2631,35.5809]]],[[[133.2635,35.5816],[133.2629,35.581],[133.2632,35.5816],[133.2635,35.5816]]],[[[133.3217,35.5633],[133.3216,35.5633],[133.3216,35.5634],[133.3217,35.5633]]],[[[133.3216,35.5635],[133.3216,35.5634],[133.3216,35.5635],[133.3216,35.5635]]],[[[133.3218,35.5635],[133.3217,35.5634],[133.3217,35.5635],[133.3218,35.5635]]],[[[133.3218,35.5636],[133.3218,35.5636],[133.3218,35.5636],[133.3218,35.5636]]],[[[133.3228,35.5643],[133.3228,35.5642],[133.3227,35.5642],[133.3228,35.5643]]],[[[133.3236,35.565],[133.3236,35.5649],[133.3235,35.565],[133.3236,35.565]]],[[[133.324,35.565],[133.3239,35.565],[133.324,35.5651],[133.324,35.565]]],[[[133.3242,35.5651],[133.3242,35.5651],[133.3242,35.5651],[133.3242,35.5651]]],[[[133.3243,35.5652],[133.3243,35.5652],[133.3244,35.5652],[133.3243,35.5652]]],[[[133.3246,35.5654],[133.3246,35.5654],[133.3246,35.5654],[133.3246,35.5654]]],[[[133.3259,35.566],[133.3258,35.5659],[133.3258,35.5659],[133.3259,35.566]]],[[[133.326,35.566],[133.326,35.566],[133.326,35.566],[133.326,35.566]]],[[[133.3261,35.5662],[133.3261,35.5661],[133.3261,35.5662],[133.3261,35.5662]]],[[[133.3265,35.5667],[133.3265,35.5666],[133.3264,35.5666],[133.3265,35.5667]]],[[[133.3266,35.5668],[133.3265,35.5668],[133.3266,35.5668],[133.3266,35.5668]]],[[[133.3268,35.5669],[133.3268,35.5669],[133.3269,35.5669],[133.3268,35.5669]]],[[[133.3267,35.5669],[133.3266,35.567],[133.3267,35.567],[133.3267,35.5669]]],[[[133.3269,35.5672],[133.3269,35.5672],[133.327,35.5672],[133.3269,35.5672]]],[[[133.327,35.5678],[133.327,35.5677],[133.3269,35.5677],[133.327,35.5678]]],[[[133.327,35.5679],[133.327,35.5679],[133.327,35.5679],[133.327,35.5679]]],[[[133.327,35.568],[133.3269,35.568],[133.3271,35.568],[133.327,35.568]]],[[[133.3254,35.5684],[133.3253,35.5684],[133.3254,35.5684],[133.3254,35.5684]]],[[[133.326,35.5688],[133.326,35.5688],[133.326,35.5688],[133.326,35.5688]]],[[[133.3262,35.5688],[133.3262,35.5688],[133.3262,35.5688],[133.3262,35.5688]]],[[[133.3259,35.5688],[133.3258,35.5689],[133.3259,35.5689],[133.3259,35.5688]]],[[[133.3222,35.5692],[133.3221,35.5693],[133.3222,35.5693],[133.3222,35.5692]]],[[[133.322,35.5694],[133.322,35.5693],[133.3219,35.5693],[133.322,35.5694]]],[[[133.3296,35.5695],[133.3295,35.5694],[133.3295,35.5695],[133.3296,35.5695]]],[[[133.3292,35.5695],[133.3294,35.5695],[133.3293,35.5694],[133.3292,35.5695]]],[[[133.3289,35.5697],[133.3288,35.5695],[133.3288,35.5697],[133.3289,35.5697]]],[[[133.3285,35.5697],[133.3286,35.5695],[133.3284,35.5696],[133.3285,35.5697]]],[[[133.3228,35.5699],[133.323,35.5698],[133.3228,35.5698],[133.3228,35.5699]]],[[[133.3168,35.5701],[133.3168,35.5699],[133.3167,35.57],[133.3168,35.5701]]],[[[133.3165,35.5701],[133.3165,35.5701],[133.3164,35.5701],[133.3165,35.5701]]],[[[133.317,35.5702],[133.317,35.5701],[133.317,35.5702],[133.317,35.5702]]],[[[133.3193,35.5703],[133.3192,35.5703],[133.3191,35.5703],[133.3193,35.5703]]],[[[133.3278,35.5704],[133.3277,35.5703],[133.3277,35.5703],[133.3278,35.5704]]],[[[133.3162,35.5703],[133.3162,35.5704],[133.3164,35.5704],[133.3162,35.5703]]],[[[133.3182,35.5704],[133.3181,35.5705],[133.3182,35.5705],[133.3182,35.5704]]],[[[133.3189,35.5705],[133.3192,35.5705],[133.3192,35.5705],[133.3189,35.5705]]],[[[133.3145,35.5711],[133.3144,35.571],[133.3144,35.5711],[133.3145,35.5711]]],[[[133.3136,35.5717],[133.3135,35.5716],[133.3135,35.5717],[133.3136,35.5717]]],[[[133.3107,35.5734],[133.3107,35.5733],[133.3107,35.5733],[133.3107,35.5734]]],[[[133.3103,35.5736],[133.3103,35.5735],[133.3103,35.5735],[133.3103,35.5736]]],[[[133.3036,35.5737],[133.3036,35.5736],[133.3036,35.5736],[133.3036,35.5737]]],[[[133.3031,35.5737],[133.3031,35.5737],[133.3031,35.5737],[133.3031,35.5737]]],[[[133.3027,35.5737],[133.3026,35.5737],[133.3026,35.5738],[133.3027,35.5737]]],[[[133.3032,35.5737],[133.3032,35.5738],[133.3033,35.5738],[133.3032,35.5737]]],[[[133.3035,35.5737],[133.3035,35.5738],[133.3035,35.5738],[133.3035,35.5737]]],[[[133.3029,35.5738],[133.3028,35.5738],[133.3029,35.5739],[133.3029,35.5738]]],[[[133.3031,35.5741],[133.3032,35.574],[133.3031,35.574],[133.3031,35.5741]]],[[[133.3036,35.5742],[133.3035,35.5741],[133.3035,35.5742],[133.3036,35.5742]]],[[[133.3094,35.5749],[133.3094,35.5749],[133.3094,35.5749],[133.3094,35.5749]]],[[[133.3067,35.5753],[133.3066,35.5754],[133.3067,35.5754],[133.3067,35.5753]]],[[[133.3067,35.5757],[133.3068,35.5757],[133.3067,35.5757],[133.3067,35.5757]]],[[[133.3087,35.5757],[133.3087,35.5757],[133.3086,35.5757],[133.3087,35.5757]]],[[[133.3067,35.5758],[133.3067,35.5759],[133.3068,35.5759],[133.3067,35.5758]]],[[[133.307,35.5759],[133.307,35.5759],[133.307,35.5759],[133.307,35.5759]]],[[[133.3515,35.5893],[133.3509,35.589],[133.351,35.5893],[133.3515,35.5893]]]]}},{"type":"Feature","properties":{"code":"32202","name":"浜田市","pref_code":"32","pref":"島根県"},"geometry":{"type":"MultiPolygon","coordinates":[[[[131.8944,34.7711],[131.8943,34.7711],[131.8945,34.7713],[131.8944,34.7711]]],[[[131.9117,34.7734],[131.9117,34.7734],[131.9117,34.7734],[131.9117,34.7734]]],[[[131.9116,34.7734],[131.9115,34.7734],[131.9116,34.7734],[131.9116,34.7734]]],[[[131.9115,34.7734],[131.9113,34.7734],[131.9113,34.7735],[131.9115,34.7734]]],[[[131.9114,34.7736],[131.9113,34.7735],[131.9113,34.7736],[131.9114,34.7736]]],[[[131.9112,34.7736],[131.9112,34.7735],[131.911,34.7736],[131.9112,34.7736]]],[[[131.9112,34.7737],[131.9112,34.7737],[131.9113,34.7737],[131.9112,34.7737]]],[[[131.9111,34.7737],[131.911,34.7738],[131.9111,34.7738],[131.9111,34.7737]]],[[[131.9117,34.7739],[131.9118,34.7737],[131.9115,34.7738],[131.9117,34.7739]]],[[[131.911,34.7739],[131.9111,34.7738],[131.911,34.7739],[131.911,34.7739]]],[[[131.9115,34.7739],[131.9115,34.774],[131.9115,34.774],[131.9115,34.7739]]],[[[131.9096,34.774],[131.9096,34.774],[131.9097,34.7741],[131.9096,34.774]]],[[[131.9095,34.774],[131.9095,34.7741],[131.9095,34.7741],[131.9095,34.774]]],[[[131.9088,34.7743],[131.9092,34.7742],[131.909,34.7742],[131.9088,34.7743]]],[[[131.9093,34.7743],[131.9092,34.7745],[131.9095,34.7744],[131.9093,34.7743]]],[[[131.9133,34.7748],[131.9132,34.7748],[131.9133,34.7748],[131.9133,34.7748]]],[[[131.9133,34.7749],[131.9133,34.7749],[131.9133,34.7749],[131.9133,34.7749]]],[[[131.9133,34.775],[131.9133,34.775],[131.9133,34.775],[131.9133,34.775]]],[[[131.9125,34.7756],[131.9125,34.7756],[131.9125,34.7756],[131.9125,34.7756]]],[[[131.9071,34.7757],[131.907,34.7756],[131.9068,34.7758],[131.9071,34.7757]]],[[[131.912,34.7758],[131.9119,34.7758],[131.9119,34.776],[131.912,34.7758]]],[[[131.9001,34.7756],[131.8996,34.7758],[131.9007,34.7762],[131.9001,34.7756]]],[[[131.9121,34.7761],[131.9125,34.7759],[131.9124,34.7759],[131.9121,34.7761]]],[[[131.9127,34.7762],[131.9128,34.7761],[131.9126,34.7758],[131.9127,34.7762]]],[[[131.9123,34.7761],[131.9121,34.7762],[131.9122,34.7762],[131.9123,34.7761]]],[[[131.9124,34.7762],[131.9124,34.7762],[131.9124,34.7762],[131.9124,34.7762]]],[[[131.9158,34.7768],[131.9158,34.7768],[131.9157,34.7768],[131.9158,34.7768]]],[[[131.9159,34.7768],[131.9158,34.7769],[131.9159,34.7769],[131.9159,34.7768]]],[[[131.9152,34.777],[131.9152,34.777],[131.9152,34.777],[131.9152,34.777]]],[[[131.9158,34.777],[131.9157,34.777],[131.9158,34.7771],[131.9158,34.777]]],[[[131.9156,34.7772],[131.9157,34.7772],[131.9157,34.7772],[131.9156,34.7772]]],[[[131.9154,34.7774],[131.9155,34.7774],[131.9155,34.7774],[131.9154,34.7774]]],[[[131.9134,34.7791],[131.9134,34.7791],[131.9134,34.7791],[131.9134,34.7791]]],[[[131.914,34.7803],[131.9114,34.7781],[131.9128,34.7809],[131.9156,34.7809],[131.914,34.7803]]],[[[131.9138,34.7796],[131.9139,34.7796],[131.9138,34.7796],[131.9138,34.7796]]],[[[131.9137,34.7796],[131.9138,34.7796],[131.9138,34.7796],[131.9137,34.7796]]],[[[131.9139,34.7799],[131.9138,34.7799],[131.9139,34.7799],[131.9139,34.7799]]],[[[131.9155,34.7808],[131.9155,34.7808],[131.915,34.7806],[131.9155,34.7808]]],[[[131.9257,34.7814],[131.9255,34.7814],[131.9255,34.7815],[131.9257,34.7814]]],[[[131.9255,34.782],[131.9257,34.7821],[131.9257,34.782],[131.9255,34.782]]],[[[131.9256,34.7823],[131.9256,34.7822],[131.9256,34.7821],[131.9256,34.7823]]],[[[131.9316,34.7862],[131.9315,34.7857],[131.9314,34.7857],[131.9316,34.7862]]],[[[131.9315,34.7873],[131.9315,34.7874],[131.9319,34.7874],[131.9315,34.7873]]],[[[131.9311,34.7873],[131.931,34.7874],[131.9311,34.7874],[131.9311,34.7873]]],[[[131.9313,34.7875],[131.9313,34.7875],[131.9314,34.7875],[131.9313,34.7875]]],[[[131.9309,34.7876],[131.9309,34.7876],[131.9311,34.7876],[131.9309,34.7876]]],[[[131.9321,34.7876],[131.9319,34.7876],[131.932,34.7877],[131.9321,34.7876]]],[[[131.9318,34.7877],[131.9319,34.7876],[131.9318,34.7876],[131.9318,34.7877]]],[[[131.9312,34.7876],[131.931,34.7878],[131.9312,34.7878],[131.9312,34.7876]]],[[[131.9298,34.7878],[131.9299,34.7877],[131.9299,34.7877],[131.9298,34.7878]]],[[[131.9319,34.7877],[131.9317,34.7878],[131.9321,34.7878],[131.9319,34.7877]]],[[[131.9303,34.7877],[131.9302,34.7878],[131.9306,34.788],[131.9303,34.7877]]],[[[131.9318,34.7878],[131.9318,34.7879],[131.9318,34.7879],[131.9318,34.7878]]],[[[131.9312,34.7879],[131.9311,34.7879],[131.9313,34.7879],[131.9312,34.7879]]],[[[131.9325,34.7879],[131.9325,34.788],[131.9326,34.788],[131.9325,34.7879]]],[[[131.9299,34.788],[131.93,34.788],[131.93,34.7879],[131.9299,34.788]]],[[[131.9321,34.788],[131.9321,34.788],[131.932,34.7879],[131.9321,34.788]]],[[[131.9307,34.788],[131.9306,34.788],[131.9307,34.7881],[131.9307,34.788]]],[[[131.9299,34.7881],[131.93,34.7881],[131.93,34.7881],[131.9299,34.7881]]],[[[131.9318,34.7881],[131.9318,34.7882],[131.9318,34.7881],[131.9318,34.7881]]],[[[131.9305,34.7881],[131.9306,34.7881],[131.9306,34.7881],[131.9305,34.7881]]],[[[131.93,34.7882],[131.93,34.7882],[131.93,34.7883],[131.93,34.7882]]],[[[131.9299,34.7882],[131.9298,34.7883],[131.93,34.7883],[131.9299,34.7882]]],[[[131.933,34.7886],[131.933,34.7886],[131.9329,34.7886],[131.933,34.7886]]],[[[131.9324,34.7888],[131.9324,34.7888],[131.9323,34.7887],[131.9324,34.7888]]],[[[131.9328,34.7888],[131.9327,34.7888],[131.9327,34.7888],[131.9328,34.7888]]],[[[131.9321,34.7889],[131.932,34.7889],[131.932,34.7891],[131.9321,34.7889]]],[[[131.9325,34.789],[131.9325,34.789],[131.9325,34.7889],[131.9325,34.789]]],[[[131.9367,34.789],[131.9365,34.7891],[131.9365,34.7892],[131.9367,34.789]]],[[[131.9373,34.7892],[131.9372,34.7891],[131.937,34.7892],[131.9373,34.7892]]],[[[131.9375,34.7894],[131.9376,34.7894],[131.9376,34.7892],[131.9375,34.7894],[131.9375,34.7894]]],[[[131.9336,34.7895],[131.9336,34.7895],[131.9336,34.7894],[131.9336,34.7895]]],[[[131.9331,34.7894],[131.9329,34.7895],[131.9332,34.7895],[131.9331,34.7894]]],[[[131.9377,34.7896],[131.9377,34.7895],[131.9376,34.7895],[131.9377,34.7896]]],[[[131.9334,34.7896],[131.9334,34.7895],[131.9334,34.7895],[131.9334,34.7896]]],[[[131.9381,34.7895],[131.9382,34.7896],[131.9382,34.7895],[131.9381,34.7895]]],[[[131.9347,34.7896],[131.9349,34.7897],[131.9349,34.7896],[131.9347,34.7896]]],[[[131.9377,34.7896],[131.9377,34.7897],[131.938,34.7897],[131.9377,34.7896]]],[[[131.9376,34.7897],[131.9374,34.7898],[131.9377,34.7898],[131.9376,34.7897]]],[[[131.9345,34.7897],[131.9344,34.7898],[131.9346,34.7898],[131.9345,34.7897]]],[[[131.9313,34.7893],[131.9296,34.7901],[131.9297,34.7902],[131.9313,34.7893]]],[[[131.9337,34.7898],[131.9336,34.7899],[131.9336,34.7899],[131.9337,34.7898]]],[[[131.9334,34.7899],[131.9333,34.7899],[131.9334,34.79],[131.9334,34.7899]]],[[[131.9343,34.7899],[131.9343,34.7901],[131.9345,34.7901],[131.9343,34.7899]]],[[[131.9363,34.7901],[131.9363,34.7901],[131.9364,34.79],[131.9363,34.7901]]],[[[131.9352,34.7901],[131.9354,34.7901],[131.9354,34.79],[131.9352,34.7901]]],[[[131.9331,34.7902],[131.9332,34.7902],[131.9332,34.7902],[131.9331,34.7902]]],[[[131.9354,34.7902],[131.9353,34.7902],[131.9353,34.7903],[131.9354,34.7902]]],[[[131.9352,34.7903],[131.9352,34.7903],[131.9352,34.7902],[131.9352,34.7903]]],[[[131.9332,34.7903],[131.9332,34.7903],[131.9333,34.7903],[131.9332,34.7903]]],[[[131.9461,34.7941],[131.9461,34.7942],[131.9461,34.7942],[131.9461,34.7941]]],[[[131.946,34.796],[131.9461,34.796],[131.9461,34.796],[131.946,34.796]]],[[[131.9364,34.8155],[131.9363,34.8156],[131.9365,34.8156],[131.9364,34.8155]]],[[[131.9361,34.8159],[131.936,34.816],[131.9362,34.8161],[131.9361,34.8159]]],[[[131.9383,34.8162],[131.9365,34.8157],[131.9364,34.8165],[131.9383,34.8162]]],[[[131.9465,34.7933],[131.9465,34.7932],[131.9464,34.7933],[131.9465,34.7933]]],[[[131.9466,34.7934],[131.9467,34.7932],[131.9466,34.7933],[131.9466,34.7934]]],[[[131.9468,34.794],[131.9467,34.794],[131.9467,34.794],[131.9468,34.794]]],[[[131.9462,34.7941],[131.9462,34.794],[131.9462,34.794],[131.9462,34.7941]]],[[[131.9468,34.7944],[131.9467,34.7942],[131.9466,34.7944],[131.9468,34.7944]]],[[[131.9471,34.7945],[131.9472,34.7944],[131.947,34.7944],[131.9471,34.7945]]],[[[131.946,34.7944],[131.946,34.7946],[131.9465,34.7945],[131.946,34.7944]]],[[[131.9464,34.7959],[131.9464,34.7959],[131.9464,34.7959],[131.9464,34.7959]]],[[[131.9463,34.7959],[131.9462,34.7959],[131.9463,34.7959],[131.9463,34.7959]]],[[[131.9465,34.7959],[131.9465,34.7959],[131.9465,34.7959],[131.9465,34.7959]]],[[[131.947,34.7963],[131.9469,34.7964],[131.9471,34.7964],[131.947,34.7963]]],[[[131.9474,34.7963],[131.9472,34.7964],[131.9476,34.7965],[131.9474,34.7963]]],[[[131.9474,34.7968],[131.9475,34.7968],[131.9475,34.7967],[131.9474,34.7968]]],[[[131.9464,34.7974],[131.9464,34.7974],[131.9465,34.7973],[131.9464,34.7974]]],[[[131.9484,34.7974],[131.9484,34.7974],[131.9485,34.7974],[131.9484,34.7974]]],[[[131.9485,34.7975],[131.9485,34.7975],[131.9485,34.7974],[131.9485,34.7975]]],[[[131.9485,34.7975],[131.9484,34.7976],[131.9484,34.7976],[131.9485,34.7975]]],[[[131.9485,34.7976],[131.9485,34.7976],[131.9485,34.7975],[131.9485,34.7976]]],[[[131.9486,34.798],[131.9487,34.798],[131.9486,34.7979],[131.9486,34.798]]],[[[131.9478,34.7983],[131.9478,34.7983],[131.9478,34.7983],[131.9478,34.7983]]],[[[131.9482,34.7985],[131.9479,34.7984],[131.9479,34.7985],[131.9482,34.7985]]],[[[131.9485,34.7985],[131.9484,34.7985],[131.9484,34.7986],[131.9485,34.7985]]],[[[131.9483,34.7988],[131.9484,34.7986],[131.9481,34.7986],[131.9483,34.7988]]],[[[131.9487,34.7987],[131.9486,34.7987],[131.9486,34.7988],[131.9487,34.7987]]],[[[131.9484,34.7991],[131.9484,34.7991],[131.9485,34.7991],[131.9484,34.7991]]],[[[131.9487,34.7993],[131.9487,34.7993],[131.9488,34.7994],[131.9487,34.7993]]],[[[131.9486,34.7998],[131.9486,34.7998],[131.9486,34.7999],[131.9486,34.7998]]],[[[131.9481,34.8004],[131.9472,34.8004],[131.9476,34.8007],[131.9481,34.8004]]],[[[131.947,34.8006],[131.947,34.8006],[131.9469,34.8006],[131.947,34.8006]]],[[[131.9471,34.8006],[131.9471,34.8006],[131.9472,34.8006],[131.9471,34.8006]]],[[[131.9471,34.8008],[131.9475,34.8008],[131.9475,34.8007],[131.9471,34.8008]]],[[[131.9483,34.8007],[131.9482,34.8008],[131.9483,34.8008],[131.9483,34.8007]]],[[[131.947,34.8008],[131.9469,34.8008],[131.947,34.8009],[131.947,34.8008]]],[[[131.9484,34.8013],[131.9482,34.8013],[131.9482,34.8014],[131.9484,34.8013]]],[[[131.9479,34.8014],[131.9478,34.8014],[131.9478,34.8015],[131.9479,34.8014]]],[[[131.948,34.8014],[131.9479,34.8014],[131.948,34.8016],[131.948,34.8014]]],[[[131.9485,34.8015],[131.9482,34.8016],[131.9484,34.8017],[131.9485,34.8015]]],[[[131.9478,34.8017],[131.9479,34.8016],[131.9479,34.8016],[131.9478,34.8017]]],[[[131.9485,34.8018],[131.9484,34.8019],[131.9486,34.8019],[131.9485,34.8018]]],[[[131.949,34.8019],[131.949,34.8019],[131.9489,34.802],[131.949,34.8019]]],[[[131.9503,34.8019],[131.9502,34.8019],[131.9503,34.802],[131.9503,34.8019]]],[[[131.9503,34.8021],[131.9503,34.802],[131.9502,34.802],[131.9503,34.8021]]],[[[131.9469,34.8024],[131.9469,34.8024],[131.947,34.8024],[131.9469,34.8024]]],[[[131.9507,34.8025],[131.9507,34.8024],[131.9505,34.8024],[131.9507,34.8025]]],[[[131.9465,34.8025],[131.9465,34.8026],[131.9466,34.8026],[131.9465,34.8025]]],[[[131.9508,34.8025],[131.9507,34.8026],[131.9507,34.8026],[131.9508,34.8025]]],[[[131.9509,34.8026],[131.9508,34.8027],[131.9508,34.8027],[131.9509,34.8026]]],[[[131.9512,34.8027],[131.9512,34.8027],[131.9512,34.8027],[131.9512,34.8027]]],[[[131.9506,34.8029],[131.9509,34.8028],[131.9506,34.8027],[131.9506,34.8029]]],[[[131.9511,34.8028],[131.9511,34.8028],[131.9512,34.8028],[131.9511,34.8028]]],[[[131.9499,34.8033],[131.9499,34.8033],[131.9499,34.8033],[131.9499,34.8033]]],[[[131.9503,34.8035],[131.9504,34.8035],[131.9502,34.8034],[131.9503,34.8035]]],[[[131.9501,34.8035],[131.9501,34.8035],[131.9501,34.8034],[131.9501,34.8035]]],[[[131.9507,34.8036],[131.9509,34.8035],[131.9508,34.8035],[131.9507,34.8036]]],[[[131.9505,34.8036],[131.9506,34.8035],[131.9505,34.8035],[131.9505,34.8036]]],[[[131.9516,34.8036],[131.9516,34.8036],[131.9516,34.8035],[131.9516,34.8036]]],[[[131.9503,34.8035],[131.9503,34.8036],[131.9504,34.8036],[131.9503,34.8035]]],[[[131.9515,34.8036],[131.9514,34.8036],[131.9515,34.8037],[131.9515,34.8036]]],[[[131.9506,34.8037],[131.9505,34.8036],[131.9505,34.8037],[131.9506,34.8037]]],[[[131.9516,34.8037],[131.9516,34.8036],[131.9516,34.8037],[131.9516,34.8037]]],[[[131.9513,34.8036],[131.9511,34.8037],[131.9512,34.8038],[131.9513,34.8036]]],[[[131.9508,34.8037],[131.9508,34.8037],[131.9506,34.8038],[131.9508,34.8037]]],[[[131.9515,34.8037],[131.9514,34.8038],[131.9515,34.8038],[131.9515,34.8037]]],[[[131.9511,34.8038],[131.951,34.8039],[131.9511,34.8039],[131.9511,34.8038]]],[[[131.9513,34.8047],[131.9512,34.8047],[131.9511,34.8048],[131.9513,34.8047]]],[[[131.9514,34.8051],[131.9514,34.8051],[131.9513,34.8051],[131.9514,34.8051]]],[[[131.9511,34.8052],[131.951,34.8054],[131.9512,34.8054],[131.9511,34.8052]]],[[[131.9508,34.8054],[131.9509,34.8054],[131.9508,34.8053],[131.9508,34.8054]]],[[[131.9514,34.8055],[131.9514,34.8055],[131.9514,34.8054],[131.9514,34.8055]]],[[[131.952,34.8057],[131.9521,34.8056],[131.9519,34.8056],[131.952,34.8057]]],[[[131.952,34.8058],[131.9518,34.8062],[131.952,34.807],[131.952,34.8058]]],[[[131.9524,34.8081],[131.9525,34.808],[131.9524,34.808],[131.9524,34.8081]]],[[[131.9512,34.8094],[131.9513,34.8094],[131.9513,34.8094],[131.9512,34.8094]]],[[[131.9518,34.8096],[131.9519,34.8095],[131.9518,34.8095],[131.9518,34.8096]]],[[[131.9515,34.8098],[131.9515,34.8098],[131.9515,34.8098],[131.9515,34.8098]]],[[[131.9512,34.8099],[131.9512,34.8099],[131.9511,34.8099],[131.9512,34.8099]]],[[[131.9506,34.8099],[131.9506,34.8099],[131.9505,34.8099],[131.9506,34.8099]]],[[[131.9503,34.81],[131.9504,34.81],[131.9503,34.81],[131.9503,34.81]]],[[[131.9517,34.8099],[131.9513,34.8102],[131.9518,34.8103],[131.9517,34.8099]]],[[[131.95,34.8102],[131.9501,34.8102],[131.9501,34.8101],[131.95,34.8102]]],[[[131.9504,34.8101],[131.9504,34.8102],[131.9505,34.8102],[131.9504,34.8101]]],[[[131.9509,34.8102],[131.9509,34.8102],[131.9509,34.8102],[131.9509,34.8102]]],[[[131.9502,34.8102],[131.9502,34.8103],[131.9503,34.8103],[131.9502,34.8102]]],[[[131.951,34.8104],[131.951,34.8103],[131.9509,34.8103],[131.951,34.8104]]],[[[131.9517,34.8103],[131.9516,34.8103],[131.9518,34.8105],[131.9517,34.8103]]],[[[131.9502,34.8104],[131.9502,34.8105],[131.9503,34.8105],[131.9502,34.8104]]],[[[131.9517,34.8106],[131.952,34.8106],[131.9515,34.8103],[131.9517,34.8106]]],[[[131.9519,34.8104],[131.9518,34.8105],[131.9519,34.8105],[131.9519,34.8104]]],[[[131.9508,34.8108],[131.9509,34.8108],[131.9509,34.8107],[131.9508,34.8108]]],[[[131.9514,34.8109],[131.9515,34.8109],[131.9513,34.8108],[131.9514,34.8109]]],[[[131.9516,34.811],[131.9516,34.8111],[131.9518,34.811],[131.9516,34.811]]],[[[131.9515,34.8111],[131.9515,34.8111],[131.9515,34.8111],[131.9515,34.8111]]],[[[131.9506,34.8111],[131.9505,34.8112],[131.9506,34.8112],[131.9506,34.8111]]],[[[131.9516,34.8112],[131.9517,34.8112],[131.9517,34.8111],[131.9516,34.8112]]],[[[131.9501,34.8118],[131.9502,34.8115],[131.95,34.8115],[131.9501,34.8118]]],[[[131.953,34.8074],[131.9532,34.8073],[131.9532,34.8073],[131.953,34.8074]]],[[[131.953,34.8076],[131.9531,34.8076],[131.9531,34.8075],[131.953,34.8076]]],[[[131.9532,34.8076],[131.9531,34.8076],[131.9532,34.8076],[131.9532,34.8076]]],[[[131.9529,34.8077],[131.9529,34.8077],[131.953,34.8077],[131.9529,34.8077]]],[[[131.9527,34.8077],[131.9528,34.8078],[131.9528,34.8077],[131.9527,34.8077]]],[[[131.9527,34.808],[131.9526,34.808],[131.9526,34.808],[131.9527,34.808]]],[[[131.953,34.8106],[131.9531,34.8105],[131.9529,34.8104],[131.953,34.8106]]],[[[131.9536,34.8106],[131.9536,34.8107],[131.9537,34.8106],[131.9536,34.8106]]],[[[131.9525,34.8108],[131.9526,34.8108],[131.9525,34.8108],[131.9525,34.8108]]],[[[131.9537,34.811],[131.9537,34.811],[131.9537,34.8109],[131.9537,34.811]]],[[[131.9541,34.811],[131.9541,34.811],[131.9541,34.811],[131.9541,34.811]]],[[[131.954,34.8109],[131.9539,34.8109],[131.9539,34.8111],[131.954,34.8109]]],[[[131.9539,34.8113],[131.954,34.8112],[131.954,34.8111],[131.9539,34.8113]]],[[[131.9548,34.8113],[131.9548,34.8112],[131.9548,34.8112],[131.9548,34.8113]]],[[[131.9553,34.812],[131.9553,34.812],[131.9553,34.812],[131.9553,34.812]]],[[[131.9554,34.813],[131.9554,34.813],[131.9555,34.813],[131.9554,34.813]]],[[[131.9551,34.8131],[131.9551,34.8132],[131.9552,34.8131],[131.9551,34.8131]]],[[[131.9549,34.8132],[131.955,34.8131],[131.9548,34.8131],[131.9549,34.8132]]],[[[131.9562,34.8132],[131.9561,34.8131],[131.9561,34.8132],[131.9562,34.8132]]],[[[131.955,34.8135],[131.9551,34.8135],[131.9551,34.8135],[131.955,34.8135]]],[[[131.956,34.8143],[131.9558,34.8143],[131.9559,34.8144],[131.956,34.8143]]],[[[131.9553,34.815],[131.9554,34.8149],[131.9553,34.8148],[131.9553,34.815]]],[[[131.9555,34.8161],[131.9555,34.8161],[131.9553,34.8161],[131.9555,34.8161]]],[[[131.9556,34.8162],[131.9555,34.8161],[131.9555,34.8162],[131.9556,34.8162]]],[[[131.9557,34.8162],[131.9557,34.8162],[131.9557,34.8162],[131.9557,34.8162]]],[[[131.9555,34.8171],[131.9555,34.817],[131.9552,34.817],[131.9555,34.8171]]],[[[131.9549,34.8172],[131.9549,34.8172],[131.955,34.8173],[131.9549,34.8172]]],[[[131.9547,34.8174],[131.9547,34.8175],[131.9548,34.8174],[131.9547,34.8174]]],[[[131.9554,34.8174],[131.9552,34.8175],[131.9553,34.8176],[131.9554,34.8174]]],[[[131.9566,34.8176],[131.9566,34.8176],[131.9566,34.8175],[131.9566,34.8176]]],[[[131.9568,34.8176],[131.9569,34.8176],[131.9569,34.8175],[131.9568,34.8176]]],[[[131.9571,34.8176],[131.9571,34.8177],[131.9571,34.8177],[131.9571,34.8176]]],[[[131.9572,34.8177],[131.9573,34.8177],[131.9573,34.8176],[131.9572,34.8177]]],[[[131.9568,34.818],[131.957,34.818],[131.9568,34.8179],[131.9568,34.818]]],[[[131.9569,34.8183],[131.957,34.8183],[131.957,34.8182],[131.9569,34.8183]]],[[[131.9571,34.8186],[131.9569,34.8185],[131.9569,34.8187],[131.9571,34.8186]]],[[[131.962,34.8191],[131.9627,34.8189],[131.9624,34.8187],[131.962,34.8191]]],[[[131.957,34.8193],[131.9569,34.8193],[131.957,34.8194],[131.957,34.8193]]],[[[131.9626,34.8196],[131.9625,34.8194],[131.9624,34.8196],[131.9626,34.8196]]],[[[131.9624,34.8199],[131.9623,34.8199],[131.9623,34.8201],[131.9624,34.8199]]],[[[131.9634,34.8202],[131.9635,34.8203],[131.9635,34.8202],[131.9634,34.8202]]],[[[131.9615,34.8202],[131.9615,34.8203],[131.9615,34.8203],[131.9615,34.8202]]],[[[131.9623,34.8204],[131.9622,34.8205],[131.9623,34.8205],[131.9623,34.8204]]],[[[131.9633,34.8204],[131.9632,34.8205],[131.9634,34.8205],[131.9633,34.8204]]],[[[131.9687,34.8205],[131.9687,34.8205],[131.9688,34.8206],[131.9687,34.8205]]],[[[131.9619,34.8207],[131.9619,34.8207],[131.962,34.8207],[131.9619,34.8207]]],[[[131.9637,34.8208],[131.9637,34.8208],[131.9637,34.8207],[131.9637,34.8208]]],[[[131.966,34.8209],[131.966,34.8209],[131.9659,34.8209],[131.966,34.8209]]],[[[131.9673,34.821],[131.9672,34.821],[131.9672,34.8211],[131.9673,34.821]]],[[[131.9665,34.8212],[131.9665,34.8211],[131.9665,34.8211],[131.9665,34.8212]]],[[[131.9667,34.8212],[131.9667,34.8212],[131.9667,34.8211],[131.9667,34.8212]]],[[[131.9674,34.8211],[131.9674,34.8212],[131.9675,34.8212],[131.9674,34.8211]]],[[[131.9657,34.8212],[131.9656,34.8213],[131.9657,34.8214],[131.9657,34.8212]]],[[[131.9744,34.8215],[131.9745,34.8214],[131.9743,34.8213],[131.9744,34.8215]]],[[[131.9689,34.8217],[131.969,34.8214],[131.9687,34.8214],[131.9689,34.8217]]],[[[131.9741,34.8216],[131.9742,34.8217],[131.9742,34.8216],[131.9741,34.8216]]],[[[131.9666,34.8218],[131.9666,34.8216],[131.9664,34.8216],[131.9666,34.8218]]],[[[131.9736,34.8217],[131.9734,34.822],[131.974,34.822],[131.9736,34.8217]]],[[[131.9687,34.822],[131.9685,34.8222],[131.9686,34.8223],[131.9687,34.822]]],[[[131.9775,34.8223],[131.9774,34.8224],[131.9776,34.8225],[131.9775,34.8223]]],[[[131.9696,34.8229],[131.9697,34.8228],[131.9697,34.8228],[131.9696,34.8229]]],[[[131.9696,34.823],[131.9696,34.8231],[131.9697,34.823],[131.9696,34.823]]],[[[131.9705,34.8231],[131.9706,34.8231],[131.9706,34.8231],[131.9705,34.8231]]],[[[131.9719,34.8234],[131.9722,34.8235],[131.9723,34.8232],[131.9719,34.8234]]],[[[131.9787,34.8234],[131.9787,34.8234],[131.9787,34.8235],[131.9787,34.8234]]],[[[131.9789,34.8235],[131.9788,34.8235],[131.9788,34.8236],[131.9789,34.8235]]],[[[131.9792,34.8236],[131.979,34.8235],[131.979,34.8236],[131.9792,34.8236]]],[[[131.9792,34.8237],[131.9793,34.8236],[131.9792,34.8236],[131.9792,34.8237]]],[[[131.9794,34.8237],[131.9795,34.8236],[131.9794,34.8236],[131.9794,34.8237]]],[[[131.9796,34.8237],[131.9796,34.8237],[131.9796,34.8236],[131.9796,34.8237]]],[[[131.9797,34.8237],[131.9797,34.8238],[131.9798,34.8238],[131.9797,34.8237]]],[[[131.9797,34.8238],[131.9797,34.8238],[131.9797,34.8238],[131.9797,34.8238]]],[[[131.9796,34.8239],[131.9796,34.824],[131.9796,34.824],[131.9796,34.8239]]],[[[131.9805,34.8244],[131.9804,34.8245],[131.9805,34.8245],[131.9805,34.8244]]],[[[131.9803,34.8246],[131.9804,34.8246],[131.9804,34.8245],[131.9803,34.8246]]],[[[131.9804,34.8247],[131.9804,34.8246],[131.9803,34.8247],[131.9804,34.8247]]],[[[131.981,34.8248],[131.981,34.8248],[131.9808,34.8248],[131.981,34.8248]]],[[[131.9793,34.8252],[131.9793,34.8252],[131.9792,34.8252],[131.9793,34.8252]]],[[[131.9793,34.8253],[131.9793,34.8253],[131.9793,34.8253],[131.9793,34.8253]]],[[[131.9793,34.8253],[131.9792,34.8254],[131.9793,34.8254],[131.9793,34.8253]]],[[[131.9791,34.8255],[131.9791,34.8255],[131.9791,34.8255],[131.9791,34.8255]]],[[[131.9799,34.8256],[131.98,34.8256],[131.9799,34.8256],[131.9799,34.8256]]],[[[131.9788,34.8256],[131.9788,34.8256],[131.9789,34.8256],[131.9788,34.8256]]],[[[131.979,34.8258],[131.9791,34.8257],[131.979,34.8257],[131.979,34.8258]]],[[[131.9791,34.8261],[131.9792,34.826],[131.9791,34.826],[131.9791,34.8261]]],[[[131.9816,34.828],[131.9815,34.828],[131.9816,34.8281],[131.9816,34.828]]],[[[131.9817,34.8286],[131.9817,34.8286],[131.9817,34.8287],[131.9817,34.8286]]],[[[131.9816,34.8286],[131.9817,34.8287],[131.9816,34.8286],[131.9816,34.8286]]],[[[131.9815,34.8288],[131.9816,34.8288],[131.9815,34.8288],[131.9815,34.8288]]],[[[131.9812,34.8288],[131.9812,34.8289],[131.9813,34.8288],[131.9812,34.8288]]],[[[131.9814,34.8289],[131.9815,34.8289],[131.9814,34.8289],[131.9814,34.8289]]],[[[131.9811,34.8288],[131.9809,34.8289],[131.981,34.8294],[131.9811,34.8288]]],[[[131.9817,34.8291],[131.9816,34.8292],[131.9817,34.8292],[131.9817,34.8291]]],[[[131.9814,34.8296],[131.9815,34.8296],[131.9815,34.8296],[131.9814,34.8296]]],[[[131.9812,34.8298],[131.9811,34.83],[131.9816,34.8299],[131.9812,34.8298]]],[[[131.9829,34.8262],[131.9829,34.8262],[131.983,34.8263],[131.9829,34.8262]]],[[[131.9842,34.8268],[131.9843,34.8268],[131.9843,34.8267],[131.9842,34.8268]]],[[[131.9842,34.8267],[131.9843,34.8267],[131.9843,34.8267],[131.9843,34.8268],[131.9841,34.8271],[131.9843,34.8269],[131.9843,34.8267],[131.9842,34.8267]]],[[[131.9819,34.8278],[131.9816,34.8277],[131.9816,34.8279],[131.9819,34.8278]]],[[[131.982,34.828],[131.9819,34.8279],[131.9819,34.828],[131.982,34.828]]],[[[131.9894,34.8282],[131.9893,34.8282],[131.9893,34.8283],[131.9894,34.8282]]],[[[131.9896,34.8283],[131.9897,34.8283],[131.9897,34.8283],[131.9896,34.8283]]],[[[131.9817,34.8283],[131.9818,34.8283],[131.9818,34.8283],[131.9817,34.8283]]],[[[131.9895,34.8283],[131.9895,34.8283],[131.9895,34.8283],[131.9895,34.8283]]],[[[131.9897,34.8284],[131.9897,34.8284],[131.9896,34.8284],[131.9897,34.8284]]],[[[131.9817,34.8284],[131.9818,34.8284],[131.9817,34.8284],[131.9817,34.8284]]],[[[131.9897,34.8284],[131.9897,34.8284],[131.9897,34.8284],[131.9897,34.8284]]],[[[131.9818,34.8285],[131.9818,34.8285],[131.9818,34.8285],[131.9818,34.8285]]],[[[131.9882,34.8286],[131.9882,34.8285],[131.9882,34.8285],[131.9882,34.8286]]],[[[131.9882,34.8286],[131.9882,34.8286],[131.9881,34.8286],[131.9882,34.8286]]],[[[131.9875,34.8286],[131.9875,34.8286],[131.9875,34.8286],[131.9875,34.8286]]],[[[131.9882,34.8287],[131.9883,34.8286],[131.9882,34.8286],[131.9882,34.8287]]],[[[131.9881,34.8287],[131.9881,34.8287],[131.9881,34.8286],[131.9881,34.8287]]],[[[131.9877,34.8287],[131.9877,34.8287],[131.9877,34.8286],[131.9877,34.8287]]],[[[131.9881,34.8287],[131.9881,34.8287],[131.9881,34.8287],[131.9881,34.8287]]],[[[131.9882,34.8287],[131.9883,34.8287],[131.9883,34.8287],[131.9882,34.8287]]],[[[131.9882,34.8287],[131.9881,34.8287],[131.9881,34.8288],[131.9882,34.8287]]],[[[131.9818,34.8289],[131.9818,34.8289],[131.9819,34.8289],[131.9818,34.8289]]],[[[131.9874,34.8289],[131.9874,34.8289],[131.9873,34.8289],[131.9874,34.8289]]],[[[131.9876,34.8291],[131.9876,34.8291],[131.9877,34.8291],[131.9876,34.8291]]],[[[131.9878,34.8291],[131.9878,34.8291],[131.9878,34.8291],[131.9878,34.8291]]],[[[131.9872,34.8291],[131.9869,34.8292],[131.9869,34.8292],[131.9872,34.8291]]],[[[131.9868,34.8291],[131.9868,34.8291],[131.9869,34.8291],[131.9868,34.8291]]],[[[131.9877,34.8292],[131.9877,34.8292],[131.9877,34.8291],[131.9877,34.8292]]],[[[131.9876,34.8292],[131.9876,34.8292],[131.9876,34.8292],[131.9876,34.8292]]],[[[131.9818,34.8292],[131.9818,34.8292],[131.9818,34.8292],[131.9818,34.8292]]],[[[131.9872,34.8292],[131.9869,34.8292],[131.9869,34.8293],[131.9872,34.8292]]],[[[131.9866,34.8293],[131.9869,34.8295],[131.9872,34.8294],[131.9868,34.8292],[131.9866,34.8293]]],[[[131.9819,34.8293],[131.9817,34.8293],[131.9818,34.8294],[131.9819,34.8293]]],[[[131.9873,34.8293],[131.9872,34.8293],[131.9874,34.8295],[131.9873,34.8293]]],[[[131.9866,34.8294],[131.9866,34.8294],[131.9866,34.8294],[131.9866,34.8294]]],[[[131.9904,34.8295],[131.9904,34.8295],[131.9903,34.8295],[131.9904,34.8295]]],[[[131.9864,34.8296],[131.9864,34.8296],[131.9864,34.8295],[131.9864,34.8296]]],[[[131.9872,34.8297],[131.9872,34.8295],[131.9871,34.8296],[131.9872,34.8297]]],[[[131.9865,34.8296],[131.9865,34.8297],[131.9865,34.8296],[131.9865,34.8296]]],[[[131.9903,34.8297],[131.9903,34.8296],[131.9902,34.8296],[131.9903,34.8297]]],[[[131.9871,34.8297],[131.987,34.8297],[131.9869,34.8297],[131.9871,34.8297]]],[[[131.9904,34.8297],[131.9904,34.8297],[131.9905,34.8297],[131.9904,34.8297]]],[[[131.9867,34.8298],[131.9869,34.8298],[131.9868,34.8297],[131.9867,34.8298]]],[[[131.9868,34.8302],[131.9868,34.8302],[131.9868,34.8302],[131.9868,34.8302]]],[[[131.9865,34.8302],[131.9865,34.8304],[131.9865,34.8303],[131.9865,34.8302]]],[[[131.9905,34.8306],[131.9904,34.8306],[131.9904,34.8306],[131.9905,34.8306]]],[[[131.9906,34.8307],[131.9906,34.8307],[131.9906,34.8306],[131.9906,34.8307]]],[[[131.9907,34.8307],[131.9907,34.8307],[131.9907,34.8307],[131.9907,34.8307]]],[[[131.9903,34.8308],[131.9903,34.8308],[131.9903,34.8307],[131.9903,34.8308]]],[[[131.9904,34.8308],[131.9904,34.8308],[131.9904,34.8308],[131.9904,34.8308]]],[[[131.9902,34.8308],[131.9901,34.8309],[131.9901,34.8309],[131.9902,34.8308]]],[[[131.9907,34.8309],[131.9906,34.8309],[131.9907,34.8309],[131.9907,34.8309]]],[[[131.9904,34.831],[131.9904,34.831],[131.9904,34.831],[131.9904,34.831]]],[[[131.9905,34.8311],[131.9905,34.8311],[131.9906,34.831],[131.9905,34.8311]]],[[[131.9904,34.8311],[131.9904,34.8311],[131.9904,34.8311],[131.9904,34.8311]]],[[[131.9907,34.8312],[131.9906,34.8311],[131.9906,34.8314],[131.9907,34.8312]]],[[[131.9904,34.8312],[131.9904,34.8313],[131.9905,34.8313],[131.9904,34.8312]]],[[[131.9901,34.8313],[131.9901,34.8314],[131.9902,34.8314],[131.9901,34.8313]]],[[[131.9904,34.8314],[131.9905,34.8314],[131.9904,34.8314],[131.9904,34.8314]]],[[[131.9908,34.8314],[131.9908,34.8314],[131.9907,34.8314],[131.9908,34.8314]]],[[[131.9902,34.8314],[131.9902,34.8314],[131.9901,34.8314],[131.9902,34.8314]]],[[[131.9901,34.8315],[131.9901,34.8314],[131.99,34.8315],[131.9901,34.8315]]],[[[131.9909,34.8315],[131.9909,34.8315],[131.9909,34.8315],[131.9909,34.8315]]],[[[131.9909,34.8315],[131.9908,34.8315],[131.9908,34.8316],[131.9909,34.8315]]],[[[131.9903,34.8315],[131.9903,34.8316],[131.9903,34.8316],[131.9903,34.8315]]],[[[131.9908,34.8318],[131.9909,34.8317],[131.9908,34.8317],[131.9908,34.8318]]],[[[131.9899,34.8318],[131.9899,34.8317],[131.9898,34.8317],[131.9899,34.8318]]],[[[131.9909,34.8318],[131.9909,34.8318],[131.9907,34.8318],[131.9909,34.8318]]],[[[131.9909,34.8319],[131.9909,34.8319],[131.9909,34.8319],[131.9909,34.8319]]],[[[131.9908,34.8319],[131.9909,34.8319],[131.9908,34.8319],[131.9908,34.8319]]],[[[131.9901,34.832],[131.9901,34.8321],[131.9901,34.8321],[131.9901,34.832]]],[[[131.9907,34.832],[131.9907,34.8321],[131.9907,34.8321],[131.9907,34.832]]],[[[131.9909,34.832],[131.9907,34.832],[131.9908,34.8321],[131.9909,34.832]]],[[[131.9904,34.833],[131.9908,34.833],[131.9908,34.8329],[131.9909,34.8327],[131.9904,34.833]]],[[[131.9911,34.833],[131.9911,34.8329],[131.9911,34.8329],[131.9911,34.833]]],[[[131.9909,34.8331],[131.9909,34.833],[131.9908,34.833],[131.9909,34.8331]]],[[[131.991,34.833],[131.991,34.8332],[131.991,34.8332],[131.991,34.833]]],[[[131.9911,34.8332],[131.9911,34.8333],[131.9911,34.8333],[131.9911,34.8332]]],[[[131.9909,34.8334],[131.9908,34.8334],[131.9909,34.8334],[131.9909,34.8334]]],[[[131.991,34.8336],[131.9907,34.8336],[131.9908,34.8337],[131.991,34.8336]]],[[[131.9914,34.8341],[131.9915,34.8341],[131.9915,34.834],[131.9914,34.8341]]],[[[131.9918,34.8343],[131.9919,34.8343],[131.9918,34.8342],[131.9918,34.8343]]],[[[131.9909,34.8342],[131.9908,34.8342],[131.9909,34.8344],[131.9909,34.8342]]],[[[131.9913,34.8343],[131.9912,34.8343],[131.9911,34.8344],[131.9913,34.8343]]],[[[131.9916,34.8344],[131.9916,34.8344],[131.9917,34.8344],[131.9916,34.8344]]],[[[131.9918,34.8346],[131.9918,34.8346],[131.9919,34.8345],[131.9918,34.8346]]],[[[131.9911,34.8346],[131.9912,34.8346],[131.9912,34.8346],[131.9911,34.8346]]],[[[131.9935,34.8357],[131.9935,34.8356],[131.9935,34.8356],[131.9935,34.8357]]],[[[131.9932,34.8361],[131.9932,34.836],[131.9932,34.836],[131.9932,34.8361]]],[[[131.9928,34.8382],[131.9931,34.8383],[131.9932,34.8381],[131.9928,34.8382]]],[[[131.9935,34.8389],[131.9935,34.8388],[131.9934,34.8388],[131.9935,34.8389]]],[[[131.9934,34.8389],[131.9935,34.8389],[131.9935,34.8389],[131.9934,34.8389]]],[[[131.9932,34.8399],[131.9933,34.8398],[131.9932,34.8398],[131.9932,34.8399]]],[[[131.9932,34.8407],[131.993,34.8413],[131.9936,34.8413],[131.9932,34.8407]]],[[[131.994,34.8389],[131.9941,34.8389],[131.9941,34.8389],[131.994,34.8389]]],[[[131.9942,34.8397],[131.9943,34.8397],[131.9942,34.8397],[131.9942,34.8397]]],[[[131.9939,34.8416],[131.994,34.8415],[131.9938,34.8414],[131.9939,34.8416]]],[[[131.994,34.842],[131.9941,34.8422],[131.9943,34.8421],[131.9942,34.8421],[131.994,34.842]]],[[[131.9945,34.842],[131.9944,34.8421],[131.9946,34.8422],[131.9945,34.842]]],[[[131.9943,34.8425],[131.9943,34.8425],[131.9945,34.8426],[131.9943,34.8425]]],[[[131.9954,34.8426],[131.9952,34.8427],[131.9958,34.8428],[131.9954,34.8426]]],[[[131.994,34.8428],[131.9938,34.8428],[131.9941,34.843],[131.994,34.8428]]],[[[131.9948,34.843],[131.9944,34.8427],[131.9944,34.8431],[131.9948,34.843]]],[[[131.9963,34.8428],[131.996,34.843],[131.9963,34.8432],[131.9963,34.8428]]],[[[131.9966,34.843],[131.9964,34.8435],[131.9966,34.8434],[131.9966,34.843]]],[[[131.999,34.8438],[131.9989,34.844],[131.9991,34.8442],[131.999,34.8438]]],[[[132.001,34.8443],[132.001,34.8443],[132.001,34.8443],[132.001,34.8443]]],[[[132.0009,34.8446],[132.001,34.8446],[132.0009,34.8445],[132.0009,34.8446]]],[[[132.001,34.8446],[132.0011,34.8447],[132.0012,34.8446],[132.001,34.8446]]],[[[131.9974,34.8447],[131.9973,34.8448],[131.9974,34.8448],[131.9974,34.8447]]],[[[132.0015,34.8449],[132.0015,34.8449],[132.0015,34.8449],[132.0015,34.8449]]],[[[132.0014,34.845],[132.0014,34.845],[132.0014,34.845],[132.0014,34.845]]],[[[132.0015,34.8451],[132.0015,34.8451],[132.0014,34.8451],[132.0015,34.8451]]],[[[132.0012,34.8453],[132.0012,34.8453],[132.0012,34.8453],[132.0012,34.8453]]],[[[132.0011,34.8453],[132.0011,34.8453],[132.0011,34.8453],[132.0011,34.8453]]],[[[132.0011,34.8453],[132.0011,34.8454],[132.0011,34.8454],[132.0011,34.8453]]],[[[132.0034,34.8454],[132.0033,34.8454],[132.0033,34.8455],[132.0034,34.8454]]],[[[132.0012,34.8455],[132.0013,34.8455],[132.0013,34.8455],[132.0012,34.8455]]],[[[132.0023,34.8456],[132.0023,34.8455],[132.0023,34.8455],[132.0023,34.8456]]],[[[132.0029,34.8456],[132.0029,34.8455],[132.0029,34.8455],[132.0029,34.8456]]],[[[132.0018,34.8457],[132.0019,34.8456],[132.0017,34.8455],[132.0018,34.8457]]],[[[132.0025,34.8456],[132.0024,34.8456],[132.0024,34.8456],[132.0025,34.8456]]],[[[132.002,34.8456],[132.002,34.8456],[132.002,34.8456],[132.002,34.8456]]],[[[132.0042,34.8456],[132.0042,34.8456],[132.0042,34.8456],[132.0042,34.8456]]],[[[132.0041,34.8457],[132.0041,34.8457],[132.0041,34.8457],[132.0041,34.8457]]],[[[132.0019,34.8457],[132.0019,34.8457],[132.0019,34.8457],[132.0019,34.8457]]],[[[132.0043,34.8458],[132.0043,34.8457],[132.0043,34.8457],[132.0043,34.8458]]],[[[132.0041,34.8458],[132.0041,34.8458],[132.0041,34.8458],[132.0041,34.8458]]],[[[132.0043,34.8458],[132.0043,34.8458],[132.0043,34.8458],[132.0043,34.8458]]],[[[132.0044,34.8458],[132.0044,34.8458],[132.0044,34.8458],[132.0044,34.8458]]],[[[132.0043,34.8458],[132.0043,34.8458],[132.0043,34.8458],[132.0043,34.8458]]],[[[132.0047,34.8459],[132.0048,34.8458],[132.0047,34.8458],[132.0047,34.8459]]],[[[132.0045,34.8459],[132.0045,34.8459],[132.0045,34.8458],[132.0045,34.8459]]],[[[132.0048,34.846],[132.0049,34.8461],[132.0049,34.846],[132.0048,34.846]]],[[[132.0051,34.846],[132.0051,34.846],[132.0052,34.846],[132.0051,34.846]]],[[[132.0051,34.846],[132.0051,34.846],[132.0052,34.8461],[132.0051,34.846]]],[[[132.0051,34.8461],[132.0051,34.846],[132.005,34.8461],[132.0051,34.8461]]],[[[132.004,34.8465],[132.0041,34.8465],[132.004,34.8465],[132.004,34.8465]]],[[[132.0006,34.8467],[132.0004,34.8466],[132.0004,34.8468],[132.0006,34.8467]]],[[[132.0018,34.8468],[132.0017,34.8467],[132.0017,34.8468],[132.0018,34.8468]]],[[[132.0002,34.847],[132.0002,34.8468],[132.0,34.8468],[132.0002,34.847]]],[[[132.0044,34.8469],[132.0045,34.8469],[132.0044,34.8469],[132.0044,34.8469]]],[[[132.0018,34.8469],[132.0019,34.8469],[132.0019,34.8469],[132.0018,34.8469]]],[[[132.002,34.8469],[132.002,34.847],[132.0021,34.8469],[132.002,34.8469]]],[[[132.0048,34.8471],[132.0048,34.8471],[132.0047,34.8471],[132.0048,34.8471]]],[[[132.0046,34.8471],[132.0046,34.8472],[132.0047,34.8471],[132.0046,34.8471]]],[[[132.0022,34.8472],[132.0022,34.8472],[132.0021,34.8471],[132.0022,34.8472]]],[[[132.0021,34.8473],[132.002,34.8473],[132.002,34.8473],[132.0021,34.8473]]],[[[132.0021,34.8474],[132.0022,34.8474],[132.0022,34.8473],[132.0021,34.8474]]],[[[132.0068,34.8484],[132.0068,34.8484],[132.0068,34.8484],[132.0068,34.8484]]],[[[132.0074,34.8489],[132.0072,34.8488],[132.0074,34.8492],[132.0074,34.8489]]],[[[132.005,34.8605],[132.0048,34.8606],[132.0049,34.8607],[132.005,34.8605]]],[[[132.0054,34.8615],[132.0058,34.8613],[132.0055,34.8609],[132.0054,34.8615]]],[[[132.006,34.8612],[132.0061,34.8612],[132.0061,34.8612],[132.006,34.8612]]],[[[132.0059,34.8612],[132.0059,34.8612],[132.0059,34.8612],[132.0059,34.8612]]],[[[132.0057,34.8616],[132.0059,34.8613],[132.0058,34.8612],[132.0057,34.8616]]],[[[132.0054,34.8617],[132.0055,34.8616],[132.0053,34.8616],[132.0054,34.8617]]],[[[132.0057,34.8619],[132.0055,34.862],[132.0058,34.8619],[132.0057,34.8619]]],[[[132.0054,34.8621],[132.0054,34.8622],[132.0059,34.862],[132.0054,34.8621]]],[[[132.0062,34.8631],[132.0063,34.8631],[132.0062,34.8631],[132.0062,34.8631]]],[[[132.006,34.8633],[132.006,34.8632],[132.0057,34.8632],[132.006,34.8633]]],[[[132.0066,34.8633],[132.0066,34.8633],[132.0065,34.8632],[132.0066,34.8633]]],[[[132.0069,34.8634],[132.007,34.8634],[132.0069,34.8633],[132.0069,34.8634]]],[[[132.0064,34.8634],[132.0064,34.8634],[132.0064,34.8634],[132.0064,34.8634]]],[[[132.0067,34.8636],[132.0068,34.8635],[132.0067,34.8635],[132.0067,34.8636]]],[[[132.0068,34.8636],[132.0068,34.8636],[132.0067,34.8636],[132.0068,34.8636]]],[[[132.0071,34.8637],[132.0071,34.8637],[132.007,34.8637],[132.0071,34.8637]]],[[[132.007,34.8637],[132.007,34.8637],[132.0071,34.8637],[132.007,34.8637]]],[[[132.0071,34.8638],[132.0071,34.8637],[132.0071,34.8637],[132.0071,34.8638]]],[[[132.007,34.8638],[132.007,34.8638],[132.007,34.8638],[132.007,34.8638]]],[[[132.0067,34.8638],[132.0069,34.8639],[132.0069,34.8639],[132.0067,34.8638]]],[[[132.0072,34.864],[132.0073,34.864],[132.0071,34.8638],[132.0071,34.864],[132.0072,34.864]]],[[[132.0072,34.864],[132.0072,34.864],[132.0072,34.864],[132.0072,34.864]]],[[[132.007,34.864],[132.007,34.864],[132.0069,34.864],[132.007,34.864]]],[[[132.0073,34.8641],[132.0073,34.8641],[132.0073,34.8641],[132.0073,34.8641]]],[[[132.0072,34.8642],[132.0073,34.8642],[132.0072,34.8642],[132.0072,34.8642]]],[[[132.007,34.8643],[132.0071,34.8642],[132.007,34.8642],[132.007,34.8643]]],[[[132.0071,34.8647],[132.0072,34.8647],[132.0072,34.8646],[132.0071,34.8647]]],[[[132.0073,34.8648],[132.0073,34.8648],[132.0073,34.8649],[132.0073,34.8648]]],[[[132.0071,34.8655],[132.007,34.8655],[132.0072,34.8655],[132.0071,34.8655]]],[[[132.007,34.8661],[132.0071,34.8661],[132.0071,34.8661],[132.007,34.8661]]],[[[132.006,34.8659],[132.0055,34.8661],[132.0056,34.8662],[132.006,34.8659]]],[[[132.0067,34.8665],[132.0066,34.8665],[132.0066,34.8666],[132.0067,34.8665]]],[[[132.0065,34.8667],[132.0065,34.8667],[132.0067,34.8666],[132.0065,34.8667]]],[[[132.0063,34.8668],[132.0063,34.8669],[132.0064,34.8669],[132.0063,34.8668]]],[[[132.0067,34.8671],[132.0068,34.867],[132.0067,34.867],[132.0067,34.8671]]],[[[132.0065,34.867],[132.0065,34.867],[132.0065,34.867],[132.0065,34.867]]],[[[132.0073,34.8694],[132.0072,34.8693],[132.007,34.8694],[132.0073,34.8694]]],[[[132.0073,34.8696],[132.0072,34.8695],[132.0072,34.8696],[132.0073,34.8696]]],[[[132.008,34.848],[132.0079,34.848],[132.0079,34.848],[132.008,34.848]]],[[[132.0076,34.8483],[132.0077,34.8483],[132.0074,34.8482],[132.0076,34.8483]]],[[[132.0076,34.8487],[132.0077,34.8487],[132.0076,34.8486],[132.0076,34.8487]]],[[[132.0085,34.8495],[132.0084,34.8494],[132.0084,34.8494],[132.0085,34.8495]]],[[[132.0081,34.8497],[132.0081,34.8497],[132.0081,34.8497],[132.0081,34.8497]]],[[[132.0079,34.8497],[132.0079,34.8497],[132.0079,34.8497],[132.0079,34.8497]]],[[[132.0083,34.8497],[132.0082,34.8497],[132.0083,34.8497],[132.0083,34.8497]]],[[[132.0081,34.8497],[132.0081,34.8497],[132.0081,34.8497],[132.0081,34.8497]]],[[[132.0087,34.8498],[132.0088,34.8498],[132.0087,34.8498],[132.0087,34.8498]]],[[[132.0081,34.8498],[132.0081,34.8498],[132.0081,34.8498],[132.0081,34.8498]]],[[[132.0076,34.8499],[132.0076,34.8499],[132.0076,34.8499],[132.0076,34.8499]]],[[[132.0088,34.8505],[132.0087,34.8505],[132.0087,34.8505],[132.0088,34.8505]]],[[[132.0089,34.8506],[132.0089,34.8506],[132.0089,34.8506],[132.0089,34.8506]]],[[[132.0089,34.8507],[132.0089,34.8506],[132.0089,34.8506],[132.0089,34.8507]]],[[[132.0096,34.8509],[132.0097,34.8509],[132.0096,34.8508],[132.0096,34.8509]]],[[[132.0083,34.8509],[132.0083,34.8509],[132.0082,34.8509],[132.0083,34.8509]]],[[[132.0096,34.851],[132.0096,34.8509],[132.0096,34.8509],[132.0096,34.851]]],[[[132.0081,34.852],[132.008,34.852],[132.0081,34.852],[132.0081,34.852]]],[[[132.0081,34.852],[132.0081,34.852],[132.0081,34.852],[132.0081,34.852]]],[[[132.0084,34.8521],[132.0084,34.8521],[132.0084,34.852],[132.0084,34.8521]]],[[[132.0086,34.8521],[132.0086,34.8521],[132.0086,34.8521],[132.0086,34.8521]]],[[[132.0086,34.8522],[132.0087,34.8522],[132.0087,34.8521],[132.0086,34.8522]]],[[[132.0088,34.8522],[132.0089,34.8522],[132.0089,34.8522],[132.0088,34.8522]]],[[[132.0097,34.8522],[132.0096,34.8522],[132.0097,34.8522],[132.0097,34.8522]]],[[[132.009,34.8523],[132.009,34.8522],[132.009,34.8522],[132.009,34.8523]]],[[[132.0099,34.8523],[132.0099,34.8523],[132.0098,34.8523],[132.0099,34.8523]]],[[[132.0102,34.8523],[132.0102,34.8523],[132.0102,34.8523],[132.0102,34.8523]]],[[[132.0098,34.8523],[132.0098,34.8523],[132.0098,34.8523],[132.0098,34.8523]]],[[[132.0083,34.8524],[132.0083,34.8524],[132.0083,34.8523],[132.0083,34.8524]]],[[[132.0098,34.8524],[132.0098,34.8524],[132.0098,34.8524],[132.0098,34.8524]]],[[[132.0103,34.8524],[132.0103,34.8524],[132.0102,34.8524],[132.0103,34.8524]]],[[[132.0101,34.8524],[132.0101,34.8525],[132.0101,34.8525],[132.0101,34.8524]]],[[[132.0098,34.8525],[132.0099,34.8525],[132.0098,34.8524],[132.0098,34.8525]]],[[[132.0102,34.8526],[132.0102,34.8526],[132.0102,34.8525],[132.0102,34.8526]]],[[[132.01,34.8526],[132.01,34.8526],[132.01,34.8526],[132.01,34.8526]]],[[[132.0101,34.8526],[132.0101,34.8526],[132.0101,34.8526],[132.0101,34.8526]]],[[[132.0101,34.8526],[132.0102,34.8526],[132.0101,34.8526],[132.0101,34.8526]]],[[[132.0097,34.8527],[132.0097,34.8527],[132.0097,34.8527],[132.0097,34.8527]]],[[[132.0099,34.8528],[132.0098,34.8528],[132.0099,34.8528],[132.0099,34.8528]]],[[[132.0101,34.8528],[132.0101,34.8528],[132.0101,34.8528],[132.0101,34.8528]]],[[[132.0098,34.8529],[132.0099,34.8529],[132.0099,34.8529],[132.0098,34.8529]]],[[[132.0096,34.8529],[132.0096,34.8529],[132.0096,34.8529],[132.0096,34.8529]]],[[[132.0098,34.8533],[132.0098,34.8533],[132.0099,34.8533],[132.0098,34.8533]]],[[[132.0094,34.8533],[132.0094,34.8533],[132.0094,34.8533],[132.0094,34.8533]]],[[[132.0099,34.8534],[132.0099,34.8534],[132.0099,34.8535],[132.0099,34.8534]]],[[[132.0103,34.8556],[132.0104,34.8557],[132.0103,34.8556],[132.0103,34.8556]]],[[[132.0101,34.8556],[132.0101,34.8556],[132.0101,34.8556],[132.0101,34.8556]]],[[[132.0101,34.8557],[132.01,34.8556],[132.01,34.8557],[132.0101,34.8557]]],[[[132.0102,34.8557],[132.0102,34.8557],[132.0102,34.8557],[132.0102,34.8557]]],[[[132.0104,34.8557],[132.0103,34.8558],[132.0104,34.8558],[132.0104,34.8557]]],[[[132.0104,34.8558],[132.0105,34.8558],[132.0104,34.8558],[132.0104,34.8558]]],[[[132.0103,34.8558],[132.0104,34.8558],[132.0104,34.8558],[132.0103,34.8558]]],[[[132.0105,34.8558],[132.0105,34.8559],[132.0105,34.8559],[132.0105,34.8558]]],[[[132.01,34.8559],[132.0103,34.856],[132.0102,34.8558],[132.01,34.8559],[132.01,34.8559]]],[[[132.01,34.8559],[132.0098,34.8559],[132.0099,34.856],[132.01,34.8559]]],[[[132.0099,34.856],[132.0099,34.856],[132.01,34.8561],[132.0099,34.856]]],[[[132.0104,34.8608],[132.0104,34.8608],[132.0105,34.8609],[132.0104,34.8608]]],[[[132.0097,34.861],[132.0098,34.8611],[132.0098,34.8609],[132.0097,34.861]]],[[[132.0095,34.861],[132.0095,34.861],[132.0095,34.861],[132.0095,34.861]]],[[[132.0094,34.861],[132.0094,34.8611],[132.0094,34.861],[132.0094,34.861]]],[[[132.0092,34.8612],[132.0092,34.8612],[132.0092,34.8612],[132.0092,34.8612]]],[[[132.0094,34.8612],[132.0094,34.8612],[132.0094,34.8612],[132.0094,34.8612]]],[[[132.0089,34.862],[132.0089,34.862],[132.0089,34.862],[132.0089,34.862]]],[[[132.0089,34.8621],[132.0089,34.862],[132.0088,34.862],[132.0089,34.8621]]],[[[132.0076,34.8627],[132.0076,34.8627],[132.0076,34.8627],[132.0076,34.8627]]],[[[132.0076,34.8627],[132.0076,34.8627],[132.0076,34.8628],[132.0076,34.8627]]],[[[132.0077,34.8631],[132.0077,34.8631],[132.0077,34.8631],[132.0077,34.8631]]],[[[132.0074,34.8631],[132.0074,34.8631],[132.0074,34.8631],[132.0074,34.8631]]],[[[132.008,34.8631],[132.008,34.8631],[132.008,34.8631],[132.008,34.8631]]],[[[132.0078,34.8632],[132.0078,34.8631],[132.0078,34.8631],[132.0078,34.8632]]],[[[132.008,34.8632],[132.008,34.8632],[132.008,34.8632],[132.008,34.8632]]],[[[132.0081,34.8632],[132.0082,34.8632],[132.0081,34.8632],[132.0081,34.8632]]],[[[132.0087,34.8635],[132.0087,34.8635],[132.0087,34.8635],[132.0087,34.8635]]],[[[132.0088,34.8636],[132.0088,34.8635],[132.0088,34.8635],[132.0088,34.8636]]],[[[132.0079,34.8652],[132.0079,34.8652],[132.0078,34.8653],[132.0079,34.8652]]],[[[132.0102,34.8676],[132.0103,34.8676],[132.0103,34.8676],[132.0102,34.8676]]],[[[132.0096,34.8677],[132.0095,34.8678],[132.0096,34.8678],[132.0096,34.8677]]],[[[132.008,34.8679],[132.0083,34.8678],[132.008,34.8677],[132.008,34.8679]]],[[[132.0091,34.8678],[132.0091,34.8679],[132.0091,34.8678],[132.0091,34.8678]]],[[[132.0094,34.868],[132.0097,34.8678],[132.0094,34.8677],[132.0094,34.868]]],[[[132.0092,34.8679],[132.0092,34.8679],[132.0091,34.8679],[132.0092,34.8679]]],[[[132.0078,34.8681],[132.0079,34.868],[132.0078,34.868],[132.0078,34.8681]]],[[[132.0102,34.8681],[132.0102,34.868],[132.0101,34.868],[132.0102,34.8681]]],[[[132.0092,34.8681],[132.0093,34.8681],[132.0092,34.8681],[132.0092,34.8681]]],[[[132.0079,34.8683],[132.0079,34.8683],[132.0079,34.8684],[132.0079,34.8683]]],[[[132.0082,34.8684],[132.0081,34.8684],[132.0081,34.8685],[132.0082,34.8684]]],[[[132.0089,34.8685],[132.0091,34.8683],[132.0089,34.8684],[132.0089,34.8685]]],[[[132.0078,34.8685],[132.0079,34.8685],[132.0079,34.8684],[132.0078,34.8685]]],[[[132.0075,34.8685],[132.0076,34.8685],[132.0076,34.8685],[132.0075,34.8685]]],[[[132.0079,34.8685],[132.0079,34.8685],[132.0078,34.8685],[132.0079,34.8685]]],[[[132.0083,34.8685],[132.0083,34.8686],[132.0084,34.8685],[132.0083,34.8685]]],[[[132.0075,34.8686],[132.0075,34.8686],[132.0075,34.8686],[132.0075,34.8686]]],[[[132.0088,34.8686],[132.0088,34.8686],[132.0087,34.8686],[132.0088,34.8686]]],[[[132.0079,34.8688],[132.0078,34.8689],[132.0078,34.8689],[132.0079,34.8688]]],[[[132.0071,34.8692],[132.0076,34.8692],[132.0075,34.869],[132.0071,34.8692]]],[[[132.0107,34.8537],[132.0107,34.8537],[132.0106,34.8537],[132.0107,34.8537]]],[[[132.0105,34.8557],[132.0106,34.8558],[132.0106,34.8557],[132.0105,34.8557]]],[[[132.0106,34.8558],[132.0106,34.8559],[132.0106,34.8559],[132.0106,34.8558]]],[[[132.0128,34.8568],[132.0128,34.8568],[132.0128,34.8568],[132.0128,34.8568]]],[[[132.013,34.8569],[132.013,34.8569],[132.013,34.8569],[132.013,34.8569]]],[[[132.0127,34.8585],[132.0126,34.8585],[132.0125,34.8591],[132.0127,34.8585]]],[[[132.0111,34.8604],[132.0112,34.8605],[132.0113,34.8605],[132.0111,34.8604]]],[[[132.011,34.8605],[132.011,34.8605],[132.011,34.8605],[132.011,34.8605]]],[[[132.011,34.8606],[132.011,34.8606],[132.011,34.8606],[132.011,34.8606]]],[[[132.011,34.8606],[132.011,34.8606],[132.011,34.8606],[132.011,34.8606]]],[[[132.0107,34.8608],[132.0108,34.8608],[132.0108,34.8607],[132.0107,34.8608]]],[[[132.0107,34.8685],[132.0107,34.8685],[132.0107,34.8684],[132.0107,34.8685]]],[[[132.011,34.8687],[132.0109,34.8686],[132.0109,34.8687],[132.011,34.8687]]],[[[132.0109,34.8686],[132.0108,34.8687],[132.0108,34.8687],[132.0109,34.8686]]],[[[132.0111,34.8691],[132.0113,34.869],[132.0112,34.869],[132.0111,34.8691]]],[[[132.013,34.8694],[132.0129,34.8694],[132.0132,34.8694],[132.013,34.8694]]],[[[132.0128,34.8695],[132.0128,34.8695],[132.0128,34.8696],[132.0128,34.8695]]],[[[132.0126,34.8696],[132.0126,34.8696],[132.0127,34.8696],[132.0126,34.8696]]],[[[132.0129,34.8705],[132.013,34.8702],[132.0127,34.8703],[132.0129,34.8705]]],[[[132.0141,34.8705],[132.0141,34.8706],[132.0142,34.8706],[132.0141,34.8705]]],[[[132.0138,34.8707],[132.0137,34.8706],[132.0136,34.8706],[132.0138,34.8707]]],[[[132.0147,34.8706],[132.0147,34.8707],[132.0148,34.8707],[132.0147,34.8706]]],[[[132.0205,34.8723],[132.0203,34.8724],[132.0204,34.8727],[132.0205,34.8723]]],[[[132.0215,34.8725],[132.0217,34.8726],[132.0217,34.8725],[132.0215,34.8725]]],[[[132.0264,34.8726],[132.0263,34.8727],[132.0264,34.8727],[132.0264,34.8726]]],[[[132.0469,34.8726],[132.0454,34.8729],[132.0454,34.873],[132.0469,34.8726]]],[[[132.0203,34.8731],[132.0204,34.8731],[132.0204,34.873],[132.0203,34.8731]]],[[[132.0262,34.8731],[132.0262,34.8731],[132.0262,34.8731],[132.0262,34.8731]]],[[[132.0207,34.8733],[132.0205,34.8731],[132.0205,34.8731],[132.0207,34.8733]]],[[[132.0262,34.8734],[132.0263,34.8731],[132.026,34.8733],[132.0262,34.8734]]],[[[132.0263,34.8733],[132.0263,34.8734],[132.0265,34.8732],[132.0263,34.8733]]],[[[132.0267,34.8733],[132.0265,34.8733],[132.0266,34.8734],[132.0267,34.8733]]],[[[132.0264,34.874],[132.0266,34.8737],[132.0263,34.8738],[132.0264,34.874]]],[[[132.0307,34.8754],[132.0307,34.8753],[132.0306,34.8753],[132.0307,34.8754]]],[[[132.0266,34.8755],[132.0265,34.8754],[132.0265,34.8755],[132.0266,34.8755]]],[[[132.0275,34.8756],[132.0275,34.8756],[132.0279,34.8753],[132.0275,34.8756]]],[[[132.0264,34.8755],[132.0265,34.8755],[132.0265,34.8755],[132.0264,34.8755]]],[[[132.0267,34.8755],[132.0266,34.8758],[132.0276,34.8753],[132.0266,34.8753],[132.0267,34.8755]]],[[[132.0308,34.8755],[132.0306,34.8756],[132.0306,34.8756],[132.0308,34.8755]]],[[[132.0277,34.8757],[132.0278,34.8756],[132.0277,34.8756],[132.0277,34.8757]]],[[[132.0276,34.8757],[132.0275,34.8757],[132.0275,34.8757],[132.0276,34.8757]]],[[[132.0307,34.8757],[132.0306,34.8758],[132.0308,34.8758],[132.0307,34.8757]]],[[[132.0273,34.8758],[132.0272,34.876],[132.0272,34.876],[132.0273,34.8758]]],[[[132.0304,34.8766],[132.0304,34.8766],[132.0303,34.8766],[132.0304,34.8766]]],[[[132.0298,34.8771],[132.0298,34.877],[132.0297,34.877],[132.0298,34.8771]]],[[[132.0297,34.8772],[132.0298,34.8772],[132.0297,34.8772],[132.0297,34.8772]]],[[[132.0296,34.8774],[132.0297,34.8774],[132.0297,34.8773],[132.0296,34.8774]]],[[[132.0264,34.8781],[132.0264,34.8781],[132.0264,34.8781],[132.0264,34.8781]]],[[[132.033,34.8784],[132.0331,34.8783],[132.0329,34.8783],[132.033,34.8784]]],[[[132.0327,34.8785],[132.0326,34.8785],[132.0327,34.8785],[132.0327,34.8785]]],[[[132.0327,34.8786],[132.0327,34.8787],[132.0328,34.8787],[132.0327,34.8786]]],[[[132.028,34.8787],[132.028,34.8787],[132.028,34.8787],[132.028,34.8787]]],[[[132.0281,34.879],[132.0283,34.8789],[132.0282,34.8787],[132.0281,34.879]]],[[[132.0342,34.879],[132.0342,34.8788],[132.0341,34.8788],[132.0342,34.879]]],[[[132.0318,34.879],[132.0317,34.8789],[132.0316,34.8789],[132.0318,34.879]]],[[[132.0308,34.88],[132.031,34.8799],[132.0309,34.8798],[132.0308,34.88]]],[[[132.0409,34.8795],[132.0413,34.8803],[132.0412,34.8801],[132.0409,34.8795]]],[[[132.0376,34.8806],[132.0376,34.8807],[132.0376,34.8807],[132.0376,34.8806]]],[[[132.0372,34.8807],[132.0372,34.8808],[132.0373,34.8808],[132.0372,34.8807]]],[[[132.038,34.8808],[132.038,34.8808],[132.038,34.8808],[132.038,34.8808]]],[[[132.0352,34.881],[132.0353,34.8809],[132.0353,34.8809],[132.0352,34.881]]],[[[132.037,34.8809],[132.0369,34.8809],[132.0371,34.881],[132.037,34.8809]]],[[[132.0349,34.8815],[132.0348,34.8816],[132.0349,34.8816],[132.0349,34.8815]]],[[[132.0411,34.8822],[132.0402,34.8818],[132.0403,34.8819],[132.0411,34.8822]]],[[[132.0369,34.8821],[132.0368,34.8821],[132.0368,34.8821],[132.0369,34.8821]]],[[[132.0365,34.882],[132.0361,34.8821],[132.0365,34.8822],[132.0365,34.882]]],[[[132.0415,34.8811],[132.0455,34.8893],[132.043,34.884],[132.0415,34.8811]]],[[[132.0442,34.8895],[132.0439,34.8895],[132.0438,34.8926],[132.0442,34.8895]]],[[[132.0485,34.8969],[132.0488,34.8969],[132.0488,34.8968],[132.0485,34.8969]]],[[[132.0489,34.8963],[132.0505,34.8994],[132.0518,34.8995],[132.0533,34.8977],[132.0489,34.8963]]],[[[132.0387,34.8977],[132.0386,34.8978],[132.0403,34.8986],[132.0387,34.8977]]],[[[132.0497,34.8987],[132.0499,34.8987],[132.0497,34.8984],[132.0497,34.8987]]],[[[132.0408,34.8989],[132.0427,34.8997],[132.0418,34.8993],[132.0408,34.8989]]],[[[132.0394,34.8994],[132.0393,34.8995],[132.0402,34.8999],[132.0394,34.8994]]],[[[132.0385,34.8998],[132.0384,34.8998],[132.0384,34.8999],[132.0385,34.8998]]],[[[132.039,34.8998],[132.0388,34.9],[132.039,34.9],[132.039,34.8998]]],[[[132.0387,34.9001],[132.0388,34.9001],[132.0386,34.9],[132.0387,34.9001]]],[[[132.0463,34.9006],[132.0465,34.9005],[132.0464,34.9004],[132.0463,34.9006]]],[[[132.0464,34.9012],[132.0463,34.9008],[132.0462,34.9009],[132.0464,34.9012]]],[[[132.0461,34.901],[132.0461,34.901],[132.0461,34.901],[132.0461,34.901]]],[[[132.0467,34.9012],[132.0468,34.9012],[132.0467,34.9011],[132.0467,34.9012]]],[[[132.0463,34.9013],[132.0464,34.9012],[132.0464,34.9012],[132.0463,34.9013]]],[[[132.0465,34.9012],[132.0464,34.9014],[132.0468,34.9014],[132.0465,34.9012]]],[[[132.0451,34.9014],[132.0449,34.9014],[132.0454,34.9017],[132.0451,34.9014]]],[[[132.0498,34.9017],[132.0494,34.9018],[132.0498,34.9022],[132.0498,34.9017]]],[[[132.0449,34.9022],[132.0443,34.902],[132.0444,34.9021],[132.0449,34.9022]]],[[[132.0491,34.9024],[132.049,34.9023],[132.049,34.9024],[132.0491,34.9024]]],[[[132.0514,34.9027],[132.0513,34.9027],[132.0514,34.9027],[132.0514,34.9027]]],[[[132.0444,34.9032],[132.0443,34.9032],[132.0444,34.9032],[132.0444,34.9032]]],[[[132.0443,34.9032],[132.0443,34.9032],[132.0443,34.9033],[132.0443,34.9032]]],[[[132.0445,34.9017],[132.0455,34.9021],[132.0446,34.9036],[132.0459,34.9046],[132.0507,34.9061],[132.0507,34.9051],[132.0518,34.9052],[132.0504,34.9032],[132.0517,34.9034],[132.0511,34.9025],[132.0491,34.9026],[132.0465,34.9014],[132.0464,34.9018],[132.0445,34.9017]]],[[[132.0449,34.904],[132.0449,34.904],[132.0446,34.9039],[132.0449,34.904]]],[[[132.0454,34.9043],[132.0454,34.9043],[132.0454,34.9043],[132.0454,34.9043]]],[[[132.0508,34.9054],[132.0508,34.9054],[132.0508,34.9055],[132.0508,34.9054]]],[[[132.051,34.9055],[132.0509,34.9055],[132.0509,34.9055],[132.051,34.9055]]],[[[132.0574,34.8741],[132.0573,34.8741],[132.0574,34.8741],[132.0574,34.8741]]],[[[132.0579,34.8748],[132.0579,34.8748],[132.0579,34.8748],[132.0579,34.8748]]],[[[132.0574,34.8749],[132.0576,34.8748],[132.0576,34.8748],[132.0574,34.8749]]],[[[132.0579,34.8762],[132.0579,34.8763],[132.058,34.8763],[132.0579,34.8762]]],[[[132.0581,34.8765],[132.0581,34.8765],[132.0582,34.8764],[132.0581,34.8765]]],[[[132.0586,34.8951],[132.0595,34.8931],[132.0591,34.8926],[132.0582,34.8924],[132.0594,34.8931],[132.0586,34.8951]]],[[[132.0558,34.8945],[132.056,34.8959],[132.0562,34.8959],[132.0558,34.8945]]],[[[132.0572,34.8962],[132.0597,34.8976],[132.0589,34.8971],[132.0572,34.8962]]],[[[132.0592,34.8985],[132.0594,34.8984],[132.0593,34.8984],[132.0592,34.8985]]],[[[132.0581,34.901],[132.0583,34.9009],[132.0582,34.9008],[132.0581,34.901]]],[[[132.0617,34.9002],[132.0632,34.898],[132.0605,34.8975],[132.0594,34.8981],[132.06,34.8995],[132.0579,34.8993],[132.0594,34.9019],[132.0576,34.9019],[132.0581,34.904],[132.0563,34.9037],[132.0566,34.9015],[132.0561,34.9038],[132.0615,34.9046],[132.0633,34.9036],[132.0634,34.9015],[132.0625,34.8999],[132.0622,34.9009],[132.0617,34.9002]]],[[[132.0579,34.901],[132.058,34.9011],[132.058,34.9011],[132.0579,34.901]]],[[[132.0581,34.9011],[132.0581,34.9011],[132.0581,34.9011],[132.0581,34.9011]]],[[[132.0582,34.9011],[132.0582,34.9011],[132.0583,34.9011],[132.0582,34.9011]]],[[[132.0514,34.9026],[132.0514,34.9026],[132.0515,34.9026],[132.0514,34.9026]]],[[[132.0517,34.9029],[132.0518,34.9029],[132.0517,34.9027],[132.0517,34.9029]]],[[[132.0519,34.9029],[132.0519,34.9029],[132.0518,34.9029],[132.0519,34.9029]]],[[[132.0517,34.9038],[132.0519,34.9039],[132.0517,34.9037],[132.0517,34.9038]]],[[[132.0522,34.9039],[132.0522,34.9038],[132.0522,34.9038],[132.0522,34.9039]]],[[[132.0522,34.904],[132.0524,34.9041],[132.0524,34.904],[132.0522,34.904]]],[[[132.0639,34.9046],[132.0634,34.9045],[132.0634,34.9047],[132.0639,34.9046]]],[[[132.0607,34.9049],[132.0607,34.9049],[132.0605,34.9048],[132.0607,34.9049]]],[[[132.0643,34.9057],[132.0644,34.9057],[132.0644,34.9056],[132.0643,34.9057]]],[[[132.064,34.9057],[132.0645,34.9058],[132.0645,34.9057],[132.064,34.9057]]],[[[132.0649,34.9057],[132.0648,34.9057],[132.0649,34.9058],[132.0649,34.9057]]],[[[132.065,34.9059],[132.0649,34.9059],[132.0649,34.9059],[132.065,34.9059]]],[[[132.0653,34.906],[132.0653,34.906],[132.0653,34.906],[132.0653,34.906]]],[[[132.0642,34.9062],[132.0643,34.9061],[132.0641,34.906],[132.0642,34.9062]]],[[[132.0653,34.9064],[132.0652,34.9064],[132.0652,34.9064],[132.0653,34.9064]]],[[[132.0654,34.9064],[132.0654,34.9064],[132.0653,34.9065],[132.0654,34.9064]]],[[[132.0728,34.9065],[132.0728,34.9065],[132.0728,34.9064],[132.0728,34.9065]]],[[[132.0652,34.9065],[132.0652,34.9065],[132.0652,34.9065],[132.0652,34.9065]]],[[[132.0729,34.9066],[132.0728,34.9067],[132.0729,34.9067],[132.0729,34.9066]]],[[[132.0652,34.9068],[132.0652,34.9068],[132.0653,34.9068],[132.0652,34.9068]]],[[[132.0654,34.9069],[132.0654,34.9069],[132.0654,34.9069],[132.0654,34.9069]]],[[[132.065,34.9069],[132.0652,34.9069],[132.0652,34.9069],[132.065,34.9069]]],[[[132.0538,34.9077],[132.054,34.9075],[132.0518,34.9061],[132.0538,34.9077]]],[[[132.0654,34.9071],[132.0654,34.9071],[132.0654,34.9071],[132.0654,34.9071]]],[[[132.0667,34.9073],[132.0667,34.9073],[132.0667,34.9072],[132.0667,34.9073]]],[[[132.0658,34.9074],[132.0659,34.9074],[132.0658,34.9073],[132.0658,34.9074]]],[[[132.0666,34.9074],[132.0667,34.9073],[132.0667,34.9073],[132.0666,34.9074]]],[[[132.0671,34.9075],[132.0671,34.9074],[132.0671,34.9074],[132.0671,34.9075]]],[[[132.0671,34.9075],[132.0671,34.9075],[132.0671,34.9075],[132.0671,34.9075]]],[[[132.0657,34.9073],[132.0655,34.9073],[132.0654,34.9078],[132.0657,34.9073]]],[[[132.0669,34.9076],[132.067,34.9076],[132.067,34.9075],[132.0669,34.9076]]],[[[132.0671,34.9076],[132.0671,34.9076],[132.0671,34.9075],[132.0671,34.9076]]],[[[132.0673,34.9077],[132.0675,34.9078],[132.0675,34.9077],[132.0673,34.9077]]],[[[132.0689,34.9078],[132.069,34.908],[132.0691,34.9078],[132.0689,34.9078]]],[[[132.0688,34.9082],[132.0688,34.9081],[132.0688,34.9082],[132.0688,34.9082]]],[[[132.0725,34.9103],[132.0725,34.9103],[132.0724,34.9103],[132.0725,34.9103]]],[[[132.0728,34.9103],[132.0728,34.9103],[132.0728,34.9103],[132.0728,34.9103]]],[[[132.0726,34.9109],[132.0728,34.9109],[132.0727,34.9108],[132.0726,34.9109]]],[[[132.0727,34.911],[132.0727,34.911],[132.0727,34.911],[132.0727,34.911]]],[[[132.0728,34.911],[132.0727,34.911],[132.0728,34.911],[132.0728,34.911]]],[[[132.0725,34.9111],[132.0725,34.9111],[132.0725,34.9111],[132.0725,34.9111]]],[[[132.0728,34.9111],[132.0728,34.9111],[132.0727,34.9111],[132.0728,34.9111]]],[[[132.0728,34.9111],[132.0728,34.9111],[132.0728,34.9111],[132.0728,34.9111],[132.0728,34.9111]]],[[[132.0728,34.9111],[132.0728,34.9111],[132.0728,34.9111],[132.0728,34.9111]]],[[[132.0728,34.9112],[132.0728,34.9111],[132.0728,34.9111],[132.0728,34.9112]]],[[[132.0729,34.9112],[132.0729,34.9112],[132.0729,34.9112],[132.0729,34.9112]]],[[[132.072,34.9112],[132.072,34.9112],[132.072,34.9112],[132.072,34.9112]]],[[[132.0728,34.9112],[132.0728,34.9112],[132.0728,34.9112],[132.0728,34.9112]]],[[[132.0728,34.9112],[132.0728,34.9112],[132.0728,34.9112],[132.0728,34.9112]]],[[[132.072,34.9114],[132.0721,34.9114],[132.072,34.9113],[132.072,34.9114]]],[[[132.0722,34.9114],[132.0722,34.9114],[132.0722,34.9114],[132.0722,34.9114]]],[[[132.0721,34.9117],[132.0721,34.9116],[132.0721,34.9116],[132.0721,34.9117]]],[[[132.0725,34.9117],[132.0725,34.9117],[132.0725,34.9117],[132.0725,34.9117]]],[[[132.0719,34.9119],[132.0719,34.9118],[132.0718,34.9118],[132.0719,34.9119]]],[[[132.0722,34.9119],[132.0722,34.9119],[132.0722,34.9119],[132.0722,34.9119]]],[[[132.0721,34.9119],[132.0721,34.9119],[132.0721,34.9119],[132.0721,34.9119]]],[[[132.072,34.9119],[132.0719,34.9119],[132.072,34.9119],[132.072,34.9119]]],[[[132.0721,34.9121],[132.0721,34.9121],[132.0721,34.912],[132.0721,34.9121]]],[[[132.0719,34.9121],[132.0721,34.9121],[132.0721,34.9121],[132.0719,34.9121]]],[[[132.0711,34.9131],[132.0711,34.913],[132.0711,34.913],[132.0711,34.9131]]],[[[132.0708,34.914],[132.0708,34.914],[132.0708,34.914],[132.0708,34.914]]],[[[132.0711,34.9141],[132.071,34.9141],[132.071,34.9141],[132.0711,34.9141]]],[[[132.071,34.9141],[132.071,34.9141],[132.071,34.9142],[132.071,34.9141]]],[[[132.0709,34.9142],[132.0709,34.9142],[132.0709,34.9141],[132.0709,34.9142]]],[[[132.0708,34.9141],[132.0707,34.9141],[132.0707,34.9142],[132.0708,34.9141]]],[[[132.0708,34.9142],[132.0708,34.9142],[132.0708,34.9141],[132.0708,34.9142]]],[[[132.0708,34.9142],[132.0708,34.9142],[132.0708,34.9142],[132.0708,34.9142]]],[[[132.071,34.9142],[132.0709,34.9142],[132.0709,34.9142],[132.071,34.9142]]],[[[132.071,34.9143],[132.071,34.9143],[132.071,34.9143],[132.071,34.9143],[132.071,34.9143]]],[[[132.071,34.9143],[132.071,34.9143],[132.071,34.9143],[132.071,34.9143]]],[[[132.0706,34.9143],[132.0706,34.9143],[132.0706,34.9143],[132.0706,34.9143]]],[[[132.0709,34.9143],[132.0708,34.9143],[132.0709,34.9144],[132.0709,34.9143]]],[[[132.0706,34.9143],[132.0706,34.9143],[132.0705,34.9143],[132.0706,34.9143]]],[[[132.0706,34.9144],[132.0706,34.9143],[132.0706,34.9143],[132.0706,34.9144]]],[[[132.0707,34.9145],[132.0707,34.9143],[132.0707,34.9144],[132.0707,34.9145]]],[[[132.0729,34.9158],[132.0728,34.9157],[132.0728,34.9157],[132.0729,34.9158]]],[[[132.0727,34.9162],[132.0727,34.9163],[132.0727,34.9162],[132.0727,34.9162]]],[[[132.0724,34.9164],[132.0724,34.9164],[132.0724,34.9163],[132.0724,34.9164]]],[[[132.0724,34.9164],[132.0723,34.9164],[132.0723,34.9165],[132.0724,34.9164]]],[[[132.0728,34.9177],[132.0729,34.9177],[132.0728,34.9176],[132.0728,34.9177]]],[[[132.0728,34.9183],[132.0729,34.9183],[132.0728,34.9183],[132.0728,34.9183]]],[[[132.073,34.9066],[132.0733,34.9065],[132.0731,34.9064],[132.073,34.9066]]],[[[132.0769,34.9066],[132.0769,34.9066],[132.0768,34.9066],[132.0769,34.9066]]],[[[132.0769,34.9067],[132.0768,34.9067],[132.0769,34.9067],[132.0769,34.9067]]],[[[132.0758,34.9082],[132.0757,34.9082],[132.0757,34.9082],[132.0758,34.9082]]],[[[132.0746,34.9084],[132.0746,34.9084],[132.0746,34.9084],[132.0746,34.9084]]],[[[132.0744,34.9087],[132.0746,34.9087],[132.0744,34.9085],[132.0744,34.9087]]],[[[132.0746,34.9087],[132.0746,34.9087],[132.0746,34.9087],[132.0746,34.9087]]],[[[132.0745,34.9089],[132.0745,34.9089],[132.0745,34.9089],[132.0745,34.9089]]],[[[132.0739,34.9091],[132.0739,34.909],[132.0739,34.909],[132.0739,34.9091]]],[[[132.0736,34.9095],[132.0737,34.9095],[132.0736,34.9094],[132.0736,34.9095]]],[[[132.0736,34.9095],[132.0736,34.9095],[132.0736,34.9095],[132.0736,34.9095]]],[[[132.0736,34.9095],[132.0736,34.9095],[132.0736,34.9095],[132.0736,34.9095]]],[[[132.0737,34.9095],[132.0737,34.9095],[132.0737,34.9095],[132.0737,34.9095]]],[[[132.0733,34.9095],[132.0733,34.9095],[132.0733,34.9096],[132.0733,34.9095]]],[[[132.0736,34.9096],[132.0736,34.9095],[132.0736,34.9095],[132.0736,34.9096]]],[[[132.0733,34.9096],[132.0734,34.9096],[132.0733,34.9095],[132.0733,34.9096]]],[[[132.0736,34.9096],[132.0736,34.9096],[132.0736,34.9096],[132.0736,34.9096]]],[[[132.0735,34.9096],[132.0734,34.9096],[132.0735,34.9097],[132.0735,34.9096]]],[[[132.0736,34.9098],[132.0736,34.9098],[132.0736,34.9098],[132.0736,34.9098]]],[[[132.0732,34.9102],[132.0729,34.9101],[132.0728,34.9103],[132.0732,34.9102]]],[[[132.0729,34.9106],[132.0729,34.9107],[132.073,34.9106],[132.0729,34.9106]]],[[[132.0729,34.9107],[132.0729,34.9108],[132.0729,34.9107],[132.0729,34.9107]]],[[[132.0736,34.9152],[132.0735,34.9152],[132.0735,34.9152],[132.0736,34.9152]]],[[[132.0736,34.9154],[132.0736,34.9153],[132.0736,34.9153],[132.0736,34.9154]]],[[[132.0735,34.9154],[132.0734,34.9154],[132.0734,34.9154],[132.0735,34.9154]]],[[[132.0731,34.9157],[132.0729,34.9158],[132.0731,34.9159],[132.0731,34.9157]]],[[[132.0731,34.9168],[132.0731,34.9168],[132.0731,34.9168],[132.0731,34.9168]]],[[[132.0734,34.9169],[132.0735,34.9169],[132.0735,34.9168],[132.0734,34.9169]]],[[[132.0737,34.9171],[132.0738,34.917],[132.0736,34.9171],[132.0737,34.9171]]],[[[132.0767,34.9183],[132.0768,34.9183],[132.0768,34.9183],[132.0767,34.9183]]],[[[132.0767,34.9185],[132.0768,34.9185],[132.0767,34.9185],[132.0767,34.9185]]],[[[132.0757,34.9186],[132.0757,34.9186],[132.0757,34.9186],[132.0757,34.9186]]],[[[132.0767,34.9186],[132.0768,34.9186],[132.0768,34.9186],[132.0767,34.9186]]],[[[132.0734,34.9186],[132.0734,34.9186],[132.0735,34.9187],[132.0734,34.9186]]],[[[132.0745,34.9188],[132.0745,34.9188],[132.0745,34.9188],[132.0745,34.9188]]],[[[132.0741,34.9189],[132.0741,34.9189],[132.0741,34.9188],[132.0741,34.9189]]],[[[132.0748,34.9189],[132.0748,34.9189],[132.0748,34.9189],[132.0748,34.9189]]],[[[132.077,34.9192],[132.0771,34.9192],[132.077,34.9192],[132.077,34.9192]]],[[[132.0747,34.9191],[132.0745,34.9192],[132.0746,34.9193],[132.0747,34.9191]]],[[[132.0771,34.9194],[132.0771,34.9194],[132.0771,34.9194],[132.0771,34.9194]]],[[[132.0772,34.9194],[132.0772,34.9194],[132.0772,34.9194],[132.0772,34.9194]]],[[[132.0746,34.919],[132.0723,34.9193],[132.073,34.92],[132.0746,34.919]]],[[[132.0775,34.9195],[132.0773,34.9196],[132.0774,34.9196],[132.0775,34.9195]]],[[[132.0776,34.9196],[132.0775,34.9196],[132.0776,34.9196],[132.0776,34.9196]]],[[[132.0775,34.9196],[132.0775,34.9196],[132.0775,34.9196],[132.0775,34.9196]]],[[[132.0773,34.9199],[132.0774,34.9199],[132.0773,34.9199],[132.0773,34.9199]]],[[[132.0774,34.9199],[132.0774,34.9199],[132.0774,34.9199],[132.0774,34.9199]]],[[[132.0773,34.9199],[132.0773,34.9199],[132.0773,34.9199],[132.0773,34.9199]]],[[[132.0736,34.9201],[132.0737,34.9201],[132.0737,34.92],[132.0736,34.9201]]],[[[132.0779,34.9203],[132.0779,34.9203],[132.0779,34.9202],[132.0779,34.9203]]],[[[132.0783,34.9203],[132.0783,34.9203],[132.0783,34.9203],[132.0783,34.9203]]],[[[132.073,34.9205],[132.073,34.9205],[132.073,34.9205],[132.073,34.9205]]],[[[132.0742,34.9206],[132.0742,34.9205],[132.0742,34.9205],[132.0742,34.9206]]],[[[132.073,34.9204],[132.0732,34.9204],[132.0733,34.9209],[132.0737,34.9202],[132.073,34.9204]]],[[[132.0741,34.9206],[132.0742,34.9205],[132.0742,34.9205],[132.0741,34.9206]]],[[[132.0741,34.9206],[132.0742,34.9206],[132.0741,34.9206],[132.0741,34.9206]]],[[[132.0741,34.9206],[132.0741,34.9206],[132.0741,34.9206],[132.0741,34.9206]]],[[[132.0742,34.9206],[132.0742,34.9206],[132.0742,34.9206],[132.0742,34.9206]]],[[[132.0742,34.9207],[132.0742,34.9207],[132.0742,34.9206],[132.0742,34.9207]]],[[[132.0787,34.9207],[132.0788,34.9207],[132.0787,34.9207],[132.0787,34.9207]]],[[[132.0782,34.9208],[132.0782,34.9207],[132.0782,34.9207],[132.0782,34.9208]]],[[[132.0788,34.9208],[132.0788,34.9207],[132.0788,34.9207],[132.0788,34.9208]]],[[[132.0788,34.9207],[132.0787,34.9208],[132.0788,34.9208],[132.0788,34.9207]]],[[[132.0733,34.9208],[132.0733,34.9208],[132.0733,34.9208],[132.0733,34.9208]]],[[[132.079,34.9209],[132.0791,34.9208],[132.079,34.9208],[132.079,34.9209]]],[[[132.0789,34.9208],[132.0789,34.9209],[132.0789,34.9209],[132.0789,34.9208]]],[[[132.0729,34.921],[132.0729,34.921],[132.073,34.921],[132.0729,34.921]]],[[[132.0733,34.9212],[132.0733,34.9212],[132.0733,34.9211],[132.0733,34.9212]]],[[[132.0788,34.9214],[132.0789,34.9214],[132.0788,34.9213],[132.0788,34.9214]]],[[[132.0788,34.9214],[132.0788,34.9214],[132.0788,34.9214],[132.0788,34.9214]]],[[[132.079,34.9215],[132.079,34.9215],[132.079,34.9215],[132.079,34.9215]]],[[[132.0789,34.9215],[132.079,34.9215],[132.079,34.9215],[132.0789,34.9215]]],[[[132.0737,34.9215],[132.0737,34.9215],[132.0737,34.9215],[132.0737,34.9215]]],[[[132.0789,34.9216],[132.0789,34.9216],[132.0788,34.9215],[132.0789,34.9216]]],[[[132.0729,34.9215],[132.0733,34.9216],[132.0735,34.9218],[132.0736,34.9213],[132.073,34.9213],[132.0729,34.9215]]],[[[132.0789,34.9216],[132.0789,34.9216],[132.0789,34.9216],[132.0789,34.9216]]],[[[132.0733,34.9216],[132.0733,34.9216],[132.0733,34.9216],[132.0733,34.9216]]],[[[132.0734,34.9217],[132.0734,34.9217],[132.0733,34.9217],[132.0734,34.9217]]],[[[132.0784,34.9217],[132.0783,34.9217],[132.0784,34.9217],[132.0784,34.9217]]],[[[132.0783,34.9218],[132.0782,34.9218],[132.0783,34.9218],[132.0783,34.9218]]],[[[132.0783,34.9223],[132.0783,34.9222],[132.0781,34.9222],[132.0783,34.9223]]],[[[132.079,34.9226],[132.079,34.9225],[132.079,34.9225],[132.079,34.9226]]],[[[132.0796,34.9228],[132.0797,34.9226],[132.0795,34.9227],[132.0796,34.9228]]],[[[132.078,34.9227],[132.078,34.9228],[132.078,34.9227],[132.078,34.9227]]],[[[132.0784,34.9227],[132.0784,34.9228],[132.0785,34.9228],[132.0784,34.9227]]],[[[132.0796,34.9228],[132.0796,34.9228],[132.0796,34.9228],[132.0796,34.9228]]],[[[132.0796,34.9228],[132.0796,34.9228],[132.0795,34.9228],[132.0796,34.9228]]],[[[132.0797,34.923],[132.0798,34.923],[132.0798,34.9229],[132.0797,34.923]]],[[[132.0779,34.9233],[132.0777,34.9232],[132.0778,34.9233],[132.0779,34.9233]]],[[[132.0772,34.9233],[132.0772,34.9233],[132.0772,34.9233],[132.0772,34.9233]]],[[[132.0789,34.923],[132.078,34.9235],[132.0785,34.9235],[132.0789,34.923]]],[[[132.0768,34.9234],[132.077,34.9233],[132.0768,34.9232],[132.0768,34.9234]]],[[[132.0765,34.9233],[132.0764,34.9234],[132.0764,34.9234],[132.0765,34.9233]]],[[[132.0765,34.9234],[132.0765,34.9234],[132.0765,34.9234],[132.0765,34.9234]]],[[[132.0768,34.9235],[132.077,34.9236],[132.0771,34.9235],[132.0768,34.9235]]],[[[132.0803,34.922],[132.0803,34.922],[132.0803,34.922],[132.0803,34.922]]],[[[132.0811,34.922],[132.081,34.9221],[132.0811,34.9221],[132.0811,34.922]]],[[[132.0812,34.9221],[132.0811,34.9221],[132.0811,34.9222],[132.0812,34.9221]]],[[[132.0814,34.9224],[132.0814,34.9224],[132.0814,34.9223],[132.0814,34.9224]]],[[[132.0815,34.9226],[132.0811,34.9227],[132.0814,34.9227],[132.0815,34.9226]]],[[[132.0816,34.9227],[132.0816,34.9226],[132.0816,34.9226],[132.0816,34.9227]]],[[[132.081,34.9228],[132.0811,34.9228],[132.0811,34.9228],[132.081,34.9228]]],[[[132.0814,34.9229],[132.0814,34.9229],[132.0814,34.9228],[132.0814,34.9229]]],[[[132.0798,34.9229],[132.0798,34.9229],[132.0798,34.9229],[132.0798,34.9229]]],[[[132.0797,34.9229],[132.0797,34.9229],[132.0798,34.9229],[132.0797,34.9229]]],[[[132.0798,34.9229],[132.0798,34.9229],[132.0798,34.9229],[132.0798,34.9229]]],[[[132.0813,34.923],[132.0813,34.923],[132.0812,34.923],[132.0813,34.923]]],[[[132.0821,34.9234],[132.0821,34.9234],[132.0821,34.9234],[132.0821,34.9234]]],[[[132.0821,34.9234],[132.0821,34.9234],[132.0821,34.9234],[132.0821,34.9234]]],[[[132.0821,34.9235],[132.0822,34.9235],[132.0822,34.9235],[132.0821,34.9235]]],[[[132.0822,34.9243],[132.0822,34.9242],[132.0822,34.9242],[132.0822,34.9243]]],[[[132.0822,34.9243],[132.0822,34.9243],[132.0822,34.9243],[132.0822,34.9243]]],[[[132.0822,34.9243],[132.0821,34.9243],[132.0822,34.9243],[132.0822,34.9243]]],[[[132.0826,34.9243],[132.0823,34.9243],[132.0822,34.9243],[132.0822,34.9244],[132.0824,34.9245],[132.0826,34.9243]]],[[[132.0819,34.9245],[132.0819,34.9245],[132.0819,34.9245],[132.0819,34.9245]]],[[[132.082,34.9246],[132.0821,34.9245],[132.082,34.9245],[132.082,34.9246]]],[[[132.0825,34.9246],[132.0819,34.9248],[132.0822,34.9248],[132.0825,34.9246]]],[[[132.085,34.9258],[132.085,34.9258],[132.085,34.9258],[132.085,34.9258]]],[[[132.0852,34.9258],[132.0851,34.9258],[132.0851,34.9258],[132.0852,34.9258]]],[[[132.085,34.9258],[132.0851,34.9258],[132.0851,34.9258],[132.085,34.9258]]],[[[132.084,34.9258],[132.084,34.9258],[132.0839,34.9258],[132.084,34.9258]]],[[[132.0851,34.9258],[132.0851,34.9258],[132.0851,34.9258],[132.0851,34.9258]]],[[[132.085,34.9258],[132.085,34.9258],[132.085,34.9258],[132.085,34.9258]]],[[[132.0822,34.9259],[132.0821,34.926],[132.0822,34.926],[132.0822,34.9259]]],[[[132.0851,34.9259],[132.085,34.9259],[132.085,34.9261],[132.0851,34.9259]]],[[[132.0823,34.9261],[132.0823,34.926],[132.0822,34.926],[132.0823,34.9261]]],[[[132.0823,34.9261],[132.0822,34.9261],[132.0823,34.9261],[132.0823,34.9261]]],[[[132.0822,34.9261],[132.0822,34.9261],[132.0822,34.9261],[132.0822,34.9261]]],[[[132.0823,34.9261],[132.0823,34.9261],[132.0822,34.9261],[132.0823,34.9261]]],[[[132.0822,34.9262],[132.0822,34.9262],[132.0822,34.9261],[132.0822,34.9262]]],[[[132.0854,34.9263],[132.0855,34.9263],[132.0854,34.9263],[132.0854,34.9263]]],[[[132.0818,34.9262],[132.0813,34.9269],[132.082,34.9266],[132.0818,34.9262]]],[[[132.083,34.9266],[132.0832,34.9266],[132.0832,34.9265],[132.083,34.9266]]],[[[132.083,34.9266],[132.083,34.9266],[132.083,34.9266],[132.083,34.9266]]],[[[132.0828,34.9267],[132.0827,34.9267],[132.0832,34.9269],[132.0828,34.9267]]],[[[132.0833,34.9269],[132.0833,34.9268],[132.0833,34.9268],[132.0833,34.9269]]],[[[132.0856,34.9269],[132.0856,34.9269],[132.0856,34.9269],[132.0856,34.9269]]],[[[132.0833,34.9269],[132.0833,34.9269],[132.0833,34.9269],[132.0833,34.9269]]],[[[132.0852,34.927],[132.0853,34.927],[132.0852,34.927],[132.0852,34.927]]],[[[132.0852,34.9271],[132.0853,34.9272],[132.0853,34.9271],[132.0852,34.9271]]],[[[132.0852,34.9272],[132.0852,34.9271],[132.0852,34.9271],[132.0852,34.9272]]],[[[132.0849,34.9274],[132.0849,34.9274],[132.0849,34.9273],[132.0849,34.9274]]],[[[132.085,34.9274],[132.085,34.9274],[132.085,34.9274],[132.085,34.9274]]],[[[132.085,34.9275],[132.085,34.9275],[132.085,34.9275],[132.085,34.9275]]],[[[132.0849,34.9275],[132.0849,34.9275],[132.0849,34.9275],[132.0849,34.9275]]],[[[132.085,34.9276],[132.085,34.9276],[132.085,34.9276],[132.085,34.9276]]],[[[132.0849,34.9276],[132.0849,34.9276],[132.0849,34.9276],[132.0849,34.9276]]],[[[132.0849,34.9277],[132.0849,34.9277],[132.0849,34.9277],[132.0849,34.9277]]],[[[132.0849,34.9277],[132.0849,34.9277],[132.0849,34.9277],[132.0849,34.9277]]],[[[132.0845,34.9279],[132.0846,34.9279],[132.0845,34.9279],[132.0845,34.9279]]],[[[132.0846,34.9279],[132.0846,34.9279],[132.0846,34.9279],[132.0846,34.9279]]],[[[132.084,34.928],[132.084,34.928],[132.084,34.928],[132.084,34.928]]],[[[132.0844,34.928],[132.0844,34.928],[132.0844,34.928],[132.0844,34.928]]],[[[132.0844,34.928],[132.0845,34.928],[132.0845,34.928],[132.0844,34.928]]],[[[132.0844,34.9281],[132.0844,34.9281],[132.0844,34.928],[132.0844,34.9281]]],[[[132.0843,34.9281],[132.0844,34.9281],[132.0844,34.9281],[132.0843,34.9281]]],[[[132.0844,34.9281],[132.0844,34.9281],[132.0844,34.9281],[132.0844,34.9281]]],[[[132.0842,34.9282],[132.0843,34.9281],[132.0843,34.9281],[132.0842,34.9282]]],[[[132.084,34.9283],[132.084,34.9282],[132.084,34.9282],[132.084,34.9283]]],[[[132.0841,34.9283],[132.0841,34.9283],[132.0841,34.9283],[132.0841,34.9283]]],[[[132.083,34.9284],[132.0831,34.9284],[132.0829,34.9283],[132.083,34.9284]]],[[[132.0827,34.9284],[132.0828,34.9284],[132.0826,34.9284],[132.0827,34.9284]]],[[[132.0836,34.9286],[132.0837,34.9285],[132.0834,34.9285],[132.0836,34.9286]]],[[[132.0828,34.9286],[132.0828,34.9286],[132.0827,34.9286],[132.0828,34.9286]]],[[[132.0834,34.9286],[132.0835,34.9286],[132.0834,34.9285],[132.0834,34.9286]]],[[[132.0833,34.9287],[132.0833,34.9286],[132.0832,34.9286],[132.0833,34.9287]]],[[[132.0836,34.9286],[132.0835,34.9287],[132.0836,34.9287],[132.0836,34.9286]]],[[[132.0837,34.9287],[132.0837,34.9287],[132.0837,34.9286],[132.0837,34.9287]]],[[[132.0837,34.9287],[132.0837,34.9287],[132.0837,34.9287],[132.0837,34.9287]]],[[[132.0839,34.9289],[132.0839,34.9289],[132.0839,34.9289],[132.0839,34.9289]]],[[[132.0839,34.9289],[132.0839,34.9289],[132.0839,34.9289],[132.0839,34.9289]]],[[[132.0832,34.9291],[132.0831,34.9289],[132.083,34.929],[132.0832,34.9291]]],[[[132.0835,34.9291],[132.0833,34.9289],[132.0833,34.929],[132.0835,34.9291]]],[[[132.0837,34.929],[132.0837,34.929],[132.0837,34.929],[132.0837,34.929]]],[[[132.0837,34.929],[132.0838,34.929],[132.0838,34.929],[132.0837,34.929]]],[[[132.0838,34.9291],[132.0838,34.929],[132.0837,34.9291],[132.0838,34.9291]]],[[[132.0826,34.9292],[132.0827,34.9292],[132.0828,34.929],[132.0826,34.9291],[132.0826,34.9292]]],[[[132.084,34.9292],[132.084,34.9292],[132.084,34.9292],[132.084,34.9292]]],[[[132.0833,34.9293],[132.0834,34.9293],[132.0833,34.9292],[132.0833,34.9293]]],[[[132.083,34.9293],[132.0832,34.9293],[132.0832,34.9292],[132.083,34.9293]]],[[[132.0835,34.9293],[132.0835,34.9293],[132.0835,34.9293],[132.0835,34.9293]]],[[[132.083,34.9294],[132.083,34.9293],[132.0829,34.9294],[132.083,34.9294]]],[[[132.0837,34.9297],[132.0838,34.9295],[132.0836,34.9296],[132.0837,34.9297]]],[[[132.0835,34.9299],[132.0836,34.9299],[132.0836,34.9299],[132.0835,34.9299]]],[[[132.0835,34.9301],[132.0836,34.9301],[132.0836,34.93],[132.0835,34.9301]]],[[[132.082,34.9302],[132.082,34.9301],[132.0818,34.9301],[132.082,34.9302]]],[[[132.0862,34.9306],[132.0862,34.9306],[132.0862,34.9306],[132.0862,34.9306]]],[[[132.0859,34.9309],[132.0859,34.9308],[132.0859,34.9308],[132.0859,34.9309]]],[[[132.0865,34.931],[132.0864,34.9313],[132.0866,34.9311],[132.0865,34.931]]],[[[132.0853,34.931],[132.0844,34.9314],[132.0854,34.9319],[132.0853,34.931]]],[[[132.0097,34.8675],[132.0105,34.8675],[132.0102,34.868],[132.0107,34.8679],[132.0104,34.8681],[132.0107,34.868],[132.0109,34.8683],[132.0107,34.8686],[132.0128,34.8689],[132.0126,34.8693],[132.0135,34.8693],[132.0132,34.8702],[132.0147,34.8696],[132.0157,34.8709],[132.0173,34.8701],[132.018,34.8723],[132.0194,34.872],[132.0193,34.8726],[132.0205,34.8722],[132.0214,34.8727],[132.02,34.8685],[132.0213,34.8665],[132.0229,34.8681],[132.021,34.8685],[132.0225,34.8703],[132.0214,34.8706],[132.0216,34.8712],[132.0221,34.8719],[132.0223,34.8709],[132.0265,34.872],[132.0269,34.8734],[132.0264,34.8742],[132.0268,34.8751],[132.0307,34.875],[132.0308,34.8759],[132.0306,34.8766],[132.0299,34.8775],[132.0294,34.8776],[132.0297,34.8782],[132.0284,34.8788],[132.0305,34.88],[132.0313,34.8786],[132.0342,34.878],[132.0361,34.88],[132.0351,34.8806],[132.0355,34.8805],[132.0352,34.8816],[132.036,34.8821],[132.0373,34.8819],[132.0367,34.8811],[132.0372,34.8805],[132.0402,34.8805],[132.0411,34.8787],[132.0444,34.8778],[132.0479,34.879],[132.0464,34.8783],[132.0464,34.8769],[132.0421,34.8762],[132.0423,34.8744],[132.0436,34.8744],[132.0423,34.8739],[132.0403,34.8751],[132.0415,34.8734],[132.0444,34.8736],[132.0452,34.873],[132.0444,34.8722],[132.0485,34.8713],[132.0487,34.8723],[132.0472,34.8726],[132.0488,34.8723],[132.0485,34.8712],[132.0514,34.871],[132.0567,34.8728],[132.0583,34.8749],[132.0585,34.8767],[132.0591,34.8768],[132.0588,34.877],[132.0588,34.8775],[132.0592,34.8769],[132.0599,34.8776],[132.0557,34.8788],[132.0539,34.8781],[132.0557,34.8789],[132.0533,34.8834],[132.059,34.8842],[132.0558,34.8934],[132.0568,34.8912],[132.0586,34.8918],[132.057,34.8906],[132.0576,34.889],[132.0633,34.8911],[132.0611,34.8939],[132.0634,34.8912],[132.0654,34.8924],[132.0628,34.8955],[132.064,34.8962],[132.0667,34.8931],[132.0672,34.8908],[132.0706,34.8922],[132.07,34.8934],[132.0694,34.8925],[132.0688,34.8937],[132.0696,34.8941],[132.0679,34.8963],[132.067,34.896],[132.0678,34.8944],[132.0641,34.899],[132.0641,34.9047],[132.0635,34.9051],[132.0654,34.9058],[132.0662,34.9077],[132.0668,34.907],[132.0683,34.908],[132.0691,34.9074],[132.0697,34.9084],[132.0731,34.9073],[132.0724,34.9062],[132.0734,34.9054],[132.0748,34.9068],[132.0735,34.9054],[132.0742,34.9046],[132.0747,34.9056],[132.0755,34.9043],[132.0775,34.9051],[132.0769,34.9101],[132.0789,34.9116],[132.0783,34.912],[132.0825,34.9116],[132.0772,34.9127],[132.077,34.9116],[132.0749,34.9107],[132.0758,34.9083],[132.0746,34.9085],[132.0747,34.9089],[132.0736,34.9097],[132.0738,34.9104],[132.0729,34.9104],[132.0735,34.9106],[132.0729,34.9113],[132.072,34.9112],[132.0724,34.9113],[132.0727,34.9117],[132.0709,34.9137],[132.0742,34.9148],[132.0732,34.916],[132.073,34.916],[132.074,34.9172],[132.0727,34.9177],[132.0729,34.9183],[132.0768,34.9182],[132.0776,34.919],[132.0776,34.9197],[132.0771,34.9198],[132.0779,34.9199],[132.0784,34.9203],[132.078,34.9205],[132.079,34.9206],[132.0792,34.921],[132.079,34.9216],[132.0782,34.9219],[132.0785,34.9222],[132.0779,34.9226],[132.0803,34.9219],[132.0812,34.922],[132.0826,34.923],[132.0818,34.9241],[132.0825,34.924],[132.0832,34.9244],[132.0829,34.9258],[132.0837,34.9251],[132.0855,34.9258],[132.0857,34.9269],[132.0851,34.9277],[132.0838,34.9287],[132.0834,34.9288],[132.0839,34.9289],[132.084,34.9289],[132.0842,34.9301],[132.0849,34.9301],[132.0846,34.9308],[132.0878,34.9299],[132.0874,34.9318],[132.0881,34.9314],[132.0883,34.9315],[132.0884,34.9319],[132.0898,34.9309],[132.0906,34.9309],[132.0912,34.9315],[132.0912,34.9317],[132.0906,34.9319],[132.0908,34.9322],[132.0899,34.9328],[132.0904,34.9329],[132.0901,34.9331],[132.0917,34.9335],[132.0926,34.9325],[132.093,34.9325],[132.0927,34.9337],[132.0944,34.9338],[132.0939,34.9347],[132.0956,34.9336],[132.0974,34.934],[132.0995,34.9328],[132.0999,34.9334],[132.1001,34.933],[132.1014,34.932],[132.1023,34.9336],[132.1021,34.9338],[132.1014,34.9338],[132.1008,34.934],[132.1015,34.9341],[132.1032,34.9333],[132.1058,34.935],[132.1082,34.939],[132.1081,34.9395],[132.1074,34.9396],[132.1066,34.9411],[132.1074,34.9399],[132.1086,34.9409],[132.1078,34.9423],[132.1065,34.9421],[132.107,34.9436],[132.1057,34.9435],[132.1062,34.9459],[132.1046,34.9452],[132.1047,34.9459],[132.1075,34.9468],[132.1087,34.9483],[132.1101,34.9475],[132.1112,34.9489],[132.1114,34.9496],[132.1113,34.9505],[132.1105,34.9509],[132.1125,34.9531],[132.1139,34.951],[132.1176,34.9513],[132.1442,34.964],[132.1473,34.9622],[132.1434,34.9582],[132.1463,34.9548],[132.1491,34.9468],[132.1579,34.9479],[132.156,34.9504],[132.1574,34.9516],[132.162,34.95],[132.1645,34.9465],[132.166,34.9461],[132.1677,34.9474],[132.1729,34.9466],[132.1769,34.9485],[132.1789,34.948],[132.1804,34.9519],[132.1833,34.9542],[132.1838,34.9559],[132.1856,34.9555],[132.1907,34.9522],[132.1914,34.9498],[132.1942,34.9481],[132.1945,34.9455],[132.1956,34.9458],[132.1928,34.9441],[132.1939,34.9434],[132.1927,34.9403],[132.1944,34.9399],[132.1948,34.9385],[132.1909,34.9353],[132.1922,34.9329],[132.1896,34.9311],[132.1906,34.9291],[132.1958,34.9283],[132.1975,34.9264],[132.2004,34.926],[132.205,34.9225],[132.2113,34.9235],[132.2139,34.9189],[132.2215,34.9187],[132.2239,34.9156],[132.2254,34.9153],[132.2278,34.9186],[132.2276,34.9229],[132.23,34.9248],[132.2292,34.9265],[132.2334,34.929],[132.2336,34.9319],[132.236,34.9335],[132.2352,34.94],[132.2389,34.9412],[132.242,34.9364],[132.2468,34.9354],[132.2496,34.9367],[132.2506,34.934],[132.2485,34.9306],[132.2502,34.9283],[132.2498,34.9247],[132.2521,34.9234],[132.2509,34.9194],[132.2584,34.9188],[132.2614,34.9145],[132.2611,34.913],[132.2637,34.9105],[132.2627,34.9087],[132.2638,34.9073],[132.2599,34.9081],[132.2608,34.9053],[132.2573,34.902],[132.2603,34.8989],[132.2591,34.8977],[132.2595,34.8962],[132.2629,34.8972],[132.2625,34.8986],[132.2652,34.8999],[132.266,34.9034],[132.2679,34.9015],[132.2706,34.9019],[132.2719,34.9001],[132.2741,34.9003],[132.2748,34.9034],[132.2763,34.9041],[132.2766,34.908],[132.2817,34.9061],[132.2894,34.9082],[132.2903,34.9073],[132.2893,34.906],[132.292,34.9058],[132.2927,34.9039],[132.2958,34.9039],[132.2962,34.9009],[132.2992,34.8996],[132.3007,34.8976],[132.3042,34.8978],[132.3081,34.8964],[132.3062,34.8934],[132.3105,34.8882],[132.3102,34.8866],[132.3162,34.8846],[132.3217,34.8797],[132.3235,34.8795],[132.3237,34.878],[132.3263,34.8778],[132.3291,34.8746],[132.3308,34.8742],[132.3317,34.8705],[132.3355,34.8677],[132.3363,34.8646],[132.3386,34.8638],[132.3391,34.8614],[132.3452,34.8606],[132.3476,34.8578],[132.351,34.8579],[132.3541,34.8604],[132.3594,34.8598],[132.3657,34.8623],[132.3685,34.8609],[132.3737,34.8609],[132.3765,34.8583],[132.3808,34.8576],[132.381,34.8545],[132.3792,34.8524],[132.3804,34.8503],[132.384,34.8486],[132.3847,34.8454],[132.3883,34.8433],[132.3898,34.8393],[132.3921,34.839],[132.3932,34.8365],[132.3895,34.83],[132.3909,34.8285],[132.3896,34.826],[132.3908,34.8252],[132.3905,34.8195],[132.3862,34.8163],[132.3835,34.8111],[132.3855,34.8088],[132.3853,34.8065],[132.383,34.8028],[132.384,34.8007],[132.3837,34.7952],[132.3749,34.8008],[132.368,34.801],[132.3606,34.8],[132.3567,34.7969],[132.352,34.7981],[132.3468,34.7934],[132.3375,34.7902],[132.3338,34.79],[132.3233,34.7935],[132.3225,34.7954],[132.3195,34.7974],[132.319,34.8013],[132.3158,34.8014],[132.313,34.797],[132.3057,34.7932],[132.3067,34.7897],[132.3006,34.7845],[132.3002,34.7811],[132.2979,34.7766],[132.2932,34.7792],[132.2898,34.7782],[132.2802,34.7835],[132.2788,34.7871],[132.2793,34.7899],[132.2745,34.792],[132.2784,34.7969],[132.2781,34.799],[132.2736,34.7999],[132.2698,34.7983],[132.2671,34.8027],[132.2607,34.805],[132.2596,34.8068],[132.2485,34.8069],[132.2469,34.8058],[132.2426,34.8067],[132.2383,34.8016],[132.2394,34.7993],[132.2436,34.7988],[132.2418,34.7944],[132.2429,34.7896],[132.2412,34.7876],[132.2427,34.783],[132.236,34.7768],[132.2328,34.7761],[132.2343,34.7737],[132.2291,34.7733],[132.2286,34.7708],[132.2251,34.7699],[132.2269,34.7649],[132.2222,34.7603],[132.2247,34.7575],[132.2214,34.7522],[132.2224,34.7495],[132.2147,34.7455],[132.2099,34.7449],[132.2026,34.7487],[132.1997,34.7459],[132.1957,34.7445],[132.1965,34.7384],[132.1954,34.7374],[132.1919,34.7374],[132.1892,34.7336],[132.1815,34.7346],[132.178,34.7368],[132.174,34.7312],[132.1671,34.7291],[132.1642,34.7258],[132.16,34.7255],[132.1577,34.7232],[132.1554,34.7231],[132.1542,34.72],[132.1522,34.7198],[132.1512,34.7179],[132.1473,34.7179],[132.1433,34.7162],[132.1418,34.7131],[132.1431,34.7112],[132.1373,34.7095],[132.1358,34.7071],[132.1296,34.708],[132.1299,34.7127],[132.1276,34.7123],[132.1233,34.7149],[132.121,34.7148],[132.1182,34.7118],[132.1153,34.7115],[132.1119,34.7143],[132.1105,34.7185],[132.1074,34.7189],[132.1015,34.7148],[132.0992,34.7151],[132.0935,34.7134],[132.0911,34.7102],[132.0844,34.7053],[132.0822,34.7052],[132.0794,34.7072],[132.0696,34.7065],[132.0657,34.7082],[132.0666,34.7097],[132.0652,34.712],[132.0622,34.7112],[132.0607,34.7095],[132.0576,34.7122],[132.0581,34.7142],[132.0529,34.7144],[132.0497,34.7133],[132.0457,34.7178],[132.0391,34.7194],[132.0366,34.7189],[132.0352,34.7163],[132.0362,34.7112],[132.04,34.7094],[132.0397,34.7068],[132.0297,34.7058],[132.0287,34.7039],[132.0247,34.7034],[132.0243,34.7015],[132.0206,34.7007],[132.015,34.7043],[132.0143,34.7083],[132.011,34.7102],[132.0092,34.7137],[132.0043,34.7156],[132.0043,34.7192],[132.0017,34.7185],[132.0007,34.7136],[131.9985,34.7136],[131.9977,34.7125],[131.9944,34.7148],[131.9897,34.7158],[131.9885,34.7155],[131.9885,34.7124],[131.9857,34.713],[131.9834,34.7121],[131.9811,34.7126],[131.9828,34.7156],[131.9765,34.7159],[131.9746,34.7147],[131.9732,34.7164],[131.9658,34.718],[131.9666,34.7203],[131.9627,34.72],[131.961,34.7179],[131.9594,34.7184],[131.9577,34.7204],[131.9598,34.723],[131.9571,34.727],[131.9479,34.7237],[131.9466,34.7271],[131.9467,34.732],[131.9453,34.734],[131.946,34.7358],[131.9427,34.737],[131.9423,34.7399],[131.937,34.7358],[131.9345,34.736],[131.9326,34.7377],[131.9313,34.7402],[131.9331,34.7432],[131.9321,34.7439],[131.9327,34.7446],[131.9316,34.749],[131.9256,34.7498],[131.9202,34.7536],[131.9163,34.7525],[131.913,34.7541],[131.9078,34.7533],[131.9063,34.7545],[131.9036,34.754],[131.9023,34.7557],[131.8978,34.7567],[131.8948,34.759],[131.8941,34.7643],[131.8951,34.7669],[131.8933,34.7692],[131.8943,34.771],[131.8962,34.7717],[131.8954,34.7729],[131.8971,34.7756],[131.8999,34.7756],[131.8988,34.7752],[131.8992,34.774],[131.9034,34.7748],[131.9033,34.7756],[131.9076,34.7753],[131.9085,34.775],[131.9084,34.7739],[131.911,34.7732],[131.9117,34.7734],[131.912,34.7734],[131.9116,34.7745],[131.9133,34.7756],[131.9132,34.7758],[131.9136,34.7766],[131.9135,34.777],[131.9137,34.7766],[131.9134,34.7755],[131.9118,34.7744],[131.912,34.7736],[131.9141,34.7753],[131.9134,34.7745],[131.9145,34.7741],[131.9156,34.7767],[131.9144,34.7768],[131.9162,34.7767],[131.9168,34.7835],[131.9298,34.7947],[131.9228,34.7885],[131.9254,34.7811],[131.9265,34.7808],[131.9263,34.7819],[131.9264,34.7822],[131.9269,34.7826],[131.9269,34.781],[131.9284,34.7822],[131.927,34.7829],[131.9297,34.7848],[131.9313,34.783],[131.9321,34.784],[131.9309,34.7852],[131.9307,34.7861],[131.9321,34.7846],[131.9323,34.7875],[131.9346,34.7892],[131.935,34.7896],[131.935,34.7899],[131.9362,34.789],[131.9376,34.789],[131.9377,34.7893],[131.9392,34.7883],[131.9397,34.7894],[131.9468,34.7929],[131.9479,34.7953],[131.9466,34.7959],[131.9481,34.7966],[131.9474,34.797],[131.9484,34.7974],[131.9485,34.7974],[131.9486,34.7976],[131.9493,34.7997],[131.9484,34.8012],[131.9498,34.8015],[131.9516,34.8028],[131.9521,34.8043],[131.9515,34.8055],[131.9537,34.8055],[131.9536,34.8069],[131.9527,34.8064],[131.9535,34.8074],[131.9527,34.8083],[131.9536,34.8089],[131.9518,34.8097],[131.9521,34.8106],[131.9522,34.8103],[131.9534,34.8103],[131.955,34.8111],[131.9564,34.8133],[131.956,34.8152],[131.9547,34.8164],[131.9554,34.8165],[131.9551,34.8161],[131.9558,34.8159],[131.958,34.8174],[131.9589,34.8164],[131.96,34.8177],[131.9613,34.8168],[131.9615,34.8178],[131.9632,34.8182],[131.9627,34.8195],[131.9637,34.8204],[131.9669,34.8209],[131.9686,34.82],[131.9692,34.8203],[131.9688,34.8207],[131.9692,34.8215],[131.9689,34.8219],[131.9714,34.8232],[131.9718,34.8228],[131.9726,34.8232],[131.9734,34.8216],[131.9743,34.8211],[131.976,34.8212],[131.9822,34.8251],[131.9836,34.8266],[131.9856,34.8264],[131.9891,34.8277],[131.9903,34.8288],[131.9916,34.8323],[131.9911,34.8339],[131.9913,34.8336],[131.9921,34.8342],[131.9917,34.8352],[131.9942,34.8351],[131.9934,34.8361],[131.9944,34.838],[131.9931,34.8386],[131.9942,34.8389],[131.9945,34.8394],[131.9943,34.8397],[131.9938,34.8397],[131.9939,34.84],[131.9928,34.8403],[131.9952,34.842],[131.9945,34.8423],[131.9982,34.8425],[131.9982,34.8435],[132.0008,34.844],[132.0015,34.8447],[132.0016,34.8452],[132.0014,34.8452],[132.0015,34.8454],[132.0037,34.8454],[132.0075,34.8468],[132.0081,34.8474],[132.008,34.8484],[132.0077,34.8488],[132.0093,34.8498],[132.0104,34.8525],[132.0115,34.853],[132.0129,34.8568],[132.0137,34.8569],[132.0149,34.8581],[132.0143,34.8607],[132.0128,34.8601],[132.0137,34.8595],[132.0137,34.8592],[132.0124,34.8603],[132.0118,34.8602],[132.0111,34.8608],[132.0091,34.8614],[132.0092,34.8636],[132.0089,34.8637],[132.0078,34.8632],[132.0069,34.8632],[132.0076,34.8639],[132.0074,34.8642],[132.007,34.8646],[132.0073,34.8645],[132.0075,34.8651],[132.0079,34.8651],[132.0079,34.8651],[132.0079,34.8652],[132.0079,34.8652],[132.0079,34.8652],[132.0079,34.8653],[132.0079,34.8653],[132.0079,34.8655],[132.0067,34.8657],[132.0073,34.8661],[132.0066,34.8668],[132.0084,34.8672],[132.0089,34.8678],[132.008,34.8682],[132.0086,34.8685],[132.009,34.8677],[132.0097,34.8675]]],[[[132.0875,34.9303],[132.0875,34.9303],[132.0875,34.9303],[132.0875,34.9303]]],[[[132.0876,34.9303],[132.0873,34.9305],[132.0873,34.9305],[132.0876,34.9303]]],[[[132.0873,34.9307],[132.0874,34.9308],[132.0874,34.9307],[132.0873,34.9307]]],[[[132.0873,34.9308],[132.0873,34.9309],[132.0874,34.9308],[132.0873,34.9308]]],[[[132.0902,34.931],[132.0902,34.931],[132.0902,34.931],[132.0902,34.931]]],[[[132.0874,34.931],[132.0874,34.931],[132.0874,34.931],[132.0874,34.931]]],[[[132.0901,34.9311],[132.0901,34.9311],[132.0901,34.9311],[132.0901,34.9311]]],[[[132.0874,34.9311],[132.0874,34.9311],[132.0874,34.9311],[132.0874,34.9311]]],[[[132.0905,34.9312],[132.0906,34.9312],[132.0905,34.9312],[132.0905,34.9312]]],[[[132.0872,34.9312],[132.0871,34.9314],[132.0872,34.9314],[132.0872,34.9312]]],[[[132.0908,34.9313],[132.0908,34.9313],[132.0908,34.9313],[132.0908,34.9313]]],[[[132.0897,34.9314],[132.0897,34.9314],[132.0898,34.9314],[132.0897,34.9314]]],[[[132.0909,34.9314],[132.0908,34.9314],[132.0908,34.9314],[132.0909,34.9314]]],[[[132.0906,34.9314],[132.0907,34.9315],[132.0908,34.9314],[132.0906,34.9314]]],[[[132.0909,34.9315],[132.0909,34.9315],[132.0909,34.9315],[132.0909,34.9315]]],[[[132.0883,34.9316],[132.0883,34.9316],[132.0883,34.9316],[132.0883,34.9316]]],[[[132.0882,34.9316],[132.0882,34.9316],[132.0882,34.9316],[132.0882,34.9316]]],[[[132.0878,34.9317],[132.0878,34.9317],[132.0878,34.9317],[132.0878,34.9317]]],[[[132.0898,34.9319],[132.0898,34.9319],[132.0899,34.9318],[132.0898,34.9319]]],[[[132.0904,34.932],[132.0904,34.9319],[132.0904,34.9319],[132.0904,34.932]]],[[[132.0877,34.9322],[132.0877,34.9322],[132.0876,34.9322],[132.0877,34.9322]]],[[[132.0906,34.9323],[132.0905,34.9321],[132.0904,34.9323],[132.0906,34.9323]]],[[[132.0873,34.9322],[132.0875,34.9323],[132.0876,34.9321],[132.0873,34.9322]]],[[[132.0903,34.9324],[132.0904,34.9323],[132.0903,34.9323],[132.0903,34.9324]]],[[[132.1009,34.9327],[132.101,34.9325],[132.1008,34.9325],[132.1009,34.9327]]],[[[132.0925,34.9328],[132.0924,34.9329],[132.0925,34.9329],[132.0925,34.9328]]],[[[132.0899,34.933],[132.09,34.933],[132.0898,34.9328],[132.0899,34.933]]],[[[132.0995,34.9329],[132.0994,34.9329],[132.0995,34.933],[132.0995,34.9329]]],[[[132.0902,34.933],[132.0901,34.933],[132.0901,34.933],[132.0902,34.933]]],[[[132.099,34.9332],[132.0989,34.9332],[132.0989,34.9333],[132.099,34.9332]]],[[[132.0904,34.9333],[132.0905,34.9333],[132.0904,34.9333],[132.0904,34.9333]]],[[[132.0995,34.933],[132.0988,34.9336],[132.0991,34.9338],[132.0995,34.933]]],[[[132.1012,34.9335],[132.1012,34.9335],[132.1012,34.9335],[132.1012,34.9335]]],[[[132.0909,34.9336],[132.091,34.9335],[132.0908,34.9335],[132.0909,34.9336]]],[[[132.1013,34.9336],[132.1015,34.9336],[132.1015,34.9335],[132.1013,34.9336]]],[[[132.1016,34.9336],[132.1016,34.9336],[132.1016,34.9336],[132.1016,34.9336]]],[[[132.0908,34.9336],[132.0908,34.9336],[132.0908,34.9336],[132.0908,34.9336]]],[[[132.091,34.9336],[132.0911,34.9336],[132.091,34.9336],[132.091,34.9336]]],[[[132.0916,34.9336],[132.0914,34.9335],[132.091,34.9338],[132.0916,34.9336]]],[[[132.0996,34.9338],[132.0998,34.9336],[132.0995,34.9335],[132.0996,34.9338]]],[[[132.0987,34.934],[132.0988,34.9338],[132.0986,34.9337],[132.0987,34.934]]],[[[132.0929,34.9339],[132.0929,34.9339],[132.0929,34.9338],[132.0929,34.9339]]],[[[132.1004,34.9341],[132.1,34.934],[132.1,34.9341],[132.1004,34.9341]]],[[[132.0929,34.9341],[132.0929,34.9341],[132.0929,34.9342],[132.0929,34.9341]]],[[[132.1014,34.9342],[132.1014,34.9341],[132.1014,34.9341],[132.1014,34.9342]]],[[[132.1015,34.9342],[132.1015,34.9342],[132.1015,34.9342],[132.1015,34.9342]]],[[[132.1005,34.9342],[132.1006,34.9342],[132.1006,34.9342],[132.1005,34.9342]]],[[[132.1053,34.9412],[132.1052,34.9413],[132.1062,34.9422],[132.1053,34.9412]]],[[[132.1066,34.9417],[132.1065,34.9414],[132.1067,34.942],[132.1066,34.9417]]],[[[132.1071,34.9472],[132.1072,34.9472],[132.1071,34.9471],[132.1071,34.9472]]],[[[132.1073,34.9473],[132.1073,34.9474],[132.1074,34.9473],[132.1073,34.9473]]],[[[132.1078,34.9476],[132.1079,34.9476],[132.1079,34.9476],[132.1078,34.9476]]],[[[132.108,34.9476],[132.1078,34.9477],[132.1079,34.9478],[132.108,34.9476]]],[[[132.1072,34.9477],[132.1072,34.9478],[132.1073,34.9478],[132.1072,34.9477]]],[[[132.1082,34.9485],[132.1085,34.9484],[132.1083,34.948],[132.1082,34.9485]]],[[[132.1099,34.9484],[132.1103,34.9483],[132.1098,34.9482],[132.1099,34.9484]]],[[[132.1103,34.9484],[132.1102,34.9484],[132.1102,34.9485],[132.1103,34.9484]]],[[[132.1099,34.9486],[132.1102,34.9485],[132.1101,34.9485],[132.1099,34.9486]]],[[[132.1083,34.9486],[132.1083,34.9486],[132.1081,34.9486],[132.1083,34.9486]]],[[[132.1106,34.9488],[132.1103,34.9484],[132.1102,34.9485],[132.1106,34.9488]]],[[[132.1099,34.9487],[132.1103,34.9487],[132.1102,34.9486],[132.1099,34.9487]]],[[[132.1103,34.9487],[132.11,34.9487],[132.11,34.9488],[132.1103,34.9487]]],[[[132.1082,34.9487],[132.1082,34.9488],[132.1087,34.9489],[132.1082,34.9487]]],[[[132.1079,34.9488],[132.108,34.9488],[132.1079,34.9487],[132.1079,34.9488]]],[[[132.1103,34.9489],[132.1105,34.9489],[132.1104,34.9488],[132.1103,34.9489]]],[[[132.1086,34.9489],[132.1085,34.9489],[132.1087,34.9489],[132.1086,34.9489]]],[[[132.1102,34.949],[132.1101,34.949],[132.1102,34.949],[132.1102,34.949]]],[[[132.1102,34.9491],[132.1101,34.9491],[132.1102,34.9491],[132.1102,34.9491]]],[[[132.1102,34.9491],[132.1102,34.9491],[132.1102,34.9491],[132.1102,34.9491]]],[[[132.1111,34.9492],[132.1111,34.9492],[132.1112,34.9492],[132.1111,34.9492]]],[[[132.1083,34.949],[132.1081,34.9491],[132.1085,34.9495],[132.1083,34.949]]],[[[132.111,34.9494],[132.111,34.9493],[132.1108,34.9494],[132.111,34.9494]]],[[[132.109,34.9492],[132.1088,34.9496],[132.109,34.9495],[132.109,34.9492]]],[[[132.1106,34.9494],[132.1107,34.9494],[132.1107,34.9494],[132.1106,34.9494]]],[[[132.1099,34.9494],[132.1099,34.9494],[132.1099,34.9494],[132.1099,34.9494]]],[[[132.1104,34.9494],[132.1105,34.9494],[132.1104,34.9494],[132.1104,34.9494]]],[[[132.111,34.9496],[132.1109,34.9498],[132.111,34.9497],[132.111,34.9496]]],[[[132.1107,34.9505],[132.1107,34.9505],[132.1108,34.9505],[132.1107,34.9505]]],[[[132.1166,34.9516],[132.1166,34.9516],[132.1167,34.9516],[132.1166,34.9516]]],[[[132.1167,34.9518],[132.1166,34.9518],[132.1166,34.9519],[132.1167,34.9518]]],[[[132.1165,34.952],[132.1167,34.952],[132.1165,34.9519],[132.1165,34.952]]],[[[132.1168,34.952],[132.1168,34.952],[132.1168,34.952],[132.1168,34.952]]],[[[132.1115,34.9526],[132.1113,34.9526],[132.1112,34.9527],[132.1115,34.9526]]],[[[132.1127,34.9532],[132.1127,34.9532],[132.1127,34.9532],[132.1127,34.9532]]],[[[132.1128,34.9533],[132.1128,34.9533],[132.1128,34.9533],[132.1128,34.9533]]],[[[132.1117,34.9539],[132.1118,34.954],[132.1118,34.9539],[132.1117,34.9539]]],[[[132.1333,34.962],[132.1332,34.9621],[132.1333,34.9621],[132.1333,34.962]]],[[[132.1336,34.9621],[132.1334,34.9621],[132.1334,34.9622],[132.1336,34.9621]]]]}},{"type":"Feature","properties":{"code":"32203","name":"出雲市","pref_code":"32","pref":"島根県"},"geometry":{"type":"MultiPolygon","coordinates":[[[[132.5754,35.2721],[132.5754,35.2721],[132.5754,35.2721],[132.5754,35.2721]]],[[[132.5769,35.2722],[132.5769,35.2722],[132.5769,35.2722],[132.5769,35.2722]]],[[[132.5751,35.2723],[132.5751,35.2722],[132.575,35.2723],[132.5751,35.2723]]],[[[132.5753,35.2722],[132.5751,35.2724],[132.5756,35.2725],[132.5753,35.2722]]],[[[132.5748,35.2725],[132.5748,35.2726],[132.5749,35.2726],[132.5748,35.2725]]],[[[132.576,35.2726],[132.576,35.2727],[132.576,35.2727],[132.576,35.2726]]],[[[132.5755,35.2727],[132.5755,35.2727],[132.5755,35.2727],[132.5755,35.2727]]],[[[132.5759,35.2728],[132.5759,35.2727],[132.5759,35.2728],[132.5759,35.2728]]],[[[132.5821,35.2746],[132.5817,35.2742],[132.5817,35.2743],[132.5821,35.2746]]],[[[132.5851,35.2748],[132.585,35.2748],[132.585,35.2749],[132.5851,35.2749],[132.5851,35.2748]]],[[[132.5849,35.2749],[132.5849,35.2749],[132.585,35.2749],[132.5849,35.2749]]],[[[132.5853,35.2749],[132.5852,35.275],[132.5853,35.275],[132.5853,35.2749]]],[[[132.5851,35.2749],[132.5849,35.2751],[132.5851,35.275],[132.5851,35.2749]]],[[[132.5847,35.275],[132.5846,35.275],[132.5846,35.275],[132.5847,35.275]]],[[[132.5849,35.2751],[132.585,35.275],[132.5849,35.275],[132.5849,35.2751]]],[[[132.5856,35.2751],[132.5856,35.275],[132.5856,35.2751],[132.5856,35.2751]]],[[[132.5855,35.2751],[132.5855,35.2752],[132.5855,35.2752],[132.5855,35.2751]]],[[[132.5855,35.2753],[132.5855,35.2753],[132.5855,35.2752],[132.5855,35.2753]]],[[[132.5859,35.2752],[132.5859,35.2753],[132.5859,35.2752],[132.5859,35.2752]]],[[[132.5855,35.2752],[132.5855,35.2753],[132.5856,35.2752],[132.5855,35.2752]]],[[[132.5855,35.2754],[132.5855,35.2754],[132.5856,35.2753],[132.5855,35.2754]]],[[[132.586,35.2753],[132.5856,35.2751],[132.5857,35.2753],[132.5856,35.2756],[132.586,35.2753]]],[[[132.5859,35.2754],[132.5859,35.2755],[132.586,35.2754],[132.5859,35.2754]]],[[[132.5854,35.2755],[132.5854,35.2755],[132.5853,35.2754],[132.5854,35.2755]]],[[[132.5861,35.2756],[132.5862,35.2756],[132.5862,35.2756],[132.5861,35.2756]]],[[[132.5868,35.2757],[132.5868,35.2757],[132.5869,35.2757],[132.5868,35.2757]]],[[[132.5863,35.2756],[132.5861,35.2758],[132.5863,35.2757],[132.5863,35.2756]]],[[[132.5853,35.2757],[132.5853,35.2757],[132.5853,35.2757],[132.5853,35.2757]]],[[[132.5867,35.2757],[132.5864,35.2757],[132.5866,35.2758],[132.5867,35.2757]]],[[[132.5896,35.2758],[132.5896,35.2757],[132.5896,35.2757],[132.5896,35.2758]]],[[[132.5897,35.2757],[132.5896,35.2757],[132.5897,35.2758],[132.5897,35.2757]]],[[[132.5873,35.2757],[132.5872,35.2758],[132.5872,35.2758],[132.5873,35.2757]]],[[[132.5869,35.2757],[132.5867,35.2758],[132.587,35.2759],[132.5869,35.2757]]],[[[132.5873,35.2758],[132.5873,35.2759],[132.5874,35.2758],[132.5873,35.2758]]],[[[132.5896,35.2758],[132.5896,35.2758],[132.5896,35.2758],[132.5896,35.2758]]],[[[132.5898,35.2758],[132.5898,35.2758],[132.5897,35.2758],[132.5898,35.2758]]],[[[132.5872,35.2759],[132.5871,35.2758],[132.5871,35.2759],[132.5872,35.2759]]],[[[132.5882,35.276],[132.5882,35.276],[132.5882,35.276],[132.5882,35.276]]],[[[132.5879,35.2761],[132.5879,35.2761],[132.5879,35.2761],[132.5879,35.2761]]],[[[132.5882,35.2761],[132.5882,35.2761],[132.5882,35.2761],[132.5882,35.2761]]],[[[132.5888,35.2761],[132.5889,35.2762],[132.5889,35.2761],[132.5888,35.2761]]],[[[132.5894,35.2761],[132.5893,35.2762],[132.5895,35.2762],[132.5894,35.2761]]],[[[132.5896,35.2762],[132.5895,35.2762],[132.5895,35.2763],[132.5896,35.2762]]],[[[132.5897,35.2762],[132.5896,35.2763],[132.5896,35.2763],[132.5897,35.2762]]],[[[132.5897,35.2763],[132.5898,35.2764],[132.5899,35.2763],[132.5897,35.2763]]],[[[132.5903,35.2765],[132.5904,35.2764],[132.5902,35.2764],[132.5903,35.2765]]],[[[132.5908,35.2766],[132.5908,35.2765],[132.5908,35.2765],[132.5908,35.2766]]],[[[132.5908,35.2766],[132.5908,35.2766],[132.591,35.2766],[132.5908,35.2766]]],[[[132.5912,35.2766],[132.5911,35.2766],[132.5911,35.2767],[132.5912,35.2766]]],[[[132.5907,35.2767],[132.5906,35.2768],[132.5908,35.2768],[132.5907,35.2767]]],[[[132.5908,35.2769],[132.5908,35.2768],[132.5908,35.2768],[132.5908,35.2769]]],[[[132.592,35.277],[132.592,35.277],[132.592,35.2771],[132.592,35.277]]],[[[132.5917,35.277],[132.5916,35.2769],[132.5914,35.2772],[132.5917,35.277]]],[[[132.592,35.2772],[132.5921,35.2771],[132.592,35.2771],[132.592,35.2772]]],[[[132.5921,35.2772],[132.5925,35.2774],[132.5924,35.277],[132.5921,35.2772]]],[[[132.5958,35.2762],[132.5958,35.2762],[132.5958,35.2762],[132.5958,35.2762]]],[[[132.5955,35.2763],[132.5954,35.2762],[132.5954,35.2762],[132.5955,35.2763]]],[[[132.5956,35.2763],[132.5956,35.2764],[132.5956,35.2763],[132.5956,35.2763]]],[[[132.5956,35.2764],[132.5956,35.2764],[132.5956,35.2764],[132.5956,35.2764]]],[[[132.5936,35.2764],[132.5934,35.2764],[132.5935,35.2765],[132.5936,35.2764]]],[[[132.595,35.2765],[132.5948,35.2765],[132.5949,35.2765],[132.595,35.2765]]],[[[132.5953,35.2766],[132.5952,35.2765],[132.5952,35.2765],[132.5953,35.2766]]],[[[132.5945,35.2766],[132.5944,35.2766],[132.5946,35.2767],[132.5945,35.2766]]],[[[132.5951,35.2767],[132.5952,35.2766],[132.5951,35.2766],[132.5951,35.2767]]],[[[132.5943,35.2767],[132.5943,35.2767],[132.5943,35.2767],[132.5943,35.2767]]],[[[132.5941,35.2767],[132.5941,35.2767],[132.5941,35.2767],[132.5941,35.2767]]],[[[132.5934,35.2775],[132.5933,35.2774],[132.5932,35.2774],[132.5934,35.2775]]],[[[132.5936,35.2775],[132.5935,35.2774],[132.5935,35.2775],[132.5936,35.2775]]],[[[132.5939,35.2774],[132.5938,35.2775],[132.5941,35.2776],[132.5939,35.2774]]],[[[132.5984,35.2789],[132.5988,35.279],[132.5988,35.2787],[132.5984,35.2789]]],[[[132.6016,35.279],[132.6016,35.279],[132.6016,35.279],[132.6016,35.279]]],[[[132.6016,35.2791],[132.6016,35.279],[132.6015,35.279],[132.6016,35.2791]]],[[[132.6073,35.2791],[132.6072,35.2791],[132.6072,35.2792],[132.6073,35.2791]]],[[[132.6077,35.2793],[132.6077,35.2793],[132.6075,35.2792],[132.6077,35.2793]]],[[[132.6079,35.2793],[132.6079,35.2793],[132.6078,35.2793],[132.6079,35.2793]]],[[[132.6047,35.2798],[132.6047,35.2797],[132.6047,35.2798],[132.6047,35.2798]]],[[[132.6046,35.2798],[132.6046,35.2798],[132.6047,35.2798],[132.6046,35.2798]]],[[[132.6054,35.2799],[132.6054,35.2799],[132.6054,35.2799],[132.6054,35.2799]]],[[[132.6054,35.2799],[132.6054,35.28],[132.6055,35.2798],[132.6054,35.2799]]],[[[132.6052,35.2799],[132.6052,35.28],[132.6053,35.2799],[132.6052,35.2799]]],[[[132.6054,35.28],[132.6054,35.2799],[132.6053,35.2799],[132.6054,35.28]]],[[[132.606,35.28],[132.6059,35.2799],[132.6058,35.28],[132.606,35.28]]],[[[132.606,35.2801],[132.606,35.28],[132.606,35.28],[132.606,35.2801]]],[[[132.606,35.2801],[132.6059,35.2801],[132.606,35.2801],[132.606,35.2801]]],[[[132.6193,35.2838],[132.6192,35.2837],[132.6191,35.2839],[132.6193,35.2838]]],[[[132.6217,35.2852],[132.6217,35.2852],[132.6217,35.2851],[132.6217,35.2852]]],[[[132.6222,35.2854],[132.6223,35.2853],[132.6222,35.2853],[132.6222,35.2854]]],[[[132.6225,35.4187],[132.6224,35.4186],[132.6224,35.4191],[132.6225,35.4187]]],[[[132.6219,35.419],[132.6218,35.4189],[132.6216,35.419],[132.6219,35.419]]],[[[132.6226,35.4192],[132.6226,35.4194],[132.6228,35.4193],[132.6226,35.4192]]],[[[132.6229,35.4193],[132.6229,35.4193],[132.6229,35.4193],[132.6229,35.4193]]],[[[132.623,35.4195],[132.623,35.4196],[132.6231,35.4195],[132.623,35.4195]]],[[[132.623,35.4199],[132.623,35.42],[132.6231,35.42],[132.623,35.4199]]],[[[132.6233,35.4201],[132.6234,35.4201],[132.6233,35.42],[132.6233,35.4201]]],[[[132.6231,35.4202],[132.6231,35.4201],[132.6228,35.4201],[132.6231,35.4202]]],[[[132.6219,35.4208],[132.6217,35.421],[132.6221,35.4211],[132.6219,35.4208]]],[[[132.6228,35.421],[132.6228,35.4209],[132.6228,35.421],[132.6228,35.421]]],[[[132.6116,35.4216],[132.6116,35.4216],[132.6115,35.4216],[132.6116,35.4216]]],[[[132.6105,35.4213],[132.6096,35.4218],[132.6099,35.4219],[132.6105,35.4213]]],[[[132.6221,35.4223],[132.6222,35.4223],[132.6222,35.4222],[132.6221,35.4223]]],[[[132.623,35.4226],[132.6236,35.4224],[132.6235,35.4223],[132.623,35.4226]]],[[[132.6226,35.4226],[132.6223,35.4224],[132.6223,35.4225],[132.6226,35.4226]]],[[[132.6214,35.4225],[132.6214,35.4227],[132.6216,35.4224],[132.6214,35.4225]]],[[[132.6227,35.4227],[132.6227,35.4228],[132.6228,35.4228],[132.6227,35.4227]]],[[[132.623,35.4234],[132.6231,35.4234],[132.6231,35.4233],[132.623,35.4234]]],[[[132.6232,35.4235],[132.6233,35.4235],[132.6233,35.4234],[132.6232,35.4235]]],[[[132.6236,35.4235],[132.6236,35.4236],[132.6236,35.4236],[132.6236,35.4235]]],[[[132.6237,35.4237],[132.6238,35.4236],[132.6238,35.4236],[132.6237,35.4237]]],[[[132.6238,35.4245],[132.6238,35.4245],[132.6236,35.4246],[132.6238,35.4245]]],[[[132.6234,35.4248],[132.6234,35.4249],[132.6234,35.4249],[132.6234,35.4248]]],[[[132.6381,35.4159],[132.6388,35.4161],[132.6387,35.4158],[132.6381,35.4159]]],[[[132.6323,35.4168],[132.6325,35.4168],[132.6324,35.4166],[132.6323,35.4168]]],[[[132.6299,35.4171],[132.63,35.417],[132.63,35.417],[132.6299,35.4171]]],[[[132.6372,35.4177],[132.6372,35.4177],[132.6372,35.4176],[132.6372,35.4177]]],[[[132.6246,35.4235],[132.6246,35.4233],[132.6246,35.4235],[132.6246,35.4235]]],[[[132.624,35.4235],[132.6241,35.4235],[132.6241,35.4234],[132.624,35.4235]]],[[[132.6245,35.4237],[132.6245,35.4237],[132.6245,35.4236],[132.6245,35.4237]]],[[[132.625,35.4237],[132.625,35.4238],[132.6251,35.4238],[132.625,35.4237]]],[[[132.6249,35.424],[132.6249,35.424],[132.625,35.4239],[132.6249,35.424]]],[[[132.6239,35.4246],[132.624,35.4247],[132.624,35.4247],[132.6239,35.4246]]],[[[132.6241,35.4256],[132.6241,35.4255],[132.624,35.4255],[132.6241,35.4256]]],[[[132.6239,35.4256],[132.6239,35.4257],[132.624,35.4257],[132.6239,35.4256]]],[[[132.6246,35.4258],[132.6246,35.4257],[132.6244,35.4258],[132.6246,35.4258]]],[[[132.6256,35.4269],[132.6257,35.4269],[132.6257,35.4268],[132.6256,35.4269]]],[[[132.6257,35.4269],[132.6255,35.427],[132.6257,35.427],[132.6257,35.4269]]],[[[132.6259,35.427],[132.6259,35.4271],[132.6259,35.4271],[132.6259,35.427]]],[[[132.6253,35.4271],[132.6252,35.4272],[132.6254,35.4272],[132.6253,35.4271]]],[[[132.6247,35.4274],[132.6249,35.4272],[132.6248,35.4272],[132.6247,35.4274]]],[[[132.6257,35.4274],[132.6257,35.4273],[132.6254,35.4273],[132.6257,35.4274]]],[[[132.6248,35.4277],[132.6247,35.4277],[132.6248,35.4278],[132.6248,35.4277]]],[[[132.6262,35.4279],[132.6265,35.4278],[132.6263,35.4277],[132.6262,35.4279]]],[[[132.6267,35.4287],[132.6271,35.4299],[132.6271,35.4291],[132.6267,35.4287]]],[[[132.6262,35.4302],[132.6262,35.4303],[132.6263,35.4302],[132.6262,35.4302]]],[[[132.6272,35.43],[132.6278,35.4307],[132.6277,35.4303],[132.6272,35.43]]],[[[132.6253,35.4303],[132.6251,35.4303],[132.6252,35.4305],[132.6253,35.4303]]],[[[132.6265,35.4309],[132.6271,35.4301],[132.6263,35.4305],[132.6265,35.4309]]],[[[132.6258,35.4304],[132.6255,35.431],[132.6259,35.4311],[132.6258,35.4304]]],[[[132.6259,35.4312],[132.6258,35.4313],[132.6259,35.4314],[132.6259,35.4312]]],[[[132.6255,35.4315],[132.6256,35.4315],[132.6255,35.4314],[132.6255,35.4315]]],[[[132.6274,35.432],[132.6273,35.432],[132.6273,35.4321],[132.6274,35.432]]],[[[132.6251,35.4322],[132.6251,35.4323],[132.6252,35.4323],[132.6251,35.4322]]],[[[132.6271,35.4324],[132.6272,35.4324],[132.6271,35.4323],[132.6271,35.4324]]],[[[132.6268,35.4327],[132.6269,35.4327],[132.6269,35.4326],[132.6268,35.4327]]],[[[132.627,35.4327],[132.6271,35.4328],[132.6271,35.4328],[132.627,35.4327]]],[[[132.627,35.4329],[132.627,35.4329],[132.627,35.4328],[132.627,35.4329]]],[[[132.6371,35.4331],[132.6374,35.4331],[132.6374,35.433],[132.6371,35.4331]]],[[[132.6271,35.4333],[132.6271,35.4334],[132.6272,35.4334],[132.6271,35.4333]]],[[[132.6276,35.4337],[132.6275,35.4333],[132.6273,35.4338],[132.6276,35.4337]]],[[[132.6344,35.4338],[132.6344,35.434],[132.6345,35.4339],[132.6344,35.4338]]],[[[132.6328,35.434],[132.6327,35.4339],[132.6327,35.4339],[132.6328,35.434]]],[[[132.6356,35.434],[132.6354,35.434],[132.6356,35.4341],[132.6356,35.434]]],[[[132.6327,35.4344],[132.6328,35.4343],[132.6326,35.4343],[132.6327,35.4344]]],[[[132.635,35.4342],[132.6349,35.4344],[132.6355,35.4346],[132.635,35.4342]]],[[[132.6331,35.4343],[132.6331,35.4343],[132.6332,35.4347],[132.6331,35.4343]]],[[[132.6334,35.4346],[132.6334,35.4346],[132.6335,35.4346],[132.6334,35.4346]]],[[[132.6281,35.4346],[132.6282,35.4347],[132.6283,35.4346],[132.6281,35.4346]]],[[[132.6333,35.4348],[132.6334,35.4348],[132.6333,35.4347],[132.6333,35.4348]]],[[[132.6373,35.4351],[132.6381,35.4352],[132.6381,35.435],[132.6373,35.4351]]],[[[132.6337,35.435],[132.6339,35.4352],[132.634,35.435],[132.6337,35.435]]],[[[132.6288,35.4352],[132.6289,35.4352],[132.6288,35.4351],[132.6288,35.4352]]],[[[132.6336,35.4353],[132.6336,35.4355],[132.6337,35.4354],[132.6336,35.4353]]],[[[132.6309,35.4354],[132.6309,35.4356],[132.6316,35.4356],[132.6309,35.4354]]],[[[132.6342,35.4355],[132.6341,35.4356],[132.6342,35.4355],[132.6342,35.4355]]],[[[132.633,35.4356],[132.6328,35.436],[132.6332,35.4361],[132.633,35.4356]]],[[[132.6376,35.4375],[132.638,35.4376],[132.6381,35.4371],[132.6376,35.4375]]],[[[132.6627,35.4002],[132.6608,35.4025],[132.6621,35.4012],[132.6627,35.4002]]],[[[132.6628,35.4013],[132.6627,35.4013],[132.6625,35.4035],[132.6628,35.4013]]],[[[132.6611,35.4072],[132.661,35.4072],[132.661,35.4073],[132.6611,35.4072]]],[[[132.6581,35.4084],[132.6582,35.4085],[132.6581,35.4083],[132.6581,35.4084]]],[[[132.6583,35.4087],[132.6583,35.4087],[132.6583,35.4088],[132.6583,35.4087]]],[[[132.658,35.4091],[132.6581,35.4091],[132.6581,35.409],[132.658,35.4091]]],[[[132.6579,35.4091],[132.6579,35.4091],[132.658,35.4091],[132.6579,35.4091]]],[[[132.6581,35.4091],[132.658,35.4091],[132.6581,35.4092],[132.6581,35.4091]]],[[[132.6579,35.4092],[132.6579,35.4092],[132.658,35.4092],[132.6579,35.4092]]],[[[132.6576,35.4094],[132.6576,35.4094],[132.6576,35.4093],[132.6576,35.4094]]],[[[132.6574,35.4097],[132.6573,35.4097],[132.6573,35.4097],[132.6574,35.4097]]],[[[132.6465,35.4106],[132.647,35.4106],[132.6469,35.4103],[132.6465,35.4106]]],[[[132.6511,35.4106],[132.6513,35.4107],[132.6511,35.4106],[132.6511,35.4106]]],[[[132.648,35.4109],[132.6481,35.4108],[132.6477,35.4106],[132.648,35.4109]]],[[[132.6463,35.4122],[132.6465,35.4121],[132.6465,35.4121],[132.6463,35.4122]]],[[[132.6472,35.4122],[132.6476,35.4126],[132.6476,35.4123],[132.6472,35.4122]]],[[[132.6479,35.4124],[132.6478,35.4125],[132.6479,35.4125],[132.6479,35.4124]]],[[[132.6452,35.4139],[132.6453,35.4138],[132.6452,35.4138],[132.6452,35.4139]]],[[[132.6457,35.414],[132.6454,35.414],[132.6457,35.4141],[132.6457,35.414]]],[[[132.6449,35.4142],[132.6449,35.4142],[132.6451,35.4143],[132.6449,35.4142]]],[[[132.6455,35.4147],[132.6456,35.4146],[132.6455,35.4145],[132.6455,35.4147]]],[[[132.6445,35.4153],[132.6448,35.4155],[132.6446,35.4152],[132.6445,35.4153]]],[[[132.6416,35.4154],[132.6415,35.4155],[132.6416,35.4155],[132.6416,35.4154]]],[[[132.6407,35.4159],[132.6407,35.4157],[132.6403,35.4157],[132.6407,35.4159]]],[[[132.644,35.4159],[132.6439,35.4158],[132.6439,35.4159],[132.644,35.4159]]],[[[132.642,35.4159],[132.6421,35.416],[132.6422,35.4159],[132.642,35.4159]]],[[[132.6418,35.4162],[132.6418,35.4163],[132.6418,35.4163],[132.6418,35.4162]]],[[[132.6386,35.4174],[132.6386,35.4173],[132.6385,35.4174],[132.6386,35.4174]]],[[[132.6389,35.4174],[132.6387,35.4174],[132.6388,35.4174],[132.6389,35.4174]]],[[[132.6383,35.434],[132.6399,35.4329],[132.6383,35.432],[132.6377,35.4338],[132.6383,35.434]]],[[[132.6397,35.4339],[132.6401,35.434],[132.6401,35.4339],[132.6397,35.4339]]],[[[132.6403,35.4342],[132.6401,35.4342],[132.6402,35.4344],[132.6403,35.4342]]],[[[132.6404,35.4343],[132.6403,35.4344],[132.6404,35.4345],[132.6404,35.4343]]],[[[132.6387,35.4348],[132.6388,35.4348],[132.6388,35.4348],[132.6387,35.4348]]],[[[132.6389,35.435],[132.639,35.4351],[132.6391,35.4351],[132.6389,35.435]]],[[[132.6415,35.4352],[132.6419,35.4352],[132.6419,35.4351],[132.6415,35.4352]]],[[[132.6417,35.4356],[132.6416,35.4357],[132.6418,35.4357],[132.6417,35.4356]]],[[[132.6389,35.4365],[132.6387,35.4365],[132.6387,35.4367],[132.6389,35.4365]]],[[[132.6469,35.44],[132.6467,35.4396],[132.6466,35.4397],[132.6469,35.44]]],[[[132.6525,35.4404],[132.6523,35.4404],[132.6524,35.4408],[132.6525,35.4404]]],[[[132.6529,35.4411],[132.6529,35.441],[132.6528,35.441],[132.6529,35.4411]]],[[[132.645,35.4418],[132.6449,35.4419],[132.6449,35.4419],[132.645,35.4418]]],[[[132.6536,35.442],[132.6537,35.4419],[132.6534,35.4418],[132.6536,35.442]]],[[[132.6428,35.4419],[132.6427,35.442],[132.6429,35.442],[132.6428,35.4419]]],[[[132.6528,35.4422],[132.653,35.442],[132.6527,35.442],[132.6528,35.4422]]],[[[132.6565,35.4421],[132.6558,35.4405],[132.6541,35.443],[132.6549,35.4441],[132.6556,35.4428],[132.6565,35.4421]]],[[[132.6426,35.4423],[132.6426,35.4423],[132.6427,35.4423],[132.6426,35.4423]]],[[[132.653,35.4424],[132.6528,35.4424],[132.6529,35.4425],[132.653,35.4424]]],[[[132.6581,35.443],[132.6578,35.4428],[132.658,35.4433],[132.6581,35.443]]],[[[132.6559,35.4431],[132.6562,35.4433],[132.6564,35.443],[132.6559,35.4431]]],[[[132.6528,35.4439],[132.6527,35.444],[132.6528,35.444],[132.6528,35.4439]]],[[[132.6602,35.4441],[132.6603,35.4441],[132.6602,35.4439],[132.6602,35.4441]]],[[[132.6627,35.444],[132.6625,35.4442],[132.6627,35.4446],[132.6627,35.444]]],[[[132.6606,35.4447],[132.6605,35.4447],[132.6606,35.4448],[132.6606,35.4447]]],[[[132.6607,35.4459],[132.6608,35.4461],[132.6608,35.4459],[132.6607,35.4459]]],[[[132.6649,35.4022],[132.6649,35.4021],[132.6646,35.4021],[132.6649,35.4022]]],[[[132.6641,35.4035],[132.6642,35.4026],[132.6641,35.4026],[132.6641,35.4035]]],[[[132.6651,35.4035],[132.6652,35.4036],[132.6655,35.4032],[132.6651,35.4035]]],[[[132.6638,35.4034],[132.6635,35.4035],[132.6638,35.4036],[132.6638,35.4034]]],[[[132.6632,35.4036],[132.6633,35.4036],[132.6632,35.4035],[132.6632,35.4036]]],[[[132.6633,35.4036],[132.6635,35.4037],[132.6636,35.4036],[132.6633,35.4036]]],[[[132.6631,35.4039],[132.6634,35.4038],[132.6633,35.4037],[132.6631,35.4039]]],[[[132.6638,35.4042],[132.6638,35.4042],[132.6637,35.4042],[132.6638,35.4042]]],[[[132.6635,35.4042],[132.6635,35.4042],[132.6635,35.4042],[132.6635,35.4042]]],[[[132.6865,35.4417],[132.6865,35.4413],[132.6865,35.4413],[132.6865,35.4417]]],[[[132.7061,35.443],[132.7063,35.4431],[132.7061,35.4426],[132.7061,35.443]]],[[[132.7047,35.4442],[132.7047,35.4442],[132.7047,35.4441],[132.7047,35.4442]]],[[[132.6645,35.4451],[132.6647,35.4451],[132.6641,35.4444],[132.6645,35.4451]]],[[[132.7192,35.4448],[132.7192,35.4448],[132.7191,35.4448],[132.7192,35.4448]]],[[[132.6864,35.4452],[132.6865,35.4453],[132.6865,35.4452],[132.6864,35.4452]]],[[[132.6649,35.4454],[132.6648,35.4452],[132.6646,35.4453],[132.6649,35.4454]]],[[[132.7204,35.4456],[132.7205,35.4456],[132.7201,35.4455],[132.7204,35.4456]]],[[[132.6862,35.4458],[132.6863,35.4458],[132.6862,35.4458],[132.6862,35.4458]]],[[[132.6861,35.4459],[132.6861,35.4459],[132.6862,35.4459],[132.6861,35.4459]]],[[[132.683,35.4465],[132.6832,35.4464],[132.6832,35.4464],[132.683,35.4465]]],[[[132.7267,35.4465],[132.7266,35.4465],[132.7267,35.4465],[132.7267,35.4465]]],[[[132.7265,35.4466],[132.7265,35.4465],[132.7265,35.4465],[132.7265,35.4466]]],[[[132.6848,35.4465],[132.685,35.4464],[132.6839,35.4467],[132.6848,35.4465]]],[[[132.6713,35.4468],[132.6716,35.4468],[132.6722,35.4463],[132.6713,35.4468]]],[[[132.7268,35.4467],[132.7268,35.4467],[132.7268,35.4467],[132.7268,35.4467]]],[[[132.6706,35.4468],[132.6709,35.447],[132.671,35.4464],[132.6706,35.4468]]],[[[132.7265,35.4467],[132.7265,35.4467],[132.7265,35.4467],[132.7265,35.4467]]],[[[132.7269,35.4468],[132.7269,35.4468],[132.7269,35.4468],[132.7269,35.4468]]],[[[132.7208,35.4466],[132.719,35.4467],[132.72,35.447],[132.7208,35.4466]]],[[[132.725,35.4469],[132.725,35.4468],[132.7249,35.4469],[132.725,35.4469]]],[[[132.7252,35.4468],[132.725,35.4468],[132.7251,35.447],[132.7252,35.4468]]],[[[132.6829,35.4466],[132.6825,35.4471],[132.6833,35.4473],[132.6829,35.4466]]],[[[132.7204,35.447],[132.7206,35.447],[132.7207,35.447],[132.7204,35.447]]],[[[132.6845,35.4472],[132.6846,35.4471],[132.6845,35.4469],[132.6845,35.4472]]],[[[132.7229,35.447],[132.7229,35.4471],[132.7233,35.4471],[132.7229,35.447]]],[[[132.6851,35.4472],[132.6847,35.4471],[132.6849,35.4473],[132.6851,35.4472]]],[[[132.6851,35.4475],[132.685,35.4474],[132.6849,35.4475],[132.6851,35.4475]]],[[[132.6847,35.4475],[132.6846,35.4475],[132.6847,35.4475],[132.6847,35.4475]]],[[[132.6846,35.4477],[132.6846,35.4477],[132.6845,35.4476],[132.6846,35.4477]]],[[[132.6925,35.4496],[132.6924,35.4497],[132.6924,35.4497],[132.6925,35.4496]]],[[[132.6928,35.4506],[132.6929,35.4505],[132.6928,35.4505],[132.6928,35.4506]]],[[[132.6965,35.4507],[132.6966,35.4507],[132.6966,35.4506],[132.6965,35.4507]]],[[[132.6834,35.4506],[132.6833,35.4506],[132.6834,35.4507],[132.6834,35.4506]]],[[[132.6872,35.4507],[132.6872,35.4508],[132.6872,35.4509],[132.6872,35.4507]]],[[[132.6875,35.4512],[132.6876,35.4511],[132.6874,35.451],[132.6875,35.4512]]],[[[132.6883,35.4511],[132.6883,35.4512],[132.6884,35.4512],[132.6883,35.4511]]],[[[132.6896,35.4513],[132.6897,35.4513],[132.6897,35.4513],[132.6896,35.4513]]],[[[132.6891,35.4514],[132.6892,35.4514],[132.6892,35.4513],[132.6891,35.4514]]],[[[132.6844,35.4515],[132.6844,35.4514],[132.6843,35.4514],[132.6844,35.4515]]],[[[132.6884,35.4518],[132.6888,35.4515],[132.6885,35.4514],[132.6884,35.4518]]],[[[132.689,35.4518],[132.6892,35.4517],[132.689,35.4517],[132.689,35.4518]]],[[[132.6854,35.4517],[132.6851,35.4522],[132.6855,35.4522],[132.6854,35.4517]]],[[[132.6837,35.4517],[132.6851,35.4527],[132.6846,35.452],[132.6837,35.4517]]],[[[132.7264,35.4704],[132.7267,35.4705],[132.7268,35.47],[132.7264,35.4704]]],[[[132.7272,35.4706],[132.7268,35.4709],[132.7269,35.471],[132.7272,35.4706]]],[[[132.9054,35.489],[132.9069,35.4837],[132.9084,35.4828],[132.9077,35.4801],[132.9099,35.4757],[132.9117,35.4746],[132.91,35.4714],[132.9113,35.4672],[132.9125,35.465],[132.9344,35.4454],[132.9304,35.4346],[132.8953,35.4117],[132.8878,35.4029],[132.8766,35.3997],[132.8749,35.3979],[132.8767,35.3957],[132.8755,35.3942],[132.877,35.393],[132.8761,35.39],[132.8768,35.3865],[132.8802,35.3862],[132.8808,35.3872],[132.8849,35.3806],[132.8819,35.3764],[132.8831,35.3741],[132.8791,35.3707],[132.8861,35.3668],[132.8796,35.3646],[132.8731,35.3641],[132.8708,35.3623],[132.8715,35.3608],[132.8678,35.3564],[132.8679,35.3545],[132.864,35.3535],[132.8688,35.3476],[132.8695,35.3442],[132.8691,35.3433],[132.8667,35.3433],[132.8631,35.34],[132.8716,35.3316],[132.8693,35.3303],[132.8678,35.3274],[132.8683,35.3242],[132.8657,35.3246],[132.863,35.3218],[132.8614,35.3218],[132.8603,35.3233],[132.8579,35.3198],[132.8541,35.3192],[132.8535,35.3181],[132.8512,35.3208],[132.848,35.3161],[132.8404,35.3189],[132.839,35.3171],[132.8398,35.3162],[132.8365,35.3127],[132.8406,35.31],[132.8401,35.3047],[132.8421,35.3028],[132.8425,35.2984],[132.8312,35.2974],[132.8263,35.3001],[132.818,35.2978],[132.8149,35.2977],[132.8132,35.299],[132.8126,35.2976],[132.8105,35.2967],[132.8144,35.2943],[132.8142,35.2924],[132.8159,35.2909],[132.8154,35.2899],[132.8137,35.2888],[132.8022,35.2873],[132.8019,35.2859],[132.8002,35.285],[132.8014,35.2838],[132.7993,35.2809],[132.7965,35.2805],[132.7957,35.2814],[132.7956,35.2766],[132.794,35.2743],[132.7946,35.2729],[132.7924,35.2687],[132.7908,35.2679],[132.7904,35.2655],[132.787,35.2627],[132.7864,35.2603],[132.7871,35.2585],[132.7913,35.2567],[132.7935,35.2539],[132.7923,35.2465],[132.79,35.2449],[132.7852,35.244],[132.7816,35.2408],[132.7812,35.236],[132.7764,35.2303],[132.7669,35.2278],[132.7638,35.2255],[132.7627,35.2169],[132.7669,35.2154],[132.7637,35.2048],[132.7641,35.2003],[132.7622,35.1979],[132.7568,35.1967],[132.7567,35.1947],[132.7496,35.1828],[132.7416,35.1825],[132.7392,35.1771],[132.737,35.1752],[132.741,35.169],[132.7342,35.1686],[132.7303,35.1719],[132.7261,35.1702],[132.72,35.172],[132.7109,35.1678],[132.7098,35.1616],[132.7031,35.1634],[132.6986,35.1606],[132.6951,35.16],[132.6932,35.1618],[132.6901,35.1622],[132.691,35.1683],[132.6883,35.1705],[132.6847,35.1703],[132.6834,35.1717],[132.6746,35.1746],[132.6702,35.171],[132.6663,35.1705],[132.6681,35.1765],[132.6653,35.1814],[132.6666,35.1831],[132.6664,35.1858],[132.6631,35.1886],[132.6638,35.1893],[132.6628,35.1913],[132.6608,35.192],[132.6616,35.1944],[132.66,35.1964],[132.6597,35.1996],[132.6573,35.2002],[132.6547,35.2026],[132.6555,35.2049],[132.6534,35.2055],[132.6526,35.2047],[132.6502,35.2068],[132.6508,35.208],[132.649,35.2109],[132.64,35.2082],[132.6389,35.2054],[132.6416,35.2025],[132.6416,35.2004],[132.6397,35.2022],[132.6351,35.2026],[132.6343,35.2035],[132.6334,35.2023],[132.6312,35.2019],[132.6303,35.2035],[132.6282,35.2038],[132.6282,35.207],[132.6263,35.2088],[132.6232,35.2081],[132.6191,35.2099],[132.6178,35.2094],[132.6151,35.2133],[132.6096,35.212],[132.6085,35.2174],[132.6004,35.2172],[132.5977,35.2192],[132.5982,35.2216],[132.5946,35.2226],[132.5935,35.2246],[132.5924,35.2243],[132.5926,35.2261],[132.5909,35.2252],[132.59,35.2279],[132.5878,35.2273],[132.5869,35.2288],[132.5854,35.2287],[132.5817,35.2317],[132.5817,35.2332],[132.5798,35.2341],[132.58,35.2367],[132.5846,35.2465],[132.581,35.2502],[132.5812,35.2551],[132.5798,35.2573],[132.5794,35.264],[132.5766,35.2651],[132.5759,35.2726],[132.5765,35.2718],[132.5764,35.2726],[132.577,35.272],[132.5791,35.2719],[132.5815,35.2739],[132.5797,35.2722],[132.5809,35.2713],[132.5828,35.2723],[132.5816,35.2731],[132.5839,35.2727],[132.5856,35.274],[132.5862,35.2756],[132.5968,35.2758],[132.602,35.2789],[132.5997,35.2773],[132.6022,35.2784],[132.6026,35.2775],[132.6043,35.2776],[132.6149,35.2815],[132.6152,35.2807],[132.6159,35.2816],[132.6149,35.2818],[132.6171,35.2823],[132.6148,35.2822],[132.6203,35.2834],[132.629,35.2882],[132.6368,35.2958],[132.6388,35.2993],[132.6435,35.3022],[132.656,35.3189],[132.6635,35.3334],[132.6645,35.3363],[132.6635,35.3383],[132.6647,35.3363],[132.6649,35.3364],[132.6644,35.338],[132.6676,35.3434],[132.6717,35.3565],[132.6747,35.3725],[132.6749,35.3869],[132.6743,35.3902],[132.6731,35.3911],[132.6726,35.3993],[132.6687,35.4029],[132.6663,35.4019],[132.6657,35.4005],[132.664,35.401],[132.6645,35.4021],[132.6641,35.4011],[132.6652,35.4008],[132.6654,35.4021],[132.6672,35.4026],[132.6665,35.4036],[132.6636,35.4037],[132.664,35.4043],[132.6619,35.4053],[132.6626,35.4059],[132.6606,35.4082],[132.6584,35.4081],[132.6584,35.4087],[132.658,35.4094],[132.6565,35.4105],[132.6498,35.4109],[132.6481,35.4121],[132.648,35.4138],[132.646,35.414],[132.6447,35.4162],[132.643,35.4157],[132.6416,35.4164],[132.64,35.416],[132.6394,35.4176],[132.6367,35.4178],[132.6356,35.4191],[132.6309,35.4185],[132.6308,35.4172],[132.6288,35.4183],[132.628,35.4174],[132.6232,35.4182],[132.6227,35.419],[132.6241,35.4203],[132.6233,35.4217],[132.6246,35.4221],[132.6234,35.4231],[132.6248,35.423],[132.6255,35.4237],[132.6237,35.4253],[132.6266,35.4259],[132.6259,35.4276],[132.6278,35.4275],[132.6283,35.4285],[132.6273,35.4292],[132.6283,35.4309],[132.6274,35.4316],[132.6277,35.4338],[132.6312,35.4351],[132.632,35.4332],[132.6342,35.434],[132.6334,35.4326],[132.6344,35.4318],[132.637,35.4327],[132.6383,35.4311],[132.6417,35.4313],[132.641,35.4323],[132.6424,35.4331],[132.6404,35.4338],[132.6416,35.4338],[132.6413,35.4346],[132.6436,35.434],[132.644,35.4348],[132.6455,35.4329],[132.6462,35.4332],[132.6454,35.4352],[132.6469,35.4343],[132.6465,35.4353],[132.6477,35.4355],[132.6456,35.4362],[132.6465,35.4373],[132.6415,35.4395],[132.6419,35.4414],[132.6429,35.4404],[132.6428,35.4417],[132.6435,35.4402],[132.6432,35.4412],[132.6442,35.4403],[132.6446,35.4417],[132.6471,35.439],[132.6465,35.4385],[132.6505,35.4379],[132.6484,35.4393],[132.6505,35.4414],[132.6513,35.4387],[132.6537,35.4393],[132.6528,35.4399],[132.6533,35.4415],[132.6553,35.4401],[132.6575,35.4417],[132.6594,35.4404],[132.6583,35.442],[132.6586,35.4448],[132.6597,35.4434],[132.6596,35.4449],[132.6603,35.4434],[132.6613,35.4447],[132.6611,35.4413],[132.6618,35.4438],[132.6628,35.4433],[132.6651,35.4448],[132.6647,35.4399],[132.6653,35.4391],[132.6656,35.4428],[132.667,35.4426],[132.6685,35.4402],[132.6688,35.4423],[132.6672,35.444],[132.6703,35.4449],[132.6713,35.4438],[132.6713,35.445],[132.6733,35.4448],[132.6714,35.4459],[132.6727,35.4459],[132.6753,35.4478],[132.679,35.4473],[132.6793,35.4456],[132.6776,35.4442],[132.6783,35.4431],[132.6796,35.4447],[132.6821,35.4431],[132.6837,35.4442],[132.6844,35.441],[132.6866,35.4406],[132.6879,35.4416],[132.6864,35.4422],[132.688,35.4431],[132.6865,35.4437],[132.6869,35.4452],[132.6863,35.4462],[132.6853,35.4464],[132.6854,35.4477],[132.6847,35.449],[132.6831,35.4496],[132.6848,35.4517],[132.6858,35.4504],[132.6895,35.4509],[132.6914,35.449],[132.6925,35.4493],[132.6936,35.4506],[132.6967,35.4505],[132.6982,35.4485],[132.7014,35.4486],[132.7019,35.4464],[132.7048,35.4469],[132.7025,35.4444],[132.7034,35.4446],[132.7055,35.4421],[132.7089,35.4428],[132.7098,35.4413],[132.7108,35.4425],[132.7156,35.443],[132.7188,35.4444],[132.7222,35.4466],[132.7217,35.4466],[132.7235,35.4471],[132.7263,35.4464],[132.7364,35.4462],[132.7434,35.4472],[132.7465,35.4485],[132.7468,35.4519],[132.7491,35.4507],[132.7487,35.4497],[132.7506,35.4498],[132.7501,35.4475],[132.7534,35.4476],[132.7577,35.4505],[132.7567,35.4509],[132.7575,35.4521],[132.7562,35.4526],[132.7544,35.4517],[132.7567,35.4561],[132.759,35.4554],[132.7592,35.4565],[132.7558,35.4562],[132.7488,35.4602],[132.7491,35.4579],[132.7477,35.4567],[132.7487,35.4603],[132.7473,35.4613],[132.7355,35.4665],[132.7302,35.4677],[132.7268,35.4706],[132.7277,35.4701],[132.729,35.4708],[132.7315,35.4693],[132.7344,35.4698],[132.7344,35.4709],[132.7353,35.4708],[132.736,35.4716],[132.7379,35.4702],[132.7406,35.4708],[132.7428,35.4725],[132.746,35.4716],[132.7498,35.4744],[132.7519,35.474],[132.7519,35.4752],[132.7539,35.4766],[132.7561,35.4771],[132.7543,35.4762],[132.7584,35.4753],[132.7631,35.4775],[132.7716,35.478],[132.7754,35.4793],[132.7752,35.4806],[132.7772,35.48],[132.7779,35.4804],[132.7796,35.4807],[132.7771,35.4798],[132.7797,35.4789],[132.7798,35.4788],[132.783,35.4808],[132.7901,35.4813],[132.7912,35.483],[132.7936,35.4829],[132.7948,35.4843],[132.8006,35.4835],[132.8024,35.4861],[132.8016,35.4885],[132.8049,35.4901],[132.8071,35.4935],[132.8093,35.4933],[132.8131,35.4972],[132.8167,35.4986],[132.8177,35.4971],[132.8242,35.4983],[132.825,35.4982],[132.8242,35.4982],[132.8236,35.4977],[132.8256,35.4971],[132.8257,35.4995],[132.8289,35.5029],[132.8305,35.5026],[132.8308,35.5034],[132.8299,35.504],[132.8317,35.5052],[132.8344,35.5044],[132.8363,35.5043],[132.8377,35.5048],[132.8397,35.5038],[132.8369,35.5043],[132.8376,35.503],[132.8399,35.5026],[132.8405,35.5033],[132.8398,35.5032],[132.8395,35.5033],[132.8416,35.5033],[132.8403,35.504],[132.8414,35.504],[132.8418,35.5031],[132.8476,35.5067],[132.8491,35.5063],[132.8502,35.5067],[132.8511,35.5074],[132.8528,35.5064],[132.8562,35.5101],[132.8575,35.5085],[132.8605,35.5073],[132.862,35.5106],[132.8649,35.5132],[132.8669,35.5131],[132.8673,35.512],[132.8696,35.5108],[132.8722,35.5104],[132.8759,35.5104],[132.8769,35.5101],[132.8809,35.5118],[132.8795,35.5107],[132.881,35.5113],[132.8845,35.5104],[132.8851,35.5109],[132.8865,35.5103],[132.8897,35.5105],[132.8964,35.5128],[132.9032,35.512],[132.9026,35.5084],[132.907,35.4998],[132.9049,35.4963],[132.9066,35.4918],[132.9054,35.489]]],[[[132.7284,35.4465],[132.7282,35.4465],[132.7282,35.4466],[132.7284,35.4465]]],[[[132.7278,35.4467],[132.7279,35.4466],[132.7279,35.4465],[132.7278,35.4467]]],[[[132.7271,35.4466],[132.7271,35.4466],[132.7271,35.4466],[132.7271,35.4466]]],[[[132.727,35.4467],[132.727,35.4467],[132.727,35.4467],[132.727,35.4467]]],[[[132.7444,35.4515],[132.7462,35.4545],[132.7465,35.4544],[132.7444,35.4515]]],[[[132.7537,35.4557],[132.7546,35.4551],[132.7531,35.4558],[132.7501,35.4566],[132.7537,35.4557]]],[[[132.7325,35.4667],[132.7326,35.4667],[132.7326,35.4666],[132.7325,35.4667]]],[[[132.7324,35.4668],[132.7324,35.4667],[132.7322,35.4668],[132.7324,35.4668]]],[[[132.734,35.4701],[132.734,35.47],[132.7338,35.4701],[132.734,35.4701]]],[[[132.7309,35.4702],[132.731,35.4701],[132.7309,35.4701],[132.7309,35.4702]]],[[[132.7329,35.4701],[132.7328,35.4703],[132.7329,35.4703],[132.7329,35.4701]]],[[[132.7327,35.4704],[132.7327,35.4704],[132.7328,35.4704],[132.7327,35.4704]]],[[[132.7333,35.4705],[132.7334,35.4704],[132.7333,35.4704],[132.7333,35.4705]]],[[[132.7325,35.4706],[132.7325,35.4706],[132.7325,35.4706],[132.7325,35.4706]]],[[[132.7322,35.4707],[132.7322,35.4708],[132.7322,35.4708],[132.7322,35.4707]]],[[[132.7352,35.4713],[132.735,35.4714],[132.7352,35.4714],[132.7352,35.4713]]],[[[132.741,35.4714],[132.741,35.4714],[132.7411,35.4714],[132.741,35.4714]]],[[[132.741,35.4716],[132.7408,35.4715],[132.7408,35.4717],[132.741,35.4716]]],[[[132.7401,35.4716],[132.7402,35.4717],[132.7402,35.4715],[132.7401,35.4716]]],[[[132.7388,35.4716],[132.7389,35.4717],[132.739,35.4716],[132.7388,35.4716]]],[[[132.7395,35.4716],[132.7394,35.4716],[132.7394,35.4717],[132.7395,35.4716]]],[[[132.7384,35.4717],[132.7384,35.4717],[132.7386,35.4717],[132.7384,35.4717]]],[[[132.7346,35.4716],[132.7344,35.4718],[132.7344,35.4718],[132.7346,35.4716]]],[[[132.7368,35.4717],[132.7368,35.4717],[132.7368,35.4718],[132.7368,35.4717]]],[[[132.7365,35.4719],[132.7366,35.4719],[132.7365,35.4718],[132.7365,35.4719]]],[[[132.7403,35.4719],[132.7404,35.472],[132.7404,35.4719],[132.7403,35.4719]]],[[[132.736,35.4721],[132.7362,35.4719],[132.7358,35.4719],[132.736,35.4721]]],[[[132.7399,35.4719],[132.7399,35.472],[132.7401,35.472],[132.7399,35.4719]]],[[[132.7385,35.472],[132.7385,35.4721],[132.7386,35.4721],[132.7385,35.472]]],[[[132.7345,35.4723],[132.7345,35.4722],[132.7344,35.4723],[132.7345,35.4723]]],[[[132.7417,35.4723],[132.7417,35.4724],[132.7417,35.4722],[132.7417,35.4723]]],[[[132.7417,35.4725],[132.7415,35.4725],[132.7415,35.4725],[132.7417,35.4725]]],[[[132.7441,35.4727],[132.7437,35.4729],[132.7442,35.4729],[132.7441,35.4727]]],[[[132.7472,35.4729],[132.7473,35.4729],[132.7472,35.4729],[132.7472,35.4729]]],[[[132.7466,35.4729],[132.7465,35.4729],[132.7468,35.473],[132.7466,35.4729]]],[[[132.7437,35.473],[132.7436,35.4732],[132.7448,35.4732],[132.7437,35.473]]],[[[132.7471,35.4732],[132.7471,35.4731],[132.7471,35.4731],[132.7471,35.4732]]],[[[132.7484,35.4744],[132.7486,35.4744],[132.7483,35.4742],[132.7484,35.4744]]],[[[132.7492,35.4745],[132.7488,35.4748],[132.7491,35.4748],[132.7492,35.4745]]],[[[132.7574,35.4761],[132.7574,35.4761],[132.7575,35.476],[132.7574,35.4761]]],[[[132.757,35.4763],[132.757,35.4764],[132.7571,35.4764],[132.757,35.4763]]],[[[132.7574,35.4764],[132.7573,35.4765],[132.7575,35.4765],[132.7574,35.4764]]],[[[132.7608,35.4766],[132.7608,35.4768],[132.7609,35.4766],[132.7608,35.4766]]],[[[132.7611,35.4767],[132.761,35.4768],[132.7611,35.4768],[132.7611,35.4767]]],[[[132.7537,35.4775],[132.7536,35.4776],[132.7536,35.4776],[132.7537,35.4775]]],[[[132.7542,35.4782],[132.754,35.478],[132.7535,35.4781],[132.7542,35.4782]]],[[[132.7513,35.4783],[132.7513,35.4783],[132.7514,35.4783],[132.7513,35.4783]]],[[[132.7765,35.4806],[132.7763,35.4805],[132.7763,35.4806],[132.7765,35.4806]]],[[[132.7752,35.4807],[132.7755,35.4807],[132.7752,35.4806],[132.7752,35.4807]]],[[[132.7911,35.4835],[132.7916,35.4832],[132.7911,35.4832],[132.7911,35.4835]]],[[[132.792,35.4835],[132.7921,35.4833],[132.7919,35.4832],[132.792,35.4835]]],[[[132.8111,35.4958],[132.8112,35.4958],[132.8111,35.4957],[132.8111,35.4958]]],[[[132.8207,35.4979],[132.8205,35.4978],[132.8204,35.4979],[132.8207,35.4979]]],[[[132.8164,35.4988],[132.8165,35.4988],[132.816,35.4986],[132.8164,35.4988]]],[[[132.8239,35.499],[132.8252,35.499],[132.8239,35.4988],[132.8239,35.499]]],[[[132.8305,35.5033],[132.8304,35.5033],[132.8304,35.5034],[132.8305,35.5033]]],[[[132.8307,35.5034],[132.8306,35.5035],[132.8306,35.5035],[132.8307,35.5034]]],[[[132.8366,35.5046],[132.8366,35.5048],[132.8367,35.5046],[132.8366,35.5046]]],[[[132.8356,35.5047],[132.8356,35.5048],[132.8357,35.5047],[132.8356,35.5047]]],[[[132.835,35.5047],[132.8349,35.5049],[132.835,35.5049],[132.835,35.5047]]],[[[132.8368,35.5048],[132.8369,35.505],[132.837,35.5048],[132.8368,35.5048]]],[[[132.8345,35.505],[132.8344,35.505],[132.8344,35.5051],[132.8345,35.505]]],[[[132.8391,35.5049],[132.84,35.5053],[132.8392,35.5048],[132.8391,35.5049]]],[[[132.8429,35.5053],[132.8428,35.5054],[132.843,35.5054],[132.8429,35.5053]]],[[[132.8314,35.5056],[132.8312,35.5056],[132.8313,35.5056],[132.8314,35.5056]]],[[[132.8501,35.5068],[132.8499,35.5068],[132.85,35.5069],[132.8501,35.5068]]],[[[132.8483,35.5068],[132.8484,35.507],[132.8484,35.5068],[132.8483,35.5068]]],[[[132.8528,35.5069],[132.8526,35.5069],[132.8526,35.507],[132.8528,35.5069]]],[[[132.8505,35.5073],[132.8503,35.5072],[132.8504,35.5075],[132.8505,35.5073]]],[[[132.8528,35.508],[132.8529,35.5081],[132.8531,35.508],[132.8528,35.508]]],[[[132.8531,35.5083],[132.853,35.5084],[132.8531,35.5084],[132.8531,35.5083]]],[[[132.8542,35.5084],[132.8541,35.5084],[132.8541,35.5084],[132.8542,35.5084]]],[[[132.8544,35.5085],[132.8545,35.5085],[132.8544,35.5084],[132.8544,35.5085]]],[[[132.8542,35.5086],[132.8544,35.5085],[132.8544,35.5085],[132.8542,35.5086]]],[[[132.8539,35.5086],[132.8535,35.5085],[132.8535,35.5086],[132.8539,35.5086]]],[[[132.8578,35.5086],[132.8577,35.5086],[132.8578,35.5087],[132.8578,35.5086]]],[[[132.8575,35.5088],[132.8575,35.5089],[132.8576,35.5089],[132.8575,35.5088]]],[[[132.8546,35.5097],[132.8544,35.5096],[132.8544,35.5097],[132.8546,35.5097]]],[[[132.8601,35.5097],[132.8602,35.5098],[132.8602,35.5097],[132.8601,35.5097]]],[[[132.8566,35.5098],[132.8567,35.5099],[132.8567,35.5098],[132.8566,35.5098]]],[[[132.8543,35.5098],[132.8542,35.5097],[132.8542,35.5099],[132.8543,35.5098]]],[[[132.8568,35.51],[132.8568,35.5099],[132.8568,35.51],[132.8568,35.51]]],[[[132.8545,35.5099],[132.8544,35.51],[132.8546,35.5101],[132.8545,35.5099]]],[[[132.8562,35.5102],[132.8561,35.5102],[132.8561,35.5103],[132.8562,35.5102]]],[[[132.8558,35.5102],[132.8559,35.5103],[132.8558,35.5102],[132.8558,35.5102]]],[[[132.8865,35.5104],[132.8865,35.5104],[132.8865,35.5104],[132.8865,35.5104]]],[[[132.856,35.5104],[132.8559,35.5104],[132.856,35.5105],[132.856,35.5104]]],[[[132.8725,35.5105],[132.8726,35.5107],[132.8726,35.5105],[132.8725,35.5105]]],[[[132.8873,35.5107],[132.8872,35.5108],[132.8873,35.5108],[132.8873,35.5107]]],[[[132.887,35.511],[132.8871,35.5111],[132.8871,35.511],[132.887,35.511]]],[[[132.871,35.5111],[132.8711,35.5111],[132.8711,35.511],[132.871,35.5111]]],[[[132.8856,35.5112],[132.8856,35.5111],[132.8856,35.511],[132.8856,35.5112]]],[[[132.8632,35.5119],[132.8634,35.512],[132.8634,35.5119],[132.8632,35.5119]]],[[[132.8683,35.5121],[132.8684,35.512],[132.8683,35.512],[132.8683,35.5121]]],[[[132.8673,35.5122],[132.8674,35.5123],[132.8675,35.5123],[132.8673,35.5122]]],[[[132.8673,35.5123],[132.8672,35.5123],[132.8672,35.5124],[132.8673,35.5123]]],[[[132.896,35.5127],[132.896,35.5126],[132.896,35.5127],[132.896,35.5127]]],[[[132.8999,35.5127],[132.8998,35.5127],[132.8999,35.5127],[132.8999,35.5127]]],[[[132.8652,35.5133],[132.865,35.5134],[132.8651,35.5134],[132.8652,35.5133]]],[[[132.8655,35.5134],[132.8655,35.5136],[132.8655,35.5134],[132.8655,35.5134]]],[[[132.8703,35.5135],[132.8703,35.5136],[132.8703,35.5136],[132.8703,35.5135]]],[[[132.8654,35.5136],[132.8652,35.5136],[132.8654,35.5137],[132.8654,35.5136]]],[[[132.8706,35.5137],[132.8704,35.5137],[132.8704,35.514],[132.8706,35.5137]]],[[[132.8656,35.514],[132.8657,35.5141],[132.8657,35.514],[132.8656,35.514]]],[[[132.8711,35.5145],[132.871,35.5145],[132.871,35.5146],[132.8711,35.5145]]],[[[132.8958,35.515],[132.8959,35.5151],[132.8959,35.515],[132.8958,35.515]]],[[[132.8952,35.5155],[132.8952,35.5155],[132.8953,35.5155],[132.8952,35.5155]]],[[[132.8951,35.5177],[132.8952,35.5177],[132.8952,35.5177],[132.8951,35.5177]]]]}},{"type":"Feature","properties":{"code":"32204","name":"益田市","pref_code":"32","pref":"島根県"},"geometry":{"type":"MultiPolygon","coordinates":[[[[131.7141,34.674],[131.714,34.6741],[131.7142,34.6741],[131.7141,34.674]]],[[[131.703,34.6745],[131.7032,34.674],[131.7032,34.674],[131.703,34.6745]]],[[[131.7067,34.6742],[131.7068,34.6743],[131.7068,34.6743],[131.7067,34.6742]]],[[[131.7137,34.6743],[131.7133,34.6743],[131.7136,34.6743],[131.7137,34.6743]]],[[[131.7068,34.6748],[131.7071,34.6748],[131.7069,34.6747],[131.7068,34.6748]]],[[[131.7266,34.675],[131.7262,34.6747],[131.7261,34.6749],[131.7266,34.675]]],[[[131.729,34.6752],[131.729,34.675],[131.7289,34.6751],[131.729,34.6752]]],[[[131.7085,34.6755],[131.7079,34.6749],[131.7077,34.675],[131.7085,34.6755]]],[[[131.7099,34.6755],[131.7101,34.6755],[131.7101,34.6755],[131.7099,34.6755]]],[[[131.7087,34.6755],[131.7091,34.6757],[131.7091,34.6755],[131.7087,34.6755]]],[[[131.7125,34.6758],[131.7125,34.6756],[131.7124,34.6756],[131.7125,34.6758]]],[[[131.7103,34.6757],[131.7105,34.6758],[131.7104,34.6756],[131.7103,34.6757]]],[[[131.7111,34.6757],[131.7112,34.6758],[131.7113,34.6757],[131.7111,34.6757]]],[[[131.6972,34.6763],[131.6973,34.6763],[131.6972,34.6763],[131.6972,34.6763]]],[[[131.7242,34.6765],[131.7243,34.6763],[131.7242,34.6764],[131.7242,34.6765]]],[[[131.7212,34.6765],[131.7214,34.6764],[131.7212,34.6764],[131.7212,34.6765]]],[[[131.698,34.6765],[131.6979,34.6767],[131.698,34.6765],[131.698,34.6765]]],[[[131.7199,34.6767],[131.72,34.6766],[131.7199,34.6765],[131.7199,34.6767]]],[[[131.6982,34.6766],[131.6982,34.6769],[131.6984,34.6769],[131.6982,34.6766]]],[[[131.6953,34.6768],[131.6955,34.6769],[131.6955,34.6766],[131.6953,34.6768]]],[[[131.7224,34.6769],[131.7222,34.6768],[131.7222,34.6769],[131.7224,34.6769]]],[[[131.6978,34.6769],[131.6979,34.6768],[131.6978,34.6768],[131.6978,34.6769]]],[[[131.698,34.6769],[131.6982,34.677],[131.698,34.6769],[131.698,34.6769]]],[[[131.695,34.6771],[131.6951,34.6771],[131.6951,34.6769],[131.695,34.6771]]],[[[131.6947,34.6772],[131.6949,34.6771],[131.6948,34.6771],[131.6947,34.6772]]],[[[131.6943,34.677],[131.6945,34.6774],[131.6946,34.6772],[131.6943,34.677]]],[[[131.6978,34.6775],[131.6979,34.6774],[131.6978,34.6774],[131.6978,34.6775]]],[[[131.6937,34.6777],[131.6935,34.6774],[131.6934,34.6777],[131.6937,34.6777]]],[[[131.6943,34.6774],[131.6943,34.6778],[131.6945,34.6777],[131.6943,34.6774]]],[[[131.691,34.6808],[131.6911,34.6807],[131.691,34.6808],[131.691,34.6808]]],[[[131.6911,34.6811],[131.6913,34.681],[131.6912,34.681],[131.6911,34.6811]]],[[[131.6994,34.6889],[131.6996,34.689],[131.6997,34.6889],[131.6994,34.6889]]],[[[131.6989,34.6891],[131.6989,34.6892],[131.6989,34.689],[131.6989,34.6891]]],[[[131.6988,34.69],[131.6998,34.6895],[131.6992,34.689],[131.6988,34.69]]],[[[131.6992,34.6902],[131.6995,34.6902],[131.6995,34.6901],[131.6992,34.6902]]],[[[131.7536,34.6783],[131.7538,34.6786],[131.7539,34.6786],[131.7536,34.6783]]],[[[131.7538,34.6788],[131.7537,34.6787],[131.7537,34.6788],[131.7538,34.6788]]],[[[131.7536,34.679],[131.7536,34.679],[131.7536,34.679],[131.7536,34.679]]],[[[131.7541,34.679],[131.7541,34.679],[131.7541,34.679],[131.7541,34.679]]],[[[131.7644,34.6804],[131.7645,34.6803],[131.7643,34.6803],[131.7644,34.6804]]],[[[131.764,34.6805],[131.7642,34.6805],[131.7641,34.6805],[131.764,34.6805]]],[[[131.7642,34.6807],[131.7643,34.6807],[131.7643,34.6807],[131.7642,34.6807]]],[[[131.7641,34.6809],[131.7643,34.6811],[131.7643,34.6809],[131.7641,34.6809]]],[[[131.7635,34.6817],[131.7638,34.6816],[131.7637,34.6815],[131.7635,34.6817]]],[[[131.7642,34.6818],[131.7642,34.6819],[131.7642,34.6818],[131.7642,34.6818]]],[[[131.7669,34.6823],[131.7671,34.6825],[131.767,34.6823],[131.7669,34.6823]]],[[[131.7713,34.683],[131.7711,34.6829],[131.7712,34.6831],[131.7713,34.683]]],[[[131.7723,34.6832],[131.7723,34.6833],[131.7723,34.6833],[131.7723,34.6832]]],[[[131.7722,34.6833],[131.7723,34.6834],[131.7722,34.6833],[131.7722,34.6833]]],[[[131.771,34.6833],[131.7712,34.6835],[131.7712,34.6833],[131.771,34.6833]]],[[[131.7722,34.684],[131.7723,34.6836],[131.772,34.6838],[131.7722,34.684]]],[[[131.7861,34.6862],[131.7863,34.6863],[131.7863,34.6862],[131.7861,34.6862]]],[[[131.7838,34.6863],[131.7838,34.6865],[131.7839,34.6863],[131.7838,34.6863]]],[[[131.7821,34.6865],[131.782,34.6863],[131.7819,34.6864],[131.7821,34.6865]]],[[[131.7828,34.6866],[131.783,34.6869],[131.7828,34.6864],[131.7828,34.6866]]],[[[131.7874,34.6866],[131.7875,34.6868],[131.7875,34.6866],[131.7874,34.6866]]],[[[131.782,34.6869],[131.7819,34.6869],[131.782,34.687],[131.782,34.6869]]],[[[131.7836,34.687],[131.7837,34.6869],[131.7837,34.6868],[131.7836,34.687]]],[[[131.7836,34.6872],[131.7837,34.6871],[131.7836,34.6871],[131.7836,34.6872]]],[[[131.7833,34.6871],[131.7832,34.6872],[131.7834,34.6872],[131.7833,34.6871]]],[[[131.7868,34.6874],[131.7868,34.6872],[131.7867,34.6873],[131.7868,34.6874]]],[[[131.7837,34.6878],[131.7835,34.6877],[131.7836,34.6879],[131.7837,34.6878]]],[[[131.8153,34.6953],[131.8161,34.6955],[131.8161,34.6954],[131.8154,34.6951],[131.8153,34.6953]]],[[[131.8363,34.705],[131.8362,34.7044],[131.8361,34.7044],[131.8363,34.705]]],[[[131.8341,34.8371],[131.8363,34.8379],[131.8371,34.8369],[131.8383,34.8364],[131.8391,34.8361],[131.8403,34.8363],[131.8416,34.836],[131.8422,34.8342],[131.839,34.8333],[131.8333,34.8353],[131.8315,34.8347],[131.8296,34.837],[131.8324,34.837],[131.8329,34.8379],[131.8341,34.8371]]],[[[131.8394,34.8364],[131.8393,34.8364],[131.8393,34.8364],[131.8394,34.8364]]],[[[131.8387,34.8364],[131.839,34.8364],[131.839,34.8363],[131.8387,34.8364]]],[[[131.8404,34.8365],[131.8405,34.8364],[131.8404,34.8364],[131.8404,34.8365]]],[[[131.8397,34.8365],[131.8397,34.8366],[131.8398,34.8365],[131.8397,34.8365]]],[[[131.8374,34.8369],[131.8372,34.8372],[131.8376,34.837],[131.8374,34.8369]]],[[[131.8449,34.7094],[131.8451,34.7096],[131.8449,34.7093],[131.8449,34.7094]]],[[[131.8459,34.71],[131.8459,34.7099],[131.8458,34.7099],[131.8459,34.71]]],[[[131.8457,34.7105],[131.8458,34.7108],[131.8459,34.7106],[131.8457,34.7105]]],[[[131.8535,34.7165],[131.8534,34.7163],[131.8534,34.7164],[131.8535,34.7165]]],[[[131.8535,34.7165],[131.8535,34.7167],[131.8536,34.7166],[131.8535,34.7165]]],[[[131.8519,34.7168],[131.852,34.7167],[131.8519,34.7166],[131.8519,34.7168]]],[[[131.8543,34.719],[131.8544,34.7189],[131.8544,34.7189],[131.8543,34.719]]],[[[131.8541,34.719],[131.8542,34.7192],[131.8542,34.7191],[131.8541,34.719]]],[[[131.8542,34.721],[131.8542,34.721],[131.8542,34.721],[131.8542,34.721]]],[[[131.8535,34.7227],[131.8536,34.723],[131.8537,34.7228],[131.8535,34.7227]]],[[[131.8537,34.723],[131.8539,34.723],[131.8538,34.7228],[131.8537,34.723]]],[[[131.8543,34.723],[131.8544,34.7233],[131.8545,34.7231],[131.8543,34.723]]],[[[131.855,34.7236],[131.8552,34.7235],[131.8551,34.7235],[131.855,34.7236]]],[[[131.8645,34.7258],[131.8645,34.7257],[131.8644,34.7257],[131.8645,34.7258]]],[[[131.8646,34.7259],[131.8647,34.7257],[131.8647,34.7257],[131.8646,34.7259]]],[[[131.8645,34.7259],[131.8644,34.7259],[131.8645,34.7259],[131.8645,34.7259]]],[[[131.8648,34.7262],[131.8647,34.7261],[131.8647,34.7262],[131.8648,34.7262]]],[[[131.8645,34.7263],[131.8646,34.7262],[131.8644,34.7262],[131.8645,34.7263]]],[[[131.8644,34.7263],[131.8643,34.7262],[131.8643,34.7263],[131.8644,34.7263]]],[[[131.8642,34.7265],[131.8643,34.7264],[131.8643,34.7264],[131.8642,34.7265]]],[[[131.8646,34.7266],[131.8645,34.7265],[131.8645,34.7265],[131.8646,34.7266]]],[[[131.8637,34.7272],[131.8639,34.7272],[131.8639,34.727],[131.8637,34.7272]]],[[[131.8643,34.7276],[131.8641,34.7274],[131.8642,34.7276],[131.8643,34.7276]]],[[[131.8636,34.7279],[131.8634,34.7279],[131.8636,34.7281],[131.8636,34.7279]]],[[[131.8647,34.7284],[131.8646,34.7283],[131.8646,34.7284],[131.8647,34.7284]]],[[[131.8647,34.7287],[131.8651,34.7289],[131.8648,34.7285],[131.8647,34.7287]]],[[[131.867,34.7303],[131.8671,34.7302],[131.867,34.7302],[131.867,34.7303]]],[[[131.8674,34.7306],[131.8676,34.7304],[131.8674,34.7306],[131.8674,34.7306]]],[[[131.8675,34.7307],[131.8676,34.7306],[131.8675,34.7307],[131.8675,34.7307]]],[[[131.8674,34.7308],[131.8676,34.7308],[131.8676,34.7307],[131.8674,34.7308]]],[[[131.868,34.7309],[131.868,34.7308],[131.8678,34.7308],[131.868,34.7309]]],[[[131.8679,34.7478],[131.8682,34.7478],[131.8682,34.7477],[131.8679,34.7478]]],[[[131.868,34.7495],[131.8677,34.7494],[131.8676,34.7496],[131.868,34.7495]]],[[[131.8677,34.7498],[131.8676,34.7499],[131.8676,34.7499],[131.8677,34.7498]]],[[[131.8677,34.7501],[131.8678,34.7499],[131.8677,34.75],[131.8677,34.7501]]],[[[131.8887,34.7631],[131.8909,34.7621],[131.894,34.7625],[131.8948,34.759],[131.8978,34.7567],[131.9023,34.7557],[131.9036,34.754],[131.9063,34.7545],[131.9078,34.7533],[131.913,34.7541],[131.9163,34.7525],[131.9202,34.7536],[131.9256,34.7498],[131.9316,34.749],[131.9327,34.7446],[131.9321,34.7439],[131.9331,34.7432],[131.9313,34.7402],[131.9326,34.7377],[131.9345,34.736],[131.937,34.7358],[131.9423,34.7399],[131.9427,34.737],[131.946,34.7358],[131.9453,34.734],[131.9467,34.732],[131.9466,34.7271],[131.9479,34.7237],[131.9571,34.727],[131.9598,34.723],[131.9577,34.7204],[131.9592,34.7184],[131.961,34.7179],[131.9627,34.72],[131.9666,34.7203],[131.9658,34.718],[131.9732,34.7164],[131.9746,34.7147],[131.9765,34.7159],[131.9828,34.7156],[131.9811,34.7127],[131.9831,34.7121],[131.9857,34.713],[131.9885,34.7124],[131.9885,34.7155],[131.9897,34.7158],[131.9944,34.7148],[131.9977,34.7125],[131.9985,34.7136],[132.0007,34.7136],[132.0017,34.7185],[132.0043,34.7192],[132.0043,34.7156],[132.0092,34.7137],[132.011,34.7102],[132.0143,34.7083],[132.015,34.7043],[132.0206,34.7007],[132.0243,34.7015],[132.0247,34.7034],[132.0287,34.7039],[132.0297,34.7058],[132.0348,34.7057],[132.04,34.7071],[132.04,34.7094],[132.0362,34.7112],[132.0355,34.7135],[132.0352,34.7164],[132.0373,34.7192],[132.0456,34.7178],[132.0497,34.7133],[132.0529,34.7144],[132.0581,34.7142],[132.0576,34.7122],[132.0607,34.7095],[132.0622,34.7112],[132.0652,34.712],[132.0666,34.7097],[132.0657,34.7082],[132.0696,34.7065],[132.0796,34.7072],[132.0838,34.7052],[132.0911,34.7102],[132.0935,34.7134],[132.0992,34.7151],[132.1015,34.7148],[132.1079,34.7189],[132.1105,34.7185],[132.1119,34.7143],[132.1153,34.7115],[132.1182,34.7118],[132.1219,34.715],[132.1276,34.7123],[132.1298,34.7127],[132.1293,34.7084],[132.1308,34.708],[132.1305,34.7062],[132.132,34.7023],[132.1295,34.6994],[132.1356,34.6973],[132.1367,34.6947],[132.1422,34.6916],[132.1444,34.694],[132.1589,34.6919],[132.1587,34.6904],[132.1611,34.6881],[132.1598,34.6847],[132.1619,34.6831],[132.1606,34.6815],[132.1572,34.6813],[132.1548,34.6788],[132.1555,34.6767],[132.1545,34.6748],[132.1469,34.6659],[132.1476,34.6621],[132.1453,34.6614],[132.1403,34.6542],[132.1372,34.6519],[132.1362,34.6499],[132.1372,34.6482],[132.1337,34.6482],[132.1344,34.6451],[132.1336,34.6441],[132.1321,34.6443],[132.1277,34.6418],[132.1267,34.639],[132.1305,34.6346],[132.1308,34.6292],[132.1267,34.6274],[132.1266,34.6261],[132.1233,34.6237],[132.1219,34.6217],[132.1217,34.6176],[132.1164,34.6125],[132.1172,34.6083],[132.1165,34.6066],[132.1182,34.6036],[132.1176,34.6018],[132.1297,34.5955],[132.1286,34.593],[132.1268,34.5923],[132.1245,34.5893],[132.1255,34.5832],[132.1179,34.5783],[132.119,34.5724],[132.1139,34.5627],[132.1095,34.5612],[132.1069,34.5572],[132.1,34.555],[132.0963,34.549],[132.0892,34.5448],[132.0882,34.5415],[132.0839,34.5375],[132.076,34.5369],[132.0741,34.5349],[132.0637,34.534],[132.0631,34.5322],[132.0589,34.5312],[132.0578,34.5295],[132.0524,34.5303],[132.0477,34.5212],[132.0473,34.5189],[132.0488,34.5154],[132.0476,34.515],[132.0471,34.5125],[132.044,34.509],[132.0428,34.5087],[132.0426,34.5069],[132.0365,34.5019],[132.0393,34.4995],[132.0475,34.5004],[132.0487,34.4993],[132.0522,34.4989],[132.0538,34.496],[132.056,34.4956],[132.0597,34.4923],[132.0597,34.4891],[132.0574,34.4866],[132.0572,34.4822],[132.0581,34.4803],[132.0614,34.4795],[132.0632,34.4764],[132.0649,34.4758],[132.0672,34.4724],[132.0664,34.4703],[132.0682,34.4694],[132.0686,34.4677],[132.0638,34.4689],[132.0552,34.4678],[132.0537,34.4714],[132.05,34.4742],[132.0405,34.4753],[132.0313,34.4709],[132.0276,34.4707],[132.0215,34.4667],[132.0162,34.4673],[132.0124,34.463],[132.0075,34.4597],[132.0065,34.4538],[132.0024,34.4538],[132.0005,34.452],[131.9955,34.4504],[131.9952,34.4526],[131.991,34.4521],[131.9901,34.4568],[131.994,34.4618],[131.9949,34.4638],[131.9944,34.4662],[131.9966,34.4694],[131.9952,34.4729],[131.9928,34.4736],[131.9889,34.4727],[131.9841,34.4749],[131.9807,34.4734],[131.9775,34.4736],[131.9744,34.4712],[131.9674,34.4748],[131.9675,34.4816],[131.9707,34.4835],[131.9656,34.4903],[131.967,34.4959],[131.9651,34.4978],[131.9645,34.5012],[131.9662,34.5053],[131.958,34.5157],[131.9557,34.5167],[131.9479,34.5153],[131.9426,34.5084],[131.9332,34.5093],[131.9213,34.5123],[131.9197,34.5165],[131.9131,34.5184],[131.912,34.5221],[131.9093,34.5225],[131.9082,34.5246],[131.9051,34.5247],[131.9081,34.5357],[131.9073,34.5387],[131.9046,34.5414],[131.9045,34.5456],[131.9079,34.5474],[131.9077,34.5487],[131.911,34.5516],[131.9124,34.5546],[131.915,34.556],[131.9192,34.5557],[131.9221,34.5613],[131.925,34.5621],[131.9259,34.5639],[131.9242,34.5652],[131.9233,34.5692],[131.9213,34.572],[131.9195,34.5678],[131.9152,34.5666],[131.9131,34.5681],[131.9141,34.5701],[131.9133,34.5737],[131.914,34.5748],[131.9217,34.5795],[131.9194,34.582],[131.9137,34.5834],[131.9118,34.5857],[131.9022,34.5843],[131.9037,34.5891],[131.9021,34.5945],[131.9004,34.5966],[131.9025,34.5989],[131.8986,34.6016],[131.8934,34.6007],[131.8907,34.5981],[131.8873,34.5981],[131.8856,34.5957],[131.879,34.5983],[131.8756,34.5953],[131.8722,34.5941],[131.8706,34.5938],[131.8683,34.5959],[131.8677,34.5888],[131.8687,34.5865],[131.8663,34.584],[131.8626,34.5865],[131.8602,34.5855],[131.8621,34.5839],[131.8643,34.5779],[131.8629,34.5754],[131.8631,34.5724],[131.8595,34.5695],[131.858,34.5697],[131.8532,34.5749],[131.8426,34.5739],[131.8372,34.5772],[131.8343,34.5768],[131.8314,34.5782],[131.8259,34.583],[131.829,34.5865],[131.8265,34.589],[131.8209,34.5819],[131.8154,34.5803],[131.8147,34.5773],[131.8109,34.5796],[131.807,34.5862],[131.8021,34.5877],[131.7994,34.5876],[131.7961,34.5851],[131.7931,34.5854],[131.793,34.5831],[131.7911,34.586],[131.7894,34.5868],[131.7877,34.5824],[131.7812,34.5826],[131.7795,34.5819],[131.7796,34.5806],[131.7782,34.5809],[131.7753,34.5793],[131.7745,34.5808],[131.7718,34.5809],[131.7704,34.5825],[131.767,34.5818],[131.764,34.5829],[131.7679,34.5768],[131.7653,34.5755],[131.7629,34.5705],[131.7585,34.5685],[131.7556,34.5688],[131.7544,34.5701],[131.7489,34.569],[131.7444,34.564],[131.7388,34.5613],[131.7355,34.5611],[131.7324,34.5631],[131.732,34.5665],[131.7276,34.5666],[131.7262,34.5684],[131.7244,34.572],[131.7252,34.5748],[131.7276,34.5764],[131.7267,34.5789],[131.72,34.583],[131.7202,34.5919],[131.7174,34.5989],[131.7198,34.6007],[131.7169,34.606],[131.7184,34.6097],[131.7184,34.6134],[131.7142,34.6131],[131.7103,34.6145],[131.7102,34.6128],[131.7066,34.6129],[131.6999,34.6162],[131.6948,34.6207],[131.6961,34.6229],[131.6942,34.6277],[131.6983,34.6318],[131.6964,34.6344],[131.6981,34.6405],[131.6971,34.6435],[131.7005,34.6492],[131.6949,34.6488],[131.6944,34.6508],[131.6965,34.6523],[131.6952,34.656],[131.6888,34.6568],[131.6884,34.6601],[131.6899,34.6632],[131.6844,34.6672],[131.6839,34.6688],[131.6866,34.6695],[131.6884,34.6718],[131.6882,34.6748],[131.6906,34.681],[131.691,34.6771],[131.6938,34.6773],[131.6943,34.6768],[131.6953,34.6767],[131.6965,34.6759],[131.6983,34.6764],[131.6998,34.6749],[131.7008,34.6754],[131.7032,34.6753],[131.7001,34.675],[131.7007,34.6741],[131.7017,34.6748],[131.7013,34.6733],[131.7038,34.6725],[131.705,34.6726],[131.7068,34.674],[131.7072,34.6749],[131.7076,34.6747],[131.7092,34.6754],[131.7093,34.6759],[131.7103,34.6749],[131.7114,34.6752],[131.712,34.6739],[131.7155,34.6731],[131.7198,34.6764],[131.7227,34.6761],[131.7228,34.6773],[131.7231,34.6762],[131.7238,34.677],[131.7239,34.6765],[131.7247,34.6761],[131.7251,34.6757],[131.7235,34.6756],[131.7247,34.6753],[131.724,34.6744],[131.7251,34.6736],[131.727,34.6748],[131.7281,34.674],[131.7288,34.6751],[131.7299,34.674],[131.7318,34.6749],[131.7323,34.6741],[131.7392,34.6746],[131.752,34.6767],[131.754,34.6783],[131.7625,34.679],[131.7721,34.6825],[131.7771,34.683],[131.7792,34.6851],[131.7807,34.6843],[131.7835,34.6859],[131.7901,34.6865],[131.7911,34.6878],[131.7923,34.687],[131.8,34.6888],[131.8108,34.6921],[131.8148,34.6948],[131.8169,34.6945],[131.8175,34.6949],[131.8172,34.695],[131.8161,34.6964],[131.8175,34.6949],[131.8287,34.6995],[131.8493,34.7113],[131.8556,34.7181],[131.8562,34.7201],[131.8553,34.7215],[131.8543,34.7213],[131.8544,34.7228],[131.858,34.7235],[131.8597,34.7222],[131.8614,34.7226],[131.8645,34.7248],[131.865,34.7267],[131.864,34.7271],[131.8645,34.7275],[131.8642,34.7277],[131.8653,34.727],[131.8655,34.7274],[131.8643,34.728],[131.8668,34.7286],[131.8665,34.7294],[131.8696,34.7316],[131.8687,34.7323],[131.8709,34.7326],[131.8716,34.7339],[131.8691,34.7369],[131.8704,34.7381],[131.8688,34.7399],[131.8694,34.7395],[131.8721,34.7396],[131.8735,34.7411],[131.8725,34.7415],[131.8712,34.7431],[131.8743,34.7422],[131.8745,34.7436],[131.8727,34.7443],[131.8723,34.7432],[131.8723,34.7443],[131.8687,34.7459],[131.8698,34.7468],[131.8682,34.7484],[131.869,34.7492],[131.8674,34.7516],[131.8654,34.752],[131.8658,34.7542],[131.8648,34.7555],[131.8696,34.7563],[131.8688,34.7584],[131.8714,34.7577],[131.8707,34.7591],[131.8744,34.7592],[131.8741,34.7601],[131.8757,34.7599],[131.876,34.7588],[131.8772,34.758],[131.8789,34.7594],[131.8876,34.7567],[131.8886,34.7588],[131.8899,34.7579],[131.891,34.7593],[131.8896,34.7608],[131.8888,34.7603],[131.8896,34.7609],[131.8887,34.7631]]],[[[131.8688,34.7325],[131.8683,34.7327],[131.8689,34.7326],[131.8688,34.7325]]],[[[131.8686,34.7391],[131.8676,34.7389],[131.8682,34.7395],[131.8686,34.7391]]],[[[131.8691,34.7392],[131.8693,34.739],[131.8692,34.739],[131.8691,34.7392]]],[[[131.8706,34.7399],[131.8707,34.7397],[131.8705,34.7397],[131.8706,34.7399]]],[[[131.8693,34.7401],[131.8692,34.7399],[131.8692,34.74],[131.8693,34.7401]]],[[[131.8682,34.7405],[131.8684,34.7398],[131.8679,34.7404],[131.8682,34.7405]]],[[[131.8703,34.7437],[131.8702,34.7428],[131.8701,34.7428],[131.8703,34.7437]]],[[[131.8704,34.7451],[131.8702,34.745],[131.8701,34.7452],[131.8704,34.7451]]],[[[131.8687,34.7471],[131.8684,34.7473],[131.8688,34.7472],[131.8687,34.7471]]],[[[131.8684,34.7475],[131.8682,34.7473],[131.868,34.7476],[131.8684,34.7475]]],[[[131.8684,34.7477],[131.8686,34.7478],[131.8686,34.7477],[131.8684,34.7477]]],[[[131.8689,34.7565],[131.8692,34.7564],[131.8689,34.7564],[131.8689,34.7565]]],[[[131.8861,34.7574],[131.8862,34.7573],[131.8861,34.7573],[131.8861,34.7574]]],[[[131.886,34.7574],[131.886,34.7574],[131.8859,34.7574],[131.886,34.7574]]],[[[131.8846,34.7578],[131.8849,34.758],[131.8849,34.7578],[131.8846,34.7578]]],[[[131.8845,34.7581],[131.8844,34.7581],[131.8844,34.7581],[131.8845,34.7581]]],[[[131.8842,34.7583],[131.8842,34.7582],[131.8842,34.7583],[131.8842,34.7583]]],[[[131.8822,34.7585],[131.8824,34.7588],[131.8825,34.7586],[131.8822,34.7585]]],[[[131.882,34.7587],[131.882,34.7587],[131.882,34.7587],[131.882,34.7587]]],[[[131.8819,34.7589],[131.8819,34.7588],[131.8819,34.7588],[131.8819,34.7589]]],[[[131.8823,34.759],[131.8824,34.7589],[131.8823,34.7589],[131.8823,34.759]]],[[[131.8763,34.7591],[131.8766,34.7593],[131.8764,34.759],[131.8763,34.7591]]],[[[131.8819,34.759],[131.8819,34.7595],[131.8822,34.759],[131.8819,34.759]]],[[[131.8716,34.7594],[131.872,34.7593],[131.8719,34.7593],[131.8716,34.7594]]],[[[131.8805,34.7597],[131.8806,34.7593],[131.8802,34.7596],[131.8805,34.7597]]],[[[131.8731,34.7596],[131.8732,34.7596],[131.8731,34.7595],[131.8731,34.7596]]],[[[131.8797,34.7598],[131.8797,34.76],[131.8799,34.7598],[131.8797,34.7598]]],[[[131.8815,34.76],[131.8817,34.7602],[131.8818,34.76],[131.8815,34.76]]],[[[131.8807,34.7601],[131.88,34.76],[131.8802,34.7604],[131.8807,34.7601]]],[[[131.8797,34.7604],[131.8798,34.7603],[131.8796,34.7603],[131.8797,34.7604]]],[[[131.8792,34.7604],[131.8791,34.7603],[131.8792,34.7604],[131.8792,34.7604]]],[[[131.8903,34.7643],[131.89,34.7633],[131.8889,34.7638],[131.8891,34.7646],[131.8903,34.7643]]],[[[131.8818,34.7751],[131.8819,34.7756],[131.8821,34.7751],[131.8818,34.7751]]],[[[131.8814,34.7754],[131.8813,34.7754],[131.8813,34.7754],[131.8814,34.7754]]]]}},{"type":"Feature","properties":{"code":"32205","name":"大田市","pref_code":"32","pref":"島根県"},"geometry":{"type":"MultiPolygon","coordinates":[[[[132.3141,35.0642],[132.3141,35.0643],[132.3141,35.0642],[132.3141,35.0642]]],[[[132.314,35.0643],[132.314,35.0643],[132.314,35.0643],[132.314,35.0643]]],[[[132.3142,35.0644],[132.3142,35.0643],[132.3141,35.0644],[132.3142,35.0644]]],[[[132.3136,35.0647],[132.3138,35.0646],[132.3137,35.0645],[132.3136,35.0647]]],[[[132.3136,35.0665],[132.3138,35.0661],[132.3137,35.0662],[132.3136,35.0665]]],[[[132.3158,35.067],[132.3159,35.067],[132.3159,35.067],[132.3158,35.067]]],[[[132.315,35.0669],[132.3151,35.0674],[132.3152,35.0674],[132.315,35.0669]]],[[[132.3159,35.0673],[132.3159,35.0672],[132.3158,35.0673],[132.3159,35.0673]]],[[[132.315,35.0692],[132.3152,35.0692],[132.3151,35.0691],[132.315,35.0692]]],[[[132.3165,35.0695],[132.3165,35.0695],[132.3165,35.0695],[132.3165,35.0695]]],[[[132.3148,35.0696],[132.3152,35.0697],[132.3149,35.0695],[132.3148,35.0696]]],[[[132.3151,35.072],[132.3154,35.072],[132.3154,35.0716],[132.3151,35.072]]],[[[132.3161,35.0726],[132.316,35.0719],[132.3156,35.0722],[132.3161,35.0726]]],[[[132.3167,35.0736],[132.3166,35.0739],[132.3167,35.0737],[132.3167,35.0736]]],[[[132.3204,35.0744],[132.3204,35.0742],[132.3202,35.074],[132.3204,35.0744]]],[[[132.317,35.0744],[132.3168,35.0741],[132.3168,35.0743],[132.317,35.0744]]],[[[132.3222,35.0747],[132.3223,35.0747],[132.3223,35.0746],[132.3222,35.0747]]],[[[132.3224,35.0748],[132.3225,35.0747],[132.3223,35.0748],[132.3224,35.0748]]],[[[132.317,35.0748],[132.3169,35.0749],[132.317,35.0749],[132.317,35.0748]]],[[[132.3234,35.0748],[132.3232,35.075],[132.3233,35.0751],[132.3234,35.0748]]],[[[132.3166,35.0758],[132.3181,35.0754],[132.3181,35.0749],[132.3166,35.0758]]],[[[132.3183,35.0759],[132.318,35.0756],[132.318,35.0759],[132.3183,35.0759]]],[[[132.3203,35.0761],[132.3208,35.0761],[132.3206,35.0759],[132.3203,35.0761]]],[[[132.3183,35.0762],[132.3182,35.0763],[132.3183,35.0763],[132.3183,35.0762]]],[[[132.3177,35.0765],[132.3177,35.0765],[132.3176,35.0765],[132.3177,35.0765]]],[[[132.3203,35.0766],[132.3207,35.0764],[132.3204,35.0765],[132.3203,35.0766]]],[[[132.3201,35.0766],[132.3204,35.0768],[132.3206,35.0766],[132.3201,35.0766]]],[[[132.32,35.0771],[132.32,35.0769],[132.3199,35.077],[132.32,35.0771]]],[[[132.325,35.082],[132.3245,35.0818],[132.325,35.082],[132.325,35.082]]],[[[132.3247,35.0821],[132.3246,35.0822],[132.3248,35.0821],[132.3247,35.0821]]],[[[132.3241,35.0824],[132.3243,35.0823],[132.324,35.0824],[132.3241,35.0824]]],[[[132.322,35.0829],[132.3227,35.0831],[132.3222,35.0829],[132.322,35.0829]]],[[[132.3233,35.0837],[132.3233,35.0828],[132.323,35.0838],[132.3233,35.0837]]],[[[132.3233,35.0843],[132.3231,35.084],[132.3231,35.0843],[132.3233,35.0843]]],[[[132.3229,35.0845],[132.323,35.0842],[132.3228,35.0843],[132.3229,35.0845]]],[[[132.3231,35.0845],[132.3229,35.0847],[132.3231,35.0846],[132.3231,35.0845]]],[[[132.3233,35.0849],[132.3233,35.0847],[132.3232,35.0849],[132.3233,35.0849]]],[[[132.3239,35.0852],[132.3239,35.085],[132.3238,35.0851],[132.3239,35.0852]]],[[[132.3234,35.0852],[132.3235,35.0851],[132.3234,35.085],[132.3234,35.0852]]],[[[132.3241,35.0854],[132.324,35.0853],[132.324,35.0854],[132.3241,35.0854]]],[[[132.3241,35.0856],[132.3241,35.0857],[132.3242,35.0857],[132.3241,35.0856]]],[[[132.324,35.0858],[132.3239,35.0858],[132.324,35.0858],[132.324,35.0858]]],[[[132.3239,35.0859],[132.3238,35.0859],[132.3238,35.0859],[132.3239,35.0859]]],[[[132.3238,35.0859],[132.3238,35.086],[132.3238,35.0861],[132.3238,35.0859]]],[[[132.3235,35.0862],[132.3234,35.0863],[132.3234,35.0864],[132.3235,35.0862]]],[[[132.3239,35.0863],[132.3238,35.0864],[132.3238,35.0864],[132.3239,35.0863]]],[[[132.3229,35.0865],[132.3232,35.0864],[132.3233,35.0862],[132.3229,35.0865]]],[[[132.3238,35.0864],[132.3237,35.0864],[132.3237,35.0865],[132.3238,35.0864]]],[[[132.3234,35.0864],[132.3232,35.0864],[132.3232,35.0866],[132.3234,35.0864]]],[[[132.3243,35.0868],[132.3243,35.0868],[132.3243,35.0868],[132.3243,35.0868]]],[[[132.3243,35.0873],[132.3245,35.0873],[132.3245,35.0872],[132.3243,35.0873]]],[[[132.3237,35.0878],[132.3236,35.0876],[132.3234,35.0877],[132.3237,35.0878]]],[[[132.3239,35.0877],[132.3238,35.0878],[132.3239,35.0878],[132.3239,35.0877]]],[[[132.3236,35.0883],[132.3235,35.0883],[132.3236,35.0883],[132.3236,35.0883]]],[[[132.3235,35.0885],[132.3234,35.0884],[132.3234,35.0885],[132.3235,35.0885]]],[[[132.3253,35.0887],[132.3251,35.0888],[132.3252,35.0889],[132.3253,35.0887]]],[[[132.3255,35.0887],[132.3255,35.0888],[132.3255,35.0888],[132.3255,35.0887]]],[[[132.324,35.0889],[132.325,35.0894],[132.3252,35.0884],[132.324,35.0889]]],[[[132.3239,35.0895],[132.3238,35.0892],[132.3239,35.0895],[132.3239,35.0895]]],[[[132.327,35.0903],[132.327,35.0902],[132.3269,35.0902],[132.327,35.0903]]],[[[132.3275,35.0904],[132.3275,35.0905],[132.3276,35.0905],[132.3275,35.0904]]],[[[132.3263,35.0908],[132.3266,35.0908],[132.3265,35.0907],[132.3263,35.0908]]],[[[132.3277,35.0912],[132.3276,35.0912],[132.3276,35.0912],[132.3277,35.0912]]],[[[132.328,35.0915],[132.328,35.0914],[132.3278,35.0915],[132.328,35.0915]]],[[[132.3288,35.0919],[132.3287,35.092],[132.3285,35.0921],[132.3288,35.0919]]],[[[132.3289,35.0919],[132.3289,35.0919],[132.329,35.0919],[132.3289,35.0919]]],[[[132.3288,35.0919],[132.3288,35.092],[132.3288,35.0919],[132.3288,35.0919]]],[[[132.3292,35.092],[132.3289,35.092],[132.3291,35.0923],[132.3292,35.092]]],[[[132.3288,35.0922],[132.3289,35.092],[132.3287,35.0923],[132.3288,35.0922]]],[[[132.3425,35.0923],[132.3426,35.0924],[132.3426,35.0923],[132.3425,35.0923]]],[[[132.3303,35.0934],[132.3304,35.0933],[132.3304,35.0933],[132.3303,35.0934]]],[[[132.3299,35.0933],[132.3301,35.0936],[132.3301,35.0932],[132.3299,35.0933]]],[[[132.3304,35.0936],[132.3305,35.0935],[132.3305,35.0935],[132.3304,35.0936]]],[[[132.3354,35.0957],[132.3353,35.0957],[132.3354,35.0957],[132.3354,35.0957]]],[[[132.3355,35.0957],[132.3355,35.0958],[132.3355,35.0957],[132.3355,35.0957]]],[[[132.3352,35.0958],[132.3353,35.096],[132.3354,35.0959],[132.3352,35.0958]]],[[[132.3355,35.096],[132.3354,35.096],[132.3355,35.0961],[132.3355,35.096]]],[[[132.3356,35.0962],[132.3356,35.0962],[132.3357,35.0962],[132.3356,35.0962]]],[[[132.3357,35.0963],[132.3364,35.0971],[132.3365,35.097],[132.3357,35.0963]]],[[[132.3381,35.0981],[132.338,35.0981],[132.338,35.0981],[132.3381,35.0981]]],[[[132.3354,35.1001],[132.3349,35.0995],[132.3348,35.0996],[132.3354,35.1001]]],[[[132.3388,35.1002],[132.3385,35.1003],[132.3388,35.1002],[132.3388,35.1002]]],[[[132.3394,35.1021],[132.3392,35.102],[132.3393,35.1022],[132.3394,35.1021]]],[[[132.3394,35.1022],[132.3394,35.1021],[132.3394,35.1021],[132.3394,35.1022]]],[[[132.3393,35.1023],[132.3393,35.1022],[132.3392,35.1022],[132.3393,35.1023]]],[[[132.3393,35.1022],[132.3393,35.1023],[132.3394,35.1023],[132.3393,35.1022]]],[[[132.3394,35.1023],[132.3394,35.1023],[132.3394,35.1023],[132.3394,35.1023]]],[[[132.3381,35.1025],[132.338,35.1025],[132.338,35.1025],[132.3381,35.1025]]],[[[132.337,35.1026],[132.3372,35.1025],[132.3371,35.1024],[132.337,35.1026]]],[[[132.3412,35.1026],[132.3413,35.1025],[132.3411,35.1027],[132.3412,35.1026]]],[[[132.3373,35.1026],[132.3373,35.1027],[132.3374,35.1027],[132.3373,35.1026]]],[[[132.342,35.1033],[132.342,35.1033],[132.3419,35.1033],[132.342,35.1033]]],[[[132.3461,35.1036],[132.3461,35.1036],[132.3461,35.1036],[132.3461,35.1036]]],[[[132.346,35.1037],[132.346,35.1038],[132.3461,35.1037],[132.346,35.1037]]],[[[132.3461,35.1039],[132.346,35.1039],[132.3461,35.1039],[132.3461,35.1039]]],[[[132.3425,35.1043],[132.342,35.1039],[132.3417,35.1041],[132.3425,35.1043]]],[[[132.3454,35.1042],[132.3456,35.1041],[132.3454,35.1041],[132.3454,35.1042]]],[[[132.3434,35.1045],[132.3433,35.1041],[132.3429,35.1044],[132.3434,35.1045]]],[[[132.3531,35.1078],[132.3531,35.1076],[132.353,35.1076],[132.3531,35.1078]]],[[[132.3528,35.1079],[132.3528,35.1079],[132.3528,35.108],[132.3528,35.1079]]],[[[132.3553,35.1079],[132.3554,35.1079],[132.3554,35.1079],[132.3553,35.1079]]],[[[132.3554,35.1081],[132.3553,35.1081],[132.3553,35.1082],[132.3554,35.1081]]],[[[132.355,35.1084],[132.355,35.1084],[132.355,35.1084],[132.355,35.1084]]],[[[132.3499,35.1083],[132.3499,35.1086],[132.35,35.1084],[132.3499,35.1083]]],[[[132.3576,35.1102],[132.3575,35.1102],[132.3576,35.1103],[132.3576,35.1102]]],[[[132.3578,35.1107],[132.3577,35.1107],[132.3577,35.1107],[132.3578,35.1107]]],[[[132.3573,35.1128],[132.3571,35.1128],[132.3571,35.1129],[132.3573,35.1128]]],[[[132.3572,35.113],[132.3571,35.113],[132.3572,35.113],[132.3572,35.113]]],[[[132.3576,35.1139],[132.3576,35.1141],[132.3578,35.1139],[132.3576,35.1139]]],[[[132.3579,35.1143],[132.3578,35.1143],[132.3578,35.1145],[132.3579,35.1143]]],[[[132.3652,35.1157],[132.3652,35.1158],[132.3652,35.1157],[132.3652,35.1157]]],[[[132.3643,35.1162],[132.3643,35.1163],[132.3643,35.1162],[132.3643,35.1162]]],[[[132.3639,35.1172],[132.3639,35.1172],[132.3639,35.1172],[132.3639,35.1172]]],[[[132.3649,35.1174],[132.365,35.1174],[132.3649,35.1174],[132.3649,35.1174]]],[[[132.3653,35.1187],[132.3653,35.1188],[132.3653,35.1187],[132.3653,35.1187]]],[[[132.365,35.1191],[132.365,35.1191],[132.365,35.119],[132.365,35.1191]]],[[[132.3641,35.12],[132.364,35.12],[132.3641,35.12],[132.3641,35.12]]],[[[132.3642,35.12],[132.3642,35.12],[132.3642,35.12],[132.3642,35.12]]],[[[132.3642,35.1201],[132.3641,35.1201],[132.364,35.1201],[132.3642,35.1201]]],[[[132.3639,35.1208],[132.3645,35.1206],[132.364,35.1206],[132.3639,35.1208]]],[[[132.367,35.121],[132.367,35.121],[132.367,35.121],[132.367,35.121]]],[[[132.3644,35.1212],[132.3644,35.1211],[132.3644,35.1212],[132.3644,35.1212]]],[[[132.3644,35.1213],[132.3645,35.1212],[132.3643,35.1213],[132.3644,35.1213]]],[[[132.3669,35.1213],[132.3667,35.1213],[132.3669,35.1215],[132.3669,35.1213]]],[[[132.3647,35.1215],[132.3646,35.1214],[132.3646,35.1215],[132.3647,35.1215]]],[[[132.3661,35.1217],[132.3667,35.1214],[132.3655,35.1216],[132.3661,35.1217]]],[[[132.3647,35.1216],[132.3647,35.1215],[132.3647,35.1216],[132.3647,35.1216]]],[[[132.3698,35.1216],[132.3697,35.1217],[132.3698,35.1217],[132.3698,35.1216]]],[[[132.3646,35.1217],[132.3646,35.1216],[132.3646,35.1216],[132.3646,35.1217]]],[[[132.369,35.1234],[132.3689,35.1233],[132.3689,35.1234],[132.369,35.1234]]],[[[132.3728,35.1233],[132.3731,35.1233],[132.3731,35.123],[132.3728,35.1233]]],[[[132.3748,35.1233],[132.3747,35.1232],[132.3747,35.1233],[132.3748,35.1233]]],[[[132.3707,35.1238],[132.3707,35.1237],[132.3705,35.1238],[132.3707,35.1238]]],[[[132.3716,35.1258],[132.3729,35.1253],[132.373,35.1251],[132.3716,35.1258]]],[[[132.3728,35.1258],[132.3726,35.1256],[132.3724,35.1259],[132.3728,35.1258]]],[[[132.3741,35.126],[132.3741,35.126],[132.3741,35.126],[132.3741,35.126]]],[[[132.3818,35.1266],[132.3819,35.1264],[132.3817,35.1265],[132.3818,35.1266]]],[[[132.3756,35.1266],[132.3758,35.1268],[132.3757,35.1266],[132.3756,35.1266]]],[[[132.3793,35.1268],[132.3792,35.1268],[132.3793,35.1268],[132.3793,35.1268]]],[[[132.3767,35.1269],[132.3772,35.1269],[132.3771,35.1269],[132.3767,35.1269]]],[[[132.3793,35.127],[132.3794,35.1269],[132.3793,35.1269],[132.3793,35.127]]],[[[132.3794,35.1271],[132.3793,35.1271],[132.3794,35.1271],[132.3794,35.1271]]],[[[132.3816,35.1271],[132.3817,35.1271],[132.3817,35.127],[132.3816,35.1271]]],[[[132.3758,35.1274],[132.3765,35.1269],[132.3757,35.127],[132.3758,35.1274]]],[[[132.3821,35.1272],[132.3821,35.1271],[132.382,35.1272],[132.3821,35.1272]]],[[[132.3753,35.1273],[132.3745,35.1271],[132.3744,35.1273],[132.3753,35.1273]]],[[[132.3913,35.1379],[132.3913,35.1378],[132.3913,35.1377],[132.3913,35.1379]]],[[[132.3914,35.1384],[132.3913,35.1384],[132.3914,35.1384],[132.3914,35.1384]]],[[[132.3913,35.1386],[132.3913,35.1385],[132.3913,35.1386],[132.3913,35.1386]]],[[[132.3913,35.1386],[132.3913,35.1387],[132.3913,35.1387],[132.3913,35.1386]]],[[[132.3912,35.1389],[132.3911,35.139],[132.3912,35.1388],[132.3912,35.1389]]],[[[132.3912,35.1392],[132.3912,35.1392],[132.3912,35.1392],[132.3912,35.1392]]],[[[132.391,35.1396],[132.391,35.1396],[132.391,35.1396],[132.391,35.1396]]],[[[132.3909,35.1397],[132.3909,35.1396],[132.3909,35.1396],[132.3909,35.1397]]],[[[132.391,35.1397],[132.3911,35.1397],[132.391,35.1396],[132.391,35.1397]]],[[[132.3909,35.1397],[132.3909,35.1398],[132.3909,35.1398],[132.3909,35.1397]]],[[[132.3897,35.1406],[132.3897,35.1407],[132.3897,35.1406],[132.3897,35.1406]]],[[[132.3893,35.1408],[132.3893,35.1407],[132.3893,35.1408],[132.3893,35.1408]]],[[[132.3871,35.1425],[132.3871,35.1424],[132.3871,35.1425],[132.3871,35.1425]]],[[[132.386,35.1429],[132.3859,35.1435],[132.386,35.1435],[132.386,35.1429]]],[[[132.3831,35.1438],[132.3832,35.1438],[132.3832,35.1438],[132.3831,35.1438]]],[[[132.3825,35.1448],[132.3825,35.1447],[132.3824,35.1448],[132.3825,35.1448]]],[[[132.3819,35.1453],[132.382,35.1453],[132.3819,35.1454],[132.3819,35.1453]]],[[[132.3821,35.1455],[132.3821,35.1454],[132.382,35.1454],[132.3821,35.1455]]],[[[132.3814,35.1458],[132.3817,35.146],[132.3816,35.1458],[132.3814,35.1458]]],[[[132.3896,35.1464],[132.3896,35.1463],[132.3896,35.1464],[132.3896,35.1464]]],[[[132.3832,35.1463],[132.3832,35.1464],[132.3832,35.1463],[132.3832,35.1463]]],[[[132.3895,35.1465],[132.3894,35.1465],[132.3894,35.1466],[132.3895,35.1465]]],[[[132.3897,35.1466],[132.3897,35.1464],[132.3896,35.1464],[132.3897,35.1466]]],[[[132.3886,35.1465],[132.3885,35.1466],[132.3886,35.1466],[132.3886,35.1465]]],[[[132.3895,35.1466],[132.3896,35.1466],[132.3895,35.1465],[132.3895,35.1466]]],[[[132.3906,35.1466],[132.3906,35.1467],[132.3907,35.1467],[132.3906,35.1466]]],[[[132.3885,35.1468],[132.3885,35.1467],[132.3884,35.1467],[132.3885,35.1468]]],[[[132.3905,35.1468],[132.3905,35.1467],[132.3905,35.1468],[132.3905,35.1468]]],[[[132.3854,35.1467],[132.3857,35.1469],[132.3855,35.1467],[132.3854,35.1467]]],[[[132.3859,35.1469],[132.3858,35.1468],[132.386,35.147],[132.3859,35.1469]]],[[[132.3875,35.1471],[132.3875,35.1471],[132.3875,35.1471],[132.3875,35.1471]]],[[[132.3847,35.1471],[132.3847,35.1472],[132.3847,35.1472],[132.3847,35.1471]]],[[[132.3908,35.1472],[132.3907,35.1471],[132.3907,35.1472],[132.3908,35.1472]]],[[[132.3871,35.1472],[132.3872,35.1471],[132.3871,35.1471],[132.3871,35.1472]]],[[[132.3881,35.1472],[132.3881,35.1472],[132.3881,35.1472],[132.3881,35.1472]]],[[[132.3847,35.1472],[132.3847,35.1472],[132.3847,35.1472],[132.3847,35.1472]]],[[[132.3904,35.1473],[132.3904,35.1473],[132.3905,35.1473],[132.3904,35.1473]]],[[[132.3852,35.1475],[132.3854,35.1473],[132.3851,35.1475],[132.3852,35.1475]]],[[[132.3904,35.1475],[132.3904,35.1476],[132.3904,35.1476],[132.3904,35.1475]]],[[[132.3907,35.1479],[132.3908,35.1479],[132.3907,35.1479],[132.3907,35.1479]]],[[[132.3908,35.148],[132.3908,35.148],[132.3908,35.148],[132.3908,35.148]]],[[[132.3908,35.1481],[132.3908,35.148],[132.3908,35.148],[132.3908,35.1481]]],[[[132.3906,35.148],[132.3906,35.1481],[132.3907,35.1481],[132.3906,35.148]]],[[[132.3909,35.1482],[132.3908,35.1481],[132.3908,35.1482],[132.3909,35.1482]]],[[[132.3911,35.1482],[132.391,35.1482],[132.391,35.1483],[132.3911,35.1482]]],[[[132.3908,35.1483],[132.3908,35.1482],[132.3907,35.1482],[132.3908,35.1483]]],[[[132.391,35.1484],[132.3912,35.1484],[132.3911,35.1482],[132.391,35.1484]]],[[[132.3909,35.1484],[132.3908,35.1484],[132.3909,35.1486],[132.3909,35.1484]]],[[[132.391,35.1486],[132.391,35.1487],[132.3911,35.1487],[132.391,35.1486]]],[[[132.3915,35.1485],[132.3914,35.1485],[132.3914,35.1485],[132.3915,35.1485]]],[[[132.3917,35.1486],[132.3915,35.1486],[132.3915,35.1487],[132.3917,35.1486]]],[[[132.3931,35.1498],[132.3931,35.1498],[132.3931,35.1498],[132.3931,35.1498]]],[[[132.3932,35.1498],[132.3932,35.1498],[132.3933,35.1498],[132.3932,35.1498]]],[[[132.394,35.1531],[132.3939,35.1532],[132.394,35.1532],[132.394,35.1531]]],[[[132.3938,35.1533],[132.3938,35.1533],[132.3938,35.1533],[132.3938,35.1533]]],[[[132.3938,35.1534],[132.3938,35.1534],[132.3938,35.1534],[132.3938,35.1534]]],[[[132.3937,35.1534],[132.3937,35.1534],[132.3937,35.1534],[132.3937,35.1534]]],[[[132.3931,35.1552],[132.3932,35.1553],[132.3932,35.1553],[132.3931,35.1552]]],[[[132.3932,35.1555],[132.3932,35.1554],[132.3932,35.1554],[132.3932,35.1555]]],[[[132.3931,35.1555],[132.3931,35.1555],[132.3931,35.1555],[132.3931,35.1555]]],[[[132.3936,35.1557],[132.3937,35.1557],[132.3936,35.1557],[132.3936,35.1557]]],[[[132.3931,35.1559],[132.3915,35.1552],[132.3906,35.1559],[132.3914,35.1555],[132.3931,35.1559]]],[[[132.3915,35.1559],[132.3915,35.1557],[132.3914,35.1558],[132.3915,35.1559]]],[[[132.3918,35.156],[132.3917,35.1559],[132.3917,35.156],[132.3918,35.156]]],[[[132.3914,35.1561],[132.3915,35.1561],[132.3915,35.1561],[132.3914,35.1561]]],[[[132.3915,35.1562],[132.3916,35.1562],[132.3916,35.1562],[132.3915,35.1562]]],[[[132.3984,35.1565],[132.3984,35.1565],[132.3984,35.1565],[132.3984,35.1565]]],[[[132.3985,35.1566],[132.3985,35.1566],[132.3985,35.1566],[132.3985,35.1566]]],[[[132.3978,35.157],[132.3978,35.1571],[132.3979,35.157],[132.3978,35.157]]],[[[132.3979,35.1571],[132.3979,35.1571],[132.3979,35.1571],[132.3979,35.1571]]],[[[132.3974,35.1571],[132.3974,35.1571],[132.3974,35.1571],[132.3974,35.1571]]],[[[132.3972,35.1571],[132.3972,35.1572],[132.3973,35.1571],[132.3972,35.1571]]],[[[132.3974,35.1571],[132.3975,35.1572],[132.3975,35.1571],[132.3974,35.1571]]],[[[132.3981,35.1572],[132.3981,35.1572],[132.3981,35.1572],[132.3981,35.1572]]],[[[132.3977,35.1572],[132.3978,35.1572],[132.3978,35.1572],[132.3977,35.1572]]],[[[132.399,35.1573],[132.3989,35.1573],[132.3989,35.1573],[132.399,35.1573]]],[[[132.3977,35.1573],[132.3977,35.1573],[132.3978,35.1573],[132.3977,35.1573]]],[[[132.3977,35.1577],[132.3982,35.1574],[132.3976,35.1576],[132.3977,35.1577]]],[[[132.3981,35.1576],[132.3981,35.1576],[132.3981,35.1576],[132.3981,35.1576]]],[[[132.3994,35.1581],[132.3994,35.158],[132.3993,35.158],[132.3994,35.1581]]],[[[132.398,35.1584],[132.3993,35.1585],[132.3993,35.1584],[132.3991,35.1583],[132.398,35.1584]]],[[[132.3967,35.1587],[132.3963,35.1579],[132.3966,35.1594],[132.3967,35.1587]]],[[[132.3997,35.1589],[132.3998,35.159],[132.3998,35.1589],[132.3997,35.1589]]],[[[132.3997,35.1591],[132.3998,35.1592],[132.3998,35.1591],[132.3997,35.1591]]],[[[132.4029,35.1638],[132.403,35.1639],[132.403,35.1638],[132.4029,35.1638]]],[[[132.403,35.1638],[132.4031,35.1639],[132.4031,35.1639],[132.403,35.1638]]],[[[132.4019,35.1643],[132.4019,35.1642],[132.4019,35.1642],[132.4019,35.1643]]],[[[132.4021,35.1643],[132.4021,35.1643],[132.4021,35.1643],[132.4021,35.1643]]],[[[132.4018,35.1644],[132.4017,35.1643],[132.4017,35.1643],[132.4018,35.1644]]],[[[132.4017,35.1644],[132.4016,35.1645],[132.4017,35.1645],[132.4017,35.1644]]],[[[132.402,35.1645],[132.4019,35.1644],[132.4019,35.1645],[132.402,35.1645]]],[[[132.4024,35.1648],[132.4024,35.1647],[132.4024,35.1647],[132.4024,35.1648]]],[[[132.4023,35.1648],[132.4023,35.1648],[132.4023,35.1648],[132.4023,35.1648]]],[[[132.4023,35.1649],[132.4024,35.1649],[132.4024,35.1649],[132.4023,35.1649]]],[[[132.4022,35.1652],[132.4023,35.1652],[132.4023,35.1651],[132.4022,35.1652]]],[[[132.403,35.1687],[132.4028,35.1681],[132.4026,35.1679],[132.403,35.1687]]],[[[132.4032,35.1688],[132.4031,35.1688],[132.403,35.1688],[132.4032,35.1688]]],[[[132.3986,35.1687],[132.3987,35.1688],[132.3986,35.1687],[132.3986,35.1687]]],[[[132.4033,35.1688],[132.4033,35.1688],[132.4032,35.1688],[132.4033,35.1688]]],[[[132.4034,35.1689],[132.4035,35.1688],[132.4034,35.1688],[132.4034,35.1689]]],[[[132.403,35.1688],[132.4029,35.1689],[132.4032,35.1689],[132.403,35.1688]]],[[[132.4032,35.1689],[132.4032,35.1689],[132.4032,35.1689],[132.4032,35.1689]]],[[[132.4033,35.169],[132.4034,35.1689],[132.4033,35.1689],[132.4033,35.169]]],[[[132.4032,35.169],[132.4032,35.169],[132.4032,35.169],[132.4032,35.169]]],[[[132.399,35.1692],[132.399,35.1691],[132.3989,35.1691],[132.399,35.1692]]],[[[132.3981,35.1701],[132.3987,35.1689],[132.3969,35.1689],[132.3981,35.1701]]],[[[132.3991,35.1695],[132.3992,35.1695],[132.3992,35.1694],[132.3991,35.1695]]],[[[132.3993,35.1695],[132.3993,35.1696],[132.3993,35.1695],[132.3993,35.1695]]],[[[132.3993,35.1705],[132.4011,35.1705],[132.4023,35.1695],[132.3997,35.1687],[132.3993,35.1705]]],[[[132.4034,35.17],[132.4034,35.17],[132.4035,35.17],[132.4034,35.17]]],[[[132.3978,35.1702],[132.397,35.1696],[132.396,35.1696],[132.3968,35.1705],[132.3978,35.1702]]],[[[132.4053,35.1718],[132.4053,35.1717],[132.4053,35.1717],[132.4053,35.1718]]],[[[132.4052,35.1718],[132.4052,35.1717],[132.4051,35.1717],[132.4052,35.1718]]],[[[132.408,35.1751],[132.4084,35.1752],[132.4082,35.1751],[132.408,35.1751]]],[[[132.4085,35.1748],[132.4081,35.1746],[132.408,35.175],[132.4085,35.1748]]],[[[132.4158,35.176],[132.4158,35.176],[132.4158,35.176],[132.4158,35.176]]],[[[132.4157,35.176],[132.4157,35.176],[132.4157,35.176],[132.4157,35.176]]],[[[132.4155,35.176],[132.4154,35.176],[132.4154,35.176],[132.4155,35.176]]],[[[132.4156,35.176],[132.4156,35.176],[132.4157,35.176],[132.4156,35.176]]],[[[132.4157,35.176],[132.4157,35.176],[132.4157,35.176],[132.4157,35.176]]],[[[132.4157,35.176],[132.4157,35.176],[132.4157,35.176],[132.4157,35.176]]],[[[132.4155,35.176],[132.4155,35.176],[132.4155,35.1761],[132.4155,35.176]]],[[[132.4159,35.1762],[132.4159,35.1763],[132.4159,35.1763],[132.4159,35.1762]]],[[[132.4157,35.1763],[132.4157,35.1763],[132.4157,35.1763],[132.4157,35.1763]]],[[[132.4157,35.1763],[132.4157,35.1763],[132.4157,35.1763],[132.4157,35.1763]]],[[[132.4159,35.1765],[132.4159,35.1764],[132.4159,35.1764],[132.4159,35.1765]]],[[[132.4161,35.1764],[132.4161,35.1765],[132.4161,35.1765],[132.4161,35.1764]]],[[[132.4161,35.1765],[132.4161,35.1765],[132.4161,35.1765],[132.4161,35.1765]]],[[[132.416,35.1765],[132.416,35.1765],[132.416,35.1765],[132.416,35.1765]]],[[[132.4168,35.1774],[132.4168,35.1774],[132.4168,35.1774],[132.4168,35.1774]]],[[[132.4167,35.1776],[132.4167,35.1776],[132.4167,35.1776],[132.4167,35.1776]]],[[[132.4166,35.1778],[132.4166,35.1778],[132.4166,35.1778],[132.4166,35.1778]]],[[[132.4162,35.178],[132.4163,35.1781],[132.4163,35.1781],[132.4162,35.178]]],[[[132.4151,35.178],[132.415,35.1781],[132.4151,35.1781],[132.4151,35.178]]],[[[132.4162,35.1781],[132.4162,35.1781],[132.4163,35.1781],[132.4162,35.1781]]],[[[132.4147,35.1781],[132.4146,35.1781],[132.4146,35.1782],[132.4147,35.1781]]],[[[132.4143,35.1782],[132.4145,35.1781],[132.4143,35.1781],[132.4143,35.1782]]],[[[132.415,35.1781],[132.4148,35.1782],[132.4149,35.1782],[132.415,35.1781]]],[[[132.4147,35.1783],[132.4148,35.1782],[132.4146,35.1782],[132.4147,35.1783]]],[[[132.415,35.1785],[132.4151,35.1786],[132.4151,35.1785],[132.415,35.1785]]],[[[132.4124,35.1791],[132.4128,35.1789],[132.4124,35.1791],[132.4124,35.1791]]],[[[132.4129,35.179],[132.4129,35.179],[132.4128,35.1791],[132.4129,35.179]]],[[[132.4136,35.1791],[132.4136,35.1792],[132.4136,35.1791],[132.4136,35.1791]]],[[[132.4138,35.1793],[132.4138,35.1792],[132.4137,35.1793],[132.4138,35.1793]]],[[[132.4128,35.1794],[132.4135,35.1796],[132.4136,35.1791],[132.4128,35.1794]]],[[[132.414,35.1801],[132.4139,35.1801],[132.4139,35.1801],[132.414,35.1801]]],[[[132.4144,35.1804],[132.4151,35.1804],[132.415,35.18],[132.4144,35.1804]]],[[[132.4145,35.1807],[132.4144,35.1806],[132.4144,35.1807],[132.4145,35.1807]]],[[[132.4139,35.1808],[132.4141,35.1807],[132.4139,35.1807],[132.4139,35.1808]]],[[[132.4216,35.1842],[132.4214,35.1841],[132.4214,35.1841],[132.4216,35.1842]]],[[[132.4199,35.1849],[132.4196,35.1849],[132.4197,35.1852],[132.4199,35.1849]]],[[[132.4169,35.1858],[132.4165,35.1852],[132.4167,35.1859],[132.4169,35.1858]]],[[[132.4182,35.1878],[132.4182,35.1879],[132.4182,35.1879],[132.4182,35.1878]]],[[[132.418,35.1879],[132.4178,35.1883],[132.4179,35.1884],[132.418,35.188],[132.418,35.1879]]],[[[132.42,35.1895],[132.42,35.1896],[132.42,35.1895],[132.42,35.1895]]],[[[132.42,35.1897],[132.42,35.1897],[132.42,35.1897],[132.42,35.1897]]],[[[132.4196,35.19],[132.4196,35.1902],[132.4196,35.19],[132.4196,35.19]]],[[[132.4202,35.1901],[132.4203,35.1901],[132.4203,35.19],[132.4202,35.1901]]],[[[132.4208,35.1908],[132.4208,35.1912],[132.4209,35.1908],[132.4208,35.1908]]],[[[132.4205,35.1923],[132.4206,35.1923],[132.4207,35.1923],[132.4205,35.1923]]],[[[132.4349,35.1925],[132.4347,35.1926],[132.4349,35.1927],[132.4349,35.1925]]],[[[132.4205,35.1933],[132.4207,35.1923],[132.4203,35.1931],[132.4205,35.1933]]],[[[132.4366,35.1936],[132.4364,35.1934],[132.4364,35.1935],[132.4366,35.1936]]],[[[132.4371,35.1936],[132.437,35.1934],[132.437,35.1936],[132.4369,35.1937],[132.4371,35.1936]]],[[[132.4369,35.1936],[132.4369,35.1936],[132.437,35.1936],[132.4369,35.1936]]],[[[132.437,35.1939],[132.437,35.1939],[132.437,35.1939],[132.437,35.1939]]],[[[132.437,35.194],[132.437,35.194],[132.437,35.194],[132.437,35.194]]],[[[132.437,35.194],[132.4371,35.194],[132.4371,35.194],[132.437,35.194]]],[[[132.437,35.194],[132.4369,35.194],[132.4369,35.1941],[132.437,35.194]]],[[[132.4398,35.1944],[132.4397,35.1945],[132.4398,35.1944],[132.4398,35.1944]]],[[[132.4397,35.1945],[132.4397,35.1945],[132.4397,35.1945],[132.4397,35.1945]]],[[[132.4397,35.1946],[132.4397,35.1945],[132.4397,35.1946],[132.4397,35.1946]]],[[[132.4386,35.1947],[132.4386,35.1948],[132.4386,35.1947],[132.4386,35.1947]]],[[[132.4378,35.1951],[132.4379,35.1952],[132.4379,35.1952],[132.4378,35.1951]]],[[[132.4405,35.1952],[132.4402,35.1951],[132.4404,35.1953],[132.4405,35.1952]]],[[[132.4407,35.1953],[132.4408,35.1954],[132.4407,35.1952],[132.4407,35.1953]]],[[[132.4516,35.2002],[132.4516,35.2002],[132.4516,35.2001],[132.4516,35.2002]]],[[[132.4516,35.2003],[132.4516,35.2004],[132.4517,35.2003],[132.4516,35.2003]]],[[[132.4531,35.202],[132.4528,35.2023],[132.4532,35.2022],[132.4531,35.202]]],[[[132.575,35.2723],[132.5765,35.2692],[132.5767,35.2651],[132.5793,35.2641],[132.5798,35.2573],[132.5812,35.2551],[132.581,35.2502],[132.5846,35.2465],[132.58,35.2367],[132.5798,35.2341],[132.5817,35.2332],[132.5817,35.2317],[132.5854,35.2287],[132.5869,35.2288],[132.5878,35.2273],[132.59,35.2279],[132.5909,35.2252],[132.5926,35.2261],[132.5924,35.2243],[132.5935,35.2246],[132.5946,35.2226],[132.5982,35.2216],[132.5977,35.2192],[132.6004,35.2172],[132.6085,35.2174],[132.6096,35.212],[132.6151,35.2133],[132.6178,35.2094],[132.6191,35.2099],[132.6232,35.2081],[132.6263,35.2088],[132.6282,35.207],[132.6282,35.2038],[132.6303,35.2035],[132.6312,35.2019],[132.6334,35.2023],[132.6343,35.2035],[132.6351,35.2026],[132.6397,35.2022],[132.6416,35.2004],[132.6416,35.2025],[132.6389,35.2054],[132.64,35.2082],[132.649,35.2109],[132.6508,35.208],[132.6502,35.2068],[132.6526,35.2047],[132.6534,35.2055],[132.6555,35.2049],[132.6547,35.2026],[132.6598,35.1994],[132.66,35.1964],[132.6616,35.1944],[132.6608,35.192],[132.6628,35.1913],[132.6638,35.1893],[132.6631,35.1886],[132.6664,35.1858],[132.6666,35.1831],[132.6653,35.1814],[132.6681,35.1765],[132.6663,35.1705],[132.6609,35.1704],[132.6578,35.162],[132.656,35.1622],[132.6532,35.1603],[132.6503,35.1532],[132.6507,35.1508],[132.6474,35.1487],[132.6442,35.1488],[132.6404,35.1466],[132.6378,35.1466],[132.632,35.1418],[132.629,35.1365],[132.6333,35.135],[132.6502,35.1249],[132.6526,35.1215],[132.651,35.1198],[132.6538,35.1183],[132.6634,35.1181],[132.6671,35.121],[132.6715,35.1182],[132.672,35.1169],[132.6706,35.1119],[132.6662,35.1101],[132.6636,35.107],[132.6666,35.103],[132.6685,35.1024],[132.6667,35.0974],[132.6608,35.0932],[132.6605,35.0909],[132.6587,35.0901],[132.6524,35.0927],[132.6427,35.091],[132.6416,35.0932],[132.6368,35.0947],[132.6331,35.098],[132.631,35.0983],[132.6285,35.0943],[132.6266,35.0942],[132.6224,35.0907],[132.613,35.0897],[132.6099,35.0931],[132.6112,35.0956],[132.6131,35.0966],[132.6126,35.1009],[132.6144,35.103],[132.6152,35.1077],[132.608,35.1133],[132.605,35.1136],[132.605,35.1166],[132.6008,35.1172],[132.5985,35.1124],[132.5909,35.116],[132.5887,35.1199],[132.5821,35.1202],[132.5781,35.1176],[132.5742,35.1173],[132.5709,35.1181],[132.5675,35.1205],[132.5641,35.1172],[132.5615,35.1173],[132.5587,35.1182],[132.5559,35.1212],[132.5543,35.1208],[132.5521,35.1227],[132.5485,35.1236],[132.5455,35.1181],[132.543,35.1164],[132.5391,35.1175],[132.5368,35.1128],[132.5326,35.1148],[132.5325,35.1126],[132.5274,35.1086],[132.5275,35.1062],[132.5243,35.1064],[132.5248,35.1035],[132.5214,35.1029],[132.5206,35.1003],[132.5181,35.1009],[132.5146,35.0997],[132.5117,35.1016],[132.5113,35.0989],[132.509,35.0978],[132.5052,35.0981],[132.5015,35.0944],[132.4955,35.0984],[132.4933,35.098],[132.4919,35.099],[132.4906,35.0973],[132.4864,35.096],[132.4871,35.0941],[132.4851,35.0891],[132.4859,35.0878],[132.4817,35.0855],[132.4805,35.0832],[132.4784,35.0821],[132.4805,35.0785],[132.4821,35.0787],[132.4839,35.0774],[132.4834,35.0749],[132.4796,35.076],[132.4743,35.0749],[132.4751,35.0729],[132.4798,35.0686],[132.4801,35.0669],[132.4822,35.065],[132.485,35.0643],[132.4831,35.0593],[132.4835,35.0579],[132.4796,35.0522],[132.475,35.0494],[132.4762,35.0427],[132.4731,35.0358],[132.4665,35.0324],[132.4661,35.03],[132.461,35.0309],[132.4589,35.0291],[132.459,35.0262],[132.4578,35.0256],[132.4574,35.0227],[132.4585,35.0228],[132.4574,35.0191],[132.4586,35.0167],[132.4546,35.0177],[132.451,35.0204],[132.45,35.0198],[132.4498,35.0218],[132.4475,35.0218],[132.4479,35.0232],[132.4463,35.0234],[132.4402,35.022],[132.4367,35.0235],[132.4367,35.0211],[132.4386,35.0188],[132.4337,35.0178],[132.4318,35.0163],[132.4294,35.0191],[132.427,35.0187],[132.4238,35.022],[132.422,35.0194],[132.4194,35.0182],[132.4102,35.0188],[132.4038,35.0154],[132.402,35.0115],[132.3999,35.0096],[132.3981,35.0109],[132.3958,35.0099],[132.3936,35.0106],[132.3885,35.0087],[132.3875,35.0037],[132.3854,35.0032],[132.3854,35.001],[132.3837,34.9984],[132.3802,35.0016],[132.3789,35.005],[132.375,35.0074],[132.3732,35.0075],[132.3722,35.0062],[132.3686,35.0068],[132.3687,35.0099],[132.3647,35.013],[132.3641,35.0166],[132.3609,35.022],[132.3628,35.025],[132.3622,35.0269],[132.3642,35.0277],[132.3621,35.0297],[132.3637,35.0334],[132.3578,35.0357],[132.3561,35.0377],[132.3544,35.0415],[132.3564,35.0439],[132.356,35.045],[132.3443,35.0508],[132.3384,35.0491],[132.3378,35.0505],[132.3346,35.0511],[132.3334,35.055],[132.3303,35.0543],[132.3274,35.0587],[132.325,35.0571],[132.3263,35.0535],[132.325,35.0517],[132.3237,35.0518],[132.3215,35.0548],[132.319,35.0554],[132.3192,35.0593],[132.3158,35.0609],[132.3162,35.062],[132.3143,35.0638],[132.3145,35.0645],[132.3139,35.0648],[132.3153,35.065],[132.3147,35.0662],[132.3168,35.0661],[132.3156,35.0687],[132.318,35.0694],[132.3167,35.0699],[132.3169,35.0715],[132.3186,35.0712],[132.3173,35.0715],[132.3184,35.0723],[132.3181,35.0738],[132.3209,35.0739],[132.3227,35.0745],[132.3227,35.0749],[132.3234,35.0745],[132.3244,35.0759],[132.3248,35.075],[132.3264,35.0751],[132.3281,35.0777],[132.3272,35.082],[132.3258,35.0814],[132.3252,35.0832],[132.3237,35.0833],[132.3242,35.0857],[132.3241,35.0864],[132.3238,35.0864],[132.3236,35.0867],[132.3245,35.0864],[132.3246,35.0868],[132.3245,35.0874],[132.3239,35.0876],[132.3238,35.0883],[132.3253,35.0877],[132.3248,35.0882],[132.3257,35.0885],[132.3256,35.0899],[132.3269,35.089],[132.3264,35.0906],[132.3269,35.09],[132.3286,35.0903],[132.3282,35.0914],[132.3312,35.093],[132.3319,35.094],[132.3327,35.0975],[132.3348,35.0952],[132.3364,35.096],[132.3369,35.0945],[132.3385,35.0948],[132.3384,35.0922],[132.3393,35.0931],[132.3425,35.0926],[132.3418,35.0916],[132.3451,35.0919],[132.3455,35.093],[132.3443,35.0945],[132.3428,35.0936],[132.3389,35.096],[132.3409,35.0976],[132.3393,35.0969],[132.3374,35.0988],[132.341,35.0992],[132.3422,35.1001],[132.3393,35.0999],[132.3403,35.1015],[132.3397,35.1018],[132.3384,35.1007],[132.3384,35.0999],[132.3373,35.1001],[132.3373,35.1024],[132.3382,35.1018],[132.3428,35.1024],[132.3423,35.1033],[132.3441,35.1027],[132.3435,35.1037],[132.3445,35.104],[132.3467,35.1028],[132.3474,35.1045],[132.3455,35.1054],[132.3467,35.106],[132.349,35.1034],[132.3489,35.1049],[132.3504,35.1049],[132.3483,35.1061],[132.3494,35.1072],[132.3483,35.1078],[132.35,35.1082],[132.3506,35.1066],[132.3515,35.1096],[132.3517,35.108],[132.353,35.1075],[132.3523,35.1068],[132.3548,35.1063],[132.3544,35.1084],[132.3554,35.1077],[132.3567,35.1086],[132.3552,35.1101],[132.3576,35.11],[132.3593,35.1115],[132.3577,35.1126],[132.3581,35.1134],[132.3573,35.1132],[132.357,35.1134],[132.3595,35.1141],[132.3599,35.1129],[132.3623,35.1137],[132.3613,35.1126],[132.3622,35.1125],[132.3656,35.1148],[132.3652,35.1161],[132.3641,35.1163],[132.3662,35.1179],[132.3639,35.1172],[132.3639,35.1187],[132.3653,35.1185],[132.3655,35.1189],[132.3638,35.1198],[132.3667,35.1203],[132.3651,35.1204],[132.3642,35.1212],[132.3644,35.121],[132.3649,35.1212],[132.3648,35.1216],[132.366,35.1215],[132.3669,35.1209],[132.3682,35.1218],[132.3704,35.1192],[132.3699,35.1219],[132.3687,35.1224],[132.3691,35.1233],[132.3702,35.1238],[132.3734,35.1225],[132.3758,35.1233],[132.3731,35.126],[132.3759,35.1255],[132.3755,35.1263],[132.3777,35.126],[132.3767,35.1266],[132.3782,35.1273],[132.3792,35.1267],[132.3814,35.1262],[132.3833,35.1264],[132.3888,35.131],[132.3911,35.1359],[132.3915,35.1375],[132.3914,35.1394],[132.3891,35.1421],[132.388,35.1421],[132.3868,35.1429],[132.3879,35.1427],[132.3877,35.1435],[132.3834,35.1437],[132.3814,35.1464],[132.3839,35.1459],[132.3839,35.1474],[132.3846,35.1469],[132.3851,35.1474],[132.385,35.1469],[132.3855,35.1466],[132.3858,35.1466],[132.3863,35.1469],[132.3861,35.1472],[132.3868,35.1478],[132.3864,35.1472],[132.388,35.1464],[132.3906,35.1462],[132.3911,35.1479],[132.3909,35.1481],[132.3911,35.148],[132.3912,35.1483],[132.3912,35.1486],[132.3916,35.1484],[132.3929,35.149],[132.3936,35.1502],[132.3931,35.1516],[132.3944,35.1524],[132.3943,35.1535],[132.3932,35.1549],[132.3933,35.1555],[132.396,35.1567],[132.3961,35.1572],[132.3984,35.1564],[132.3994,35.1574],[132.3981,35.1557],[132.3987,35.1542],[132.3989,35.156],[132.4029,35.1585],[132.3995,35.158],[132.404,35.1593],[132.4044,35.1615],[132.404,35.1617],[132.403,35.1614],[132.4029,35.1615],[132.4048,35.1639],[132.4035,35.1643],[132.4025,35.1638],[132.4027,35.1651],[132.402,35.1654],[132.4018,35.1648],[132.4014,35.165],[132.4012,35.1658],[132.4032,35.1664],[132.4015,35.1679],[132.4041,35.1667],[132.4043,35.1684],[132.4032,35.1696],[132.4073,35.1727],[132.4064,35.1742],[132.4084,35.1736],[132.409,35.1747],[132.4106,35.1743],[132.4124,35.176],[132.4151,35.1754],[132.4159,35.176],[132.416,35.1761],[132.4159,35.1763],[132.4167,35.1768],[132.4169,35.1773],[132.4167,35.1777],[132.4137,35.1804],[132.4148,35.1798],[132.4158,35.18],[132.4158,35.1838],[132.4188,35.1826],[132.4195,35.1836],[132.4208,35.1826],[132.4221,35.1831],[132.4219,35.1846],[132.4199,35.1853],[132.4209,35.1855],[132.4203,35.1865],[132.4212,35.1855],[132.4224,35.186],[132.4223,35.187],[132.4203,35.1877],[132.4203,35.1875],[132.4207,35.1874],[132.4208,35.1872],[132.4183,35.1857],[132.4192,35.187],[132.4177,35.1907],[132.42,35.1891],[132.4207,35.19],[132.4218,35.1889],[132.4294,35.1898],[132.4369,35.1928],[132.4377,35.1948],[132.4383,35.1951],[132.4384,35.1944],[132.4401,35.1944],[132.4499,35.1986],[132.4555,35.2037],[132.4556,35.2048],[132.4592,35.2055],[132.4654,35.2094],[132.4658,35.2117],[132.4646,35.212],[132.4652,35.2135],[132.4648,35.2123],[132.4668,35.2118],[132.4674,35.2131],[132.4663,35.2134],[132.4668,35.2147],[132.4664,35.2137],[132.4675,35.2134],[132.4685,35.2147],[132.4667,35.2165],[132.4665,35.2154],[132.4656,35.2145],[132.4668,35.217],[132.4712,35.2173],[132.4724,35.2177],[132.4722,35.2185],[132.4736,35.2191],[132.4731,35.2178],[132.475,35.2182],[132.4739,35.2194],[132.4755,35.2183],[132.4801,35.2195],[132.4866,35.2231],[132.4881,35.2251],[132.486,35.2295],[132.4873,35.2297],[132.487,35.2305],[132.4884,35.2292],[132.4897,35.2308],[132.4907,35.2302],[132.4917,35.2306],[132.4943,35.2289],[132.4938,35.2281],[132.4942,35.2278],[132.4976,35.2275],[132.501,35.2284],[132.5012,35.23],[132.5018,35.2314],[132.5024,35.229],[132.5046,35.2306],[132.5036,35.2312],[132.5044,35.2323],[132.5034,35.2324],[132.5031,35.2313],[132.5026,35.2337],[132.5051,35.2337],[132.5071,35.2359],[132.5067,35.2367],[132.5084,35.2368],[132.5083,35.2378],[132.5096,35.2374],[132.5133,35.2383],[132.5148,35.2397],[132.5159,35.2399],[132.5171,35.2406],[132.517,35.2408],[132.5186,35.2404],[132.5196,35.241],[132.5201,35.2411],[132.5188,35.2403],[132.5204,35.2399],[132.52,35.2405],[132.5241,35.2405],[132.5275,35.2421],[132.5284,35.2437],[132.5269,35.2444],[132.5287,35.2448],[132.5276,35.2456],[132.5272,35.2447],[132.5272,35.2475],[132.5275,35.249],[132.5298,35.2506],[132.5297,35.2527],[132.5323,35.2523],[132.5328,35.2528],[132.5326,35.2541],[132.5333,35.2529],[132.5347,35.2533],[132.5369,35.2557],[132.5366,35.256],[132.5373,35.2555],[132.5383,35.2557],[132.5392,35.2567],[132.5386,35.2574],[132.5402,35.2582],[132.5416,35.2572],[132.5416,35.2581],[132.5425,35.2577],[132.5426,35.259],[132.5439,35.2591],[132.5439,35.2595],[132.5467,35.259],[132.5471,35.2594],[132.5472,35.2603],[132.5478,35.2596],[132.5488,35.2597],[132.5497,35.2611],[132.5514,35.2603],[132.5514,35.2608],[132.5519,35.2611],[132.552,35.262],[132.5541,35.2625],[132.5549,35.2633],[132.5545,35.2638],[132.5557,35.2647],[132.5565,35.2641],[132.5587,35.2646],[132.559,35.2655],[132.5597,35.2649],[132.5602,35.2649],[132.5602,35.2653],[132.5616,35.2643],[132.5625,35.265],[132.5619,35.2659],[132.5616,35.2666],[132.5623,35.266],[132.5632,35.2674],[132.5652,35.2668],[132.5726,35.2697],[132.5731,35.2718],[132.5732,35.2713],[132.5744,35.2713],[132.575,35.2723]]],[[[132.4554,35.2044],[132.4554,35.2043],[132.4553,35.2044],[132.4554,35.2044]]],[[[132.4554,35.2047],[132.4555,35.2047],[132.4555,35.2046],[132.4554,35.2047]]],[[[132.4554,35.2047],[132.4554,35.2047],[132.4554,35.2047],[132.4554,35.2047]]],[[[132.4557,35.2048],[132.4557,35.2049],[132.4558,35.2049],[132.4557,35.2048]]],[[[132.4553,35.2051],[132.4554,35.2052],[132.4554,35.2051],[132.4553,35.2051]]],[[[132.4547,35.2052],[132.4548,35.2052],[132.4549,35.2051],[132.4547,35.2052]]],[[[132.4555,35.2053],[132.4554,35.2052],[132.4554,35.2053],[132.4555,35.2053]]],[[[132.4551,35.2054],[132.4552,35.2055],[132.4552,35.2054],[132.4551,35.2054]]],[[[132.4555,35.2059],[132.4556,35.2059],[132.4554,35.2058],[132.4555,35.2059]]],[[[132.4631,35.2134],[132.4629,35.2128],[132.4629,35.2134],[132.4631,35.2134]]],[[[132.4641,35.2141],[132.4645,35.2152],[132.465,35.2155],[132.4641,35.2141]]],[[[132.4663,35.2169],[132.4665,35.2171],[132.4666,35.217],[132.4663,35.2169]]],[[[132.4658,35.2171],[132.466,35.2173],[132.466,35.2171],[132.4658,35.2171]]],[[[132.4944,35.2285],[132.4942,35.2286],[132.4942,35.2286],[132.4944,35.2285]]],[[[132.4857,35.2296],[132.4856,35.2295],[132.4855,35.2295],[132.4857,35.2296]]],[[[132.4857,35.2298],[132.4857,35.2296],[132.4856,35.2297],[132.4857,35.2298]]],[[[132.4935,35.2299],[132.4934,35.2297],[132.4935,35.2299],[132.4935,35.2299]]],[[[132.4857,35.23],[132.4856,35.2299],[132.4855,35.23],[132.4857,35.23]]],[[[132.4854,35.2299],[132.4852,35.23],[132.4854,35.23],[132.4854,35.2299]]],[[[132.4858,35.23],[132.486,35.23],[132.486,35.23],[132.4858,35.23]]],[[[132.4865,35.2302],[132.4865,35.2301],[132.4865,35.2302],[132.4865,35.2302]]],[[[132.4861,35.2304],[132.4861,35.2302],[132.486,35.2304],[132.4861,35.2304]]],[[[132.488,35.2304],[132.488,35.2303],[132.4879,35.2303],[132.488,35.2304]]],[[[132.4921,35.2305],[132.4922,35.2306],[132.4923,35.2304],[132.4921,35.2305]]],[[[132.4914,35.2308],[132.4914,35.2307],[132.4914,35.2307],[132.4914,35.2308]]],[[[132.4911,35.2308],[132.491,35.2307],[132.491,35.2308],[132.4911,35.2308]]],[[[132.4907,35.2308],[132.4907,35.2309],[132.4909,35.2307],[132.4907,35.2308]]],[[[132.501,35.2321],[132.5009,35.2321],[132.5009,35.2322],[132.501,35.2322],[132.501,35.2321]]],[[[132.5009,35.2327],[132.5,35.2327],[132.5,35.2327],[132.5009,35.2327]]],[[[132.4984,35.2338],[132.4974,35.2329],[132.4973,35.233],[132.4984,35.2338]]],[[[132.5045,35.2341],[132.5047,35.234],[132.5047,35.2339],[132.5045,35.2341]]],[[[132.5054,35.2346],[132.5055,35.2347],[132.5055,35.2346],[132.5054,35.2346]]],[[[132.5056,35.2347],[132.5055,35.2348],[132.5057,35.2347],[132.5056,35.2347]]],[[[132.5053,35.2348],[132.5053,35.2348],[132.5053,35.2349],[132.5053,35.2348]]],[[[132.5063,35.2359],[132.5061,35.2358],[132.5062,35.2359],[132.5063,35.2359]]],[[[132.506,35.236],[132.5061,35.236],[132.5061,35.2359],[132.506,35.236]]],[[[132.5059,35.236],[132.5059,35.2361],[132.506,35.236],[132.5059,35.236]]],[[[132.5067,35.237],[132.5067,35.2368],[132.5067,35.2367],[132.5067,35.237]]],[[[132.5074,35.2369],[132.5073,35.2371],[132.5074,35.2369],[132.5074,35.2369]]],[[[132.5063,35.2375],[132.5062,35.2376],[132.5063,35.2376],[132.5063,35.2375]]],[[[132.508,35.2377],[132.508,35.2376],[132.508,35.2377],[132.508,35.2377]]],[[[132.5095,35.2376],[132.5095,35.2377],[132.5095,35.2377],[132.5095,35.2376]]],[[[132.5082,35.2377],[132.5081,35.2377],[132.5082,35.2378],[132.5082,35.2377]]],[[[132.5096,35.2379],[132.5095,35.2379],[132.5095,35.2379],[132.5096,35.2379]]],[[[132.5084,35.2382],[132.5084,35.2381],[132.5084,35.2381],[132.5084,35.2382]]],[[[132.5092,35.2381],[132.5091,35.2382],[132.5092,35.2382],[132.5092,35.2381]]],[[[132.5102,35.2381],[132.5101,35.2381],[132.5102,35.2382],[132.5102,35.2381]]],[[[132.5116,35.2385],[132.5117,35.2385],[132.5115,35.2385],[132.5116,35.2385]]],[[[132.5121,35.2388],[132.5122,35.2387],[132.5122,35.2387],[132.5121,35.2388]]],[[[132.5132,35.2388],[132.5128,35.2387],[132.5129,35.2389],[132.5132,35.2388]]],[[[132.5137,35.2389],[132.5136,35.2388],[132.5136,35.2388],[132.5137,35.2389]]],[[[132.5168,35.2406],[132.5168,35.2405],[132.5167,35.2406],[132.5168,35.2406]]],[[[132.5168,35.2407],[132.5166,35.2407],[132.5166,35.2408],[132.5168,35.2407]]],[[[132.5157,35.2407],[132.5156,35.2407],[132.5157,35.2408],[132.5157,35.2407]]],[[[132.516,35.2408],[132.5158,35.2407],[132.5159,35.2408],[132.516,35.2408]]],[[[132.5171,35.2409],[132.5171,35.2408],[132.517,35.2409],[132.5171,35.2409]]],[[[132.5181,35.241],[132.5181,35.2411],[132.5182,35.2411],[132.5181,35.241]]],[[[132.5204,35.2416],[132.5202,35.2415],[132.5202,35.2416],[132.5204,35.2416]]],[[[132.5262,35.2448],[132.5268,35.2448],[132.526,35.2447],[132.5262,35.2448]]],[[[132.5267,35.2481],[132.5269,35.2484],[132.5272,35.2481],[132.5267,35.2481]]],[[[132.5327,35.2527],[132.5325,35.2528],[132.5325,35.2529],[132.5327,35.2527]]],[[[132.5325,35.2526],[132.5323,35.2527],[132.5322,35.2529],[132.5325,35.2526]]],[[[132.5354,35.2549],[132.5356,35.2548],[132.5354,35.2549],[132.5354,35.2549]]],[[[132.5352,35.2566],[132.5365,35.2566],[132.5365,35.2557],[132.5352,35.2566]]],[[[132.5377,35.2558],[132.538,35.2559],[132.538,35.2558],[132.5377,35.2558]]],[[[132.5366,35.2566],[132.5368,35.2564],[132.5371,35.2559],[132.5366,35.2562],[132.5366,35.2566]]],[[[132.5435,35.2593],[132.5437,35.2592],[132.5435,35.2593],[132.5435,35.2593]]],[[[132.543,35.2593],[132.5428,35.2593],[132.5427,35.2594],[132.543,35.2593]]],[[[132.5457,35.2594],[132.5455,35.2594],[132.5455,35.2595],[132.5457,35.2594]]],[[[132.5467,35.2595],[132.5468,35.2595],[132.5468,35.2595],[132.5467,35.2595]]],[[[132.5469,35.2595],[132.5468,35.2595],[132.5468,35.2595],[132.5469,35.2595]]],[[[132.5421,35.2594],[132.5423,35.2595],[132.5423,35.2593],[132.5421,35.2594]]],[[[132.5449,35.2596],[132.5448,35.2596],[132.5448,35.2596],[132.5449,35.2596]]],[[[132.5429,35.26],[132.5426,35.2595],[132.5422,35.2599],[132.5429,35.26]]],[[[132.545,35.2597],[132.5449,35.2597],[132.5448,35.2599],[132.545,35.2597]]],[[[132.5481,35.2598],[132.548,35.2598],[132.5481,35.2599],[132.5481,35.2598]]],[[[132.548,35.26],[132.5481,35.2599],[132.548,35.2599],[132.548,35.26]]],[[[132.5477,35.26],[132.5476,35.2601],[132.5476,35.2601],[132.5477,35.26]]],[[[132.5485,35.2601],[132.5485,35.2601],[132.5485,35.2601],[132.5485,35.2601]]],[[[132.5479,35.2601],[132.5478,35.2601],[132.5479,35.2602],[132.5479,35.2601]]],[[[132.5478,35.2601],[132.5478,35.2601],[132.5478,35.2602],[132.5478,35.2601]]],[[[132.5479,35.2602],[132.5479,35.2602],[132.5479,35.2602],[132.5479,35.2602]]],[[[132.5478,35.2605],[132.5477,35.2605],[132.5477,35.2606],[132.5478,35.2605]]],[[[132.549,35.2607],[132.5489,35.2608],[132.549,35.2607],[132.549,35.2607]]],[[[132.549,35.261],[132.5491,35.2608],[132.5489,35.2608],[132.549,35.261]]],[[[132.5503,35.261],[132.5502,35.2611],[132.5502,35.2611],[132.5503,35.261]]],[[[132.5514,35.2611],[132.5514,35.2612],[132.5515,35.2611],[132.5514,35.2611]]],[[[132.5498,35.2612],[132.5498,35.2613],[132.5498,35.2612],[132.5498,35.2612]]],[[[132.5518,35.2612],[132.5516,35.2612],[132.5515,35.2613],[132.5518,35.2612]]],[[[132.5541,35.2629],[132.5542,35.2626],[132.5539,35.2629],[132.5541,35.2629]]],[[[132.5543,35.263],[132.5542,35.2631],[132.5542,35.2631],[132.5543,35.263]]],[[[132.5565,35.2644],[132.5563,35.2645],[132.5563,35.2646],[132.5565,35.2644]]],[[[132.5561,35.2647],[132.5562,35.2646],[132.5561,35.2646],[132.5561,35.2647]]],[[[132.5615,35.2646],[132.5615,35.2647],[132.5615,35.2647],[132.5615,35.2646]]],[[[132.5616,35.265],[132.5618,35.2646],[132.5615,35.265],[132.5616,35.265]]],[[[132.56,35.265],[132.5599,35.265],[132.5599,35.265],[132.56,35.265]]],[[[132.5582,35.2651],[132.5581,35.265],[132.5581,35.2651],[132.5582,35.2651]]],[[[132.5598,35.2651],[132.5597,35.2651],[132.5598,35.2651],[132.5598,35.2651]]],[[[132.5586,35.2653],[132.5585,35.2653],[132.5585,35.2654],[132.5586,35.2653]]],[[[132.5596,35.2654],[132.5594,35.2654],[132.5594,35.2655],[132.5596,35.2654]]],[[[132.5622,35.2662],[132.562,35.2666],[132.5621,35.2666],[132.5622,35.2662]]],[[[132.5626,35.2667],[132.5626,35.2668],[132.5626,35.2667],[132.5626,35.2667]]],[[[132.5628,35.2669],[132.5627,35.2669],[132.5628,35.2669],[132.5628,35.2669]]],[[[132.5627,35.267],[132.5626,35.267],[132.5626,35.2671],[132.5627,35.267]]],[[[132.5647,35.2671],[132.5651,35.2671],[132.5649,35.267],[132.5647,35.2671]]],[[[132.5654,35.2672],[132.5653,35.2672],[132.5653,35.2674],[132.5654,35.2672]]],[[[132.563,35.2673],[132.563,35.2674],[132.563,35.2674],[132.563,35.2673]]],[[[132.5665,35.2677],[132.5667,35.2677],[132.5667,35.2676],[132.5665,35.2677]]],[[[132.5669,35.2677],[132.5667,35.2678],[132.5668,35.2678],[132.5669,35.2677]]],[[[132.5672,35.2682],[132.5674,35.2682],[132.5674,35.2681],[132.5672,35.2682]]],[[[132.5683,35.2691],[132.5683,35.2687],[132.5682,35.2689],[132.5683,35.2691]]],[[[132.5678,35.269],[132.568,35.269],[132.568,35.2688],[132.5678,35.269]]],[[[132.5684,35.269],[132.5686,35.2689],[132.5686,35.2689],[132.5684,35.269]]],[[[132.5687,35.2692],[132.5687,35.2691],[132.5686,35.2692],[132.5687,35.2692]]],[[[132.5712,35.27],[132.5711,35.2696],[132.5709,35.2697],[132.5712,35.27]]],[[[132.5708,35.2698],[132.5709,35.2698],[132.5709,35.2698],[132.5708,35.2698]]],[[[132.5725,35.2709],[132.5724,35.2709],[132.5724,35.2709],[132.5725,35.2709]]],[[[132.5728,35.271],[132.5728,35.2709],[132.5725,35.271],[132.5723,35.271],[132.5728,35.271]]],[[[132.5729,35.2714],[132.5726,35.2713],[132.5728,35.2714],[132.5729,35.2714]]],[[[132.5727,35.2715],[132.5726,35.2714],[132.5726,35.2715],[132.5727,35.2715]]],[[[132.5727,35.2715],[132.5727,35.2716],[132.5728,35.2715],[132.5727,35.2715]]],[[[132.5734,35.2717],[132.5734,35.2717],[132.5734,35.2717],[132.5734,35.2717]]],[[[132.5733,35.2717],[132.5734,35.2718],[132.5734,35.2718],[132.5733,35.2717]]],[[[132.5735,35.2719],[132.5734,35.2719],[132.5735,35.272],[132.5735,35.2719]]],[[[132.5744,35.2723],[132.5744,35.2722],[132.5744,35.2723],[132.5744,35.2723]]]]}},{"type":"Feature","properties":{"code":"32207","name":"江津市","pref_code":"32","pref":"島根県"},"geometry":{"type":"MultiPolygon","coordinates":[[[[132.1482,34.9699],[132.1484,34.9707],[132.1485,34.9707],[132.1485,34.9707],[132.1482,34.9699]]],[[[132.1484,34.9715],[132.1484,34.9714],[132.1481,34.9713],[132.1484,34.9715]]],[[[132.1488,34.9717],[132.1489,34.9717],[132.1489,34.9717],[132.1488,34.9717]]],[[[132.1487,34.9718],[132.1487,34.9716],[132.1487,34.9717],[132.1487,34.9718]]],[[[132.1483,34.9718],[132.1486,34.9719],[132.1485,34.9717],[132.1483,34.9718]]],[[[132.1489,34.9721],[132.149,34.9721],[132.1491,34.9721],[132.1489,34.9721]]],[[[132.1495,34.9723],[132.1495,34.9723],[132.1495,34.9723],[132.1495,34.9723]]],[[[132.1487,34.9723],[132.1487,34.9723],[132.1487,34.9723],[132.1487,34.9723]]],[[[132.1495,34.9725],[132.1495,34.9724],[132.1495,34.9725],[132.1495,34.9725]]],[[[132.1495,34.9725],[132.1495,34.9725],[132.1495,34.9725],[132.1495,34.9725]]],[[[132.1498,34.9727],[132.1498,34.9727],[132.1498,34.9727],[132.1498,34.9727]]],[[[132.1497,34.973],[132.1497,34.973],[132.1497,34.973],[132.1497,34.973]]],[[[132.1497,34.9731],[132.1495,34.9732],[132.1498,34.9731],[132.1497,34.9731]]],[[[132.1496,34.9733],[132.1495,34.9733],[132.1496,34.9733],[132.1496,34.9733]]],[[[132.1494,34.9733],[132.1493,34.9733],[132.1493,34.9734],[132.1494,34.9733]]],[[[132.1503,34.9737],[132.1502,34.9737],[132.1502,34.9738],[132.1503,34.9737]]],[[[132.1508,34.9741],[132.1508,34.9742],[132.1509,34.9741],[132.1508,34.9741]]],[[[132.1509,34.9745],[132.1509,34.9745],[132.1509,34.9745],[132.1509,34.9745]]],[[[132.1515,34.976],[132.1512,34.9759],[132.1512,34.976],[132.1515,34.976]]],[[[132.1514,34.9771],[132.1514,34.977],[132.1513,34.9771],[132.1514,34.9771]]],[[[132.193,34.9982],[132.1929,34.9982],[132.1929,34.9983],[132.193,34.9982]]],[[[132.1941,35.0003],[132.194,35.0003],[132.194,35.0003],[132.1941,35.0003]]],[[[132.1939,35.0003],[132.1938,35.0003],[132.1938,35.0004],[132.1939,35.0003]]],[[[132.1939,35.0004],[132.194,35.0004],[132.194,35.0003],[132.1939,35.0004]]],[[[132.1938,35.0006],[132.1939,35.0005],[132.1938,35.0005],[132.1938,35.0006]]],[[[132.1936,35.0006],[132.1937,35.0005],[132.1937,35.0005],[132.1936,35.0006]]],[[[132.1933,35.0007],[132.1933,35.0007],[132.1933,35.0007],[132.1933,35.0007]]],[[[132.1933,35.0008],[132.1934,35.0008],[132.1934,35.0008],[132.1933,35.0008]]],[[[132.1933,35.001],[132.1934,35.001],[132.1933,35.001],[132.1933,35.001]]],[[[132.1931,35.0011],[132.193,35.0011],[132.193,35.0011],[132.1931,35.0011]]],[[[132.1932,35.0016],[132.1933,35.0016],[132.1933,35.0016],[132.1932,35.0016]]],[[[132.1937,35.0021],[132.1936,35.0019],[132.1933,35.002],[132.1937,35.0021]]],[[[132.194,35.0003],[132.1941,35.0003],[132.1941,35.0003],[132.194,35.0003]]],[[[132.1943,35.0019],[132.1944,35.0021],[132.1944,35.0019],[132.1943,35.0019]]],[[[132.1942,35.002],[132.1942,35.002],[132.1942,35.002],[132.1942,35.002]]],[[[132.2305,35.0275],[132.2305,35.0275],[132.2305,35.0275],[132.2305,35.0275]]],[[[132.2304,35.0275],[132.2304,35.0275],[132.2304,35.0275],[132.2304,35.0275]]],[[[132.2305,35.0276],[132.2305,35.0276],[132.2305,35.0276],[132.2305,35.0276]]],[[[132.2308,35.0278],[132.2307,35.0278],[132.2308,35.0278],[132.2308,35.0278]]],[[[132.2308,35.0284],[132.2309,35.0282],[132.2307,35.0283],[132.2308,35.0284]]],[[[132.2308,35.0285],[132.2307,35.0284],[132.2308,35.0285],[132.2308,35.0285]]],[[[132.2348,35.0335],[132.2344,35.0335],[132.2343,35.0337],[132.2348,35.0335]]],[[[132.2349,35.0338],[132.2347,35.0337],[132.2347,35.0339],[132.2349,35.0338]]],[[[132.2346,35.0338],[132.2346,35.0338],[132.2346,35.0338],[132.2346,35.0338]]],[[[132.2346,35.0339],[132.2346,35.0339],[132.2346,35.0339],[132.2346,35.0339]]],[[[132.24,35.0348],[132.2401,35.0348],[132.2401,35.0348],[132.24,35.0348]]],[[[132.2359,35.0352],[132.2359,35.0353],[132.2359,35.0352],[132.2359,35.0352]]],[[[132.237,35.0355],[132.237,35.0356],[132.2371,35.0356],[132.237,35.0355]]],[[[132.2363,35.0358],[132.2364,35.036],[132.2365,35.0359],[132.2363,35.0358]]],[[[132.2368,35.0359],[132.2368,35.0359],[132.2368,35.0359],[132.2368,35.0359]]],[[[132.2365,35.0359],[132.2362,35.0361],[132.2362,35.0362],[132.2364,35.0361],[132.2365,35.0359]]],[[[132.2368,35.036],[132.2368,35.0361],[132.2368,35.0361],[132.2368,35.036]]],[[[132.2365,35.0362],[132.2367,35.0361],[132.2366,35.0361],[132.2365,35.0362]]],[[[132.2357,35.0365],[132.2363,35.0362],[132.2357,35.0364],[132.2357,35.0365]]],[[[132.2467,35.0367],[132.2468,35.0367],[132.2468,35.0367],[132.2467,35.0367]]],[[[132.248,35.0384],[132.2481,35.0385],[132.2481,35.0384],[132.248,35.0384]]],[[[132.2477,35.0387],[132.2478,35.0386],[132.2477,35.0386],[132.2477,35.0387]]],[[[132.2486,35.0387],[132.2487,35.0387],[132.2487,35.0386],[132.2486,35.0387]]],[[[132.2477,35.0388],[132.2478,35.0387],[132.2478,35.0387],[132.2477,35.0388]]],[[[132.2485,35.0388],[132.2486,35.0387],[132.2485,35.0387],[132.2485,35.0388]]],[[[132.2487,35.039],[132.2487,35.039],[132.2486,35.039],[132.2487,35.039]]],[[[132.2487,35.0394],[132.2485,35.0391],[132.2484,35.0393],[132.2487,35.0394]]],[[[132.2484,35.0393],[132.2484,35.0394],[132.2484,35.0393],[132.2484,35.0393]]],[[[132.2486,35.0395],[132.2486,35.0395],[132.2485,35.0395],[132.2486,35.0395]]],[[[132.2495,35.0386],[132.2497,35.0386],[132.2495,35.0384],[132.2495,35.0386]]],[[[132.2509,35.0386],[132.2512,35.0386],[132.251,35.0384],[132.2509,35.0386]]],[[[132.2497,35.0389],[132.2497,35.0388],[132.2497,35.0389],[132.2497,35.0389]]],[[[132.2487,35.0391],[132.2487,35.039],[132.2487,35.0391],[132.2487,35.0391]]],[[[132.2488,35.0394],[132.2487,35.0395],[132.2488,35.0394],[132.2488,35.0394]]],[[[132.2528,35.0395],[132.253,35.0394],[132.253,35.0393],[132.2528,35.0395]]],[[[132.2536,35.0403],[132.2538,35.0402],[132.2536,35.0402],[132.2536,35.0403]]],[[[132.258,35.0409],[132.2582,35.0409],[132.2582,35.0408],[132.258,35.0409]]],[[[132.2574,35.0407],[132.2572,35.0412],[132.2575,35.0408],[132.2574,35.0407]]],[[[132.2578,35.041],[132.2577,35.0411],[132.2578,35.0412],[132.2578,35.0411],[132.2578,35.041]]],[[[132.2567,35.0412],[132.2568,35.0411],[132.2568,35.041],[132.2567,35.0412]]],[[[132.2566,35.0412],[132.2566,35.0412],[132.2566,35.0412],[132.2566,35.0412]]],[[[132.2559,35.0412],[132.2558,35.0414],[132.2559,35.0412],[132.2559,35.0412]]],[[[132.2579,35.0414],[132.2576,35.0413],[132.2576,35.0414],[132.2579,35.0414]]],[[[132.2568,35.0414],[132.2568,35.0414],[132.2568,35.0414],[132.2568,35.0414]]],[[[132.2578,35.0415],[132.2578,35.0415],[132.2578,35.0415],[132.2578,35.0415]]],[[[132.2581,35.0415],[132.2581,35.0415],[132.2581,35.0415],[132.2581,35.0415]]],[[[132.2578,35.0415],[132.2577,35.0415],[132.2577,35.0416],[132.2578,35.0415]]],[[[132.2581,35.0415],[132.2581,35.0415],[132.2581,35.0415],[132.2581,35.0415]]],[[[132.258,35.0416],[132.258,35.0416],[132.258,35.0416],[132.258,35.0416]]],[[[132.2548,35.0419],[132.2548,35.0419],[132.2548,35.0419],[132.2548,35.0419]]],[[[132.2546,35.0421],[132.2547,35.042],[132.2546,35.0421],[132.2546,35.0421]]],[[[132.2551,35.0421],[132.255,35.0421],[132.255,35.0421],[132.2551,35.0421]]],[[[132.2553,35.0423],[132.2553,35.0422],[132.2552,35.0422],[132.2553,35.0423]]],[[[132.2552,35.0425],[132.2552,35.0424],[132.2551,35.0424],[132.2552,35.0425]]],[[[132.2545,35.0425],[132.2542,35.0424],[132.2542,35.0426],[132.2545,35.0425]]],[[[132.2544,35.0427],[132.2551,35.0423],[132.2549,35.0422],[132.2544,35.0427]]],[[[132.255,35.0427],[132.2551,35.0427],[132.2551,35.0426],[132.255,35.0427]]],[[[132.2547,35.043],[132.2546,35.043],[132.2546,35.0431],[132.2547,35.043]]],[[[132.2551,35.0432],[132.255,35.0431],[132.255,35.0432],[132.2551,35.0432]]],[[[132.2545,35.0432],[132.2546,35.0431],[132.2545,35.0431],[132.2545,35.0432]]],[[[132.255,35.0433],[132.255,35.0433],[132.255,35.0433],[132.255,35.0433]]],[[[132.3141,35.0641],[132.3158,35.0609],[132.3196,35.0588],[132.3192,35.0553],[132.3215,35.0548],[132.3237,35.0518],[132.325,35.0517],[132.3263,35.0535],[132.325,35.0571],[132.3274,35.0587],[132.3303,35.0543],[132.3334,35.055],[132.3346,35.0511],[132.3378,35.0505],[132.3384,35.0491],[132.3443,35.0508],[132.356,35.045],[132.3564,35.0439],[132.3544,35.0415],[132.3561,35.0377],[132.3578,35.0357],[132.3637,35.0334],[132.3621,35.0297],[132.3642,35.0277],[132.3622,35.0269],[132.3628,35.025],[132.3609,35.022],[132.3641,35.0166],[132.3647,35.013],[132.3687,35.0099],[132.3684,35.0071],[132.3722,35.0062],[132.3732,35.0075],[132.375,35.0074],[132.3789,35.005],[132.3803,35.0015],[132.3865,34.9964],[132.3862,34.9941],[132.3894,34.9916],[132.3893,34.9856],[132.3859,34.9826],[132.3873,34.9773],[132.3935,34.9784],[132.3959,34.9767],[132.4003,34.9757],[132.4028,34.9764],[132.4131,34.9726],[132.4161,34.9757],[132.4253,34.977],[132.4258,34.9742],[132.4276,34.9742],[132.4289,34.9719],[132.4286,34.9691],[132.4338,34.9661],[132.4364,34.9665],[132.4376,34.965],[132.4373,34.9607],[132.4391,34.9576],[132.4409,34.9625],[132.4435,34.9652],[132.4529,34.9645],[132.4601,34.9596],[132.4617,34.9568],[132.462,34.9506],[132.4625,34.9512],[132.4651,34.9498],[132.4644,34.9474],[132.463,34.947],[132.4588,34.9501],[132.4532,34.9458],[132.4508,34.9476],[132.4489,34.9468],[132.4474,34.9475],[132.4468,34.9466],[132.4459,34.9478],[132.4425,34.9445],[132.4407,34.9455],[132.4391,34.9442],[132.4391,34.9414],[132.4379,34.9422],[132.4362,34.9406],[132.4352,34.9411],[132.4344,34.9367],[132.4304,34.9323],[132.4287,34.9274],[132.426,34.9277],[132.4211,34.9259],[132.4162,34.9297],[132.412,34.928],[132.4,34.9371],[132.3939,34.9357],[132.3847,34.9357],[132.3817,34.9394],[132.3788,34.9411],[132.3786,34.9427],[132.3728,34.9401],[132.3703,34.9411],[132.3677,34.9403],[132.3648,34.935],[132.3651,34.9332],[132.362,34.9313],[132.3616,34.9295],[132.3588,34.9287],[132.3587,34.9272],[132.3567,34.9278],[132.3532,34.9266],[132.3514,34.9252],[132.351,34.9221],[132.3466,34.9201],[132.3388,34.9198],[132.3407,34.9162],[132.3285,34.9207],[132.329,34.9174],[132.3237,34.9168],[132.3234,34.915],[132.3213,34.9138],[132.3237,34.9097],[132.3185,34.9105],[132.3165,34.9095],[132.3147,34.9109],[132.3103,34.9088],[132.3106,34.9067],[132.309,34.9045],[132.3114,34.9033],[132.3085,34.8998],[132.306,34.8989],[132.308,34.8971],[132.3083,34.8961],[132.3042,34.8978],[132.3007,34.8976],[132.2992,34.8996],[132.2962,34.9009],[132.2959,34.9039],[132.2927,34.9039],[132.2923,34.9055],[132.2893,34.906],[132.2903,34.9074],[132.2883,34.9083],[132.2817,34.9061],[132.2766,34.908],[132.2763,34.9041],[132.2748,34.9034],[132.2741,34.9003],[132.2719,34.9001],[132.2706,34.9019],[132.2679,34.9015],[132.266,34.9034],[132.2652,34.8998],[132.2627,34.899],[132.2627,34.8969],[132.261,34.8973],[132.26,34.8961],[132.2591,34.8977],[132.2602,34.8991],[132.2573,34.902],[132.2608,34.9053],[132.2599,34.9081],[132.2638,34.9073],[132.2627,34.9087],[132.2638,34.9103],[132.2611,34.913],[132.2614,34.9145],[132.2584,34.9188],[132.2509,34.9194],[132.2521,34.9234],[132.2498,34.9247],[132.2502,34.9283],[132.2485,34.9306],[132.2506,34.934],[132.2494,34.9368],[132.2468,34.9354],[132.2428,34.9362],[132.241,34.9372],[132.2393,34.941],[132.2359,34.9407],[132.2351,34.9397],[132.236,34.9335],[132.2336,34.9319],[132.2334,34.929],[132.2292,34.9265],[132.23,34.9248],[132.2276,34.9229],[132.2278,34.9186],[132.2254,34.9153],[132.2239,34.9156],[132.2215,34.9187],[132.2139,34.9189],[132.2113,34.9235],[132.205,34.9225],[132.2004,34.926],[132.1975,34.9264],[132.1958,34.9283],[132.1906,34.9291],[132.1896,34.9311],[132.1922,34.9329],[132.1909,34.9353],[132.1948,34.9385],[132.1944,34.9399],[132.1927,34.9403],[132.1939,34.9434],[132.1928,34.9441],[132.1956,34.9458],[132.1945,34.9455],[132.1942,34.9481],[132.1914,34.9498],[132.1907,34.9522],[132.1856,34.9555],[132.1838,34.9559],[132.1833,34.9542],[132.1804,34.9519],[132.1789,34.948],[132.1769,34.9485],[132.1729,34.9466],[132.1677,34.9474],[132.166,34.9461],[132.1645,34.9465],[132.162,34.95],[132.1574,34.9516],[132.156,34.9504],[132.1579,34.9479],[132.1491,34.9468],[132.149,34.9482],[132.148,34.9484],[132.1464,34.9545],[132.1434,34.9582],[132.1473,34.9622],[132.1442,34.964],[132.1463,34.9647],[132.1491,34.968],[132.1483,34.9696],[132.1493,34.9691],[132.1496,34.9705],[132.1488,34.9718],[132.1498,34.9722],[132.15,34.9727],[132.1497,34.9729],[132.1499,34.9731],[132.1495,34.9735],[132.1496,34.9737],[132.1508,34.9731],[132.1515,34.9738],[132.1507,34.9752],[132.1519,34.975],[132.1519,34.9774],[132.1545,34.9764],[132.1636,34.98],[132.1828,34.9898],[132.189,34.9941],[132.1901,34.9959],[132.1928,34.9978],[132.194,34.9993],[132.1943,35.0004],[132.1934,35.0017],[132.1953,35.0017],[132.2021,35.0054],[132.2056,35.0095],[132.2246,35.0241],[132.2259,35.0309],[132.2257,35.0251],[132.2309,35.0266],[132.2312,35.0336],[132.2346,35.0376],[132.2313,35.0336],[132.2313,35.0316],[132.2368,35.0336],[132.2349,35.0336],[132.2368,35.0353],[132.2401,35.0347],[132.2465,35.036],[132.2484,35.0386],[132.2497,35.038],[132.2507,35.0388],[132.2507,35.0382],[132.2525,35.038],[132.2525,35.0393],[132.2531,35.0393],[132.2539,35.0401],[132.2547,35.0414],[132.2573,35.0406],[132.2579,35.0409],[132.2595,35.0385],[132.2611,35.0382],[132.2697,35.0395],[132.2802,35.0433],[132.2856,35.0482],[132.2932,35.0492],[132.2944,35.0504],[132.2936,35.0521],[132.2965,35.0502],[132.3037,35.053],[132.305,35.0542],[132.3042,35.0552],[132.3084,35.056],[132.3113,35.0583],[132.3118,35.0594],[132.3113,35.0617],[132.3122,35.0616],[132.3121,35.0619],[132.3117,35.062],[132.3117,35.0621],[132.3131,35.0618],[132.3126,35.0627],[132.3132,35.0623],[132.3128,35.0629],[132.3116,35.0627],[132.3141,35.0641]]],[[[132.2606,35.0389],[132.2605,35.0388],[132.2605,35.0388],[132.2606,35.0389]]],[[[132.2603,35.039],[132.2602,35.0389],[132.2602,35.039],[132.2603,35.039]]],[[[132.2609,35.0391],[132.2611,35.039],[132.261,35.0389],[132.2609,35.0391]]],[[[132.2596,35.0389],[132.2593,35.039],[132.2594,35.0392],[132.2596,35.0389]]],[[[132.2607,35.0391],[132.2607,35.039],[132.2606,35.0391],[132.2607,35.0391]]],[[[132.2605,35.0391],[132.2605,35.0391],[132.2605,35.0391],[132.2605,35.0391]]],[[[132.2593,35.0391],[132.2592,35.0393],[132.2593,35.0394],[132.2593,35.0391]]],[[[132.2605,35.0393],[132.2604,35.0393],[132.2604,35.0394],[132.2605,35.0393]]],[[[132.2585,35.0409],[132.2583,35.0408],[132.2582,35.0409],[132.2585,35.0409]]],[[[132.2584,35.041],[132.2582,35.0412],[132.2585,35.041],[132.2584,35.041]]],[[[132.2584,35.0415],[132.2584,35.0412],[132.2582,35.0413],[132.2584,35.0415]]],[[[132.2582,35.0416],[132.2582,35.0416],[132.2581,35.0416],[132.2582,35.0416]]],[[[132.2819,35.0521],[132.2839,35.0508],[132.2815,35.0505],[132.2819,35.0521]]],[[[132.2931,35.0519],[132.2933,35.0517],[132.2933,35.0517],[132.2931,35.0519]]],[[[132.2849,35.0523],[132.2843,35.0512],[132.2836,35.0515],[132.2842,35.0524],[132.2849,35.0523]]],[[[132.2948,35.0527],[132.2949,35.0525],[132.2949,35.0525],[132.2948,35.0527]]],[[[132.3048,35.0558],[132.3051,35.0558],[132.305,35.0557],[132.3048,35.0558]]],[[[132.3054,35.0565],[132.3056,35.0564],[132.3053,35.0563],[132.3054,35.0565]]],[[[132.3079,35.0587],[132.3079,35.0586],[132.3079,35.0586],[132.3079,35.0587]]],[[[132.3106,35.0594],[132.3107,35.0594],[132.3106,35.0594],[132.3106,35.0594]]],[[[132.3107,35.0615],[132.3114,35.0603],[132.3106,35.0602],[132.3107,35.0615]]],[[[132.312,35.0617],[132.3119,35.0617],[132.3119,35.0618],[132.312,35.0617]]],[[[132.3121,35.0617],[132.3121,35.0618],[132.3121,35.0618],[132.3121,35.0617]]],[[[132.3126,35.064],[132.3125,35.0637],[132.3124,35.0639],[132.3126,35.064]]],[[[132.3141,35.0642],[132.314,35.0642],[132.314,35.0643],[132.3141,35.0642]]],[[[132.3102,35.0644],[132.3103,35.0645],[132.3104,35.0644],[132.3102,35.0644]]],[[[132.3137,35.0645],[132.3136,35.0645],[132.3136,35.0646],[132.3137,35.0645]]],[[[132.3105,35.065],[132.3106,35.0647],[132.3104,35.0648],[132.3105,35.065]]],[[[132.3113,35.0657],[132.3114,35.0653],[132.3112,35.0654],[132.3113,35.0657]]],[[[132.3116,35.0658],[132.3115,35.0658],[132.3116,35.0659],[132.3116,35.0658]]]]}},{"type":"Feature","properties":{"code":"32525","name":"海士町","pref_code":"32","pref":"島根県"},"geometry":{"type":"MultiPolygon","coordinates":[[[[133.0827,36.0412],[133.0833,36.0408],[133.0824,36.0411],[133.0827,36.0412]]],[[[133.086,36.0463],[133.0861,36.0463],[133.0861,36.0462],[133.086,36.0463]]],[[[133.0997,36.0489],[133.0998,36.049],[133.0998,36.049],[133.0997,36.0489]]],[[[133.0896,36.0495],[133.0904,36.0501],[133.0905,36.05],[133.0905,36.05],[133.0896,36.0495]]],[[[133.0899,36.0523],[133.0899,36.0523],[133.0894,36.0511],[133.0899,36.0523]]],[[[133.1006,36.0541],[133.1011,36.0537],[133.101,36.0536],[133.1006,36.0541]]],[[[133.0988,36.0558],[133.0988,36.0559],[133.0989,36.0558],[133.0988,36.0558]]],[[[133.0984,36.0575],[133.0984,36.057],[133.0983,36.0575],[133.0984,36.0575]]],[[[133.1042,36.059],[133.1044,36.0591],[133.1045,36.0588],[133.1042,36.059]]],[[[133.103,36.0595],[133.1031,36.0595],[133.103,36.0594],[133.103,36.0595]]],[[[133.104,36.0613],[133.1041,36.0612],[133.104,36.0612],[133.104,36.0613]]],[[[133.1091,36.0629],[133.1084,36.0626],[133.1083,36.0627],[133.1091,36.0629]]],[[[133.1023,36.0687],[133.1021,36.0683],[133.1021,36.0684],[133.1023,36.0687]]],[[[133.0765,36.0689],[133.0763,36.0687],[133.0763,36.0689],[133.0765,36.0689]]],[[[133.0767,36.0691],[133.0766,36.0695],[133.0767,36.0695],[133.0767,36.0691]]],[[[133.0696,36.0727],[133.0698,36.0728],[133.0698,36.0727],[133.0696,36.0727]]],[[[133.1131,36.1201],[133.1144,36.1185],[133.1118,36.1186],[133.1103,36.1171],[133.1113,36.1167],[133.1126,36.118],[133.1143,36.1167],[133.1153,36.1178],[133.1153,36.1172],[133.1164,36.1168],[133.1147,36.1148],[133.1168,36.115],[133.1173,36.114],[133.1184,36.1138],[133.1198,36.1154],[133.1215,36.1146],[133.1216,36.1154],[133.1217,36.114],[133.1233,36.1148],[133.1235,36.1129],[133.1252,36.1125],[133.1257,36.1131],[133.1265,36.111],[133.1325,36.1112],[133.1324,36.1102],[133.134,36.1091],[133.1342,36.1082],[133.1324,36.1101],[133.1303,36.1091],[133.1303,36.1077],[133.1294,36.1088],[133.1292,36.1064],[133.1282,36.1071],[133.1287,36.1065],[133.1262,36.1056],[133.1277,36.1045],[133.1304,36.1059],[133.1302,36.1048],[133.1325,36.1045],[133.1346,36.1033],[133.1342,36.103],[133.136,36.102],[133.1345,36.1006],[133.1297,36.0997],[133.1265,36.0981],[133.1275,36.0966],[133.1266,36.0949],[133.126,36.0963],[133.1255,36.0939],[133.1282,36.0926],[133.1277,36.0904],[133.1265,36.0894],[133.1237,36.0895],[133.1255,36.0878],[133.1223,36.0861],[133.1227,36.085],[133.1223,36.0858],[133.119,36.085],[133.1192,36.0841],[133.1188,36.085],[133.1175,36.0847],[133.1189,36.0815],[133.1256,36.0825],[133.1283,36.0839],[133.1294,36.0823],[133.1324,36.0829],[133.131,36.0856],[133.1354,36.0863],[133.1375,36.0842],[133.1457,36.0825],[133.1448,36.0811],[133.145,36.0807],[133.1464,36.0804],[133.1459,36.0795],[133.149,36.0789],[133.1526,36.0745],[133.1448,36.0747],[133.1431,36.076],[133.1425,36.0782],[133.1407,36.0791],[133.1416,36.08],[133.1404,36.0802],[133.1403,36.082],[133.138,36.0823],[133.1367,36.0822],[133.1343,36.0768],[133.1319,36.0767],[133.1317,36.0751],[133.1327,36.0741],[133.1317,36.0734],[133.1285,36.0739],[133.1282,36.077],[133.1234,36.0744],[133.1217,36.0751],[133.1215,36.0772],[133.119,36.0772],[133.1179,36.0792],[133.113,36.0787],[133.1145,36.0769],[133.1149,36.0773],[133.1158,36.0776],[133.1146,36.0769],[133.1174,36.074],[133.115,36.0728],[133.1183,36.0707],[133.1161,36.069],[133.1158,36.0662],[133.1182,36.0652],[133.1171,36.0642],[133.1137,36.0665],[133.108,36.0676],[133.1075,36.0688],[133.1065,36.0682],[133.1055,36.0695],[133.1015,36.0698],[133.1016,36.0724],[133.0997,36.0715],[133.0969,36.0723],[133.0978,36.0704],[133.1084,36.0642],[133.1077,36.0608],[133.1035,36.0617],[133.1,36.061],[133.1002,36.0604],[133.1038,36.0592],[133.1043,36.0578],[133.0968,36.0575],[133.0961,36.0571],[133.0997,36.0546],[133.0999,36.0526],[133.105,36.0533],[133.1033,36.0508],[133.1039,36.0501],[133.0973,36.0492],[133.0905,36.0524],[133.0875,36.0528],[133.0873,36.0513],[133.086,36.051],[133.0867,36.0502],[133.0857,36.0499],[133.0873,36.0496],[133.0875,36.0504],[133.088,36.0511],[133.0886,36.0514],[133.0875,36.0492],[133.089,36.0483],[133.0875,36.0455],[133.0855,36.0469],[133.0837,36.046],[133.0808,36.0469],[133.0793,36.0433],[133.0789,36.0455],[133.0779,36.0452],[133.0784,36.0445],[133.076,36.0449],[133.0764,36.0425],[133.0821,36.0413],[133.0823,36.0405],[133.0803,36.0392],[133.0805,36.038],[133.0778,36.0369],[133.0736,36.0376],[133.0728,36.0356],[133.0687,36.0348],[133.068,36.0368],[133.0707,36.0382],[133.0683,36.042],[133.0713,36.0458],[133.0702,36.0495],[133.0726,36.0502],[133.0722,36.0521],[133.0709,36.0528],[133.0713,36.0564],[133.07,36.0582],[133.0709,36.0596],[133.0739,36.0576],[133.0736,36.0604],[133.0754,36.0609],[133.0752,36.0618],[133.0767,36.0611],[133.0784,36.062],[133.0749,36.0634],[133.0743,36.0646],[133.0758,36.0648],[133.0745,36.0672],[133.076,36.0661],[133.0781,36.0684],[133.0794,36.0677],[133.0798,36.0687],[133.0782,36.0701],[133.079,36.0727],[133.0766,36.0728],[133.0768,36.0751],[133.074,36.0748],[133.0712,36.0727],[133.0687,36.0736],[133.0687,36.0753],[133.0675,36.0758],[133.068,36.0768],[133.0741,36.0772],[133.0746,36.0787],[133.0726,36.0786],[133.0721,36.0797],[133.075,36.0802],[133.0731,36.0814],[133.072,36.0807],[133.0698,36.0831],[133.0728,36.0851],[133.0701,36.0864],[133.0705,36.0878],[133.0681,36.0894],[133.0696,36.0909],[133.0692,36.0919],[133.0664,36.0923],[133.0654,36.0937],[133.0642,36.1009],[133.069,36.1004],[133.071,36.1054],[133.0736,36.1052],[133.0748,36.1064],[133.0778,36.1049],[133.0761,36.1042],[133.0768,36.1026],[133.0813,36.1025],[133.0813,36.1047],[133.0796,36.1056],[133.0809,36.107],[133.0771,36.1086],[133.0811,36.1099],[133.0799,36.1125],[133.083,36.1143],[133.0844,36.113],[133.084,36.1117],[133.0866,36.1126],[133.0858,36.1102],[133.088,36.11],[133.0877,36.1086],[133.0886,36.1084],[133.0853,36.103],[133.0882,36.1001],[133.0865,36.0973],[133.0879,36.0961],[133.0911,36.0963],[133.0916,36.0994],[133.0908,36.1],[133.092,36.101],[133.0923,36.102],[133.0906,36.1014],[133.0905,36.103],[133.0922,36.1034],[133.0936,36.1058],[133.0957,36.106],[133.092,36.109],[133.0969,36.1077],[133.0976,36.1099],[133.0938,36.1099],[133.0929,36.1121],[133.0904,36.111],[133.0909,36.114],[133.0917,36.1139],[133.0928,36.1144],[133.0927,36.1153],[133.0939,36.1152],[133.0935,36.1177],[133.0976,36.1167],[133.0972,36.1178],[133.0987,36.1186],[133.1003,36.1178],[133.1002,36.1166],[133.102,36.1175],[133.1046,36.1168],[133.109,36.1194],[133.1131,36.1201]]],[[[133.0911,36.1009],[133.0913,36.1006],[133.091,36.1009],[133.0911,36.1009]]],[[[133.071,36.1059],[133.0712,36.1061],[133.0712,36.1059],[133.071,36.1059]]],[[[133.0917,36.1088],[133.0919,36.1089],[133.0919,36.1088],[133.0917,36.1088]]],[[[133.0917,36.1143],[133.0912,36.1142],[133.0912,36.1143],[133.0917,36.1143]]],[[[133.0859,36.115],[133.0848,36.1157],[133.0856,36.1162],[133.0859,36.115]]],[[[133.0897,36.1159],[133.0898,36.1159],[133.0897,36.1159],[133.0897,36.1159]]],[[[133.0893,36.1179],[133.0893,36.1178],[133.0892,36.1179],[133.0893,36.1179]]],[[[133.106,36.118],[133.1061,36.1179],[133.106,36.1179],[133.106,36.118]]],[[[133.1064,36.1181],[133.1064,36.118],[133.1063,36.1181],[133.1064,36.1181]]],[[[133.0891,36.118],[133.0893,36.1181],[133.0893,36.118],[133.0891,36.118]]],[[[133.1058,36.1182],[133.1059,36.1181],[133.1058,36.1181],[133.1058,36.1182]]],[[[133.1068,36.1184],[133.1069,36.1183],[133.1068,36.1183],[133.1068,36.1184]]],[[[133.0981,36.1185],[133.0982,36.1186],[133.0983,36.1185],[133.0981,36.1185]]],[[[133.0977,36.1187],[133.0979,36.1187],[133.0979,36.1187],[133.0977,36.1187]]],[[[133.1077,36.119],[133.1078,36.119],[133.1077,36.1189],[133.1077,36.119]]],[[[133.1082,36.1192],[133.1082,36.1191],[133.1081,36.1191],[133.1082,36.1192]]],[[[133.1081,36.1194],[133.1081,36.1193],[133.108,36.1194],[133.1081,36.1194]]],[[[133.1088,36.1196],[133.1089,36.1195],[133.1089,36.1195],[133.1088,36.1196]]],[[[133.096,36.1197],[133.096,36.1196],[133.096,36.1196],[133.096,36.1197]]],[[[133.0959,36.1198],[133.0961,36.1199],[133.0961,36.1198],[133.0959,36.1198]]],[[[133.0961,36.12],[133.0959,36.1203],[133.0963,36.1201],[133.0961,36.12]]],[[[133.0949,36.1202],[133.095,36.1202],[133.095,36.1201],[133.0949,36.1202]]],[[[133.0951,36.1202],[133.0952,36.1202],[133.0952,36.1202],[133.0951,36.1202]]],[[[133.1115,36.0647],[133.1116,36.0647],[133.1106,36.0641],[133.1115,36.0647]]],[[[133.1127,36.0662],[133.1126,36.0662],[133.1128,36.0662],[133.1127,36.0662]]],[[[133.1123,36.0663],[133.1123,36.0662],[133.1123,36.0663],[133.1123,36.0663]]],[[[133.119,36.077],[133.1179,36.0766],[133.1178,36.0767],[133.119,36.077]]],[[[133.1173,36.1142],[133.1174,36.1142],[133.1174,36.1142],[133.1173,36.1142]]],[[[133.1172,36.1146],[133.1173,36.1145],[133.1172,36.1145],[133.1172,36.1146]]],[[[133.117,36.115],[133.1171,36.115],[133.1171,36.1149],[133.117,36.115]]],[[[133.1155,36.115],[133.1155,36.115],[133.1155,36.115],[133.1155,36.115]]],[[[133.1164,36.1166],[133.1166,36.1168],[133.1165,36.1166],[133.1164,36.1166]]],[[[133.1166,36.117],[133.1167,36.117],[133.1167,36.1169],[133.1166,36.117]]],[[[133.1168,36.117],[133.1169,36.117],[133.1168,36.117],[133.1168,36.117]]],[[[133.1165,36.1172],[133.1166,36.1172],[133.1165,36.1171],[133.1165,36.1172]]],[[[133.1159,36.1176],[133.1159,36.1175],[133.1159,36.1174],[133.1159,36.1176]]],[[[133.1155,36.1176],[133.1157,36.1178],[133.1156,36.1175],[133.1155,36.1176]]],[[[133.1158,36.1189],[133.1161,36.1182],[133.1156,36.1189],[133.1158,36.1189]]],[[[133.1091,36.1197],[133.1092,36.1197],[133.1092,36.1196],[133.1091,36.1197]]],[[[133.1095,36.1198],[133.1096,36.1198],[133.1096,36.1197],[133.1095,36.1198]]],[[[133.1094,36.12],[133.1094,36.1199],[133.1094,36.12],[133.1094,36.12]]],[[[133.1101,36.12],[133.1102,36.12],[133.1101,36.12],[133.1101,36.12]]],[[[133.1115,36.12],[133.1116,36.12],[133.1116,36.12],[133.1115,36.12]]],[[[133.1104,36.12],[133.1105,36.12],[133.1104,36.12],[133.1104,36.12]]],[[[133.1135,36.1201],[133.1136,36.12],[133.1135,36.12],[133.1135,36.1201]]],[[[133.1106,36.1201],[133.1107,36.12],[133.1106,36.12],[133.1106,36.1201]]],[[[133.1108,36.1201],[133.1109,36.1201],[133.1109,36.12],[133.1108,36.1201]]],[[[133.1092,36.1202],[133.1093,36.1202],[133.1092,36.1201],[133.1092,36.1202]]],[[[133.1115,36.1202],[133.1116,36.1202],[133.1115,36.1202],[133.1115,36.1202]]],[[[133.1132,36.1203],[133.1133,36.1202],[133.1132,36.1203],[133.1132,36.1203]]],[[[133.1129,36.1204],[133.1129,36.1203],[133.1128,36.1203],[133.1129,36.1204]]],[[[133.1117,36.1204],[133.1118,36.1203],[133.1117,36.1203],[133.1117,36.1204]]],[[[133.1136,36.1204],[133.1137,36.1205],[133.1138,36.1204],[133.1136,36.1204]]],[[[133.1129,36.1205],[133.113,36.1205],[133.113,36.1204],[133.1129,36.1205]]],[[[133.1132,36.1205],[133.1133,36.1204],[133.1132,36.1205],[133.1132,36.1205]]],[[[133.1118,36.1205],[133.1118,36.1204],[133.1118,36.1205],[133.1118,36.1205]]],[[[133.1108,36.1206],[133.1109,36.1205],[133.1108,36.1205],[133.1108,36.1206]]],[[[133.1119,36.1206],[133.112,36.1205],[133.1119,36.1206],[133.1119,36.1206]]],[[[133.1126,36.1207],[133.1128,36.1207],[133.1128,36.1206],[133.1126,36.1207]]],[[[133.1115,36.1207],[133.1116,36.1207],[133.1115,36.1206],[133.1115,36.1207]]],[[[133.1129,36.1208],[133.1129,36.1207],[133.1129,36.1207],[133.1129,36.1208]]],[[[133.1196,36.1275],[133.1197,36.1275],[133.1196,36.1275],[133.1196,36.1275]]],[[[133.1193,36.128],[133.1194,36.1282],[133.1195,36.1281],[133.1193,36.128]]],[[[133.1236,36.1133],[133.1237,36.1133],[133.1237,36.1133],[133.1236,36.1133]]],[[[133.1236,36.1142],[133.1235,36.1145],[133.1238,36.1143],[133.1236,36.1142]]],[[[133.12,36.1265],[133.12,36.1265],[133.1199,36.1265],[133.12,36.1265]]],[[[133.1204,36.1267],[133.1204,36.1266],[133.1203,36.1267],[133.1204,36.1267]]],[[[133.1209,36.1267],[133.1209,36.1267],[133.1208,36.1267],[133.1209,36.1267]]],[[[133.1201,36.1269],[133.1201,36.1268],[133.1201,36.1269],[133.1201,36.1269]]],[[[133.1208,36.1269],[133.1208,36.1268],[133.1207,36.1269],[133.1208,36.1269]]],[[[133.1212,36.1269],[133.1212,36.1269],[133.1212,36.1269],[133.1212,36.1269]]],[[[133.121,36.127],[133.121,36.1269],[133.121,36.1269],[133.121,36.127]]],[[[133.1203,36.127],[133.1202,36.1269],[133.1202,36.127],[133.1203,36.127]]],[[[133.1214,36.1271],[133.1215,36.127],[133.1213,36.127],[133.1214,36.1271]]],[[[133.1219,36.127],[133.1219,36.1272],[133.122,36.127],[133.1219,36.127]]],[[[133.1216,36.1273],[133.1216,36.1272],[133.1216,36.1272],[133.1216,36.1273]]],[[[133.1198,36.1274],[133.1198,36.1274],[133.1198,36.1274],[133.1198,36.1274]]],[[[133.1218,36.1273],[133.1217,36.1276],[133.122,36.1275],[133.1218,36.1273]]],[[[133.1219,36.1279],[133.1219,36.1278],[133.1218,36.1279],[133.1219,36.1279]]],[[[133.1216,36.1285],[133.1212,36.1273],[133.1199,36.1275],[133.1208,36.1286],[133.1216,36.1285]]],[[[133.1197,36.128],[133.1199,36.128],[133.1197,36.1279],[133.1197,36.128]]],[[[133.1219,36.1282],[133.1221,36.1282],[133.122,36.1281],[133.1219,36.1282]]],[[[133.1225,36.1283],[133.1226,36.1286],[133.1226,36.1282],[133.1225,36.1283]]],[[[133.1229,36.1286],[133.123,36.1285],[133.1229,36.1285],[133.1229,36.1286]]],[[[133.1227,36.1287],[133.1227,36.1286],[133.1227,36.1287],[133.1227,36.1287]]],[[[133.121,36.1288],[133.121,36.1288],[133.121,36.1288],[133.121,36.1288]]],[[[133.1218,36.1288],[133.1219,36.1287],[133.1218,36.1288],[133.1218,36.1288]]],[[[133.1222,36.1289],[133.1223,36.1288],[133.1221,36.1287],[133.1222,36.1289]]],[[[133.1203,36.1289],[133.1203,36.1288],[133.1203,36.1288],[133.1203,36.1289]]],[[[133.1225,36.129],[133.1225,36.129],[133.1225,36.129],[133.1225,36.129]]],[[[133.1217,36.1291],[133.1218,36.129],[133.1217,36.129],[133.1217,36.1291]]],[[[133.122,36.129],[133.1222,36.1294],[133.1222,36.129],[133.122,36.129]]],[[[133.1201,36.1293],[133.1202,36.1292],[133.1201,36.1292],[133.1201,36.1293]]],[[[133.1226,36.1293],[133.1227,36.1294],[133.1227,36.1294],[133.1226,36.1293]]],[[[133.1231,36.1295],[133.1231,36.1296],[133.1231,36.1295],[133.1231,36.1295]]],[[[133.1232,36.1298],[133.1233,36.1298],[133.1232,36.1298],[133.1232,36.1298]]],[[[133.1234,36.13],[133.1235,36.1299],[133.1234,36.1299],[133.1234,36.13]]],[[[133.1235,36.1302],[133.1235,36.1301],[133.1234,36.1301],[133.1235,36.1302]]],[[[133.1219,36.147],[133.122,36.147],[133.122,36.147],[133.1219,36.147]]],[[[133.1217,36.147],[133.1219,36.1471],[133.1218,36.1469],[133.1217,36.147]]],[[[133.1219,36.1474],[133.122,36.1473],[133.1219,36.1473],[133.1219,36.1474]]],[[[133.1216,36.1477],[133.1203,36.1471],[133.1208,36.1483],[133.1216,36.1477]]],[[[133.122,36.148],[133.1246,36.148],[133.1249,36.1469],[133.1222,36.1469],[133.122,36.148]]],[[[133.1363,36.0669],[133.1363,36.0672],[133.1364,36.067],[133.1363,36.0669]]],[[[133.137,36.0704],[133.1381,36.0682],[133.1361,36.0673],[133.1352,36.0692],[133.1357,36.0705],[133.137,36.0704]]],[[[133.1323,36.0701],[133.1315,36.0705],[133.1313,36.0708],[133.1323,36.0701]]],[[[133.1357,36.0708],[133.1358,36.071],[133.1359,36.0708],[133.1357,36.0708]]],[[[133.1293,36.0724],[133.1292,36.0722],[133.1292,36.0723],[133.1293,36.0724]]],[[[133.1319,36.0752],[133.132,36.0751],[133.132,36.0751],[133.1319,36.0752]]],[[[133.1451,36.081],[133.1453,36.081],[133.1452,36.0809],[133.1451,36.081]]],[[[133.1241,36.0825],[133.1241,36.0824],[133.1241,36.0825],[133.1241,36.0825]]],[[[133.1273,36.0835],[133.1272,36.0834],[133.1271,36.0834],[133.1273,36.0835]]],[[[133.1387,36.0842],[133.1389,36.0841],[133.1387,36.0842],[133.1387,36.0842]]],[[[133.1316,36.0861],[133.1317,36.086],[133.1316,36.086],[133.1316,36.0861]]],[[[133.1297,36.0865],[133.1302,36.0861],[133.1296,36.0864],[133.1297,36.0865]]],[[[133.1252,36.0871],[133.1253,36.0871],[133.1253,36.087],[133.1252,36.0871]]],[[[133.1254,36.0874],[133.1255,36.0873],[133.1255,36.0873],[133.1254,36.0874]]],[[[133.1256,36.0874],[133.1257,36.0874],[133.1256,36.0874],[133.1256,36.0874]]],[[[133.131,36.0995],[133.131,36.0994],[133.131,36.0994],[133.131,36.0995]]],[[[133.1645,36.0996],[133.1646,36.0995],[133.1646,36.0995],[133.1645,36.0996]]],[[[133.1308,36.0996],[133.1309,36.0996],[133.1308,36.0996],[133.1308,36.0996]]],[[[133.1315,36.0998],[133.1316,36.0998],[133.1315,36.0997],[133.1315,36.0998]]],[[[133.136,36.1018],[133.1361,36.1017],[133.1359,36.1017],[133.136,36.1018]]],[[[133.136,36.1021],[133.1361,36.1021],[133.1361,36.1021],[133.136,36.1021]]],[[[133.136,36.1024],[133.136,36.1025],[133.1361,36.1024],[133.136,36.1024]]],[[[133.1347,36.1028],[133.1348,36.1029],[133.1348,36.1028],[133.1347,36.1028]]],[[[133.1687,36.1049],[133.1688,36.1049],[133.1688,36.1048],[133.1687,36.1049]]],[[[133.131,36.105],[133.1311,36.1049],[133.131,36.105],[133.131,36.105]]],[[[133.1326,36.1049],[133.1329,36.1064],[133.1327,36.1049],[133.1326,36.1049]]],[[[133.1684,36.1064],[133.1685,36.1064],[133.1685,36.1064],[133.1684,36.1064]]],[[[133.1682,36.1065],[133.1683,36.1065],[133.1682,36.1064],[133.1682,36.1065]]],[[[133.1633,36.1145],[133.1674,36.1124],[133.1672,36.1099],[133.1648,36.1085],[133.167,36.1074],[133.1651,36.1062],[133.1688,36.1057],[133.1679,36.1051],[133.1684,36.1031],[133.167,36.1024],[133.1685,36.1009],[133.1665,36.1011],[133.1657,36.0996],[133.1642,36.1001],[133.1627,36.103],[133.1573,36.1038],[133.1564,36.1049],[133.1633,36.1145]]],[[[133.1244,36.1129],[133.1245,36.1128],[133.1244,36.1128],[133.1244,36.1129]]],[[[133.1245,36.1131],[133.1245,36.1131],[133.1245,36.113],[133.1245,36.1131]]],[[[133.1621,36.1135],[133.1622,36.1134],[133.1622,36.1134],[133.1621,36.1135]]],[[[133.1625,36.1135],[133.1625,36.1134],[133.1625,36.1135],[133.1625,36.1135]]],[[[133.1262,36.1131],[133.1256,36.1135],[133.1256,36.1138],[133.1262,36.1131]]],[[[133.124,36.114],[133.1242,36.1139],[133.1241,36.1139],[133.124,36.114]]],[[[133.1239,36.1143],[133.1241,36.1143],[133.1241,36.1142],[133.1239,36.1143]]],[[[133.124,36.1145],[133.1241,36.1145],[133.124,36.1145],[133.124,36.1145]]],[[[133.1239,36.1303],[133.1239,36.1302],[133.1238,36.1302],[133.1239,36.1303]]],[[[133.1243,36.1461],[133.1246,36.1465],[133.1248,36.1465],[133.1243,36.1461]]]]}},{"type":"Feature","properties":{"code":"32526","name":"西ノ島町","pref_code":"32","pref":"島根県"},"geometry":{"type":"MultiPolygon","coordinates":[[[[132.954,36.0586],[132.9541,36.0587],[132.9541,36.0586],[132.954,36.0586]]],[[[132.9516,36.0741],[132.9516,36.074],[132.9515,36.074],[132.9516,36.0741]]],[[[132.9472,36.0804],[132.947,36.0802],[132.9469,36.0803],[132.9472,36.0804]]],[[[132.9469,36.0806],[132.9468,36.0805],[132.9467,36.0807],[132.9469,36.0806]]],[[[132.9476,36.0811],[132.9475,36.081],[132.9475,36.0811],[132.9476,36.0811]]],[[[132.947,36.0818],[132.9475,36.0823],[132.9476,36.082],[132.947,36.0818]]],[[[132.957,36.0907],[132.9571,36.0906],[132.957,36.0906],[132.957,36.0907]]],[[[132.9586,36.0907],[132.9587,36.0907],[132.9587,36.0907],[132.9586,36.0907]]],[[[132.9633,36.0924],[132.9634,36.0923],[132.9633,36.0923],[132.9633,36.0924]]],[[[132.9635,36.0926],[132.9636,36.0926],[132.9635,36.0926],[132.9635,36.0926]]],[[[132.9643,36.0948],[132.9644,36.0951],[132.9648,36.095],[132.9643,36.0948]]],[[[132.9639,36.095],[132.964,36.0949],[132.9638,36.095],[132.9639,36.095]]],[[[132.9636,36.0949],[132.9636,36.0951],[132.9637,36.095],[132.9636,36.0949]]],[[[132.9644,36.0957],[132.9644,36.0957],[132.9644,36.0957],[132.9644,36.0957]]],[[[132.9641,36.0957],[132.9641,36.0957],[132.9641,36.0957],[132.9641,36.0957]]],[[[132.9611,36.0964],[132.9613,36.0964],[132.9613,36.0964],[132.9611,36.0964]]],[[[132.9619,36.0965],[132.9614,36.0966],[132.962,36.0965],[132.9619,36.0965]]],[[[132.9642,36.097],[132.9642,36.0969],[132.9642,36.097],[132.9642,36.097]]],[[[132.9622,36.0978],[132.9612,36.0973],[132.9603,36.0975],[132.961,36.0982],[132.9622,36.0978]]],[[[132.9624,36.0981],[132.9624,36.0978],[132.9619,36.098],[132.9624,36.0981]]],[[[132.9627,36.0981],[132.9627,36.0981],[132.9628,36.098],[132.9627,36.0981]]],[[[132.9628,36.0981],[132.963,36.0982],[132.963,36.0981],[132.9628,36.0981]]],[[[132.9623,36.0986],[132.9626,36.0983],[132.9621,36.0985],[132.9623,36.0986]]],[[[132.9631,36.0987],[132.963,36.0984],[132.9628,36.0986],[132.9631,36.0987]]],[[[132.9597,36.0986],[132.9598,36.0985],[132.9597,36.0986],[132.9597,36.0986]]],[[[132.9637,36.0986],[132.9637,36.0987],[132.9638,36.0987],[132.9637,36.0986]]],[[[132.9632,36.0988],[132.9632,36.0988],[132.9632,36.0988],[132.9632,36.0988]]],[[[132.9597,36.0989],[132.9598,36.0989],[132.9597,36.0988],[132.9597,36.0989]]],[[[132.9605,36.099],[132.9606,36.099],[132.9605,36.099],[132.9605,36.099]]],[[[132.9642,36.0991],[132.9642,36.099],[132.9642,36.0991],[132.9642,36.0991]]],[[[132.9639,36.0992],[132.964,36.0992],[132.964,36.0992],[132.9639,36.0992]]],[[[132.9644,36.0994],[132.9646,36.0993],[132.9644,36.0992],[132.9644,36.0994]]],[[[132.9641,36.0994],[132.9642,36.0993],[132.9641,36.0994],[132.9641,36.0994]]],[[[132.9641,36.0995],[132.9643,36.0996],[132.9643,36.0995],[132.9641,36.0995]]],[[[132.9632,36.0996],[132.9635,36.0999],[132.9637,36.0999],[132.9632,36.0996]]],[[[132.9632,36.0996],[132.9623,36.1002],[132.9624,36.1004],[132.9632,36.0996]]],[[[132.964,36.0998],[132.9641,36.1002],[132.9642,36.1],[132.964,36.0998]]],[[[132.9644,36.1001],[132.9645,36.1002],[132.9645,36.1001],[132.9644,36.1001]]],[[[132.9835,36.0495],[132.9834,36.0497],[132.9837,36.0495],[132.9835,36.0495]]],[[[132.9715,36.0563],[132.9717,36.0566],[132.9719,36.0565],[132.9715,36.0563]]],[[[132.9714,36.0567],[132.9714,36.0566],[132.9714,36.0566],[132.9714,36.0567]]],[[[132.9679,36.0576],[132.9677,36.0577],[132.968,36.0577],[132.9679,36.0576]]],[[[132.9671,36.0581],[132.9666,36.0582],[132.9672,36.0582],[132.9671,36.0581]]],[[[132.9668,36.0584],[132.9666,36.0585],[132.9668,36.0585],[132.9668,36.0584]]],[[[132.9837,36.088],[132.9843,36.0879],[132.9837,36.0879],[132.9837,36.088]]],[[[132.9836,36.0879],[132.9833,36.088],[132.9836,36.088],[132.9836,36.0879]]],[[[132.9651,36.0926],[132.9652,36.0927],[132.9652,36.0926],[132.9651,36.0926]]],[[[132.9662,36.0941],[132.9663,36.094],[132.9662,36.094],[132.9662,36.0941]]],[[[132.9669,36.0948],[132.967,36.0947],[132.9668,36.0947],[132.9669,36.0948]]],[[[132.9649,36.0953],[132.9649,36.0952],[132.9649,36.0953],[132.9649,36.0953]]],[[[132.9648,36.1],[132.9648,36.0999],[132.9648,36.1],[132.9648,36.1]]],[[[132.9645,36.1],[132.9646,36.1],[132.9645,36.1],[132.9645,36.1]]],[[[132.9647,36.1012],[132.9647,36.1008],[132.9646,36.1012],[132.9647,36.1012]]],[[[132.9655,36.1016],[132.9656,36.1015],[132.9656,36.1014],[132.9655,36.1016]]],[[[132.9651,36.1014],[132.9649,36.102],[132.9654,36.1016],[132.9651,36.1014]]],[[[132.9667,36.1027],[132.9666,36.1027],[132.9666,36.1027],[132.9667,36.1027]]],[[[132.9673,36.1029],[132.9675,36.1027],[132.9674,36.1027],[132.9673,36.1029]]],[[[132.9663,36.103],[132.9665,36.103],[132.9665,36.1029],[132.9663,36.103]]],[[[132.9662,36.1033],[132.9664,36.1032],[132.9664,36.1031],[132.9662,36.1033]]],[[[132.9671,36.1033],[132.9673,36.1033],[132.9672,36.1032],[132.9671,36.1033]]],[[[132.9892,36.1097],[132.9889,36.11],[132.9891,36.1101],[132.9892,36.1097]]],[[[132.9771,36.1134],[132.9773,36.1133],[132.9771,36.1134],[132.9771,36.1134]]],[[[132.9776,36.1136],[132.9777,36.1137],[132.9777,36.1136],[132.9776,36.1136]]],[[[132.977,36.1138],[132.9771,36.1138],[132.9771,36.1137],[132.977,36.1138]]],[[[132.9765,36.1142],[132.9765,36.1141],[132.9765,36.1142],[132.9765,36.1142]]],[[[132.979,36.1143],[132.979,36.1144],[132.9792,36.1143],[132.979,36.1143]]],[[[132.9806,36.1146],[132.9807,36.1146],[132.9806,36.1146],[132.9806,36.1146]]],[[[132.9822,36.1149],[132.9822,36.1148],[132.9821,36.1148],[132.9822,36.1149]]],[[[132.9808,36.1151],[132.9808,36.1151],[132.9808,36.115],[132.9808,36.1151]]],[[[132.9812,36.1152],[132.9811,36.115],[132.9809,36.1151],[132.9812,36.1152]]],[[[132.9804,36.1155],[132.9805,36.1155],[132.9804,36.1155],[132.9804,36.1155]]],[[[132.988,36.1159],[132.9881,36.1159],[132.9881,36.1158],[132.988,36.1159]]],[[[132.9875,36.1174],[132.9874,36.115],[132.9862,36.1165],[132.9875,36.1174]]],[[[132.9816,36.1169],[132.9821,36.1161],[132.9813,36.1167],[132.9816,36.1169]]],[[[132.9886,36.1184],[132.9885,36.1181],[132.9883,36.1183],[132.9886,36.1184]]],[[[132.9881,36.1197],[132.988,36.1194],[132.9878,36.1196],[132.9881,36.1197]]],[[[132.9984,36.0462],[132.9986,36.0463],[132.9986,36.0461],[132.9984,36.0462]]],[[[133.0038,36.0469],[133.0037,36.0469],[133.0038,36.0469],[133.0038,36.0469]]],[[[133.0039,36.0474],[133.0041,36.0473],[133.004,36.0472],[133.0039,36.0474]]],[[[133.0045,36.0474],[133.0045,36.0473],[133.0044,36.0474],[133.0045,36.0474]]],[[[133.0041,36.0475],[133.004,36.0475],[133.0041,36.0475],[133.0041,36.0475]]],[[[133.0038,36.0476],[133.0038,36.0475],[133.0037,36.0476],[133.0038,36.0476]]],[[[133.0046,36.049],[133.0049,36.0474],[133.0033,36.0484],[133.0046,36.049]]],[[[133.0009,36.05],[133.0007,36.0506],[133.0011,36.0508],[133.0009,36.05]]],[[[132.9947,36.0859],[132.9947,36.0858],[132.9942,36.0857],[132.9947,36.0859]]],[[[132.9951,36.0862],[132.9948,36.0859],[132.9947,36.0859],[132.9951,36.0862]]],[[[132.9957,36.0864],[132.9953,36.0862],[132.9952,36.0862],[132.9957,36.0864]]],[[[132.9964,36.0883],[132.9965,36.0883],[132.996,36.088],[132.9964,36.0883]]],[[[132.9968,36.0887],[132.9965,36.0883],[132.9965,36.0884],[132.9968,36.0887]]],[[[132.9972,36.0891],[132.9969,36.0887],[132.9969,36.0888],[132.9972,36.0891]]],[[[132.9973,36.0892],[132.9977,36.0894],[132.9973,36.0891],[132.9973,36.0892]]],[[[133.0015,36.1121],[133.0017,36.1122],[133.0016,36.1121],[133.0015,36.1121]]],[[[133.0036,36.1124],[133.0038,36.1123],[133.0037,36.1123],[133.0036,36.1124]]],[[[133.0077,36.1134],[133.0078,36.1133],[133.0078,36.1133],[133.0077,36.1134]]],[[[133.0075,36.1137],[133.0076,36.1137],[133.0076,36.1135],[133.0075,36.1137]]],[[[133.009,36.114],[133.009,36.114],[133.009,36.114],[133.009,36.114]]],[[[132.9955,36.1141],[132.9955,36.114],[132.9955,36.1141],[132.9955,36.1141]]],[[[133.0085,36.1142],[133.0085,36.1142],[133.0085,36.1142],[133.0085,36.1142]]],[[[133.0,36.1142],[133.0,36.1142],[132.9999,36.1142],[133.0,36.1142]]],[[[133.0078,36.1142],[133.0078,36.1142],[133.0078,36.1142],[133.0078,36.1142]]],[[[133.0082,36.1143],[133.0083,36.1142],[133.0082,36.1143],[133.0082,36.1143]]],[[[132.9942,36.1144],[132.994,36.1143],[132.9939,36.1145],[132.9942,36.1144]]],[[[132.9992,36.1144],[132.9992,36.1144],[132.9992,36.1144],[132.9992,36.1144]]],[[[132.9934,36.1148],[132.9935,36.1148],[132.9934,36.1148],[132.9934,36.1148]]],[[[132.994,36.1149],[132.9937,36.1148],[132.9937,36.1149],[132.994,36.1149]]],[[[132.9922,36.1153],[132.9927,36.1148],[132.9921,36.1152],[132.9922,36.1153]]],[[[132.9943,36.1151],[132.9943,36.115],[132.9942,36.1151],[132.9943,36.1151]]],[[[132.9938,36.115],[132.9938,36.1152],[132.994,36.115],[132.9938,36.115]]],[[[132.9936,36.1152],[132.9934,36.1151],[132.9933,36.1153],[132.9936,36.1152]]],[[[132.9929,36.1149],[132.9925,36.1156],[132.9931,36.115],[132.9929,36.1149]]],[[[132.9942,36.1153],[132.9941,36.1157],[132.9944,36.1154],[132.9942,36.1153]]],[[[132.9934,36.1154],[132.9934,36.1156],[132.9936,36.1155],[132.9934,36.1154]]],[[[132.9924,36.1159],[132.9924,36.1159],[132.9924,36.1158],[132.9924,36.1159]]],[[[133.0089,36.1213],[133.009,36.1216],[133.0091,36.1213],[133.0089,36.1213]]],[[[133.03,36.0644],[133.0301,36.0643],[133.03,36.0642],[133.03,36.0644]]],[[[133.0209,36.0662],[133.0209,36.0662],[133.0209,36.0662],[133.0209,36.0662]]],[[[133.0207,36.0664],[133.0208,36.0664],[133.0207,36.0664],[133.0207,36.0664]]],[[[133.0158,36.0731],[133.0162,36.0729],[133.0162,36.0728],[133.0158,36.0731]]],[[[133.0701,36.1425],[133.0699,36.14],[133.0716,36.1414],[133.0719,36.14],[133.075,36.1416],[133.0762,36.1412],[133.0782,36.1427],[133.0806,36.1418],[133.0816,36.1421],[133.0802,36.1378],[133.0846,36.1388],[133.0848,36.1374],[133.0861,36.138],[133.0878,36.1369],[133.0899,36.1373],[133.0916,36.139],[133.093,36.1391],[133.0914,36.1367],[133.0902,36.1374],[133.0897,36.1354],[133.0909,36.1342],[133.0893,36.1338],[133.09,36.1326],[133.0875,36.1323],[133.0885,36.13],[133.0861,36.1296],[133.0871,36.1281],[133.0853,36.1271],[133.0873,36.1254],[133.0837,36.1254],[133.0819,36.1239],[133.0827,36.1231],[133.0798,36.1196],[133.0791,36.1192],[133.0792,36.1203],[133.0764,36.1186],[133.0773,36.1195],[133.0764,36.1196],[133.0703,36.1136],[133.0687,36.1132],[133.0681,36.1147],[133.0655,36.1148],[133.0665,36.1138],[133.0651,36.1141],[133.063,36.1127],[133.0581,36.1134],[133.0568,36.1121],[133.0554,36.1116],[133.0565,36.1123],[133.0544,36.1123],[133.055,36.1115],[133.0478,36.1132],[133.0468,36.1129],[133.0474,36.1121],[133.047,36.1116],[133.0461,36.1126],[133.0452,36.1107],[133.0435,36.1103],[133.0445,36.1106],[133.0441,36.1116],[133.0411,36.1097],[133.0411,36.1079],[133.0436,36.1066],[133.0404,36.1074],[133.04,36.105],[133.0418,36.1016],[133.0463,36.0992],[133.044,36.0979],[133.044,36.0976],[133.0445,36.0975],[133.045,36.0971],[133.0438,36.0971],[133.0445,36.0955],[133.0472,36.0945],[133.0488,36.0961],[133.0501,36.096],[133.056,36.0882],[133.0571,36.0829],[133.0504,36.0788],[133.0516,36.075],[133.0508,36.0703],[133.0527,36.0702],[133.0528,36.069],[133.0504,36.0656],[133.0472,36.0663],[133.0479,36.0635],[133.046,36.062],[133.0462,36.0609],[133.0426,36.0603],[133.0439,36.0615],[133.0427,36.0629],[133.0377,36.0623],[133.0366,36.0653],[133.0342,36.0646],[133.0337,36.0633],[133.0303,36.065],[133.0226,36.0633],[133.0221,36.0653],[133.0174,36.0702],[133.0166,36.0728],[133.0151,36.0739],[133.0145,36.0735],[133.0154,36.0728],[133.0135,36.0739],[133.0145,36.0743],[133.0101,36.0754],[133.0075,36.0742],[133.009,36.0775],[133.0097,36.0769],[133.0107,36.078],[133.0092,36.0812],[133.0056,36.0826],[133.006,36.0839],[133.0077,36.0836],[133.0083,36.0853],[133.0074,36.0872],[133.006,36.0872],[133.0054,36.0904],[133.0068,36.0925],[133.0114,36.0933],[133.0127,36.0945],[133.0122,36.0973],[133.013,36.0979],[133.0122,36.1003],[133.0063,36.1057],[133.0054,36.1053],[133.0081,36.0988],[133.0051,36.093],[133.001,36.0917],[133.0016,36.0922],[133.0007,36.0932],[132.999,36.0926],[132.9993,36.091],[133.0001,36.0912],[133.0009,36.0911],[132.9981,36.0905],[132.9951,36.0926],[132.9935,36.0916],[132.9901,36.0926],[132.9927,36.0885],[132.9915,36.0869],[132.993,36.0846],[132.9918,36.0837],[132.9849,36.0868],[132.9847,36.0902],[132.986,36.0926],[132.9874,36.0927],[132.9857,36.0933],[132.9821,36.0908],[132.9827,36.0896],[132.9792,36.0887],[132.9802,36.0858],[132.9772,36.0853],[132.9764,36.0838],[132.9774,36.0831],[132.978,36.0845],[132.9785,36.0846],[132.9775,36.083],[132.9787,36.0791],[132.983,36.0785],[132.9807,36.0764],[132.9839,36.0715],[132.983,36.071],[132.9854,36.0697],[132.983,36.0686],[132.9849,36.0686],[132.9846,36.0678],[132.987,36.0663],[132.9856,36.0665],[132.986,36.0651],[132.9881,36.0662],[132.9881,36.0641],[132.9894,36.0639],[132.9903,36.06],[132.9939,36.0557],[132.9931,36.0517],[132.9971,36.0459],[132.9986,36.046],[132.9994,36.0438],[133.001,36.0438],[132.9984,36.038],[132.9953,36.0408],[132.9896,36.0433],[132.9878,36.0468],[132.9852,36.0475],[132.9872,36.0479],[132.986,36.0491],[132.9747,36.0526],[132.9738,36.0554],[132.9748,36.0558],[132.9732,36.0573],[132.9688,36.0575],[132.9667,36.0588],[132.965,36.0587],[132.9647,36.0598],[132.9623,36.0603],[132.9544,36.0587],[132.9541,36.0605],[132.9497,36.0625],[132.9525,36.0643],[132.9551,36.0641],[132.9553,36.065],[132.9479,36.064],[132.946,36.0649],[132.946,36.0672],[132.9497,36.0682],[132.9508,36.07],[132.9505,36.0728],[132.9531,36.0744],[132.9538,36.0766],[132.9481,36.0763],[132.9458,36.0798],[132.9506,36.08],[132.9506,36.0814],[132.9523,36.0828],[132.9508,36.0854],[132.9548,36.0861],[132.9558,36.0904],[132.9591,36.0904],[132.9589,36.0917],[132.9604,36.0908],[132.9604,36.0921],[132.9638,36.0913],[132.9646,36.0926],[132.9669,36.0922],[132.967,36.093],[132.9684,36.0925],[132.9699,36.0945],[132.9695,36.0953],[132.9683,36.0946],[132.9642,36.0959],[132.9644,36.0978],[132.9627,36.0967],[132.9617,36.0969],[132.9657,36.0997],[132.9648,36.1005],[132.9659,36.1012],[132.966,36.1027],[132.967,36.1023],[132.9691,36.1032],[132.972,36.1078],[132.9767,36.1105],[132.9788,36.1132],[132.9777,36.1147],[132.98,36.1133],[132.9809,36.1138],[132.9809,36.1149],[132.9817,36.1144],[132.9827,36.115],[132.982,36.1173],[132.986,36.1163],[132.9872,36.1146],[132.9865,36.1131],[132.9873,36.1112],[132.9852,36.1109],[132.9841,36.1086],[132.9851,36.1079],[132.9875,36.1095],[132.99,36.1092],[132.9913,36.1135],[132.9946,36.1144],[132.997,36.1131],[132.9974,36.1143],[132.9999,36.1141],[133.0025,36.1108],[133.0034,36.1118],[133.005,36.1098],[133.003,36.1087],[133.0063,36.1078],[133.0073,36.1085],[133.0067,36.1127],[133.0077,36.1128],[133.0081,36.1141],[133.0091,36.1132],[133.0095,36.1146],[133.0128,36.1155],[133.0132,36.1164],[133.0123,36.1208],[133.0141,36.1277],[133.0125,36.1357],[133.0145,36.1376],[133.0173,36.137],[133.0199,36.1345],[133.0218,36.1361],[133.0232,36.1341],[133.0243,36.1344],[133.0242,36.1358],[133.0275,36.1358],[133.026,36.1372],[133.0277,36.1386],[133.0285,36.1372],[133.0342,36.1369],[133.0363,36.135],[133.0413,36.1353],[133.043,36.1342],[133.0438,36.1351],[133.0438,36.1336],[133.0458,36.1329],[133.0442,36.1328],[133.0455,36.1312],[133.0443,36.1307],[133.0463,36.1307],[133.0445,36.1296],[133.0455,36.1292],[133.0439,36.1286],[133.0448,36.1282],[133.0443,36.1276],[133.0471,36.1282],[133.047,36.1294],[133.0524,36.1302],[133.0523,36.1311],[133.0529,36.1305],[133.0547,36.1322],[133.0554,36.1303],[133.0542,36.1293],[133.0543,36.1272],[133.0553,36.1267],[133.0567,36.1278],[133.0567,36.1299],[133.0593,36.1304],[133.058,36.1313],[133.0595,36.1326],[133.0609,36.1329],[133.0623,36.1344],[133.0656,36.1355],[133.0669,36.1397],[133.0692,36.1415],[133.0685,36.1423],[133.0701,36.1425]]],[[[133.0433,36.1061],[133.0419,36.106],[133.0409,36.1068],[133.0423,36.1068],[133.0433,36.1061]]],[[[133.0093,36.1147],[133.0093,36.1146],[133.0093,36.1146],[133.0093,36.1147]]],[[[133.0095,36.1148],[133.0096,36.1147],[133.0095,36.1147],[133.0095,36.1148]]],[[[133.0103,36.115],[133.0103,36.115],[133.0103,36.115],[133.0103,36.115]]],[[[133.0567,36.1302],[133.0567,36.13],[133.0566,36.13],[133.0567,36.1302]]],[[[133.057,36.1303],[133.057,36.1302],[133.057,36.1303],[133.057,36.1303]]],[[[133.0515,36.1301],[133.0515,36.1306],[133.0518,36.1305],[133.0515,36.1301]]],[[[133.0575,36.1305],[133.0575,36.1305],[133.0575,36.1305],[133.0575,36.1305]]],[[[133.0571,36.1306],[133.0572,36.1306],[133.0571,36.1305],[133.0571,36.1306]]],[[[133.0577,36.1307],[133.0577,36.1306],[133.0577,36.1307],[133.0577,36.1307]]],[[[133.0578,36.1315],[133.0577,36.1314],[133.0576,36.1314],[133.0578,36.1315]]],[[[133.0581,36.1317],[133.0582,36.1316],[133.0581,36.1316],[133.0581,36.1317]]],[[[133.0534,36.1319],[133.0535,36.1318],[133.0534,36.1319],[133.0534,36.1319]]],[[[133.0531,36.132],[133.0532,36.132],[133.0531,36.132],[133.0531,36.132]]],[[[133.0545,36.1332],[133.055,36.1325],[133.054,36.1332],[133.0545,36.1332]]],[[[133.0551,36.1328],[133.0553,36.1331],[133.0554,36.133],[133.0551,36.1328]]],[[[133.0538,36.133],[133.0539,36.133],[133.0539,36.133],[133.0538,36.133]]],[[[133.0455,36.1333],[133.0458,36.1334],[133.0456,36.1332],[133.0455,36.1333]]],[[[133.0608,36.1333],[133.0609,36.1334],[133.0609,36.1332],[133.0608,36.1333]]],[[[133.0445,36.1338],[133.0449,36.1339],[133.0445,36.1337],[133.0445,36.1338]]],[[[133.0448,36.1341],[133.045,36.1341],[133.045,36.134],[133.0448,36.1341]]],[[[133.0618,36.1345],[133.0619,36.1345],[133.0618,36.1345],[133.0618,36.1345]]],[[[133.0628,36.135],[133.0605,36.1348],[133.0614,36.1358],[133.0628,36.135]]],[[[133.042,36.1354],[133.042,36.1355],[133.0421,36.1355],[133.042,36.1354]]],[[[133.0415,36.1355],[133.0416,36.1355],[133.0416,36.1354],[133.0415,36.1355]]],[[[133.0438,36.1363],[133.0441,36.1356],[133.0431,36.1359],[133.0438,36.1363]]],[[[133.0611,36.1361],[133.0612,36.136],[133.0611,36.136],[133.0611,36.1361]]],[[[133.0333,36.137],[133.0334,36.1369],[133.0333,36.137],[133.0333,36.137]]],[[[133.0295,36.1375],[133.0297,36.1374],[133.0295,36.1374],[133.0295,36.1375]]],[[[133.0339,36.1374],[133.0342,36.1375],[133.0341,36.1373],[133.0339,36.1374]]],[[[133.0337,36.1376],[133.0338,36.1375],[133.0337,36.1375],[133.0337,36.1376]]],[[[133.0299,36.1376],[133.0299,36.1375],[133.0298,36.1376],[133.0299,36.1376]]],[[[133.0269,36.1386],[133.027,36.1385],[133.0269,36.1385],[133.0269,36.1386]]],[[[133.0828,36.1232],[133.0828,36.1232],[133.0828,36.1231],[133.0828,36.1232]]],[[[133.087,36.1266],[133.0871,36.1265],[133.087,36.1265],[133.087,36.1266]]],[[[133.0627,36.1347],[133.0627,36.1347],[133.0626,36.1347],[133.0627,36.1347]]],[[[133.0635,36.1353],[133.0635,36.1352],[133.0635,36.1352],[133.0635,36.1353]]],[[[133.064,36.1351],[133.064,36.1354],[133.0644,36.1353],[133.064,36.1351]]],[[[133.0646,36.1354],[133.0645,36.1353],[133.0645,36.1354],[133.0646,36.1354]]],[[[133.0643,36.1355],[133.0644,36.1354],[133.0643,36.1354],[133.0643,36.1355]]],[[[133.0645,36.1356],[133.0646,36.1356],[133.0644,36.1356],[133.0645,36.1356]]],[[[133.0637,36.1357],[133.0638,36.1356],[133.0637,36.1356],[133.0637,36.1357]]],[[[133.062,36.1358],[133.062,36.1357],[133.0619,36.1358],[133.062,36.1358]]],[[[133.0652,36.136],[133.0653,36.1359],[133.0652,36.1358],[133.0652,36.136]]],[[[133.0928,36.1371],[133.0929,36.137],[133.0928,36.1369],[133.0928,36.1371]]],[[[133.0921,36.1372],[133.0922,36.1371],[133.0921,36.1371],[133.0921,36.1372]]],[[[133.0893,36.1375],[133.0894,36.1375],[133.0893,36.1375],[133.0893,36.1375]]],[[[133.0871,36.1376],[133.0871,36.1375],[133.087,36.1376],[133.0871,36.1376]]],[[[133.0873,36.1377],[133.0874,36.1376],[133.0873,36.1376],[133.0873,36.1377]]],[[[133.0893,36.1377],[133.0894,36.1377],[133.0893,36.1376],[133.0893,36.1377]]],[[[133.0652,36.138],[133.0653,36.1379],[133.0652,36.1379],[133.0652,36.138]]],[[[133.0853,36.1385],[133.0853,36.1377],[133.085,36.1377],[133.0853,36.1385]]],[[[133.0925,36.1382],[133.0926,36.1382],[133.0926,36.1382],[133.0925,36.1382]]],[[[133.0651,36.1382],[133.0656,36.1384],[133.0651,36.1381],[133.0651,36.1382]]],[[[133.0655,36.1386],[133.0655,36.1386],[133.0654,36.1386],[133.0655,36.1386]]],[[[133.0815,36.1409],[133.0817,36.1409],[133.0816,36.1407],[133.0815,36.1409]]],[[[133.0819,36.1413],[133.082,36.1418],[133.0822,36.1417],[133.0819,36.1413]]],[[[133.0745,36.1419],[133.0745,36.1418],[133.0744,36.1418],[133.0745,36.1419]]],[[[133.0804,36.1424],[133.0804,36.1423],[133.0804,36.1424],[133.0804,36.1424]]],[[[133.0819,36.1426],[133.0818,36.1425],[133.0818,36.1426],[133.0819,36.1426]]],[[[133.0687,36.1429],[133.0687,36.1428],[133.0686,36.1429],[133.0687,36.1429]]],[[[133.0702,36.1431],[133.0692,36.1428],[133.0691,36.1429],[133.0702,36.1431]]],[[[133.0681,36.1431],[133.0681,36.143],[133.0681,36.143],[133.0681,36.1431]]],[[[133.0686,36.1432],[133.0687,36.143],[133.0686,36.1431],[133.0686,36.1432]]],[[[133.0734,36.1543],[133.0738,36.1529],[133.0729,36.1528],[133.0719,36.1546],[133.0734,36.1543]]],[[[133.0719,36.1544],[133.0718,36.1545],[133.0719,36.1544],[133.0719,36.1544]]],[[[133.0717,36.1546],[133.0715,36.1546],[133.0715,36.1546],[133.0717,36.1546]]]]}},{"type":"Feature","properties":{"code":"32527","name":"知夫村","pref_code":"32","pref":"島根県"},"geometry":{"type":"MultiPolygon","coordinates":[[[[133.0297,35.9943],[133.028,35.9924],[133.027,35.9924],[133.0271,35.9945],[133.0292,35.995],[133.0297,35.9943]]],[[[133.0317,35.9937],[133.0316,35.9937],[133.0316,35.9937],[133.0317,35.9937]]],[[[133.0322,35.9937],[133.0323,35.9941],[133.0323,35.9937],[133.0322,35.9937]]],[[[133.0305,35.9942],[133.0307,35.9943],[133.0307,35.9942],[133.0305,35.9942]]],[[[133.0315,35.9946],[133.0318,35.994],[133.0313,35.9945],[133.0315,35.9946]]],[[[133.0311,35.9948],[133.0306,35.9943],[133.0305,35.9947],[133.0311,35.9948]]],[[[133.0287,35.9981],[133.0286,35.9982],[133.0287,35.9982],[133.0287,35.9981]]],[[[133.031,36.0002],[133.0306,35.9999],[133.0305,36.0001],[133.031,36.0002]]],[[[133.0184,36.0052],[133.0185,36.0051],[133.0184,36.0051],[133.0184,36.0052]]],[[[133.0191,36.0052],[133.0191,36.0052],[133.0191,36.0052],[133.0191,36.0052]]],[[[133.0192,36.0053],[133.0193,36.0053],[133.0193,36.0053],[133.0192,36.0053]]],[[[133.0184,36.0053],[133.0185,36.0053],[133.0184,36.0053],[133.0184,36.0053]]],[[[133.019,36.0054],[133.0191,36.0054],[133.019,36.0054],[133.019,36.0054]]],[[[133.031,36.0058],[133.0313,36.0061],[133.0313,36.0061],[133.031,36.0058]]],[[[133.0081,36.0103],[133.0082,36.0104],[133.0082,36.0103],[133.0081,36.0103]]],[[[133.0278,36.0318],[133.0278,36.0317],[133.0277,36.0318],[133.0278,36.0318]]],[[[132.9997,36.0319],[132.9996,36.0322],[132.9999,36.032],[132.9997,36.0319]]],[[[132.9987,36.0324],[132.9988,36.0322],[132.9987,36.0323],[132.9987,36.0324]]],[[[133.009,36.0323],[133.0092,36.0323],[133.0092,36.0323],[133.009,36.0323]]],[[[133.0202,36.0319],[133.0202,36.0328],[133.0207,36.0324],[133.0202,36.0319]]],[[[133.0274,36.0332],[133.0277,36.0327],[133.0271,36.033],[133.0274,36.0332]]],[[[133.0117,36.0328],[133.0121,36.0332],[133.0121,36.0329],[133.0117,36.0328]]],[[[133.0124,36.033],[133.0125,36.033],[133.0124,36.033],[133.0124,36.033]]],[[[133.0331,35.9909],[133.0331,35.9909],[133.0331,35.9909],[133.0331,35.9909]]],[[[133.0335,35.9913],[133.0335,35.9913],[133.0335,35.9913],[133.0335,35.9913]]],[[[133.0336,35.9912],[133.0336,35.9914],[133.0338,35.9913],[133.0336,35.9912]]],[[[133.0338,35.9913],[133.0338,35.9914],[133.0338,35.9913],[133.0338,35.9913]]],[[[133.0339,35.9913],[133.0338,35.9917],[133.0342,35.9915],[133.0339,35.9913]]],[[[133.0338,35.9921],[133.0337,35.9924],[133.0341,35.9923],[133.0338,35.9921]]],[[[133.0412,35.9938],[133.0407,35.994],[133.0406,35.9943],[133.0412,35.9938]]],[[[133.0533,35.9941],[133.0534,35.9941],[133.0533,35.9941],[133.0533,35.9941]]],[[[133.0533,35.9943],[133.0534,35.9943],[133.0533,35.9942],[133.0533,35.9943]]],[[[133.0526,35.9947],[133.0531,35.994],[133.0525,35.9944],[133.0526,35.9947]]],[[[133.0384,35.9975],[133.0404,35.9955],[133.0419,35.9951],[133.0395,35.9946],[133.0376,35.997],[133.0384,35.9975]]],[[[133.0537,36.0027],[133.0531,36.0002],[133.0538,35.9989],[133.0527,35.9975],[133.0533,35.9966],[133.0522,35.9959],[133.0524,35.9942],[133.0502,35.993],[133.0495,35.9937],[133.0506,35.9963],[133.0487,35.9965],[133.0511,35.9985],[133.0485,35.9986],[133.0479,36.0013],[133.0492,36.0018],[133.0501,36.0004],[133.0537,36.0027]]],[[[133.0383,35.9984],[133.039,35.9981],[133.0382,35.9983],[133.0383,35.9984]]],[[[133.0506,36.0014],[133.0508,36.0018],[133.0509,36.0014],[133.0506,36.0014]]],[[[133.051,36.0022],[133.0509,36.0028],[133.0519,36.0029],[133.051,36.0022]]],[[[133.0438,36.0047],[133.0416,36.0046],[133.0438,36.0048],[133.0438,36.0047]]],[[[133.0412,36.0048],[133.0413,36.0047],[133.0412,36.0047],[133.0412,36.0048]]],[[[133.0414,36.0049],[133.0413,36.005],[133.0415,36.005],[133.0414,36.0049]]],[[[133.041,36.005],[133.0411,36.005],[133.0411,36.0049],[133.041,36.005]]],[[[133.0409,36.0052],[133.0409,36.0051],[133.0408,36.0051],[133.0409,36.0052]]],[[[133.0412,36.0063],[133.0414,36.0063],[133.0412,36.0062],[133.0412,36.0063]]],[[[133.0001,36.0324],[133.0082,36.0318],[133.0111,36.0325],[133.0149,36.0307],[133.0166,36.032],[133.023,36.0297],[133.0252,36.031],[133.0244,36.03],[133.0254,36.0297],[133.027,36.0325],[133.0286,36.0304],[133.0302,36.0301],[133.0303,36.029],[133.0331,36.0292],[133.0343,36.0277],[133.0353,36.0286],[133.0376,36.0274],[133.041,36.023],[133.0404,36.0254],[133.0407,36.027],[133.0411,36.0241],[133.0441,36.0224],[133.0425,36.0217],[133.0425,36.0206],[133.0446,36.0188],[133.0512,36.0167],[133.055,36.0129],[133.0622,36.0104],[133.0649,36.0109],[133.0653,36.012],[133.0689,36.0121],[133.0707,36.0111],[133.0728,36.011],[133.0732,36.0103],[133.0695,36.0083],[133.0693,36.0074],[133.0701,36.0065],[133.0697,36.0059],[133.0667,36.007],[133.0655,36.0063],[133.0663,36.0057],[133.0646,36.0039],[133.0665,36.0031],[133.0651,36.0027],[133.0664,36.0016],[133.0644,36.0012],[133.066,35.9999],[133.0646,35.9992],[133.0662,35.9975],[133.0658,35.9958],[133.061,35.9939],[133.0602,35.9954],[133.0593,35.994],[133.057,35.9946],[133.0577,35.9954],[133.0569,35.9966],[133.0551,35.9971],[133.0578,36.0051],[133.0564,36.0053],[133.0538,36.0031],[133.047,36.0046],[133.0478,36.0058],[133.0456,36.0066],[133.0484,36.0089],[133.046,36.0093],[133.0449,36.0106],[133.0441,36.0101],[133.0434,36.01],[133.0447,36.0109],[133.0417,36.0131],[133.0404,36.0117],[133.042,36.0081],[133.0395,36.0057],[133.0399,36.0033],[133.0379,36.0028],[133.0385,36.0008],[133.0369,36.0004],[133.0365,36.0022],[133.0352,36.0024],[133.0355,36.0041],[133.0337,36.0056],[133.0324,36.0053],[133.0337,36.0057],[133.0331,36.0065],[133.0323,36.0057],[133.0314,36.0063],[133.0308,36.0059],[133.031,36.0043],[133.0319,36.0046],[133.0328,36.0044],[133.0311,36.0043],[133.0314,36.001],[133.03,35.9999],[133.0291,36.0007],[133.0296,36.0018],[133.0272,36.0016],[133.0284,36.0035],[133.028,36.0048],[133.0234,36.0067],[133.0185,36.0055],[133.0139,36.0026],[133.0095,36.0018],[133.0056,36.0042],[133.0079,36.0061],[133.0095,36.01],[133.0038,36.0136],[133.0033,36.0162],[133.0054,36.0175],[133.0075,36.0171],[133.0078,36.0187],[133.0023,36.0205],[133.0022,36.0221],[133.0047,36.0213],[133.0044,36.0226],[133.0059,36.0232],[133.0012,36.0266],[133.0019,36.0291],[132.9997,36.0312],[133.0001,36.0324]]],[[[133.041,36.0272],[133.0406,36.0279],[133.0411,36.0272],[133.041,36.0272]]],[[[133.0759,35.9953],[133.076,35.9954],[133.076,35.9952],[133.0759,35.9953]]],[[[133.0775,35.9999],[133.0799,35.9969],[133.0797,35.9949],[133.0777,35.9931],[133.076,35.9949],[133.0767,35.9971],[133.0756,35.9984],[133.0761,35.9998],[133.0775,35.9999]]],[[[133.0659,35.9979],[133.066,35.9979],[133.0659,35.9978],[133.0659,35.9979]]],[[[133.0724,36.0],[133.0732,35.9992],[133.0726,35.9976],[133.0724,36.0]]],[[[133.0545,36.0009],[133.0541,36.0012],[133.0542,36.0013],[133.0545,36.0009]]],[[[133.0553,36.0033],[133.0558,36.0031],[133.0548,36.0033],[133.0553,36.0033]]],[[[133.0667,36.0037],[133.0667,36.0032],[133.0664,36.0035],[133.0667,36.0037]]],[[[133.0694,36.0054],[133.0695,36.0054],[133.0695,36.0053],[133.0694,36.0054]]],[[[133.069,36.0054],[133.0692,36.0055],[133.0692,36.0055],[133.069,36.0054]]],[[[133.0686,36.0055],[133.0687,36.0055],[133.0686,36.0055],[133.0686,36.0055]]],[[[133.0665,36.0057],[133.0666,36.0057],[133.0665,36.0057],[133.0665,36.0057]]],[[[133.0674,36.0065],[133.0675,36.0065],[133.0675,36.0065],[133.0674,36.0065]]],[[[133.0696,36.0073],[133.0697,36.0074],[133.0697,36.0072],[133.0696,36.0073]]],[[[133.0713,36.0076],[133.0714,36.0077],[133.0714,36.0076],[133.0713,36.0076]]],[[[133.07,36.008],[133.07,36.0079],[133.0699,36.008],[133.07,36.008]]],[[[133.0709,36.0085],[133.0712,36.0078],[133.0705,36.0082],[133.0709,36.0085]]],[[[133.0729,36.0093],[133.0727,36.0091],[133.0726,36.0093],[133.0729,36.0093]]],[[[133.0739,36.0116],[133.0744,36.0104],[133.0732,36.0109],[133.0739,36.0116]]],[[[133.0761,36.0111],[133.0759,36.0114],[133.0761,36.0112],[133.0761,36.0111]]],[[[133.0753,36.0112],[133.0754,36.0114],[133.0755,36.0112],[133.0753,36.0112]]],[[[133.0702,36.0115],[133.0703,36.0115],[133.0703,36.0115],[133.0702,36.0115]]]]}},{"type":"Feature","properties":{"code":"32528","name":"隠岐の島町","pref_code":"32","pref":"島根県"},"geometry":{"type":"MultiPolygon","coordinates":[[[[133.1774,36.1273],[133.1773,36.1277],[133.1775,36.1273],[133.1774,36.1273]]],[[[133.1768,36.129],[133.1769,36.1291],[133.1769,36.129],[133.1768,36.129]]],[[[133.1765,36.129],[133.1766,36.1291],[133.1767,36.129],[133.1765,36.129]]],[[[133.1766,36.1295],[133.1761,36.1291],[133.1762,36.1296],[133.1766,36.1295]]],[[[133.1772,36.1294],[133.1771,36.1294],[133.1772,36.1294],[133.1772,36.1294]]],[[[133.1774,36.1294],[133.1773,36.1294],[133.1774,36.1295],[133.1774,36.1294]]],[[[133.1746,36.1403],[133.1797,36.137],[133.1732,36.1333],[133.1684,36.1332],[133.1728,36.1355],[133.1746,36.1403]]],[[[133.1763,36.1395],[133.1764,36.1395],[133.1763,36.1395],[133.1763,36.1395]]],[[[133.1763,36.1397],[133.1762,36.1397],[133.1761,36.1397],[133.1763,36.1397]]],[[[133.176,36.1398],[133.1761,36.1399],[133.1761,36.1399],[133.176,36.1398]]],[[[133.1759,36.1399],[133.1759,36.14],[133.1759,36.14],[133.1759,36.1399]]],[[[133.175,36.2495],[133.1745,36.2492],[133.1741,36.2495],[133.175,36.2495]]],[[[133.1774,36.2494],[133.1772,36.2494],[133.1774,36.2495],[133.1774,36.2494]]],[[[133.1772,36.2497],[133.1771,36.2495],[133.1772,36.2498],[133.1772,36.2497]]],[[[133.1753,36.2496],[133.1758,36.2497],[133.1753,36.2494],[133.1753,36.2496]]],[[[133.1764,36.2499],[133.1764,36.2497],[133.1763,36.2498],[133.1764,36.2499]]],[[[133.1762,36.2499],[133.176,36.25],[133.1762,36.2499],[133.1762,36.2499]]],[[[133.1771,36.2529],[133.177,36.2527],[133.1769,36.2529],[133.1771,36.2529]]],[[[133.1763,36.2543],[133.1766,36.2543],[133.1766,36.2542],[133.1763,36.2543]]],[[[131.8695,37.238],[131.8696,37.2381],[131.8696,37.2379],[131.8695,37.238]]],[[[131.8694,37.2382],[131.8692,37.2381],[131.8693,37.2383],[131.8694,37.2382]]],[[[131.8689,37.2384],[131.8688,37.2384],[131.8688,37.2385],[131.8689,37.2384]]],[[[131.8678,37.239],[131.8679,37.2384],[131.8672,37.2389],[131.8678,37.239]]],[[[131.8615,37.2397],[131.8619,37.2397],[131.8619,37.2394],[131.8615,37.2397]]],[[[131.8723,37.2398],[131.8722,37.2398],[131.8723,37.2398],[131.8723,37.2398]]],[[[131.8655,37.2398],[131.8653,37.2398],[131.8655,37.2399],[131.8655,37.2398]]],[[[131.8727,37.2399],[131.8726,37.2398],[131.8725,37.2398],[131.8727,37.2399]]],[[[131.8703,37.242],[131.8699,37.2403],[131.8711,37.241],[131.8721,37.2398],[131.8706,37.2396],[131.87,37.238],[131.868,37.239],[131.8684,37.2407],[131.8703,37.242]]],[[[131.8722,37.2402],[131.8722,37.2401],[131.8721,37.2402],[131.8722,37.2402]]],[[[131.8624,37.2403],[131.8625,37.2401],[131.8623,37.24],[131.8624,37.2403]]],[[[131.8669,37.2402],[131.8668,37.2402],[131.8669,37.2402],[131.8669,37.2402]]],[[[131.8631,37.2405],[131.8631,37.2404],[131.863,37.2405],[131.8631,37.2405]]],[[[131.862,37.2405],[131.8621,37.2405],[131.8622,37.2405],[131.862,37.2405]]],[[[131.8623,37.2407],[131.8623,37.2408],[131.8624,37.2408],[131.8623,37.2407]]],[[[131.8703,37.2409],[131.8703,37.2408],[131.8703,37.2407],[131.8703,37.2409]]],[[[131.8672,37.2411],[131.8673,37.2411],[131.8672,37.2411],[131.8672,37.2411]]],[[[131.8621,37.2412],[131.862,37.2411],[131.862,37.2411],[131.8621,37.2412]]],[[[131.8705,37.2412],[131.8708,37.2412],[131.8705,37.2411],[131.8705,37.2412]]],[[[131.8686,37.2414],[131.8688,37.2413],[131.8685,37.2413],[131.8686,37.2414]]],[[[131.8616,37.2412],[131.8616,37.2419],[131.8619,37.2412],[131.8616,37.2412]]],[[[131.8683,37.2416],[131.8681,37.2415],[131.8681,37.2417],[131.8683,37.2416]]],[[[131.8619,37.2418],[131.8623,37.2415],[131.8622,37.2414],[131.8619,37.2418]]],[[[131.863,37.2418],[131.8623,37.2415],[131.8618,37.2422],[131.8622,37.2423],[131.863,37.2418]]],[[[131.8707,37.2419],[131.8706,37.242],[131.8707,37.242],[131.8707,37.2419]]],[[[131.8675,37.242],[131.8676,37.242],[131.8675,37.242],[131.8675,37.242]]],[[[131.8652,37.2443],[131.8671,37.2411],[131.8649,37.24],[131.8633,37.2403],[131.8635,37.2414],[131.8625,37.2428],[131.8633,37.2424],[131.8649,37.2427],[131.8652,37.2443]]],[[[131.8681,37.2423],[131.868,37.2421],[131.8679,37.2422],[131.8681,37.2423]]],[[[131.8678,37.2425],[131.8672,37.2426],[131.8678,37.2426],[131.8678,37.2425]]],[[[131.8615,37.2426],[131.8617,37.2426],[131.8617,37.2425],[131.8615,37.2426]]],[[[131.862,37.2429],[131.8618,37.2427],[131.8617,37.2428],[131.862,37.2429]]],[[[131.8634,37.2429],[131.8636,37.2429],[131.8635,37.2428],[131.8634,37.2429]]],[[[131.863,37.2432],[131.8633,37.2436],[131.8634,37.2431],[131.863,37.2432]]],[[[131.8626,37.2434],[131.8624,37.2434],[131.8626,37.2435],[131.8626,37.2434]]],[[[131.8665,37.2435],[131.8666,37.2434],[131.8665,37.2433],[131.8665,37.2435]]],[[[131.8615,37.2435],[131.8614,37.2437],[131.8616,37.2436],[131.8615,37.2435]]],[[[131.866,37.2436],[131.8663,37.2437],[131.8663,37.2435],[131.866,37.2436]]],[[[131.8654,37.2442],[131.8654,37.2443],[131.8654,37.2442],[131.8654,37.2442]]],[[[131.8653,37.2443],[131.8653,37.2445],[131.8655,37.2445],[131.8653,37.2443]]],[[[131.8645,37.2446],[131.8645,37.2447],[131.8646,37.2447],[131.8645,37.2446]]],[[[131.864,37.2452],[131.8641,37.2452],[131.864,37.2451],[131.864,37.2452]]],[[[131.8635,37.2452],[131.8635,37.2452],[131.8633,37.2452],[131.8635,37.2452]]],[[[131.8632,37.2453],[131.8632,37.2452],[131.8632,37.2452],[131.8632,37.2453]]],[[[131.8636,37.2453],[131.8636,37.2453],[131.8636,37.2453],[131.8636,37.2453]]],[[[131.8632,37.2455],[131.8635,37.2455],[131.8633,37.2453],[131.8632,37.2455]]],[[[131.8636,37.2454],[131.8637,37.2456],[131.8639,37.2457],[131.8636,37.2454]]],[[[131.8637,37.2458],[131.8635,37.2457],[131.8635,37.2459],[131.8637,37.2458]]],[[[131.8642,37.2459],[131.8641,37.2459],[131.8641,37.2459],[131.8642,37.2459]]],[[[131.8637,37.2461],[131.8638,37.2461],[131.8638,37.2461],[131.8637,37.2461]]],[[[131.864,37.2461],[131.864,37.2461],[131.864,37.2461],[131.864,37.2461]]],[[[131.8639,37.2462],[131.8637,37.2462],[131.8636,37.2463],[131.8639,37.2462]]],[[[131.8643,37.2462],[131.8644,37.2463],[131.8644,37.2462],[131.8643,37.2462]]],[[[131.8645,37.2472],[131.8642,37.2468],[131.8644,37.2473],[131.8645,37.2472]]],[[[131.8638,37.2469],[131.8637,37.2478],[131.864,37.2472],[131.8638,37.2469]]],[[[133.1785,36.1263],[133.1786,36.1261],[133.1784,36.1263],[133.1785,36.1263]]],[[[133.1782,36.1265],[133.1776,36.1268],[133.1775,36.1272],[133.1782,36.1265]]],[[[133.1839,36.1282],[133.1842,36.1286],[133.1841,36.128],[133.1839,36.1282]]],[[[133.1789,36.1378],[133.1789,36.1379],[133.1789,36.1379],[133.1789,36.1378]]],[[[133.2002,36.1784],[133.2001,36.178],[133.1997,36.1781],[133.2002,36.1784]]],[[[133.1983,36.1785],[133.1987,36.178],[133.1971,36.1782],[133.1983,36.1785]]],[[[133.1961,36.1786],[133.1964,36.178],[133.1957,36.1782],[133.1961,36.1786]]],[[[133.191,36.1793],[133.1921,36.1789],[133.1905,36.1792],[133.191,36.1793]]],[[[133.1844,36.2104],[133.1844,36.2103],[133.1843,36.2104],[133.1844,36.2104]]],[[[133.1842,36.2106],[133.1841,36.2105],[133.1841,36.2105],[133.1842,36.2106]]],[[[133.1837,36.2108],[133.1835,36.2106],[133.1834,36.2107],[133.1837,36.2108]]],[[[133.1809,36.2112],[133.1808,36.2111],[133.1808,36.2111],[133.1809,36.2112]]],[[[133.1804,36.2112],[133.1804,36.2111],[133.1802,36.2112],[133.1804,36.2112]]],[[[133.198,36.2111],[133.198,36.2113],[133.1981,36.2114],[133.198,36.2111]]],[[[133.1823,36.2116],[133.1817,36.2112],[133.1815,36.2114],[133.1823,36.2116]]],[[[133.1833,36.2114],[133.1826,36.2114],[133.1834,36.2116],[133.1833,36.2114]]],[[[133.1818,36.2121],[133.1814,36.2114],[133.1808,36.2114],[133.1818,36.2121]]],[[[133.1838,36.2136],[133.1838,36.2138],[133.1839,36.2137],[133.1838,36.2136]]],[[[133.1846,36.2149],[133.1843,36.2147],[133.1843,36.2149],[133.1846,36.2149]]],[[[133.1831,36.2208],[133.1834,36.2208],[133.1831,36.2207],[133.1831,36.2208]]],[[[133.1831,36.2215],[133.1828,36.2209],[133.1825,36.2215],[133.1831,36.2215]]],[[[133.1837,36.223],[133.1839,36.2231],[133.184,36.223],[133.1837,36.223]]],[[[133.1832,36.2236],[133.1832,36.2238],[133.1833,36.2237],[133.1832,36.2236]]],[[[133.1834,36.2244],[133.1833,36.2239],[133.183,36.2241],[133.1834,36.2244]]],[[[133.1827,36.2242],[133.1827,36.2242],[133.1827,36.2243],[133.1827,36.2242]]],[[[133.1829,36.2246],[133.1829,36.2246],[133.1829,36.2246],[133.1829,36.2246]]],[[[133.1849,36.2251],[133.1845,36.2246],[133.1843,36.2247],[133.1849,36.2251]]],[[[133.1832,36.225],[133.1831,36.2249],[133.1831,36.2249],[133.1832,36.225]]],[[[133.1872,36.2465],[133.1884,36.2451],[133.188,36.2448],[133.1872,36.2465]]],[[[133.1851,36.2487],[133.1851,36.2488],[133.1852,36.2488],[133.1851,36.2487]]],[[[133.1848,36.249],[133.1849,36.2488],[133.1847,36.2489],[133.1848,36.249]]],[[[133.1841,36.2489],[133.1841,36.249],[133.1842,36.249],[133.1841,36.2489]]],[[[133.184,36.2491],[133.1837,36.2491],[133.184,36.2491],[133.184,36.2491]]],[[[133.1804,36.2492],[133.1804,36.2491],[133.1802,36.2492],[133.1804,36.2492]]],[[[133.1818,36.2491],[133.1817,36.2493],[133.1819,36.2492],[133.1818,36.2491]]],[[[133.1796,36.2494],[133.1796,36.2493],[133.1795,36.2494],[133.1796,36.2494]]],[[[133.1792,36.2495],[133.179,36.2495],[133.1792,36.2496],[133.1792,36.2495]]],[[[133.178,36.2496],[133.178,36.2497],[133.1781,36.2496],[133.178,36.2496]]],[[[133.1781,36.259],[133.1781,36.2591],[133.1782,36.259],[133.1781,36.259]]],[[[133.1778,36.259],[133.1778,36.2591],[133.1779,36.2591],[133.1778,36.259]]],[[[133.1788,36.2594],[133.1787,36.2595],[133.1788,36.2595],[133.1788,36.2594]]],[[[133.1786,36.2595],[133.1787,36.2596],[133.1787,36.2596],[133.1786,36.2595]]],[[[133.1856,36.2676],[133.1857,36.268],[133.1857,36.2676],[133.1856,36.2676]]],[[[133.1857,36.2682],[133.1856,36.2684],[133.1857,36.2682],[133.1857,36.2682]]],[[[133.1864,36.2713],[133.1863,36.2711],[133.1863,36.2712],[133.1864,36.2713]]],[[[133.1856,36.2712],[133.1856,36.2713],[133.1856,36.2713],[133.1856,36.2712]]],[[[133.1856,36.2714],[133.1856,36.2715],[133.1856,36.2714],[133.1856,36.2714]]],[[[133.196,36.2833],[133.1947,36.2843],[133.1967,36.285],[133.1966,36.284],[133.196,36.2833]]],[[[133.1854,36.2849],[133.1853,36.285],[133.1854,36.2849],[133.1854,36.2849]]],[[[133.1848,36.2851],[133.1847,36.2852],[133.1848,36.2852],[133.1848,36.2851]]],[[[133.185,36.2852],[133.1851,36.2852],[133.1851,36.2852],[133.185,36.2852]]],[[[133.1851,36.2852],[133.1852,36.2852],[133.1852,36.2852],[133.1851,36.2852]]],[[[133.1843,36.2858],[133.1843,36.2859],[133.1845,36.2858],[133.1843,36.2858]]],[[[133.1839,36.2894],[133.1839,36.2895],[133.184,36.2894],[133.1839,36.2894]]],[[[133.1837,36.2894],[133.1836,36.2895],[133.1837,36.2895],[133.1837,36.2894]]],[[[133.1839,36.2896],[133.1839,36.2897],[133.184,36.2897],[133.1839,36.2896]]],[[[133.1925,36.2911],[133.1925,36.291],[133.1924,36.2911],[133.1925,36.2911]]],[[[133.1928,36.2913],[133.1924,36.2912],[133.1924,36.2913],[133.1928,36.2913]]],[[[133.1937,36.2927],[133.1936,36.2926],[133.1936,36.2927],[133.1937,36.2927]]],[[[133.1933,36.2927],[133.1933,36.2926],[133.1932,36.2927],[133.1933,36.2927]]],[[[133.1943,36.2926],[133.1942,36.2927],[133.1943,36.2927],[133.1943,36.2926]]],[[[133.1931,36.2938],[133.1929,36.2937],[133.1929,36.2938],[133.1931,36.2938]]],[[[133.2016,36.299],[133.2015,36.299],[133.2016,36.2991],[133.2016,36.299]]],[[[133.2019,36.2992],[133.2018,36.2991],[133.2017,36.2992],[133.2019,36.2992]]],[[[133.2025,36.3],[133.2027,36.2999],[133.2026,36.2999],[133.2025,36.3]]],[[[133.2042,36.3004],[133.204,36.3002],[133.204,36.3003],[133.2042,36.3004]]],[[[133.2033,36.3005],[133.2032,36.3003],[133.2032,36.3005],[133.2033,36.3005]]],[[[133.2039,36.3005],[133.2038,36.3004],[133.2038,36.3005],[133.2039,36.3005]]],[[[133.195,36.3015],[133.1949,36.3014],[133.1949,36.3015],[133.195,36.3015]]],[[[133.1958,36.3017],[133.1957,36.3017],[133.1957,36.3017],[133.1958,36.3017]]],[[[133.1936,36.3018],[133.1935,36.3019],[133.1936,36.3019],[133.1936,36.3018]]],[[[133.1984,36.3046],[133.1984,36.3044],[133.1983,36.3045],[133.1984,36.3046]]],[[[133.197,36.3046],[133.197,36.3045],[133.1969,36.3046],[133.197,36.3046]]],[[[133.2329,36.1709],[133.2331,36.1708],[133.2329,36.1708],[133.2329,36.1709]]],[[[133.2176,36.192],[133.2177,36.1919],[133.2176,36.1918],[133.2176,36.192]]],[[[133.2172,36.1922],[133.2172,36.1921],[133.2171,36.1922],[133.2172,36.1922]]],[[[133.2171,36.1925],[133.2172,36.1924],[133.217,36.1924],[133.2171,36.1925]]],[[[133.2173,36.1929],[133.2174,36.1928],[133.2172,36.1928],[133.2173,36.1929]]],[[[133.2073,36.2031],[133.2073,36.203],[133.2072,36.2031],[133.2073,36.2031]]],[[[133.2076,36.2033],[133.2076,36.2032],[133.2075,36.2033],[133.2076,36.2033]]],[[[133.2074,36.2035],[133.2073,36.2034],[133.2073,36.2034],[133.2074,36.2035]]],[[[133.2081,36.2035],[133.2081,36.2037],[133.2081,36.2037],[133.2081,36.2035]]],[[[133.2073,36.3031],[133.2072,36.3032],[133.208,36.3036],[133.2073,36.3031]]],[[[133.212,36.3111],[133.2119,36.3111],[133.212,36.3111],[133.212,36.3111]]],[[[133.2109,36.3112],[133.2108,36.3112],[133.2109,36.3112],[133.2109,36.3112]]],[[[133.2108,36.3113],[133.2108,36.3113],[133.2108,36.3113],[133.2108,36.3113]]],[[[133.211,36.3113],[133.211,36.3113],[133.211,36.3113],[133.211,36.3113]]],[[[133.21,36.3114],[133.2099,36.3114],[133.21,36.3114],[133.21,36.3114]]],[[[133.2102,36.3114],[133.2103,36.3114],[133.2103,36.3113],[133.2102,36.3114]]],[[[133.2101,36.3115],[133.21,36.3115],[133.2101,36.3115],[133.2101,36.3115]]],[[[133.2099,36.3117],[133.2099,36.3116],[133.2099,36.3116],[133.2099,36.3117]]],[[[133.2101,36.3116],[133.21,36.3117],[133.2101,36.3117],[133.2101,36.3116]]],[[[133.2078,36.3117],[133.208,36.3117],[133.2076,36.3116],[133.2078,36.3117]]],[[[133.2107,36.3117],[133.2106,36.3118],[133.2107,36.3118],[133.2107,36.3117]]],[[[133.2074,36.3119],[133.2074,36.3118],[133.2073,36.3119],[133.2074,36.3119]]],[[[133.21,36.312],[133.2099,36.3119],[133.2097,36.312],[133.21,36.312]]],[[[133.2142,36.3123],[133.2148,36.3118],[133.2141,36.3121],[133.2142,36.3123]]],[[[133.2083,36.3119],[133.2085,36.3122],[133.2085,36.3119],[133.2083,36.3119]]],[[[133.2108,36.3124],[133.2109,36.3122],[133.2107,36.3122],[133.2108,36.3124]]],[[[133.2152,36.3122],[133.2151,36.3123],[133.2152,36.3123],[133.2152,36.3122]]],[[[133.2101,36.3123],[133.2101,36.3124],[133.2101,36.3124],[133.2101,36.3123]]],[[[133.2096,36.3124],[133.2097,36.3123],[133.2095,36.3123],[133.2096,36.3124]]],[[[133.2149,36.3124],[133.2149,36.3124],[133.2149,36.3124],[133.2149,36.3124]]],[[[133.2152,36.3125],[133.2151,36.3124],[133.2151,36.3125],[133.2152,36.3125]]],[[[133.2096,36.3126],[133.2095,36.3126],[133.2095,36.3126],[133.2096,36.3126]]],[[[133.2095,36.3129],[133.2094,36.3128],[133.2094,36.3129],[133.2095,36.3129]]],[[[133.2138,36.313],[133.2142,36.3132],[133.2142,36.3131],[133.2138,36.313]]],[[[133.2148,36.3146],[133.2141,36.3133],[133.2137,36.3144],[133.2148,36.3146]]],[[[133.22,36.3149],[133.22,36.3139],[133.2194,36.3145],[133.22,36.3149]]],[[[133.2257,36.3146],[133.2257,36.3146],[133.2257,36.3146],[133.2257,36.3146]]],[[[133.2216,36.3144],[133.2212,36.3147],[133.2217,36.3148],[133.2216,36.3144]]],[[[133.2255,36.3147],[133.2256,36.3147],[133.2256,36.3147],[133.2255,36.3147]]],[[[133.2257,36.3148],[133.2258,36.3149],[133.2258,36.3148],[133.2257,36.3148]]],[[[133.2214,36.3149],[133.2214,36.315],[133.2214,36.3149],[133.2214,36.3149]]],[[[133.2266,36.3152],[133.2266,36.3152],[133.2266,36.3152],[133.2266,36.3152]]],[[[133.2169,36.3154],[133.2162,36.3152],[133.2162,36.3156],[133.2169,36.3154]]],[[[133.2172,36.3156],[133.2175,36.3155],[133.2174,36.3154],[133.2172,36.3156]]],[[[133.2269,36.3156],[133.2269,36.3157],[133.2269,36.3156],[133.2269,36.3156]]],[[[133.2277,36.3162],[133.2277,36.3163],[133.2277,36.3162],[133.2277,36.3162]]],[[[133.2277,36.3165],[133.2277,36.3165],[133.2277,36.3164],[133.2277,36.3165]]],[[[133.2294,36.317],[133.2293,36.3169],[133.2293,36.317],[133.2294,36.317]]],[[[133.23,36.3169],[133.23,36.3171],[133.2301,36.317],[133.23,36.3169]]],[[[133.2305,36.3173],[133.2304,36.3173],[133.2305,36.3173],[133.2305,36.3173]]],[[[133.2301,36.3173],[133.2301,36.3174],[133.2301,36.3174],[133.2301,36.3173]]],[[[133.2278,36.319],[133.2278,36.3198],[133.2279,36.319],[133.2278,36.319]]],[[[133.2269,36.3218],[133.2268,36.3219],[133.2269,36.3218],[133.2269,36.3218]]],[[[133.226,36.3221],[133.226,36.3221],[133.2259,36.3221],[133.226,36.3221]]],[[[133.2261,36.3222],[133.2263,36.3221],[133.2263,36.3221],[133.2261,36.3222]]],[[[133.2244,36.3225],[133.2245,36.3224],[133.2244,36.3224],[133.2244,36.3225]]],[[[133.2255,36.3225],[133.2254,36.3224],[133.2254,36.3225],[133.2255,36.3225]]],[[[133.2239,36.3224],[133.224,36.3225],[133.2239,36.3224],[133.2239,36.3224]]],[[[133.2252,36.3226],[133.2252,36.3227],[133.2253,36.3227],[133.2252,36.3226]]],[[[133.2248,36.3227],[133.2247,36.3227],[133.2247,36.3227],[133.2248,36.3227]]],[[[133.2255,36.3288],[133.2248,36.3288],[133.2247,36.3289],[133.2255,36.3288]]],[[[133.2242,36.3289],[133.2244,36.3289],[133.2243,36.3288],[133.2242,36.3289]]],[[[133.2262,36.3289],[133.2261,36.329],[133.2262,36.329],[133.2262,36.3289]]],[[[133.2271,36.3289],[133.227,36.3291],[133.2273,36.3289],[133.2271,36.3289]]],[[[133.2246,36.3292],[133.2248,36.3291],[133.2245,36.3292],[133.2246,36.3292]]],[[[133.2266,36.3291],[133.2266,36.3293],[133.2268,36.3291],[133.2266,36.3291]]],[[[133.2268,36.3292],[133.2268,36.3293],[133.2268,36.3293],[133.2268,36.3292]]],[[[133.2265,36.3294],[133.2265,36.3295],[133.2266,36.3295],[133.2265,36.3294]]],[[[133.2263,36.3295],[133.2263,36.3296],[133.2263,36.3296],[133.2263,36.3295]]],[[[133.224,36.3297],[133.2241,36.3297],[133.224,36.3297],[133.224,36.3297]]],[[[133.2264,36.3302],[133.2263,36.3301],[133.2263,36.3302],[133.2264,36.3302]]],[[[133.227,36.3301],[133.2269,36.3302],[133.227,36.3302],[133.227,36.3301]]],[[[133.2236,36.3304],[133.2236,36.3303],[133.2235,36.3304],[133.2236,36.3304]]],[[[133.2558,36.1542],[133.2554,36.1532],[133.2541,36.1534],[133.2548,36.1546],[133.2558,36.1542]]],[[[133.2542,36.1547],[133.2544,36.1551],[133.2544,36.1548],[133.2542,36.1547]]],[[[133.2546,36.1553],[133.2544,36.1554],[133.2546,36.1554],[133.2546,36.1553]]],[[[133.2387,36.158],[133.2386,36.1561],[133.2364,36.1563],[133.2371,36.1575],[133.2387,36.158]]],[[[133.2551,36.1577],[133.2534,36.1556],[133.2523,36.1559],[133.2516,36.1579],[133.2533,36.1601],[133.2551,36.1577]]],[[[133.2455,36.1582],[133.2458,36.1582],[133.2455,36.1581],[133.2455,36.1582]]],[[[133.2381,36.1595],[133.2379,36.1588],[133.2371,36.159],[133.2381,36.1595]]],[[[133.2476,36.1598],[133.2478,36.1598],[133.2478,36.1597],[133.2476,36.1598]]],[[[133.2472,36.1598],[133.2474,36.16],[133.2474,36.1598],[133.2472,36.1598]]],[[[133.2529,36.1599],[133.2524,36.1599],[133.2525,36.16],[133.2529,36.1599]]],[[[133.2494,36.16],[133.2495,36.1599],[133.2494,36.1599],[133.2494,36.16]]],[[[133.2503,36.1601],[133.2495,36.1604],[133.2506,36.1601],[133.2503,36.1601]]],[[[133.2492,36.1601],[133.2491,36.1606],[133.2492,36.1606],[133.2492,36.1601]]],[[[133.2426,36.1622],[133.2428,36.1623],[133.2427,36.1622],[133.2426,36.1622]]],[[[133.24,36.1644],[133.2399,36.1636],[133.2394,36.1639],[133.24,36.1644]]],[[[133.2442,36.1641],[133.2444,36.1643],[133.2443,36.1641],[133.2442,36.1641]]],[[[133.2403,36.1643],[133.2403,36.1644],[133.2405,36.1644],[133.2403,36.1643]]],[[[133.2378,36.1642],[133.238,36.1644],[133.2381,36.1643],[133.2378,36.1642]]],[[[133.2406,36.1647],[133.2404,36.1648],[133.2406,36.1648],[133.2406,36.1647]]],[[[133.2709,36.1674],[133.2711,36.167],[133.2707,36.1674],[133.2709,36.1674]]],[[[133.2712,36.1678],[133.2714,36.1671],[133.2709,36.1679],[133.2712,36.1678]]],[[[133.2706,36.1679],[133.2703,36.1677],[133.2702,36.1679],[133.2706,36.1679]]],[[[133.2341,36.1686],[133.2343,36.1685],[133.2341,36.1685],[133.2341,36.1686]]],[[[133.2735,36.1686],[133.2737,36.1686],[133.2735,36.1686],[133.2735,36.1686]]],[[[133.2739,36.1685],[133.2741,36.1687],[133.2742,36.1686],[133.2739,36.1685]]],[[[133.2748,36.1689],[133.2744,36.1686],[133.2742,36.1689],[133.2748,36.1689]]],[[[133.275,36.1689],[133.2752,36.1691],[133.2752,36.1689],[133.275,36.1689]]],[[[133.2754,36.1692],[133.2755,36.169],[133.2753,36.169],[133.2754,36.1692]]],[[[133.2781,36.1699],[133.2784,36.1698],[133.2781,36.1698],[133.2781,36.1699]]],[[[133.2332,36.1708],[133.2334,36.1708],[133.2333,36.1708],[133.2332,36.1708]]],[[[133.2797,36.1725],[133.2802,36.1727],[133.2803,36.1726],[133.2797,36.1725]]],[[[133.2374,36.1778],[133.2375,36.1777],[133.2374,36.1776],[133.2374,36.1778]]],[[[133.2378,36.1778],[133.2376,36.1777],[133.2377,36.1779],[133.2378,36.1778]]],[[[133.2782,36.1778],[133.2784,36.1781],[133.2785,36.1779],[133.2782,36.1778]]],[[[133.2395,36.1835],[133.2397,36.1836],[133.2397,36.1834],[133.2395,36.1835]]],[[[133.2386,36.1836],[133.2387,36.1836],[133.2386,36.1836],[133.2386,36.1836]]],[[[133.2388,36.1843],[133.2387,36.1839],[133.2385,36.1841],[133.2388,36.1843]]],[[[133.2809,36.187],[133.2814,36.1871],[133.2809,36.1865],[133.2809,36.187]]],[[[133.2369,36.1873],[133.2364,36.1874],[133.2365,36.1875],[133.2369,36.1873]]],[[[133.2572,36.3282],[133.2573,36.3283],[133.2573,36.3282],[133.2572,36.3282]]],[[[133.256,36.3287],[133.2556,36.3288],[133.2556,36.3289],[133.256,36.3287]]],[[[133.2549,36.3289],[133.2549,36.3289],[133.2549,36.3289],[133.2549,36.3289]]],[[[133.2558,36.329],[133.2558,36.3292],[133.2559,36.3291],[133.2558,36.329]]],[[[133.2582,36.3293],[133.2581,36.3292],[133.2581,36.3293],[133.2582,36.3293]]],[[[133.2588,36.33],[133.2586,36.3302],[133.2588,36.3301],[133.2588,36.33]]],[[[133.2333,36.3301],[133.2332,36.3302],[133.2333,36.3301],[133.2333,36.3301]]],[[[133.236,36.3313],[133.2359,36.3314],[133.236,36.3314],[133.236,36.3313]]],[[[133.2365,36.3314],[133.2368,36.3315],[133.2368,36.3314],[133.2365,36.3314]]],[[[133.2371,36.3321],[133.2371,36.3322],[133.2371,36.3322],[133.2371,36.3321]]],[[[133.2673,36.3323],[133.2673,36.3322],[133.2673,36.3322],[133.2673,36.3323]]],[[[133.2693,36.3325],[133.2692,36.3321],[133.2689,36.3326],[133.2693,36.3325]]],[[[133.2681,36.3327],[133.2682,36.3327],[133.2682,36.3326],[133.2681,36.3327]]],[[[133.2662,36.3328],[133.2662,36.3329],[133.2663,36.3329],[133.2662,36.3328]]],[[[133.2521,36.3332],[133.2516,36.3334],[133.2516,36.3335],[133.2521,36.3332]]],[[[133.2438,36.3335],[133.2438,36.3334],[133.2437,36.3334],[133.2438,36.3335]]],[[[133.2439,36.3336],[133.2439,36.3335],[133.2438,36.3336],[133.2439,36.3336]]],[[[133.2441,36.3336],[133.244,36.3336],[133.244,36.3336],[133.2441,36.3336]]],[[[133.2461,36.3346],[133.2461,36.3346],[133.2461,36.3346],[133.2461,36.3346]]],[[[133.235,36.3349],[133.2364,36.3346],[133.2364,36.334],[133.235,36.3349]]],[[[133.2463,36.3347],[133.2463,36.3347],[133.2464,36.3347],[133.2463,36.3347]]],[[[133.2472,36.3351],[133.2471,36.3351],[133.2471,36.3351],[133.2472,36.3351]]],[[[133.247,36.3357],[133.2472,36.3357],[133.2471,36.3356],[133.247,36.3357]]],[[[133.2727,36.3367],[133.2726,36.3366],[133.2726,36.3367],[133.2727,36.3367]]],[[[133.2734,36.3366],[133.2734,36.3367],[133.2734,36.3367],[133.2734,36.3366]]],[[[133.2692,36.3378],[133.2696,36.3378],[133.2697,36.3377],[133.2692,36.3378]]],[[[133.2713,36.3495],[133.2709,36.3501],[133.2714,36.35],[133.2713,36.3495]]],[[[133.2736,36.35],[133.2736,36.35],[133.2736,36.35],[133.2736,36.35]]],[[[133.2767,36.3508],[133.2775,36.3497],[133.2763,36.349],[133.2746,36.3505],[133.2767,36.3508]]],[[[133.2728,36.3504],[133.2729,36.3508],[133.2731,36.3504],[133.2728,36.3504]]],[[[133.2812,36.3518],[133.2811,36.3518],[133.2812,36.3518],[133.2812,36.3518]]],[[[133.279,36.3524],[133.2788,36.3524],[133.279,36.3524],[133.279,36.3524]]],[[[133.2814,36.3558],[133.2806,36.3506],[133.2799,36.3503],[133.2787,36.3518],[133.2814,36.3558]]],[[[133.2778,36.3558],[133.2782,36.3535],[133.2777,36.3526],[133.2764,36.3534],[133.276,36.3557],[133.2778,36.3558]]],[[[133.2989,36.173],[133.299,36.1731],[133.2989,36.173],[133.2989,36.173]]],[[[133.299,36.1736],[133.299,36.1735],[133.299,36.1736],[133.299,36.1736]]],[[[133.2823,36.1741],[133.2821,36.1742],[133.2823,36.1742],[133.2823,36.1741]]],[[[133.2933,36.1745],[133.2923,36.1743],[133.293,36.1754],[133.2933,36.1745]]],[[[133.2979,36.1763],[133.2979,36.1762],[133.2979,36.1763],[133.2979,36.1763]]],[[[133.2854,36.1761],[133.2856,36.1765],[133.2857,36.1763],[133.2854,36.1761]]],[[[133.2983,36.1764],[133.2984,36.1764],[133.2984,36.1764],[133.2983,36.1764]]],[[[133.2846,36.1768],[133.2849,36.1769],[133.2849,36.1768],[133.2846,36.1768]]],[[[133.276,36.3489],[133.2832,36.3481],[133.2831,36.3466],[133.2841,36.3468],[133.2831,36.3442],[133.2871,36.3423],[133.2855,36.3405],[133.2874,36.3397],[133.2882,36.3362],[133.2934,36.3326],[133.2959,36.3336],[133.2956,36.333],[133.297,36.3315],[133.296,36.3313],[133.297,36.3305],[133.2955,36.3308],[133.2962,36.3302],[133.2963,36.3293],[133.2975,36.3277],[133.3031,36.3256],[133.3057,36.3272],[133.3056,36.3283],[133.3067,36.3286],[133.3065,36.3295],[133.3084,36.3292],[133.3086,36.3287],[133.3099,36.3285],[133.308,36.3254],[133.31,36.3228],[133.3081,36.3243],[133.3057,36.3238],[133.3073,36.3214],[133.309,36.3222],[133.3068,36.3209],[133.309,36.3192],[133.3163,36.3237],[133.3166,36.3243],[133.3162,36.3252],[133.3185,36.3251],[133.3187,36.3265],[133.3199,36.3261],[133.321,36.3278],[133.3215,36.3262],[133.3182,36.3228],[133.3181,36.32],[133.319,36.3195],[133.3184,36.3185],[133.3199,36.3186],[133.3211,36.3168],[133.322,36.317],[133.3216,36.3156],[133.3241,36.3168],[133.3257,36.3159],[133.3251,36.3149],[133.3262,36.3137],[133.3246,36.3122],[133.3251,36.3113],[133.3234,36.3111],[133.3245,36.3088],[133.3254,36.3085],[133.3291,36.309],[133.3319,36.3102],[133.335,36.313],[133.335,36.3123],[133.3392,36.3102],[133.3399,36.3114],[133.3438,36.3109],[133.342,36.3092],[133.3379,36.3086],[133.3368,36.3066],[133.3376,36.3056],[133.3394,36.3064],[133.339,36.3069],[133.339,36.3073],[133.3408,36.3064],[133.3396,36.3032],[133.341,36.3024],[133.3428,36.3034],[133.343,36.3018],[133.3448,36.3012],[133.3445,36.3002],[133.3451,36.2987],[133.3447,36.2973],[133.3463,36.2985],[133.3466,36.2977],[133.3494,36.2974],[133.3519,36.2986],[133.3547,36.298],[133.3562,36.2986],[133.3568,36.2994],[133.3579,36.2984],[133.3575,36.2974],[133.3587,36.2983],[133.3596,36.2976],[133.3595,36.299],[133.3609,36.2986],[133.3605,36.2975],[133.3627,36.2968],[133.3639,36.2973],[133.3623,36.2929],[133.3615,36.2941],[133.3623,36.2953],[133.361,36.2944],[133.3594,36.2954],[133.3579,36.2948],[133.3579,36.2931],[133.3568,36.2932],[133.356,36.2915],[133.3583,36.2888],[133.3637,36.2902],[133.3626,36.2873],[133.363,36.2864],[133.3604,36.2854],[133.361,36.285],[133.3597,36.2839],[133.362,36.2837],[133.3619,36.2817],[133.3639,36.2801],[133.3623,36.2801],[133.3627,36.2791],[133.3645,36.2783],[133.3664,36.2806],[133.3671,36.2784],[133.3687,36.2784],[133.3689,36.2788],[133.3688,36.28],[133.3714,36.2819],[133.3716,36.2799],[133.3741,36.2794],[133.3736,36.2774],[133.3793,36.2762],[133.3758,36.2703],[133.3791,36.2707],[133.3805,36.2715],[133.3799,36.2706],[133.3817,36.269],[133.3845,36.2691],[133.3858,36.2701],[133.3859,36.2683],[133.3854,36.2673],[133.3852,36.2675],[133.3836,36.2671],[133.3817,36.2661],[133.3823,36.264],[133.3761,36.2618],[133.3756,36.2603],[133.3772,36.2601],[133.3778,36.2586],[133.3769,36.2579],[133.3749,36.2534],[133.3754,36.2515],[133.3748,36.2524],[133.3726,36.2507],[133.3735,36.2495],[133.3759,36.2483],[133.376,36.246],[133.3746,36.2455],[133.3731,36.243],[133.3745,36.2416],[133.3766,36.2417],[133.3751,36.2399],[133.3779,36.232],[133.3767,36.2327],[133.3777,36.2303],[133.3749,36.2283],[133.3755,36.2277],[133.374,36.2258],[133.3741,36.2246],[133.3755,36.224],[133.3725,36.2232],[133.3716,36.2217],[133.3721,36.2159],[133.3715,36.2175],[133.3701,36.2163],[133.3718,36.2138],[133.3701,36.211],[133.3701,36.2056],[133.3679,36.2045],[133.3611,36.2041],[133.3596,36.2025],[133.3574,36.2033],[133.3558,36.2021],[133.3562,36.2027],[133.3546,36.2036],[133.3544,36.2012],[133.3558,36.1996],[133.3529,36.1997],[133.3524,36.1972],[133.3395,36.196],[133.3387,36.1982],[133.3413,36.1986],[133.344,36.203],[133.3464,36.2035],[133.3463,36.2052],[133.3494,36.2066],[133.3485,36.2083],[133.3452,36.2087],[133.3489,36.2091],[133.3484,36.2108],[133.352,36.2122],[133.3512,36.2135],[133.348,36.2127],[133.3479,36.2137],[133.3452,36.2143],[133.3448,36.217],[133.3487,36.2168],[133.3496,36.2179],[133.3436,36.2204],[133.3429,36.2222],[133.3444,36.2225],[133.3452,36.2247],[133.3424,36.2237],[133.342,36.2219],[133.3398,36.2217],[133.3397,36.2204],[133.3374,36.2206],[133.3393,36.2194],[133.3403,36.2162],[133.3377,36.2111],[133.3368,36.213],[133.3355,36.2118],[133.3388,36.2073],[133.3374,36.2061],[133.3376,36.2047],[133.3361,36.2052],[133.3349,36.2028],[133.3362,36.201],[133.3346,36.2025],[133.3296,36.2007],[133.3265,36.204],[133.3241,36.2038],[133.3227,36.2022],[133.3162,36.2053],[133.3144,36.2039],[133.3128,36.2043],[133.3064,36.199],[133.308,36.1968],[133.3081,36.1944],[133.3101,36.1934],[133.3097,36.1965],[133.3106,36.1977],[133.3093,36.1985],[133.3094,36.1996],[133.3178,36.1986],[133.3217,36.1956],[133.3226,36.1997],[133.325,36.2007],[133.3279,36.2005],[133.3286,36.1982],[133.3325,36.1968],[133.3357,36.1972],[133.3349,36.1959],[133.3356,36.1928],[133.3346,36.1924],[133.3368,36.1917],[133.3366,36.1914],[133.3373,36.1905],[133.3371,36.1897],[133.339,36.1877],[133.3374,36.1855],[133.3369,36.1842],[133.3367,36.1818],[133.3382,36.1757],[133.3395,36.1751],[133.3393,36.1726],[133.342,36.1707],[133.3393,36.1696],[133.3351,36.1705],[133.3318,36.1684],[133.3256,36.1671],[133.318,36.1708],[133.3112,36.1722],[133.3102,36.1739],[133.309,36.1737],[133.3098,36.1749],[133.3084,36.179],[133.3074,36.1788],[133.3091,36.1755],[133.3089,36.173],[133.307,36.1742],[133.3063,36.1729],[133.3054,36.1734],[133.3055,36.172],[133.304,36.1728],[133.303,36.1714],[133.3023,36.1745],[133.3005,36.1744],[133.3011,36.1752],[133.2999,36.1753],[133.2995,36.1758],[133.301,36.1752],[133.3011,36.1764],[133.297,36.1767],[133.2959,36.1788],[133.2958,36.1762],[133.2947,36.1757],[133.2931,36.179],[133.2908,36.1798],[133.2905,36.1788],[133.2889,36.1791],[133.2904,36.1782],[133.2889,36.1778],[133.2886,36.1745],[133.2914,36.1714],[133.2876,36.1708],[133.286,36.1725],[133.2867,36.1758],[133.2847,36.1776],[133.2851,36.1785],[133.2825,36.1786],[133.2829,36.1749],[133.2811,36.1751],[133.2814,36.178],[133.2797,36.1823],[133.2825,36.1864],[133.2799,36.1882],[133.279,36.188],[133.2786,36.185],[133.2772,36.1843],[133.2761,36.1803],[133.2775,36.1808],[133.2783,36.179],[133.2768,36.1775],[133.2771,36.1748],[133.2791,36.1724],[133.2786,36.1718],[133.278,36.1696],[133.27,36.1685],[133.2681,36.1693],[133.2602,36.1633],[133.2583,36.1645],[133.2608,36.1659],[133.2639,36.1719],[133.2595,36.1695],[133.2592,36.1729],[133.2582,36.1729],[133.2576,36.1709],[133.2586,36.1705],[133.2562,36.1688],[133.256,36.1653],[133.254,36.1643],[133.2522,36.1613],[133.2486,36.1612],[133.2481,36.1599],[133.2496,36.1592],[133.2478,36.1598],[133.2481,36.1615],[133.2473,36.1614],[133.2491,36.1647],[133.2482,36.166],[133.2509,36.1678],[133.2533,36.1713],[133.2504,36.1724],[133.2495,36.1755],[133.2466,36.1752],[133.2459,36.1771],[133.2452,36.1758],[133.2431,36.1756],[133.2445,36.1752],[133.2437,36.1744],[133.2451,36.1746],[133.2444,36.1741],[133.2457,36.1726],[133.2482,36.1724],[133.2478,36.1704],[133.2448,36.1676],[133.2408,36.1668],[133.2431,36.166],[133.2383,36.1674],[133.2377,36.1665],[133.2385,36.166],[133.2371,36.1656],[133.2344,36.1696],[133.2303,36.1694],[133.2312,36.1707],[133.2333,36.1696],[133.2336,36.1708],[133.2363,36.1705],[133.2364,36.1722],[133.2411,36.1753],[133.2416,36.1771],[133.2379,36.1773],[133.2381,36.1782],[133.2369,36.1799],[133.239,36.182],[133.2387,36.1834],[133.2427,36.182],[133.2458,36.1836],[133.2466,36.1872],[133.2449,36.1902],[133.2383,36.1917],[133.2375,36.1915],[133.2378,36.1905],[133.2367,36.1912],[133.2348,36.1896],[133.2367,36.1879],[133.2347,36.1896],[133.2241,36.1884],[133.2198,36.191],[133.2191,36.1928],[133.2183,36.1911],[133.2175,36.1932],[133.2141,36.1939],[133.2086,36.1979],[133.2101,36.1988],[133.2081,36.1997],[133.2098,36.2008],[133.2079,36.2032],[133.2084,36.2038],[133.2084,36.2044],[133.2089,36.2049],[133.2093,36.2085],[133.2083,36.2096],[133.2051,36.2096],[133.2044,36.2083],[133.2035,36.2087],[133.2045,36.2099],[133.2037,36.2107],[133.1994,36.2103],[133.1984,36.2118],[133.195,36.2112],[133.1934,36.2127],[133.1946,36.2123],[133.1934,36.2136],[133.1952,36.2139],[133.1933,36.2146],[133.19,36.214],[133.1846,36.2108],[133.1835,36.2119],[133.1823,36.2122],[133.1854,36.2147],[133.1844,36.2195],[133.183,36.2218],[133.1844,36.2222],[133.1837,36.224],[133.1849,36.2245],[133.1876,36.2267],[133.1907,36.2308],[133.1893,36.2354],[133.1919,36.2413],[133.1897,36.2438],[133.1924,36.2424],[133.1925,36.2438],[133.1914,36.2435],[133.1927,36.245],[133.1883,36.2494],[133.1871,36.2491],[133.1875,36.248],[133.1866,36.2491],[133.1772,36.2505],[133.1771,36.2575],[133.1779,36.259],[133.1785,36.259],[133.182,36.2606],[133.1848,36.2645],[133.1866,36.2687],[133.185,36.2688],[133.1866,36.2692],[133.1878,36.2745],[133.1882,36.2805],[133.1873,36.2826],[133.1881,36.2831],[133.1852,36.2858],[133.1821,36.2863],[133.1817,36.2878],[133.1793,36.288],[133.1816,36.289],[133.1807,36.2889],[133.1811,36.2896],[133.183,36.289],[133.1858,36.2895],[133.1895,36.2879],[133.1891,36.2863],[133.1917,36.2864],[133.1945,36.282],[133.1952,36.2829],[133.1962,36.2813],[133.197,36.2818],[133.1986,36.2814],[133.1964,36.2813],[133.1981,36.2794],[133.1987,36.2803],[133.2045,36.2796],[133.2049,36.2807],[133.1996,36.2833],[133.1986,36.2859],[133.1995,36.2875],[133.2023,36.289],[133.2137,36.2872],[133.213,36.2878],[133.216,36.2897],[133.2097,36.2882],[133.2048,36.2914],[133.1983,36.291],[133.1939,36.2888],[133.1912,36.2904],[133.1943,36.2916],[133.1963,36.2978],[133.196,36.3018],[133.1978,36.3008],[133.2,36.3012],[133.2011,36.2987],[133.2048,36.3002],[133.2049,36.3007],[133.2063,36.2999],[133.2069,36.3012],[133.2102,36.3005],[133.2108,36.3035],[133.2094,36.3032],[133.2105,36.304],[133.2071,36.3087],[133.2092,36.3087],[133.2104,36.311],[133.2141,36.3109],[133.2157,36.3122],[133.2163,36.3147],[133.2186,36.3135],[133.2253,36.3135],[133.2261,36.3152],[133.2266,36.3148],[133.2321,36.3181],[133.2317,36.3195],[133.2294,36.3204],[133.2296,36.3213],[133.2287,36.32],[133.2291,36.3212],[133.2256,36.3226],[133.2242,36.3261],[133.2246,36.3287],[133.2323,36.3283],[133.2357,36.33],[133.2373,36.3315],[133.2371,36.3319],[133.2395,36.3315],[133.2475,36.3344],[133.2528,36.3326],[133.2521,36.3293],[133.2556,36.3286],[133.2564,36.3274],[133.258,36.3277],[133.259,36.33],[133.2634,36.3279],[133.2649,36.3294],[133.2641,36.3313],[133.2669,36.3313],[133.2677,36.3325],[133.2698,36.3318],[133.2694,36.3327],[133.2694,36.3329],[133.2695,36.333],[133.2708,36.3321],[133.2716,36.3339],[133.2758,36.3367],[133.2752,36.3375],[133.2753,36.338],[133.2759,36.3385],[133.2753,36.3376],[133.2764,36.3371],[133.28,36.3405],[133.2809,36.3456],[133.276,36.3489]]],[[[133.3048,36.3268],[133.3047,36.3268],[133.3048,36.3268],[133.3048,36.3268]]],[[[133.2977,36.3277],[133.2976,36.3277],[133.2977,36.3277],[133.2977,36.3277]]],[[[133.2975,36.3281],[133.2975,36.328],[133.2975,36.3281],[133.2975,36.3281]]],[[[133.2968,36.3291],[133.2967,36.3292],[133.2968,36.3291],[133.2968,36.3291]]],[[[133.2964,36.3294],[133.2965,36.3293],[133.2964,36.3293],[133.2964,36.3294]]],[[[133.2961,36.3304],[133.2961,36.3304],[133.2961,36.3304],[133.2961,36.3304]]],[[[133.2977,36.3301],[133.2976,36.3307],[133.2979,36.3302],[133.2977,36.3301]]],[[[133.2974,36.3319],[133.2974,36.3319],[133.2974,36.3319],[133.2974,36.3319]]],[[[133.297,36.3319],[133.2969,36.332],[133.297,36.332],[133.297,36.3319]]],[[[133.2971,36.332],[133.2971,36.3319],[133.297,36.332],[133.2971,36.332]]],[[[133.296,36.3331],[133.296,36.3329],[133.2959,36.333],[133.296,36.3331]]],[[[133.2944,36.3332],[133.2945,36.3331],[133.2943,36.333],[133.2944,36.3332]]],[[[133.2928,36.3336],[133.2928,36.3334],[133.2927,36.3334],[133.2928,36.3336]]],[[[133.2961,36.3336],[133.2961,36.3336],[133.2961,36.3336],[133.2961,36.3336]]],[[[133.2958,36.3337],[133.2959,36.3338],[133.2959,36.3337],[133.2958,36.3337]]],[[[133.2961,36.334],[133.2957,36.3341],[133.2958,36.3342],[133.2961,36.334]]],[[[133.2914,36.3357],[133.2913,36.3356],[133.2913,36.3358],[133.2914,36.3357]]],[[[133.2911,36.3361],[133.2913,36.336],[133.2912,36.336],[133.2911,36.3361]]],[[[133.2888,36.3361],[133.2888,36.336],[133.2888,36.3361],[133.2888,36.3361]]],[[[133.2918,36.3368],[133.2913,36.3369],[133.2919,36.3372],[133.2918,36.3368]]],[[[133.2923,36.3372],[133.2924,36.337],[133.2923,36.3371],[133.2923,36.3372]]],[[[133.288,36.3371],[133.288,36.3372],[133.2881,36.3371],[133.288,36.3371]]],[[[133.2885,36.3376],[133.2885,36.3379],[133.2886,36.3376],[133.2885,36.3376]]],[[[133.2878,36.3385],[133.2879,36.3387],[133.2881,36.3385],[133.2878,36.3385]]],[[[133.2868,36.3413],[133.2867,36.3414],[133.2869,36.3413],[133.2868,36.3413]]],[[[133.2873,36.3422],[133.2876,36.3426],[133.2877,36.3423],[133.2873,36.3422]]],[[[133.2878,36.3432],[133.287,36.343],[133.2875,36.3436],[133.2878,36.3432]]],[[[133.287,36.344],[133.2869,36.3431],[133.2864,36.3433],[133.287,36.344]]],[[[133.2876,36.3437],[133.2876,36.3436],[133.2875,36.3437],[133.2876,36.3437]]],[[[133.2876,36.3443],[133.2879,36.3439],[133.2874,36.344],[133.2876,36.3443]]],[[[133.2871,36.3443],[133.2871,36.3443],[133.2871,36.3443],[133.2871,36.3443]]],[[[133.2872,36.3444],[133.2873,36.3444],[133.2873,36.3443],[133.2872,36.3444]]],[[[133.2894,36.3447],[133.2895,36.3448],[133.2896,36.3447],[133.2894,36.3447]]],[[[133.2887,36.3449],[133.289,36.3448],[133.2887,36.3448],[133.2887,36.3449]]],[[[133.2885,36.3449],[133.2885,36.3449],[133.2884,36.3449],[133.2885,36.3449]]],[[[133.2877,36.3449],[133.2878,36.3449],[133.2879,36.3449],[133.2877,36.3449]]],[[[133.2869,36.3452],[133.2867,36.3451],[133.2867,36.3452],[133.2869,36.3452]]],[[[133.2864,36.3452],[133.2865,36.3452],[133.2864,36.3451],[133.2864,36.3452]]],[[[133.2851,36.3452],[133.285,36.3451],[133.285,36.3453],[133.2851,36.3452]]],[[[133.2879,36.3451],[133.2878,36.3453],[133.288,36.3451],[133.2879,36.3451]]],[[[133.2842,36.3454],[133.2842,36.3453],[133.2842,36.3454],[133.2842,36.3454]]],[[[133.2848,36.3455],[133.2847,36.3454],[133.2846,36.3454],[133.2848,36.3455]]],[[[133.2885,36.3458],[133.2886,36.3457],[133.2885,36.3457],[133.2885,36.3458]]],[[[133.2845,36.3458],[133.2844,36.3458],[133.2844,36.3458],[133.2845,36.3458]]],[[[133.2862,36.3459],[133.2865,36.3459],[133.2861,36.3458],[133.2862,36.3459]]],[[[133.2841,36.346],[133.284,36.346],[133.2841,36.346],[133.2841,36.346]]],[[[133.2843,36.3465],[133.2844,36.3468],[133.2845,36.3467],[133.2843,36.3465]]],[[[133.2832,36.347],[133.2833,36.3471],[133.2833,36.347],[133.2832,36.347]]],[[[133.2839,36.3472],[133.2841,36.3473],[133.2841,36.3471],[133.2839,36.3472]]],[[[133.2836,36.3471],[133.2837,36.3473],[133.2836,36.3471],[133.2836,36.3471]]],[[[133.2837,36.3478],[133.2835,36.3476],[133.2834,36.3478],[133.2837,36.3478]]],[[[133.2844,36.3481],[133.2844,36.348],[133.2844,36.3481],[133.2844,36.3481]]],[[[133.2841,36.3482],[133.2843,36.3483],[133.2842,36.3481],[133.2841,36.3482]]],[[[133.2835,36.3483],[133.2835,36.3483],[133.2835,36.3483],[133.2835,36.3483]]],[[[133.2834,36.3486],[133.2836,36.3484],[133.2833,36.3484],[133.2834,36.3486]]],[[[133.2829,36.3485],[133.2828,36.3487],[133.283,36.3485],[133.2829,36.3485]]],[[[133.2826,36.3489],[133.2826,36.3489],[133.2827,36.3489],[133.2826,36.3489]]],[[[133.2831,36.349],[133.2831,36.3489],[133.2831,36.349],[133.2831,36.349]]],[[[133.2828,36.349],[133.2827,36.349],[133.2827,36.349],[133.2828,36.349]]],[[[133.2813,36.3491],[133.2812,36.3491],[133.2812,36.3492],[133.2813,36.3491]]],[[[133.2826,36.3492],[133.2825,36.3492],[133.2826,36.3492],[133.2826,36.3492]]],[[[133.2812,36.3495],[133.2811,36.3495],[133.2812,36.3495],[133.2812,36.3495]]],[[[133.2815,36.3495],[133.2817,36.3498],[133.2818,36.3498],[133.2815,36.3495]]],[[[133.2825,36.3507],[133.2826,36.3499],[133.282,36.3501],[133.2825,36.3507]]],[[[133.3433,36.1694],[133.3429,36.1691],[133.3428,36.1693],[133.3433,36.1694]]],[[[133.3171,36.1703],[133.317,36.1703],[133.317,36.1704],[133.3171,36.1703]]],[[[133.3168,36.1708],[133.3167,36.1707],[133.3167,36.1708],[133.3168,36.1708]]],[[[133.3108,36.1721],[133.3111,36.172],[133.3107,36.172],[133.3108,36.1721]]],[[[133.3408,36.173],[133.3409,36.1729],[133.3408,36.1729],[133.3408,36.173]]],[[[133.3397,36.1738],[133.3396,36.1738],[133.3396,36.1738],[133.3397,36.1738]]],[[[133.3396,36.1751],[133.3396,36.1752],[133.3396,36.1751],[133.3396,36.1751]]],[[[133.3384,36.1867],[133.3383,36.1867],[133.3384,36.1868],[133.3384,36.1867]]],[[[133.3368,36.1914],[133.3367,36.1914],[133.3368,36.1914],[133.3368,36.1914]]],[[[133.3391,36.196],[133.339,36.1959],[133.3389,36.196],[133.3391,36.196]]],[[[133.339,36.1962],[133.339,36.1961],[133.339,36.1962],[133.339,36.1962]]],[[[133.3327,36.2],[133.333,36.2011],[133.3346,36.2018],[133.3331,36.2011],[133.3327,36.2]]],[[[133.3449,36.2046],[133.3448,36.2042],[133.3445,36.2044],[133.3449,36.2046]]],[[[133.3383,36.2058],[133.3387,36.2064],[133.3388,36.2064],[133.3383,36.2058]]],[[[133.3461,36.2069],[133.3454,36.2061],[133.345,36.206],[133.3451,36.2068],[133.3461,36.2069]]],[[[133.3452,36.2989],[133.3453,36.2989],[133.3453,36.2988],[133.3452,36.2989]]],[[[133.3456,36.2995],[133.3452,36.2993],[133.3452,36.2994],[133.3456,36.2995]]],[[[133.3447,36.3004],[133.345,36.3005],[133.3449,36.3003],[133.3447,36.3004]]],[[[133.3457,36.3006],[133.3456,36.3006],[133.3457,36.3006],[133.3457,36.3006]]],[[[133.3454,36.3021],[133.3447,36.3014],[133.3444,36.3015],[133.3454,36.3021]]],[[[133.3448,36.3019],[133.3448,36.3018],[133.3447,36.3019],[133.3448,36.3019]]],[[[133.3442,36.3016],[133.344,36.3021],[133.3442,36.3021],[133.3442,36.3016]]],[[[133.3421,36.3035],[133.3421,36.3034],[133.3419,36.3035],[133.3421,36.3035]]],[[[133.3436,36.3088],[133.3436,36.3075],[133.3428,36.3098],[133.3436,36.3088]]],[[[133.326,36.3089],[133.3259,36.3087],[133.3258,36.3088],[133.326,36.3089]]],[[[133.325,36.3089],[133.3253,36.309],[133.3253,36.3088],[133.325,36.3089]]],[[[133.3441,36.3091],[133.3445,36.3093],[133.3443,36.309],[133.3441,36.3091]]],[[[133.3294,36.3096],[133.3294,36.3094],[133.3293,36.3093],[133.3294,36.3096]]],[[[133.3444,36.3096],[133.3443,36.3095],[133.3442,36.3096],[133.3444,36.3096]]],[[[133.3273,36.3097],[133.3277,36.3096],[133.3274,36.3094],[133.3273,36.3097]]],[[[133.3253,36.31],[133.3252,36.31],[133.3252,36.31],[133.3253,36.31]]],[[[133.3307,36.31],[133.3307,36.31],[133.3307,36.31],[133.3307,36.31]]],[[[133.3253,36.3103],[133.3253,36.3103],[133.3253,36.3103],[133.3253,36.3103]]],[[[133.3308,36.3106],[133.3312,36.3104],[133.3312,36.3104],[133.3308,36.3106]]],[[[133.3381,36.3119],[133.3381,36.3119],[133.3381,36.3119],[133.3381,36.3119]]],[[[133.3373,36.3118],[133.3379,36.312],[133.338,36.312],[133.3373,36.3118]]],[[[133.3335,36.312],[133.3334,36.312],[133.3335,36.3121],[133.3335,36.312]]],[[[133.3383,36.312],[133.3384,36.312],[133.3384,36.312],[133.3383,36.312]]],[[[133.3371,36.3121],[133.3375,36.3121],[133.3372,36.3119],[133.3371,36.3121]]],[[[133.337,36.3121],[133.3369,36.3121],[133.337,36.3121],[133.337,36.3121]]],[[[133.3358,36.3121],[133.3357,36.3121],[133.3357,36.3122],[133.3358,36.3121]]],[[[133.3368,36.3122],[133.3368,36.3121],[133.3367,36.3121],[133.3368,36.3122]]],[[[133.3377,36.3122],[133.3377,36.3122],[133.3377,36.3121],[133.3377,36.3122]]],[[[133.3355,36.3128],[133.3355,36.3127],[133.3355,36.3127],[133.3355,36.3128]]],[[[133.3257,36.3161],[133.3256,36.3165],[133.3259,36.3164],[133.3257,36.3161]]],[[[133.3211,36.3177],[133.3208,36.3178],[133.3209,36.3179],[133.3211,36.3177]]],[[[133.3202,36.3185],[133.3203,36.3186],[133.3203,36.3185],[133.3202,36.3185]]],[[[133.3195,36.3189],[133.3195,36.3188],[133.3194,36.3188],[133.3195,36.3189]]],[[[133.3189,36.3203],[133.3187,36.3206],[133.319,36.3205],[133.3189,36.3203]]],[[[133.3127,36.3222],[133.3128,36.322],[133.3127,36.322],[133.3127,36.3222]]],[[[133.3186,36.3221],[133.3185,36.3222],[133.3186,36.3222],[133.3186,36.3221]]],[[[133.3123,36.3225],[133.3118,36.3235],[133.3125,36.3227],[133.3123,36.3225]]],[[[133.3163,36.3246],[133.3161,36.3245],[133.316,36.3248],[133.3163,36.3246]]],[[[133.3157,36.3256],[133.3151,36.3259],[133.3153,36.326],[133.3157,36.3256]]],[[[133.3153,36.3261],[133.3148,36.3264],[133.315,36.3265],[133.3153,36.3261]]],[[[133.3219,36.3271],[133.3221,36.327],[133.322,36.3269],[133.3219,36.3271]]],[[[133.3195,36.3272],[133.3193,36.3274],[133.3195,36.3273],[133.3195,36.3272]]],[[[133.3222,36.3274],[133.3221,36.3274],[133.3222,36.3274],[133.3222,36.3274]]],[[[133.305,36.3277],[133.305,36.3276],[133.3049,36.3276],[133.305,36.3277]]],[[[133.3108,36.3276],[133.3102,36.3278],[133.311,36.3279],[133.3108,36.3276]]],[[[133.3229,36.3276],[133.3228,36.3285],[133.3231,36.3282],[133.3229,36.3276]]],[[[133.3114,36.3282],[133.3115,36.328],[133.3112,36.3281],[133.3114,36.3282]]],[[[133.3107,36.3281],[133.3107,36.3281],[133.3107,36.3281],[133.3107,36.3281]]],[[[133.312,36.3282],[133.3118,36.3282],[133.3118,36.3283],[133.312,36.3282]]],[[[133.311,36.3284],[133.3111,36.3283],[133.3109,36.3283],[133.311,36.3284]]],[[[133.3114,36.3286],[133.3113,36.3285],[133.3113,36.3285],[133.3114,36.3286]]],[[[133.3062,36.3286],[133.306,36.3287],[133.3062,36.3287],[133.3062,36.3286]]],[[[133.3117,36.3288],[133.3116,36.3286],[133.3116,36.3287],[133.3117,36.3288]]],[[[133.3091,36.3291],[133.3094,36.3287],[133.3089,36.3288],[133.3091,36.3291]]],[[[133.315,36.3282],[133.3128,36.3295],[133.3151,36.3284],[133.315,36.3282]]],[[[133.3058,36.3291],[133.3059,36.3292],[133.306,36.3291],[133.3058,36.3291]]],[[[133.3058,36.3293],[133.3058,36.3294],[133.3059,36.3294],[133.3058,36.3293]]],[[[133.3117,36.3293],[133.3124,36.3305],[133.3127,36.3295],[133.3117,36.3293]]],[[[133.3635,36.2036],[133.3634,36.2035],[133.3634,36.2036],[133.3635,36.2036]]],[[[133.3632,36.2037],[133.3631,36.2036],[133.3631,36.2037],[133.3632,36.2037]]],[[[133.366,36.2039],[133.366,36.2038],[133.3659,36.2039],[133.366,36.2039]]],[[[133.3697,36.2054],[133.3701,36.2054],[133.3697,36.2053],[133.3697,36.2054]]],[[[133.3483,36.2075],[133.3474,36.2059],[133.3463,36.2065],[133.3465,36.2071],[133.3483,36.2075]]],[[[133.3707,36.2071],[133.3703,36.207],[133.3703,36.2071],[133.3707,36.2071]]],[[[133.3711,36.207],[133.3713,36.2071],[133.3713,36.207],[133.3711,36.207]]],[[[133.3486,36.2074],[133.3486,36.2075],[133.3486,36.2075],[133.3486,36.2074]]],[[[133.3721,36.2135],[133.372,36.2136],[133.3721,36.2136],[133.3721,36.2135]]],[[[133.3721,36.2141],[133.3721,36.214],[133.372,36.2141],[133.3721,36.2141]]],[[[133.3716,36.2163],[133.3708,36.2163],[133.3716,36.2163],[133.3716,36.2163]]],[[[133.3725,36.2186],[133.3724,36.2185],[133.3724,36.2186],[133.3725,36.2186]]],[[[133.3738,36.2191],[133.3736,36.219],[133.3737,36.2191],[133.3738,36.2191]]],[[[133.3745,36.2232],[133.3745,36.2231],[133.3744,36.2232],[133.3745,36.2232]]],[[[133.3743,36.2422],[133.3743,36.242],[133.3742,36.242],[133.3743,36.2422]]],[[[133.3741,36.2493],[133.374,36.2493],[133.3741,36.2493],[133.3741,36.2493]]],[[[133.3738,36.2496],[133.3739,36.2499],[133.374,36.2498],[133.3738,36.2496]]],[[[133.3735,36.2499],[133.3735,36.2498],[133.3735,36.2498],[133.3735,36.2499]]],[[[133.3682,36.2786],[133.3681,36.2786],[133.3681,36.2786],[133.3682,36.2786]]],[[[133.3686,36.279],[133.3687,36.2788],[133.3687,36.2788],[133.3686,36.279]]],[[[133.374,36.2797],[133.3739,36.2796],[133.3739,36.2797],[133.374,36.2797]]],[[[133.3739,36.2799],[133.3738,36.2799],[133.3738,36.2799],[133.3739,36.2799]]],[[[133.3737,36.28],[133.3737,36.2801],[133.3738,36.2801],[133.3737,36.28]]],[[[133.3734,36.281],[133.3731,36.2802],[133.373,36.2809],[133.3734,36.281]]],[[[133.3664,36.281],[133.3663,36.2808],[133.3663,36.281],[133.3664,36.281]]],[[[133.3734,36.2811],[133.3733,36.2812],[133.3734,36.2812],[133.3734,36.2811]]],[[[133.3716,36.2809],[133.372,36.2818],[133.3717,36.2809],[133.3716,36.2809]]],[[[133.3642,36.2817],[133.3642,36.2818],[133.3656,36.282],[133.3642,36.2817]]],[[[133.3669,36.2831],[133.3666,36.2814],[133.3662,36.2812],[133.3658,36.282],[133.3669,36.2831]]],[[[133.3623,36.2828],[133.3624,36.2829],[133.3624,36.2828],[133.3623,36.2828]]],[[[133.3681,36.2836],[133.3672,36.2832],[133.367,36.2834],[133.3681,36.2836]]],[[[133.3604,36.2845],[133.3606,36.2844],[133.3604,36.2843],[133.3604,36.2845]]],[[[133.3632,36.2872],[133.3631,36.2872],[133.3632,36.2873],[133.3632,36.2872]]],[[[133.3626,36.2899],[133.3626,36.29],[133.3627,36.29],[133.3626,36.2899]]],[[[133.3635,36.2906],[133.3631,36.2904],[133.3631,36.2905],[133.3635,36.2906]]],[[[133.3597,36.2925],[133.3597,36.2925],[133.3597,36.2925],[133.3597,36.2925]]],[[[133.3586,36.2929],[133.3584,36.2928],[133.3585,36.2929],[133.3586,36.2929]]],[[[133.359,36.2932],[133.3593,36.2926],[133.3586,36.293],[133.359,36.2932]]],[[[133.3582,36.2933],[133.3581,36.2934],[133.3582,36.2934],[133.3582,36.2933]]],[[[133.3637,36.2953],[133.3636,36.2953],[133.3637,36.2954],[133.3637,36.2953]]],[[[133.3634,36.2955],[133.3635,36.2953],[133.3632,36.2953],[133.3634,36.2955]]],[[[133.3637,36.2957],[133.3637,36.2957],[133.3637,36.2957],[133.3637,36.2957]]],[[[133.3697,36.2966],[133.371,36.297],[133.37,36.2961],[133.3697,36.2966]]],[[[133.3656,36.2972],[133.3656,36.2972],[133.3656,36.2972],[133.3656,36.2972]]],[[[133.3644,36.2973],[133.3642,36.2972],[133.3643,36.2973],[133.3644,36.2973]]],[[[133.3636,36.2974],[133.3633,36.2972],[133.3632,36.2975],[133.3636,36.2974]]],[[[133.3491,36.2976],[133.349,36.2976],[133.349,36.2976],[133.3491,36.2976]]],[[[133.3637,36.2976],[133.3639,36.2975],[133.3637,36.2974],[133.3637,36.2976]]],[[[133.3622,36.2974],[133.3623,36.2978],[133.3623,36.2978],[133.3622,36.2974]]],[[[133.3664,36.2981],[133.3668,36.2971],[133.3665,36.2973],[133.3664,36.2981]]],[[[133.3656,36.2979],[133.3652,36.2976],[133.3651,36.298],[133.3656,36.2979]]],[[[133.3637,36.2979],[133.3636,36.298],[133.3638,36.298],[133.3637,36.2979]]],[[[133.3484,36.298],[133.3485,36.2981],[133.3485,36.298],[133.3484,36.298]]],[[[133.3504,36.2981],[133.3504,36.298],[133.3502,36.298],[133.3504,36.2981]]],[[[133.3628,36.2983],[133.362,36.2979],[133.3616,36.298],[133.3619,36.2984],[133.3628,36.2983]]],[[[133.3489,36.2982],[133.3488,36.2981],[133.3488,36.2982],[133.3489,36.2982]]],[[[133.3639,36.2982],[133.364,36.2983],[133.364,36.2982],[133.3639,36.2982]]],[[[133.3471,36.2983],[133.3472,36.2983],[133.3472,36.2981],[133.3471,36.2983]]],[[[133.3512,36.2984],[133.3511,36.2984],[133.3512,36.2985],[133.3512,36.2984]]],[[[133.3711,36.2975],[133.3716,36.2992],[133.3725,36.2996],[133.3711,36.2975]]],[[[133.3514,36.2986],[133.3514,36.2986],[133.3514,36.2985],[133.3514,36.2986]]],[[[133.3517,36.2987],[133.3517,36.2987],[133.3516,36.2987],[133.3517,36.2987]]],[[[133.3654,36.2987],[133.3653,36.2987],[133.3653,36.2987],[133.3654,36.2987]]],[[[133.3508,36.2987],[133.3509,36.2987],[133.3509,36.2987],[133.3508,36.2987]]],[[[133.352,36.2987],[133.3521,36.2987],[133.352,36.2987],[133.352,36.2987]]],[[[133.3558,36.2987],[133.356,36.2988],[133.3559,36.2987],[133.3558,36.2987]]],[[[133.3578,36.299],[133.3577,36.299],[133.3578,36.2991],[133.3578,36.299]]],[[[133.3654,36.2992],[133.3651,36.2989],[133.3649,36.2991],[133.3654,36.2992]]],[[[133.3555,36.2992],[133.3554,36.2991],[133.3555,36.2992],[133.3555,36.2992]]],[[[133.3458,36.2992],[133.3457,36.2993],[133.3458,36.2993],[133.3458,36.2992]]],[[[133.3598,36.2995],[133.3609,36.3003],[133.3621,36.3008],[133.3604,36.299],[133.3598,36.2995]]],[[[133.357,36.3001],[133.3568,36.3001],[133.3568,36.3002],[133.357,36.3001]]],[[[133.3544,36.2998],[133.3541,36.3003],[133.3545,36.3005],[133.3544,36.2998]]],[[[133.3749,36.2232],[133.375,36.2231],[133.3748,36.2231],[133.3749,36.2232]]],[[[133.3756,36.2246],[133.3748,36.2246],[133.3757,36.2248],[133.3756,36.2246]]],[[[133.3745,36.2256],[133.3748,36.2257],[133.3746,36.2255],[133.3745,36.2256]]],[[[133.3747,36.2261],[133.3748,36.226],[133.3747,36.226],[133.3747,36.2261]]],[[[133.3754,36.2268],[133.3756,36.2268],[133.3754,36.2267],[133.3754,36.2268]]],[[[133.3768,36.2295],[133.3771,36.2294],[133.3768,36.2294],[133.3768,36.2295]]],[[[133.3776,36.2335],[133.3776,36.2334],[133.3775,36.2333],[133.3776,36.2335]]],[[[133.3782,36.234],[133.3781,36.2338],[133.378,36.2339],[133.3782,36.234]]],[[[133.3755,36.2424],[133.3749,36.2421],[133.3748,36.2422],[133.3755,36.2424]]],[[[133.3761,36.2456],[133.376,36.2456],[133.376,36.2456],[133.3761,36.2456]]],[[[133.3764,36.2458],[133.3763,36.2456],[133.3763,36.2458],[133.3764,36.2458]]],[[[133.3755,36.2458],[133.3755,36.2458],[133.3755,36.2458],[133.3755,36.2458]]],[[[133.3764,36.246],[133.3763,36.246],[133.3763,36.246],[133.3764,36.246]]],[[[133.3762,36.2463],[133.3763,36.2464],[133.3763,36.2463],[133.3762,36.2463]]],[[[133.3764,36.2469],[133.3764,36.2469],[133.3764,36.2469],[133.3764,36.2469]]],[[[133.3769,36.247],[133.3768,36.2469],[133.3769,36.247],[133.3769,36.247]]],[[[133.3776,36.247],[133.3776,36.2471],[133.3777,36.2471],[133.3776,36.247]]],[[[133.3789,36.2475],[133.3788,36.2474],[133.3787,36.2474],[133.3789,36.2475]]],[[[133.3819,36.2489],[133.3807,36.2493],[133.3821,36.2496],[133.3819,36.2489]]],[[[133.3812,36.2499],[133.3811,36.2499],[133.3812,36.2499],[133.3812,36.2499]]],[[[133.375,36.2512],[133.375,36.2512],[133.3742,36.2503],[133.375,36.2512]]],[[[133.378,36.2517],[133.3769,36.2502],[133.376,36.2509],[133.378,36.2517]]],[[[133.3758,36.2512],[133.3755,36.2516],[133.3756,36.2516],[133.3758,36.2512]]],[[[133.3754,36.2538],[133.3752,36.2537],[133.3752,36.2537],[133.3754,36.2538]]],[[[133.3758,36.254],[133.3758,36.254],[133.3758,36.254],[133.3758,36.254]]],[[[133.3757,36.254],[133.3756,36.254],[133.3757,36.254],[133.3757,36.254]]],[[[133.3759,36.2542],[133.3761,36.254],[133.376,36.254],[133.3759,36.2542]]],[[[133.3754,36.2541],[133.3755,36.2542],[133.3755,36.2541],[133.3754,36.2541]]],[[[133.3765,36.2542],[133.3765,36.2543],[133.3766,36.2542],[133.3765,36.2542]]],[[[133.3756,36.2543],[133.3756,36.2544],[133.3757,36.2544],[133.3756,36.2543]]],[[[133.376,36.255],[133.3761,36.2551],[133.3761,36.2551],[133.376,36.255]]],[[[133.3762,36.2552],[133.3762,36.2551],[133.3762,36.2552],[133.3762,36.2552]]],[[[133.3761,36.2552],[133.376,36.2553],[133.3761,36.2553],[133.3761,36.2552]]],[[[133.3772,36.2562],[133.377,36.2562],[133.3772,36.2562],[133.3772,36.2562]]],[[[133.377,36.2577],[133.377,36.2578],[133.3771,36.2577],[133.377,36.2577]]],[[[133.3771,36.2578],[133.3771,36.2579],[133.3771,36.2579],[133.3771,36.2578]]],[[[133.3773,36.258],[133.3775,36.2579],[133.3773,36.2579],[133.3773,36.258]]],[[[133.378,36.259],[133.3782,36.2589],[133.378,36.259],[133.378,36.259]]],[[[133.3838,36.2601],[133.3834,36.2599],[133.3834,36.2603],[133.3838,36.2601]]],[[[133.3786,36.2621],[133.3787,36.262],[133.3786,36.262],[133.3786,36.2621]]],[[[133.3805,36.2621],[133.3804,36.2621],[133.3804,36.2621],[133.3805,36.2621]]],[[[133.3791,36.2621],[133.3792,36.2621],[133.3792,36.2621],[133.3791,36.2621]]],[[[133.3795,36.2621],[133.3797,36.2621],[133.3797,36.2619],[133.3795,36.2621]]],[[[133.3799,36.2623],[133.3799,36.2621],[133.3798,36.2623],[133.3799,36.2623]]],[[[133.3802,36.2624],[133.3801,36.2623],[133.3801,36.2624],[133.3802,36.2624]]],[[[133.3802,36.2628],[133.3801,36.2628],[133.3802,36.2629],[133.3802,36.2628]]],[[[133.3828,36.2643],[133.3827,36.2646],[133.383,36.2644],[133.3828,36.2643]]],[[[133.3823,36.2652],[133.3827,36.2653],[133.3828,36.2652],[133.3823,36.2652]]],[[[133.3844,36.2668],[133.3845,36.2668],[133.3844,36.2668],[133.3844,36.2668]]],[[[133.3848,36.2672],[133.3847,36.2672],[133.3848,36.2672],[133.3848,36.2672]]],[[[133.3861,36.2684],[133.3862,36.2682],[133.3861,36.2682],[133.3861,36.2684]]],[[[133.3835,36.2695],[133.3835,36.2695],[133.3835,36.2695],[133.3835,36.2695]]],[[[133.3838,36.2698],[133.3839,36.2697],[133.3837,36.2696],[133.3838,36.2698]]],[[[133.3836,36.2698],[133.3835,36.2697],[133.3835,36.2698],[133.3836,36.2698]]],[[[133.3824,36.2702],[133.3824,36.2701],[133.3824,36.2702],[133.3824,36.2702]]],[[[133.3811,36.2705],[133.381,36.2705],[133.381,36.2705],[133.3811,36.2705]]],[[[133.3905,36.2707],[133.3905,36.2705],[133.3905,36.2705],[133.3905,36.2707]]],[[[133.3874,36.2708],[133.3872,36.2707],[133.3874,36.2708],[133.3874,36.2708]]],[[[133.3793,36.2709],[133.3792,36.2709],[133.3792,36.2709],[133.3793,36.2709]]],[[[133.3811,36.2711],[133.381,36.2711],[133.3811,36.2711],[133.3811,36.2711]]],[[[133.3814,36.2714],[133.3818,36.2711],[133.3814,36.271],[133.3814,36.2714]]],[[[133.3866,36.2722],[133.387,36.2703],[133.385,36.2714],[133.3866,36.2722]]],[[[133.382,36.2714],[133.3819,36.2714],[133.382,36.2714],[133.382,36.2714]]],[[[133.387,36.272],[133.3872,36.2718],[133.3869,36.2719],[133.387,36.272]]],[[[133.3783,36.2733],[133.3782,36.2732],[133.3781,36.2732],[133.3783,36.2733]]],[[[133.3781,36.2772],[133.3783,36.277],[133.378,36.2771],[133.3781,36.2772]]],[[[133.3788,36.2771],[133.3787,36.2772],[133.3788,36.2772],[133.3788,36.2771]]],[[[133.375,36.2777],[133.3751,36.2777],[133.375,36.2777],[133.375,36.2777]]],[[[133.375,36.2789],[133.375,36.2788],[133.3749,36.2788],[133.375,36.2789]]],[[[133.3746,36.2799],[133.3745,36.279],[133.3742,36.279],[133.3746,36.2799]]],[[[133.3748,36.2802],[133.3748,36.2801],[133.3747,36.2801],[133.3748,36.2802]]]]}}]}