{"type":"FeatureCollection","pref_code":"34","features":[{"type":"Feature","properties":{"code":"34100","name":"広島市","pref_code":"34","pref":"広島県"},"geometry":{"type":"MultiPolygon","coordinates":[[[[132.4026,34.3148],[132.4024,34.313],[132.4015,34.3114],[132.4013,34.3131],[132.4026,34.3148]]],[[[132.4057,34.318],[132.4056,34.3177],[132.4054,34.3181],[132.4057,34.318]]],[[[132.4052,34.3184],[132.4045,34.3185],[132.405,34.3189],[132.4052,34.3184]]],[[[132.3882,34.337],[132.3881,34.3375],[132.3885,34.3373],[132.3882,34.337]]],[[[132.3549,34.349],[132.3527,34.3532],[132.3507,34.3524],[132.3501,34.3535],[132.3542,34.3539],[132.3565,34.3494],[132.3549,34.349]]],[[[132.4158,34.356],[132.4158,34.3561],[132.4158,34.356],[132.4158,34.356]]],[[[132.4157,34.356],[132.4158,34.3559],[132.4151,34.3562],[132.4152,34.3562],[132.4152,34.3563],[132.4152,34.3564],[132.4159,34.3561],[132.4157,34.3561],[132.4157,34.356]]],[[[132.4148,34.3558],[132.4134,34.3565],[132.4148,34.3559],[132.4148,34.3558]]],[[[132.4158,34.3561],[132.4158,34.3562],[132.4159,34.3562],[132.4158,34.3561]]],[[[132.4152,34.3563],[132.415,34.3563],[132.4151,34.3564],[132.4152,34.3563]]],[[[132.415,34.3563],[132.4144,34.3565],[132.4152,34.3564],[132.4151,34.3564],[132.415,34.3563]]],[[[132.4145,34.3565],[132.4145,34.3567],[132.4146,34.3566],[132.4145,34.3565]]],[[[132.4007,34.3611],[132.4022,34.3605],[132.4014,34.3607],[132.4007,34.3611]]],[[[132.4017,34.3616],[132.4006,34.3618],[132.3992,34.3622],[132.4017,34.3616]]],[[[132.3985,34.3614],[132.3978,34.3623],[132.3986,34.3614],[132.3985,34.3614]]],[[[132.3626,34.5541],[132.3607,34.5507],[132.3635,34.5475],[132.364,34.5446],[132.3611,34.5429],[132.3599,34.5382],[132.367,34.5401],[132.3685,34.542],[132.3677,34.545],[132.3709,34.5474],[132.3748,34.548],[132.3748,34.551],[132.3787,34.5512],[132.3823,34.5542],[132.3847,34.5534],[132.3867,34.5543],[132.3857,34.5595],[132.3873,34.5616],[132.3898,34.5622],[132.3906,34.5657],[132.3896,34.5679],[132.3907,34.571],[132.3881,34.5733],[132.3903,34.578],[132.3878,34.5778],[132.3873,34.5831],[132.3918,34.5854],[132.3904,34.5924],[132.3945,34.599],[132.3997,34.6042],[132.4038,34.5996],[132.4046,34.6023],[132.4066,34.6031],[132.415,34.5991],[132.4203,34.603],[132.4258,34.6032],[132.4284,34.6005],[132.4302,34.6007],[132.4307,34.5973],[132.434,34.5964],[132.4389,34.592],[132.4546,34.6031],[132.4572,34.6033],[132.4566,34.6048],[132.4616,34.6099],[132.4614,34.6119],[132.4644,34.6138],[132.4724,34.6148],[132.4792,34.6127],[132.4803,34.6116],[132.4787,34.6078],[132.4813,34.6061],[132.4874,34.6061],[132.4897,34.6032],[132.4959,34.6012],[132.4982,34.599],[132.4995,34.5936],[132.5118,34.5964],[132.5195,34.6071],[132.5216,34.6061],[132.5243,34.6067],[132.5265,34.6026],[132.5283,34.6013],[132.5275,34.5984],[132.5296,34.5973],[132.5309,34.594],[132.5335,34.5942],[132.5308,34.5881],[132.5385,34.5832],[132.544,34.5836],[132.5515,34.5779],[132.5572,34.5761],[132.5606,34.5769],[132.565,34.5722],[132.568,34.5718],[132.5692,34.5726],[132.5738,34.5627],[132.5791,34.5649],[132.5803,34.5692],[132.5836,34.5686],[132.5876,34.5712],[132.5913,34.5759],[132.5906,34.582],[132.5957,34.5853],[132.5983,34.582],[132.6037,34.586],[132.6082,34.586],[132.6085,34.589],[132.6108,34.592],[132.6078,34.593],[132.6083,34.5956],[132.6133,34.6011],[132.6191,34.5986],[132.6243,34.6002],[132.6251,34.5988],[132.6283,34.5988],[132.6339,34.5959],[132.6357,34.5967],[132.6365,34.5986],[132.6452,34.602],[132.6505,34.601],[132.6521,34.599],[132.6575,34.6013],[132.6596,34.6008],[132.6606,34.6037],[132.6651,34.6071],[132.6684,34.606],[132.6704,34.6103],[132.6742,34.6107],[132.6745,34.6091],[132.6725,34.6085],[132.6716,34.6065],[132.6761,34.6042],[132.6793,34.6038],[132.6841,34.5979],[132.6935,34.5895],[132.692,34.5872],[132.6941,34.5838],[132.6912,34.5787],[132.6878,34.5766],[132.6886,34.5747],[132.6856,34.5721],[132.6831,34.5658],[132.6895,34.5623],[132.6916,34.5595],[132.6888,34.5588],[132.6876,34.5567],[132.6906,34.5531],[132.6912,34.5514],[132.6902,34.549],[132.6922,34.5458],[132.6869,34.5414],[132.6901,34.5389],[132.6881,34.5365],[132.6892,34.5348],[132.6934,34.5366],[132.6961,34.5358],[132.6942,34.5344],[132.6933,34.5295],[132.6895,34.5292],[132.6849,34.5253],[132.6839,34.527],[132.6738,34.5303],[132.6723,34.5339],[132.6695,34.5314],[132.6688,34.5292],[132.6654,34.5316],[132.6635,34.5297],[132.6623,34.526],[132.6492,34.5194],[132.6481,34.5162],[132.649,34.5139],[132.6456,34.5058],[132.6366,34.5054],[132.6332,34.5069],[132.631,34.5056],[132.6309,34.5032],[132.6283,34.4983],[132.6201,34.4916],[132.6183,34.4907],[132.6111,34.4907],[132.6054,34.4888],[132.6029,34.487],[132.601,34.4835],[132.6102,34.4784],[132.6057,34.4765],[132.6066,34.4736],[132.6026,34.4682],[132.6028,34.4661],[132.6005,34.462],[132.6005,34.4573],[132.6035,34.4558],[132.6077,34.4566],[132.611,34.4543],[132.614,34.4513],[132.6126,34.4482],[132.6154,34.4465],[132.6205,34.4478],[132.6233,34.4456],[132.633,34.4504],[132.6357,34.4434],[132.6393,34.4412],[132.6416,34.442],[132.6467,34.4378],[132.6485,34.4377],[132.6501,34.4382],[132.6492,34.4406],[132.6546,34.4435],[132.6572,34.4403],[132.6603,34.441],[132.6645,34.4355],[132.6671,34.4281],[132.6633,34.4271],[132.6597,34.4232],[132.6556,34.422],[132.6519,34.4221],[132.6504,34.4187],[132.6464,34.4151],[132.6464,34.4141],[132.6444,34.4132],[132.6449,34.4115],[132.6435,34.4104],[132.6425,34.4046],[132.6435,34.4024],[132.6404,34.3991],[132.6466,34.3957],[132.6464,34.3929],[132.6446,34.3913],[132.6442,34.3891],[132.6483,34.3856],[132.649,34.382],[132.6511,34.3794],[132.6501,34.3765],[132.6531,34.3714],[132.6536,34.3687],[132.6527,34.3666],[132.6496,34.3637],[132.6471,34.3642],[132.6447,34.3628],[132.6447,34.3563],[132.6415,34.352],[132.6397,34.353],[132.6335,34.3532],[132.6307,34.3514],[132.6275,34.3532],[132.6308,34.3591],[132.6312,34.362],[132.6275,34.3651],[132.6229,34.3731],[132.6205,34.3735],[132.6183,34.3754],[132.6143,34.3749],[132.6013,34.3803],[132.5981,34.3785],[132.5915,34.3805],[132.5849,34.3796],[132.5812,34.3808],[132.5797,34.3752],[132.5773,34.374],[132.5661,34.3761],[132.5671,34.3815],[132.5627,34.3832],[132.5606,34.3829],[132.558,34.3852],[132.5547,34.3835],[132.5531,34.385],[132.5462,34.386],[132.531,34.376],[132.5274,34.3685],[132.5238,34.3667],[132.5182,34.3617],[132.5169,34.3631],[132.5192,34.3651],[132.5169,34.3651],[132.5094,34.3591],[132.5086,34.357],[132.5062,34.3557],[132.5008,34.3558],[132.5007,34.3573],[132.4973,34.3572],[132.492,34.3535],[132.4826,34.3531],[132.4811,34.355],[132.4812,34.3595],[132.4798,34.3595],[132.4808,34.363],[132.4771,34.3645],[132.4756,34.3671],[132.477,34.3637],[132.4791,34.3627],[132.4785,34.3567],[132.4712,34.3534],[132.4702,34.3519],[132.4691,34.3529],[132.4634,34.3531],[132.4625,34.3519],[132.4624,34.353],[132.4602,34.3531],[132.46,34.352],[132.4582,34.3523],[132.4573,34.3507],[132.4574,34.3515],[132.4525,34.3528],[132.4497,34.351],[132.4497,34.351],[132.4507,34.3498],[132.4496,34.3464],[132.4511,34.3452],[132.4498,34.3408],[132.4466,34.3415],[132.4432,34.3406],[132.441,34.342],[132.4419,34.3448],[132.4378,34.3454],[132.4399,34.3524],[132.4333,34.3532],[132.4295,34.3552],[132.4296,34.3563],[132.4283,34.3557],[132.424,34.3576],[132.4249,34.359],[132.4236,34.3596],[132.4227,34.3582],[132.4188,34.36],[132.4175,34.3585],[132.4149,34.3597],[132.4131,34.358],[132.4139,34.3567],[132.4079,34.3596],[132.4085,34.3605],[132.4043,34.3628],[132.4026,34.3605],[132.4023,34.3602],[132.4032,34.3613],[132.4024,34.3617],[132.4042,34.3628],[132.4033,34.3633],[132.4023,34.362],[132.403,34.3635],[132.3993,34.3654],[132.398,34.3624],[132.3819,34.3613],[132.3813,34.362],[132.3805,34.3616],[132.3816,34.361],[132.3755,34.3604],[132.3768,34.3524],[132.3691,34.3505],[132.3698,34.3487],[132.3647,34.3475],[132.3603,34.3557],[132.3664,34.358],[132.3654,34.3597],[132.3624,34.3601],[132.3627,34.3587],[132.3607,34.3582],[132.3611,34.3572],[132.3606,34.3581],[132.353,34.3574],[132.3493,34.356],[132.347,34.3565],[132.344,34.3609],[132.3434,34.3644],[132.3449,34.3645],[132.3446,34.3678],[132.3423,34.3663],[132.3381,34.3679],[132.3353,34.3677],[132.3356,34.3708],[132.3299,34.3764],[132.3233,34.3797],[132.3169,34.3813],[132.3209,34.388],[132.3171,34.3902],[132.3169,34.3916],[132.3206,34.3937],[132.3207,34.3973],[132.3244,34.4056],[132.3217,34.4065],[132.3149,34.4063],[132.3129,34.4102],[132.3146,34.4123],[132.3144,34.4159],[132.312,34.419],[132.3087,34.4179],[132.2995,34.4072],[132.3005,34.3983],[132.3035,34.3926],[132.3028,34.3882],[132.3001,34.3843],[132.2938,34.385],[132.2897,34.3881],[132.2844,34.3897],[132.2837,34.395],[132.2846,34.3962],[132.2832,34.3975],[132.2831,34.4001],[132.2848,34.4025],[132.2815,34.4094],[132.2784,34.41],[132.2777,34.4119],[132.2742,34.4107],[132.2692,34.4137],[132.2653,34.4124],[132.2549,34.4138],[132.2543,34.4179],[132.2518,34.4205],[132.2527,34.4219],[132.251,34.4244],[132.2448,34.4233],[132.238,34.4278],[132.2357,34.4311],[132.2287,34.4309],[132.2256,34.4267],[132.2214,34.4235],[132.2189,34.4199],[132.2179,34.4159],[132.2151,34.415],[132.2082,34.4157],[132.2057,34.4145],[132.2024,34.4163],[132.197,34.4149],[132.1958,34.4157],[132.1906,34.4252],[132.1924,34.4272],[132.1935,34.4323],[132.192,34.4323],[132.1913,34.4355],[132.1878,34.4381],[132.1789,34.4405],[132.1786,34.4425],[132.1845,34.4455],[132.1823,34.4486],[132.1839,34.45],[132.1876,34.4515],[132.1904,34.4494],[132.1932,34.4507],[132.1943,34.4496],[132.1953,34.4507],[132.1938,34.4521],[132.196,34.4527],[132.1968,34.4551],[132.1931,34.4583],[132.1947,34.4592],[132.1955,34.4619],[132.1932,34.4651],[132.1934,34.4678],[132.1949,34.4689],[132.1945,34.4714],[132.1967,34.4777],[132.1997,34.4798],[132.2,34.4817],[132.2033,34.4847],[132.1982,34.4927],[132.1946,34.4952],[132.1921,34.4952],[132.1889,34.4983],[132.1963,34.4964],[132.2038,34.4993],[132.2052,34.5018],[132.2038,34.5061],[132.2052,34.5074],[132.2048,34.5089],[132.2154,34.5147],[132.2206,34.5133],[132.2224,34.5109],[132.23,34.5093],[132.2333,34.511],[132.2351,34.5089],[132.2404,34.5078],[132.2424,34.5106],[132.2399,34.5138],[132.2396,34.517],[132.2426,34.5194],[132.2443,34.522],[132.244,34.5234],[132.2483,34.5267],[132.2494,34.5298],[132.2562,34.5314],[132.2617,34.5347],[132.2646,34.5346],[132.2657,34.536],[132.2695,34.5354],[132.2729,34.5393],[132.2758,34.5397],[132.279,34.5423],[132.2815,34.5411],[132.2856,34.5438],[132.2911,34.5443],[132.2922,34.5474],[132.2945,34.5483],[132.3161,34.5526],[132.3185,34.5515],[132.3208,34.5536],[132.329,34.5529],[132.331,34.5552],[132.3403,34.5552],[132.3432,34.5517],[132.3521,34.5546],[132.3585,34.5523],[132.3594,34.5535],[132.3585,34.5577],[132.3602,34.5591],[132.3626,34.5541]],[[132.4991,34.3882],[132.5014,34.376],[132.5103,34.3762],[132.511,34.3748],[132.5162,34.375],[132.5149,34.378],[132.5183,34.3808],[132.5182,34.3832],[132.5209,34.3833],[132.5236,34.3869],[132.5277,34.3884],[132.5283,34.3935],[132.5313,34.3969],[132.5305,34.3992],[132.5328,34.4012],[132.533,34.4067],[132.5356,34.4105],[132.5388,34.4121],[132.5407,34.4177],[132.5352,34.421],[132.5312,34.4215],[132.5209,34.4145],[132.5185,34.4148],[132.5147,34.4069],[132.5071,34.4032],[132.5067,34.4048],[132.5057,34.4037],[132.5041,34.4044],[132.4983,34.3965],[132.4958,34.3953],[132.5012,34.3914],[132.4991,34.3882]]],[[[132.441,34.3258],[132.4442,34.3252],[132.4446,34.3221],[132.446,34.3212],[132.4455,34.3179],[132.4481,34.3161],[132.4447,34.3126],[132.4445,34.3077],[132.4383,34.3059],[132.4383,34.3039],[132.4424,34.3023],[132.4428,34.297],[132.4367,34.3007],[132.433,34.2972],[132.4283,34.3009],[132.4263,34.3006],[132.4244,34.3028],[132.4211,34.2994],[132.4183,34.3008],[132.4153,34.2997],[132.4145,34.3006],[132.4155,34.3024],[132.4207,34.3029],[132.422,34.305],[132.4284,34.3079],[132.4299,34.3122],[132.4291,34.3127],[132.4309,34.3146],[132.4292,34.3127],[132.4304,34.312],[132.4335,34.3139],[132.4335,34.3155],[132.4327,34.3141],[132.4321,34.3143],[132.4334,34.3163],[132.4325,34.3201],[132.441,34.3258]]],[[[132.4632,34.3166],[132.4653,34.3131],[132.4643,34.3105],[132.4604,34.3124],[132.4608,34.3161],[132.4632,34.3166]]],[[[132.446,34.3211],[132.4461,34.321],[132.446,34.321],[132.446,34.3211]]],[[[132.4449,34.323],[132.445,34.3231],[132.445,34.3229],[132.4449,34.323]]],[[[132.4561,34.3454],[132.4574,34.3456],[132.4574,34.3456],[132.4561,34.3453],[132.4561,34.3454]]],[[[132.4501,34.3472],[132.4538,34.3444],[132.4537,34.3443],[132.4501,34.3472]]],[[[132.4593,34.3517],[132.463,34.3507],[132.4639,34.3445],[132.4649,34.3425],[132.4656,34.3427],[132.4629,34.3399],[132.4577,34.3456],[132.4593,34.3517]]],[[[132.463,34.3511],[132.4627,34.3508],[132.4627,34.3508],[132.463,34.3511]]],[[[132.4498,34.3509],[132.4499,34.3511],[132.45,34.351],[132.4498,34.3509]]],[[[132.4159,34.3561],[132.4162,34.357],[132.4162,34.3569],[132.4163,34.3569],[132.4164,34.3569],[132.4159,34.3561]]],[[[132.4164,34.357],[132.4162,34.3569],[132.4163,34.357],[132.4164,34.357]]],[[[132.4169,34.3577],[132.4164,34.357],[132.4163,34.3571],[132.4162,34.357],[132.4169,34.3577]]],[[[132.4168,34.3577],[132.4168,34.3578],[132.4169,34.3578],[132.4168,34.3577]]],[[[132.4175,34.3585],[132.417,34.3578],[132.4168,34.3579],[132.4168,34.3578],[132.4175,34.3585]]],[[[132.4173,34.3586],[132.4174,34.3585],[132.4173,34.3585],[132.4173,34.3586]]],[[[132.4821,34.3466],[132.4857,34.344],[132.4839,34.3411],[132.4867,34.34],[132.4868,34.3379],[132.4849,34.3332],[132.4807,34.3301],[132.4795,34.3371],[132.4773,34.3404],[132.4779,34.3422],[132.4767,34.3457],[132.479,34.3468],[132.4821,34.3466]]],[[[132.5192,34.3566],[132.5281,34.3601],[132.538,34.3581],[132.5392,34.3615],[132.5435,34.3648],[132.5461,34.3619],[132.5452,34.3599],[132.5487,34.3573],[132.5542,34.345],[132.5514,34.3398],[132.5512,34.335],[132.5524,34.3335],[132.5517,34.3315],[132.5566,34.3233],[132.5564,34.318],[132.5552,34.3174],[132.5565,34.3133],[132.5504,34.3127],[132.5395,34.3158],[132.5364,34.3147],[132.533,34.3173],[132.534,34.3205],[132.5328,34.3211],[132.5301,34.3337],[132.5279,34.3342],[132.5279,34.3354],[132.5261,34.3365],[132.5256,34.3397],[132.5229,34.3419],[132.5198,34.3522],[132.5184,34.3537],[132.5205,34.3547],[132.5192,34.3566]]],[[[132.4658,34.343],[132.4662,34.3437],[132.4663,34.3443],[132.4658,34.343]]],[[[132.4663,34.3469],[132.4663,34.3445],[132.4663,34.3445],[132.4663,34.3469]]],[[[132.4764,34.3467],[132.4766,34.3466],[132.4765,34.3465],[132.4764,34.3467]]],[[[132.4673,34.3481],[132.4664,34.3469],[132.4663,34.347],[132.4673,34.3481]]],[[[132.463,34.3509],[132.4634,34.3513],[132.4635,34.3512],[132.463,34.3509]]],[[[132.5192,34.3566],[132.5103,34.3535],[132.519,34.3578],[132.5192,34.3566]]],[[[132.5184,34.3609],[132.5179,34.361],[132.5183,34.3614],[132.5184,34.3609]]]]}},{"type":"Feature","properties":{"code":"34202","name":"呉市","pref_code":"34","pref":"広島県"},"geometry":{"type":"MultiPolygon","coordinates":[[[[132.4943,34.0455],[132.4961,34.0448],[132.4931,34.0428],[132.492,34.0401],[132.4889,34.0377],[132.4854,34.037],[132.4831,34.0344],[132.4822,34.0374],[132.4845,34.0385],[132.4866,34.0417],[132.4943,34.0455]]],[[[132.5206,34.0426],[132.5222,34.0403],[132.5217,34.0389],[132.5199,34.0397],[132.5204,34.0409],[132.5193,34.0416],[132.5204,34.0433],[132.5206,34.0426]]],[[[132.5209,34.0435],[132.5206,34.0438],[132.5211,34.044],[132.5209,34.0435]]],[[[132.4839,34.044],[132.4841,34.0441],[132.4841,34.044],[132.4839,34.044]]],[[[132.4964,34.0446],[132.4963,34.0448],[132.4965,34.0447],[132.4964,34.0446]]],[[[132.4811,34.0461],[132.4821,34.0456],[132.4822,34.0449],[132.4811,34.0461]]],[[[132.4798,34.0461],[132.4799,34.0461],[132.4797,34.0461],[132.4798,34.0461]]],[[[132.4802,34.0462],[132.48,34.0463],[132.4802,34.0464],[132.4802,34.0462]]],[[[132.4728,34.0536],[132.4726,34.0544],[132.4729,34.0548],[132.4728,34.0536]]],[[[132.4728,34.0554],[132.4728,34.0555],[132.4729,34.0554],[132.4728,34.0554]]],[[[132.4728,34.0557],[132.4729,34.0557],[132.4728,34.0556],[132.4728,34.0557]]],[[[132.4688,34.0563],[132.4687,34.0562],[132.4687,34.0562],[132.4688,34.0563]]],[[[132.4685,34.057],[132.4687,34.0565],[132.4684,34.0569],[132.4685,34.057]]],[[[132.4548,34.0568],[132.4548,34.0569],[132.4548,34.0567],[132.4548,34.0568]]],[[[132.4547,34.0574],[132.4548,34.0573],[132.4547,34.0573],[132.4547,34.0574]]],[[[132.4545,34.0575],[132.4546,34.0575],[132.4546,34.0575],[132.4545,34.0575]]],[[[132.4542,34.0576],[132.4542,34.0577],[132.4543,34.0577],[132.4542,34.0576]]],[[[132.4549,34.0576],[132.4549,34.0577],[132.455,34.0576],[132.4549,34.0576]]],[[[132.4534,34.0578],[132.4535,34.0577],[132.4534,34.0577],[132.4534,34.0578]]],[[[132.4535,34.0581],[132.4535,34.0581],[132.4535,34.0582],[132.4535,34.0581]]],[[[132.4627,34.0612],[132.4638,34.0593],[132.4662,34.0607],[132.4678,34.0571],[132.4653,34.057],[132.4629,34.0586],[132.4627,34.0612]]],[[[132.4463,34.0641],[132.4465,34.0642],[132.4465,34.0641],[132.4463,34.0641]]],[[[132.4807,34.0852],[132.4805,34.0851],[132.4805,34.0853],[132.4807,34.0852]]],[[[132.4553,34.086],[132.4547,34.085],[132.4541,34.0849],[132.4553,34.086]]],[[[132.4557,34.0889],[132.4557,34.0888],[132.4556,34.0889],[132.4557,34.0889]]],[[[132.4553,34.0893],[132.4554,34.0892],[132.4553,34.0892],[132.4553,34.0893]]],[[[132.5201,34.0905],[132.5201,34.0884],[132.5186,34.0887],[132.5196,34.0896],[132.5192,34.0906],[132.5201,34.0905]]],[[[132.5005,34.0957],[132.5009,34.0959],[132.5008,34.0957],[132.5005,34.0957]]],[[[132.449,34.107],[132.4492,34.1071],[132.4492,34.107],[132.449,34.107]]],[[[132.5349,34.2005],[132.5376,34.1999],[132.5382,34.1988],[132.5353,34.192],[132.5354,34.1934],[132.5332,34.1915],[132.5343,34.1904],[132.5333,34.1901],[132.5339,34.1889],[132.5363,34.1873],[132.54,34.1883],[132.5429,34.1874],[132.547,34.1897],[132.5478,34.1882],[132.5521,34.1872],[132.5519,34.182],[132.5536,34.1801],[132.5568,34.18],[132.5559,34.1784],[132.5562,34.1754],[132.557,34.1756],[132.557,34.1754],[132.5564,34.1747],[132.5577,34.1729],[132.559,34.1732],[132.557,34.1705],[132.5552,34.1731],[132.553,34.1732],[132.5515,34.1746],[132.5513,34.1764],[132.5468,34.1766],[132.5406,34.1723],[132.5422,34.1702],[132.5407,34.1684],[132.5399,34.1642],[132.5338,34.1616],[132.5324,34.1653],[132.528,34.1645],[132.5266,34.1617],[132.5234,34.1595],[132.5239,34.1586],[132.5231,34.1599],[132.5215,34.1575],[132.5217,34.1542],[132.525,34.1556],[132.5298,34.1537],[132.5272,34.1502],[132.5283,34.1491],[132.5307,34.1501],[132.531,34.149],[132.5301,34.1487],[132.5328,34.1469],[132.5376,34.1493],[132.5461,34.1499],[132.5482,34.1515],[132.5495,34.1502],[132.5482,34.1486],[132.5495,34.1467],[132.5488,34.1413],[132.5522,34.1457],[132.5524,34.1487],[132.5538,34.1486],[132.5545,34.1505],[132.5576,34.1507],[132.5531,34.1441],[132.5485,34.1398],[132.5468,34.1346],[132.5468,34.1289],[132.545,34.1281],[132.5452,34.1248],[132.5437,34.1245],[132.5429,34.1227],[132.5394,34.1229],[132.5376,34.1211],[132.5394,34.1168],[132.5416,34.1153],[132.5402,34.114],[132.5404,34.1134],[132.5409,34.1129],[132.5409,34.1127],[132.5394,34.1128],[132.5389,34.1077],[132.541,34.107],[132.5427,34.1088],[132.5419,34.1098],[132.5428,34.1092],[132.5475,34.1121],[132.5492,34.1175],[132.5523,34.1163],[132.5605,34.1169],[132.5622,34.1187],[132.5639,34.1187],[132.5677,34.1236],[132.5728,34.1233],[132.5733,34.1261],[132.5762,34.1279],[132.5796,34.1266],[132.5805,34.1242],[132.5837,34.1238],[132.5805,34.1193],[132.5826,34.1158],[132.583,34.1121],[132.5852,34.1119],[132.5872,34.1103],[132.5888,34.1107],[132.5898,34.1139],[132.593,34.1152],[132.59,34.109],[132.5893,34.1083],[132.5887,34.1092],[132.5868,34.109],[132.5851,34.1061],[132.5823,34.1066],[132.5791,34.1106],[132.5773,34.1107],[132.5777,34.1121],[132.5753,34.115],[132.5759,34.1158],[132.5701,34.1155],[132.5682,34.1085],[132.5678,34.0971],[132.566,34.0973],[132.5631,34.0943],[132.5624,34.0898],[132.5609,34.0884],[132.5606,34.0863],[132.5594,34.0866],[132.5567,34.0833],[132.5565,34.08],[132.5539,34.0803],[132.5508,34.0789],[132.5494,34.0797],[132.5492,34.0847],[132.5468,34.0859],[132.5466,34.0874],[132.5471,34.0866],[132.548,34.0879],[132.5487,34.0872],[132.5477,34.0901],[132.544,34.0907],[132.543,34.092],[132.5452,34.0961],[132.5442,34.0982],[132.5454,34.098],[132.5416,34.0996],[132.5394,34.0979],[132.5401,34.0963],[132.5416,34.0966],[132.5422,34.0964],[132.5387,34.0958],[132.5377,34.0946],[132.5353,34.0953],[132.5358,34.0983],[132.5347,34.1031],[132.5324,34.1039],[132.5311,34.1035],[132.5332,34.1022],[132.532,34.1028],[132.5291,34.1014],[132.5292,34.0996],[132.527,34.0985],[132.5268,34.0965],[132.525,34.095],[132.5217,34.0955],[132.5208,34.0932],[132.5188,34.093],[132.5181,34.0951],[132.5152,34.0955],[132.5129,34.091],[132.5118,34.0914],[132.5127,34.0942],[132.5118,34.0955],[132.5138,34.0991],[132.5083,34.1023],[132.5099,34.1019],[132.5096,34.1031],[132.5031,34.1038],[132.5013,34.1023],[132.5024,34.1018],[132.4996,34.0969],[132.5003,34.0951],[132.4985,34.091],[132.4966,34.0917],[132.4953,34.0904],[132.4933,34.092],[132.492,34.0916],[132.4934,34.0922],[132.4917,34.0926],[132.4905,34.0895],[132.4898,34.0913],[132.4868,34.0915],[132.4865,34.0909],[132.4857,34.0906],[132.4864,34.0915],[132.4854,34.0912],[132.4855,34.0906],[132.4853,34.0905],[132.4853,34.0913],[132.4842,34.0905],[132.485,34.0881],[132.4862,34.0886],[132.4878,34.0888],[132.4847,34.0879],[132.4821,34.0853],[132.4808,34.0856],[132.4815,34.0877],[132.4806,34.0891],[132.4772,34.0894],[132.4769,34.0881],[132.4754,34.0881],[132.4755,34.0868],[132.4754,34.0881],[132.4723,34.088],[132.4628,34.0825],[132.4603,34.0824],[132.4569,34.085],[132.4542,34.0938],[132.4526,34.0939],[132.4536,34.0929],[132.4515,34.0944],[132.4477,34.0943],[132.4491,34.1002],[132.4475,34.1041],[132.4491,34.1048],[132.4486,34.1061],[132.4496,34.1065],[132.449,34.108],[132.4473,34.1082],[132.4541,34.1126],[132.4552,34.115],[132.4572,34.1141],[132.4597,34.1157],[132.4595,34.1146],[132.4618,34.1145],[132.4655,34.1161],[132.4665,34.1189],[132.4654,34.1204],[132.4673,34.1214],[132.4704,34.1214],[132.4718,34.1183],[132.475,34.1199],[132.475,34.1221],[132.4728,34.1224],[132.4737,34.1255],[132.4745,34.1241],[132.4763,34.1248],[132.476,34.1238],[132.4773,34.1235],[132.482,34.1269],[132.4857,34.1271],[132.4887,34.1304],[132.499,34.1331],[132.4989,34.1351],[132.4992,34.1342],[132.5004,34.1344],[132.5005,34.1331],[132.5049,34.1339],[132.5065,34.1367],[132.5057,34.1378],[132.5067,34.1375],[132.5077,34.1398],[132.5063,34.1426],[132.5038,34.1441],[132.5064,34.1427],[132.5079,34.1411],[132.5089,34.1415],[132.5081,34.1442],[132.5049,34.1475],[132.5023,34.1472],[132.5036,34.1452],[132.5003,34.1476],[132.4951,34.1479],[132.4941,34.1489],[132.4956,34.1488],[132.4954,34.1508],[132.493,34.1531],[132.4932,34.1625],[132.4951,34.1661],[132.4955,34.1696],[132.4974,34.1714],[132.4978,34.1723],[132.4976,34.1729],[132.4976,34.1731],[132.4978,34.1723],[132.499,34.1727],[132.4975,34.1734],[132.4986,34.1735],[132.4988,34.1746],[132.4973,34.1736],[132.4999,34.1802],[132.5029,34.1853],[132.5051,34.1861],[132.5057,34.1878],[132.5089,34.1893],[132.5124,34.1893],[132.5119,34.1902],[132.5135,34.191],[132.5142,34.1903],[132.5142,34.1918],[132.5186,34.1924],[132.5252,34.1993],[132.5259,34.1989],[132.5275,34.2003],[132.5305,34.1985],[132.5296,34.198],[132.5329,34.1985],[132.5351,34.2],[132.5342,34.2003],[132.5349,34.2005]]],[[[132.5146,34.1992],[132.514,34.1966],[132.5153,34.1953],[132.5139,34.1927],[132.5114,34.192],[132.5116,34.1964],[132.5146,34.1992]]],[[[132.515,34.2018],[132.5154,34.2008],[132.5147,34.1997],[132.515,34.2018]]],[[[132.5192,34.24],[132.5189,34.2402],[132.519,34.2406],[132.5192,34.24]]],[[[132.5152,34.2614],[132.5154,34.2619],[132.5154,34.2619],[132.5152,34.2614]]],[[[132.5543,34.0278],[132.5543,34.0277],[132.5543,34.0277],[132.5543,34.0278]]],[[[132.5545,34.0285],[132.5544,34.0286],[132.5545,34.0286],[132.5545,34.0285]]],[[[132.555,34.0288],[132.5548,34.0292],[132.5551,34.029],[132.555,34.0288]]],[[[132.5329,34.0394],[132.5329,34.0393],[132.5329,34.0394],[132.5329,34.0394]]],[[[132.5208,34.0429],[132.5208,34.0428],[132.5207,34.0428],[132.5208,34.0429]]],[[[132.5335,34.0741],[132.5341,34.0718],[132.5363,34.0718],[132.538,34.0707],[132.5371,34.0686],[132.5386,34.0684],[132.5393,34.0699],[132.5395,34.0665],[132.5383,34.0657],[132.5353,34.0547],[132.535,34.0487],[132.534,34.047],[132.5295,34.0465],[132.5282,34.0481],[132.5244,34.0486],[132.5225,34.0504],[132.5207,34.0499],[132.5196,34.0527],[132.5206,34.0538],[132.5227,34.0532],[132.5238,34.0556],[132.5266,34.0579],[132.5275,34.0609],[132.5267,34.0646],[132.5281,34.0645],[132.5284,34.0661],[132.5281,34.0645],[132.529,34.0645],[132.529,34.0682],[132.532,34.0695],[132.5313,34.0735],[132.5335,34.0741]]],[[[132.5262,34.0645],[132.5263,34.0646],[132.5263,34.0645],[132.5262,34.0645]]],[[[132.5256,34.0646],[132.5257,34.0646],[132.5255,34.0646],[132.5256,34.0646]]],[[[132.5631,34.0722],[132.5632,34.0723],[132.5632,34.0722],[132.5631,34.0722]]],[[[132.5501,34.0791],[132.55,34.0775],[132.548,34.0777],[132.5476,34.0766],[132.5492,34.0724],[132.5505,34.0716],[132.5514,34.0726],[132.5508,34.0731],[132.5526,34.0729],[132.5564,34.0752],[132.5592,34.0727],[132.5588,34.071],[132.5541,34.0683],[132.5487,34.0697],[132.5501,34.0701],[132.549,34.0709],[132.5466,34.0684],[132.5414,34.0688],[132.547,34.0785],[132.549,34.0797],[132.5501,34.0791]]],[[[132.5488,34.0746],[132.5488,34.0746],[132.5488,34.0746],[132.5488,34.0746]]],[[[132.5622,34.0894],[132.5622,34.0892],[132.5621,34.0894],[132.5622,34.0894]]],[[[132.5355,34.0943],[132.5352,34.0938],[132.535,34.0943],[132.5355,34.0943]]],[[[132.5351,34.0945],[132.535,34.0946],[132.5351,34.0946],[132.5351,34.0945]]],[[[132.5375,34.1506],[132.5375,34.1504],[132.5374,34.1505],[132.5375,34.1506]]],[[[132.5372,34.1506],[132.5372,34.1505],[132.5371,34.1505],[132.5372,34.1506]]],[[[132.5599,34.1516],[132.5591,34.151],[132.5604,34.1523],[132.5599,34.1516]]],[[[132.5339,34.1521],[132.5343,34.1516],[132.5336,34.1517],[132.5339,34.1521]]],[[[132.5348,34.1522],[132.5348,34.1521],[132.5347,34.1521],[132.5348,34.1522]]],[[[132.5294,34.1523],[132.5294,34.1522],[132.5293,34.1522],[132.5294,34.1523]]],[[[132.5299,34.1523],[132.5297,34.1524],[132.5299,34.1525],[132.5299,34.1523]]],[[[132.5301,34.1535],[132.5304,34.1536],[132.5304,34.1532],[132.5301,34.1535]]],[[[132.5626,34.1573],[132.5634,34.1562],[132.5631,34.1548],[132.5608,34.1562],[132.5626,34.1573]]],[[[132.5792,34.1589],[132.5794,34.1588],[132.5792,34.1588],[132.5792,34.1589]]],[[[132.5786,34.168],[132.578,34.1667],[132.5796,34.1662],[132.5783,34.165],[132.5792,34.159],[132.5761,34.1591],[132.5723,34.1551],[132.57,34.1569],[132.5697,34.1575],[132.5706,34.1581],[132.5701,34.1605],[132.5713,34.1635],[132.5774,34.1681],[132.5786,34.168]]],[[[132.5485,34.1715],[132.5484,34.1713],[132.5483,34.1715],[132.5485,34.1715]]],[[[132.5585,34.1819],[132.5583,34.1812],[132.5581,34.1813],[132.5585,34.1819]]],[[[132.5352,34.1917],[132.5347,34.1903],[132.5352,34.1919],[132.5352,34.1917]]],[[[132.5378,34.194],[132.5378,34.194],[132.5378,34.194],[132.5378,34.194]]],[[[132.5368,34.1945],[132.5369,34.1946],[132.5369,34.1945],[132.5368,34.1945]]],[[[132.5702,34.1997],[132.5699,34.2],[132.5699,34.2],[132.5702,34.1997]]],[[[132.5984,34.2216],[132.5984,34.2216],[132.5957,34.2202],[132.5984,34.2216]]],[[[132.5554,34.2388],[132.5549,34.2381],[132.5564,34.2369],[132.5548,34.2381],[132.5548,34.2385],[132.5554,34.2388]]],[[[132.5233,34.243],[132.5226,34.2413],[132.5214,34.2418],[132.5223,34.2432],[132.5233,34.243]]],[[[132.659,34.1578],[132.6553,34.1519],[132.6517,34.1508],[132.6518,34.1562],[132.6526,34.1557],[132.6546,34.1571],[132.6562,34.1557],[132.658,34.158],[132.659,34.1578]]],[[[132.6709,34.1594],[132.6736,34.1593],[132.6723,34.1551],[132.674,34.1531],[132.6727,34.1508],[132.6712,34.1505],[132.6705,34.1514],[132.6686,34.1512],[132.6656,34.1542],[132.6677,34.1569],[132.669,34.1564],[132.6711,34.1576],[132.6709,34.1594]]],[[[132.6731,34.1595],[132.6731,34.1596],[132.6731,34.1596],[132.6731,34.1595]]],[[[132.6791,34.1632],[132.6794,34.1635],[132.6796,34.1633],[132.6791,34.1632]]],[[[132.6783,34.1634],[132.6783,34.1633],[132.6782,34.1634],[132.6783,34.1634]]],[[[132.7391,34.1647],[132.7391,34.1647],[132.7391,34.1654],[132.7391,34.1647]]],[[[132.7408,34.166],[132.7408,34.1649],[132.7403,34.1653],[132.7408,34.166]]],[[[132.6652,34.1713],[132.6662,34.1713],[132.6662,34.1712],[132.6652,34.1713]]],[[[132.6613,34.1733],[132.6619,34.1724],[132.6612,34.1733],[132.6613,34.1733]]],[[[132.6865,34.1749],[132.6863,34.1748],[132.6863,34.1749],[132.6865,34.1749]]],[[[132.6862,34.1751],[132.6863,34.1751],[132.6863,34.175],[132.6862,34.1751]]],[[[132.686,34.1769],[132.6862,34.1769],[132.6861,34.1768],[132.686,34.1769]]],[[[132.6857,34.1774],[132.6859,34.1774],[132.6859,34.1771],[132.6857,34.1774]]],[[[132.6857,34.1776],[132.6855,34.178],[132.6858,34.1777],[132.6857,34.1776]]],[[[132.7103,34.2044],[132.7198,34.1977],[132.7213,34.1977],[132.7209,34.1971],[132.7237,34.1975],[132.7233,34.199],[132.7223,34.1989],[132.7248,34.2002],[132.7286,34.198],[132.736,34.1969],[132.7367,34.1959],[132.7373,34.1966],[132.7362,34.1969],[132.7364,34.1975],[132.7381,34.1963],[132.7406,34.1964],[132.7413,34.1951],[132.7416,34.1957],[132.7411,34.1959],[132.7409,34.1966],[132.7404,34.1968],[132.7402,34.1971],[132.7367,34.1979],[132.7402,34.1971],[132.7409,34.1967],[132.7412,34.196],[132.7417,34.1956],[132.7413,34.1951],[132.7445,34.1931],[132.7542,34.1946],[132.7573,34.1936],[132.7597,34.1906],[132.7583,34.1874],[132.7571,34.1864],[132.7564,34.1872],[132.7572,34.1843],[132.7557,34.1848],[132.7562,34.1841],[132.754,34.1821],[132.7571,34.1818],[132.756,34.1805],[132.7586,34.1823],[132.7578,34.1833],[132.7591,34.182],[132.7647,34.1822],[132.7653,34.1769],[132.7628,34.173],[132.7601,34.1721],[132.7596,34.1679],[132.7558,34.1663],[132.7544,34.1641],[132.7483,34.1622],[132.7442,34.1639],[132.7416,34.1636],[132.7394,34.1617],[132.7387,34.1578],[132.7374,34.1595],[132.7354,34.1596],[132.7356,34.1613],[132.7398,34.1629],[132.7434,34.1677],[132.7385,34.1734],[132.7252,34.1724],[132.7255,34.1716],[132.7225,34.1693],[132.721,34.1717],[132.7165,34.1727],[132.7153,34.1795],[132.7127,34.1809],[132.7033,34.1793],[132.6968,34.1808],[132.6945,34.1823],[132.6856,34.1825],[132.6865,34.1874],[132.6881,34.1874],[132.6886,34.1882],[132.6877,34.1877],[132.6868,34.1887],[132.6884,34.1905],[132.6874,34.1897],[132.6883,34.1908],[132.6874,34.1908],[132.687,34.1917],[132.6881,34.1908],[132.6882,34.1919],[132.687,34.192],[132.6878,34.1927],[132.6863,34.1959],[132.6895,34.1966],[132.6932,34.2015],[132.7004,34.2043],[132.7103,34.2044]]],[[[132.6713,34.203],[132.6754,34.2023],[132.6775,34.203],[132.6762,34.1998],[132.677,34.199],[132.6765,34.1973],[132.6753,34.1983],[132.675,34.1957],[132.677,34.194],[132.68,34.1963],[132.6816,34.1947],[132.6799,34.196],[132.6782,34.1942],[132.6801,34.1927],[132.681,34.193],[132.6807,34.1931],[132.6801,34.1936],[132.6825,34.1931],[132.6826,34.1938],[132.6844,34.1882],[132.6762,34.1773],[132.6761,34.1749],[132.6726,34.1721],[132.6724,34.1729],[132.671,34.1728],[132.6715,34.1721],[132.67,34.171],[132.6652,34.1715],[132.6626,34.1695],[132.6627,34.1713],[132.6618,34.1715],[132.661,34.1725],[132.6627,34.1714],[132.6634,34.1724],[132.6622,34.1728],[132.664,34.1725],[132.6633,34.1736],[132.6609,34.175],[132.6601,34.174],[132.6609,34.1729],[132.66,34.174],[132.6607,34.1749],[132.6566,34.1763],[132.6551,34.1755],[132.6552,34.1745],[132.6577,34.1745],[132.6537,34.1739],[132.6504,34.1707],[132.6442,34.171],[132.6489,34.1805],[132.6486,34.1863],[132.6561,34.1965],[132.6584,34.1962],[132.6599,34.1978],[132.6627,34.1968],[132.6645,34.198],[132.6647,34.1996],[132.6671,34.2004],[132.669,34.1994],[132.6713,34.203]]],[[[132.7363,34.1983],[132.7363,34.1982],[132.7358,34.1977],[132.7363,34.1983]]],[[[132.721,34.1994],[132.7211,34.1994],[132.72,34.1992],[132.721,34.1994]]],[[[132.7365,34.2035],[132.7367,34.2025],[132.7358,34.2031],[132.7365,34.2035]]],[[[132.6321,34.205],[132.6329,34.2046],[132.6321,34.205],[132.6321,34.205]]],[[[132.6808,34.2094],[132.6819,34.209],[132.681,34.2084],[132.6808,34.2094]]],[[[132.684,34.2099],[132.684,34.2102],[132.6841,34.2101],[132.684,34.2099]]],[[[132.6217,34.2116],[132.6215,34.2117],[132.6219,34.2118],[132.6217,34.2116]]],[[[132.659,34.2148],[132.6588,34.2141],[132.6587,34.2142],[132.659,34.2148]]],[[[132.6973,34.2232],[132.7004,34.2213],[132.7009,34.2185],[132.6934,34.2176],[132.6923,34.2187],[132.6922,34.2223],[132.6973,34.2232]]],[[[132.6168,34.2221],[132.6166,34.2222],[132.6168,34.2221],[132.6168,34.2221]]],[[[132.6006,34.224],[132.6013,34.2252],[132.6013,34.2252],[132.6012,34.225],[132.6006,34.224]]],[[[132.6979,34.2318],[132.698,34.2318],[132.6974,34.231],[132.6979,34.2318]]],[[[132.7382,34.2408],[132.7382,34.2408],[132.7382,34.2408],[132.7382,34.2408]]],[[[132.7386,34.2409],[132.7386,34.2409],[132.7386,34.2409],[132.7386,34.2409]]],[[[132.7382,34.241],[132.7384,34.241],[132.7382,34.2409],[132.7382,34.241]]],[[[132.7354,34.2409],[132.7355,34.2409],[132.7355,34.2409],[132.7354,34.2409]]],[[[132.7386,34.241],[132.7385,34.241],[132.7386,34.241],[132.7386,34.241]]],[[[132.7534,34.3321],[132.7547,34.3293],[132.7539,34.3237],[132.7562,34.32],[132.756,34.3143],[132.7574,34.3113],[132.7548,34.3108],[132.7563,34.3098],[132.756,34.3061],[132.7618,34.2996],[132.7593,34.2961],[132.7626,34.294],[132.7652,34.2905],[132.7669,34.2906],[132.77,34.2869],[132.775,34.2882],[132.781,34.2861],[132.781,34.2811],[132.7852,34.277],[132.7842,34.2756],[132.7762,34.279],[132.7753,34.2807],[132.7722,34.2792],[132.7696,34.2792],[132.766,34.2816],[132.7617,34.2826],[132.7574,34.2815],[132.7571,34.2805],[132.7558,34.2798],[132.757,34.2815],[132.7542,34.2823],[132.7544,34.2802],[132.7552,34.2803],[132.7544,34.2802],[132.7537,34.2757],[132.7554,34.2752],[132.7555,34.2728],[132.7585,34.271],[132.7584,34.2698],[132.7597,34.2674],[132.7587,34.264],[132.7568,34.2642],[132.7535,34.261],[132.7528,34.26],[132.753,34.2595],[132.756,34.257],[132.7604,34.2617],[132.7626,34.2613],[132.7634,34.2627],[132.7649,34.2626],[132.7667,34.2607],[132.7676,34.2611],[132.7666,34.2607],[132.768,34.2593],[132.7703,34.2601],[132.772,34.2589],[132.7717,34.2574],[132.7734,34.2553],[132.772,34.2525],[132.7686,34.2499],[132.7657,34.2499],[132.7638,34.2475],[132.7612,34.2484],[132.7584,34.2466],[132.7583,34.2444],[132.7612,34.2429],[132.7605,34.2404],[132.757,34.2411],[132.7533,34.2387],[132.7504,34.24],[132.7486,34.2424],[132.7435,34.2416],[132.7429,34.2429],[132.7404,34.2433],[132.7381,34.2424],[132.7382,34.2415],[132.7362,34.242],[132.7354,34.2411],[132.7339,34.2425],[132.7315,34.2424],[132.7301,34.2401],[132.7285,34.2395],[132.7199,34.241],[132.7189,34.2396],[132.7119,34.2394],[132.7057,34.2366],[132.7062,34.2371],[132.7029,34.2361],[132.7021,34.2371],[132.7012,34.2359],[132.701,34.2357],[132.7004,34.2353],[132.7013,34.2375],[132.6995,34.2364],[132.7001,34.2355],[132.6996,34.2351],[132.7,34.2347],[132.7,34.2344],[132.7,34.2341],[132.6994,34.2332],[132.6999,34.2346],[132.6982,34.235],[132.6977,34.2339],[132.6988,34.2335],[132.6981,34.2335],[132.6963,34.2351],[132.6969,34.2343],[132.6969,34.2329],[132.6961,34.2349],[132.6941,34.2334],[132.6969,34.2316],[132.6923,34.2279],[132.6918,34.2295],[132.6919,34.2277],[132.6893,34.2237],[132.6851,34.2225],[132.6842,34.219],[132.6857,34.2176],[132.6864,34.2142],[132.6845,34.2134],[132.6844,34.2103],[132.6814,34.2112],[132.6807,34.2105],[132.6789,34.2129],[132.6777,34.2127],[132.6752,34.2147],[132.6726,34.2144],[132.6718,34.2165],[132.6673,34.2195],[132.6609,34.218],[132.6602,34.2193],[132.6601,34.2172],[132.6575,34.2158],[132.6587,34.2152],[132.6575,34.2157],[132.6575,34.2141],[132.6581,34.2132],[132.6583,34.2145],[132.6581,34.2132],[132.6614,34.2095],[132.661,34.2084],[132.6583,34.2067],[132.6537,34.2073],[132.651,34.2047],[132.6434,34.2043],[132.6434,34.2023],[132.6409,34.2018],[132.6382,34.2032],[132.6354,34.202],[132.635,34.203],[132.6348,34.203],[132.6336,34.2036],[132.6332,34.2044],[132.6346,34.2031],[132.6361,34.2042],[132.6322,34.2061],[132.6324,34.2068],[132.6267,34.2063],[132.6261,34.209],[132.6273,34.2082],[132.6271,34.2103],[132.6255,34.2116],[132.6211,34.2122],[132.6207,34.2134],[132.6201,34.2122],[132.6213,34.2118],[132.6175,34.2107],[132.6153,34.2148],[132.6153,34.2172],[132.6163,34.2178],[132.6153,34.2184],[132.6172,34.2221],[132.6164,34.2224],[132.6157,34.2215],[132.6148,34.2219],[132.6159,34.2244],[132.6145,34.225],[132.6133,34.2233],[132.612,34.2237],[132.6091,34.2185],[132.6027,34.2201],[132.6058,34.2265],[132.5956,34.2311],[132.5961,34.2292],[132.5965,34.2293],[132.5971,34.2276],[132.5965,34.2292],[132.5963,34.2276],[132.5953,34.2288],[132.5953,34.2274],[132.5952,34.2289],[132.5899,34.2198],[132.5961,34.2168],[132.5935,34.2125],[132.5919,34.2112],[132.5902,34.2103],[132.589,34.2099],[132.5881,34.2097],[132.5935,34.2125],[132.5881,34.2141],[132.5865,34.2117],[132.5889,34.2106],[132.5852,34.2122],[132.5841,34.2116],[132.5795,34.2084],[132.5807,34.2086],[132.5775,34.2065],[132.5767,34.2043],[132.5765,34.204],[132.5752,34.2031],[132.5763,34.2041],[132.5691,34.2007],[132.5685,34.1995],[132.5692,34.1998],[132.5693,34.1996],[132.5679,34.199],[132.5697,34.1995],[132.568,34.1979],[132.5627,34.1992],[132.5604,34.1976],[132.5551,34.1968],[132.5535,34.1944],[132.5454,34.195],[132.5436,34.1933],[132.5425,34.1947],[132.5378,34.1941],[132.5409,34.1999],[132.5409,34.2024],[132.5434,34.2055],[132.5439,34.2096],[132.5428,34.2118],[132.5426,34.211],[132.5316,34.2222],[132.5381,34.2286],[132.541,34.2266],[132.5425,34.228],[132.5454,34.2257],[132.5463,34.2265],[132.5484,34.225],[132.5505,34.227],[132.5484,34.2285],[132.5502,34.2303],[132.5529,34.2285],[132.552,34.2299],[132.5537,34.2316],[132.552,34.2328],[132.5542,34.235],[132.5558,34.2339],[132.5585,34.2382],[132.5568,34.2395],[132.5558,34.2391],[132.5567,34.2396],[132.5556,34.2394],[132.5563,34.2401],[132.5552,34.2409],[132.554,34.2401],[132.5543,34.2413],[132.5517,34.2425],[132.55,34.2406],[132.5512,34.24],[132.5485,34.2411],[132.5481,34.2419],[132.5451,34.2402],[132.5417,34.2424],[132.5433,34.2442],[132.5453,34.2429],[132.5437,34.245],[132.5457,34.2458],[132.544,34.2462],[132.545,34.2458],[132.544,34.2453],[132.5439,34.2463],[132.5396,34.2478],[132.5398,34.246],[132.5415,34.2452],[132.5394,34.2429],[132.5355,34.2438],[132.5317,34.2416],[132.5291,34.2443],[132.5248,34.2452],[132.5247,34.2468],[132.5265,34.248],[132.5279,34.2476],[132.5307,34.25],[132.5298,34.2511],[132.5302,34.2549],[132.5273,34.2555],[132.5237,34.2582],[132.525,34.2579],[132.5244,34.259],[132.5182,34.2556],[132.5145,34.257],[132.5148,34.2608],[132.5173,34.2634],[132.5146,34.2649],[132.5143,34.2676],[132.5167,34.2719],[132.5161,34.2761],[132.5179,34.2774],[132.5183,34.2798],[132.5191,34.2797],[132.5183,34.28],[132.519,34.282],[132.5183,34.2834],[132.5145,34.2846],[132.5164,34.2848],[132.5128,34.2859],[132.5133,34.2878],[132.5147,34.2878],[132.5139,34.288],[132.5148,34.2894],[132.5123,34.289],[132.509,34.2928],[132.5076,34.2923],[132.5057,34.2945],[132.5126,34.2996],[132.519,34.297],[132.5266,34.3031],[132.534,34.3026],[132.5291,34.3058],[132.531,34.3136],[132.5393,34.3158],[132.5504,34.3127],[132.5565,34.3133],[132.5552,34.3174],[132.5564,34.318],[132.5565,34.3227],[132.5647,34.3254],[132.5669,34.3231],[132.5665,34.3221],[132.568,34.3193],[132.5712,34.3201],[132.5794,34.316],[132.5829,34.3173],[132.5873,34.3154],[132.5865,34.3116],[132.5904,34.3113],[132.5931,34.3071],[132.5965,34.3049],[132.5999,34.3068],[132.6014,34.3106],[132.606,34.3144],[132.6068,34.3167],[132.6105,34.3166],[132.6213,34.3126],[132.6266,34.3137],[132.6296,34.3114],[132.6331,34.3136],[132.6378,34.313],[132.6394,34.3151],[132.645,34.3099],[132.6497,34.3113],[132.6578,34.2966],[132.664,34.2884],[132.6706,34.2925],[132.672,34.2948],[132.6811,34.3002],[132.6867,34.3026],[132.6908,34.3029],[132.7034,34.3131],[132.7069,34.3129],[132.7105,34.3088],[132.7145,34.308],[132.7176,34.3104],[132.7169,34.3118],[132.7176,34.3134],[132.7202,34.3133],[132.722,34.3179],[132.7256,34.3183],[132.727,34.3223],[132.7332,34.3232],[132.7354,34.3259],[132.7399,34.3268],[132.7432,34.3309],[132.7482,34.3314],[132.7516,34.3332],[132.7534,34.3321]]],[[[132.7573,34.1446],[132.7573,34.1449],[132.7574,34.1448],[132.7573,34.1446]]],[[[132.7598,34.1483],[132.7596,34.1483],[132.7597,34.1485],[132.7598,34.1483]]],[[[132.7597,34.1491],[132.7597,34.1491],[132.7597,34.1491],[132.7597,34.1491]]],[[[132.7693,34.1511],[132.7691,34.1509],[132.7691,34.1512],[132.7693,34.1511]]],[[[132.7525,34.152],[132.7521,34.1519],[132.7524,34.1523],[132.7525,34.152]]],[[[132.7511,34.1531],[132.7508,34.1528],[132.7507,34.1529],[132.7511,34.1531]]],[[[132.7739,34.1573],[132.7751,34.1546],[132.7732,34.1528],[132.7691,34.1512],[132.7661,34.1518],[132.7639,34.1506],[132.7634,34.149],[132.7598,34.1484],[132.7598,34.1494],[132.759,34.1499],[132.7592,34.1516],[132.7584,34.1522],[132.7597,34.1544],[132.7623,34.1535],[132.7696,34.1554],[132.7716,34.1578],[132.7739,34.1573]]],[[[132.7589,34.1537],[132.759,34.1538],[132.7591,34.1538],[132.7589,34.1537]]],[[[132.7586,34.1543],[132.7587,34.1542],[132.7586,34.1543],[132.7586,34.1543]]],[[[132.7588,34.1543],[132.7588,34.1544],[132.7589,34.1543],[132.7588,34.1543]]],[[[132.7573,34.1543],[132.7573,34.1546],[132.7575,34.1546],[132.7573,34.1543]]],[[[132.7587,34.1545],[132.7589,34.1545],[132.7587,34.1544],[132.7587,34.1545]]],[[[132.7595,34.1546],[132.7597,34.1546],[132.7597,34.1545],[132.7595,34.1546]]],[[[132.7522,34.1588],[132.751,34.1572],[132.7502,34.1568],[132.7509,34.1583],[132.7522,34.1588]]],[[[132.7526,34.158],[132.7522,34.158],[132.7525,34.1581],[132.7526,34.158]]],[[[132.7516,34.1629],[132.7515,34.1629],[132.7514,34.1631],[132.7516,34.1629]]],[[[132.7637,34.1854],[132.7639,34.1855],[132.764,34.1854],[132.7637,34.1854]]],[[[132.767,34.1872],[132.7664,34.1878],[132.7668,34.1879],[132.767,34.1872]]],[[[132.7673,34.1882],[132.7674,34.1881],[132.7673,34.1881],[132.7673,34.1882]]],[[[132.7682,34.1882],[132.7682,34.1888],[132.7683,34.1888],[132.7682,34.1882]]],[[[132.7603,34.192],[132.7605,34.192],[132.7604,34.1919],[132.7603,34.192]]],[[[132.7614,34.1923],[132.7617,34.1924],[132.7615,34.1922],[132.7614,34.1923]]],[[[132.762,34.1924],[132.7622,34.1925],[132.7621,34.1923],[132.762,34.1924]]],[[[132.7416,34.201],[132.7414,34.2018],[132.7419,34.2018],[132.7416,34.201]]],[[[132.7549,34.239],[132.7548,34.2391],[132.7549,34.2391],[132.7549,34.239]]],[[[132.7444,34.2415],[132.7444,34.2415],[132.7444,34.2415],[132.7444,34.2415]]],[[[132.7441,34.2416],[132.7442,34.2416],[132.7442,34.2416],[132.7441,34.2416]]],[[[132.7679,34.2455],[132.7701,34.2425],[132.7679,34.2436],[132.7679,34.2455]]],[[[132.7686,34.2596],[132.7686,34.2597],[132.7686,34.2596],[132.7686,34.2596]]],[[[132.7688,34.26],[132.7687,34.2599],[132.7687,34.26],[132.7688,34.26]]],[[[132.7532,34.2602],[132.7537,34.2599],[132.7537,34.2599],[132.7532,34.2602]]],[[[132.7586,34.2698],[132.7586,34.2698],[132.7586,34.2698],[132.7586,34.2698]]],[[[132.7586,34.2699],[132.7586,34.2698],[132.7586,34.2698],[132.7586,34.2699]]],[[[132.7582,34.2714],[132.7583,34.2713],[132.7582,34.2713],[132.7582,34.2714]]],[[[132.7883,34.1218],[132.7925,34.1218],[132.7932,34.1204],[132.7923,34.121],[132.7916,34.1206],[132.7932,34.1191],[132.7972,34.1215],[132.8005,34.1206],[132.7988,34.1175],[132.7952,34.1146],[132.7908,34.1156],[132.7884,34.1141],[132.7859,34.1146],[132.7868,34.1176],[132.7884,34.1182],[132.7883,34.1218]]],[[[132.7939,34.1205],[132.7939,34.1205],[132.7936,34.1206],[132.7939,34.1205]]],[[[132.8038,34.1539],[132.8039,34.1539],[132.8038,34.1539],[132.8038,34.1539]]],[[[132.8021,34.1542],[132.8021,34.1541],[132.802,34.1541],[132.8021,34.1542]]],[[[132.803,34.1546],[132.803,34.1545],[132.803,34.1546],[132.803,34.1546]]],[[[132.7967,34.1586],[132.7965,34.1587],[132.7967,34.1587],[132.7967,34.1586]]],[[[132.8411,34.1597],[132.8409,34.1595],[132.8409,34.1595],[132.8411,34.1597]]],[[[132.8036,34.1673],[132.8038,34.167],[132.8036,34.1672],[132.8036,34.1673]]],[[[132.7983,34.1722],[132.7988,34.1734],[132.7993,34.1724],[132.8001,34.1739],[132.7993,34.1724],[132.7983,34.1722]]],[[[132.8461,34.1958],[132.8504,34.1957],[132.8473,34.1935],[132.8478,34.1922],[132.8524,34.1885],[132.8524,34.1888],[132.8527,34.1891],[132.8528,34.1882],[132.858,34.1864],[132.8584,34.1846],[132.8556,34.1831],[132.8585,34.1842],[132.8593,34.1829],[132.8571,34.1822],[132.8613,34.1827],[132.8606,34.1823],[132.8616,34.1815],[132.8619,34.1826],[132.8639,34.1796],[132.8649,34.1806],[132.8682,34.1802],[132.8683,34.1774],[132.8694,34.177],[132.8679,34.1754],[132.8683,34.1735],[132.8652,34.1737],[132.8572,34.1666],[132.8494,34.1629],[132.8467,34.16],[132.8391,34.1603],[132.8405,34.1597],[132.8347,34.1562],[132.8323,34.1563],[132.8279,34.1538],[132.8232,34.1539],[132.8199,34.151],[132.8103,34.1544],[132.8074,34.1527],[132.8032,34.1545],[132.8032,34.157],[132.7996,34.1586],[132.8057,34.161],[132.8052,34.1645],[132.8066,34.1627],[132.8044,34.1659],[132.8053,34.1656],[132.8052,34.1663],[132.804,34.1666],[132.805,34.167],[132.8031,34.1677],[132.8031,34.1716],[132.8066,34.1755],[132.8068,34.1763],[132.8066,34.1763],[132.8065,34.1765],[132.8065,34.1771],[132.8066,34.1774],[132.8066,34.1764],[132.8074,34.1766],[132.8077,34.1777],[132.8068,34.178],[132.8185,34.1831],[132.8229,34.1871],[132.828,34.1871],[132.8284,34.1838],[132.829,34.1861],[132.8309,34.1854],[132.8306,34.1863],[132.831,34.1867],[132.8313,34.1857],[132.8326,34.1889],[132.8308,34.1885],[132.8324,34.1901],[132.8419,34.1917],[132.8457,34.1942],[132.8461,34.1958]]],[[[132.7998,34.1749],[132.799,34.1737],[132.7994,34.1745],[132.7998,34.1749]]],[[[132.7873,34.1886],[132.7955,34.183],[132.7922,34.1852],[132.7916,34.1848],[132.7931,34.1828],[132.7953,34.1827],[132.7946,34.182],[132.7991,34.1781],[132.7998,34.1766],[132.7982,34.1781],[132.7999,34.1753],[132.8004,34.1754],[132.8006,34.1749],[132.8002,34.1742],[132.8003,34.1754],[132.7999,34.1752],[132.7994,34.1753],[132.7986,34.1743],[132.7976,34.171],[132.7989,34.1716],[132.7981,34.1709],[132.7972,34.1709],[132.795,34.168],[132.7954,34.1679],[132.7959,34.1685],[132.7962,34.1686],[132.7928,34.1654],[132.7869,34.1621],[132.7817,34.1608],[132.7726,34.1613],[132.7713,34.163],[132.7718,34.1662],[132.7707,34.1704],[132.7714,34.1766],[132.7773,34.1808],[132.7785,34.1845],[132.7812,34.1874],[132.7873,34.1886]]],[[[132.7996,34.1762],[132.7999,34.1763],[132.7997,34.1761],[132.7996,34.1762]]],[[[132.8285,34.1872],[132.8286,34.1871],[132.8282,34.187],[132.8285,34.1872]]],[[[132.8303,34.1873],[132.8294,34.187],[132.8294,34.1871],[132.8303,34.1873]]],[[[132.8623,34.189],[132.8632,34.187],[132.8605,34.1874],[132.8599,34.1885],[132.8623,34.189]]],[[[132.8303,34.1891],[132.8304,34.189],[132.8286,34.188],[132.8303,34.1891]]],[[[132.8199,34.1969],[132.8213,34.1923],[132.82,34.1905],[132.8149,34.1902],[132.8133,34.1886],[132.8147,34.1873],[132.8053,34.1879],[132.809,34.1887],[132.8101,34.19],[132.8107,34.1914],[132.8084,34.1938],[132.8118,34.1953],[132.8156,34.1949],[132.8199,34.1969]]],[[[132.8354,34.1929],[132.8357,34.192],[132.835,34.1928],[132.8354,34.1929]]],[[[132.8581,34.1947],[132.8596,34.1928],[132.8589,34.1911],[132.8562,34.1917],[132.8552,34.1932],[132.8556,34.195],[132.8581,34.1947]]],[[[132.8531,34.1949],[132.8536,34.1929],[132.8528,34.1921],[132.8491,34.1926],[132.8531,34.1949]]],[[[132.7721,34.2492],[132.7719,34.2493],[132.7721,34.2493],[132.7721,34.2492]]],[[[132.7719,34.2494],[132.7719,34.2493],[132.7718,34.2494],[132.7719,34.2494]]],[[[132.7719,34.2494],[132.7719,34.2494],[132.7719,34.2494],[132.7719,34.2494]]],[[[132.773,34.2544],[132.7731,34.2543],[132.773,34.2543],[132.773,34.2544]]],[[[132.7826,34.2621],[132.7879,34.2605],[132.7879,34.2592],[132.7861,34.2589],[132.786,34.2577],[132.7876,34.2575],[132.7874,34.2557],[132.7851,34.2559],[132.7844,34.2571],[132.782,34.2565],[132.7808,34.2577],[132.7826,34.2621]]],[[[132.7757,34.261],[132.7767,34.2596],[132.7784,34.2596],[132.7794,34.2578],[132.7744,34.2593],[132.7736,34.2608],[132.7757,34.261]]],[[[132.7693,34.2601],[132.7693,34.2601],[132.7693,34.2601],[132.7693,34.2601]]],[[[132.7694,34.2601],[132.7694,34.2601],[132.7694,34.2601],[132.7694,34.2601]]],[[[132.7692,34.2601],[132.7692,34.2601],[132.7692,34.2601],[132.7692,34.2601]]],[[[132.7703,34.2602],[132.7703,34.2602],[132.7703,34.2602],[132.7703,34.2602]]],[[[132.775,34.2684],[132.7751,34.265],[132.771,34.264],[132.7725,34.2681],[132.775,34.2684]]]]}},{"type":"Feature","properties":{"code":"34203","name":"竹原市","pref_code":"34","pref":"広島県"},"geometry":{"type":"MultiPolygon","coordinates":[[[[132.8607,34.2955],[132.8597,34.2955],[132.8603,34.2966],[132.8607,34.2955]]],[[[132.8751,34.2988],[132.8751,34.2988],[132.8751,34.2988],[132.8751,34.2988]]],[[[132.875,34.2988],[132.875,34.2988],[132.875,34.2988],[132.875,34.2988]]],[[[132.8751,34.2988],[132.8751,34.2988],[132.8751,34.2988],[132.8751,34.2988]]],[[[132.875,34.2989],[132.875,34.2989],[132.875,34.2988],[132.875,34.2989]]],[[[132.8751,34.2988],[132.8751,34.2989],[132.8751,34.2989],[132.8751,34.2988]]],[[[132.8752,34.2989],[132.8752,34.2989],[132.8752,34.2988],[132.8752,34.2989]]],[[[132.875,34.2989],[132.875,34.2989],[132.875,34.2989],[132.875,34.2989]]],[[[132.8751,34.2989],[132.8752,34.299],[132.8752,34.2989],[132.8751,34.2989]]],[[[132.8752,34.2996],[132.8751,34.2991],[132.875,34.2991],[132.8752,34.2996]]],[[[132.8759,34.3002],[132.8757,34.3001],[132.8757,34.3004],[132.8759,34.3002]]],[[[132.8714,34.3097],[132.8714,34.3098],[132.8715,34.3098],[132.8714,34.3097]]],[[[132.8765,34.3123],[132.8765,34.3124],[132.877,34.3124],[132.8765,34.3123]]],[[[132.876,34.3126],[132.8751,34.3125],[132.8751,34.3125],[132.876,34.3126]]],[[[132.8771,34.3128],[132.877,34.3128],[132.8772,34.3129],[132.8771,34.3128]]],[[[132.9905,34.3017],[132.9906,34.3019],[132.9906,34.3018],[132.9905,34.3017]]],[[[132.9986,34.3049],[132.9987,34.3051],[132.9988,34.3049],[132.9986,34.3049]]],[[[132.9864,34.306],[132.9863,34.306],[132.9864,34.306],[132.9864,34.306]]],[[[132.9779,34.3105],[132.9821,34.3085],[132.9803,34.3047],[132.9779,34.3105]]],[[[132.9892,34.3159],[132.9908,34.3142],[132.9931,34.3145],[132.995,34.3133],[132.9957,34.3111],[132.9989,34.3078],[132.9983,34.3055],[132.9945,34.3051],[132.9939,34.3023],[132.9919,34.303],[132.9901,34.3068],[132.9897,34.3132],[132.9883,34.3153],[132.9892,34.3159]]],[[[132.9881,34.3155],[132.9881,34.3156],[132.9881,34.3156],[132.9881,34.3155]]],[[[132.988,34.3156],[132.9878,34.3156],[132.9878,34.3158],[132.988,34.3156]]],[[[132.9361,34.3243],[132.9418,34.3232],[132.9427,34.3239],[132.9463,34.3171],[132.9488,34.316],[132.9487,34.3094],[132.9465,34.3104],[132.9447,34.3152],[132.9409,34.3203],[132.9369,34.323],[132.9361,34.3243]]],[[[132.8982,34.3234],[132.8982,34.3237],[132.8984,34.3237],[132.8982,34.3234]]],[[[132.9432,34.3241],[132.9433,34.3242],[132.9433,34.3241],[132.9432,34.3241]]],[[[132.9408,34.3251],[132.9408,34.3249],[132.9406,34.3249],[132.9408,34.3251]]],[[[133.0017,34.3336],[133.0017,34.3335],[133.0005,34.3335],[133.0017,34.3336]]],[[[132.9611,34.334],[132.9611,34.3341],[132.9612,34.334],[132.9611,34.334]]],[[[132.9939,34.3359],[132.993,34.3359],[132.9925,34.3355],[132.993,34.336],[132.9939,34.3359]]],[[[132.9037,34.4295],[132.9067,34.4258],[132.9053,34.4228],[132.9087,34.4072],[132.9082,34.4053],[132.9039,34.402],[132.9048,34.3988],[132.9131,34.3918],[132.9135,34.3894],[132.9117,34.3885],[132.9113,34.3867],[132.9131,34.3851],[132.9157,34.3863],[132.9171,34.3849],[132.9226,34.3868],[132.9272,34.3854],[132.9262,34.3801],[132.931,34.3802],[132.932,34.382],[132.9347,34.3806],[132.9354,34.3768],[132.9382,34.3763],[132.9405,34.3736],[132.9402,34.371],[132.9384,34.3705],[132.9389,34.3695],[132.9403,34.37],[132.9399,34.3663],[132.9419,34.3655],[132.9402,34.3631],[132.9412,34.3618],[132.9397,34.3604],[132.9416,34.3558],[132.9454,34.358],[132.9469,34.3546],[132.9501,34.352],[132.9529,34.3529],[132.9549,34.3522],[132.9603,34.3576],[132.9641,34.3548],[132.9674,34.3539],[132.9691,34.352],[132.9725,34.3512],[132.9736,34.3497],[132.9734,34.3477],[132.9758,34.346],[132.9795,34.3481],[132.9817,34.3463],[132.9852,34.3466],[132.9873,34.3503],[132.9905,34.352],[132.994,34.3492],[133.0025,34.3495],[133.0105,34.3432],[133.0101,34.3409],[133.0114,34.3395],[133.0093,34.3386],[133.0086,34.3338],[133.0091,34.3305],[133.0106,34.3291],[133.0057,34.3302],[133.0017,34.3348],[132.9999,34.3351],[133.0006,34.3339],[132.9985,34.3356],[132.9948,34.3359],[132.9955,34.3365],[132.9945,34.3375],[132.9908,34.3352],[132.9913,34.3343],[132.9915,34.3347],[132.9919,34.335],[132.9909,34.3337],[132.99,34.3331],[132.9899,34.3328],[132.9859,34.333],[132.9831,34.3312],[132.9797,34.3333],[132.9704,34.3346],[132.9627,34.3369],[132.9629,34.3376],[132.9622,34.3366],[132.9632,34.3348],[132.9604,34.334],[132.9595,34.3355],[132.9528,34.3373],[132.9503,34.337],[132.9503,34.3403],[132.9485,34.3367],[132.9448,34.3362],[132.9438,34.3358],[132.9442,34.335],[132.9419,34.3357],[132.9362,34.3302],[132.9292,34.3258],[132.9237,34.3262],[132.9224,34.3248],[132.9216,34.3259],[132.919,34.3259],[132.9175,34.3268],[132.9166,34.3298],[132.9175,34.3306],[132.92,34.3293],[132.9201,34.3304],[132.9167,34.3329],[132.9116,34.3278],[132.9147,34.3271],[132.9112,34.3278],[132.8999,34.3259],[132.8936,34.3265],[132.8918,34.3251],[132.8933,34.3224],[132.8888,34.3241],[132.8859,34.3218],[132.8876,34.3185],[132.8915,34.3215],[132.8854,34.3154],[132.8791,34.3156],[132.8784,34.3169],[132.8767,34.3152],[132.877,34.3148],[132.8768,34.3147],[132.8772,34.3141],[132.8773,34.3131],[132.8752,34.3156],[132.8742,34.3147],[132.8755,34.3145],[132.8735,34.3123],[132.8707,34.3134],[132.8692,34.3123],[132.869,34.3109],[132.87,34.311],[132.8714,34.3096],[132.8717,34.3096],[132.8724,34.3064],[132.875,34.3075],[132.8764,34.3068],[132.8742,34.3043],[132.8741,34.3022],[132.8685,34.3052],[132.8653,34.3015],[132.8626,34.3003],[132.8622,34.2977],[132.8612,34.2974],[132.8588,34.3005],[132.856,34.3],[132.8546,34.2966],[132.8533,34.2979],[132.8545,34.3003],[132.8541,34.3045],[132.8511,34.3085],[132.8521,34.3111],[132.8511,34.3151],[132.8535,34.3177],[132.8523,34.3213],[132.8527,34.325],[132.8567,34.3327],[132.8558,34.335],[132.857,34.337],[132.8568,34.3427],[132.8591,34.3458],[132.8564,34.3476],[132.8586,34.3505],[132.8553,34.3521],[132.8541,34.3564],[132.8494,34.3548],[132.8474,34.3583],[132.842,34.3596],[132.8382,34.3625],[132.836,34.3618],[132.8302,34.3641],[132.8287,34.3625],[132.8236,34.3665],[132.8212,34.3666],[132.8167,34.3692],[132.8126,34.3691],[132.8119,34.3719],[132.8093,34.3741],[132.8057,34.3743],[132.8042,34.3725],[132.8016,34.3725],[132.8004,34.3714],[132.7978,34.3717],[132.7988,34.3729],[132.7974,34.3739],[132.7959,34.3722],[132.7966,34.3698],[132.7878,34.3713],[132.7862,34.3704],[132.7865,34.3729],[132.785,34.3757],[132.7877,34.3784],[132.7886,34.382],[132.7928,34.3849],[132.7928,34.3861],[132.7963,34.3858],[132.7955,34.3872],[132.7962,34.3889],[132.7992,34.3897],[132.8004,34.3921],[132.8033,34.3926],[132.8088,34.3914],[132.8116,34.3933],[132.8159,34.392],[132.8175,34.3945],[132.815,34.3954],[132.8135,34.4026],[132.8114,34.4032],[132.808,34.4079],[132.8067,34.4084],[132.8037,34.4061],[132.7986,34.4085],[132.795,34.407],[132.7885,34.4093],[132.7882,34.4124],[132.7854,34.4134],[132.7848,34.4161],[132.7821,34.4193],[132.7847,34.4218],[132.7888,34.4235],[132.7908,34.423],[132.7909,34.4211],[132.7943,34.4201],[132.8054,34.4204],[132.8129,34.4245],[132.8168,34.4234],[132.8222,34.4185],[132.826,34.4191],[132.8277,34.4205],[132.8298,34.4202],[132.8324,34.4225],[132.8351,34.4226],[132.8357,34.4201],[132.8388,34.4182],[132.8436,34.4196],[132.85,34.4191],[132.8518,34.4145],[132.8578,34.4135],[132.8598,34.4149],[132.864,34.4118],[132.8683,34.4109],[132.8688,34.4092],[132.8736,34.4083],[132.8786,34.4057],[132.8821,34.4063],[132.8829,34.4076],[132.8854,34.4074],[132.8875,34.4098],[132.8896,34.4098],[132.892,34.4115],[132.8949,34.4106],[132.8909,34.416],[132.8921,34.4186],[132.8944,34.4198],[132.8938,34.4217],[132.8978,34.4249],[132.897,34.4281],[132.9037,34.4295]]]]}},{"type":"Feature","properties":{"code":"34204","name":"三原市","pref_code":"34","pref":"広島県"},"geometry":{"type":"MultiPolygon","coordinates":[[[[133.0994,34.3295],[133.0997,34.3294],[133.0995,34.3294],[133.0994,34.3295]]],[[[133.1123,34.3602],[133.1139,34.3592],[133.1172,34.36],[133.1163,34.3583],[133.1184,34.3571],[133.1172,34.3556],[133.119,34.357],[133.1206,34.3542],[133.1225,34.3533],[133.1247,34.3449],[133.1242,34.3395],[133.1271,34.3376],[133.1259,34.3371],[133.127,34.3367],[133.1262,34.3365],[133.1248,34.331],[133.1216,34.3289],[133.1216,34.3258],[133.1201,34.3236],[133.1161,34.3195],[133.1105,34.3172],[133.1048,34.3194],[133.104,34.3223],[133.1048,34.3229],[133.1001,34.3223],[133.096,34.3236],[133.0949,34.3248],[133.0961,34.3282],[133.0947,34.3306],[133.0963,34.3312],[133.0982,34.3297],[133.0992,34.3284],[133.0989,34.3258],[133.1035,34.3265],[133.1011,34.3266],[133.1011,34.3277],[133.0993,34.3301],[133.1002,34.3342],[133.0989,34.3387],[133.0973,34.3402],[133.1005,34.3415],[133.1041,34.3461],[133.1038,34.3529],[133.1045,34.3537],[133.1035,34.3564],[133.1046,34.3564],[133.1046,34.3574],[133.1061,34.358],[133.1067,34.3587],[133.1123,34.3602]]],[[[133.0617,34.3422],[133.062,34.3414],[133.0602,34.3417],[133.0617,34.3422]]],[[[133.0806,34.3479],[133.0805,34.3479],[133.0808,34.3483],[133.0806,34.3479]]],[[[133.081,34.3486],[133.081,34.3486],[133.0812,34.3491],[133.081,34.3486]]],[[[133.1045,34.3575],[133.1045,34.3575],[133.1045,34.3575],[133.1045,34.3575]]],[[[133.1064,34.3585],[133.1063,34.3587],[133.1065,34.3587],[133.1064,34.3585]]],[[[133.0851,34.3595],[133.0854,34.3618],[133.0854,34.3618],[133.0851,34.3595]]],[[[133.1071,34.3635],[133.1068,34.3635],[133.1068,34.3635],[133.1071,34.3635]]],[[[133.1074,34.3683],[133.109,34.3662],[133.1072,34.3636],[133.1079,34.3631],[133.108,34.3628],[133.1071,34.3636],[133.1073,34.3639],[133.1065,34.3638],[133.1063,34.3622],[133.1071,34.3622],[133.1044,34.3604],[133.1022,34.361],[133.0993,34.3597],[133.0984,34.3604],[133.0996,34.3617],[133.0994,34.3644],[133.1013,34.364],[133.1036,34.3665],[133.1048,34.3661],[133.1074,34.3683]]],[[[133.1102,34.3859],[133.1121,34.3841],[133.1122,34.3841],[133.1102,34.3859]]],[[[132.9116,34.5937],[132.9135,34.5911],[132.9155,34.5923],[132.9182,34.5909],[132.9245,34.5904],[132.9232,34.5885],[132.9244,34.587],[132.9233,34.5846],[132.9291,34.5858],[132.9346,34.5854],[132.9401,34.5822],[132.9406,34.5803],[132.9443,34.5786],[132.949,34.5799],[132.9518,34.5794],[132.9551,34.5769],[132.9584,34.5766],[132.9606,34.5678],[132.9712,34.5701],[132.9731,34.5682],[132.9727,34.5664],[132.9766,34.5641],[132.9775,34.5618],[132.9791,34.5613],[132.9808,34.5622],[132.9815,34.5602],[132.9838,34.5593],[132.9841,34.5576],[132.9887,34.5567],[132.9911,34.5519],[132.9963,34.5495],[132.9974,34.5469],[132.9999,34.5506],[133.008,34.552],[133.0115,34.554],[133.02,34.5539],[133.024,34.5519],[133.0315,34.5555],[133.0328,34.557],[133.0331,34.5601],[133.0363,34.5609],[133.0381,34.5645],[133.0416,34.5643],[133.0456,34.5625],[133.046,34.5613],[133.0481,34.5619],[133.0527,34.5596],[133.0568,34.5592],[133.0611,34.5543],[133.0635,34.5551],[133.0655,34.5526],[133.0678,34.5517],[133.0717,34.5519],[133.0755,34.55],[133.0798,34.5502],[133.082,34.5435],[133.0853,34.5416],[133.0859,34.5374],[133.08,34.5351],[133.079,34.5327],[133.0807,34.5312],[133.0799,34.5288],[133.0682,34.5288],[133.0694,34.5255],[133.0686,34.5232],[133.0642,34.5207],[133.063,34.5167],[133.0605,34.5146],[133.0599,34.5126],[133.0581,34.5126],[133.0562,34.5093],[133.0527,34.5071],[133.0537,34.5039],[133.0513,34.501],[133.0521,34.4975],[133.0534,34.4972],[133.0547,34.4938],[133.0604,34.4909],[133.065,34.4942],[133.0709,34.4944],[133.0732,34.4914],[133.0734,34.4877],[133.0747,34.4863],[133.0793,34.4852],[133.0816,34.4826],[133.0825,34.4851],[133.0861,34.4882],[133.0878,34.4879],[133.088,34.4861],[133.0894,34.4853],[133.09,34.4873],[133.0957,34.49],[133.0988,34.4942],[133.0988,34.4971],[133.1042,34.4967],[133.1075,34.4952],[133.1088,34.4924],[133.1124,34.4905],[133.1167,34.4858],[133.1164,34.4828],[133.1138,34.4804],[133.1153,34.4778],[133.1145,34.4708],[133.1159,34.4703],[133.1179,34.4719],[133.119,34.4705],[133.1213,34.4703],[133.1234,34.467],[133.1239,34.4606],[133.1258,34.4586],[133.134,34.4551],[133.1352,34.4524],[133.1342,34.4507],[133.1349,34.4467],[133.1363,34.4456],[133.1389,34.4467],[133.1504,34.4451],[133.1517,34.4438],[133.1504,34.443],[133.1562,34.4372],[133.1594,34.4376],[133.1592,34.4352],[133.1535,34.435],[133.1502,34.4322],[133.1493,34.4304],[133.1529,34.4282],[133.153,34.4268],[133.1496,34.426],[133.1481,34.4238],[133.1444,34.4237],[133.1427,34.4213],[133.1413,34.4162],[133.138,34.414],[133.1386,34.4109],[133.1458,34.4102],[133.144,34.4061],[133.1442,34.4028],[133.1488,34.4014],[133.1498,34.4023],[133.1517,34.402],[133.1528,34.4043],[133.1565,34.4063],[133.1625,34.4028],[133.1569,34.3991],[133.1539,34.3951],[133.154,34.3935],[133.1474,34.3925],[133.1423,34.3896],[133.139,34.3893],[133.138,34.3878],[133.1275,34.3826],[133.1177,34.3832],[133.1166,34.3819],[133.1139,34.3824],[133.1148,34.3849],[133.1117,34.3883],[133.1107,34.3875],[133.1094,34.3881],[133.1097,34.3889],[133.1092,34.3882],[133.1069,34.3893],[133.1064,34.3883],[133.1022,34.3903],[133.1028,34.3912],[133.1028,34.3912],[133.0986,34.3902],[133.0849,34.3957],[133.0849,34.3934],[133.09,34.3914],[133.0895,34.3901],[133.0931,34.3888],[133.0906,34.3829],[133.0967,34.3794],[133.096,34.3776],[133.0929,34.3773],[133.0891,34.3803],[133.0863,34.3786],[133.0872,34.3754],[133.0837,34.3655],[133.0839,34.363],[133.0854,34.363],[133.0854,34.3621],[133.0844,34.3628],[133.084,34.3597],[133.0829,34.3594],[133.0836,34.3555],[133.0824,34.3546],[133.0824,34.3524],[133.0794,34.3459],[133.0721,34.3429],[133.0674,34.3429],[133.0609,34.3452],[133.053,34.3433],[133.0537,34.3429],[133.0517,34.3423],[133.0528,34.3421],[133.0515,34.3413],[133.0524,34.3406],[133.0512,34.3416],[133.0498,34.3411],[133.0523,34.3404],[133.0509,34.3383],[133.0497,34.3389],[133.0481,34.3373],[133.0483,34.336],[133.0446,34.3372],[133.0436,34.3363],[133.0457,34.3339],[133.0393,34.3311],[133.0402,34.3317],[133.0386,34.3322],[133.0395,34.3327],[133.0377,34.3359],[133.0374,34.3358],[133.0377,34.3348],[133.0377,34.3345],[133.0375,34.3354],[133.0352,34.333],[133.0303,34.3327],[133.0256,34.3308],[133.0199,34.3308],[133.0155,34.3286],[133.0107,34.3291],[133.0091,34.3305],[133.0086,34.3338],[133.0093,34.3386],[133.0114,34.3395],[133.0101,34.3409],[133.0105,34.3432],[133.0025,34.3495],[132.994,34.3492],[132.9905,34.352],[132.9873,34.3503],[132.9852,34.3466],[132.9817,34.3463],[132.9795,34.3481],[132.9758,34.346],[132.9734,34.3477],[132.9736,34.3497],[132.9725,34.3512],[132.9691,34.352],[132.9674,34.3539],[132.9641,34.3548],[132.9603,34.3576],[132.9549,34.3522],[132.9529,34.3529],[132.9501,34.352],[132.9469,34.3546],[132.9454,34.358],[132.9416,34.3558],[132.9397,34.3604],[132.9412,34.3618],[132.9402,34.3631],[132.9419,34.3655],[132.9399,34.3663],[132.9403,34.37],[132.9389,34.3695],[132.9384,34.3705],[132.9402,34.371],[132.9405,34.3736],[132.9382,34.3763],[132.9354,34.3768],[132.9347,34.3806],[132.932,34.382],[132.931,34.3802],[132.9262,34.3801],[132.9272,34.3854],[132.9226,34.3868],[132.9171,34.3849],[132.9157,34.3863],[132.9133,34.3851],[132.9113,34.3866],[132.9117,34.3885],[132.9135,34.3894],[132.9131,34.3918],[132.9048,34.3988],[132.9039,34.402],[132.9082,34.4053],[132.9087,34.407],[132.9053,34.4228],[132.9067,34.4258],[132.9039,34.4294],[132.8957,34.4284],[132.8955,34.4332],[132.8938,34.4346],[132.8943,34.4371],[132.8992,34.4401],[132.8996,34.4421],[132.9039,34.4409],[132.9027,34.4425],[132.9044,34.4445],[132.9021,34.4466],[132.9038,34.4479],[132.8998,34.4489],[132.8928,34.4578],[132.8926,34.4592],[132.8961,34.4603],[132.8898,34.4625],[132.8895,34.4653],[132.8986,34.4654],[132.9047,34.4598],[132.9125,34.4601],[132.9188,34.4569],[132.9197,34.4588],[132.9169,34.4601],[132.9209,34.4673],[132.9191,34.4695],[132.9194,34.4707],[132.9117,34.4756],[132.9124,34.4837],[132.9117,34.4851],[132.9048,34.4838],[132.9018,34.4902],[132.9021,34.4921],[132.8977,34.4956],[132.8979,34.4998],[132.894,34.5023],[132.8939,34.5056],[132.8958,34.5063],[132.8931,34.5084],[132.889,34.515],[132.8866,34.5161],[132.8863,34.5183],[132.8846,34.5181],[132.8833,34.5194],[132.8792,34.5181],[132.8773,34.5194],[132.8677,34.5201],[132.8652,34.5219],[132.8566,34.5241],[132.8548,34.533],[132.8511,34.5348],[132.8531,34.5385],[132.8474,34.5403],[132.8524,34.5426],[132.8512,34.545],[132.8535,34.5501],[132.8583,34.5485],[132.8598,34.5469],[132.8643,34.5501],[132.8721,34.5506],[132.8816,34.5551],[132.8843,34.559],[132.8807,34.5652],[132.8785,34.576],[132.8834,34.5763],[132.8863,34.5752],[132.8871,34.5738],[132.8902,34.5766],[132.8901,34.5788],[132.8943,34.5826],[132.896,34.5831],[132.8967,34.5814],[132.8987,34.5807],[132.902,34.5811],[132.9027,34.5875],[132.9042,34.5889],[132.9074,34.5891],[132.9074,34.5926],[132.9116,34.5937]]],[[[133.119,34.3152],[133.119,34.3155],[133.1192,34.3155],[133.119,34.3152]]],[[[133.1193,34.3156],[133.1195,34.3156],[133.1193,34.3156],[133.1193,34.3156]]],[[[133.1199,34.3158],[133.12,34.3163],[133.1204,34.3163],[133.1199,34.3158]]],[[[133.1215,34.3201],[133.1214,34.3203],[133.1216,34.3202],[133.1215,34.3201]]],[[[133.1216,34.3204],[133.1216,34.3206],[133.1218,34.3205],[133.1216,34.3204]]],[[[133.1219,34.321],[133.1225,34.3208],[133.1225,34.3205],[133.1219,34.321]]],[[[133.1233,34.3537],[133.1234,34.3532],[133.1232,34.3533],[133.1233,34.3537]]],[[[133.1188,34.3589],[133.1197,34.3581],[133.1187,34.3588],[133.1188,34.3589]]],[[[133.1194,34.3679],[133.1189,34.3667],[133.118,34.3671],[133.1184,34.3679],[133.1194,34.3679]]],[[[133.1488,34.3841],[133.1485,34.384],[133.1486,34.3844],[133.1488,34.3841]]],[[[133.147,34.3861],[133.1463,34.3862],[133.1462,34.3868],[133.147,34.3861]]]]}},{"type":"Feature","properties":{"code":"34205","name":"尾道市","pref_code":"34","pref":"広島県"},"geometry":{"type":"MultiPolygon","coordinates":[[[[133.1294,34.2779],[133.1293,34.2778],[133.1293,34.2781],[133.1294,34.2779]]],[[[133.1411,34.2802],[133.1414,34.2795],[133.141,34.2796],[133.1411,34.2802]]],[[[133.0508,34.2852],[133.0498,34.2861],[133.0505,34.2861],[133.0508,34.2852]]],[[[133.1321,34.3167],[133.1408,34.3147],[133.1487,34.3025],[133.1492,34.2982],[133.1501,34.2979],[133.1475,34.2939],[133.147,34.2917],[133.1478,34.2911],[133.1465,34.2906],[133.147,34.2875],[133.1438,34.2859],[133.1436,34.2849],[133.1411,34.285],[133.1383,34.2828],[133.1351,34.2827],[133.1335,34.2809],[133.1338,34.2796],[133.1251,34.2787],[133.1227,34.2777],[133.1215,34.2753],[133.1154,34.2744],[133.1163,34.2733],[133.1139,34.2721],[133.1143,34.27],[133.1128,34.267],[133.112,34.2679],[133.1125,34.2668],[133.1121,34.2654],[133.1112,34.2662],[133.1097,34.2654],[133.1107,34.2646],[133.1065,34.2656],[133.1046,34.2631],[133.1043,34.2639],[133.1031,34.2635],[133.1025,34.2609],[133.1001,34.2599],[133.0993,34.2608],[133.0998,34.2597],[133.0993,34.2608],[133.0984,34.26],[133.0958,34.2601],[133.0938,34.2566],[133.0903,34.2584],[133.0825,34.2559],[133.0722,34.2601],[133.0695,34.2624],[133.0673,34.2665],[133.0681,34.273],[133.0699,34.2789],[133.0721,34.2788],[133.0696,34.2792],[133.0717,34.2795],[133.0711,34.2803],[133.0734,34.2815],[133.0728,34.2824],[133.0731,34.2841],[133.0738,34.2838],[133.0745,34.2853],[133.0733,34.2862],[133.0782,34.2949],[133.0818,34.2985],[133.0821,34.2997],[133.0817,34.2998],[133.0819,34.3004],[133.0816,34.3005],[133.0816,34.3007],[133.0823,34.3017],[133.0816,34.3006],[133.0826,34.3006],[133.0843,34.305],[133.0841,34.3083],[133.0891,34.3129],[133.0933,34.314],[133.0974,34.3133],[133.0949,34.3135],[133.0952,34.3092],[133.0973,34.309],[133.0961,34.3087],[133.096,34.307],[133.1019,34.3074],[133.1021,34.3061],[133.1048,34.3081],[133.1059,34.3068],[133.1062,34.3092],[133.1095,34.3109],[133.1179,34.3104],[133.1211,34.3123],[133.122,34.3143],[133.1234,34.3141],[133.1222,34.3146],[133.1229,34.3145],[133.1236,34.3139],[133.1297,34.3163],[133.1316,34.3153],[133.1321,34.3167]]],[[[133.0766,34.3341],[133.0809,34.3322],[133.0836,34.319],[133.0855,34.3178],[133.0871,34.3133],[133.0828,34.3098],[133.0818,34.3035],[133.0767,34.3014],[133.0691,34.3026],[133.0646,34.3051],[133.0628,34.3079],[133.0619,34.3147],[133.0628,34.318],[133.0662,34.3259],[133.0693,34.3271],[133.0719,34.331],[133.0758,34.3305],[133.0766,34.3341]]],[[[133.1368,34.3417],[133.1369,34.3402],[133.1369,34.3402],[133.1368,34.3417]]],[[[133.1403,34.3415],[133.1403,34.3418],[133.1403,34.3418],[133.1403,34.3415]]],[[[133.1388,34.3578],[133.1412,34.3573],[133.1427,34.356],[133.1403,34.3541],[133.1417,34.353],[133.1415,34.3513],[133.1378,34.3564],[133.1388,34.3578]]],[[[133.1416,34.3573],[133.1415,34.3575],[133.1417,34.3574],[133.1416,34.3573]]],[[[133.1371,34.3597],[133.1365,34.3601],[133.1377,34.3598],[133.1371,34.3597]]],[[[133.1255,34.3606],[133.1253,34.3608],[133.1255,34.3607],[133.1255,34.3606]]],[[[133.1267,34.361],[133.1266,34.3607],[133.1265,34.361],[133.1267,34.361]]],[[[133.134,34.3652],[133.1337,34.365],[133.1337,34.3654],[133.134,34.3652]]],[[[133.1465,34.3705],[133.147,34.368],[133.1449,34.3632],[133.1398,34.3632],[133.138,34.3616],[133.1383,34.3608],[133.1381,34.3603],[133.138,34.3616],[133.1366,34.3606],[133.1358,34.3593],[133.1332,34.3608],[133.1328,34.3618],[133.1346,34.3615],[133.1353,34.3625],[133.1343,34.3645],[133.1373,34.3662],[133.1375,34.3676],[133.1419,34.3685],[133.1448,34.3712],[133.1465,34.3705]]],[[[133.1394,34.3708],[133.1395,34.3706],[133.1393,34.3707],[133.1394,34.3708]]],[[[133.1399,34.3712],[133.1399,34.3712],[133.14,34.3712],[133.1399,34.3712]]],[[[133.14,34.3713],[133.14,34.3713],[133.1401,34.3713],[133.14,34.3713]]],[[[133.1401,34.3713],[133.1401,34.3715],[133.1402,34.3715],[133.1401,34.3713]]],[[[133.1387,34.3729],[133.1387,34.373],[133.1388,34.373],[133.1387,34.3729]]],[[[133.1522,34.5696],[133.1521,34.5676],[133.1538,34.565],[133.1607,34.5662],[133.162,34.5655],[133.163,34.5644],[133.1611,34.5617],[133.1637,34.5594],[133.1635,34.5568],[133.1656,34.5514],[133.1717,34.5472],[133.1736,34.549],[133.1771,34.5496],[133.1759,34.5472],[133.1771,34.5406],[133.1815,34.5418],[133.1821,34.5379],[133.1882,34.5393],[133.1894,34.5331],[133.1939,34.5324],[133.1958,34.5307],[133.1968,34.5322],[133.1958,34.5375],[133.2003,34.54],[133.2083,34.5363],[133.2104,34.5337],[133.2118,34.5352],[133.2174,34.5358],[133.2187,34.5376],[133.2216,34.5346],[133.2215,34.5298],[133.2188,34.5238],[133.2116,34.5195],[133.212,34.5136],[133.2142,34.5113],[133.214,34.5089],[133.2188,34.5086],[133.2223,34.5098],[133.228,34.5144],[133.235,34.5142],[133.2395,34.5108],[133.2392,34.5076],[133.2378,34.5059],[133.2402,34.502],[133.2381,34.5027],[133.2355,34.5002],[133.2327,34.4993],[133.234,34.4943],[133.2361,34.4919],[133.2313,34.4899],[133.2299,34.4849],[133.2261,34.4843],[133.2276,34.4832],[133.2285,34.4801],[133.2282,34.4767],[133.2259,34.4746],[133.2218,34.4738],[133.2176,34.4757],[133.2106,34.4714],[133.2164,34.4632],[133.2201,34.464],[133.2199,34.4627],[133.2229,34.4593],[133.2268,34.4588],[133.2293,34.4554],[133.2319,34.4557],[133.2327,34.4582],[133.2353,34.4595],[133.2367,34.4565],[133.2405,34.4541],[133.2397,34.4502],[133.2372,34.4471],[133.2317,34.4477],[133.2291,34.4519],[133.2271,34.4526],[133.2258,34.4517],[133.2288,34.4493],[133.2288,34.4484],[133.226,34.4481],[133.2288,34.4434],[133.2322,34.4446],[133.2352,34.4437],[133.2372,34.4409],[133.239,34.4408],[133.2398,34.4359],[133.2446,34.4234],[133.2384,34.4215],[133.2371,34.4164],[133.2325,34.4163],[133.2325,34.4154],[133.2336,34.4154],[133.2338,34.415],[133.2319,34.4147],[133.2338,34.4147],[133.234,34.4115],[133.221,34.409],[133.2153,34.4111],[133.2135,34.4112],[133.2096,34.4106],[133.1961,34.4052],[133.1879,34.401],[133.1795,34.399],[133.1776,34.3998],[133.1766,34.3984],[133.1696,34.3958],[133.1673,34.3967],[133.167,34.3955],[133.1684,34.3955],[133.1671,34.3955],[133.1663,34.3956],[133.1662,34.3962],[133.166,34.3956],[133.1658,34.3955],[133.1657,34.3961],[133.1667,34.3971],[133.166,34.3973],[133.1641,34.3966],[133.1645,34.3958],[133.1543,34.3935],[133.1539,34.3951],[133.1568,34.3989],[133.1625,34.4028],[133.1565,34.4063],[133.1528,34.4043],[133.1517,34.402],[133.1498,34.4023],[133.1488,34.4014],[133.1442,34.4028],[133.144,34.4061],[133.1458,34.4102],[133.1386,34.4109],[133.1378,34.4135],[133.1413,34.4162],[133.1427,34.4213],[133.1445,34.4238],[133.1481,34.4238],[133.1496,34.426],[133.153,34.4268],[133.1529,34.4282],[133.1493,34.4304],[133.1502,34.4322],[133.1535,34.435],[133.1592,34.4352],[133.1594,34.4376],[133.1562,34.4372],[133.1504,34.443],[133.1517,34.4438],[133.1504,34.4451],[133.1389,34.4467],[133.1363,34.4456],[133.1349,34.4467],[133.1342,34.4507],[133.1352,34.4524],[133.134,34.4551],[133.1258,34.4586],[133.1239,34.4606],[133.1234,34.467],[133.1213,34.4703],[133.119,34.4705],[133.1179,34.4719],[133.1159,34.4703],[133.1145,34.4708],[133.1153,34.4778],[133.1138,34.4804],[133.1164,34.4828],[133.1161,34.487],[133.109,34.4923],[133.1073,34.4953],[133.0989,34.4971],[133.0988,34.4942],[133.0957,34.49],[133.09,34.4873],[133.0894,34.4853],[133.088,34.4861],[133.0878,34.4879],[133.0861,34.4882],[133.0825,34.4851],[133.0816,34.4826],[133.0793,34.4852],[133.0747,34.4863],[133.0734,34.4877],[133.0732,34.4914],[133.0709,34.4944],[133.065,34.4942],[133.0604,34.4909],[133.0547,34.4938],[133.0534,34.4972],[133.0521,34.4975],[133.0513,34.501],[133.0537,34.5039],[133.0527,34.5071],[133.0562,34.5093],[133.0581,34.5126],[133.0599,34.5126],[133.0605,34.5146],[133.063,34.5167],[133.0642,34.5207],[133.0686,34.5232],[133.0694,34.5255],[133.0683,34.5288],[133.0799,34.5288],[133.0807,34.5312],[133.079,34.5327],[133.08,34.5351],[133.0857,34.5372],[133.0861,34.5392],[133.0881,34.5383],[133.0893,34.5392],[133.0927,34.5374],[133.097,34.5398],[133.1021,34.5395],[133.1072,34.5433],[133.1094,34.5435],[133.1155,34.5468],[133.1212,34.5483],[133.126,34.5472],[133.1285,34.55],[133.129,34.5483],[133.131,34.5502],[133.1293,34.5538],[133.1332,34.5579],[133.1339,34.564],[133.1397,34.5657],[133.142,34.5731],[133.146,34.5701],[133.1522,34.5696]]],[[[133.173,34.2923],[133.172,34.2927],[133.173,34.2923],[133.173,34.2923]]],[[[133.1535,34.3573],[133.1604,34.3572],[133.1618,34.3593],[133.1628,34.3581],[133.1736,34.3579],[133.1735,34.3564],[133.1766,34.3558],[133.1774,34.3534],[133.1747,34.3506],[133.176,34.348],[133.1754,34.3464],[133.1782,34.3419],[133.1801,34.3417],[133.186,34.3365],[133.1889,34.3357],[133.1949,34.3381],[133.1973,34.338],[133.1956,34.336],[133.1972,34.3346],[133.198,34.3316],[133.1973,34.3308],[133.199,34.3308],[133.1986,34.3321],[133.1999,34.3311],[133.2,34.3282],[133.2035,34.3241],[133.2035,34.3192],[133.2055,34.3184],[133.2081,34.3202],[133.2109,34.3189],[133.2102,34.3151],[133.2115,34.314],[133.2067,34.3106],[133.1984,34.3076],[133.1935,34.3006],[133.1938,34.2983],[133.1955,34.2982],[133.1943,34.2977],[133.1945,34.2975],[133.1975,34.2975],[133.1963,34.2997],[133.199,34.297],[133.2005,34.2975],[133.203,34.296],[133.2068,34.2979],[133.2096,34.2982],[133.2103,34.297],[133.2082,34.2965],[133.208,34.2947],[133.2048,34.2914],[133.2008,34.2901],[133.201,34.2868],[133.2002,34.2864],[133.201,34.2874],[133.1995,34.2878],[133.1962,34.286],[133.1969,34.2824],[133.1994,34.2794],[133.1995,34.2792],[133.196,34.2754],[133.1915,34.2749],[133.1911,34.2761],[133.1878,34.2766],[133.1806,34.2807],[133.177,34.285],[133.175,34.2909],[133.1746,34.2902],[133.1732,34.2922],[133.1741,34.2923],[133.1688,34.2946],[133.1687,34.2961],[133.1675,34.295],[133.1683,34.2944],[133.1633,34.2958],[133.1619,34.2977],[133.1609,34.2974],[133.1595,34.2975],[133.1604,34.2979],[133.1586,34.2987],[133.1591,34.2975],[133.1577,34.2983],[133.1568,34.2984],[133.1562,34.2985],[133.156,34.2986],[133.155,34.3021],[133.152,34.3056],[133.1513,34.3102],[133.1494,34.3122],[133.1488,34.3141],[133.1496,34.3147],[133.1487,34.3144],[133.1471,34.3165],[133.1413,34.3263],[133.1378,34.3266],[133.1345,34.3289],[133.1345,34.3356],[133.1366,34.3371],[133.1367,34.3391],[133.1402,34.3397],[133.1392,34.3404],[133.1403,34.3414],[133.1417,34.3404],[133.1394,34.3434],[133.1379,34.3437],[133.1367,34.3426],[133.1379,34.3437],[133.1377,34.3462],[133.14,34.3478],[133.1416,34.3464],[133.1449,34.3481],[133.1472,34.3452],[133.1464,34.3464],[133.1475,34.3467],[133.1468,34.347],[133.1487,34.3502],[133.1488,34.3549],[133.1496,34.355],[133.1469,34.3563],[133.1474,34.358],[133.1545,34.3594],[133.1531,34.3589],[133.1535,34.3573]]],[[[133.2109,34.3192],[133.2108,34.3192],[133.2109,34.3192],[133.2109,34.3192]]],[[[133.1787,34.3422],[133.1779,34.3431],[133.1779,34.3431],[133.1787,34.3422]]],[[[133.1839,34.3432],[133.1837,34.3429],[133.1836,34.3431],[133.1839,34.3432]]],[[[133.183,34.3434],[133.1829,34.3435],[133.183,34.3435],[133.183,34.3434]]],[[[133.1858,34.3571],[133.1857,34.3574],[133.1858,34.3573],[133.1858,34.3571]]],[[[133.1612,34.3595],[133.1614,34.3595],[133.1612,34.3594],[133.1612,34.3595]]],[[[133.161,34.36],[133.1609,34.3598],[133.1609,34.36],[133.161,34.36]]],[[[133.1628,34.3618],[133.1632,34.3607],[133.1622,34.361],[133.1628,34.3618]]],[[[133.1713,34.3724],[133.1711,34.3724],[133.1711,34.3728],[133.1713,34.3724]]],[[[133.1606,34.3911],[133.1683,34.3896],[133.1682,34.3878],[133.167,34.3874],[133.1722,34.3807],[133.1732,34.3764],[133.1726,34.3741],[133.1711,34.3729],[133.1693,34.3742],[133.1662,34.374],[133.1649,34.376],[133.1587,34.3736],[133.156,34.3743],[133.1555,34.3802],[133.1516,34.3818],[133.1533,34.386],[133.1592,34.3873],[133.1605,34.3881],[133.1606,34.3911]]],[[[133.2127,34.4091],[133.2216,34.4065],[133.2245,34.4074],[133.231,34.407],[133.2372,34.4055],[133.2371,34.4032],[133.236,34.4044],[133.235,34.4027],[133.236,34.4033],[133.236,34.4017],[133.2373,34.4016],[133.2371,34.4],[133.2395,34.3982],[133.2371,34.3968],[133.2369,34.3914],[133.2353,34.3898],[133.2348,34.3927],[133.2311,34.3928],[133.2304,34.3942],[133.2308,34.3919],[133.2317,34.3916],[133.2286,34.3862],[133.2187,34.3803],[133.2177,34.3736],[133.2187,34.3745],[133.216,34.3653],[133.2175,34.3637],[133.2125,34.3631],[133.2128,34.3608],[133.214,34.3605],[133.2121,34.3562],[133.2103,34.3572],[133.2109,34.358],[133.2096,34.3594],[133.2095,34.3601],[133.2105,34.3596],[133.2104,34.3605],[133.2079,34.3616],[133.2019,34.3603],[133.2002,34.3588],[133.1941,34.3597],[133.1894,34.3571],[133.1877,34.3592],[133.1839,34.3585],[133.1819,34.3639],[133.1743,34.3665],[133.1754,34.3709],[133.1766,34.3712],[133.1758,34.3728],[133.1745,34.3732],[133.1743,34.3733],[133.1742,34.3736],[133.175,34.3733],[133.1739,34.3753],[133.1741,34.3808],[133.1729,34.384],[133.1702,34.387],[133.1721,34.3928],[133.1733,34.3912],[133.1727,34.393],[133.1757,34.3933],[133.1777,34.3958],[133.1841,34.3958],[133.1842,34.3942],[133.1846,34.3959],[133.1908,34.3971],[133.195,34.4004],[133.1948,34.4017],[133.1983,34.4038],[133.2051,34.4048],[133.2127,34.4091]]],[[[133.1648,34.3953],[133.1645,34.3952],[133.1642,34.3956],[133.1648,34.3953]]],[[[133.2083,34.4097],[133.2077,34.4098],[133.2084,34.4097],[133.2083,34.4097]]],[[[133.209,34.4099],[133.2086,34.4098],[133.2086,34.4098],[133.209,34.4099]]],[[[133.2092,34.41],[133.2097,34.4101],[133.2097,34.4101],[133.2092,34.41]]],[[[133.2099,34.4102],[133.2104,34.4103],[133.2104,34.4103],[133.2099,34.4102]]],[[[133.2112,34.4104],[133.2107,34.4104],[133.2112,34.4105],[133.2112,34.4104]]],[[[133.2114,34.4104],[133.2126,34.4106],[133.2126,34.4106],[133.2114,34.4104]]],[[[133.2422,34.3608],[133.242,34.361],[133.2423,34.3609],[133.2422,34.3608]]],[[[133.2193,34.369],[133.2205,34.3681],[133.2199,34.3678],[133.2193,34.369]]],[[[133.2289,34.372],[133.2287,34.3718],[133.2287,34.372],[133.2289,34.372]]],[[[133.2278,34.372],[133.2276,34.3722],[133.2278,34.3722],[133.2278,34.372]]],[[[133.2235,34.3724],[133.2237,34.3721],[133.2236,34.3721],[133.2235,34.3724]]],[[[133.2608,34.3844],[133.2633,34.382],[133.2638,34.3829],[133.2659,34.3824],[133.266,34.3812],[133.2681,34.3817],[133.2716,34.3792],[133.2707,34.3779],[133.2725,34.3801],[133.2734,34.3784],[133.2734,34.3795],[133.2761,34.3788],[133.277,34.3812],[133.2794,34.3803],[133.2783,34.3727],[133.277,34.3701],[133.2733,34.3679],[133.2715,34.3652],[133.2716,34.3647],[133.272,34.3648],[133.2722,34.3647],[133.2729,34.3639],[133.2713,34.3646],[133.2721,34.362],[133.2701,34.3607],[133.2642,34.3653],[133.259,34.3659],[133.2591,34.3684],[133.261,34.3705],[133.2577,34.3752],[133.2573,34.3794],[133.2608,34.3844]]],[[[133.2218,34.3745],[133.2233,34.3742],[133.2233,34.3722],[133.2218,34.3745]]],[[[133.242,34.3795],[133.243,34.3766],[133.2465,34.375],[133.2442,34.3709],[133.2396,34.3723],[133.2381,34.3745],[133.2408,34.3796],[133.242,34.3795]]],[[[133.2819,34.3912],[133.2845,34.3911],[133.2846,34.391],[133.2825,34.3902],[133.2819,34.3912]]],[[[133.2769,34.3938],[133.2765,34.3937],[133.2766,34.3939],[133.2769,34.3938]]],[[[133.2467,34.3997],[133.248,34.3996],[133.2467,34.3997],[133.2467,34.3997]]],[[[133.2437,34.4002],[133.2437,34.4003],[133.2437,34.4003],[133.2437,34.4002]]],[[[133.2805,34.4128],[133.286,34.4126],[133.287,34.4112],[133.2892,34.4119],[133.2925,34.4089],[133.2916,34.4073],[133.2942,34.4031],[133.297,34.4015],[133.2958,34.4005],[133.2966,34.3985],[133.2941,34.3949],[133.2879,34.3912],[133.2853,34.388],[133.2856,34.3898],[133.2841,34.3927],[133.2803,34.3963],[133.283,34.3965],[133.2817,34.3971],[133.2824,34.3987],[133.2814,34.3996],[133.2815,34.4017],[133.2774,34.3997],[133.2782,34.3982],[133.2751,34.3933],[133.2709,34.3918],[133.2691,34.3928],[133.2659,34.3923],[133.2627,34.3945],[133.2621,34.3934],[133.2627,34.3945],[133.2614,34.3948],[133.2599,34.3935],[133.26,34.3933],[133.261,34.3935],[133.2614,34.3934],[133.2596,34.393],[133.2567,34.3895],[133.2523,34.3882],[133.2468,34.3894],[133.2442,34.3912],[133.2454,34.3946],[133.245,34.3973],[133.2434,34.399],[133.2438,34.4003],[133.2455,34.3983],[133.2458,34.3991],[133.2465,34.3991],[133.2458,34.3982],[133.2482,34.3981],[133.2501,34.3992],[133.2505,34.4009],[133.2533,34.4015],[133.2555,34.4004],[133.2579,34.3965],[133.2595,34.3976],[133.259,34.4018],[133.2601,34.4038],[133.2638,34.4052],[133.2648,34.4033],[133.2659,34.4034],[133.2721,34.4067],[133.273,34.4135],[133.2762,34.4125],[133.278,34.4152],[133.2805,34.4128]]],[[[133.2504,34.4018],[133.2501,34.4014],[133.2503,34.402],[133.2504,34.4018]]],[[[133.2376,34.4035],[133.2378,34.4015],[133.2375,34.4035],[133.2376,34.4035]]],[[[133.2688,34.4054],[133.2687,34.4055],[133.2688,34.4055],[133.2688,34.4054]]],[[[133.2709,34.4072],[133.2713,34.4077],[133.2713,34.4077],[133.2709,34.4072]]],[[[133.2128,34.4106],[133.2132,34.4107],[133.2132,34.4107],[133.2128,34.4106]]],[[[133.2135,34.4111],[133.2134,34.4108],[133.2134,34.4111],[133.2135,34.4111]]]]}},{"type":"Feature","properties":{"code":"34207","name":"福山市","pref_code":"34","pref":"広島県"},"geometry":{"type":"MultiPolygon","coordinates":[[[[133.2561,34.3313],[133.2576,34.3323],[133.2573,34.3316],[133.256,34.3297],[133.2561,34.3313]]],[[[133.2648,34.3326],[133.265,34.3325],[133.2649,34.3324],[133.2648,34.3326]]],[[[133.2652,34.3327],[133.2654,34.3325],[133.2653,34.3325],[133.2652,34.3327]]],[[[133.2656,34.3327],[133.2657,34.3326],[133.2656,34.3326],[133.2656,34.3327]]],[[[133.298,34.3436],[133.298,34.3436],[133.298,34.3437],[133.298,34.3436]]],[[[133.2858,34.3384],[133.2784,34.3349],[133.2725,34.3355],[133.269,34.3335],[133.2657,34.3339],[133.2623,34.3324],[133.2622,34.334],[133.2632,34.3338],[133.2669,34.338],[133.2655,34.3435],[133.262,34.3444],[133.2637,34.3476],[133.2669,34.35],[133.2698,34.35],[133.2723,34.3527],[133.2828,34.3578],[133.2848,34.3567],[133.2863,34.3567],[133.2857,34.358],[133.2877,34.3576],[133.2883,34.3562],[133.2869,34.3552],[133.2865,34.3528],[133.2871,34.3543],[133.2882,34.3546],[133.2877,34.3501],[133.2894,34.3504],[133.2903,34.3503],[133.2883,34.3501],[133.2862,34.348],[133.2861,34.3465],[133.2872,34.3467],[133.2861,34.3465],[133.2856,34.3443],[133.2858,34.3384]]],[[[133.3106,34.3467],[133.3108,34.3466],[133.3107,34.3466],[133.3106,34.3467]]],[[[133.2879,34.3468],[133.2879,34.3468],[133.2873,34.3468],[133.2879,34.3468]]],[[[133.2903,34.3497],[133.2914,34.3499],[133.2903,34.3497],[133.2903,34.3497]]],[[[133.3216,34.3526],[133.3216,34.3528],[133.3216,34.3526],[133.3216,34.3526]]],[[[133.3254,34.3542],[133.3255,34.3542],[133.3255,34.3541],[133.3254,34.3542]]],[[[133.3324,34.3546],[133.3326,34.3546],[133.3326,34.3546],[133.3324,34.3546]]],[[[133.333,34.3549],[133.333,34.3549],[133.3331,34.3549],[133.333,34.3549]]],[[[133.3332,34.355],[133.3332,34.3549],[133.3332,34.3549],[133.3332,34.355]]],[[[133.3345,34.355],[133.3345,34.355],[133.3345,34.355],[133.3345,34.355]]],[[[133.3343,34.355],[133.3344,34.355],[133.3343,34.355],[133.3343,34.355]]],[[[133.3348,34.355],[133.3347,34.355],[133.3348,34.355],[133.3348,34.355]]],[[[133.335,34.355],[133.3349,34.355],[133.335,34.355],[133.335,34.355]]],[[[133.335,34.3551],[133.3351,34.3552],[133.3351,34.3551],[133.335,34.3551]]],[[[133.3378,34.3564],[133.3379,34.3564],[133.3379,34.3564],[133.3378,34.3564]]],[[[133.3379,34.3564],[133.3379,34.3565],[133.3379,34.3564],[133.3379,34.3564]]],[[[133.3398,34.364],[133.3407,34.3629],[133.3387,34.3625],[133.3373,34.3588],[133.3378,34.3569],[133.3382,34.3571],[133.3382,34.3581],[133.3385,34.3589],[133.3388,34.3591],[133.3382,34.3581],[133.3383,34.3572],[133.338,34.3565],[133.3379,34.3565],[133.3374,34.3563],[133.3372,34.3564],[133.3364,34.3561],[133.3362,34.3557],[133.3353,34.3556],[133.3349,34.3551],[133.3345,34.3551],[133.3343,34.355],[133.3343,34.3549],[133.3296,34.3555],[133.3212,34.3537],[133.32,34.3528],[133.3212,34.3527],[133.3153,34.3488],[133.312,34.3481],[133.3024,34.3424],[133.2961,34.3447],[133.2942,34.3496],[133.2914,34.3504],[133.2931,34.3505],[133.2924,34.3533],[133.2888,34.3563],[133.291,34.3569],[133.2915,34.3588],[133.2908,34.3584],[133.2938,34.3624],[133.3046,34.3698],[133.3045,34.3688],[133.3075,34.3693],[133.31,34.371],[133.3189,34.3727],[133.3199,34.3675],[133.3233,34.3653],[133.3252,34.366],[133.3237,34.3614],[133.3252,34.3599],[133.3287,34.3642],[133.3317,34.3659],[133.3326,34.3678],[133.332,34.3704],[133.3332,34.3709],[133.3334,34.3686],[133.3363,34.3683],[133.341,34.3694],[133.3422,34.371],[133.3398,34.364]]],[[[133.2843,34.3578],[133.285,34.3579],[133.285,34.3578],[133.2843,34.3578]]],[[[133.3402,34.3594],[133.3389,34.3584],[133.3389,34.3585],[133.3402,34.3594]]],[[[133.3397,34.3597],[133.3412,34.3628],[133.3397,34.3597],[133.3392,34.3593],[133.3397,34.3597]]],[[[133.3606,34.3681],[133.3606,34.3681],[133.3606,34.3681],[133.3606,34.3681]]],[[[133.3606,34.3681],[133.3606,34.3681],[133.3607,34.3681],[133.3606,34.3681]]],[[[133.3374,34.3715],[133.3386,34.3711],[133.3375,34.3697],[133.3359,34.3707],[133.3374,34.3715]]],[[[133.3333,34.371],[133.3332,34.3709],[133.3336,34.3712],[133.3333,34.371]]],[[[133.334,34.3715],[133.3341,34.3715],[133.3337,34.3713],[133.334,34.3715]]],[[[133.3434,34.3773],[133.3434,34.3769],[133.3434,34.3773],[133.3434,34.3773]]],[[[133.2887,34.3843],[133.2885,34.3843],[133.288,34.386],[133.2887,34.3843]]],[[[133.2543,34.4166],[133.2536,34.4182],[133.2543,34.4167],[133.2564,34.4173],[133.2543,34.4166]]],[[[133.2556,34.419],[133.2558,34.4185],[133.2558,34.4185],[133.2556,34.419]]],[[[133.2713,34.4229],[133.2712,34.4226],[133.2712,34.4227],[133.2713,34.4229]]],[[[133.2598,34.4184],[133.2574,34.4177],[133.2598,34.4185],[133.264,34.4303],[133.2598,34.4184]]],[[[133.2577,34.4283],[133.2641,34.4304],[133.264,34.4303],[133.2577,34.4283]]],[[[133.3846,34.6798],[133.3858,34.6773],[133.3909,34.6752],[133.3926,34.6758],[133.3946,34.6737],[133.3968,34.6755],[133.4014,34.6741],[133.4034,34.6719],[133.4002,34.6599],[133.3964,34.6559],[133.3965,34.6521],[133.3949,34.6497],[133.392,34.6497],[133.3907,34.6438],[133.3885,34.6434],[133.3878,34.641],[133.3891,34.6397],[133.3875,34.6388],[133.3872,34.6364],[133.3919,34.6311],[133.3888,34.6294],[133.3884,34.6271],[133.3847,34.6251],[133.3836,34.6198],[133.3848,34.6168],[133.3906,34.612],[133.3928,34.6117],[133.3923,34.6081],[133.3944,34.6074],[133.3959,34.6054],[133.3982,34.5976],[133.397,34.5949],[133.4001,34.594],[133.4058,34.5893],[133.4128,34.5892],[133.4132,34.5867],[133.4222,34.5866],[133.4232,34.5855],[133.4221,34.5831],[133.4229,34.5793],[133.4277,34.5714],[133.4267,34.5691],[133.4312,34.5663],[133.4352,34.5657],[133.4403,34.5593],[133.4436,34.5586],[133.4437,34.5569],[133.4462,34.5563],[133.4465,34.5531],[133.4452,34.5521],[133.4464,34.5512],[133.4454,34.5499],[133.4475,34.549],[133.4477,34.5465],[133.4492,34.545],[133.4487,34.5397],[133.4514,34.5384],[133.4544,34.5315],[133.4501,34.5265],[133.4487,34.5214],[133.4472,34.5205],[133.4485,34.5172],[133.448,34.5157],[133.45,34.5123],[133.4465,34.5118],[133.4452,34.5097],[133.4449,34.5059],[133.4534,34.5067],[133.4564,34.4999],[133.4554,34.4949],[133.4515,34.492],[133.4513,34.4903],[133.4486,34.4883],[133.449,34.4859],[133.4461,34.4838],[133.4469,34.4803],[133.4453,34.4813],[133.4445,34.4845],[133.4453,34.4859],[133.4438,34.4861],[133.4428,34.4826],[133.4428,34.4795],[133.4454,34.4772],[133.4459,34.472],[133.4455,34.4498],[133.4449,34.4462],[133.4429,34.4452],[133.4145,34.4593],[133.415,34.4785],[133.4095,34.48],[133.4085,34.4785],[133.4114,34.4705],[133.4068,34.4617],[133.4065,34.4604],[133.4079,34.4596],[133.4082,34.4622],[133.4087,34.4636],[133.4081,34.4595],[133.4074,34.4587],[133.4082,34.4573],[133.4213,34.4496],[133.4349,34.4433],[133.433,34.4398],[133.4405,34.4363],[133.4314,34.4241],[133.4121,34.4378],[133.4085,34.4375],[133.4046,34.4354],[133.4048,34.4338],[133.4077,34.4316],[133.4076,34.4284],[133.3964,34.427],[133.393,34.425],[133.3913,34.4219],[133.3867,34.4208],[133.3865,34.4226],[133.3857,34.4215],[133.3854,34.4205],[133.3868,34.4204],[133.3863,34.4196],[133.3876,34.4207],[133.3869,34.4188],[133.3849,34.4183],[133.3843,34.4127],[133.3821,34.4078],[133.3832,34.407],[133.3813,34.3952],[133.3801,34.3952],[133.381,34.3904],[133.3821,34.3909],[133.3831,34.3897],[133.3821,34.3908],[133.3812,34.3903],[133.3841,34.388],[133.3834,34.387],[133.3846,34.3844],[133.3836,34.3812],[133.3814,34.3803],[133.3825,34.3811],[133.3818,34.383],[133.378,34.382],[133.3774,34.3804],[133.3796,34.3791],[133.3781,34.3769],[133.3752,34.3769],[133.3752,34.3762],[133.3782,34.3766],[133.3824,34.3756],[133.3781,34.3765],[133.3775,34.3759],[133.377,34.3761],[133.375,34.3761],[133.3745,34.3763],[133.3751,34.3761],[133.3751,34.3759],[133.371,34.3743],[133.3669,34.3687],[133.3668,34.369],[133.3637,34.3697],[133.3608,34.3685],[133.3579,34.3694],[133.3523,34.3661],[133.3467,34.3655],[133.3459,34.3666],[133.3479,34.3696],[133.3482,34.3728],[133.3463,34.3768],[133.3452,34.3765],[133.3439,34.3771],[133.3458,34.3768],[133.3436,34.3786],[133.3408,34.3783],[133.3349,34.381],[133.3326,34.3784],[133.3311,34.3802],[133.3301,34.3799],[133.331,34.3794],[133.3242,34.3795],[133.3247,34.3771],[133.3228,34.3765],[133.3188,34.3805],[133.3147,34.381],[133.3109,34.3839],[133.31,34.3842],[133.3087,34.3822],[133.31,34.3842],[133.3091,34.3851],[133.308,34.3836],[133.3091,34.3851],[133.308,34.3859],[133.3069,34.3843],[133.3079,34.3867],[133.3058,34.3876],[133.305,34.3867],[133.3064,34.3857],[133.305,34.3867],[133.3047,34.3874],[133.3047,34.386],[133.3026,34.3868],[133.3026,34.386],[133.3,34.3855],[133.301,34.383],[133.2982,34.3835],[133.2968,34.385],[133.2971,34.3862],[133.2951,34.384],[133.2972,34.383],[133.2957,34.383],[133.2949,34.3842],[133.2954,34.3844],[133.2953,34.3846],[133.2932,34.3833],[133.2936,34.3828],[133.2859,34.3877],[133.2861,34.3871],[133.2857,34.3857],[133.2853,34.388],[133.2879,34.3912],[133.2921,34.393],[133.2954,34.3967],[133.2966,34.3986],[133.2958,34.4005],[133.2967,34.4023],[133.2942,34.4031],[133.2916,34.4073],[133.2925,34.4089],[133.2892,34.4119],[133.287,34.4112],[133.286,34.4126],[133.2808,34.4126],[133.278,34.4152],[133.2762,34.4125],[133.273,34.4135],[133.2736,34.416],[133.2728,34.4167],[133.2729,34.417],[133.2737,34.4166],[133.2738,34.4169],[133.2727,34.4172],[133.2739,34.4173],[133.2739,34.4189],[133.2694,34.4259],[133.2705,34.426],[133.2717,34.4292],[133.2704,34.4327],[133.2696,34.4331],[133.2688,34.4318],[133.2681,34.4319],[133.2693,34.4329],[133.2668,34.4338],[133.2673,34.432],[133.2658,34.435],[133.2646,34.4344],[133.256,34.4369],[133.2553,34.4396],[133.2572,34.4421],[133.2512,34.4415],[133.2537,34.4312],[133.2555,34.4276],[133.2565,34.4279],[133.2553,34.4275],[133.254,34.4235],[133.2514,34.4227],[133.2481,34.4288],[133.2472,34.4363],[133.2421,34.4359],[133.2455,34.4241],[133.2446,34.4234],[133.2398,34.4359],[133.239,34.4408],[133.2372,34.4409],[133.2352,34.4437],[133.2322,34.4446],[133.2288,34.4434],[133.226,34.4481],[133.229,34.4486],[133.2258,34.4517],[133.2271,34.4526],[133.2291,34.4519],[133.2317,34.4477],[133.2372,34.4471],[133.2397,34.4502],[133.2401,34.455],[133.2369,34.4563],[133.2353,34.4595],[133.2327,34.4582],[133.2319,34.4557],[133.2293,34.4554],[133.2268,34.4588],[133.2229,34.4593],[133.2199,34.4627],[133.2201,34.464],[133.2164,34.4632],[133.2106,34.4712],[133.2176,34.4757],[133.2218,34.4738],[133.2259,34.4746],[133.2282,34.4767],[133.2285,34.4801],[133.2276,34.4832],[133.2261,34.4843],[133.2299,34.4849],[133.2313,34.4899],[133.2361,34.4919],[133.234,34.4943],[133.2327,34.4993],[133.2355,34.5002],[133.2381,34.5027],[133.2402,34.502],[133.2378,34.5059],[133.2392,34.5076],[133.2395,34.5108],[133.235,34.5142],[133.228,34.5144],[133.2223,34.5098],[133.2188,34.5086],[133.2144,34.5087],[133.2142,34.5113],[133.212,34.5136],[133.2115,34.5187],[133.2188,34.5238],[133.2215,34.5298],[133.2213,34.5317],[133.224,34.5306],[133.2272,34.5272],[133.2348,34.529],[133.2362,34.5311],[133.2356,34.5327],[133.2395,34.5346],[133.2398,34.5363],[133.2421,34.5356],[133.2464,34.5384],[133.2467,34.5404],[133.2509,34.5458],[133.2523,34.545],[133.2577,34.5478],[133.2632,34.5481],[133.264,34.551],[133.268,34.5521],[133.2699,34.5557],[133.2683,34.5599],[133.2653,34.5616],[133.265,34.5639],[133.2626,34.5671],[133.2666,34.5699],[133.2661,34.5763],[133.264,34.577],[133.2606,34.5804],[133.2578,34.581],[133.2559,34.5843],[133.2568,34.5872],[133.2508,34.5893],[133.2501,34.5916],[133.2472,34.5947],[133.2388,34.5996],[133.2372,34.6018],[133.2382,34.605],[133.2364,34.6062],[133.2365,34.608],[133.2346,34.6088],[133.2345,34.6118],[133.2323,34.6142],[133.2356,34.618],[133.2363,34.6233],[133.2342,34.6274],[133.2299,34.6311],[133.2295,34.6327],[133.2358,34.6365],[133.2359,34.6415],[133.2411,34.6413],[133.2411,34.6431],[133.2432,34.643],[133.2447,34.6463],[133.2466,34.6472],[133.253,34.6469],[133.2547,34.6521],[133.2597,34.6489],[133.2622,34.651],[133.2613,34.6518],[133.2597,34.651],[133.2629,34.6555],[133.2621,34.6568],[133.2644,34.658],[133.2647,34.6631],[133.2698,34.666],[133.2725,34.6652],[133.2754,34.6662],[133.2806,34.6643],[133.2841,34.6592],[133.2856,34.6635],[133.285,34.6676],[133.2868,34.6691],[133.2893,34.6673],[133.2887,34.6655],[133.2909,34.6627],[133.2907,34.6602],[133.2918,34.6598],[133.2912,34.6536],[133.2897,34.6501],[133.2903,34.6456],[133.2966,34.644],[133.299,34.6467],[133.3011,34.6458],[133.3043,34.6483],[133.3047,34.6439],[133.3091,34.6379],[133.3117,34.6381],[133.3119,34.6371],[133.314,34.6366],[133.3185,34.6401],[133.3168,34.6432],[133.318,34.6496],[133.3194,34.6502],[133.3195,34.6525],[133.3221,34.6546],[133.3223,34.6561],[133.3244,34.6566],[133.329,34.6605],[133.3339,34.6618],[133.3361,34.6651],[133.3379,34.6659],[133.3399,34.6709],[133.3396,34.6729],[133.3363,34.6767],[133.3384,34.6796],[133.3404,34.68],[133.3458,34.6783],[133.3476,34.6799],[133.3461,34.6808],[133.3464,34.6818],[133.3524,34.684],[133.3527,34.6865],[133.3554,34.6871],[133.3567,34.6897],[133.3637,34.6887],[133.3657,34.6905],[133.3684,34.6906],[133.3669,34.6941],[133.3651,34.6941],[133.3658,34.6961],[133.3687,34.6951],[133.3667,34.7003],[133.3599,34.7095],[133.3561,34.7114],[133.3613,34.7121],[133.3653,34.7099],[133.3706,34.7118],[133.3698,34.7096],[133.3733,34.7077],[133.3734,34.706],[133.3721,34.705],[133.3745,34.7012],[133.3737,34.6995],[133.3744,34.6949],[133.3786,34.6923],[133.3809,34.6921],[133.3867,34.6849],[133.3829,34.6811],[133.383,34.68],[133.3846,34.6798]]],[[[133.3608,34.3682],[133.3607,34.3682],[133.3607,34.3683],[133.3608,34.3682]]],[[[133.3671,34.3688],[133.3672,34.3689],[133.3671,34.3688],[133.3671,34.3688]]],[[[133.3661,34.3689],[133.3661,34.3689],[133.3661,34.3689],[133.3661,34.3689]]],[[[133.3657,34.3689],[133.3657,34.3689],[133.3657,34.3689],[133.3657,34.3689]]],[[[133.3667,34.3689],[133.3667,34.369],[133.3667,34.369],[133.3667,34.3689]]],[[[133.375,34.3697],[133.3746,34.3686],[133.3741,34.369],[133.375,34.3697]]],[[[133.3678,34.3696],[133.3678,34.3696],[133.3679,34.3696],[133.3678,34.3696]]],[[[133.3678,34.3697],[133.3679,34.3697],[133.3679,34.3697],[133.3678,34.3697]]],[[[133.3681,34.3698],[133.3681,34.3698],[133.3681,34.3697],[133.3681,34.3698]]],[[[133.3692,34.3717],[133.3693,34.3717],[133.3693,34.3717],[133.3692,34.3717]]],[[[133.3733,34.3748],[133.3734,34.3748],[133.3733,34.3748],[133.3733,34.3748]]],[[[133.3815,34.3751],[133.3815,34.375],[133.3815,34.3751],[133.3815,34.3751]]],[[[133.3816,34.3752],[133.3816,34.3751],[133.3815,34.3751],[133.3816,34.3752]]],[[[133.3814,34.3753],[133.3817,34.3753],[133.3816,34.3752],[133.3814,34.3753]]],[[[133.3805,34.3753],[133.3806,34.3753],[133.3805,34.3753],[133.3805,34.3753]]],[[[133.3797,34.3753],[133.3798,34.3753],[133.3798,34.3753],[133.3797,34.3753]]],[[[133.3796,34.3753],[133.3796,34.3754],[133.3796,34.3753],[133.3796,34.3753]]],[[[133.3806,34.3754],[133.3805,34.3754],[133.3805,34.3754],[133.3806,34.3754]]],[[[133.3799,34.3755],[133.3797,34.3754],[133.3799,34.3755],[133.3799,34.3755]]],[[[133.38,34.3755],[133.38,34.3755],[133.38,34.3755],[133.38,34.3755]]],[[[133.3781,34.3763],[133.3781,34.3764],[133.3781,34.3763],[133.3781,34.3763]]],[[[133.3812,34.3783],[133.3799,34.3785],[133.3811,34.3784],[133.3827,34.379],[133.3812,34.3783]]],[[[133.3906,34.3797],[133.3907,34.3795],[133.3906,34.3796],[133.3906,34.3797]]],[[[133.3906,34.3798],[133.3906,34.3798],[133.3906,34.3797],[133.3906,34.3798]]],[[[133.3888,34.3808],[133.3907,34.3815],[133.3906,34.3802],[133.3902,34.3795],[133.3888,34.3808]]],[[[133.3863,34.3823],[133.3861,34.3834],[133.3865,34.3828],[133.3863,34.3823]]],[[[133.3864,34.3835],[133.3865,34.3835],[133.3865,34.3834],[133.3864,34.3835]]],[[[133.3861,34.3836],[133.3861,34.3836],[133.3861,34.3836],[133.3861,34.3836]]],[[[133.3852,34.3856],[133.3854,34.3849],[133.3853,34.3849],[133.3852,34.3856]]],[[[133.3851,34.3862],[133.3853,34.3856],[133.3852,34.3856],[133.3851,34.3862]]],[[[133.3851,34.3863],[133.385,34.3868],[133.3852,34.3863],[133.3851,34.3863]]],[[[133.3849,34.3874],[133.385,34.3874],[133.385,34.3869],[133.3849,34.3874]]],[[[133.385,34.3883],[133.385,34.3883],[133.385,34.3883],[133.385,34.3883]]],[[[133.3848,34.3883],[133.3848,34.3884],[133.3849,34.3884],[133.3848,34.3883]]],[[[133.3847,34.3884],[133.3847,34.3883],[133.3847,34.3884],[133.3847,34.3884]]],[[[133.3843,34.3884],[133.3844,34.3884],[133.3845,34.3883],[133.3843,34.3884]]],[[[133.3845,34.3884],[133.3845,34.3884],[133.3845,34.3885],[133.3845,34.3884]]],[[[133.3833,34.4057],[133.3848,34.4082],[133.3849,34.4081],[133.3833,34.4057]]],[[[133.4427,34.3369],[133.4428,34.337],[133.4428,34.3369],[133.4427,34.3369]]],[[[133.441,34.3376],[133.441,34.3376],[133.4411,34.3376],[133.441,34.3376]]],[[[133.4387,34.3378],[133.4386,34.3374],[133.4387,34.3378],[133.4387,34.3378]]],[[[133.4402,34.3379],[133.4402,34.3379],[133.4402,34.3379],[133.4402,34.3379]]],[[[133.4345,34.3384],[133.4345,34.3384],[133.4346,34.3384],[133.4345,34.3384]]],[[[133.433,34.3385],[133.433,34.3385],[133.433,34.3385],[133.433,34.3385]]],[[[133.4315,34.3392],[133.4314,34.3392],[133.4315,34.3392],[133.4315,34.3392]]],[[[133.4288,34.343],[133.4287,34.3429],[133.4287,34.343],[133.4288,34.343]]],[[[133.4286,34.3429],[133.4287,34.343],[133.4287,34.3429],[133.4286,34.3429]]],[[[133.4487,34.3397],[133.4483,34.3386],[133.4484,34.3377],[133.4472,34.3375],[133.4459,34.3356],[133.4446,34.3368],[133.4384,34.3388],[133.436,34.3383],[133.436,34.3381],[133.4371,34.338],[133.4382,34.3376],[133.4348,34.3379],[133.435,34.3382],[133.4342,34.3386],[133.4322,34.3393],[133.4304,34.3392],[133.4301,34.3413],[133.4276,34.3445],[133.4306,34.3479],[133.4276,34.348],[133.4274,34.3502],[133.4301,34.3501],[133.4274,34.3501],[133.4275,34.3491],[133.4325,34.3498],[133.4307,34.3487],[133.4329,34.3487],[133.4325,34.3477],[133.433,34.3477],[133.4345,34.3488],[133.4346,34.3502],[133.4333,34.3496],[133.4346,34.3503],[133.4346,34.3513],[133.4411,34.3498],[133.4421,34.3473],[133.4443,34.3461],[133.4457,34.3434],[133.4476,34.3419],[133.45,34.3411],[133.4515,34.3417],[133.4505,34.3418],[133.4497,34.3421],[133.4488,34.3426],[133.453,34.342],[133.4546,34.3377],[133.4519,34.3396],[133.4492,34.3398],[133.4487,34.3397]]],[[[133.4276,34.3446],[133.4276,34.3447],[133.4277,34.3447],[133.4276,34.3446]]],[[[133.4443,34.3461],[133.4444,34.3463],[133.4445,34.3462],[133.4443,34.3461]]],[[[133.4336,34.35],[133.433,34.3501],[133.4321,34.3504],[133.4336,34.35]]],[[[133.4273,34.3524],[133.427,34.3518],[133.4269,34.352],[133.4273,34.3524]]],[[[133.426,34.3526],[133.4272,34.3526],[133.4271,34.3522],[133.426,34.3526]]],[[[133.4261,34.3657],[133.4265,34.366],[133.4262,34.3654],[133.4261,34.3657]]],[[[133.3986,34.3772],[133.3986,34.3772],[133.3986,34.3771],[133.3986,34.3772]]],[[[133.3987,34.3774],[133.3986,34.3772],[133.3986,34.3774],[133.3987,34.3774]]],[[[133.3987,34.3775],[133.3987,34.3775],[133.3987,34.3775],[133.3987,34.3775]]],[[[133.3982,34.3776],[133.3982,34.3776],[133.3982,34.3776],[133.3982,34.3776]]],[[[133.3977,34.3779],[133.3978,34.3779],[133.3978,34.3778],[133.3977,34.3779]]],[[[133.4059,34.3785],[133.4059,34.3784],[133.4059,34.3784],[133.4059,34.3785]]],[[[133.406,34.3786],[133.406,34.3785],[133.406,34.3786],[133.406,34.3786]]],[[[133.4056,34.3795],[133.4059,34.3786],[133.4054,34.3784],[133.4056,34.3795]]],[[[133.3955,34.3791],[133.3955,34.3791],[133.3955,34.379],[133.3955,34.3791]]],[[[133.4062,34.3791],[133.4062,34.3791],[133.4062,34.3791],[133.4062,34.3791]]],[[[133.3948,34.3794],[133.3957,34.3793],[133.395,34.3788],[133.3948,34.3794]]],[[[133.4064,34.3796],[133.4064,34.3795],[133.4063,34.3796],[133.4064,34.3796]]],[[[133.4066,34.3798],[133.4066,34.3796],[133.4063,34.3796],[133.4066,34.3798]]],[[[133.4067,34.3798],[133.4067,34.3798],[133.4067,34.3798],[133.4067,34.3798]]],[[[133.3948,34.3803],[133.3947,34.3803],[133.3947,34.3803],[133.3948,34.3803]]],[[[133.4023,34.3807],[133.4023,34.3807],[133.4022,34.3807],[133.4023,34.3807]]],[[[133.3905,34.3846],[133.3917,34.3885],[133.3925,34.3877],[133.3992,34.3884],[133.3983,34.3874],[133.3991,34.3851],[133.4008,34.384],[133.4029,34.3843],[133.4032,34.3852],[133.404,34.3829],[133.4009,34.3802],[133.401,34.378],[133.398,34.3778],[133.3975,34.38],[133.3946,34.3804],[133.3914,34.3833],[133.3876,34.3836],[133.3886,34.3851],[133.3905,34.3846]]],[[[133.3992,34.3863],[133.3992,34.3862],[133.3991,34.3862],[133.3992,34.3863]]],[[[133.3992,34.3864],[133.3992,34.3864],[133.3992,34.3864],[133.3992,34.3864]]],[[[133.399,34.3886],[133.399,34.3886],[133.399,34.3886],[133.399,34.3886]]],[[[133.3993,34.3886],[133.3993,34.3886],[133.3993,34.3886],[133.3993,34.3886]]],[[[133.3992,34.3887],[133.3992,34.3887],[133.3992,34.3887],[133.3992,34.3887]]],[[[133.4612,34.3096],[133.4612,34.3096],[133.4613,34.3096],[133.4612,34.3096]]],[[[133.461,34.3097],[133.461,34.3098],[133.4611,34.3098],[133.461,34.3097]]],[[[133.4611,34.3098],[133.4611,34.3098],[133.4611,34.3098],[133.4611,34.3098]]],[[[133.4616,34.3098],[133.4616,34.3098],[133.4616,34.3098],[133.4616,34.3098]]],[[[133.4609,34.3098],[133.4609,34.3098],[133.4609,34.3098],[133.4609,34.3098]]],[[[133.4611,34.3098],[133.4611,34.3098],[133.4611,34.3098],[133.4611,34.3098]]],[[[133.4687,34.3103],[133.4687,34.3103],[133.4687,34.3103],[133.4687,34.3103]]],[[[133.4683,34.3104],[133.4683,34.3104],[133.4683,34.3104],[133.4683,34.3104]]],[[[133.4608,34.3105],[133.4608,34.3105],[133.4608,34.3105],[133.4608,34.3105]]],[[[133.468,34.3113],[133.468,34.3113],[133.468,34.3113],[133.468,34.3113]]],[[[133.4678,34.3116],[133.4677,34.3116],[133.4678,34.3117],[133.4678,34.3116]]],[[[133.4599,34.3126],[133.4598,34.3126],[133.4599,34.3126],[133.4599,34.3126]]],[[[133.4598,34.3126],[133.4598,34.3126],[133.4598,34.3126],[133.4598,34.3126]]],[[[133.4594,34.313],[133.4594,34.313],[133.4594,34.313],[133.4594,34.313]]],[[[133.4664,34.3165],[133.467,34.3168],[133.4706,34.3149],[133.4693,34.3128],[133.47,34.3103],[133.4684,34.3104],[133.4677,34.3121],[133.4655,34.3128],[133.4634,34.3122],[133.4614,34.3096],[133.4606,34.312],[133.4576,34.3151],[133.459,34.3162],[133.4606,34.3147],[133.4626,34.3144],[133.4645,34.3165],[133.4664,34.3165]]],[[[133.458,34.3144],[133.458,34.3144],[133.458,34.3144],[133.458,34.3144]]],[[[133.4701,34.3155],[133.47,34.3155],[133.4701,34.3155],[133.4701,34.3155]]],[[[133.47,34.3157],[133.47,34.3157],[133.47,34.3157],[133.47,34.3157]]],[[[133.4593,34.3161],[133.4593,34.3161],[133.4593,34.3161],[133.4593,34.3161]]],[[[133.4589,34.3161],[133.4589,34.3162],[133.4589,34.3162],[133.4589,34.3161]]],[[[133.4589,34.3162],[133.4589,34.3162],[133.4589,34.3162],[133.4589,34.3162]]],[[[133.4661,34.3165],[133.4661,34.3166],[133.4661,34.3165],[133.4661,34.3165]]],[[[133.4675,34.3166],[133.4676,34.3166],[133.4675,34.3166],[133.4675,34.3166]]],[[[133.4658,34.3166],[133.4658,34.3166],[133.4658,34.3166],[133.4658,34.3166]]],[[[133.4455,34.3359],[133.4454,34.3359],[133.4454,34.3359],[133.4455,34.3359]]],[[[133.4466,34.3365],[133.4466,34.3365],[133.4466,34.3366],[133.4466,34.3365]]],[[[133.4481,34.3374],[133.4481,34.3374],[133.4482,34.3374],[133.4481,34.3374]]],[[[133.4484,34.3375],[133.4484,34.3376],[133.4484,34.3375],[133.4484,34.3375]]],[[[133.4536,34.338],[133.4536,34.338],[133.4536,34.338],[133.4536,34.338]]],[[[133.4535,34.338],[133.4535,34.338],[133.4535,34.338],[133.4535,34.338]]],[[[133.4546,34.3382],[133.4546,34.338],[133.4545,34.3381],[133.4546,34.3382]]],[[[133.4547,34.3382],[133.4547,34.3382],[133.4547,34.3381],[133.4547,34.3382]]],[[[133.4484,34.3387],[133.4484,34.3388],[133.4484,34.3387],[133.4484,34.3387]]],[[[133.4469,34.3426],[133.447,34.3426],[133.447,34.3426],[133.4469,34.3426]]],[[[133.4678,34.3546],[133.4666,34.354],[133.4649,34.3559],[133.4671,34.3573],[133.4665,34.3557],[133.4678,34.3546]]],[[[133.4665,34.3573],[133.4665,34.3574],[133.4665,34.3573],[133.4665,34.3573]]]]}},{"type":"Feature","properties":{"code":"34211","name":"大竹市","pref_code":"34","pref":"広島県"},"geometry":{"type":"MultiPolygon","coordinates":[[[[132.225,34.2346],[132.2246,34.2342],[132.2245,34.2342],[132.225,34.2346]]],[[[132.1651,34.3299],[132.1647,34.3267],[132.1667,34.3247],[132.1702,34.3238],[132.1692,34.3179],[132.1701,34.3165],[132.1675,34.3122],[132.1697,34.3107],[132.1715,34.3069],[132.1673,34.3041],[132.1668,34.2998],[132.1635,34.2956],[132.163,34.2936],[132.1647,34.2918],[132.1654,34.2885],[132.174,34.2848],[132.1811,34.2834],[132.1882,34.2796],[132.1935,34.2806],[132.1957,34.2832],[132.1952,34.2844],[132.1969,34.2883],[132.2004,34.2903],[132.2012,34.289],[132.2057,34.2883],[132.215,34.2922],[132.217,34.291],[132.2199,34.2866],[132.2188,34.2859],[132.2194,34.2842],[132.2208,34.2841],[132.2204,34.286],[132.2216,34.2863],[132.2215,34.2832],[132.2247,34.2825],[132.2327,34.2768],[132.2337,34.2726],[132.2329,34.2708],[132.2347,34.2687],[132.2347,34.2666],[132.2389,34.2614],[132.2342,34.2588],[132.236,34.2591],[132.2335,34.2561],[132.2331,34.2574],[132.2311,34.2559],[132.2301,34.2546],[132.2309,34.2543],[132.2317,34.2552],[132.2327,34.2558],[132.2336,34.2559],[132.2309,34.2542],[132.2318,34.2538],[132.2339,34.2555],[132.2344,34.2565],[132.2339,34.2555],[132.2319,34.2537],[132.2303,34.2532],[132.23,34.25],[132.2261,34.2461],[132.2289,34.2445],[132.2274,34.2354],[132.2243,34.2354],[132.225,34.2364],[132.2232,34.2365],[132.2237,34.2355],[132.2222,34.2349],[132.2226,34.2349],[132.2228,34.2347],[132.2231,34.234],[132.2211,34.2347],[132.2207,34.2328],[132.2369,34.2263],[132.2357,34.2267],[132.2361,34.2257],[132.2389,34.2271],[132.2475,34.215],[132.245,34.2138],[132.2456,34.2107],[132.2207,34.2082],[132.2147,34.2037],[132.2102,34.2026],[132.207,34.2033],[132.2022,34.2078],[132.1992,34.2069],[132.1974,34.2045],[132.1954,34.2044],[132.1933,34.207],[132.1988,34.2158],[132.1998,34.2194],[132.2023,34.2232],[132.2054,34.2255],[132.2049,34.2286],[132.2029,34.2286],[132.1997,34.2252],[132.1968,34.2273],[132.1989,34.2297],[132.1979,34.2306],[132.1931,34.2304],[132.1942,34.2273],[132.1935,34.2265],[132.1842,34.2276],[132.1829,34.2294],[132.1808,34.2299],[132.1768,34.2286],[132.1719,34.2251],[132.1673,34.2279],[132.168,34.229],[132.1709,34.2291],[132.1709,34.2336],[132.166,34.234],[132.1641,34.2326],[132.1598,34.2339],[132.1603,34.2299],[132.1569,34.2292],[132.1556,34.2306],[132.1554,34.233],[132.1509,34.2346],[132.1502,34.2372],[132.1443,34.2368],[132.1439,34.2405],[132.1461,34.2434],[132.1459,34.2477],[132.1474,34.2504],[132.1464,34.2568],[132.1446,34.2595],[132.1401,34.2606],[132.1354,34.2667],[132.136,34.2693],[132.1336,34.272],[132.1355,34.278],[132.1398,34.2822],[132.1401,34.2849],[132.1377,34.2884],[132.1297,34.2945],[132.1279,34.2916],[132.1255,34.291],[132.1252,34.2931],[132.1285,34.2961],[132.124,34.2968],[132.1295,34.304],[132.1254,34.3058],[132.1274,34.3129],[132.1294,34.3159],[132.132,34.3143],[132.1378,34.3174],[132.1395,34.3162],[132.1415,34.3117],[132.144,34.3108],[132.1447,34.3142],[132.1487,34.3188],[132.148,34.3216],[132.1495,34.3242],[132.1486,34.3305],[132.1611,34.3297],[132.1636,34.3314],[132.1651,34.3299]]],[[[132.1877,34.2931],[132.1869,34.2946],[132.1877,34.2943],[132.1877,34.2931]]],[[[132.1815,34.3021],[132.1787,34.3016],[132.1737,34.2962],[132.1693,34.2961],[132.1685,34.293],[132.1659,34.2905],[132.1648,34.2944],[132.1665,34.2979],[132.1728,34.2982],[132.1795,34.3028],[132.1815,34.3021]]],[[[132.2195,34.3068],[132.2205,34.3003],[132.2216,34.2993],[132.2229,34.2995],[132.2226,34.3014],[132.2237,34.2999],[132.2263,34.3023],[132.2277,34.3001],[132.2306,34.3001],[132.2252,34.2985],[132.2274,34.2965],[132.2275,34.2946],[132.2236,34.2975],[132.2209,34.2962],[132.2204,34.2941],[132.2215,34.2916],[132.2204,34.2914],[132.2229,34.2893],[132.2223,34.2869],[132.2202,34.2879],[132.2214,34.2895],[132.2198,34.2908],[132.2189,34.2996],[132.2136,34.2996],[132.2149,34.3015],[132.2164,34.3006],[132.2194,34.3011],[132.2195,34.3068]]],[[[132.193,34.3002],[132.1951,34.3],[132.1952,34.2985],[132.1935,34.2998],[132.1916,34.2992],[132.1904,34.2937],[132.1889,34.2938],[132.1899,34.3024],[132.1911,34.3045],[132.1908,34.3023],[132.193,34.3002]]],[[[132.1828,34.301],[132.1865,34.2995],[132.1841,34.2972],[132.1855,34.2995],[132.1828,34.301]]],[[[132.192,34.3075],[132.1926,34.3085],[132.1933,34.3089],[132.1928,34.3077],[132.192,34.3075]]],[[[132.2199,34.3076],[132.2185,34.3069],[132.2198,34.3094],[132.2199,34.3076]]],[[[132.2201,34.3096],[132.2203,34.3096],[132.2202,34.3095],[132.2201,34.3096]]],[[[132.2202,34.3099],[132.2204,34.31],[132.2203,34.3099],[132.2202,34.3099]]],[[[132.1979,34.3315],[132.1944,34.3258],[132.1933,34.3208],[132.1927,34.323],[132.1936,34.3254],[132.1926,34.3253],[132.1946,34.3307],[132.1959,34.3317],[132.1979,34.3315]]],[[[132.3183,34.1237],[132.3197,34.121],[132.3195,34.1189],[132.3182,34.1209],[132.3135,34.1213],[132.3145,34.1233],[132.3183,34.1237]]],[[[132.3486,34.1768],[132.3483,34.1767],[132.3484,34.1771],[132.3486,34.1768]]],[[[132.3056,34.1841],[132.3053,34.184],[132.3055,34.1842],[132.3056,34.1841]]],[[[132.2966,34.1992],[132.2981,34.1969],[132.302,34.1961],[132.3015,34.1939],[132.3026,34.1936],[132.3044,34.1946],[132.3044,34.197],[132.3112,34.1989],[132.3113,34.197],[132.3127,34.1972],[132.3134,34.1963],[132.3121,34.197],[132.3126,34.1957],[132.3139,34.1951],[132.3124,34.1953],[132.3168,34.1937],[132.3173,34.1944],[132.3168,34.193],[132.3195,34.1899],[132.3167,34.1866],[132.3082,34.1871],[132.3065,34.1868],[132.3054,34.1844],[132.3008,34.1845],[132.3004,34.1858],[132.3016,34.1864],[132.3008,34.1893],[132.2991,34.1897],[132.2953,34.187],[132.2924,34.1891],[132.2936,34.1916],[132.2932,34.1944],[132.2952,34.1963],[132.2956,34.1992],[132.2966,34.1992]]],[[[132.2924,34.194],[132.2923,34.1942],[132.2925,34.1941],[132.2924,34.194]]],[[[132.32,34.2007],[132.3203,34.1966],[132.3174,34.1948],[132.318,34.1955],[132.3169,34.1963],[132.3157,34.195],[132.3172,34.197],[132.3169,34.1989],[132.3155,34.1992],[132.32,34.2007]]],[[[132.2983,34.1981],[132.2985,34.1979],[132.2983,34.198],[132.2983,34.1981]]],[[[132.2982,34.1979],[132.298,34.1981],[132.2981,34.1982],[132.2982,34.1979]]],[[[132.2303,34.2346],[132.23,34.2328],[132.2299,34.2328],[132.2303,34.2346]]],[[[132.2662,34.2356],[132.2662,34.2335],[132.2643,34.2334],[132.2641,34.2349],[132.2662,34.2356]]],[[[132.234,34.2559],[132.2341,34.256],[132.2339,34.2556],[132.234,34.2559]]],[[[132.2264,34.3025],[132.2259,34.3025],[132.2262,34.3027],[132.2264,34.3025]]]]}},{"type":"Feature","properties":{"code":"34212","name":"東広島市","pref_code":"34","pref":"広島県"},"geometry":{"type":"MultiPolygon","coordinates":[[[[132.8002,34.2642],[132.7981,34.2638],[132.7983,34.2669],[132.8002,34.2642]]],[[[132.79,34.2753],[132.79,34.2753],[132.7901,34.2753],[132.79,34.2753]]],[[[132.7904,34.2753],[132.7904,34.2754],[132.7905,34.2754],[132.7904,34.2753]]],[[[132.806,34.2813],[132.8051,34.2795],[132.8092,34.2816],[132.8113,34.2759],[132.8032,34.2685],[132.7989,34.2708],[132.7915,34.2717],[132.7904,34.2726],[132.7897,34.2736],[132.7945,34.2777],[132.8033,34.2804],[132.8053,34.2822],[132.806,34.2813]]],[[[132.7901,34.2754],[132.7901,34.2755],[132.7902,34.2754],[132.7901,34.2754]]],[[[132.8082,34.2815],[132.8079,34.2814],[132.8081,34.2817],[132.8082,34.2815]]],[[[132.8042,34.2966],[132.806,34.2924],[132.8021,34.2945],[132.8042,34.2966]]],[[[132.7978,34.3108],[132.7975,34.3108],[132.7975,34.3109],[132.7978,34.3108]]],[[[132.7975,34.3117],[132.7974,34.3118],[132.7975,34.3117],[132.7975,34.3117]]],[[[132.8093,34.6241],[132.8104,34.6212],[132.8142,34.6194],[132.8152,34.6174],[132.8222,34.6156],[132.824,34.6141],[132.8238,34.6116],[132.8255,34.6106],[132.8331,34.6098],[132.8348,34.6107],[132.8361,34.6091],[132.835,34.6064],[132.8364,34.6053],[132.8454,34.6063],[132.8463,34.6074],[132.8452,34.6105],[132.848,34.6123],[132.8523,34.6103],[132.8553,34.6113],[132.8569,34.6134],[132.8595,34.6135],[132.8604,34.6131],[132.8596,34.6122],[132.8629,34.6092],[132.8639,34.6108],[132.8706,34.6139],[132.8747,34.6131],[132.8763,34.614],[132.8823,34.6126],[132.8851,34.6135],[132.8858,34.6128],[132.8845,34.612],[132.8849,34.6108],[132.8827,34.6101],[132.8835,34.6086],[132.8819,34.6079],[132.8812,34.6056],[132.8776,34.6034],[132.8853,34.6027],[132.8871,34.6],[132.8872,34.5979],[132.8936,34.5951],[132.8949,34.5929],[132.8936,34.5939],[132.8934,34.5918],[132.8963,34.5915],[132.8946,34.5873],[132.8961,34.5841],[132.8901,34.5788],[132.8902,34.5766],[132.8871,34.5738],[132.8863,34.5752],[132.8834,34.5763],[132.8784,34.5758],[132.8807,34.5652],[132.884,34.5607],[132.8834,34.557],[132.8778,34.553],[132.8721,34.5506],[132.8643,34.5501],[132.8598,34.5469],[132.8583,34.5485],[132.8535,34.5501],[132.8512,34.545],[132.8524,34.5426],[132.8474,34.5403],[132.8531,34.5385],[132.8511,34.5348],[132.8548,34.533],[132.8566,34.5241],[132.8652,34.5219],[132.8677,34.5201],[132.8773,34.5194],[132.8792,34.5181],[132.8833,34.5194],[132.8846,34.5181],[132.8863,34.5183],[132.8866,34.5161],[132.889,34.515],[132.8931,34.5084],[132.8958,34.5063],[132.8939,34.5056],[132.894,34.5023],[132.8979,34.4998],[132.8977,34.4956],[132.9021,34.4921],[132.9018,34.4902],[132.9042,34.4847],[132.9057,34.4834],[132.9117,34.4851],[132.9124,34.4837],[132.9117,34.4756],[132.9193,34.4709],[132.9191,34.4695],[132.9209,34.4674],[132.9169,34.4601],[132.9197,34.4588],[132.9187,34.4569],[132.9125,34.4601],[132.9047,34.4598],[132.8986,34.4654],[132.8895,34.4653],[132.8898,34.4625],[132.8961,34.4603],[132.8926,34.4592],[132.8928,34.4578],[132.8998,34.4489],[132.9038,34.4479],[132.9021,34.4466],[132.9044,34.4445],[132.9027,34.4425],[132.9039,34.4409],[132.8996,34.4421],[132.8992,34.4401],[132.8957,34.4385],[132.8939,34.4361],[132.8938,34.4345],[132.8955,34.4332],[132.8961,34.431],[132.8956,34.4285],[132.897,34.4282],[132.8978,34.4249],[132.8938,34.4217],[132.8944,34.4198],[132.8921,34.4186],[132.8909,34.416],[132.8949,34.4106],[132.892,34.4115],[132.8896,34.4098],[132.8875,34.4098],[132.8854,34.4074],[132.877,34.4058],[132.8736,34.4083],[132.8688,34.4092],[132.8683,34.4109],[132.864,34.4118],[132.8598,34.4149],[132.8578,34.4135],[132.8518,34.4145],[132.85,34.4191],[132.8436,34.4196],[132.8388,34.4182],[132.8363,34.4195],[132.8348,34.4226],[132.8222,34.4185],[132.8168,34.4234],[132.8129,34.4245],[132.8054,34.4204],[132.7943,34.4201],[132.7909,34.4211],[132.7908,34.423],[132.7888,34.4235],[132.7821,34.4198],[132.7826,34.4177],[132.7848,34.4161],[132.7851,34.4138],[132.7882,34.4124],[132.7883,34.4095],[132.7906,34.4081],[132.7962,34.4069],[132.7986,34.4085],[132.8037,34.4061],[132.8067,34.4084],[132.808,34.4079],[132.8114,34.4032],[132.8135,34.4026],[132.815,34.3954],[132.8175,34.3945],[132.8159,34.392],[132.8116,34.3933],[132.8088,34.3914],[132.8033,34.3926],[132.8004,34.3921],[132.7992,34.3897],[132.7962,34.3889],[132.7955,34.3872],[132.7963,34.3858],[132.7928,34.3861],[132.7928,34.3849],[132.7886,34.382],[132.7877,34.3784],[132.785,34.3757],[132.7865,34.3729],[132.7862,34.3704],[132.7878,34.3713],[132.7966,34.3698],[132.7959,34.3722],[132.7974,34.3739],[132.7988,34.3729],[132.7978,34.3717],[132.8004,34.3714],[132.8016,34.3725],[132.8042,34.3725],[132.8057,34.3743],[132.8093,34.3741],[132.8119,34.3719],[132.8126,34.3691],[132.8167,34.3692],[132.8212,34.3666],[132.8236,34.3665],[132.8287,34.3625],[132.8302,34.3641],[132.836,34.3618],[132.8382,34.3625],[132.842,34.3596],[132.8474,34.3583],[132.8494,34.3548],[132.854,34.3564],[132.8553,34.3521],[132.8586,34.3505],[132.8564,34.3476],[132.8591,34.3458],[132.8568,34.3427],[132.857,34.337],[132.8558,34.335],[132.8567,34.3327],[132.8533,34.3273],[132.8523,34.3214],[132.8536,34.3182],[132.8511,34.3151],[132.8521,34.3111],[132.8511,34.3082],[132.8533,34.3064],[132.8546,34.3023],[132.8533,34.2979],[132.8546,34.2966],[132.8519,34.2957],[132.8528,34.2934],[132.8468,34.2917],[132.8462,34.2996],[132.8427,34.2984],[132.8392,34.3007],[132.8381,34.303],[132.8352,34.3041],[132.8345,34.3067],[132.8375,34.3128],[132.8364,34.3124],[132.8352,34.3136],[132.834,34.3125],[132.8349,34.3119],[132.8336,34.312],[132.832,34.313],[132.8343,34.3162],[132.8315,34.314],[132.8285,34.3161],[132.8235,34.316],[132.8247,34.3153],[132.8233,34.3153],[132.8237,34.3143],[132.8257,34.3143],[132.8238,34.3142],[132.82,34.3169],[132.8212,34.3156],[132.8169,34.3168],[132.817,34.3154],[132.8191,34.3148],[132.8148,34.3151],[132.8142,34.3168],[132.814,34.3154],[132.8113,34.3146],[132.8134,34.3111],[132.8126,34.3124],[132.8008,34.3087],[132.7995,34.3127],[132.7968,34.3117],[132.7974,34.3109],[132.7961,34.3111],[132.7998,34.3081],[132.8005,34.3085],[132.7996,34.3077],[132.7962,34.3061],[132.7977,34.3045],[132.7968,34.3044],[132.7952,34.3006],[132.7952,34.296],[132.7937,34.2977],[132.7936,34.2945],[132.7905,34.2923],[132.7902,34.2912],[132.7914,34.291],[132.7911,34.2899],[132.79,34.2901],[132.79,34.2876],[132.7873,34.2863],[132.7885,34.278],[132.7861,34.2796],[132.7846,34.2772],[132.781,34.2811],[132.781,34.2861],[132.775,34.2882],[132.77,34.2869],[132.7669,34.2906],[132.7652,34.2905],[132.7626,34.294],[132.7593,34.2961],[132.7618,34.2996],[132.756,34.3063],[132.7563,34.3098],[132.7548,34.3109],[132.7574,34.3113],[132.756,34.3143],[132.7567,34.3179],[132.7539,34.3237],[132.7547,34.3293],[132.7536,34.3326],[132.7519,34.3332],[132.7497,34.333],[132.7482,34.3314],[132.7426,34.3306],[132.7399,34.3268],[132.7354,34.3259],[132.7329,34.323],[132.7303,34.3234],[132.727,34.3223],[132.7256,34.3183],[132.722,34.3179],[132.7202,34.3133],[132.7176,34.3134],[132.7169,34.3118],[132.7176,34.3104],[132.7145,34.308],[132.7105,34.3088],[132.7069,34.3129],[132.7034,34.3131],[132.6908,34.3029],[132.6867,34.3026],[132.6811,34.3002],[132.672,34.2948],[132.6706,34.2925],[132.664,34.2884],[132.6578,34.2966],[132.6497,34.3113],[132.645,34.3099],[132.6394,34.3151],[132.6378,34.313],[132.6331,34.3136],[132.6296,34.3114],[132.6266,34.3137],[132.6213,34.3126],[132.6105,34.3166],[132.6068,34.3167],[132.6056,34.322],[132.6093,34.3228],[132.6101,34.3244],[132.6121,34.3248],[132.6134,34.3277],[132.6122,34.3295],[132.6126,34.3332],[132.6111,34.3362],[132.6086,34.3377],[132.6082,34.3421],[132.6126,34.3433],[132.6138,34.3465],[132.624,34.3542],[132.6307,34.3514],[132.6335,34.3532],[132.6397,34.353],[132.6415,34.352],[132.6447,34.3563],[132.6447,34.3628],[132.6471,34.3642],[132.6496,34.3637],[132.6529,34.367],[132.653,34.3716],[132.6501,34.3763],[132.6511,34.3794],[132.649,34.382],[132.6482,34.3857],[132.6442,34.3889],[132.6444,34.3911],[132.6464,34.3929],[132.6466,34.3957],[132.6404,34.3991],[132.6435,34.4024],[132.6425,34.4046],[132.6435,34.4104],[132.6449,34.4115],[132.6444,34.4132],[132.6464,34.4141],[132.6464,34.4151],[132.6504,34.4187],[132.6519,34.4221],[132.6556,34.422],[132.6597,34.4232],[132.6633,34.4271],[132.6671,34.4283],[132.6635,34.4375],[132.6598,34.4412],[132.6572,34.4403],[132.6546,34.4435],[132.6492,34.4406],[132.65,34.4381],[132.6472,34.4376],[132.6431,34.4413],[132.6416,34.442],[132.6393,34.4412],[132.6357,34.4434],[132.633,34.4504],[132.6233,34.4456],[132.6205,34.4478],[132.6154,34.4465],[132.6126,34.4482],[132.614,34.4513],[132.611,34.4543],[132.6077,34.4566],[132.6035,34.4558],[132.6005,34.4573],[132.6005,34.462],[132.6028,34.4661],[132.6026,34.4682],[132.6066,34.4736],[132.6057,34.4765],[132.6102,34.4784],[132.601,34.4834],[132.6021,34.486],[132.6048,34.4885],[132.6096,34.4904],[132.6201,34.4916],[132.6283,34.4983],[132.6309,34.5032],[132.631,34.5056],[132.6334,34.507],[132.6366,34.5054],[132.6456,34.5058],[132.649,34.5139],[132.6481,34.5162],[132.6492,34.5194],[132.6623,34.526],[132.6635,34.5297],[132.6654,34.5316],[132.6688,34.5292],[132.6695,34.5314],[132.6723,34.5339],[132.6738,34.5303],[132.6839,34.527],[132.6849,34.5253],[132.6895,34.5292],[132.6931,34.5294],[132.6943,34.5345],[132.6986,34.5366],[132.7002,34.5363],[132.7029,34.5385],[132.7051,34.5437],[132.7044,34.5454],[132.7057,34.5463],[132.7024,34.5493],[132.7072,34.5508],[132.7095,34.5543],[132.7122,34.5547],[132.7156,34.5531],[132.7171,34.5548],[132.7221,34.5534],[132.7245,34.5548],[132.7268,34.5584],[132.7291,34.5582],[132.7299,34.5559],[132.7358,34.5574],[132.7459,34.5657],[132.7453,34.5683],[132.7474,34.571],[132.7537,34.5743],[132.7589,34.5745],[132.7629,34.5761],[132.7651,34.5747],[132.772,34.5758],[132.7768,34.5776],[132.7784,34.5794],[132.7835,34.5801],[132.7851,34.5833],[132.7838,34.589],[132.7849,34.5942],[132.7842,34.5971],[132.7882,34.6003],[132.788,34.6021],[132.7904,34.6039],[132.7884,34.605],[132.7924,34.6069],[132.7932,34.6154],[132.7967,34.6204],[132.7998,34.6225],[132.8059,34.6221],[132.8093,34.6241]]],[[[132.8092,34.2817],[132.8092,34.2818],[132.8092,34.2818],[132.8092,34.2817]]],[[[132.8085,34.2828],[132.8085,34.2831],[132.8086,34.2831],[132.8085,34.2828]]],[[[132.8087,34.2834],[132.8085,34.2837],[132.8087,34.2837],[132.8087,34.2834]]],[[[132.8524,34.2874],[132.8506,34.2867],[132.8523,34.2879],[132.8524,34.2874]]],[[[132.818,34.2892],[132.8146,34.2868],[132.8137,34.2887],[132.8173,34.2912],[132.818,34.2892]]],[[[132.8498,34.2916],[132.8497,34.2916],[132.8498,34.2917],[132.8498,34.2916]]],[[[132.8411,34.2938],[132.8403,34.2937],[132.8412,34.294],[132.8411,34.2938]]],[[[132.8364,34.3004],[132.8352,34.2993],[132.8349,34.2994],[132.8352,34.3001],[132.8364,34.3004]]],[[[132.8322,34.31],[132.8298,34.311],[132.8322,34.3101],[132.8322,34.31]]],[[[132.8196,34.3146],[132.8196,34.3147],[132.8203,34.3149],[132.8196,34.3146]]]]}},{"type":"Feature","properties":{"code":"34213","name":"廿日市市","pref_code":"34","pref":"広島県"},"geometry":{"type":"MultiPolygon","coordinates":[[[[132.2621,34.2516],[132.2618,34.2517],[132.262,34.2518],[132.2621,34.2516]]],[[[132.2615,34.2517],[132.2615,34.2519],[132.2617,34.2517],[132.2615,34.2517]]],[[[132.2502,34.2657],[132.2501,34.2658],[132.2502,34.2658],[132.2502,34.2657]]],[[[132.2811,34.2694],[132.2812,34.2693],[132.2811,34.2694],[132.2811,34.2694]]],[[[132.3337,34.3112],[132.3327,34.309],[132.3342,34.3077],[132.3335,34.3073],[132.3346,34.305],[132.3383,34.3048],[132.3381,34.3054],[132.3376,34.3054],[132.3377,34.3055],[132.337,34.3058],[132.3361,34.3066],[132.3386,34.3054],[132.3411,34.3026],[132.3408,34.3006],[132.3395,34.3009],[132.3401,34.2976],[132.3445,34.2936],[132.3471,34.2948],[132.3477,34.2935],[132.3486,34.2929],[132.347,34.289],[132.3481,34.2861],[132.3472,34.2807],[132.3448,34.2788],[132.341,34.2779],[132.3403,34.2728],[132.3354,34.2725],[132.3307,34.2675],[132.3264,34.2663],[132.3233,34.2631],[132.3198,34.2624],[132.3185,34.2596],[132.3141,34.2577],[132.3115,34.2522],[132.3058,34.2481],[132.306,34.2471],[132.303,34.2437],[132.2847,34.2351],[132.2814,34.236],[132.2782,34.2331],[132.2751,34.233],[132.274,34.2315],[132.2741,34.2332],[132.2725,34.2339],[132.2708,34.2375],[132.2709,34.2412],[132.269,34.2426],[132.2706,34.2456],[132.2698,34.2477],[132.2665,34.2507],[132.2622,34.2518],[132.2642,34.2541],[132.2639,34.2564],[132.2672,34.2558],[132.2701,34.258],[132.2714,34.2563],[132.2728,34.2615],[132.2774,34.263],[132.2833,34.2714],[132.2834,34.278],[132.2846,34.2803],[132.2901,34.2874],[132.2989,34.2903],[132.3019,34.2939],[132.3046,34.2938],[132.3099,34.2964],[132.3134,34.2965],[132.3137,34.2955],[132.3172,34.2966],[132.3202,34.2954],[132.3207,34.2967],[132.3189,34.2972],[132.3209,34.2986],[132.3216,34.302],[132.325,34.3031],[132.3257,34.3059],[132.3303,34.3074],[132.3317,34.3111],[132.3337,34.3112]]],[[[132.2821,34.2713],[132.282,34.2717],[132.2822,34.2715],[132.2821,34.2713]]],[[[132.2605,34.2721],[132.2613,34.272],[132.2605,34.272],[132.2605,34.2721]]],[[[132.2615,34.2722],[132.2615,34.2725],[132.2616,34.2725],[132.2615,34.2722]]],[[[132.2837,34.2788],[132.2838,34.2787],[132.2837,34.2787],[132.2837,34.2788]]],[[[132.29,34.2875],[132.2901,34.2875],[132.29,34.2874],[132.29,34.2875]]],[[[132.2902,34.2875],[132.2902,34.2875],[132.2901,34.2875],[132.2902,34.2875]]],[[[132.2844,34.2898],[132.2843,34.2898],[132.2844,34.2902],[132.2844,34.2898]]],[[[132.3232,34.3033],[132.3238,34.3031],[132.3238,34.3031],[132.3232,34.3033]]],[[[132.2985,34.3044],[132.2984,34.3045],[132.2986,34.3044],[132.2985,34.3044]]],[[[132.3338,34.3122],[132.3335,34.3124],[132.3336,34.3125],[132.3338,34.3122]]],[[[132.3199,34.3271],[132.3198,34.3255],[132.3198,34.3271],[132.3199,34.3271]]],[[[132.3369,34.3374],[132.3371,34.3375],[132.337,34.3374],[132.3369,34.3374]]],[[[132.3244,34.3368],[132.3247,34.3384],[132.3248,34.3384],[132.3249,34.3372],[132.3244,34.3368]]],[[[132.1377,34.5726],[132.1401,34.5664],[132.1423,34.5649],[132.1427,34.5633],[132.1497,34.5646],[132.152,34.56],[132.155,34.5579],[132.1547,34.556],[132.1566,34.5538],[132.1556,34.5522],[132.1562,34.5492],[132.1634,34.5424],[132.1684,34.5411],[132.185,34.5426],[132.1845,34.5385],[132.1816,34.5352],[132.179,34.5328],[132.1769,34.5332],[132.1722,34.5297],[132.1668,34.5248],[132.1666,34.5231],[132.1677,34.5208],[132.1713,34.5193],[132.1706,34.5171],[132.1788,34.5129],[132.1788,34.5098],[132.1877,34.5014],[132.1885,34.4984],[132.1921,34.4952],[132.1946,34.4952],[132.1982,34.4927],[132.2032,34.4855],[132.2029,34.4837],[132.2,34.4817],[132.1997,34.4798],[132.1967,34.4777],[132.1945,34.4714],[132.1949,34.4689],[132.1934,34.4678],[132.1932,34.4651],[132.1955,34.4619],[132.1947,34.4592],[132.1931,34.4583],[132.1968,34.4551],[132.196,34.4527],[132.1938,34.4521],[132.1953,34.4507],[132.1943,34.4496],[132.1932,34.4507],[132.1904,34.4494],[132.1876,34.4515],[132.1839,34.45],[132.1823,34.4486],[132.1845,34.4454],[132.1786,34.4426],[132.1789,34.4405],[132.1878,34.4381],[132.1913,34.4355],[132.192,34.4323],[132.1935,34.4323],[132.1924,34.4272],[132.1906,34.4252],[132.1959,34.4155],[132.2024,34.4163],[132.2057,34.4145],[132.2082,34.4157],[132.2151,34.415],[132.2179,34.4159],[132.2189,34.4199],[132.2214,34.4235],[132.2256,34.4267],[132.2287,34.4309],[132.2357,34.4311],[132.238,34.4278],[132.2448,34.4233],[132.251,34.4244],[132.2527,34.4219],[132.2518,34.4205],[132.2543,34.4179],[132.2549,34.4138],[132.2653,34.4124],[132.2692,34.4137],[132.2742,34.4107],[132.2777,34.4119],[132.2784,34.41],[132.2815,34.4094],[132.2848,34.4025],[132.2831,34.4001],[132.2832,34.3975],[132.2846,34.3962],[132.2837,34.395],[132.2844,34.3897],[132.2897,34.3881],[132.2938,34.385],[132.3001,34.3843],[132.3028,34.3882],[132.3035,34.3926],[132.3005,34.3983],[132.2995,34.4072],[132.3087,34.4179],[132.312,34.419],[132.3144,34.4159],[132.3146,34.4123],[132.3129,34.4102],[132.3149,34.4063],[132.3217,34.4065],[132.3244,34.4056],[132.3207,34.3973],[132.3206,34.3937],[132.3169,34.3916],[132.3171,34.3902],[132.3209,34.388],[132.3181,34.3847],[132.3183,34.3822],[132.3169,34.3813],[132.3233,34.3797],[132.3299,34.3764],[132.3356,34.3708],[132.3353,34.3677],[132.3381,34.3679],[132.3423,34.3663],[132.3446,34.3678],[132.3449,34.3645],[132.3434,34.3644],[132.344,34.3609],[132.3481,34.355],[132.3431,34.3528],[132.3383,34.3541],[132.3431,34.3517],[132.3527,34.3532],[132.355,34.3488],[132.353,34.3475],[132.3512,34.3509],[132.3387,34.3461],[132.3357,34.3474],[132.3389,34.342],[132.3461,34.3446],[132.3476,34.3417],[132.3547,34.3444],[132.3544,34.3451],[132.3548,34.3443],[132.3546,34.3438],[132.3587,34.3453],[132.3569,34.3485],[132.3532,34.3472],[132.3536,34.3464],[132.3532,34.3472],[132.357,34.3486],[132.3587,34.3453],[132.3545,34.3437],[132.3543,34.3441],[132.3368,34.3377],[132.3333,34.3441],[132.3292,34.3426],[132.3268,34.3441],[132.3225,34.3383],[132.32,34.3392],[132.3196,34.3375],[132.3212,34.3385],[132.321,34.3376],[132.3229,34.3378],[132.322,34.3367],[132.3235,34.3371],[132.3229,34.3356],[132.3198,34.3365],[132.3212,34.3321],[132.3188,34.328],[132.3187,34.3243],[132.3178,34.3244],[132.319,34.3233],[132.3129,34.3175],[132.3114,34.318],[132.3088,34.3168],[132.3101,34.3155],[132.3087,34.3167],[132.3052,34.3139],[132.3062,34.3125],[132.3099,34.3153],[132.3063,34.3125],[132.3051,34.3097],[132.3017,34.3099],[132.3007,34.3053],[132.2982,34.3058],[132.2971,34.3035],[132.2947,34.3029],[132.2944,34.3042],[132.2943,34.3028],[132.2928,34.3029],[132.2942,34.302],[132.292,34.3005],[132.2908,34.3012],[132.2913,34.3],[132.2893,34.2997],[132.2874,34.2974],[132.2868,34.296],[132.2876,34.2951],[132.2832,34.2917],[132.2836,34.2914],[132.2833,34.2911],[132.2837,34.2909],[132.2837,34.2907],[132.284,34.2903],[132.284,34.2902],[132.282,34.2901],[132.284,34.2899],[132.2811,34.2886],[132.2821,34.2859],[132.278,34.282],[132.2745,34.2802],[132.2743,34.2814],[132.2719,34.2817],[132.2717,34.2807],[132.274,34.2789],[132.2705,34.2766],[132.2671,34.2781],[132.2666,34.2811],[132.2642,34.2781],[132.267,34.2776],[132.2659,34.2768],[132.2665,34.2745],[132.2643,34.2726],[132.2612,34.2727],[132.2612,34.2737],[132.2596,34.2739],[132.2605,34.2724],[132.2587,34.273],[132.253,34.2694],[132.2499,34.2666],[132.2496,34.2647],[132.2389,34.2614],[132.2347,34.2666],[132.2347,34.2687],[132.2329,34.2708],[132.2336,34.2752],[132.2326,34.277],[132.229,34.28],[132.2266,34.2804],[132.2247,34.2825],[132.2215,34.2832],[132.2216,34.2863],[132.2204,34.286],[132.2208,34.2841],[132.2194,34.2842],[132.2188,34.2859],[132.2199,34.2866],[132.2153,34.2921],[132.2057,34.2883],[132.2012,34.289],[132.2005,34.2904],[132.1969,34.2883],[132.1952,34.2844],[132.1957,34.2832],[132.1935,34.2806],[132.1882,34.2796],[132.1811,34.2834],[132.174,34.2848],[132.1654,34.2885],[132.1647,34.2918],[132.163,34.2936],[132.1635,34.2956],[132.1668,34.2998],[132.1673,34.3041],[132.1715,34.3069],[132.1697,34.3107],[132.1675,34.3122],[132.1701,34.3165],[132.1692,34.3179],[132.1702,34.3238],[132.165,34.3262],[132.1651,34.3299],[132.1636,34.3314],[132.1611,34.3297],[132.1486,34.3305],[132.1495,34.3242],[132.148,34.3216],[132.1487,34.3188],[132.1447,34.3142],[132.144,34.3108],[132.1415,34.3117],[132.1395,34.3162],[132.1378,34.3174],[132.132,34.3143],[132.1294,34.3159],[132.1274,34.3129],[132.1254,34.3058],[132.1227,34.3114],[132.1248,34.3146],[132.124,34.3198],[132.1292,34.3223],[132.1284,34.3253],[132.1295,34.3269],[132.127,34.3308],[132.1273,34.333],[132.1216,34.3335],[132.1191,34.3305],[132.1117,34.3302],[132.1098,34.3277],[132.1075,34.328],[132.101,34.3366],[132.1014,34.3451],[132.093,34.3514],[132.09,34.3509],[132.0878,34.3519],[132.0859,34.354],[132.0853,34.3579],[132.0839,34.3582],[132.0767,34.3555],[132.0713,34.3554],[132.0698,34.3563],[132.0712,34.3581],[132.072,34.3653],[132.0704,34.3709],[132.0749,34.3737],[132.0751,34.3749],[132.0725,34.3772],[132.0751,34.3831],[132.0768,34.3838],[132.0765,34.3862],[132.0778,34.3879],[132.0774,34.3892],[132.0697,34.391],[132.0722,34.3944],[132.0708,34.3958],[132.0718,34.398],[132.0734,34.3984],[132.073,34.4016],[132.0746,34.4022],[132.0735,34.4072],[132.0703,34.41],[132.0688,34.416],[132.0735,34.4194],[132.074,34.4239],[132.0774,34.4257],[132.0751,34.4262],[132.0757,34.4309],[132.0749,34.4318],[132.077,34.4377],[132.0808,34.4413],[132.081,34.4435],[132.0754,34.4541],[132.0715,34.4583],[132.071,34.4629],[132.0679,34.465],[132.069,34.4671],[132.0682,34.4694],[132.0664,34.4703],[132.0669,34.4731],[132.0614,34.4795],[132.0582,34.4802],[132.0574,34.4818],[132.0574,34.4866],[132.0597,34.4891],[132.0598,34.4922],[132.056,34.4956],[132.0538,34.496],[132.0522,34.4989],[132.0487,34.4993],[132.0475,34.5004],[132.0393,34.4995],[132.0365,34.5019],[132.0426,34.5069],[132.0428,34.5087],[132.044,34.509],[132.0471,34.5125],[132.0476,34.515],[132.0488,34.5154],[132.0473,34.5189],[132.0477,34.5212],[132.0524,34.5303],[132.0578,34.5295],[132.0589,34.5312],[132.0631,34.5322],[132.0637,34.534],[132.0741,34.5349],[132.076,34.5369],[132.0839,34.5375],[132.0882,34.5415],[132.0892,34.5448],[132.0963,34.549],[132.1,34.555],[132.1069,34.5572],[132.1095,34.5612],[132.1139,34.5627],[132.119,34.5724],[132.1179,34.5781],[132.1198,34.58],[132.1256,34.5831],[132.1283,34.5794],[132.1336,34.5757],[132.1341,34.5728],[132.1377,34.5726]],[[132.1956,34.3317],[132.1927,34.3254],[132.1936,34.3254],[132.1927,34.323],[132.1933,34.3208],[132.1944,34.3258],[132.198,34.3304],[132.1977,34.3315],[132.1956,34.3317]],[[132.2204,34.31],[132.2203,34.3101],[132.2202,34.3099],[132.2204,34.31]],[[132.2202,34.3095],[132.2201,34.3096],[132.2201,34.3096],[132.2202,34.3095]],[[132.2199,34.3094],[132.2192,34.3078],[132.2185,34.3068],[132.2199,34.3075],[132.2199,34.3094]],[[132.1933,34.3089],[132.1921,34.3078],[132.1921,34.3072],[132.1933,34.3089]],[[132.2195,34.3068],[132.2194,34.301],[132.2164,34.3006],[132.2149,34.3015],[132.2136,34.2996],[132.2189,34.2996],[132.2198,34.2908],[132.2214,34.2895],[132.2202,34.2879],[132.2223,34.2869],[132.2229,34.2893],[132.2204,34.2914],[132.2215,34.2916],[132.2204,34.2941],[132.2209,34.2962],[132.2236,34.2975],[132.2275,34.2946],[132.2274,34.2965],[132.2252,34.2985],[132.2306,34.3001],[132.2277,34.3001],[132.2263,34.3023],[132.2237,34.2999],[132.2226,34.3014],[132.2229,34.2995],[132.2216,34.2993],[132.2205,34.3003],[132.2198,34.3035],[132.2207,34.3046],[132.2195,34.3068]],[[132.2259,34.3025],[132.2264,34.3025],[132.2262,34.3027],[132.2259,34.3025]],[[132.168,34.2923],[132.1693,34.2961],[132.1737,34.2962],[132.1787,34.3016],[132.1814,34.302],[132.1814,34.3029],[132.1787,34.3024],[132.1728,34.2982],[132.1664,34.2978],[132.1648,34.2944],[132.1659,34.2905],[132.168,34.2923]],[[132.1913,34.3045],[132.1883,34.2945],[132.1902,34.2936],[132.1916,34.2992],[132.1935,34.2998],[132.1953,34.2987],[132.1951,34.3],[132.1917,34.3007],[132.1907,34.3024],[132.1913,34.3045]],[[132.1878,34.2941],[132.1864,34.2941],[132.1877,34.2931],[132.1878,34.2941]],[[132.183,34.3012],[132.1855,34.2995],[132.1841,34.2972],[132.1864,34.2997],[132.183,34.3012]]],[[[132.3479,34.2935],[132.348,34.2934],[132.3479,34.2934],[132.3479,34.2935]]],[[[132.3478,34.2936],[132.3478,34.2936],[132.3478,34.2936],[132.3478,34.2936]]],[[[132.3477,34.2938],[132.3478,34.2937],[132.3477,34.2938],[132.3477,34.2938]]],[[[132.3476,34.2939],[132.3477,34.2939],[132.3476,34.2939],[132.3476,34.2939]]],[[[132.3413,34.3028],[132.3413,34.3029],[132.3414,34.3029],[132.3413,34.3028]]],[[[132.3379,34.3377],[132.3379,34.3377],[132.3379,34.3377],[132.3379,34.3377]]],[[[132.3378,34.3378],[132.3379,34.3378],[132.3378,34.3377],[132.3378,34.3378]]],[[[132.3386,34.338],[132.3388,34.3379],[132.3387,34.3379],[132.3386,34.338]]],[[[132.3382,34.338],[132.3382,34.3381],[132.3383,34.338],[132.3382,34.338]]],[[[132.3388,34.3379],[132.3392,34.3383],[132.3393,34.3381],[132.3388,34.3379]]],[[[132.3393,34.3382],[132.3394,34.3381],[132.3393,34.3381],[132.3393,34.3382]]],[[[132.3394,34.3382],[132.3395,34.3382],[132.3394,34.3382],[132.3394,34.3382]]],[[[132.3395,34.3383],[132.3396,34.3382],[132.3395,34.3382],[132.3395,34.3383]]],[[[132.3396,34.3383],[132.3398,34.3383],[132.3397,34.3382],[132.3396,34.3383]]],[[[132.3401,34.3385],[132.3402,34.3385],[132.3402,34.3385],[132.3401,34.3385]]],[[[132.3396,34.3385],[132.3397,34.3385],[132.3397,34.3385],[132.3396,34.3385]]],[[[132.3402,34.3387],[132.3404,34.3387],[132.3403,34.3387],[132.3402,34.3387]]],[[[132.3412,34.3391],[132.3413,34.339],[132.3411,34.339],[132.3412,34.3391]]],[[[132.3542,34.3454],[132.3538,34.3461],[132.3542,34.3454],[132.3542,34.3454]]]]}},{"type":"Feature","properties":{"code":"34215","name":"江田島市","pref_code":"34","pref":"広島県"},"geometry":{"type":"MultiPolygon","coordinates":[[[[132.3859,34.177],[132.3878,34.1751],[132.3917,34.1757],[132.3935,34.174],[132.395,34.1742],[132.3979,34.1707],[132.4022,34.1732],[132.4032,34.1694],[132.4068,34.1678],[132.4132,34.17],[132.4107,34.167],[132.4141,34.1643],[132.4146,34.1598],[132.4173,34.1584],[132.4136,34.1506],[132.4064,34.1491],[132.4051,34.1477],[132.4034,34.1484],[132.4015,34.1469],[132.4,34.1479],[132.3973,34.1463],[132.3956,34.1483],[132.3875,34.1497],[132.3872,34.1537],[132.3853,34.1561],[132.3834,34.1565],[132.384,34.1663],[132.3817,34.1714],[132.3832,34.1768],[132.3859,34.177]]],[[[132.4003,34.1733],[132.4005,34.1735],[132.4005,34.1733],[132.4003,34.1733]]],[[[132.3949,34.2147],[132.3949,34.2146],[132.3945,34.2147],[132.3949,34.2147]]],[[[132.3849,34.2259],[132.3849,34.2259],[132.3849,34.2259],[132.3849,34.2259]]],[[[132.354,34.2418],[132.3583,34.2388],[132.3577,34.2357],[132.3532,34.2396],[132.354,34.2418]]],[[[132.3537,34.2415],[132.3537,34.2416],[132.3538,34.2416],[132.3537,34.2415]]],[[[132.36,34.2511],[132.3601,34.2512],[132.3601,34.2511],[132.36,34.2511]]],[[[132.3724,34.2574],[132.3725,34.2575],[132.3725,34.2573],[132.3724,34.2574]]],[[[132.4006,34.2615],[132.4071,34.2612],[132.4071,34.2612],[132.4006,34.2615],[132.4,34.2604],[132.4006,34.2615]]],[[[132.3733,34.2627],[132.3733,34.263],[132.3735,34.2628],[132.3733,34.2627]]],[[[132.3743,34.2706],[132.3744,34.2709],[132.3746,34.2708],[132.3743,34.2706]]],[[[132.3648,34.2732],[132.3649,34.2731],[132.3648,34.2731],[132.3648,34.2732]]],[[[132.3645,34.2733],[132.3645,34.2734],[132.3646,34.2734],[132.3645,34.2733]]],[[[132.3763,34.2739],[132.3764,34.2738],[132.3763,34.2739],[132.3763,34.2739]]],[[[132.3657,34.2739],[132.3658,34.2739],[132.3658,34.2739],[132.3657,34.2739]]],[[[132.371,34.2797],[132.3766,34.2786],[132.3784,34.2792],[132.3776,34.2781],[132.3791,34.2759],[132.3771,34.2735],[132.3761,34.2744],[132.3748,34.2737],[132.3698,34.2755],[132.3684,34.275],[132.3678,34.2733],[132.3656,34.2741],[132.3648,34.2733],[132.3636,34.276],[132.3616,34.2756],[132.3611,34.2764],[132.3641,34.278],[132.3681,34.2782],[132.371,34.2797]]],[[[132.3675,34.2785],[132.3675,34.2784],[132.3674,34.2784],[132.3675,34.2785]]],[[[132.37,34.2803],[132.3702,34.2804],[132.3702,34.2803],[132.37,34.2803]]],[[[132.3629,34.2877],[132.3628,34.2875],[132.3628,34.2876],[132.3629,34.2877]]],[[[132.3631,34.2879],[132.3632,34.2879],[132.3631,34.2879],[132.3631,34.2879]]],[[[132.3619,34.2897],[132.362,34.2896],[132.3619,34.2896],[132.3619,34.2897]]],[[[132.3628,34.2918],[132.3641,34.2895],[132.3633,34.2882],[132.3634,34.2896],[132.362,34.2899],[132.3609,34.2889],[132.3606,34.2899],[132.3606,34.2914],[132.3628,34.2918]]],[[[132.3628,34.2919],[132.3628,34.292],[132.3628,34.2919],[132.3628,34.2919]]],[[[132.4279,34.1278],[132.428,34.1279],[132.428,34.1279],[132.4279,34.1278]]],[[[132.4274,34.1279],[132.4276,34.1279],[132.4276,34.1278],[132.4274,34.1279]]],[[[132.4277,34.1281],[132.428,34.1281],[132.4278,34.128],[132.4277,34.1281]]],[[[132.428,34.1283],[132.4281,34.1283],[132.428,34.1282],[132.428,34.1283]]],[[[132.4282,34.1284],[132.4282,34.1285],[132.4282,34.1284],[132.4282,34.1284]]],[[[132.4292,34.1288],[132.4291,34.1287],[132.429,34.1287],[132.4292,34.1288]]],[[[132.4289,34.1287],[132.4289,34.1288],[132.429,34.1288],[132.4289,34.1287]]],[[[132.4221,34.1351],[132.4187,34.1292],[132.4159,34.1305],[132.4169,34.133],[132.4221,34.1351]]],[[[132.4181,34.1351],[132.4187,34.1343],[132.418,34.1343],[132.4181,34.1351]]],[[[132.437,34.1431],[132.4368,34.1429],[132.4367,34.143],[132.437,34.1431]]],[[[132.43,34.1459],[132.43,34.1461],[132.4301,34.1461],[132.43,34.1459]]],[[[132.4395,34.1473],[132.4397,34.1473],[132.4396,34.1472],[132.4395,34.1473]]],[[[132.4053,34.1477],[132.4052,34.1477],[132.4053,34.1478],[132.4053,34.1477]]],[[[132.4288,34.1489],[132.4288,34.1488],[132.4288,34.1488],[132.4288,34.1489]]],[[[132.44,34.1601],[132.439,34.157],[132.4424,34.1555],[132.4407,34.1541],[132.4414,34.1528],[132.4429,34.1531],[132.442,34.1519],[132.4297,34.1466],[132.4301,34.1487],[132.4276,34.1506],[132.4282,34.1523],[132.4306,34.1529],[132.4292,34.1545],[132.4317,34.1561],[132.4328,34.1554],[132.4349,34.1563],[132.4372,34.1585],[132.4373,34.1601],[132.44,34.1601]]],[[[132.445,34.1636],[132.4452,34.1637],[132.4451,34.1635],[132.445,34.1636]]],[[[132.4472,34.1839],[132.4474,34.184],[132.4473,34.1839],[132.4472,34.1839]]],[[[132.4405,34.1927],[132.4391,34.1935],[132.4406,34.1927],[132.4405,34.1927]]],[[[132.4797,34.2961],[132.4799,34.294],[132.4811,34.2933],[132.4802,34.2919],[132.4821,34.288],[132.4847,34.2868],[132.4874,34.2836],[132.4903,34.2831],[132.4891,34.2815],[132.4914,34.281],[132.4913,34.2797],[132.4967,34.2734],[132.4989,34.2671],[132.4957,34.2607],[132.4962,34.2571],[132.4975,34.2565],[132.4964,34.2569],[132.4961,34.2556],[132.4973,34.2558],[132.4953,34.2529],[132.4967,34.2514],[132.496,34.251],[132.4955,34.2525],[132.4936,34.2514],[132.4941,34.2505],[132.4939,34.2502],[132.4934,34.2516],[132.4923,34.25],[132.4949,34.2501],[132.4907,34.2471],[132.4929,34.2459],[132.4931,34.2445],[132.4919,34.2444],[132.4925,34.2434],[132.4938,34.2436],[132.4943,34.2417],[132.4975,34.2423],[132.4958,34.2378],[132.495,34.2385],[132.4936,34.2375],[132.4935,34.2354],[132.4952,34.2349],[132.4958,34.2322],[132.4934,34.2309],[132.4939,34.2302],[132.4939,34.229],[132.4933,34.2311],[132.4927,34.2307],[132.4916,34.2284],[132.4939,34.2283],[132.4915,34.2281],[132.4914,34.2237],[132.4893,34.2196],[132.4891,34.2093],[132.4902,34.2039],[132.4897,34.2022],[132.4861,34.1998],[132.4834,34.2007],[132.4802,34.1958],[132.4795,34.1918],[132.4769,34.1953],[132.4733,34.1946],[132.4733,34.1917],[132.4748,34.19],[132.4732,34.1884],[132.4719,34.1828],[132.4746,34.1811],[132.4727,34.1819],[132.4721,34.1796],[132.4746,34.1791],[132.4713,34.1789],[132.4734,34.1777],[132.4754,34.1779],[132.4756,34.1781],[132.4749,34.1786],[132.4749,34.1788],[132.4777,34.1784],[132.4775,34.1762],[132.4799,34.1745],[132.4796,34.1713],[132.4833,34.1697],[132.4817,34.1701],[132.4812,34.1688],[132.4843,34.168],[132.4841,34.1641],[132.4863,34.161],[132.4881,34.1607],[132.4902,34.1546],[132.4893,34.1513],[132.4908,34.1506],[132.4907,34.1495],[132.4873,34.1483],[132.4872,34.1466],[132.4897,34.1463],[132.4878,34.146],[132.4863,34.1439],[132.4872,34.1425],[132.4893,34.1435],[132.4899,34.1423],[132.4891,34.1413],[132.4855,34.1417],[132.4819,34.1447],[132.4777,34.1431],[132.4755,34.1408],[132.4721,34.1401],[132.4702,34.1378],[132.4704,34.1388],[132.4689,34.1395],[132.4657,34.137],[132.4637,34.1375],[132.4621,34.135],[132.4604,34.135],[132.4604,34.1339],[132.4581,34.1353],[132.454,34.134],[132.4522,34.1357],[132.4507,34.135],[132.4489,34.1361],[132.4461,34.1323],[132.4452,34.1346],[132.4458,34.1383],[132.4469,34.1395],[132.4459,34.1401],[132.4431,34.1353],[132.4416,34.1358],[132.4379,34.1322],[132.4344,34.1323],[132.4312,34.1291],[132.4295,34.1287],[132.4335,34.1362],[132.4375,34.1392],[132.4372,34.1428],[132.4383,34.145],[132.44,34.1469],[132.4405,34.1463],[132.4428,34.1474],[132.4424,34.1485],[132.4456,34.1523],[132.4429,34.1541],[132.445,34.1553],[132.4437,34.1552],[132.4431,34.157],[132.4465,34.1619],[132.4455,34.1634],[132.4456,34.1668],[132.4459,34.1643],[132.4472,34.1645],[132.4484,34.1671],[132.4479,34.1671],[132.4472,34.1679],[132.4463,34.1679],[132.4473,34.1679],[132.448,34.1672],[132.4497,34.1676],[132.4492,34.1687],[132.4487,34.1679],[132.4459,34.1693],[132.445,34.1672],[132.4436,34.1695],[132.4456,34.1769],[132.4448,34.1792],[132.4511,34.1809],[132.4511,34.1782],[132.4551,34.1784],[132.4561,34.1754],[132.4572,34.1779],[132.4544,34.1806],[132.4543,34.182],[132.4506,34.1839],[132.4473,34.1841],[132.4459,34.1886],[132.444,34.19],[132.4423,34.1898],[132.4409,34.1925],[132.4423,34.1898],[132.4439,34.1901],[132.4422,34.1931],[132.4431,34.1929],[132.4422,34.1941],[132.4433,34.194],[132.4423,34.1944],[132.4427,34.1953],[132.439,34.1958],[132.4358,34.1946],[132.4357,34.1937],[132.437,34.1938],[132.4354,34.1937],[132.4351,34.1885],[132.4371,34.1875],[132.4347,34.1872],[132.4346,34.1829],[132.4324,34.1771],[132.4289,34.173],[132.4289,34.1772],[132.4274,34.1798],[132.4221,34.1808],[132.423,34.1924],[132.42,34.1981],[132.4189,34.1989],[132.4189,34.1987],[132.4167,34.1975],[132.4153,34.1993],[132.4167,34.1976],[132.4176,34.198],[132.4152,34.2007],[132.4144,34.2007],[132.4151,34.1996],[132.4125,34.2022],[132.4104,34.2032],[132.4097,34.2024],[132.4091,34.2024],[132.4104,34.2033],[132.4085,34.2032],[132.4091,34.2037],[132.4074,34.2043],[132.4071,34.2038],[132.4081,34.2035],[132.4083,34.2021],[132.4051,34.2066],[132.3955,34.2147],[132.3952,34.2166],[132.3949,34.2152],[132.3943,34.2176],[132.3844,34.2265],[132.3851,34.2301],[132.3895,34.2315],[132.3894,34.2375],[132.3876,34.2392],[132.3891,34.2401],[132.3856,34.2447],[132.386,34.2463],[132.3846,34.249],[132.3806,34.2517],[132.38,34.2526],[132.3791,34.2525],[132.3778,34.2529],[132.3801,34.2527],[132.3809,34.2517],[132.3815,34.2525],[132.3782,34.2539],[132.3752,34.2536],[132.3746,34.2564],[132.3721,34.2586],[132.3759,34.2608],[132.3757,34.2629],[132.3774,34.2646],[132.3778,34.2602],[132.3797,34.2588],[132.3818,34.2588],[132.3824,34.2586],[132.3803,34.2588],[132.3815,34.2578],[132.38,34.2579],[132.3803,34.2565],[132.3814,34.2575],[132.3838,34.2571],[132.3843,34.2586],[132.3824,34.2591],[132.3856,34.2584],[132.387,34.2589],[132.3872,34.2605],[132.3897,34.2609],[132.4063,34.2594],[132.4074,34.2608],[132.4056,34.2584],[132.4083,34.2598],[132.4097,34.2587],[132.4121,34.2589],[132.4135,34.2597],[132.4124,34.2598],[132.4126,34.2604],[132.4141,34.2599],[132.414,34.2591],[132.4198,34.258],[132.4254,34.2546],[132.4259,34.2521],[132.4288,34.2482],[132.4292,34.2448],[132.4345,34.2369],[132.4362,34.2373],[132.4349,34.2355],[132.437,34.2364],[132.4364,34.2371],[132.4372,34.2364],[132.4357,34.235],[132.4372,34.2355],[132.4375,34.2337],[132.438,34.2338],[132.4388,34.2332],[132.4376,34.2334],[132.4381,34.2322],[132.4389,34.2328],[132.4372,34.2315],[132.4394,34.2301],[132.4382,34.2304],[132.4376,34.2293],[132.4393,34.2297],[132.4382,34.2288],[132.4396,34.228],[132.4389,34.2251],[132.4408,34.2243],[132.4414,34.2253],[132.4428,34.2233],[132.443,34.2249],[132.445,34.2229],[132.449,34.2241],[132.4507,34.2253],[132.4496,34.2289],[132.4504,34.2271],[132.4511,34.2278],[132.4509,34.227],[132.4532,34.2267],[132.4536,34.2276],[132.4545,34.2265],[132.4567,34.2284],[132.4578,34.2309],[132.4619,34.2219],[132.4633,34.2211],[132.4623,34.22],[132.4648,34.2163],[132.4699,34.2138],[132.4704,34.2115],[132.4716,34.2113],[132.4703,34.2112],[132.4705,34.209],[132.4729,34.2084],[132.4741,34.2085],[132.475,34.2143],[132.4763,34.2161],[132.4765,34.2205],[132.479,34.2253],[132.4797,34.2317],[132.4776,34.2333],[132.4769,34.2349],[132.4782,34.2353],[132.4771,34.2361],[132.4774,34.2374],[132.4762,34.2374],[132.4763,34.2365],[132.476,34.2378],[132.4744,34.2383],[132.4709,34.2445],[132.4688,34.2465],[132.4665,34.2461],[132.4638,34.2487],[132.4653,34.2482],[132.4654,34.2488],[132.4641,34.2494],[132.4633,34.2491],[132.4618,34.2495],[132.4637,34.2497],[132.4616,34.2507],[132.4607,34.2501],[132.4602,34.2501],[132.4591,34.2509],[132.4607,34.2501],[132.459,34.2522],[132.4609,34.2521],[132.4561,34.2567],[132.4518,34.255],[132.4512,34.2482],[132.4503,34.247],[132.4487,34.2467],[132.4484,34.2476],[132.4447,34.2456],[132.44,34.2454],[132.4356,34.2474],[132.4331,34.2503],[132.4327,34.2539],[132.439,34.2582],[132.4392,34.2599],[132.443,34.2612],[132.4458,34.2666],[132.4441,34.2702],[132.4408,34.2711],[132.439,34.2745],[132.4357,34.2753],[132.4342,34.2793],[132.4355,34.2843],[132.4341,34.286],[132.4357,34.2856],[132.4372,34.287],[132.4374,34.2858],[132.4392,34.2861],[132.4418,34.2894],[132.446,34.2855],[132.4483,34.2847],[132.4502,34.2847],[132.452,34.2871],[132.4614,34.2878],[132.4732,34.287],[132.4737,34.2863],[132.472,34.2864],[132.4729,34.285],[132.4742,34.2856],[132.4729,34.285],[132.4748,34.2835],[132.4754,34.2837],[132.4746,34.2843],[132.4805,34.2851],[132.4812,34.2882],[132.4802,34.2881],[132.4795,34.2936],[132.4777,34.2939],[132.4783,34.2962],[132.4797,34.2961]]],[[[132.4429,34.2254],[132.442,34.2255],[132.4429,34.2255],[132.4429,34.2254]]],[[[132.4418,34.2612],[132.4419,34.2612],[132.4418,34.2612],[132.4418,34.2612]]],[[[132.4134,34.2624],[132.4133,34.2627],[132.4135,34.2627],[132.4134,34.2624]]],[[[132.4048,34.2765],[132.4046,34.2762],[132.4044,34.2765],[132.4048,34.2765]]],[[[132.4909,34.1506],[132.491,34.1505],[132.491,34.1505],[132.4909,34.1506]]],[[[132.4905,34.1509],[132.4905,34.1509],[132.4905,34.1509],[132.4905,34.1509]]],[[[132.482,34.1768],[132.4828,34.1754],[132.4827,34.1739],[132.482,34.1768]]],[[[132.4778,34.1784],[132.478,34.1786],[132.478,34.1784],[132.4778,34.1784]]],[[[132.4785,34.1788],[132.4786,34.1789],[132.4786,34.1788],[132.4785,34.1788]]],[[[132.4748,34.1794],[132.4753,34.1791],[132.4748,34.1793],[132.4748,34.1794]]],[[[132.4746,34.1804],[132.4746,34.181],[132.4746,34.1804],[132.4746,34.1804]]],[[[132.4716,34.2087],[132.4716,34.2088],[132.4716,34.2087],[132.4716,34.2087]]],[[[132.4761,34.2167],[132.4762,34.2168],[132.4763,34.2168],[132.4761,34.2167]]],[[[132.4696,34.2451],[132.4685,34.2449],[132.4678,34.2454],[132.4696,34.2451]]],[[[132.4965,34.2536],[132.4961,34.2533],[132.4962,34.2536],[132.4965,34.2536]]],[[[132.4569,34.2543],[132.4586,34.2528],[132.458,34.2529],[132.4569,34.2543]]],[[[132.4965,34.2539],[132.4964,34.2542],[132.4966,34.2541],[132.4965,34.2539]]],[[[132.4977,34.2555],[132.4979,34.2561],[132.4979,34.2561],[132.4977,34.2555]]],[[[132.4964,34.2739],[132.4963,34.2739],[132.4964,34.2739],[132.4964,34.2739]]],[[[132.4917,34.2809],[132.4915,34.2811],[132.4917,34.2811],[132.4917,34.2809]]],[[[132.4815,34.2912],[132.4817,34.2911],[132.4815,34.291],[132.4815,34.2912]]],[[[132.4778,34.2946],[132.4777,34.2945],[132.4776,34.2947],[132.4778,34.2946]]],[[[132.4798,34.2962],[132.4798,34.2963],[132.4798,34.2962],[132.4798,34.2962]]],[[[132.479,34.2981],[132.479,34.2982],[132.4791,34.2981],[132.479,34.2981]]],[[[132.4791,34.2983],[132.4791,34.2982],[132.4791,34.2982],[132.4791,34.2983]]]]}},{"type":"Feature","properties":{"code":"34304","name":"海田町","pref_code":"34","pref":"広島県"},"geometry":{"type":"MultiPolygon","coordinates":[[[[132.5186,34.3611],[132.5183,34.3614],[132.5183,34.3614],[132.5186,34.3611]]],[[[132.5441,34.3852],[132.5531,34.385],[132.5547,34.3835],[132.558,34.3852],[132.5606,34.3829],[132.5627,34.3832],[132.5671,34.3815],[132.5663,34.3759],[132.5787,34.3745],[132.5752,34.3618],[132.5758,34.3581],[132.5736,34.3551],[132.5709,34.3545],[132.5706,34.3527],[132.5609,34.3433],[132.5543,34.3441],[132.5522,34.3504],[132.5505,34.3521],[132.5487,34.3573],[132.5452,34.3599],[132.5463,34.3614],[132.5438,34.3647],[132.5392,34.3615],[132.538,34.3581],[132.5281,34.3601],[132.5192,34.3566],[132.519,34.3578],[132.5202,34.3584],[132.5249,34.3594],[132.5225,34.3628],[132.5188,34.3611],[132.5182,34.3622],[132.5274,34.3685],[132.531,34.376],[132.5334,34.377],[132.5367,34.3804],[132.5419,34.3828],[132.5441,34.3852]]]]}},{"type":"Feature","properties":{"code":"34309","name":"坂町","pref_code":"34","pref":"広島県"},"geometry":{"type":"MultiPolygon","coordinates":[[[[132.5184,34.3537],[132.5229,34.3419],[132.5256,34.3397],[132.5261,34.3365],[132.5279,34.3354],[132.5279,34.3342],[132.5301,34.3337],[132.5328,34.3211],[132.534,34.3205],[132.533,34.3173],[132.5364,34.3147],[132.531,34.3136],[132.5295,34.3099],[132.53,34.307],[132.5292,34.3056],[132.534,34.3026],[132.5266,34.3031],[132.519,34.297],[132.5126,34.2996],[132.5078,34.2967],[132.5048,34.3029],[132.5021,34.3029],[132.5011,34.307],[132.498,34.3086],[132.4981,34.3102],[132.4965,34.3104],[132.4943,34.3162],[132.4982,34.3203],[132.4987,34.3235],[132.5005,34.3251],[132.5014,34.3242],[132.503,34.3254],[132.5039,34.3302],[132.5048,34.3302],[132.5038,34.3319],[132.505,34.3341],[132.5032,34.3367],[132.5044,34.3364],[132.5012,34.3381],[132.4989,34.3373],[132.4996,34.338],[132.4982,34.337],[132.499,34.3364],[132.4968,34.3341],[132.4944,34.3349],[132.4935,34.3342],[132.4915,34.3387],[132.4947,34.3409],[132.4942,34.343],[132.4968,34.3486],[132.5021,34.3487],[132.5026,34.3491],[132.5023,34.3494],[132.5027,34.3505],[132.503,34.3506],[132.5025,34.3498],[132.5077,34.3489],[132.5115,34.3438],[132.5138,34.3448],[132.5156,34.3435],[132.5173,34.3455],[132.5141,34.3454],[132.5087,34.3527],[132.5192,34.3566],[132.5205,34.3547],[132.5184,34.3537]]],[[[132.5029,34.3366],[132.5027,34.3368],[132.503,34.3366],[132.5029,34.3366]]],[[[132.5024,34.3369],[132.5019,34.3372],[132.5024,34.3369],[132.5024,34.3369]]],[[[132.501,34.3375],[132.5016,34.3373],[132.501,34.3374],[132.501,34.3375]]],[[[132.5,34.3374],[132.5005,34.3375],[132.5005,34.3375],[132.5,34.3374]]]]}},{"type":"Feature","properties":{"code":"34431","name":"大崎上島町","pref_code":"34","pref":"広島県"},"geometry":{"type":"MultiPolygon","coordinates":[[[[132.8755,34.2064],[132.8752,34.2066],[132.8753,34.2066],[132.8755,34.2064]]],[[[132.8548,34.2087],[132.855,34.2087],[132.8549,34.2087],[132.8548,34.2087]]],[[[132.8549,34.2088],[132.855,34.2089],[132.855,34.2089],[132.8549,34.2088]]],[[[132.8547,34.209],[132.8548,34.209],[132.8548,34.209],[132.8547,34.209]]],[[[132.8029,34.2301],[132.8045,34.2286],[132.8011,34.2257],[132.8,34.2269],[132.8029,34.2301]]],[[[132.8024,34.2305],[132.8026,34.2305],[132.8025,34.2304],[132.8024,34.2305]]],[[[132.8629,34.2549],[132.8615,34.2535],[132.8619,34.25],[132.8606,34.2532],[132.8629,34.2549]]],[[[132.8644,34.2538],[132.8655,34.2533],[132.8651,34.2528],[132.8644,34.2538]]],[[[132.8404,34.2553],[132.8411,34.2544],[132.8393,34.2534],[132.8354,34.2541],[132.8357,34.2551],[132.8363,34.2544],[132.8404,34.2553]]],[[[132.8698,34.2713],[132.871,34.2684],[132.8734,34.2681],[132.8741,34.2694],[132.8742,34.2683],[132.8764,34.268],[132.874,34.2666],[132.8735,34.2613],[132.878,34.2584],[132.8752,34.2547],[132.871,34.2575],[132.8688,34.2569],[132.8665,34.2594],[132.8687,34.2574],[132.8693,34.2576],[132.8679,34.2592],[132.8692,34.2599],[132.8682,34.2618],[132.8691,34.2634],[132.8649,34.2629],[132.8634,34.2639],[132.8656,34.269],[132.8675,34.2675],[132.8692,34.2677],[132.8684,34.2688],[132.8696,34.2701],[132.8688,34.2709],[132.8698,34.2713]]],[[[132.8625,34.264],[132.8625,34.264],[132.8626,34.264],[132.8625,34.264]]],[[[132.8627,34.264],[132.8627,34.2641],[132.8629,34.264],[132.8627,34.264]]],[[[132.8645,34.2675],[132.8644,34.2677],[132.8645,34.2676],[132.8645,34.2675]]],[[[132.8602,34.2679],[132.8602,34.2681],[132.8603,34.2681],[132.8602,34.2679]]],[[[132.8602,34.2682],[132.8602,34.2683],[132.8602,34.2682],[132.8602,34.2682]]],[[[132.8579,34.2683],[132.8579,34.2685],[132.8579,34.2684],[132.8579,34.2683]]],[[[132.8581,34.2684],[132.8582,34.2685],[132.8582,34.2685],[132.8581,34.2684]]],[[[132.8759,34.2687],[132.876,34.2687],[132.8759,34.2687],[132.8759,34.2687]]],[[[132.876,34.269],[132.8761,34.269],[132.8761,34.269],[132.876,34.269]]],[[[132.8867,34.2085],[132.8864,34.2081],[132.8863,34.2082],[132.8867,34.2085]]],[[[132.8869,34.2086],[132.8872,34.2089],[132.8873,34.2088],[132.8869,34.2086]]],[[[132.8875,34.209],[132.8874,34.209],[132.8879,34.2092],[132.8875,34.209]]],[[[132.8881,34.2094],[132.8884,34.2097],[132.8885,34.2097],[132.8881,34.2094]]],[[[132.8887,34.2098],[132.889,34.2101],[132.889,34.2101],[132.8887,34.2098]]],[[[132.9304,34.2845],[132.9333,34.2845],[132.9335,34.2826],[132.9349,34.2814],[132.9384,34.2807],[132.9398,34.2784],[132.9422,34.2774],[132.9385,34.2729],[132.9381,34.2691],[132.9363,34.2663],[132.9361,34.2635],[132.934,34.2613],[132.9345,34.2594],[132.9298,34.248],[132.9197,34.2369],[132.9144,34.2364],[132.9145,34.2351],[132.9134,34.2349],[132.9167,34.2339],[132.9179,34.2276],[132.9169,34.2245],[132.9159,34.2242],[132.917,34.2244],[132.9168,34.2214],[132.915,34.2218],[132.9156,34.2197],[132.918,34.2187],[132.918,34.2169],[132.9208,34.2154],[132.9208,34.2141],[132.9143,34.2115],[132.9056,34.2144],[132.898,34.2129],[132.8991,34.2124],[132.8953,34.2111],[132.8941,34.2112],[132.8965,34.2121],[132.8932,34.2124],[132.8941,34.2108],[132.8918,34.2117],[132.8898,34.2102],[132.8871,34.2103],[132.8855,34.2092],[132.885,34.207],[132.8818,34.2075],[132.8796,34.2059],[132.8774,34.2073],[132.8772,34.2068],[132.8778,34.2064],[132.8778,34.206],[132.8754,34.2069],[132.874,34.2064],[132.8747,34.2054],[132.8671,34.2081],[132.864,34.2064],[132.8612,34.2094],[132.8559,34.2082],[132.8552,34.21],[132.8569,34.2114],[132.8558,34.2109],[132.8547,34.2095],[132.8505,34.2127],[132.842,34.2233],[132.8399,34.2283],[132.8466,34.2302],[132.8467,34.2339],[132.8447,34.2379],[132.8416,34.238],[132.8382,34.2422],[132.8405,34.2425],[132.8434,34.2412],[132.8492,34.2453],[132.8523,34.2439],[132.8512,34.2427],[132.8573,34.2401],[132.8573,34.2407],[132.8575,34.2411],[132.8578,34.2399],[132.8599,34.2414],[132.8605,34.2432],[132.8595,34.2449],[132.8571,34.2449],[132.8574,34.2469],[132.8558,34.249],[132.8616,34.2459],[132.8616,34.2446],[132.8639,34.2459],[132.8648,34.2483],[132.8694,34.2488],[132.8724,34.2479],[132.8773,34.2493],[132.8775,34.2472],[132.8781,34.2484],[132.8818,34.2485],[132.8812,34.2465],[132.8822,34.2481],[132.8823,34.2443],[132.8836,34.2441],[132.8826,34.2454],[132.8825,34.2502],[132.8795,34.249],[132.877,34.2517],[132.8793,34.2552],[132.8817,34.2549],[132.8813,34.2568],[132.8846,34.2576],[132.8875,34.2623],[132.8888,34.261],[132.8913,34.2617],[132.8926,34.2579],[132.8944,34.2571],[132.8918,34.2547],[132.8915,34.2498],[132.8939,34.2498],[132.8936,34.2514],[132.8951,34.2516],[132.8987,34.248],[132.9006,34.2475],[132.9024,34.2494],[132.9033,34.2488],[132.9037,34.25],[132.9029,34.2521],[132.901,34.2527],[132.9033,34.254],[132.9087,34.2602],[132.907,34.2619],[132.907,34.2633],[132.9116,34.2675],[132.9108,34.2681],[132.9117,34.2692],[132.9114,34.2677],[132.915,34.2706],[132.914,34.2714],[132.9142,34.2717],[132.9149,34.2708],[132.9162,34.2718],[132.9145,34.2721],[132.9159,34.2735],[132.9191,34.2735],[132.9201,34.2758],[132.9185,34.2762],[132.9187,34.2768],[132.9201,34.2759],[132.9233,34.2797],[132.9258,34.2801],[132.9252,34.2807],[132.9268,34.2827],[132.9279,34.281],[132.9297,34.281],[132.9304,34.2845]]],[[[132.8754,34.2504],[132.8767,34.2516],[132.8768,34.2515],[132.8754,34.2504]]],[[[132.8764,34.2516],[132.8768,34.252],[132.8769,34.2519],[132.8764,34.2516]]],[[[132.8812,34.2587],[132.8808,34.2582],[132.8807,34.2587],[132.8812,34.2587]]],[[[132.8824,34.2596],[132.8822,34.2588],[132.8814,34.2592],[132.8824,34.2596]]],[[[132.8776,34.2607],[132.8775,34.2611],[132.8777,34.2612],[132.8776,34.2607]]],[[[132.8785,34.268],[132.8779,34.2673],[132.8775,34.2675],[132.8785,34.268]]],[[[132.8897,34.269],[132.8898,34.2692],[132.8898,34.2689],[132.8897,34.269]]],[[[132.8868,34.2717],[132.889,34.2705],[132.8904,34.2711],[132.8908,34.2702],[132.8876,34.2688],[132.8868,34.2717]]],[[[132.881,34.2745],[132.8828,34.275],[132.8831,34.2731],[132.881,34.2745]]],[[[132.8809,34.2747],[132.8809,34.2747],[132.8808,34.2747],[132.8809,34.2747]]],[[[132.8836,34.2755],[132.8835,34.2756],[132.8837,34.2757],[132.8836,34.2755]]],[[[132.8836,34.2901],[132.8867,34.2872],[132.8855,34.285],[132.8869,34.2845],[132.8856,34.284],[132.887,34.2832],[132.888,34.2796],[132.8864,34.2765],[132.8843,34.2755],[132.884,34.2782],[132.8807,34.2805],[132.8837,34.2799],[132.8844,34.2835],[132.8815,34.2875],[132.8836,34.2901]]],[[[132.8894,34.2847],[132.8891,34.2866],[132.89,34.2885],[132.8904,34.2854],[132.8894,34.2847]]],[[[132.8917,34.2105],[132.8915,34.2105],[132.8932,34.2108],[132.8917,34.2105]]],[[[132.8911,34.2107],[132.8911,34.2109],[132.8912,34.2109],[132.8911,34.2107]]],[[[132.918,34.235],[132.9183,34.2364],[132.9184,34.2363],[132.918,34.235]]],[[[132.9002,34.2646],[132.9008,34.2631],[132.899,34.2629],[132.8992,34.2645],[132.9002,34.2646]]],[[[132.9049,34.2675],[132.9049,34.2678],[132.905,34.2676],[132.9049,34.2675]]],[[[132.9047,34.2681],[132.9048,34.2681],[132.9047,34.268],[132.9047,34.2681]]],[[[132.9051,34.2705],[132.9053,34.2706],[132.9053,34.2704],[132.9051,34.2705]]],[[[132.9103,34.2782],[132.9119,34.2766],[132.9107,34.2732],[132.9063,34.271],[132.9066,34.2775],[132.9103,34.2782]]],[[[132.8908,34.2768],[132.8905,34.2765],[132.8905,34.2768],[132.8908,34.2768]]],[[[132.9175,34.2796],[132.9176,34.2796],[132.9175,34.2796],[132.9175,34.2796]]],[[[132.9424,34.2874],[132.9441,34.2858],[132.9444,34.2837],[132.9403,34.283],[132.9357,34.2847],[132.9373,34.2869],[132.9424,34.2874]]],[[[132.9262,34.2881],[132.9261,34.2879],[132.9261,34.2881],[132.9262,34.2881]]],[[[132.9045,34.29],[132.905,34.2894],[132.904,34.2897],[132.9045,34.29]]],[[[132.9156,34.2999],[132.9166,34.2987],[132.9184,34.2991],[132.9155,34.2984],[132.9146,34.2971],[132.9157,34.2951],[132.9141,34.2937],[132.9167,34.292],[132.9167,34.2904],[132.9213,34.2929],[132.9241,34.2976],[132.9256,34.2967],[132.9263,34.2946],[132.9261,34.2919],[132.9247,34.2904],[132.9259,34.2875],[132.9251,34.2854],[132.9231,34.2835],[132.9208,34.2836],[132.9197,34.2809],[132.918,34.2818],[132.9165,34.2797],[132.9141,34.2802],[132.9153,34.2834],[132.9121,34.282],[132.9137,34.2845],[132.9116,34.285],[132.9097,34.2831],[132.9099,34.2844],[132.9073,34.2876],[132.9058,34.2842],[132.9049,34.2848],[132.9059,34.2873],[132.9053,34.2891],[132.9075,34.29],[132.9074,34.2947],[132.9113,34.2952],[132.9108,34.296],[132.9129,34.299],[132.9156,34.2999]]],[[[132.9058,34.2926],[132.9059,34.2927],[132.9059,34.2925],[132.9058,34.2926]]],[[[132.9166,34.2943],[132.9167,34.2945],[132.9167,34.2944],[132.9166,34.2943]]],[[[132.904,34.2995],[132.9027,34.2945],[132.9015,34.2944],[132.9013,34.2978],[132.904,34.2995]]],[[[132.9462,34.2986],[132.9455,34.2987],[132.9461,34.299],[132.9462,34.2986]]]]}}]}