{"type":"FeatureCollection","pref_code":"44","features":[{"type":"Feature","properties":{"code":"44201","name":"大分市","pref_code":"44","pref":"大分県"},"geometry":{"type":"MultiPolygon","coordinates":[[[[131.7514,33.2415],[131.7584,33.2403],[131.7594,33.2402],[131.7593,33.2415],[131.7545,33.2415],[131.7546,33.2523],[131.7662,33.2523],[131.7662,33.2502],[131.7696,33.2502],[131.7696,33.245],[131.7729,33.2449],[131.7746,33.2464],[131.7747,33.2524],[131.7787,33.2531],[131.7786,33.2478],[131.7797,33.2477],[131.7714,33.242],[131.7714,33.2411],[131.7762,33.2434],[131.7763,33.2446],[131.7793,33.2458],[131.7792,33.247],[131.7817,33.2453],[131.7873,33.2449],[131.7858,33.2443],[131.7892,33.2435],[131.7894,33.2441],[131.7877,33.2445],[131.7866,33.2459],[131.7895,33.2442],[131.7896,33.2435],[131.8059,33.242],[131.8114,33.2435],[131.8118,33.2437],[131.8117,33.2438],[131.8119,33.2439],[131.812,33.244],[131.812,33.244],[131.8122,33.2441],[131.8123,33.244],[131.8124,33.244],[131.8127,33.2441],[131.8141,33.2446],[131.8142,33.2447],[131.8142,33.2449],[131.8143,33.2448],[131.8146,33.2448],[131.8153,33.2453],[131.8155,33.2453],[131.8154,33.2452],[131.8154,33.2452],[131.8157,33.2451],[131.8163,33.2451],[131.8189,33.2461],[131.8196,33.2458],[131.8201,33.2461],[131.8203,33.2465],[131.8207,33.2465],[131.8208,33.2465],[131.8208,33.2465],[131.8226,33.2463],[131.822,33.2471],[131.8254,33.2465],[131.8265,33.2473],[131.8279,33.2472],[131.8282,33.2478],[131.8294,33.2477],[131.8296,33.2482],[131.8298,33.2482],[131.8298,33.2481],[131.83,33.2481],[131.8306,33.2482],[131.8315,33.2486],[131.8317,33.2484],[131.8322,33.2478],[131.833,33.2475],[131.8355,33.2475],[131.8375,33.2485],[131.8372,33.2492],[131.8378,33.2487],[131.8381,33.25],[131.8408,33.2484],[131.8427,33.2498],[131.8422,33.2518],[131.8501,33.2521],[131.853,33.2552],[131.8564,33.2557],[131.8579,33.2554],[131.8599,33.2526],[131.8636,33.2531],[131.866,33.2521],[131.8642,33.251],[131.8655,33.2515],[131.8646,33.2505],[131.8653,33.2498],[131.8669,33.2502],[131.8718,33.25],[131.8687,33.25],[131.8685,33.2492],[131.8708,33.2488],[131.8721,33.2492],[131.8719,33.2496],[131.8729,33.25],[131.8723,33.2492],[131.8744,33.2495],[131.8738,33.2505],[131.875,33.2507],[131.875,33.2518],[131.8709,33.2531],[131.8704,33.2523],[131.8709,33.2531],[131.8672,33.2586],[131.8678,33.2595],[131.8733,33.2615],[131.8752,33.2628],[131.8818,33.2632],[131.8808,33.2638],[131.8894,33.2667],[131.892,33.2687],[131.8928,33.2673],[131.8936,33.2669],[131.9027,33.2678],[131.9031,33.2674],[131.9029,33.2667],[131.9032,33.2664],[131.9031,33.2664],[131.9024,33.2658],[131.9023,33.2651],[131.9039,33.263],[131.8989,33.2594],[131.8979,33.2576],[131.8978,33.2548],[131.8954,33.2533],[131.8964,33.2545],[131.8957,33.255],[131.895,33.2528],[131.8935,33.2523],[131.8943,33.2513],[131.8926,33.2495],[131.8932,33.2469],[131.8921,33.246],[131.8919,33.2455],[131.892,33.2453],[131.8904,33.2454],[131.8895,33.2437],[131.8891,33.2441],[131.8885,33.2441],[131.8856,33.2435],[131.8859,33.2446],[131.8833,33.2445],[131.883,33.2434],[131.8826,33.2443],[131.8794,33.2445],[131.8784,33.2436],[131.8786,33.245],[131.8798,33.2452],[131.8787,33.246],[131.877,33.2457],[131.878,33.2448],[131.8773,33.2444],[131.8758,33.2445],[131.876,33.2434],[131.8769,33.2438],[131.8779,33.2438],[131.8761,33.2426],[131.8771,33.2426],[131.8783,33.243],[131.8788,33.2431],[131.8758,33.2405],[131.8753,33.2391],[131.8761,33.2389],[131.8766,33.2403],[131.8768,33.2405],[131.8773,33.2403],[131.8759,33.2385],[131.8747,33.2384],[131.8716,33.236],[131.8711,33.233],[131.8718,33.2313],[131.8727,33.2322],[131.8737,33.231],[131.8734,33.2293],[131.8749,33.2286],[131.8771,33.2298],[131.8768,33.2276],[131.8773,33.2261],[131.8767,33.2242],[131.8768,33.2239],[131.8766,33.224],[131.8757,33.2223],[131.8757,33.2219],[131.8731,33.2214],[131.8722,33.2206],[131.8728,33.2188],[131.8722,33.2178],[131.8722,33.2171],[131.8725,33.2169],[131.8722,33.2165],[131.8725,33.2163],[131.872,33.2163],[131.8717,33.2161],[131.8718,33.2158],[131.8717,33.216],[131.8693,33.2153],[131.8659,33.213],[131.8637,33.2104],[131.8627,33.2074],[131.8632,33.2074],[131.8615,33.2054],[131.8616,33.204],[131.8613,33.2053],[131.8607,33.2045],[131.863,33.2021],[131.8636,33.2019],[131.8669,33.203],[131.8674,33.2037],[131.8682,33.2033],[131.8681,33.2032],[131.8684,33.203],[131.8683,33.203],[131.8685,33.2028],[131.8686,33.2028],[131.8686,33.2028],[131.8686,33.2028],[131.869,33.2024],[131.8688,33.2023],[131.8693,33.2018],[131.8647,33.1984],[131.8628,33.1958],[131.8621,33.1942],[131.8608,33.1938],[131.8618,33.1949],[131.8607,33.1944],[131.8593,33.1949],[131.8592,33.195],[131.8603,33.1946],[131.8607,33.1954],[131.8575,33.1959],[131.857,33.1957],[131.8566,33.1955],[131.8555,33.1948],[131.8554,33.1948],[131.855,33.1947],[131.8542,33.1943],[131.8505,33.1916],[131.8493,33.1903],[131.8491,33.1883],[131.8482,33.1885],[131.8456,33.1985],[131.8383,33.2075],[131.8291,33.2047],[131.8263,33.2049],[131.8223,33.2023],[131.8218,33.2004],[131.8136,33.1997],[131.8054,33.1968],[131.8013,33.1949],[131.7973,33.1902],[131.7949,33.1899],[131.7909,33.1925],[131.7844,33.1905],[131.7813,33.1872],[131.7787,33.1863],[131.7754,33.1873],[131.7743,33.1856],[131.7704,33.1852],[131.7682,33.1838],[131.7655,33.184],[131.7635,33.1822],[131.7595,33.1815],[131.7555,33.1822],[131.7505,33.1751],[131.7478,33.1747],[131.7445,33.1724],[131.7365,33.1769],[131.7286,33.1709],[131.7263,33.1642],[131.7237,33.1629],[131.7181,33.1552],[131.7191,33.1531],[131.7229,33.1515],[131.7244,33.1484],[131.721,33.1424],[131.7206,33.1379],[131.7159,33.1352],[131.7166,33.1322],[131.7197,33.1303],[131.7199,33.1282],[131.7179,33.1268],[131.716,33.1211],[131.712,33.1147],[131.712,33.1129],[131.7145,33.1131],[131.7153,33.1112],[131.7124,33.11],[131.7101,33.1074],[131.7138,33.102],[131.7076,33.0969],[131.704,33.092],[131.7048,33.0892],[131.7043,33.0851],[131.7061,33.0823],[131.7066,33.0785],[131.7041,33.0766],[131.6983,33.0777],[131.6975,33.0764],[131.6933,33.0762],[131.6866,33.0828],[131.6835,33.0818],[131.6785,33.0858],[131.6789,33.0873],[131.6756,33.0882],[131.6725,33.0868],[131.6684,33.0875],[131.663,33.0906],[131.6608,33.0885],[131.6559,33.0868],[131.6542,33.0848],[131.6543,33.0827],[131.6495,33.0834],[131.6441,33.0821],[131.643,33.0827],[131.6412,33.0871],[131.6378,33.0887],[131.6353,33.0882],[131.6282,33.0901],[131.6284,33.0913],[131.6267,33.091],[131.6252,33.0926],[131.6157,33.0957],[131.6061,33.1023],[131.5994,33.1033],[131.5976,33.1021],[131.5939,33.1022],[131.5915,33.0993],[131.5878,33.0975],[131.584,33.0992],[131.5832,33.1011],[131.5776,33.1004],[131.5709,33.1059],[131.5684,33.1089],[131.5686,33.1105],[131.5645,33.1117],[131.5594,33.1105],[131.5569,33.1136],[131.5565,33.1159],[131.5543,33.1172],[131.5568,33.1188],[131.5549,33.1204],[131.5533,33.1197],[131.5525,33.1174],[131.5427,33.1168],[131.5414,33.1144],[131.54,33.114],[131.5394,33.1112],[131.5324,33.1099],[131.5309,33.1078],[131.5255,33.1066],[131.5217,33.1025],[131.5155,33.1025],[131.5143,33.1011],[131.5064,33.1003],[131.4965,33.0921],[131.502,33.0867],[131.4994,33.0841],[131.4977,33.0794],[131.4952,33.0762],[131.4915,33.0762],[131.4854,33.0738],[131.486,33.0785],[131.4829,33.079],[131.4821,33.0783],[131.4828,33.0737],[131.4802,33.0723],[131.4755,33.0723],[131.4749,33.0704],[131.472,33.0697],[131.4694,33.0718],[131.4642,33.0717],[131.4626,33.0744],[131.4588,33.0763],[131.4555,33.0832],[131.4559,33.0856],[131.4542,33.09],[131.4549,33.0932],[131.4567,33.0948],[131.4559,33.0969],[131.4541,33.0965],[131.4523,33.0939],[131.4485,33.0945],[131.444,33.0936],[131.4418,33.0913],[131.4407,33.088],[131.4317,33.0828],[131.4238,33.0792],[131.4202,33.0806],[131.42,33.0847],[131.422,33.0892],[131.4187,33.0921],[131.4188,33.0957],[131.4232,33.097],[131.4241,33.0994],[131.4283,33.1006],[131.4308,33.1033],[131.4308,33.1048],[131.4337,33.1091],[131.4308,33.1133],[131.4322,33.117],[131.4348,33.1196],[131.4289,33.1234],[131.4274,33.1274],[131.4294,33.1311],[131.4391,33.1356],[131.4439,33.1426],[131.4476,33.143],[131.4496,33.1415],[131.4531,33.143],[131.4582,33.139],[131.4596,33.1423],[131.4582,33.1454],[131.4599,33.1472],[131.4632,33.1477],[131.4664,33.1458],[131.4735,33.1536],[131.4856,33.1601],[131.4896,33.1604],[131.4898,33.1659],[131.4914,33.1693],[131.4932,33.1684],[131.4935,33.1669],[131.4984,33.1675],[131.5009,33.166],[131.5026,33.1664],[131.5044,33.1692],[131.5048,33.1733],[131.5087,33.1801],[131.5163,33.1857],[131.5154,33.187],[131.5176,33.1879],[131.5194,33.1902],[131.5189,33.1908],[131.5228,33.1917],[131.5254,33.1935],[131.5274,33.1927],[131.5298,33.1953],[131.5328,33.1937],[131.5326,33.1946],[131.5341,33.195],[131.5319,33.1981],[131.5361,33.1995],[131.5319,33.205],[131.5342,33.2078],[131.5377,33.209],[131.5373,33.212],[131.5336,33.2129],[131.5325,33.2158],[131.5336,33.2175],[131.5333,33.2193],[131.5364,33.2189],[131.5355,33.2213],[131.5366,33.2217],[131.5367,33.2243],[131.5378,33.2242],[131.5365,33.2292],[131.5382,33.2341],[131.5374,33.2367],[131.5401,33.2375],[131.543,33.2343],[131.5437,33.2359],[131.5422,33.2403],[131.5405,33.2415],[131.5416,33.2428],[131.5406,33.2435],[131.5392,33.2431],[131.5337,33.2456],[131.5325,33.244],[131.5298,33.2452],[131.5286,33.2443],[131.5244,33.2489],[131.5193,33.2492],[131.5163,33.2541],[131.5158,33.2591],[131.5177,33.2627],[131.5178,33.2653],[131.5257,33.2651],[131.5325,33.2601],[131.5338,33.2604],[131.5393,33.2575],[131.5411,33.2574],[131.5419,33.2586],[131.5423,33.2576],[131.5476,33.2566],[131.5512,33.2575],[131.5517,33.2587],[131.5797,33.2486],[131.5833,33.2504],[131.5847,33.25],[131.5857,33.2514],[131.5849,33.2496],[131.5832,33.2502],[131.5823,33.2491],[131.5834,33.2484],[131.5842,33.2494],[131.5843,33.2494],[131.5846,33.2483],[131.5833,33.2477],[131.5842,33.2468],[131.5849,33.2475],[131.5848,33.2467],[131.5869,33.2463],[131.5878,33.2478],[131.5893,33.2456],[131.5912,33.2466],[131.5932,33.246],[131.594,33.2471],[131.5919,33.2504],[131.5873,33.2513],[131.5873,33.2514],[131.5933,33.2502],[131.5983,33.2524],[131.597,33.2544],[131.5975,33.2555],[131.5972,33.2544],[131.6003,33.251],[131.5986,33.2502],[131.6015,33.2496],[131.6004,33.2507],[131.6017,33.2496],[131.6081,33.2536],[131.6065,33.2545],[131.6017,33.2531],[131.5992,33.2566],[131.6143,33.2621],[131.6208,33.2628],[131.6203,33.2591],[131.6241,33.2602],[131.6247,33.2643],[131.6585,33.2732],[131.6582,33.274],[131.6592,33.2773],[131.6587,33.2732],[131.6611,33.2731],[131.6665,33.258],[131.6687,33.2583],[131.6724,33.2602],[131.667,33.2747],[131.6684,33.2753],[131.6681,33.2762],[131.6637,33.278],[131.6682,33.2764],[131.6686,33.2754],[131.6759,33.278],[131.6769,33.2795],[131.676,33.278],[131.6796,33.2681],[131.6851,33.2663],[131.6866,33.268],[131.6837,33.271],[131.6807,33.279],[131.6814,33.2792],[131.6794,33.2801],[131.6919,33.2794],[131.7052,33.2746],[131.7155,33.2689],[131.7102,33.2614],[131.7128,33.2598],[131.7185,33.2665],[131.7344,33.2567],[131.734,33.2514],[131.7364,33.25],[131.7376,33.2514],[131.7432,33.249],[131.7419,33.253],[131.7442,33.253],[131.7466,33.2484],[131.7513,33.2483],[131.7513,33.2469],[131.7476,33.2453],[131.7468,33.2438],[131.7514,33.2415]]],[[[131.8101,33.2433],[131.8101,33.2434],[131.8102,33.2434],[131.8101,33.2433]]],[[[131.8103,33.2435],[131.8103,33.2434],[131.8103,33.2434],[131.8103,33.2435]]],[[[131.8109,33.2435],[131.8109,33.2435],[131.8109,33.2436],[131.8109,33.2435]]],[[[131.811,33.2436],[131.811,33.2436],[131.811,33.2436],[131.811,33.2436]]],[[[131.8106,33.2437],[131.8106,33.2436],[131.8106,33.2436],[131.8106,33.2437]]],[[[131.8107,33.2437],[131.8107,33.2437],[131.8107,33.2437],[131.8107,33.2437]]],[[[131.811,33.2437],[131.811,33.2437],[131.8109,33.2437],[131.811,33.2437]]],[[[131.8109,33.2437],[131.811,33.2437],[131.8108,33.2437],[131.8109,33.2437]]],[[[131.8117,33.2439],[131.8117,33.2439],[131.8116,33.2439],[131.8117,33.2439]]],[[[131.8119,33.2439],[131.8118,33.2439],[131.8119,33.244],[131.8119,33.2439]]],[[[131.8119,33.244],[131.8119,33.2439],[131.8119,33.244],[131.8119,33.244]]],[[[131.8124,33.244],[131.8123,33.244],[131.8124,33.2441],[131.8124,33.244]]],[[[131.8123,33.2441],[131.8123,33.2441],[131.8123,33.2441],[131.8123,33.2441]]],[[[131.8133,33.2444],[131.8132,33.2444],[131.8132,33.2444],[131.8133,33.2444]]],[[[131.8133,33.2444],[131.8133,33.2444],[131.8133,33.2444],[131.8133,33.2444]]],[[[131.8136,33.2444],[131.8136,33.2444],[131.8136,33.2444],[131.8136,33.2444]]],[[[131.8134,33.2445],[131.8134,33.2444],[131.8134,33.2444],[131.8134,33.2445]]],[[[131.813,33.2445],[131.813,33.2444],[131.813,33.2444],[131.813,33.2445]]],[[[131.8131,33.2445],[131.8131,33.2444],[131.8131,33.2445],[131.8131,33.2445]]],[[[131.8141,33.2447],[131.8141,33.2447],[131.8141,33.2447],[131.8141,33.2447]]],[[[131.8138,33.2448],[131.8138,33.2448],[131.8138,33.2448],[131.8138,33.2448]]],[[[131.8139,33.2448],[131.8139,33.2448],[131.8139,33.2448],[131.8139,33.2448]]],[[[131.8139,33.2448],[131.8139,33.2448],[131.8139,33.2448],[131.8139,33.2448]]],[[[131.8141,33.2448],[131.8141,33.2448],[131.8141,33.2448],[131.8141,33.2448]]],[[[131.8144,33.2449],[131.8143,33.2448],[131.8143,33.2449],[131.8144,33.2449]]],[[[131.814,33.2448],[131.8141,33.2449],[131.8141,33.2449],[131.814,33.2448]]],[[[131.8148,33.245],[131.8148,33.245],[131.8147,33.245],[131.8148,33.245]]],[[[131.815,33.2452],[131.815,33.2452],[131.815,33.2452],[131.815,33.2452]]],[[[131.8156,33.2452],[131.8154,33.2452],[131.8155,33.2452],[131.8156,33.2452]]],[[[131.8171,33.2454],[131.817,33.2454],[131.817,33.2454],[131.8171,33.2454]]],[[[131.8171,33.2455],[131.8171,33.2455],[131.8171,33.2455],[131.8171,33.2455]]],[[[131.8171,33.2456],[131.8171,33.2456],[131.8171,33.2456],[131.8171,33.2456]]],[[[131.8171,33.2456],[131.8171,33.2456],[131.8171,33.2456],[131.8171,33.2456]]],[[[131.8173,33.2456],[131.8171,33.2456],[131.8173,33.2457],[131.8173,33.2456]]],[[[131.8174,33.2457],[131.8174,33.2457],[131.8174,33.2457],[131.8174,33.2457]]],[[[131.8172,33.2458],[131.8171,33.2457],[131.8172,33.2458],[131.8172,33.2458]]],[[[131.8173,33.2458],[131.8173,33.2457],[131.8172,33.2457],[131.8173,33.2458]]],[[[131.8176,33.2458],[131.8176,33.2457],[131.8175,33.2457],[131.8176,33.2458]]],[[[131.8175,33.2458],[131.8175,33.2458],[131.8176,33.2458],[131.8175,33.2458]]],[[[131.8173,33.2458],[131.8173,33.2458],[131.8173,33.2458],[131.8173,33.2458]]],[[[131.8171,33.2458],[131.8171,33.2458],[131.8171,33.2458],[131.8171,33.2458]]],[[[131.8178,33.2458],[131.8178,33.2458],[131.8178,33.2458],[131.8178,33.2458]]],[[[131.8174,33.2458],[131.8175,33.2458],[131.8175,33.2458],[131.8174,33.2458]]],[[[131.818,33.2458],[131.8179,33.2458],[131.818,33.2459],[131.818,33.2458]]],[[[131.8181,33.2459],[131.8182,33.2459],[131.818,33.2459],[131.8181,33.2459]]],[[[131.8199,33.246],[131.8198,33.246],[131.8199,33.246],[131.8199,33.246]]],[[[131.8184,33.2461],[131.8184,33.2461],[131.8184,33.2461],[131.8184,33.2461]]],[[[131.8185,33.2461],[131.8185,33.2461],[131.8185,33.2461],[131.8185,33.2461]]],[[[131.8198,33.2461],[131.8199,33.2461],[131.8199,33.2461],[131.8198,33.2461]]],[[[131.8188,33.2461],[131.8187,33.2461],[131.8188,33.2461],[131.8188,33.2461]]],[[[131.8188,33.2462],[131.8189,33.2462],[131.8188,33.2461],[131.8188,33.2462]]],[[[131.8199,33.2463],[131.8199,33.2463],[131.82,33.2463],[131.8199,33.2463]]],[[[131.82,33.2463],[131.8199,33.2463],[131.8199,33.2463],[131.82,33.2463]]],[[[131.8205,33.2465],[131.8205,33.2465],[131.8205,33.2465],[131.8205,33.2465]]],[[[131.822,33.2466],[131.822,33.2466],[131.822,33.2466],[131.822,33.2466]]],[[[131.8205,33.2466],[131.8205,33.2466],[131.8205,33.2466],[131.8205,33.2466]]],[[[131.8249,33.2467],[131.825,33.2468],[131.825,33.2467],[131.8249,33.2467]]],[[[131.8246,33.247],[131.8247,33.2469],[131.8246,33.2469],[131.8246,33.247]]],[[[131.8228,33.247],[131.8228,33.2471],[131.8228,33.2471],[131.8228,33.247]]],[[[131.8226,33.2471],[131.8226,33.2471],[131.8226,33.2471],[131.8226,33.2471]]],[[[131.826,33.2471],[131.826,33.2471],[131.826,33.2471],[131.826,33.2471]]],[[[131.8233,33.2471],[131.8233,33.2471],[131.8232,33.2471],[131.8233,33.2471]]],[[[131.824,33.2471],[131.824,33.2471],[131.824,33.2471],[131.824,33.2471]]],[[[131.824,33.2472],[131.8241,33.2472],[131.8241,33.2472],[131.824,33.2472]]],[[[131.8234,33.2472],[131.8235,33.2472],[131.8235,33.2472],[131.8234,33.2472]]],[[[131.8242,33.2472],[131.8242,33.2472],[131.8241,33.2472],[131.8242,33.2472]]],[[[131.8262,33.2472],[131.8261,33.2472],[131.8262,33.2473],[131.8262,33.2472]]],[[[131.8264,33.2473],[131.8264,33.2473],[131.8264,33.2473],[131.8264,33.2473]]],[[[131.8263,33.2474],[131.8263,33.2474],[131.8263,33.2474],[131.8263,33.2474]]],[[[131.8269,33.2474],[131.8269,33.2474],[131.8269,33.2474],[131.8269,33.2474]]],[[[131.8265,33.2475],[131.8264,33.2474],[131.8264,33.2475],[131.8265,33.2475]]],[[[131.8288,33.2478],[131.8288,33.2478],[131.8288,33.2478],[131.8288,33.2478]]],[[[131.8284,33.2479],[131.8284,33.2478],[131.8284,33.2478],[131.8284,33.2479]]],[[[131.8299,33.2481],[131.8299,33.2481],[131.8299,33.2481],[131.8299,33.2481]]],[[[131.83,33.2482],[131.83,33.2482],[131.83,33.2482],[131.83,33.2482]]],[[[131.8305,33.2482],[131.8305,33.2482],[131.8305,33.2482],[131.8305,33.2482]]],[[[131.8303,33.2482],[131.8303,33.2482],[131.8303,33.2482],[131.8303,33.2482]]],[[[131.8303,33.2483],[131.8303,33.2483],[131.8303,33.2483],[131.8303,33.2483]]],[[[131.8306,33.2483],[131.8306,33.2483],[131.8306,33.2483],[131.8306,33.2483]]],[[[131.8311,33.2485],[131.8311,33.2485],[131.8311,33.2485],[131.8311,33.2485]]],[[[131.8311,33.2485],[131.8311,33.2485],[131.831,33.2485],[131.8311,33.2485]]],[[[131.8311,33.2485],[131.8312,33.2485],[131.8312,33.2485],[131.8311,33.2485]]],[[[131.831,33.2486],[131.831,33.2485],[131.831,33.2485],[131.831,33.2486]]],[[[131.8313,33.2487],[131.8313,33.2487],[131.8313,33.2487],[131.8313,33.2487]]],[[[131.7708,33.2581],[131.7765,33.2533],[131.7707,33.2581],[131.7708,33.2581]]],[[[131.5458,33.2576],[131.5484,33.2578],[131.5463,33.2572],[131.5458,33.2576]]],[[[131.5432,33.2582],[131.5449,33.2579],[131.5433,33.2581],[131.5432,33.2582]]],[[[131.5501,33.2581],[131.5494,33.2581],[131.5502,33.2583],[131.5501,33.2581]]],[[[131.7429,33.2572],[131.7665,33.2565],[131.7429,33.2572],[131.7385,33.2604],[131.7429,33.2572]]],[[[131.7658,33.2584],[131.7652,33.2573],[131.7672,33.261],[131.7658,33.2584]]],[[[131.7279,33.2668],[131.7347,33.2633],[131.7338,33.2632],[131.7279,33.2668]]],[[[131.7149,33.2693],[131.7164,33.2699],[131.7165,33.2699],[131.7149,33.2693]]],[[[131.8498,33.1905],[131.8498,33.1905],[131.8498,33.1904],[131.8498,33.1905]]],[[[131.8498,33.1905],[131.8498,33.1905],[131.8499,33.1905],[131.8498,33.1905]]],[[[131.8591,33.1915],[131.8592,33.1916],[131.8592,33.1916],[131.8591,33.1915]]],[[[131.8593,33.1916],[131.8592,33.1916],[131.8593,33.1916],[131.8593,33.1916]]],[[[131.8591,33.1916],[131.8592,33.1916],[131.8591,33.1916],[131.8591,33.1916]]],[[[131.8593,33.1917],[131.8591,33.1917],[131.8593,33.1917],[131.8593,33.1917]]],[[[131.8508,33.1917],[131.8508,33.1917],[131.8508,33.1917],[131.8508,33.1917]]],[[[131.8595,33.1918],[131.8595,33.1917],[131.8595,33.1918],[131.8595,33.1918]]],[[[131.8588,33.1919],[131.859,33.1921],[131.8593,33.1917],[131.8588,33.1919]]],[[[131.8515,33.192],[131.8515,33.192],[131.8514,33.192],[131.8515,33.192]]],[[[131.8517,33.192],[131.8517,33.1921],[131.8517,33.192],[131.8517,33.192]]],[[[131.8518,33.1921],[131.8518,33.1921],[131.8518,33.1921],[131.8518,33.1921]]],[[[131.8595,33.1921],[131.8595,33.1921],[131.8595,33.1921],[131.8595,33.1921]]],[[[131.8606,33.1921],[131.8606,33.1921],[131.8606,33.1921],[131.8606,33.1921]]],[[[131.852,33.1921],[131.8519,33.1921],[131.8519,33.1921],[131.852,33.1921]]],[[[131.8604,33.1922],[131.8604,33.1922],[131.8604,33.1922],[131.8604,33.1922]]],[[[131.8604,33.1923],[131.8604,33.1923],[131.8604,33.1923],[131.8604,33.1923]]],[[[131.8607,33.1923],[131.8608,33.1923],[131.8607,33.1923],[131.8607,33.1923]]],[[[131.8605,33.1923],[131.8604,33.1923],[131.8602,33.1922],[131.8605,33.1924],[131.8605,33.1923]]],[[[131.8603,33.1924],[131.8604,33.1924],[131.8603,33.1924],[131.8603,33.1924]]],[[[131.8525,33.1924],[131.8525,33.1924],[131.8525,33.1924],[131.8525,33.1924]]],[[[131.8607,33.1924],[131.8606,33.1924],[131.8606,33.1924],[131.8607,33.1924]]],[[[131.8604,33.1925],[131.8604,33.1924],[131.8604,33.1925],[131.8604,33.1925]]],[[[131.8524,33.1925],[131.8525,33.1925],[131.8524,33.1925],[131.8524,33.1925]]],[[[131.8604,33.1925],[131.8602,33.1924],[131.8602,33.1925],[131.8604,33.1925],[131.8604,33.1925]]],[[[131.8526,33.1925],[131.8526,33.1925],[131.8526,33.1925],[131.8526,33.1925]]],[[[131.8603,33.1925],[131.8604,33.1925],[131.8604,33.1925],[131.8603,33.1925]]],[[[131.8526,33.1925],[131.8526,33.1925],[131.8526,33.1925],[131.8526,33.1925]]],[[[131.8525,33.1925],[131.8526,33.1925],[131.8525,33.1925],[131.8525,33.1925]]],[[[131.8604,33.1926],[131.8605,33.1925],[131.8604,33.1925],[131.8604,33.1926]]],[[[131.8615,33.1925],[131.8615,33.1926],[131.8615,33.1925],[131.8615,33.1925]]],[[[131.8604,33.1927],[131.8603,33.1925],[131.8602,33.1926],[131.8604,33.1927]]],[[[131.8616,33.1926],[131.8616,33.1926],[131.8616,33.1926],[131.8616,33.1926]]],[[[131.8617,33.1927],[131.8616,33.1927],[131.8616,33.1927],[131.8617,33.1927]]],[[[131.8614,33.1927],[131.8614,33.1927],[131.8614,33.1927],[131.8614,33.1927]]],[[[131.862,33.1927],[131.8621,33.1927],[131.8621,33.1927],[131.862,33.1927]]],[[[131.8602,33.1927],[131.8602,33.1927],[131.8602,33.1927],[131.8602,33.1927]]],[[[131.8612,33.1927],[131.8613,33.1928],[131.8612,33.1926],[131.8612,33.1927]]],[[[131.8621,33.1927],[131.8621,33.1927],[131.8621,33.1928],[131.8621,33.1927]]],[[[131.8618,33.1928],[131.8618,33.1927],[131.8618,33.1928],[131.8618,33.1928]]],[[[131.8616,33.1928],[131.8613,33.1927],[131.8616,33.1928],[131.8616,33.1928]]],[[[131.8619,33.1928],[131.8619,33.1928],[131.8619,33.1928],[131.8619,33.1928]]],[[[131.8621,33.1928],[131.8621,33.1928],[131.8621,33.1928],[131.8621,33.1928]]],[[[131.8619,33.1928],[131.8619,33.1928],[131.8619,33.1928],[131.8619,33.1928]]],[[[131.8622,33.1929],[131.8622,33.1928],[131.8622,33.1928],[131.8622,33.1929]]],[[[131.8621,33.1928],[131.8621,33.1929],[131.8621,33.1929],[131.8621,33.1928]]],[[[131.8613,33.1929],[131.8613,33.1929],[131.8613,33.1929],[131.8613,33.1929]]],[[[131.8621,33.1929],[131.8621,33.1929],[131.8621,33.1929],[131.8621,33.1929]]],[[[131.862,33.1929],[131.8616,33.1929],[131.862,33.1929],[131.862,33.1929]]],[[[131.8622,33.1929],[131.8622,33.1929],[131.8622,33.1929],[131.8622,33.1929]]],[[[131.8621,33.1929],[131.8621,33.1929],[131.8621,33.1929],[131.8621,33.1929]]],[[[131.8622,33.1929],[131.8622,33.1929],[131.8622,33.1929],[131.8622,33.1929]]],[[[131.8613,33.1929],[131.8613,33.193],[131.8613,33.1929],[131.8613,33.1929]]],[[[131.8616,33.193],[131.8615,33.193],[131.8615,33.193],[131.8616,33.193]]],[[[131.862,33.1931],[131.8621,33.1931],[131.862,33.1931],[131.862,33.1931]]],[[[131.8622,33.1932],[131.8621,33.1932],[131.8622,33.1932],[131.8622,33.1932]]],[[[131.8621,33.1932],[131.8621,33.1932],[131.8621,33.1932],[131.8621,33.1932]]],[[[131.8622,33.1932],[131.8622,33.1932],[131.8622,33.1932],[131.8622,33.1932]]],[[[131.862,33.1932],[131.8621,33.1932],[131.8621,33.1932],[131.862,33.1932]]],[[[131.8622,33.1933],[131.8622,33.1932],[131.8621,33.1932],[131.8622,33.1933]]],[[[131.8556,33.1947],[131.8557,33.1947],[131.8557,33.1947],[131.8556,33.1947],[131.8556,33.1947]]],[[[131.8557,33.1948],[131.8557,33.1947],[131.8557,33.1947],[131.8557,33.1948]]],[[[131.8557,33.1948],[131.8557,33.1948],[131.8556,33.1947],[131.8557,33.1948]]],[[[131.8558,33.1948],[131.8558,33.1948],[131.8558,33.1948],[131.8558,33.1948]]],[[[131.8565,33.1954],[131.8565,33.1954],[131.8565,33.1954],[131.8565,33.1954]]],[[[131.857,33.1957],[131.8569,33.1957],[131.8569,33.1957],[131.857,33.1957]]],[[[131.8571,33.1957],[131.8571,33.1957],[131.8571,33.1957],[131.8571,33.1957]]],[[[131.8621,33.2055],[131.8621,33.2055],[131.8621,33.2055],[131.8621,33.2055]]],[[[131.862,33.2055],[131.862,33.2055],[131.862,33.2055],[131.862,33.2055]]],[[[131.8618,33.2056],[131.8618,33.2055],[131.8618,33.2055],[131.8618,33.2056]]],[[[131.862,33.2056],[131.862,33.2056],[131.862,33.2056],[131.862,33.2056]]],[[[131.8619,33.2056],[131.8619,33.2056],[131.8619,33.2056],[131.8619,33.2056]]],[[[131.8621,33.2056],[131.862,33.2056],[131.8621,33.2056],[131.8621,33.2056]]],[[[131.8619,33.2056],[131.862,33.2056],[131.8619,33.2056],[131.8619,33.2056]]],[[[131.8621,33.2056],[131.8621,33.2056],[131.8621,33.2056],[131.8621,33.2056]]],[[[131.8619,33.2057],[131.8619,33.2056],[131.8619,33.2057],[131.8619,33.2057]]],[[[131.8322,33.2479],[131.8322,33.2479],[131.8322,33.2479],[131.8322,33.2479]]],[[[131.8321,33.248],[131.8322,33.248],[131.8322,33.248],[131.8321,33.248]]],[[[131.8322,33.248],[131.8322,33.248],[131.8323,33.248],[131.8322,33.248]]],[[[131.8321,33.248],[131.8321,33.248],[131.8322,33.248],[131.8321,33.248]]],[[[131.8322,33.2481],[131.8322,33.2481],[131.8322,33.2481],[131.8322,33.2481]]],[[[131.8317,33.2485],[131.8317,33.2485],[131.8317,33.2485],[131.8317,33.2485]]],[[[131.8316,33.2486],[131.8316,33.2486],[131.8317,33.2487],[131.8316,33.2486]]],[[[131.8314,33.2487],[131.8315,33.2487],[131.8314,33.2486],[131.8314,33.2487]]],[[[131.8316,33.2486],[131.8316,33.2487],[131.8316,33.2487],[131.8316,33.2486]]],[[[131.8315,33.2487],[131.8315,33.2487],[131.8315,33.2487],[131.8315,33.2487]]],[[[131.8317,33.2487],[131.8317,33.2487],[131.8317,33.2487],[131.8317,33.2487]]],[[[131.8432,33.252],[131.8431,33.2519],[131.843,33.252],[131.8432,33.252]]],[[[131.8426,33.2519],[131.8426,33.252],[131.8426,33.2519],[131.8426,33.2519]]],[[[131.8429,33.2521],[131.843,33.252],[131.8429,33.252],[131.8429,33.2521]]],[[[131.8576,33.2555],[131.8576,33.2556],[131.8577,33.2555],[131.8576,33.2555]]],[[[131.8578,33.2556],[131.8578,33.2555],[131.8578,33.2556],[131.8578,33.2556]]],[[[131.8567,33.2557],[131.8567,33.2557],[131.8567,33.2557],[131.8567,33.2557]]],[[[131.8622,33.1924],[131.8622,33.1925],[131.8622,33.1924],[131.8622,33.1924]]],[[[131.8623,33.1927],[131.8623,33.1927],[131.8622,33.1927],[131.8623,33.1927]]],[[[131.8623,33.1929],[131.8623,33.1929],[131.8624,33.1929],[131.8623,33.1929]]],[[[131.8627,33.193],[131.8627,33.193],[131.8626,33.193],[131.8627,33.193]]],[[[131.8623,33.193],[131.862,33.193],[131.8624,33.193],[131.8623,33.193]]],[[[131.8628,33.1931],[131.8628,33.1931],[131.8628,33.1931],[131.8628,33.1931]]],[[[131.8628,33.1931],[131.8629,33.1931],[131.8629,33.1931],[131.8628,33.1931]]],[[[131.8623,33.1932],[131.8623,33.1931],[131.8623,33.1931],[131.8623,33.1932]]],[[[131.8626,33.1932],[131.8626,33.1931],[131.8626,33.1931],[131.8626,33.1932]]],[[[131.8627,33.1932],[131.8627,33.1931],[131.8627,33.1931],[131.8627,33.1932]]],[[[131.8624,33.1932],[131.8624,33.1932],[131.8624,33.1932],[131.8626,33.1932],[131.8624,33.1931],[131.8624,33.1932]]],[[[131.8627,33.1932],[131.8626,33.1932],[131.8626,33.1932],[131.8627,33.1932]]],[[[131.8624,33.1933],[131.8625,33.1933],[131.8624,33.1933],[131.8624,33.1932],[131.8624,33.1932],[131.8623,33.1932],[131.8624,33.1933]]],[[[131.8625,33.1933],[131.8624,33.1932],[131.8624,33.1933],[131.8625,33.1933]]],[[[131.8622,33.1933],[131.8622,33.1933],[131.8622,33.1933],[131.8622,33.1933]]],[[[131.8627,33.1933],[131.8627,33.1933],[131.8627,33.1933],[131.8627,33.1933]]],[[[131.8627,33.1933],[131.8627,33.1933],[131.8627,33.1933],[131.8627,33.1933]]],[[[131.8625,33.1935],[131.8625,33.1935],[131.8625,33.1934],[131.8625,33.1935]]],[[[131.8624,33.1935],[131.8625,33.1935],[131.8625,33.1935],[131.8624,33.1935]]],[[[131.8627,33.1948],[131.8627,33.1948],[131.8627,33.1948],[131.8627,33.1948]]],[[[131.8627,33.1949],[131.8627,33.1949],[131.8627,33.1949],[131.8627,33.1949]]],[[[131.8626,33.1949],[131.8626,33.1949],[131.8626,33.1949],[131.8626,33.1949]]],[[[131.8626,33.1949],[131.8626,33.1949],[131.8626,33.195],[131.8626,33.1949]]],[[[131.8627,33.195],[131.8627,33.195],[131.8627,33.195],[131.8627,33.195]]],[[[131.8625,33.195],[131.8626,33.195],[131.8625,33.195],[131.8625,33.195]]],[[[131.8625,33.195],[131.8626,33.195],[131.8625,33.195],[131.8625,33.195]]],[[[131.8625,33.195],[131.8625,33.195],[131.8625,33.195],[131.8625,33.195]]],[[[131.8629,33.1951],[131.8631,33.195],[131.8628,33.195],[131.8629,33.1951]]],[[[131.8626,33.195],[131.8626,33.1951],[131.8626,33.1951],[131.8626,33.195]]],[[[131.8627,33.1951],[131.8628,33.1951],[131.8626,33.1951],[131.8627,33.1951]]],[[[131.863,33.1951],[131.863,33.1951],[131.863,33.1951],[131.863,33.1951]]],[[[131.8629,33.1951],[131.8629,33.1951],[131.8628,33.1951],[131.8629,33.1951]]],[[[131.8627,33.1952],[131.8627,33.1951],[131.8627,33.1952],[131.8627,33.1952]]],[[[131.863,33.1952],[131.863,33.1952],[131.863,33.1952],[131.863,33.1952]]],[[[131.8626,33.1952],[131.8626,33.1952],[131.8627,33.1952],[131.8626,33.1952]]],[[[131.8627,33.1952],[131.8627,33.1952],[131.8627,33.1952],[131.8627,33.1952]]],[[[131.8627,33.1953],[131.8626,33.1952],[131.8626,33.1952],[131.8627,33.1953]]],[[[131.8628,33.1952],[131.8628,33.1953],[131.8629,33.1953],[131.8628,33.1952]]],[[[131.8628,33.1953],[131.8628,33.1953],[131.8628,33.1953],[131.8628,33.1953]]],[[[131.8629,33.1953],[131.8631,33.1953],[131.8629,33.1953],[131.8629,33.1953]]],[[[131.8632,33.1954],[131.8632,33.1954],[131.8632,33.1954],[131.8632,33.1954]]],[[[131.8629,33.1955],[131.8629,33.1955],[131.8629,33.1955],[131.8629,33.1955]]],[[[131.8629,33.1956],[131.8628,33.1956],[131.8628,33.1956],[131.8629,33.1956]]],[[[131.863,33.1956],[131.863,33.1956],[131.863,33.1956],[131.863,33.1956]]],[[[131.8628,33.1956],[131.8629,33.1956],[131.8628,33.1956],[131.8628,33.1956]]],[[[131.8628,33.1956],[131.8629,33.1957],[131.8628,33.1956],[131.8628,33.1956]]],[[[131.863,33.1957],[131.863,33.1957],[131.863,33.1957],[131.863,33.1957]]],[[[131.8629,33.1957],[131.8629,33.1957],[131.8629,33.1957],[131.8629,33.1957]]],[[[131.8629,33.1957],[131.8628,33.1957],[131.8629,33.1958],[131.8629,33.1957]]],[[[131.8629,33.1958],[131.863,33.1958],[131.863,33.1958],[131.8629,33.1958]]],[[[131.863,33.1958],[131.863,33.1958],[131.863,33.1958],[131.863,33.1958]]],[[[131.8628,33.1958],[131.863,33.1959],[131.8628,33.1958],[131.8628,33.1958]]],[[[131.8632,33.1959],[131.8632,33.1959],[131.8631,33.1959],[131.8632,33.1959]]],[[[131.8631,33.1959],[131.8631,33.1959],[131.8632,33.196],[131.8631,33.1959]]],[[[131.8632,33.196],[131.8632,33.196],[131.8631,33.196],[131.8632,33.196]]],[[[131.8636,33.1963],[131.8636,33.1963],[131.8636,33.1963],[131.8636,33.1963]]],[[[131.8637,33.1964],[131.8637,33.1964],[131.8637,33.1964],[131.8637,33.1964]]],[[[131.8639,33.1967],[131.8639,33.1967],[131.8639,33.1967],[131.8639,33.1967]]],[[[131.8639,33.1968],[131.8639,33.1968],[131.8639,33.1968],[131.8639,33.1968]]],[[[131.864,33.1968],[131.864,33.1968],[131.864,33.1968],[131.864,33.1968]]],[[[131.8639,33.1969],[131.8639,33.1969],[131.8639,33.1968],[131.8639,33.1969]]],[[[131.864,33.197],[131.864,33.1969],[131.864,33.1969],[131.864,33.197]]],[[[131.8641,33.1971],[131.8641,33.197],[131.8641,33.1971],[131.8641,33.1971]]],[[[131.8642,33.1972],[131.8642,33.1972],[131.8642,33.1972],[131.8642,33.1972]]],[[[131.8645,33.1973],[131.8644,33.1973],[131.8644,33.1973],[131.8645,33.1973]]],[[[131.8644,33.1976],[131.8644,33.1976],[131.8644,33.1976],[131.8644,33.1976]]],[[[131.8648,33.1984],[131.8648,33.1983],[131.8648,33.1984],[131.8648,33.1984]]],[[[131.8648,33.1984],[131.8648,33.1984],[131.8648,33.1984],[131.8648,33.1984]]],[[[131.8649,33.1985],[131.8649,33.1985],[131.8649,33.1985],[131.8649,33.1985]]],[[[131.8657,33.199],[131.8657,33.199],[131.8657,33.199],[131.8657,33.199]]],[[[131.8668,33.1994],[131.8668,33.1994],[131.8668,33.1994],[131.8668,33.1994]]],[[[131.8671,33.1995],[131.8671,33.1994],[131.8671,33.1995],[131.8671,33.1995]]],[[[131.8669,33.1995],[131.867,33.1994],[131.8668,33.1995],[131.8669,33.1995]]],[[[131.8667,33.1995],[131.8668,33.1995],[131.8668,33.1995],[131.8667,33.1995]]],[[[131.8667,33.1995],[131.8666,33.1995],[131.8666,33.1995],[131.8667,33.1995]]],[[[131.8671,33.1995],[131.8671,33.1995],[131.8671,33.1995],[131.8671,33.1995]]],[[[131.8668,33.1996],[131.8668,33.1995],[131.8668,33.1995],[131.8668,33.1996]]],[[[131.8667,33.1996],[131.8667,33.1995],[131.8667,33.1995],[131.8667,33.1996]]],[[[131.8672,33.1996],[131.8671,33.1996],[131.8671,33.1996],[131.8672,33.1996]]],[[[131.8671,33.1996],[131.8671,33.1996],[131.867,33.1996],[131.8671,33.1996]]],[[[131.867,33.1996],[131.867,33.1996],[131.867,33.1996],[131.867,33.1996]]],[[[131.8637,33.202],[131.8637,33.202],[131.8637,33.202],[131.8637,33.202]]],[[[131.8662,33.2028],[131.8662,33.2028],[131.8662,33.2028],[131.8662,33.2028]]],[[[131.8663,33.2029],[131.8663,33.2029],[131.8663,33.2029],[131.8663,33.2029]]],[[[131.8671,33.2037],[131.8671,33.2037],[131.8671,33.2037],[131.8671,33.2037]]],[[[131.8629,33.2075],[131.8629,33.2074],[131.8629,33.2074],[131.8629,33.2075]]],[[[131.8646,33.2109],[131.8646,33.2109],[131.8645,33.2109],[131.8646,33.2109]]],[[[131.8645,33.2109],[131.8645,33.2109],[131.8644,33.2109],[131.8645,33.2109]]],[[[131.8645,33.211],[131.8645,33.2109],[131.8645,33.2109],[131.8645,33.211]]],[[[131.8646,33.211],[131.8646,33.211],[131.8645,33.211],[131.8646,33.211]]],[[[131.8656,33.2122],[131.8656,33.2122],[131.8656,33.2122],[131.8656,33.2122]]],[[[131.8656,33.2123],[131.8656,33.2122],[131.8656,33.2122],[131.8656,33.2123]]],[[[131.8665,33.2131],[131.8665,33.2131],[131.8665,33.2131],[131.8665,33.2131]]],[[[131.8674,33.1994],[131.8674,33.1994],[131.8674,33.1994],[131.8674,33.1994]]],[[[131.8674,33.1998],[131.8675,33.1998],[131.8674,33.1997],[131.8674,33.1998]]],[[[131.8675,33.1998],[131.8676,33.1998],[131.8675,33.1998],[131.8675,33.1998]]],[[[131.8678,33.2],[131.8678,33.1999],[131.8678,33.2],[131.8678,33.2]]],[[[131.8692,33.2015],[131.8691,33.2015],[131.8692,33.2015],[131.8692,33.2015]]],[[[131.8692,33.202],[131.8692,33.202],[131.8691,33.202],[131.8692,33.202]]],[[[131.869,33.2023],[131.869,33.2023],[131.869,33.2023],[131.869,33.2023]]],[[[131.8687,33.2028],[131.8686,33.2028],[131.8686,33.2028],[131.8687,33.2028]]],[[[131.8683,33.2032],[131.8683,33.2031],[131.8683,33.2032],[131.8683,33.2032]]],[[[131.8683,33.2032],[131.8683,33.2032],[131.8683,33.2032],[131.8683,33.2032]]],[[[131.8683,33.2033],[131.8683,33.2032],[131.8682,33.2032],[131.8683,33.2033]]],[[[131.8684,33.2033],[131.8685,33.2033],[131.8685,33.2033],[131.8684,33.2033]]],[[[131.8681,33.2035],[131.8682,33.2035],[131.8682,33.2035],[131.8681,33.2035]]],[[[131.868,33.2036],[131.868,33.2036],[131.868,33.2036],[131.868,33.2036]]],[[[131.8681,33.2037],[131.868,33.2036],[131.868,33.2036],[131.8681,33.2037]]],[[[131.8682,33.2037],[131.8682,33.2037],[131.8681,33.2037],[131.8682,33.2037]]],[[[131.8677,33.2037],[131.8677,33.2037],[131.8677,33.2037],[131.8677,33.2037]]],[[[131.868,33.2037],[131.868,33.2037],[131.868,33.2037],[131.868,33.2037]]],[[[131.8678,33.2037],[131.8677,33.2038],[131.8678,33.2038],[131.8678,33.2037]]],[[[131.8682,33.2038],[131.8683,33.2037],[131.8682,33.2038],[131.8682,33.2038]]],[[[131.8674,33.2037],[131.8674,33.2038],[131.8674,33.2038],[131.8674,33.2037]]],[[[131.8681,33.2037],[131.8681,33.2038],[131.8681,33.2038],[131.8681,33.2037]]],[[[131.8676,33.2037],[131.8676,33.2038],[131.8676,33.2038],[131.8676,33.2037]]],[[[131.868,33.2037],[131.868,33.2038],[131.868,33.2038],[131.868,33.2037]]],[[[131.8681,33.2038],[131.8681,33.2038],[131.868,33.2038],[131.8681,33.2038]]],[[[131.8675,33.2038],[131.8675,33.2038],[131.8675,33.2039],[131.8675,33.2038]]],[[[131.8681,33.2039],[131.8681,33.2039],[131.8681,33.2038],[131.8681,33.2039]]],[[[131.8676,33.2038],[131.8675,33.2038],[131.8675,33.2039],[131.8676,33.2038]]],[[[131.8682,33.2039],[131.8682,33.2039],[131.8682,33.2039],[131.8682,33.2039]]],[[[131.8676,33.2039],[131.8676,33.2039],[131.8676,33.2039],[131.8676,33.2039]]],[[[131.8682,33.2041],[131.8682,33.2041],[131.8682,33.2041],[131.8682,33.2041]]],[[[131.8684,33.2041],[131.8684,33.2041],[131.8684,33.2041],[131.8684,33.2041]]],[[[131.869,33.2049],[131.869,33.2049],[131.8689,33.2049],[131.869,33.2049]]],[[[131.8693,33.2049],[131.8693,33.205],[131.8693,33.2049],[131.8693,33.2049]]],[[[131.8675,33.2134],[131.8675,33.2135],[131.8675,33.2135],[131.8675,33.2134]]],[[[131.8683,33.2139],[131.8683,33.2138],[131.8683,33.2139],[131.8683,33.2139]]],[[[131.8683,33.2139],[131.8684,33.2139],[131.8683,33.2139],[131.8683,33.2139]]],[[[131.8685,33.214],[131.8685,33.214],[131.8685,33.214],[131.8685,33.214]]],[[[131.8688,33.2141],[131.8688,33.2141],[131.8688,33.2141],[131.8688,33.2141]]],[[[131.8688,33.2141],[131.8687,33.2142],[131.8688,33.2142],[131.8688,33.2141]]],[[[131.8688,33.2143],[131.8687,33.2142],[131.8688,33.2143],[131.8688,33.2143]]],[[[131.8694,33.2144],[131.8693,33.2144],[131.8693,33.2144],[131.8694,33.2144]]],[[[131.8695,33.2144],[131.8694,33.2144],[131.8695,33.2144],[131.8695,33.2144]]],[[[131.8691,33.2145],[131.8691,33.2145],[131.8691,33.2145],[131.8691,33.2145]]],[[[131.869,33.2146],[131.8691,33.2146],[131.869,33.2145],[131.869,33.2146]]],[[[131.869,33.2146],[131.869,33.2147],[131.869,33.2146],[131.869,33.2146]]],[[[131.869,33.2147],[131.869,33.2147],[131.8689,33.2147],[131.869,33.2147]]],[[[131.8693,33.2152],[131.8693,33.2151],[131.8692,33.2152],[131.8693,33.2152]]],[[[131.8724,33.2158],[131.8723,33.2158],[131.8724,33.2158],[131.8724,33.2158]]],[[[131.8721,33.2159],[131.8721,33.2158],[131.872,33.2158],[131.8721,33.2159]]],[[[131.8716,33.2159],[131.8717,33.2159],[131.8716,33.2159],[131.8716,33.2159]]],[[[131.8721,33.2159],[131.8721,33.2159],[131.8721,33.2159],[131.8721,33.2159]]],[[[131.8721,33.216],[131.8721,33.216],[131.8721,33.216],[131.8721,33.216]]],[[[131.8721,33.2161],[131.8721,33.216],[131.8721,33.2161],[131.8721,33.2161]]],[[[131.872,33.2161],[131.872,33.2161],[131.872,33.2161],[131.872,33.2161]]],[[[131.8719,33.2162],[131.8719,33.2162],[131.8719,33.2162],[131.8719,33.2162]]],[[[131.872,33.2162],[131.872,33.2162],[131.872,33.2162],[131.872,33.2162]]],[[[131.872,33.2163],[131.872,33.2162],[131.872,33.2163],[131.872,33.2163]]],[[[131.8726,33.2165],[131.8726,33.2165],[131.8726,33.2165],[131.8726,33.2165]]],[[[131.8726,33.2165],[131.8725,33.2165],[131.8725,33.2165],[131.8726,33.2165]]],[[[131.8725,33.2166],[131.8724,33.2166],[131.8724,33.2166],[131.8725,33.2166]]],[[[131.8724,33.2166],[131.8724,33.2166],[131.8725,33.2166],[131.8724,33.2166]]],[[[131.8723,33.2171],[131.8723,33.2172],[131.8723,33.2172],[131.8723,33.2171]]],[[[131.8722,33.2173],[131.8722,33.2173],[131.8722,33.2173],[131.8722,33.2173]]],[[[131.8728,33.2188],[131.8728,33.2187],[131.8728,33.2188],[131.8728,33.2188]]],[[[131.8731,33.2192],[131.8728,33.2192],[131.8731,33.2192],[131.8731,33.2192]]],[[[131.8727,33.2193],[131.8728,33.2193],[131.8727,33.2193],[131.8727,33.2193]]],[[[131.8754,33.2218],[131.8757,33.2219],[131.8756,33.2217],[131.8754,33.2218]]],[[[131.8759,33.2222],[131.8759,33.2222],[131.8759,33.2221],[131.8759,33.2222]]],[[[131.876,33.2222],[131.876,33.2222],[131.876,33.2222],[131.876,33.2222]]],[[[131.8759,33.2223],[131.8759,33.2223],[131.8759,33.2223],[131.8759,33.2223]]],[[[131.8759,33.2224],[131.8758,33.2224],[131.8758,33.2224],[131.8759,33.2224]]],[[[131.8767,33.2238],[131.8766,33.2238],[131.8766,33.2238],[131.8767,33.2238]]],[[[131.8768,33.2238],[131.8768,33.2238],[131.8768,33.2238],[131.8768,33.2238]]],[[[131.8766,33.2238],[131.8767,33.2238],[131.8766,33.2238],[131.8766,33.2238]]],[[[131.8768,33.2239],[131.8768,33.2239],[131.8769,33.2239],[131.8768,33.2239]]],[[[131.8767,33.2241],[131.8768,33.2241],[131.8768,33.2241],[131.8767,33.2241]]],[[[131.8769,33.2245],[131.8769,33.2248],[131.8771,33.2246],[131.8769,33.2245]]],[[[131.877,33.2249],[131.877,33.225],[131.877,33.2249],[131.877,33.2249]]],[[[131.8771,33.2268],[131.8772,33.2268],[131.8771,33.2268],[131.8771,33.2268]]],[[[131.875,33.229],[131.8751,33.2291],[131.875,33.229],[131.875,33.229]]],[[[131.8754,33.2292],[131.8752,33.2292],[131.8753,33.2292],[131.8754,33.2292]]],[[[131.8756,33.2293],[131.8756,33.2293],[131.8756,33.2293],[131.8756,33.2293]]],[[[131.8764,33.2298],[131.8763,33.2297],[131.8763,33.2298],[131.8764,33.2298]]],[[[131.8765,33.2298],[131.8765,33.2298],[131.8765,33.2298],[131.8765,33.2298]]],[[[131.8767,33.2298],[131.8768,33.2298],[131.8767,33.2298],[131.8767,33.2298]]],[[[131.877,33.2298],[131.8769,33.2299],[131.877,33.2299],[131.877,33.2298]]],[[[131.8771,33.2299],[131.877,33.2299],[131.8772,33.23],[131.8771,33.2299]]],[[[131.8732,33.2369],[131.8732,33.2369],[131.8732,33.2368],[131.8732,33.2369]]],[[[131.8746,33.2379],[131.8746,33.238],[131.8746,33.2379],[131.8746,33.2379]]],[[[131.8715,33.2616],[131.8715,33.2615],[131.8715,33.2615],[131.8715,33.2616]]],[[[131.8728,33.2617],[131.8727,33.2616],[131.8727,33.2617],[131.8728,33.2617]]],[[[131.8756,33.2629],[131.8756,33.263],[131.8757,33.2629],[131.8756,33.2629]]],[[[131.8772,33.2245],[131.8772,33.2245],[131.8772,33.2244],[131.8772,33.2245]]],[[[131.8773,33.2257],[131.8773,33.2257],[131.8773,33.2257],[131.8773,33.2257]]],[[[131.8773,33.2259],[131.8773,33.226],[131.8773,33.226],[131.8773,33.2259]]],[[[131.8774,33.226],[131.8773,33.2259],[131.8773,33.226],[131.8774,33.226]]],[[[131.8773,33.2263],[131.8773,33.2262],[131.8773,33.2262],[131.8773,33.2263]]],[[[131.8773,33.2263],[131.8773,33.2263],[131.8773,33.2263],[131.8773,33.2263]]],[[[131.8775,33.2265],[131.8775,33.2265],[131.8774,33.2265],[131.8775,33.2265]]],[[[131.8773,33.2266],[131.8773,33.2265],[131.8773,33.2266],[131.8773,33.2266]]],[[[131.8782,33.2265],[131.8782,33.2266],[131.8782,33.2265],[131.8782,33.2265]]],[[[131.8781,33.2266],[131.8781,33.2266],[131.8781,33.2266],[131.8781,33.2266]]],[[[131.8773,33.2266],[131.8773,33.2266],[131.8773,33.2266],[131.8773,33.2266]]],[[[131.8778,33.2267],[131.8777,33.2267],[131.8777,33.2267],[131.8778,33.2267]]],[[[131.8772,33.2267],[131.8772,33.2267],[131.8772,33.2267],[131.8772,33.2267]]],[[[131.8778,33.2268],[131.8777,33.2267],[131.8777,33.2267],[131.8778,33.2268]]],[[[131.8776,33.2269],[131.8776,33.2267],[131.8774,33.2268],[131.8776,33.2269]]],[[[131.8772,33.2268],[131.8773,33.2268],[131.8772,33.2268],[131.8772,33.2268]]],[[[131.8773,33.227],[131.8774,33.227],[131.8773,33.227],[131.8773,33.227]]],[[[131.8772,33.2296],[131.8772,33.2296],[131.8771,33.2296],[131.8772,33.2296]]],[[[131.8772,33.2299],[131.8773,33.2299],[131.8772,33.2299],[131.8772,33.2299]]],[[[131.8772,33.2301],[131.8771,33.2301],[131.8772,33.2301],[131.8772,33.2301]]],[[[131.8933,33.2347],[131.8931,33.2348],[131.8933,33.2348],[131.8933,33.2347]]],[[[131.8937,33.2349],[131.8937,33.2348],[131.8937,33.2349],[131.8937,33.2349]]],[[[131.8936,33.2349],[131.8936,33.2349],[131.8936,33.2349],[131.8936,33.2349]]],[[[131.8938,33.235],[131.8939,33.235],[131.8939,33.235],[131.8938,33.235]]],[[[131.8931,33.2351],[131.8931,33.235],[131.8931,33.235],[131.8931,33.2351]]],[[[131.8929,33.2351],[131.8929,33.2351],[131.8929,33.235],[131.8929,33.2351]]],[[[131.8931,33.2354],[131.8931,33.2354],[131.8931,33.2354],[131.8931,33.2354]]],[[[131.8932,33.2356],[131.8931,33.2356],[131.8932,33.2356],[131.8932,33.2356]]],[[[131.8932,33.2357],[131.8932,33.2357],[131.8932,33.2357],[131.8932,33.2357]]],[[[131.8892,33.2367],[131.8893,33.2367],[131.8892,33.2367],[131.8892,33.2367]]],[[[131.8914,33.2368],[131.8914,33.2369],[131.8914,33.2369],[131.8914,33.2368]]],[[[131.889,33.2369],[131.889,33.2369],[131.8889,33.2369],[131.889,33.2369]]],[[[131.8913,33.2369],[131.8911,33.2367],[131.8908,33.2369],[131.8898,33.2363],[131.8895,33.2366],[131.889,33.2369],[131.8931,33.2384],[131.8938,33.239],[131.8953,33.2386],[131.8953,33.2374],[131.8957,33.2368],[131.8958,33.2367],[131.896,33.2367],[131.8956,33.2364],[131.8957,33.2362],[131.8955,33.2362],[131.8956,33.2361],[131.8956,33.236],[131.8954,33.2359],[131.8956,33.2357],[131.8941,33.2355],[131.8941,33.2349],[131.8939,33.2352],[131.8931,33.2348],[131.8935,33.236],[131.8927,33.2368],[131.8915,33.2369],[131.8913,33.2369]]],[[[131.8889,33.237],[131.8889,33.2371],[131.889,33.2371],[131.8889,33.237]]],[[[131.8902,33.2378],[131.8902,33.2378],[131.8902,33.2378],[131.8902,33.2378]]],[[[131.8902,33.2379],[131.8902,33.2378],[131.8902,33.2378],[131.8902,33.2379]]],[[[131.8904,33.2379],[131.8904,33.2378],[131.8903,33.2378],[131.8904,33.2379]]],[[[131.8903,33.2379],[131.8903,33.2379],[131.8903,33.2379],[131.8903,33.2379]]],[[[131.8906,33.2379],[131.8907,33.238],[131.8907,33.2379],[131.8906,33.2379]]],[[[131.8905,33.238],[131.8906,33.238],[131.8906,33.238],[131.8905,33.238]]],[[[131.8905,33.238],[131.8904,33.238],[131.8904,33.238],[131.8905,33.238]]],[[[131.8913,33.2381],[131.8913,33.2381],[131.8913,33.2381],[131.8913,33.2381]]],[[[131.8916,33.2382],[131.8916,33.2381],[131.8915,33.2382],[131.8916,33.2382]]],[[[131.8919,33.2382],[131.892,33.2383],[131.892,33.2382],[131.8919,33.2382]]],[[[131.892,33.2383],[131.892,33.2383],[131.892,33.2383],[131.892,33.2383]]],[[[131.8918,33.2382],[131.8917,33.2383],[131.8919,33.2384],[131.8918,33.2382]]],[[[131.8926,33.2383],[131.8926,33.2383],[131.8927,33.2383],[131.8926,33.2383]]],[[[131.8925,33.2383],[131.8925,33.2383],[131.8925,33.2383],[131.8925,33.2383]]],[[[131.8925,33.2383],[131.8925,33.2384],[131.8925,33.2384],[131.8925,33.2383]]],[[[131.8907,33.2384],[131.8908,33.2384],[131.8908,33.2384],[131.8907,33.2384]]],[[[131.8926,33.2385],[131.8926,33.2384],[131.8926,33.2384],[131.8926,33.2385]]],[[[131.8934,33.2394],[131.8935,33.2393],[131.8933,33.2393],[131.8934,33.2394]]],[[[131.8782,33.2403],[131.8796,33.2418],[131.8805,33.2422],[131.878,33.2399],[131.8772,33.2395],[131.8782,33.2403]]],[[[131.8807,33.2415],[131.8811,33.2417],[131.8811,33.2416],[131.8807,33.2415]]],[[[131.8865,33.2434],[131.8865,33.2434],[131.8865,33.2434],[131.8865,33.2434]]],[[[131.887,33.2437],[131.887,33.2437],[131.887,33.2437],[131.887,33.2437]]],[[[131.8892,33.2439],[131.8891,33.244],[131.8892,33.244],[131.8892,33.2439]]],[[[131.8887,33.2439],[131.8887,33.244],[131.8888,33.244],[131.8887,33.2439]]],[[[131.8917,33.2451],[131.8919,33.245],[131.8917,33.245],[131.8917,33.2451]]],[[[131.8915,33.2452],[131.8915,33.2452],[131.8915,33.2451],[131.8915,33.2452]]],[[[131.8918,33.2452],[131.8919,33.2452],[131.8919,33.2452],[131.8918,33.2452]]],[[[131.8914,33.2453],[131.8914,33.2453],[131.8914,33.2453],[131.8914,33.2453]]],[[[131.8922,33.2453],[131.8923,33.2453],[131.8923,33.2453],[131.8922,33.2453]]],[[[131.8921,33.2453],[131.8922,33.2454],[131.8922,33.2453],[131.8921,33.2453]]],[[[131.8925,33.2454],[131.8925,33.2455],[131.8925,33.2454],[131.8925,33.2454]]],[[[131.8921,33.2455],[131.8921,33.2456],[131.8921,33.2456],[131.8921,33.2455]]],[[[131.8927,33.2461],[131.8927,33.2461],[131.8927,33.2461],[131.8927,33.2461]]],[[[131.8932,33.2469],[131.8932,33.2469],[131.8932,33.2469],[131.8932,33.2469]]],[[[131.8934,33.247],[131.8935,33.2469],[131.8933,33.247],[131.8934,33.247]]],[[[131.8932,33.2478],[131.8932,33.2477],[131.8932,33.2477],[131.8932,33.2478]]],[[[131.8933,33.2479],[131.8934,33.248],[131.8933,33.2478],[131.8933,33.2479]]],[[[131.8937,33.2479],[131.8937,33.248],[131.8937,33.248],[131.8937,33.2479]]],[[[131.8932,33.248],[131.8932,33.248],[131.8932,33.248],[131.8932,33.248]]],[[[131.8933,33.2479],[131.8933,33.248],[131.8934,33.248],[131.8933,33.2479]]],[[[131.8933,33.2481],[131.8932,33.248],[131.8932,33.2481],[131.8933,33.2481]]],[[[131.8935,33.2481],[131.8935,33.2482],[131.8935,33.2482],[131.8935,33.2481]]],[[[131.8935,33.2482],[131.8935,33.2482],[131.8936,33.2482],[131.8935,33.2482]]],[[[131.8935,33.2502],[131.8936,33.2503],[131.8936,33.2501],[131.8935,33.2502]]],[[[131.8939,33.2507],[131.8939,33.2505],[131.8938,33.2507],[131.8939,33.2507]]],[[[131.8841,33.2655],[131.8841,33.2657],[131.8841,33.2657],[131.8841,33.2655]]],[[[131.884,33.2657],[131.8839,33.2656],[131.8839,33.2658],[131.884,33.2657]]],[[[131.886,33.266],[131.886,33.2661],[131.886,33.266],[131.886,33.266]]],[[[131.8858,33.266],[131.8858,33.2661],[131.8858,33.2662],[131.8858,33.266]]],[[[131.8867,33.2667],[131.8867,33.2667],[131.8867,33.2667],[131.8867,33.2667]]],[[[131.8863,33.2668],[131.8864,33.2668],[131.8864,33.2668],[131.8863,33.2668]]],[[[131.8887,33.2668],[131.8887,33.2669],[131.8888,33.2669],[131.8887,33.2668]]],[[[131.8886,33.267],[131.8886,33.2669],[131.8885,33.267],[131.8886,33.267]]],[[[131.8927,33.2679],[131.8927,33.268],[131.8927,33.268],[131.8927,33.2679]]],[[[131.8902,33.268],[131.8903,33.268],[131.8903,33.268],[131.8902,33.268]]],[[[131.8927,33.2681],[131.8927,33.2681],[131.8927,33.2681],[131.8927,33.2681]]],[[[131.8911,33.2684],[131.8912,33.2685],[131.8912,33.2685],[131.8911,33.2684]]],[[[131.8912,33.2685],[131.8913,33.2685],[131.8913,33.2685],[131.8912,33.2685]]],[[[131.8915,33.2685],[131.8915,33.2685],[131.8915,33.2685],[131.8915,33.2685]]],[[[131.8941,33.2349],[131.8943,33.2347],[131.894,33.2348],[131.8941,33.2349]]],[[[131.8943,33.2352],[131.8943,33.2352],[131.8943,33.2352],[131.8943,33.2352]]],[[[131.8949,33.2353],[131.8949,33.2353],[131.8949,33.2353],[131.8949,33.2353]]],[[[131.8945,33.2354],[131.8945,33.2354],[131.8945,33.2354],[131.8945,33.2354]]],[[[131.8949,33.2354],[131.8947,33.2354],[131.8949,33.2354],[131.8949,33.2354]]],[[[131.8946,33.2354],[131.8947,33.2355],[131.8947,33.2355],[131.8946,33.2354]]],[[[131.8957,33.236],[131.8957,33.236],[131.8958,33.236],[131.8957,33.236]]],[[[131.8957,33.236],[131.8957,33.2361],[131.8957,33.2361],[131.8957,33.236]]],[[[131.8956,33.2361],[131.8956,33.2361],[131.8956,33.2361],[131.8956,33.2361]]],[[[131.8958,33.2362],[131.8958,33.2362],[131.8958,33.2363],[131.8958,33.2362]]],[[[131.896,33.2363],[131.896,33.2363],[131.896,33.2363],[131.896,33.2363]]],[[[131.8958,33.2364],[131.8958,33.2364],[131.8958,33.2364],[131.8958,33.2364]]],[[[131.896,33.2364],[131.896,33.2364],[131.896,33.2364],[131.896,33.2364]]],[[[131.8958,33.2364],[131.8959,33.2364],[131.8958,33.2364],[131.8958,33.2364]]],[[[131.8973,33.2366],[131.897,33.2364],[131.8969,33.2366],[131.8973,33.2366]]],[[[131.8962,33.2364],[131.8962,33.2365],[131.8962,33.2365],[131.8962,33.2364]]],[[[131.8959,33.2365],[131.8959,33.2365],[131.8958,33.2365],[131.8959,33.2365]]],[[[131.8976,33.2364],[131.8974,33.2366],[131.8976,33.2366],[131.8976,33.2364]]],[[[131.8963,33.2365],[131.8963,33.2365],[131.8962,33.2365],[131.8963,33.2365]]],[[[131.8963,33.2366],[131.8963,33.2366],[131.8963,33.2366],[131.8963,33.2366]]],[[[131.8959,33.2366],[131.896,33.2365],[131.8958,33.2366],[131.8959,33.2366]]],[[[131.8961,33.2366],[131.8962,33.2366],[131.8961,33.2366],[131.8961,33.2366]]],[[[131.8968,33.2367],[131.8968,33.2366],[131.8967,33.2366],[131.8968,33.2367]]],[[[131.896,33.2367],[131.8961,33.2366],[131.896,33.2366],[131.896,33.2367]]],[[[131.8965,33.2367],[131.8965,33.2367],[131.8964,33.2367],[131.8965,33.2367]]],[[[131.8961,33.2367],[131.8961,33.2367],[131.8961,33.2367],[131.8961,33.2367]]],[[[131.8972,33.2368],[131.8971,33.2367],[131.8971,33.2367],[131.8972,33.2368]]],[[[131.8958,33.2368],[131.8958,33.2367],[131.8958,33.2367],[131.8958,33.2368]]],[[[131.8958,33.2367],[131.8958,33.2368],[131.8958,33.2367],[131.8958,33.2367]]],[[[131.8967,33.2368],[131.8968,33.2367],[131.8966,33.2367],[131.8967,33.2368]]],[[[131.8959,33.2369],[131.8959,33.2369],[131.8959,33.2369],[131.8959,33.2369]]],[[[131.8961,33.2369],[131.896,33.2369],[131.8961,33.237],[131.8961,33.2369]]],[[[131.8951,33.2387],[131.895,33.2387],[131.895,33.2387],[131.8951,33.2387]]],[[[131.8941,33.2505],[131.8941,33.2506],[131.8942,33.2506],[131.8941,33.2505]]],[[[131.8948,33.2527],[131.8948,33.2527],[131.8947,33.2526],[131.8948,33.2527]]],[[[131.8949,33.2526],[131.8949,33.2527],[131.8949,33.2527],[131.8949,33.2526]]],[[[131.8951,33.2528],[131.895,33.2529],[131.8951,33.2529],[131.8951,33.2528]]],[[[131.8989,33.2547],[131.8986,33.2548],[131.8987,33.2548],[131.8989,33.2547]]],[[[131.8994,33.2552],[131.8994,33.2551],[131.8993,33.2552],[131.8994,33.2552]]],[[[131.899,33.2557],[131.899,33.2556],[131.8989,33.2556],[131.899,33.2557]]],[[[131.8987,33.2558],[131.8987,33.2559],[131.8988,33.2559],[131.8987,33.2558]]],[[[131.8985,33.2559],[131.8985,33.2561],[131.8986,33.2559],[131.8985,33.2559]]],[[[131.8985,33.2562],[131.8984,33.256],[131.8985,33.2561],[131.8985,33.2562]]],[[[131.9,33.2561],[131.9002,33.2561],[131.9,33.2561],[131.9,33.2561]]],[[[131.8998,33.2563],[131.8998,33.2565],[131.8998,33.2564],[131.8998,33.2563]]],[[[131.8988,33.2583],[131.8988,33.2582],[131.8987,33.2582],[131.8988,33.2583]]],[[[131.8986,33.2583],[131.8985,33.2584],[131.8985,33.2584],[131.8986,33.2583]]],[[[131.9007,33.26],[131.9007,33.26],[131.9007,33.2599],[131.9007,33.26]]],[[[131.9005,33.2599],[131.9005,33.26],[131.9005,33.2599],[131.9005,33.2599]]],[[[131.9011,33.26],[131.9011,33.26],[131.9011,33.26],[131.9011,33.26]]],[[[131.9007,33.2601],[131.9008,33.2601],[131.9007,33.26],[131.9007,33.2601]]],[[[131.9009,33.2601],[131.9008,33.2603],[131.901,33.2602],[131.9009,33.2601]]],[[[131.9017,33.2602],[131.9017,33.2603],[131.9017,33.2602],[131.9017,33.2602]]],[[[131.9015,33.2605],[131.9015,33.2605],[131.9015,33.2605],[131.9015,33.2605]]],[[[131.9017,33.2607],[131.9017,33.2608],[131.9018,33.2608],[131.9017,33.2607]]],[[[131.9031,33.2616],[131.9031,33.2617],[131.9031,33.2616],[131.9031,33.2616]]],[[[131.9032,33.2617],[131.9032,33.2617],[131.9032,33.2618],[131.9032,33.2617]]],[[[131.9033,33.2617],[131.9033,33.2618],[131.9033,33.2619],[131.9033,33.2617]]],[[[131.9043,33.2629],[131.9043,33.2629],[131.9043,33.2629],[131.9043,33.2629]]],[[[131.904,33.2629],[131.904,33.2629],[131.9041,33.2629],[131.904,33.2629]]],[[[131.9044,33.2629],[131.9044,33.263],[131.9045,33.2629],[131.9044,33.2629]]],[[[131.9042,33.2629],[131.9041,33.263],[131.9042,33.263],[131.9042,33.2629]]],[[[131.9041,33.2632],[131.9041,33.2632],[131.9041,33.2632],[131.9041,33.2632]]],[[[131.9043,33.2632],[131.9042,33.2632],[131.9042,33.2632],[131.9043,33.2632]]],[[[131.9046,33.2636],[131.9045,33.2635],[131.9045,33.2636],[131.9046,33.2636]]],[[[131.9048,33.2635],[131.9046,33.2637],[131.9048,33.2636],[131.9048,33.2635]]],[[[131.9032,33.2646],[131.9032,33.2646],[131.9032,33.2646],[131.9032,33.2646]]],[[[131.9027,33.2649],[131.9028,33.265],[131.9027,33.2649],[131.9027,33.2649]]],[[[131.9031,33.266],[131.9031,33.2661],[131.9032,33.266],[131.9031,33.266]]],[[[131.9029,33.266],[131.9029,33.2661],[131.9029,33.266],[131.9029,33.266]]],[[[131.9033,33.2664],[131.9032,33.2663],[131.9031,33.2664],[131.9033,33.2664]]],[[[131.9032,33.2666],[131.9031,33.2666],[131.9029,33.2667],[131.9032,33.2666]]],[[[131.903,33.2668],[131.9031,33.2668],[131.9031,33.2668],[131.903,33.2668]]],[[[131.903,33.267],[131.9031,33.267],[131.903,33.267],[131.903,33.267]]],[[[131.9033,33.2671],[131.9033,33.2672],[131.9034,33.2672],[131.9033,33.2671]]],[[[131.9033,33.2673],[131.9033,33.2674],[131.9034,33.2674],[131.9033,33.2673]]],[[[131.9028,33.2677],[131.9028,33.2677],[131.9028,33.2677],[131.9028,33.2677]]],[[[131.8995,33.2678],[131.8995,33.2678],[131.8995,33.2678],[131.8995,33.2678]]],[[[131.901,33.2679],[131.901,33.268],[131.9011,33.2679],[131.901,33.2679]]],[[[131.8986,33.268],[131.8987,33.2679],[131.8986,33.268],[131.8986,33.268]]],[[[131.902,33.2682],[131.9019,33.2683],[131.902,33.2682],[131.902,33.2682]]],[[[131.902,33.2683],[131.9018,33.2683],[131.902,33.2684],[131.902,33.2683]]],[[[131.9337,33.2887],[131.9336,33.2887],[131.9335,33.2888],[131.9337,33.2887]]],[[[131.9336,33.289],[131.9336,33.289],[131.9336,33.289],[131.9336,33.289]]],[[[131.9333,33.2892],[131.9333,33.2892],[131.9333,33.2892],[131.9333,33.2892]]],[[[131.9332,33.2894],[131.9332,33.2893],[131.9332,33.2893],[131.9332,33.2894]]],[[[131.9338,33.2897],[131.9335,33.2891],[131.9333,33.2895],[131.933,33.2897],[131.9338,33.2897]]],[[[131.9333,33.2894],[131.9333,33.2894],[131.9333,33.2894],[131.9333,33.2894]]],[[[131.933,33.2898],[131.9329,33.2898],[131.9329,33.2899],[131.933,33.2898]]],[[[131.9334,33.2899],[131.9334,33.2899],[131.9333,33.2899],[131.9334,33.2899]]],[[[131.9332,33.29],[131.9332,33.2899],[131.9332,33.2899],[131.9332,33.29]]],[[[131.9335,33.2901],[131.9336,33.2901],[131.9336,33.2901],[131.9335,33.2901]]],[[[131.9334,33.2902],[131.9336,33.2902],[131.9335,33.2902],[131.9334,33.2902]]],[[[131.9372,33.2764],[131.9372,33.2764],[131.9372,33.2764],[131.9372,33.2764]]],[[[131.9375,33.2764],[131.9375,33.2764],[131.9375,33.2764],[131.9375,33.2764]]],[[[131.9375,33.2765],[131.9375,33.2765],[131.9375,33.2764],[131.9375,33.2765]]],[[[131.937,33.2765],[131.937,33.2765],[131.937,33.2765],[131.937,33.2765]]],[[[131.9374,33.2765],[131.9373,33.2765],[131.9373,33.2765],[131.9374,33.2765]]],[[[131.9369,33.2765],[131.9368,33.2765],[131.9368,33.2766],[131.9369,33.2765]]],[[[131.9372,33.2766],[131.9372,33.2766],[131.9372,33.2766],[131.9372,33.2766]]],[[[131.9374,33.2766],[131.9374,33.2766],[131.9374,33.2766],[131.9374,33.2766]]],[[[131.9367,33.2766],[131.9367,33.2766],[131.9366,33.2766],[131.9367,33.2766]]],[[[131.9367,33.2766],[131.9367,33.2766],[131.9367,33.2766],[131.9367,33.2766]]],[[[131.9375,33.2766],[131.9374,33.2766],[131.9375,33.2766],[131.9375,33.2766]]],[[[131.9373,33.2766],[131.9373,33.2766],[131.9374,33.2766],[131.9373,33.2766]]],[[[131.9372,33.2766],[131.9372,33.2766],[131.9372,33.2766],[131.9372,33.2766]]],[[[131.9367,33.2767],[131.9367,33.2766],[131.9367,33.2767],[131.9367,33.2767]]],[[[131.9366,33.2767],[131.9366,33.2766],[131.9366,33.2767],[131.9366,33.2767]]],[[[131.9371,33.2767],[131.9371,33.2767],[131.9371,33.2767],[131.9371,33.2767]]],[[[131.9372,33.2767],[131.9372,33.2766],[131.9372,33.2766],[131.9372,33.2767]]],[[[131.9367,33.2767],[131.9367,33.2767],[131.9367,33.2767],[131.9367,33.2767]]],[[[131.9366,33.2767],[131.9366,33.2767],[131.9367,33.2767],[131.9366,33.2767]]],[[[131.9374,33.2767],[131.9373,33.2767],[131.9374,33.2767],[131.9374,33.2767]]],[[[131.9365,33.2767],[131.9365,33.2767],[131.9365,33.2767],[131.9365,33.2767]]],[[[131.9382,33.2768],[131.9382,33.2768],[131.9382,33.2767],[131.9382,33.2768]]],[[[131.9382,33.2768],[131.9382,33.2768],[131.9383,33.2768],[131.9382,33.2768]]],[[[131.9377,33.2768],[131.9376,33.2768],[131.9376,33.2768],[131.9377,33.2768]]],[[[131.9385,33.2768],[131.9385,33.2768],[131.9386,33.2768],[131.9385,33.2768]]],[[[131.9372,33.2768],[131.9372,33.2768],[131.9372,33.2768],[131.9372,33.2768]]],[[[131.937,33.277],[131.9369,33.2767],[131.9366,33.2768],[131.937,33.277]]],[[[131.9377,33.2768],[131.9376,33.2767],[131.9378,33.2769],[131.9377,33.277],[131.938,33.2768],[131.9377,33.2768]]],[[[131.9363,33.2769],[131.9364,33.2769],[131.9363,33.2769],[131.9363,33.2769]]],[[[131.9377,33.2769],[131.9377,33.2769],[131.9377,33.2768],[131.9377,33.2769]]],[[[131.9381,33.2769],[131.9381,33.2769],[131.9382,33.2769],[131.9381,33.2769]]],[[[131.9383,33.2769],[131.9383,33.2769],[131.9383,33.2769],[131.9383,33.2769]]],[[[131.9376,33.2769],[131.9375,33.277],[131.9377,33.2769],[131.9376,33.2769]]],[[[131.9363,33.2769],[131.9363,33.2769],[131.9363,33.2769],[131.9363,33.2769]]],[[[131.9384,33.2769],[131.9385,33.2769],[131.9386,33.2769],[131.9384,33.2769]]],[[[131.936,33.2769],[131.9361,33.2769],[131.936,33.2769],[131.936,33.2769]]],[[[131.9381,33.2769],[131.9381,33.277],[131.9381,33.2769],[131.9381,33.2769]]],[[[131.938,33.277],[131.938,33.277],[131.938,33.277],[131.938,33.277]]],[[[131.9378,33.277],[131.9377,33.277],[131.9377,33.277],[131.9378,33.277]]],[[[131.937,33.277],[131.937,33.277],[131.937,33.277],[131.937,33.277]]],[[[131.937,33.2771],[131.937,33.2771],[131.937,33.2771],[131.937,33.2771]]],[[[131.9366,33.2771],[131.9366,33.2771],[131.9366,33.2771],[131.9366,33.2771]]],[[[131.9371,33.2771],[131.9371,33.2771],[131.9371,33.2771],[131.9371,33.2771]]],[[[131.9368,33.2772],[131.9368,33.2772],[131.9369,33.2771],[131.9368,33.2772]]],[[[131.9381,33.2771],[131.9381,33.2772],[131.9382,33.2772],[131.9381,33.2771]]],[[[131.9366,33.2772],[131.9367,33.2772],[131.9367,33.2772],[131.9366,33.2772]]],[[[131.9369,33.2772],[131.937,33.2772],[131.9369,33.2772],[131.9369,33.2772]]],[[[131.9371,33.2772],[131.937,33.2772],[131.9371,33.2772],[131.9371,33.2772]]],[[[131.9363,33.2773],[131.9365,33.2772],[131.9362,33.2773],[131.9363,33.2773]]],[[[131.9373,33.2772],[131.9372,33.2772],[131.9372,33.2773],[131.9373,33.2772]]],[[[131.9383,33.2773],[131.9383,33.2772],[131.9382,33.2772],[131.9383,33.2773]]],[[[131.9367,33.2772],[131.9366,33.2772],[131.9367,33.2773],[131.9367,33.2772]]],[[[131.9384,33.2773],[131.9384,33.2773],[131.9384,33.2772],[131.9384,33.2773]]],[[[131.9368,33.2773],[131.9368,33.2773],[131.9368,33.2773],[131.9368,33.2773]]],[[[131.9367,33.2773],[131.9367,33.2773],[131.9367,33.2773],[131.9367,33.2773]]],[[[131.9386,33.2773],[131.9385,33.2773],[131.9386,33.2773],[131.9386,33.2773]]],[[[131.9373,33.2773],[131.9373,33.2773],[131.9373,33.2773],[131.9373,33.2773]]],[[[131.9369,33.2773],[131.9369,33.2773],[131.9369,33.2773],[131.9369,33.2773]]],[[[131.9362,33.2773],[131.9362,33.2773],[131.9362,33.2773],[131.9362,33.2773]]],[[[131.9362,33.2773],[131.9362,33.2773],[131.9363,33.2773],[131.9362,33.2773]]],[[[131.9358,33.2774],[131.9359,33.2774],[131.9358,33.2773],[131.9358,33.2774]]],[[[131.9367,33.2774],[131.9368,33.2774],[131.9368,33.2773],[131.9367,33.2774]]],[[[131.9369,33.2774],[131.9369,33.2774],[131.9369,33.2774],[131.9369,33.2774]]],[[[131.9361,33.2774],[131.9359,33.2773],[131.9359,33.2775],[131.9361,33.2774]]],[[[131.9367,33.2776],[131.9367,33.2776],[131.9367,33.2776],[131.9367,33.2776]]],[[[131.9372,33.2776],[131.9371,33.2777],[131.937,33.2778],[131.9372,33.2777],[131.9372,33.2776]]],[[[131.9373,33.2777],[131.9372,33.2777],[131.9373,33.2777],[131.9373,33.2777]]],[[[131.9371,33.2779],[131.9372,33.2778],[131.9372,33.2778],[131.9371,33.2779]]],[[[131.9373,33.2779],[131.9374,33.2779],[131.9374,33.2779],[131.9373,33.2779]]],[[[131.9371,33.2779],[131.9371,33.2779],[131.9372,33.2779],[131.9371,33.2779]]],[[[131.9369,33.2779],[131.9368,33.2779],[131.937,33.2779],[131.9369,33.2779]]],[[[131.9372,33.278],[131.9372,33.2779],[131.9372,33.2779],[131.9372,33.278]]],[[[131.937,33.278],[131.9371,33.278],[131.937,33.278],[131.937,33.278]]],[[[131.9375,33.278],[131.9375,33.278],[131.9375,33.278],[131.9375,33.278]]],[[[131.9371,33.2781],[131.9371,33.278],[131.9371,33.278],[131.9371,33.2781]]],[[[131.9375,33.2781],[131.9375,33.2781],[131.9375,33.2781],[131.9375,33.2781]]],[[[131.937,33.2781],[131.937,33.2781],[131.9371,33.2781],[131.937,33.2781]]],[[[131.9383,33.2781],[131.9382,33.2781],[131.9378,33.2781],[131.9383,33.2781]]],[[[131.9384,33.2782],[131.9384,33.2781],[131.9384,33.2782],[131.9384,33.2782]]],[[[131.9376,33.2782],[131.9376,33.2782],[131.9376,33.2782],[131.9376,33.2782]]],[[[131.9379,33.2782],[131.9379,33.2782],[131.9378,33.2782],[131.9379,33.2782]]],[[[131.9386,33.2783],[131.9385,33.2783],[131.9385,33.2783],[131.9386,33.2783]]],[[[131.9381,33.2784],[131.938,33.2784],[131.9381,33.2784],[131.9381,33.2784]]],[[[131.9384,33.2789],[131.9383,33.2789],[131.9384,33.279],[131.9384,33.2789]]],[[[131.9375,33.2789],[131.9376,33.2791],[131.9376,33.2788],[131.9375,33.2789]]],[[[131.9375,33.2792],[131.9373,33.2791],[131.9374,33.2792],[131.9375,33.2792]]],[[[131.9346,33.2889],[131.9346,33.2891],[131.9347,33.289],[131.9346,33.2889]]],[[[131.9344,33.2891],[131.9344,33.2891],[131.9343,33.2891],[131.9344,33.2891]]],[[[131.934,33.2892],[131.934,33.2892],[131.934,33.2892],[131.934,33.2892]]],[[[131.9342,33.2896],[131.9342,33.2897],[131.9343,33.2896],[131.9342,33.2896]]],[[[131.9341,33.29],[131.9341,33.29],[131.9341,33.29],[131.9341,33.29]]],[[[131.9342,33.29],[131.9341,33.29],[131.9341,33.29],[131.9342,33.2901],[131.9342,33.29]]],[[[131.9338,33.2901],[131.9338,33.2901],[131.9338,33.2901],[131.9338,33.2901]]],[[[131.9446,33.2696],[131.9444,33.2692],[131.9441,33.2694],[131.9446,33.2696]]],[[[131.9446,33.2696],[131.9446,33.2696],[131.9446,33.2696],[131.9446,33.2696]]],[[[131.9443,33.2696],[131.9444,33.2696],[131.9444,33.2696],[131.9443,33.2696]]],[[[131.9447,33.2696],[131.9446,33.2697],[131.9447,33.2696],[131.9447,33.2696]]],[[[131.9448,33.2712],[131.9448,33.2711],[131.9447,33.2711],[131.9448,33.2712]]],[[[131.9448,33.2717],[131.9448,33.2717],[131.9448,33.2717],[131.9448,33.2717]]],[[[131.9447,33.2717],[131.9447,33.2717],[131.9447,33.2717],[131.9447,33.2717]]],[[[131.9442,33.2717],[131.9443,33.2717],[131.9442,33.2717],[131.9442,33.2717]]],[[[131.9447,33.2717],[131.9448,33.2718],[131.9449,33.2717],[131.9447,33.2717]]],[[[131.9447,33.2718],[131.9447,33.2718],[131.9447,33.2718],[131.9447,33.2718]]],[[[131.9443,33.2718],[131.9443,33.2718],[131.9443,33.2719],[131.9443,33.2718]]],[[[131.9436,33.2721],[131.9436,33.2721],[131.9436,33.2721],[131.9436,33.2721]]],[[[131.9435,33.2721],[131.9436,33.2722],[131.9436,33.2721],[131.9435,33.2721]]],[[[131.9437,33.2722],[131.9437,33.2721],[131.9436,33.2722],[131.9437,33.2722]]],[[[131.944,33.2722],[131.944,33.2722],[131.944,33.2722],[131.944,33.2722]]],[[[131.944,33.2723],[131.944,33.2723],[131.944,33.2723],[131.944,33.2723]]],[[[131.9439,33.2723],[131.9439,33.2723],[131.9439,33.2723],[131.9439,33.2723]]],[[[131.9439,33.2724],[131.9439,33.2724],[131.9438,33.2724],[131.9439,33.2724]]],[[[131.944,33.2725],[131.9441,33.2725],[131.9441,33.2725],[131.944,33.2725]]],[[[131.9438,33.2731],[131.9438,33.2731],[131.9439,33.2731],[131.9438,33.2731]]],[[[131.9429,33.2731],[131.943,33.2732],[131.943,33.2731],[131.9429,33.2731]]],[[[131.9438,33.2731],[131.9438,33.2732],[131.9438,33.2731],[131.9438,33.2731]]],[[[131.9434,33.2732],[131.9434,33.2732],[131.9435,33.2732],[131.9434,33.2732]]],[[[131.9427,33.2733],[131.9427,33.2733],[131.9427,33.2732],[131.9427,33.2733]]],[[[131.9425,33.2733],[131.9425,33.2733],[131.9425,33.2733],[131.9425,33.2733]]],[[[131.9426,33.2734],[131.9426,33.2734],[131.9426,33.2734],[131.9426,33.2734]]],[[[131.9429,33.2736],[131.9429,33.2735],[131.9429,33.2736],[131.9429,33.2736]]],[[[131.9428,33.2736],[131.9428,33.2735],[131.9428,33.2736],[131.9428,33.2736]]],[[[131.9428,33.2737],[131.9428,33.2737],[131.9428,33.2736],[131.9428,33.2737]]],[[[131.9428,33.2737],[131.9428,33.2737],[131.9427,33.2737],[131.9428,33.2737]]],[[[131.9428,33.2737],[131.9428,33.2738],[131.9429,33.2738],[131.9428,33.2737]]],[[[131.9422,33.2739],[131.9421,33.2739],[131.9421,33.2739],[131.9422,33.2739]]],[[[131.9418,33.274],[131.9418,33.2739],[131.9418,33.2739],[131.9418,33.274]]],[[[131.9421,33.2739],[131.9421,33.2739],[131.9421,33.2739],[131.9421,33.2739]]],[[[131.9421,33.274],[131.9421,33.274],[131.9421,33.274],[131.9421,33.274]]],[[[131.9418,33.274],[131.9418,33.274],[131.9418,33.274],[131.9418,33.274]]],[[[131.9418,33.274],[131.9419,33.274],[131.9418,33.274],[131.9418,33.274]]],[[[131.9421,33.274],[131.942,33.2741],[131.9421,33.2741],[131.9421,33.274]]],[[[131.9419,33.2741],[131.9419,33.2741],[131.9419,33.2741],[131.9419,33.2741]]],[[[131.9419,33.2741],[131.9419,33.2741],[131.9419,33.2741],[131.9419,33.2741]]],[[[131.9418,33.2742],[131.9418,33.2742],[131.9418,33.2742],[131.9418,33.2742]]],[[[131.9418,33.2743],[131.9418,33.2743],[131.9418,33.2742],[131.9418,33.2743]]],[[[131.9417,33.2743],[131.9417,33.2743],[131.9417,33.2743],[131.9417,33.2743]]],[[[131.9413,33.2744],[131.9412,33.2744],[131.9413,33.2744],[131.9413,33.2744]]],[[[131.9411,33.2745],[131.9411,33.2745],[131.9411,33.2745],[131.9411,33.2745]]],[[[131.9413,33.2745],[131.9413,33.2745],[131.9413,33.2745],[131.9413,33.2745]]],[[[131.9412,33.2745],[131.9412,33.2745],[131.9412,33.2745],[131.9412,33.2745]]],[[[131.9412,33.2746],[131.9412,33.2746],[131.9412,33.2746],[131.9412,33.2746]]],[[[131.9411,33.2746],[131.9412,33.2746],[131.9411,33.2746],[131.9411,33.2746]]],[[[131.941,33.2747],[131.9411,33.2746],[131.941,33.2746],[131.941,33.2747]]],[[[131.941,33.2747],[131.941,33.2747],[131.941,33.2747],[131.941,33.2747]]],[[[131.9409,33.2751],[131.9409,33.2751],[131.941,33.2751],[131.9409,33.2751]]],[[[131.9407,33.2751],[131.9407,33.2751],[131.9408,33.2751],[131.9407,33.2751]]],[[[131.9407,33.2751],[131.9407,33.2751],[131.9407,33.2751],[131.9407,33.2751]]],[[[131.9406,33.276],[131.9406,33.2759],[131.9406,33.276],[131.9406,33.276]]],[[[131.9406,33.276],[131.9407,33.276],[131.9407,33.276],[131.9406,33.276]]],[[[131.9406,33.2761],[131.9406,33.2761],[131.9406,33.2761],[131.9406,33.2761]]],[[[131.9404,33.2761],[131.9404,33.2761],[131.9403,33.2761],[131.9404,33.2761]]],[[[131.9405,33.2761],[131.9405,33.2761],[131.9405,33.2762],[131.9405,33.2761]]],[[[131.9405,33.2765],[131.9405,33.2765],[131.9405,33.2764],[131.9405,33.2765]]],[[[131.9393,33.2769],[131.9393,33.2769],[131.9393,33.2769],[131.9393,33.2769]]],[[[131.9389,33.2769],[131.939,33.2769],[131.939,33.2769],[131.9389,33.2769]]],[[[131.9391,33.2769],[131.9391,33.2769],[131.9392,33.2769],[131.9391,33.2769]]],[[[131.9387,33.2769],[131.9385,33.2771],[131.9388,33.277],[131.9387,33.2769]]],[[[131.9393,33.277],[131.9393,33.2769],[131.9391,33.277],[131.9393,33.277]]],[[[131.9388,33.277],[131.9389,33.277],[131.9388,33.277],[131.9388,33.277]]],[[[131.939,33.2772],[131.9389,33.2771],[131.9386,33.2771],[131.939,33.2772]]],[[[131.9392,33.2771],[131.9392,33.2772],[131.9393,33.2771],[131.9392,33.2771]]],[[[131.9388,33.2772],[131.9388,33.2772],[131.9387,33.2772],[131.9388,33.2772]]],[[[131.9425,33.278],[131.9425,33.278],[131.9425,33.278],[131.9425,33.278]]],[[[131.9431,33.278],[131.9431,33.278],[131.9431,33.278],[131.9431,33.278]]],[[[131.9426,33.2781],[131.9426,33.278],[131.9426,33.278],[131.9426,33.2781]]],[[[131.9435,33.2781],[131.9435,33.278],[131.9435,33.278],[131.9435,33.2781]]],[[[131.9386,33.2781],[131.9387,33.2781],[131.9386,33.2781],[131.9386,33.2781]]],[[[131.9394,33.278],[131.9394,33.2781],[131.9396,33.2782],[131.9394,33.278]]],[[[131.9432,33.2782],[131.9432,33.2781],[131.9432,33.2781],[131.9432,33.2782]]],[[[131.9388,33.2781],[131.9389,33.2782],[131.939,33.2782],[131.9388,33.2781]]],[[[131.9433,33.2782],[131.9433,33.2782],[131.9433,33.2782],[131.9433,33.2782]]],[[[131.9395,33.2782],[131.9395,33.2782],[131.9395,33.2782],[131.9395,33.2782]]],[[[131.9397,33.2782],[131.9398,33.2782],[131.9397,33.2782],[131.9397,33.2782]]],[[[131.9395,33.2783],[131.9396,33.2783],[131.9395,33.2783],[131.9395,33.2783]]],[[[131.9448,33.2783],[131.9448,33.2783],[131.9448,33.2783],[131.9448,33.2783]]],[[[131.9431,33.2783],[131.9431,33.2783],[131.9431,33.2783],[131.9431,33.2783]]],[[[131.9388,33.2784],[131.939,33.2782],[131.9388,33.2783],[131.9388,33.2784]]],[[[131.9447,33.2783],[131.9447,33.2783],[131.9447,33.2783],[131.9447,33.2783]]],[[[131.9404,33.2783],[131.9404,33.2783],[131.9403,33.2783],[131.9404,33.2783]]],[[[131.9391,33.2784],[131.9391,33.2783],[131.9391,33.2783],[131.9391,33.2784]]],[[[131.9446,33.2784],[131.9446,33.2783],[131.9446,33.2783],[131.9446,33.2784]]],[[[131.9396,33.2783],[131.9396,33.2784],[131.9396,33.2783],[131.9396,33.2783]]],[[[131.9432,33.2784],[131.9432,33.2784],[131.9432,33.2784],[131.9432,33.2784]]],[[[131.9446,33.2784],[131.9446,33.2784],[131.9446,33.2784],[131.9446,33.2784]]],[[[131.9403,33.2785],[131.9404,33.2784],[131.9402,33.2783],[131.9403,33.2785]]],[[[131.9447,33.2785],[131.9447,33.2785],[131.9447,33.2785],[131.9447,33.2785]]],[[[131.9471,33.2691],[131.9471,33.2691],[131.947,33.2691],[131.9471,33.2691]]],[[[131.9469,33.2692],[131.9469,33.2692],[131.9469,33.2692],[131.9469,33.2692]]],[[[131.9457,33.2694],[131.9457,33.2696],[131.9458,33.2695],[131.9457,33.2694]]],[[[131.9448,33.2697],[131.9449,33.2696],[131.9449,33.2694],[131.9448,33.2697]]],[[[131.9466,33.2696],[131.9464,33.2696],[131.9466,33.2696],[131.9466,33.2696]]],[[[131.9461,33.2695],[131.9462,33.2697],[131.9463,33.2695],[131.9461,33.2695]]],[[[131.9455,33.2697],[131.9455,33.2697],[131.9454,33.2697],[131.9455,33.2697]]],[[[131.9458,33.2698],[131.9458,33.2697],[131.9458,33.2697],[131.9458,33.2698]]],[[[131.9455,33.2698],[131.9455,33.2697],[131.9454,33.2698],[131.9455,33.2698]]],[[[131.9458,33.2698],[131.9459,33.2698],[131.9459,33.2698],[131.9458,33.2698]]],[[[131.9468,33.2698],[131.9467,33.2698],[131.9467,33.2698],[131.9468,33.2698]]],[[[131.9456,33.2699],[131.9456,33.2699],[131.9456,33.2699],[131.9456,33.2699]]],[[[131.9457,33.27],[131.9458,33.27],[131.9457,33.2698],[131.9457,33.27]]],[[[131.946,33.27],[131.9464,33.2699],[131.946,33.2698],[131.946,33.27]]],[[[131.9462,33.2703],[131.9462,33.2703],[131.9462,33.2703],[131.9462,33.2703]]],[[[131.946,33.2705],[131.9453,33.2701],[131.9455,33.2707],[131.946,33.2705]]],[[[131.9467,33.2705],[131.9468,33.2705],[131.9467,33.2705],[131.9467,33.2705]]],[[[131.9464,33.2705],[131.9464,33.2705],[131.9464,33.2705],[131.9464,33.2705]]],[[[131.9463,33.2705],[131.9462,33.2705],[131.9462,33.2705],[131.9463,33.2705]]],[[[131.9464,33.2706],[131.9464,33.2706],[131.9464,33.2706],[131.9464,33.2706]]],[[[131.946,33.2706],[131.9458,33.2707],[131.9461,33.2706],[131.946,33.2706]]],[[[131.9461,33.2708],[131.946,33.2707],[131.9459,33.2707],[131.9461,33.2708]]],[[[131.9462,33.2709],[131.9463,33.271],[131.9463,33.2709],[131.9462,33.2709]]],[[[131.9455,33.2709],[131.9454,33.2709],[131.9455,33.2709],[131.9455,33.2709]]],[[[131.9466,33.271],[131.9465,33.271],[131.9463,33.2711],[131.9466,33.271]]],[[[131.9453,33.271],[131.9453,33.271],[131.9453,33.271],[131.9453,33.271]]],[[[131.9453,33.271],[131.9453,33.271],[131.9453,33.2711],[131.9453,33.271]]],[[[131.9465,33.2711],[131.9465,33.2711],[131.9465,33.2711],[131.9465,33.2711]]],[[[131.9465,33.2711],[131.9465,33.2711],[131.9465,33.2711],[131.9465,33.2711]]],[[[131.9451,33.2711],[131.9451,33.2711],[131.9451,33.2711],[131.9451,33.2711]]],[[[131.9465,33.2711],[131.9465,33.2711],[131.9465,33.2711],[131.9465,33.2711]]],[[[131.9467,33.2711],[131.9468,33.2712],[131.9468,33.2711],[131.9467,33.2711]]],[[[131.9449,33.2712],[131.9448,33.2712],[131.9449,33.2712],[131.9449,33.2712]]],[[[131.9467,33.2712],[131.9467,33.2712],[131.9467,33.2712],[131.9467,33.2712]]],[[[131.9466,33.2712],[131.9466,33.2712],[131.9465,33.2712],[131.9466,33.2712]]],[[[131.9466,33.2712],[131.9466,33.2712],[131.9466,33.2712],[131.9466,33.2712]]],[[[131.9466,33.2713],[131.9466,33.2713],[131.9466,33.2713],[131.9466,33.2713]]],[[[131.9466,33.2713],[131.9467,33.2713],[131.9466,33.2713],[131.9466,33.2713]]],[[[131.945,33.2714],[131.945,33.2713],[131.9449,33.2714],[131.945,33.2714]]],[[[131.9467,33.2714],[131.9466,33.2714],[131.9467,33.2714],[131.9467,33.2714]]],[[[131.9469,33.2714],[131.9469,33.2714],[131.9469,33.2714],[131.9469,33.2714]]],[[[131.9473,33.2714],[131.9473,33.2714],[131.9473,33.2714],[131.9473,33.2714]]],[[[131.9467,33.2715],[131.9467,33.2715],[131.9467,33.2714],[131.9467,33.2715]]],[[[131.9467,33.2715],[131.9467,33.2715],[131.9467,33.2715],[131.9467,33.2715]]],[[[131.9468,33.2716],[131.9468,33.2717],[131.9468,33.2717],[131.9468,33.2716]]],[[[131.9468,33.2717],[131.9468,33.2717],[131.9468,33.2717],[131.9468,33.2717]]],[[[131.9469,33.2716],[131.9468,33.2717],[131.9469,33.2717],[131.9469,33.2716]]],[[[131.9472,33.2717],[131.9471,33.2717],[131.9472,33.2717],[131.9472,33.2717]]],[[[131.9471,33.2717],[131.9471,33.2717],[131.9471,33.2717],[131.9471,33.2717]]],[[[131.947,33.2717],[131.947,33.2717],[131.947,33.2717],[131.947,33.2717]]],[[[131.9471,33.2718],[131.9471,33.2718],[131.9471,33.2718],[131.9471,33.2718]]],[[[131.9477,33.272],[131.9477,33.272],[131.9477,33.272],[131.9477,33.272]]],[[[131.9477,33.2721],[131.9478,33.272],[131.9477,33.272],[131.9477,33.2721]]],[[[131.9479,33.272],[131.9479,33.2721],[131.9482,33.2719],[131.9479,33.272]]],[[[131.9487,33.2722],[131.9489,33.2721],[131.9486,33.2721],[131.9487,33.2722]]],[[[131.9492,33.2721],[131.9492,33.2721],[131.9492,33.2721],[131.9492,33.2721]]],[[[131.9491,33.2721],[131.9489,33.2722],[131.9491,33.2722],[131.9491,33.2721]]],[[[131.9479,33.2722],[131.9478,33.2722],[131.948,33.2722],[131.9479,33.2722]]],[[[131.9478,33.2722],[131.9478,33.2722],[131.9478,33.2722],[131.9478,33.2722]]],[[[131.9486,33.2722],[131.9486,33.2722],[131.9486,33.2722],[131.9486,33.2722]]],[[[131.9479,33.2722],[131.9478,33.2722],[131.9478,33.2722],[131.9479,33.2722]]],[[[131.9486,33.2723],[131.9486,33.2722],[131.9486,33.2722],[131.9486,33.2723]]],[[[131.9482,33.2723],[131.9483,33.2722],[131.9482,33.2722],[131.9482,33.2723]]],[[[131.9488,33.2724],[131.9488,33.2722],[131.9486,33.2724],[131.9488,33.2724]]],[[[131.9504,33.274],[131.9504,33.274],[131.9504,33.274],[131.9504,33.274]]],[[[131.9503,33.274],[131.9503,33.274],[131.9503,33.274],[131.9503,33.274]]],[[[131.9502,33.274],[131.9502,33.274],[131.9502,33.274],[131.9502,33.274]]],[[[131.9508,33.274],[131.9508,33.274],[131.9507,33.274],[131.9508,33.274]]],[[[131.9505,33.274],[131.9505,33.274],[131.9505,33.274],[131.9505,33.274]]],[[[131.9506,33.2741],[131.9506,33.2741],[131.9506,33.2741],[131.9506,33.2741]]],[[[131.9504,33.2741],[131.9506,33.2741],[131.9505,33.274],[131.9504,33.2741]]],[[[131.9502,33.2741],[131.9503,33.2741],[131.9502,33.2741],[131.9502,33.2741]]],[[[131.95,33.2741],[131.95,33.2741],[131.95,33.2741],[131.95,33.2741]]],[[[131.9501,33.2741],[131.95,33.2741],[131.95,33.2741],[131.9501,33.2741]]],[[[131.9507,33.2741],[131.9507,33.2741],[131.9506,33.2741],[131.9507,33.2741]]],[[[131.9503,33.2741],[131.9503,33.2742],[131.9503,33.2741],[131.9503,33.2741]]],[[[131.9506,33.2742],[131.9506,33.2742],[131.9506,33.2742],[131.9506,33.2742]]],[[[131.9507,33.2742],[131.9507,33.2742],[131.9507,33.2742],[131.9507,33.2742]]],[[[131.9506,33.2742],[131.9506,33.2742],[131.9506,33.2742],[131.9506,33.2742]]],[[[131.9506,33.2742],[131.9507,33.2742],[131.9507,33.2742],[131.9506,33.2742]]],[[[131.9457,33.2707],[131.9448,33.2719],[131.9443,33.272],[131.9441,33.2718],[131.9443,33.2727],[131.944,33.2732],[131.9424,33.2741],[131.9419,33.2742],[131.9416,33.2739],[131.9419,33.2742],[131.941,33.2752],[131.9408,33.2751],[131.941,33.2757],[131.9406,33.2766],[131.94,33.2767],[131.9401,33.2772],[131.9385,33.2774],[131.9376,33.277],[131.9373,33.2773],[131.938,33.2781],[131.942,33.2778],[131.9464,33.2784],[131.9469,33.2781],[131.9479,33.278],[131.9494,33.2781],[131.9504,33.2787],[131.951,33.2793],[131.951,33.2792],[131.9512,33.2791],[131.9518,33.2793],[131.9517,33.2787],[131.9521,33.2787],[131.9522,33.2785],[131.9527,33.2785],[131.9526,33.2783],[131.953,33.2782],[131.9535,33.2782],[131.9537,33.2782],[131.9537,33.2783],[131.9537,33.2782],[131.9538,33.2783],[131.9538,33.2784],[131.9539,33.2783],[131.9548,33.2785],[131.9553,33.279],[131.9566,33.2792],[131.9562,33.2781],[131.9564,33.2779],[131.9563,33.278],[131.956,33.2778],[131.9559,33.2775],[131.9559,33.2775],[131.9558,33.2772],[131.9566,33.2754],[131.9543,33.2745],[131.954,33.2738],[131.9529,33.2747],[131.9518,33.2742],[131.9517,33.2736],[131.9506,33.2743],[131.9497,33.2741],[131.9489,33.2726],[131.9482,33.2723],[131.948,33.2722],[131.9478,33.2723],[131.9467,33.2718],[131.9457,33.2707]]],[[[131.9472,33.2782],[131.9472,33.2782],[131.9472,33.2782],[131.9472,33.2782]]],[[[131.9486,33.2782],[131.9486,33.2782],[131.9486,33.2782],[131.9486,33.2782]]],[[[131.9488,33.2782],[131.9488,33.2782],[131.9488,33.2782],[131.9488,33.2782]]],[[[131.9487,33.2782],[131.9486,33.2782],[131.9486,33.2782],[131.9487,33.2782]]],[[[131.9487,33.2783],[131.9487,33.2782],[131.9487,33.2783],[131.9487,33.2783]]],[[[131.9491,33.2782],[131.949,33.2783],[131.9491,33.2782],[131.9491,33.2782]]],[[[131.9486,33.2783],[131.9486,33.2783],[131.9486,33.2783],[131.9486,33.2783]]],[[[131.9488,33.2783],[131.9488,33.2783],[131.9488,33.2783],[131.9488,33.2783]]],[[[131.9459,33.2785],[131.9459,33.2785],[131.9459,33.2786],[131.9459,33.2785]]],[[[131.9459,33.2787],[131.9459,33.2786],[131.9459,33.2787],[131.9459,33.2787]]],[[[131.9506,33.279],[131.9506,33.279],[131.9506,33.279],[131.9506,33.279]]],[[[131.9511,33.2792],[131.9511,33.2792],[131.9511,33.2792],[131.9511,33.2792]]],[[[131.9526,33.2735],[131.9526,33.2735],[131.9526,33.2734],[131.9526,33.2735]]],[[[131.9525,33.2736],[131.9523,33.2735],[131.9524,33.2736],[131.9525,33.2736]]],[[[131.9533,33.2737],[131.9533,33.2737],[131.9533,33.2737],[131.9533,33.2737]]],[[[131.9519,33.2737],[131.9519,33.2737],[131.9519,33.2737],[131.9519,33.2737]]],[[[131.9542,33.2737],[131.9542,33.2738],[131.9542,33.2737],[131.9542,33.2737]]],[[[131.9541,33.2737],[131.9541,33.2738],[131.9542,33.2738],[131.9541,33.2737]]],[[[131.9528,33.2741],[131.9529,33.2735],[131.9524,33.2737],[131.9528,33.2741]]],[[[131.9543,33.2738],[131.9546,33.2739],[131.9544,33.2737],[131.9543,33.2738]]],[[[131.9547,33.2739],[131.9547,33.2739],[131.9547,33.2738],[131.9547,33.2739]]],[[[131.9527,33.2742],[131.9526,33.2741],[131.9525,33.2742],[131.9527,33.2742]]],[[[131.9526,33.2745],[131.9527,33.2745],[131.9526,33.2745],[131.9526,33.2745]]],[[[131.9527,33.2745],[131.9527,33.2745],[131.9527,33.2746],[131.9527,33.2745]]],[[[131.9554,33.2746],[131.9554,33.2746],[131.9553,33.2746],[131.9554,33.2746]]],[[[131.9557,33.2748],[131.9557,33.2748],[131.9557,33.2748],[131.9557,33.2748]]],[[[131.9569,33.2756],[131.9569,33.2755],[131.9569,33.2756],[131.9569,33.2756]]],[[[131.9568,33.2756],[131.9569,33.2756],[131.9569,33.2756],[131.9568,33.2756]]],[[[131.9568,33.2756],[131.9567,33.2756],[131.9568,33.2756],[131.9568,33.2756]]],[[[131.9569,33.2767],[131.9574,33.2762],[131.9573,33.2761],[131.9569,33.2767]]],[[[131.9567,33.2766],[131.9568,33.2766],[131.9568,33.2765],[131.9567,33.2766]]],[[[131.9578,33.2766],[131.9575,33.2765],[131.9574,33.2768],[131.9578,33.2766]]],[[[131.9568,33.2766],[131.9568,33.2767],[131.9568,33.2767],[131.9568,33.2766]]],[[[131.956,33.2774],[131.956,33.2774],[131.956,33.2774],[131.956,33.2774]]],[[[131.9563,33.2774],[131.9562,33.2774],[131.9563,33.2774],[131.9563,33.2774]]],[[[131.9561,33.2775],[131.956,33.2774],[131.956,33.2775],[131.9561,33.2775]]],[[[131.9559,33.2775],[131.9559,33.2774],[131.9559,33.2775],[131.9559,33.2775]]],[[[131.9562,33.2775],[131.9562,33.2775],[131.9562,33.2775],[131.9562,33.2775]]],[[[131.9559,33.2775],[131.9559,33.2775],[131.9559,33.2775],[131.9559,33.2775]]],[[[131.956,33.2775],[131.956,33.2775],[131.956,33.2775],[131.956,33.2775]]],[[[131.9561,33.2775],[131.9561,33.2775],[131.9561,33.2775],[131.9561,33.2775]]],[[[131.9559,33.2775],[131.9559,33.2775],[131.9559,33.2775],[131.9559,33.2775]]],[[[131.956,33.2775],[131.956,33.2775],[131.9559,33.2775],[131.956,33.2775]]],[[[131.956,33.2775],[131.956,33.2775],[131.956,33.2775],[131.956,33.2775]]],[[[131.956,33.2775],[131.9559,33.2776],[131.956,33.2776],[131.956,33.2775]]],[[[131.9561,33.2776],[131.9561,33.2775],[131.9561,33.2775],[131.9561,33.2776]]],[[[131.9562,33.2775],[131.9562,33.2776],[131.9562,33.2776],[131.9562,33.2775]]],[[[131.956,33.2776],[131.956,33.2776],[131.956,33.2776],[131.956,33.2776]]],[[[131.9562,33.2776],[131.9562,33.2776],[131.9562,33.2776],[131.9562,33.2776]]],[[[131.956,33.2776],[131.956,33.2776],[131.956,33.2776],[131.956,33.2776]]],[[[131.9561,33.2776],[131.9562,33.2776],[131.9561,33.2776],[131.9561,33.2776]]],[[[131.956,33.2776],[131.956,33.2776],[131.956,33.2777],[131.956,33.2776]]],[[[131.9563,33.2777],[131.9563,33.2778],[131.9563,33.2777],[131.9563,33.2777]]],[[[131.9563,33.2778],[131.9563,33.2778],[131.9563,33.2778],[131.9563,33.2778]]],[[[131.9561,33.2778],[131.9561,33.2778],[131.9561,33.2778],[131.9561,33.2778]]],[[[131.9562,33.2778],[131.9561,33.2778],[131.9562,33.2778],[131.9562,33.2778]]],[[[131.959,33.2778],[131.9589,33.2779],[131.9591,33.2778],[131.959,33.2778]]],[[[131.9561,33.2779],[131.9562,33.2778],[131.9561,33.2778],[131.9561,33.2779]]],[[[131.9588,33.2779],[131.9588,33.2779],[131.9588,33.2778],[131.9588,33.2779]]],[[[131.9567,33.2778],[131.9564,33.278],[131.9567,33.2779],[131.9567,33.2778]]],[[[131.9565,33.2781],[131.9565,33.2781],[131.9565,33.2781],[131.9565,33.2781]]],[[[131.9564,33.2781],[131.9565,33.2781],[131.9565,33.2781],[131.9564,33.2781]]],[[[131.9567,33.2782],[131.9567,33.2781],[131.9567,33.2782],[131.9567,33.2782]]],[[[131.9566,33.2782],[131.9566,33.2782],[131.9566,33.2782],[131.9566,33.2782]]],[[[131.9531,33.2782],[131.9531,33.2782],[131.9531,33.2782],[131.9531,33.2782]]],[[[131.9533,33.2782],[131.9533,33.2782],[131.9533,33.2783],[131.9533,33.2782]]],[[[131.9564,33.2783],[131.9564,33.2783],[131.9564,33.2783],[131.9564,33.2783]]],[[[131.953,33.2783],[131.953,33.2783],[131.953,33.2783],[131.953,33.2783]]],[[[131.9533,33.2783],[131.9533,33.2783],[131.9533,33.2783],[131.9533,33.2783]]],[[[131.9566,33.2783],[131.9566,33.2783],[131.9566,33.2783],[131.9566,33.2783]]],[[[131.9564,33.2783],[131.9564,33.2783],[131.9564,33.2783],[131.9564,33.2783]]],[[[131.9531,33.2783],[131.9531,33.2783],[131.9531,33.2783],[131.9531,33.2783]]],[[[131.9564,33.2784],[131.9564,33.2784],[131.9564,33.2784],[131.9564,33.2784]]],[[[131.9543,33.2784],[131.9543,33.2784],[131.9543,33.2784],[131.9543,33.2784]]],[[[131.9544,33.2784],[131.9544,33.2784],[131.9544,33.2784],[131.9544,33.2784]]],[[[131.9543,33.2784],[131.9543,33.2784],[131.9543,33.2784],[131.9543,33.2784]]],[[[131.9542,33.2785],[131.9541,33.2785],[131.9541,33.2785],[131.9542,33.2785]]],[[[131.9566,33.2785],[131.9565,33.2785],[131.9566,33.2785],[131.9566,33.2785]]],[[[131.9606,33.2787],[131.9606,33.2786],[131.9605,33.2787],[131.9606,33.2787]]],[[[131.957,33.2788],[131.957,33.2788],[131.957,33.2788],[131.957,33.2788]]],[[[131.9586,33.2788],[131.9587,33.2788],[131.9586,33.2788],[131.9586,33.2788]]],[[[131.9588,33.2789],[131.9587,33.2788],[131.9587,33.2789],[131.9588,33.2789]]],[[[131.9586,33.279],[131.9586,33.279],[131.9586,33.279],[131.9586,33.279]]],[[[131.9519,33.279],[131.9519,33.2791],[131.9519,33.279],[131.9519,33.279]]],[[[131.9585,33.2791],[131.9585,33.279],[131.9585,33.2791],[131.9585,33.2791]]],[[[131.9587,33.2791],[131.9587,33.279],[131.9587,33.279],[131.9587,33.2791]]],[[[131.9585,33.2799],[131.9586,33.2796],[131.9586,33.2795],[131.9584,33.2795],[131.958,33.2783],[131.9568,33.2793],[131.9574,33.2792],[131.9585,33.2799]]],[[[131.9584,33.2792],[131.9584,33.2792],[131.9584,33.2792],[131.9584,33.2792]]],[[[131.9584,33.2792],[131.9584,33.2792],[131.9583,33.2792],[131.9584,33.2792]]],[[[131.9512,33.2792],[131.9512,33.2792],[131.9512,33.2792],[131.9512,33.2792]]],[[[131.9571,33.2795],[131.9572,33.2794],[131.957,33.2794],[131.9571,33.2795]]],[[[131.9585,33.2794],[131.9585,33.2795],[131.9586,33.2795],[131.9585,33.2794]]],[[[131.9609,33.2794],[131.9611,33.2794],[131.9606,33.2787],[131.9594,33.2795],[131.9605,33.2803],[131.9609,33.2794]]],[[[131.9586,33.2796],[131.9586,33.2795],[131.9586,33.2795],[131.9586,33.2796]]],[[[131.9609,33.2797],[131.9609,33.2796],[131.9609,33.2797],[131.9609,33.2797]]],[[[131.9594,33.2796],[131.9595,33.2798],[131.9596,33.2799],[131.9594,33.2796]]],[[[131.9593,33.2797],[131.9593,33.2798],[131.9595,33.2799],[131.9593,33.2797]]],[[[131.9624,33.2806],[131.9627,33.2799],[131.962,33.2804],[131.9624,33.2806]]],[[[131.962,33.2803],[131.9621,33.2803],[131.9621,33.2802],[131.962,33.2803]]],[[[131.962,33.2805],[131.962,33.2805],[131.962,33.2805],[131.962,33.2805]]],[[[131.9618,33.2806],[131.9618,33.2805],[131.9617,33.2805],[131.9618,33.2806]]],[[[131.9618,33.2806],[131.9619,33.2806],[131.9619,33.2806],[131.9618,33.2806]]],[[[131.962,33.2806],[131.9621,33.2807],[131.9619,33.2805],[131.962,33.2806]]]]}},{"type":"Feature","properties":{"code":"44202","name":"別府市","pref_code":"44","pref":"大分県"},"geometry":{"type":"MultiPolygon","coordinates":[[[[131.5099,33.2777],[131.51,33.2769],[131.5098,33.2776],[131.5099,33.2777]]],[[[131.507,33.2832],[131.5069,33.2837],[131.507,33.2832],[131.507,33.2832]]],[[[131.5065,33.2848],[131.5068,33.284],[131.5065,33.2848],[131.5065,33.2848]]],[[[131.5063,33.2856],[131.5065,33.285],[131.5064,33.285],[131.5063,33.2856]]],[[[131.4697,33.3541],[131.4828,33.3519],[131.4798,33.3495],[131.48,33.3488],[131.4815,33.349],[131.4817,33.3509],[131.4847,33.3526],[131.4917,33.3497],[131.4969,33.3504],[131.4954,33.3434],[131.4971,33.343],[131.4972,33.3425],[131.4962,33.3426],[131.4953,33.3396],[131.4974,33.3394],[131.4969,33.3323],[131.4959,33.3324],[131.4959,33.3312],[131.497,33.3311],[131.4959,33.3311],[131.4959,33.3298],[131.4975,33.3298],[131.4978,33.3325],[131.4975,33.328],[131.4967,33.3277],[131.4979,33.3276],[131.4968,33.3273],[131.4961,33.3264],[131.4973,33.3254],[131.4975,33.3271],[131.4989,33.3239],[131.5007,33.3243],[131.5026,33.322],[131.5001,33.3191],[131.5004,33.3173],[131.5025,33.3154],[131.5017,33.3117],[131.5043,33.3101],[131.5044,33.3019],[131.5032,33.3002],[131.5049,33.3],[131.5034,33.2979],[131.5065,33.2996],[131.5041,33.2972],[131.5042,33.2959],[131.5049,33.2957],[131.5058,33.2965],[131.5059,33.2964],[131.5049,33.2956],[131.5043,33.2959],[131.506,33.2906],[131.5057,33.2892],[131.5043,33.2901],[131.5053,33.2892],[131.5045,33.2887],[131.5052,33.2888],[131.5067,33.2885],[131.5069,33.2883],[131.5076,33.2868],[131.5056,33.2886],[131.5069,33.2867],[131.5055,33.2858],[131.5061,33.2836],[131.5067,33.2828],[131.5075,33.2829],[131.5084,33.2792],[131.5087,33.2792],[131.509,33.2791],[131.5093,33.2777],[131.5085,33.2792],[131.5085,33.2777],[131.5075,33.2787],[131.5076,33.2776],[131.5094,33.2771],[131.5096,33.275],[131.5093,33.277],[131.5083,33.2773],[131.5101,33.2712],[131.5114,33.2714],[131.5122,33.2704],[131.5113,33.2714],[131.5104,33.2705],[131.5116,33.2705],[131.5126,33.2675],[131.5178,33.2653],[131.5177,33.2627],[131.5158,33.2591],[131.5163,33.2542],[131.5193,33.2492],[131.5211,33.2485],[131.5154,33.2478],[131.5099,33.2518],[131.5044,33.2496],[131.5026,33.2504],[131.5052,33.2424],[131.5047,33.2403],[131.5061,33.238],[131.5055,33.2313],[131.5063,33.2283],[131.5048,33.2263],[131.5051,33.2246],[131.5023,33.224],[131.4995,33.2279],[131.4979,33.2276],[131.4967,33.2289],[131.4961,33.2276],[131.4921,33.23],[131.4879,33.2305],[131.4838,33.2262],[131.4761,33.2286],[131.4771,33.2299],[131.4741,33.23],[131.4671,33.235],[131.4638,33.2359],[131.4619,33.2418],[131.4577,33.2429],[131.4502,33.2391],[131.4515,33.2352],[131.4446,33.2343],[131.4425,33.2329],[131.4392,33.2391],[131.4344,33.2386],[131.431,33.2358],[131.424,33.2354],[131.4156,33.2329],[131.4088,33.2281],[131.4038,33.2267],[131.4007,33.2283],[131.3946,33.2285],[131.3918,33.2305],[131.3862,33.2317],[131.3851,33.2331],[131.3817,33.233],[131.3809,33.2347],[131.3789,33.2355],[131.3803,33.2428],[131.3784,33.2434],[131.3785,33.2474],[131.3824,33.2514],[131.384,33.2551],[131.391,33.2587],[131.3906,33.2601],[131.3937,33.2641],[131.3938,33.2693],[131.3899,33.2732],[131.3905,33.2803],[131.394,33.2822],[131.4056,33.2821],[131.4205,33.2907],[131.4184,33.2958],[131.4203,33.2991],[131.4199,33.3027],[131.4215,33.3036],[131.4229,33.3088],[131.4264,33.3107],[131.4285,33.3126],[131.4281,33.3138],[131.4339,33.3183],[131.4341,33.3237],[131.4275,33.3261],[131.4205,33.3255],[131.4158,33.3231],[131.4119,33.3192],[131.3994,33.3227],[131.3991,33.328],[131.397,33.3304],[131.3969,33.3337],[131.4006,33.3377],[131.3991,33.3405],[131.4027,33.3435],[131.4007,33.3496],[131.407,33.3512],[131.4066,33.3505],[131.4084,33.3494],[131.4125,33.3486],[131.4163,33.3493],[131.4167,33.3457],[131.4198,33.3434],[131.4229,33.3429],[131.4289,33.3455],[131.4349,33.345],[131.433,33.3432],[131.4413,33.3456],[131.4391,33.3481],[131.4419,33.3493],[131.4505,33.3479],[131.4559,33.3505],[131.4658,33.3518],[131.4697,33.3541]]],[[[131.5052,33.2953],[131.5054,33.2953],[131.5053,33.2953],[131.5052,33.2953]]],[[[131.5061,33.2961],[131.5063,33.2961],[131.5062,33.296],[131.5061,33.2961]]],[[[131.5076,33.3079],[131.5087,33.2992],[131.5076,33.3016],[131.5075,33.3079],[131.5087,33.3108],[131.5076,33.3079]]],[[[131.4981,33.3273],[131.498,33.3274],[131.4978,33.3275],[131.4981,33.3273]]]]}},{"type":"Feature","properties":{"code":"44203","name":"中津市","pref_code":"44","pref":"大分県"},"geometry":{"type":"MultiPolygon","coordinates":[[[[131.1924,33.6192],[131.1973,33.6169],[131.2044,33.6171],[131.2107,33.6145],[131.2116,33.6133],[131.21,33.6125],[131.2108,33.6138],[131.2093,33.6129],[131.2093,33.6134],[131.209,33.614],[131.2094,33.6125],[131.2166,33.609],[131.2139,33.6052],[131.2194,33.6041],[131.2196,33.6058],[131.2204,33.6064],[131.2197,33.6047],[131.2215,33.6047],[131.2212,33.6064],[131.2218,33.6046],[131.233,33.6014],[131.2385,33.6012],[131.2388,33.609],[131.2453,33.6153],[131.2394,33.6095],[131.2406,33.6085],[131.239,33.6089],[131.2391,33.6079],[131.2402,33.608],[131.2391,33.6079],[131.2394,33.6063],[131.2417,33.6067],[131.241,33.6082],[131.2422,33.6079],[131.2467,33.6115],[131.2491,33.6098],[131.2483,33.6089],[131.2511,33.6069],[131.252,33.6077],[131.2531,33.6069],[131.2544,33.6082],[131.2541,33.6124],[131.2577,33.6126],[131.2576,33.6139],[131.2547,33.6161],[131.2577,33.614],[131.2586,33.6035],[131.2557,33.599],[131.2681,33.5926],[131.2671,33.589],[131.273,33.5877],[131.2735,33.5871],[131.2735,33.5866],[131.2728,33.5861],[131.2729,33.5875],[131.2724,33.5861],[131.2743,33.5849],[131.2734,33.5834],[131.2789,33.5808],[131.2771,33.5784],[131.2767,33.5756],[131.278,33.5729],[131.2764,33.5719],[131.277,33.5699],[131.279,33.5689],[131.2762,33.5669],[131.2758,33.5658],[131.2773,33.5632],[131.2748,33.5617],[131.2725,33.5577],[131.2736,33.5569],[131.2734,33.5543],[131.2725,33.5532],[131.2703,33.5534],[131.2698,33.555],[131.2687,33.554],[131.2648,33.5546],[131.2624,33.5534],[131.2602,33.5537],[131.2576,33.55],[131.2564,33.545],[131.2539,33.542],[131.2543,33.5399],[131.2524,33.5356],[131.2565,33.5299],[131.2569,33.525],[131.2615,33.5185],[131.2611,33.5171],[131.2642,33.5145],[131.2649,33.512],[131.2667,33.5108],[131.2666,33.5079],[131.2732,33.4991],[131.2704,33.4963],[131.2684,33.4914],[131.2663,33.4908],[131.2668,33.4874],[131.2655,33.4865],[131.263,33.4868],[131.26,33.4838],[131.2595,33.4805],[131.2481,33.4764],[131.242,33.4778],[131.2407,33.4766],[131.2424,33.4734],[131.2441,33.4726],[131.2439,33.4693],[131.2408,33.4639],[131.2449,33.4622],[131.2453,33.4567],[131.2472,33.4555],[131.246,33.452],[131.2441,33.4502],[131.2449,33.448],[131.2442,33.4462],[131.2472,33.4443],[131.2464,33.4417],[131.2516,33.4355],[131.2515,33.4337],[131.2542,33.4292],[131.2533,33.4266],[131.2554,33.4194],[131.2554,33.4131],[131.2517,33.4128],[131.2498,33.4099],[131.2479,33.4106],[131.2468,33.413],[131.2429,33.4136],[131.2361,33.4113],[131.2342,33.4133],[131.232,33.4121],[131.2304,33.4138],[131.2293,33.4123],[131.2271,33.4117],[131.2251,33.4092],[131.2259,33.4063],[131.2291,33.4053],[131.2286,33.4037],[131.2301,33.402],[131.2294,33.3979],[131.2227,33.3925],[131.2246,33.3902],[131.2213,33.3863],[131.2246,33.3846],[131.2261,33.3807],[131.2317,33.379],[131.2308,33.3767],[131.2268,33.3734],[131.225,33.3682],[131.2218,33.3659],[131.2178,33.3647],[131.217,33.362],[131.2142,33.3613],[131.2131,33.3596],[131.2105,33.3613],[131.2106,33.3588],[131.206,33.3593],[131.2048,33.3538],[131.2,33.3506],[131.1988,33.3487],[131.1968,33.3485],[131.1932,33.3505],[131.1928,33.354],[131.1898,33.3564],[131.1868,33.3554],[131.1835,33.3562],[131.1787,33.3539],[131.1782,33.3565],[131.1756,33.3574],[131.1764,33.3588],[131.1749,33.3627],[131.1727,33.3645],[131.174,33.3655],[131.1702,33.3669],[131.1679,33.37],[131.1649,33.3699],[131.1633,33.3666],[131.1602,33.3639],[131.1578,33.3633],[131.1554,33.3642],[131.1533,33.3659],[131.1512,33.3715],[131.148,33.373],[131.1462,33.3787],[131.1423,33.3788],[131.1413,33.3776],[131.14,33.3781],[131.1393,33.3806],[131.1372,33.3796],[131.1358,33.3806],[131.1329,33.3751],[131.1295,33.3727],[131.13,33.3706],[131.1283,33.3683],[131.1236,33.3684],[131.1235,33.3694],[131.1152,33.3723],[131.1154,33.3736],[131.1185,33.3758],[131.1163,33.3756],[131.1079,33.3801],[131.0988,33.3885],[131.089,33.388],[131.0824,33.3849],[131.0809,33.3855],[131.0803,33.3838],[131.0759,33.3833],[131.0745,33.3841],[131.0712,33.3827],[131.0702,33.384],[131.068,33.3835],[131.0603,33.3725],[131.0606,33.3705],[131.0575,33.3644],[131.0571,33.3608],[131.05,33.3612],[131.0494,33.3602],[131.0477,33.361],[131.0451,33.36],[131.0428,33.361],[131.0397,33.3595],[131.0332,33.3605],[131.0252,33.3585],[131.0223,33.3645],[131.0206,33.3733],[131.013,33.3759],[131.0098,33.3805],[131.0103,33.3838],[131.0128,33.3845],[131.0119,33.3847],[131.0122,33.3863],[131.0086,33.3893],[131.0089,33.3926],[130.9916,33.3995],[130.9898,33.4042],[130.9852,33.4078],[130.984,33.4104],[130.9773,33.4119],[130.9746,33.4165],[130.9721,33.4166],[130.9695,33.4197],[130.9698,33.4209],[130.9664,33.422],[130.9649,33.4299],[130.9624,33.4312],[130.9596,33.4299],[130.9542,33.4311],[130.9536,33.433],[130.951,33.4321],[130.9463,33.4337],[130.9449,33.437],[130.9462,33.4411],[130.9421,33.4425],[130.9425,33.4463],[130.9398,33.4474],[130.9362,33.4516],[130.9287,33.4522],[130.9263,33.4576],[130.9292,33.4606],[130.9305,33.4638],[130.9306,33.4666],[130.9298,33.4667],[130.9424,33.4856],[130.9501,33.4877],[130.9559,33.4919],[130.9616,33.4936],[130.9626,33.4977],[130.9697,33.5005],[130.9723,33.5052],[130.9749,33.5055],[130.9768,33.5071],[130.9866,33.5073],[130.9903,33.5093],[130.9918,33.5083],[131.002,33.5122],[131.0152,33.5091],[131.0194,33.5126],[131.0257,33.5129],[131.0296,33.5189],[131.0358,33.5191],[131.0373,33.517],[131.0422,33.5143],[131.0441,33.51],[131.0477,33.5111],[131.0516,33.5099],[131.0532,33.5079],[131.0652,33.51],[131.0697,33.5068],[131.0738,33.5071],[131.0757,33.5053],[131.0936,33.5074],[131.0963,33.5064],[131.0969,33.5046],[131.0994,33.5046],[131.1041,33.5058],[131.1053,33.5078],[131.1076,33.5076],[131.1118,33.5065],[131.1124,33.5047],[131.1176,33.5023],[131.128,33.5016],[131.13,33.502],[131.1301,33.5047],[131.1336,33.5058],[131.1421,33.5046],[131.1464,33.506],[131.1482,33.5051],[131.1509,33.5065],[131.1547,33.5061],[131.156,33.5079],[131.1632,33.5085],[131.1698,33.505],[131.1773,33.5072],[131.1745,33.5123],[131.1684,33.5152],[131.1698,33.523],[131.1664,33.5279],[131.169,33.5307],[131.1769,33.5345],[131.1783,33.5371],[131.1869,33.544],[131.1885,33.5478],[131.1906,33.5596],[131.1862,33.5679],[131.1737,33.5772],[131.1724,33.5822],[131.1727,33.5887],[131.1736,33.5914],[131.1782,33.596],[131.1774,33.6029],[131.1795,33.6077],[131.1879,33.6197],[131.1873,33.6183],[131.1882,33.6178],[131.1868,33.616],[131.1885,33.6162],[131.188,33.6154],[131.1892,33.6148],[131.1904,33.6164],[131.1887,33.6167],[131.1895,33.6178],[131.1906,33.6166],[131.1913,33.6175],[131.1884,33.6195],[131.1924,33.6192]]],[[[131.269,33.5922],[131.2692,33.5932],[131.2694,33.5932],[131.269,33.5922]]],[[[131.2496,33.6171],[131.247,33.6167],[131.2456,33.6155],[131.2469,33.6168],[131.2496,33.6171]]],[[[131.2542,33.6215],[131.2503,33.623],[131.2542,33.6216],[131.2542,33.6215]]]]}},{"type":"Feature","properties":{"code":"44205","name":"佐伯市","pref_code":"44","pref":"大分県"},"geometry":{"type":"MultiPolygon","coordinates":[[[[131.9183,32.7257],[131.9171,32.7258],[131.9172,32.7259],[131.9183,32.7257]]],[[[131.9196,32.7263],[131.9184,32.7259],[131.9176,32.7261],[131.9196,32.7263]]],[[[131.8861,32.7467],[131.8859,32.7465],[131.8859,32.7467],[131.8861,32.7467]]],[[[131.8819,32.7485],[131.8817,32.7486],[131.8819,32.7487],[131.8819,32.7485]]],[[[131.8839,32.7489],[131.8842,32.7488],[131.884,32.7487],[131.8839,32.7489]]],[[[131.8864,32.749],[131.8864,32.7491],[131.8864,32.749],[131.8864,32.749]]],[[[131.8848,32.7492],[131.8851,32.7492],[131.8849,32.7492],[131.8848,32.7492]]],[[[131.879,32.7494],[131.8792,32.7494],[131.8789,32.7494],[131.879,32.7494]]],[[[131.8764,32.7496],[131.8764,32.7494],[131.8762,32.7495],[131.8764,32.7496]]],[[[131.8788,32.7497],[131.8788,32.7495],[131.8786,32.7495],[131.8788,32.7497]]],[[[131.8777,32.7496],[131.878,32.7497],[131.8777,32.7495],[131.8777,32.7496]]],[[[131.8767,32.7497],[131.8769,32.7497],[131.8767,32.7497],[131.8767,32.7497]]],[[[131.8756,32.7498],[131.8755,32.7497],[131.8754,32.7497],[131.8756,32.7498]]],[[[131.8752,32.7499],[131.8752,32.7497],[131.8751,32.7498],[131.8752,32.7499]]],[[[131.878,32.75],[131.8782,32.7499],[131.878,32.7499],[131.878,32.75]]],[[[131.8826,32.7499],[131.8827,32.75],[131.8827,32.7499],[131.8826,32.7499]]],[[[131.8832,32.7502],[131.8831,32.7501],[131.883,32.7501],[131.8832,32.7502]]],[[[131.8861,32.7501],[131.8854,32.7503],[131.8862,32.7504],[131.8861,32.7501]]],[[[131.8833,32.7505],[131.8833,32.7503],[131.8833,32.7503],[131.8833,32.7505]]],[[[131.8844,32.7507],[131.8845,32.7506],[131.8843,32.7505],[131.8844,32.7507]]],[[[131.8871,32.7517],[131.8872,32.7521],[131.8874,32.752],[131.8871,32.7517]]],[[[131.887,32.7523],[131.8868,32.7522],[131.8868,32.7523],[131.887,32.7523]]],[[[131.8837,32.7532],[131.8836,32.7531],[131.8836,32.7532],[131.8837,32.7532]]],[[[131.8834,32.7532],[131.8833,32.7531],[131.8833,32.7532],[131.8834,32.7532]]],[[[131.8954,32.7638],[131.8956,32.7636],[131.8953,32.7636],[131.8954,32.7638]]],[[[131.8957,32.7641],[131.8948,32.7636],[131.8946,32.7637],[131.8957,32.7641]]],[[[131.8964,32.7645],[131.8969,32.7647],[131.8964,32.7644],[131.8964,32.7645]]],[[[131.8953,32.7668],[131.8954,32.7673],[131.8956,32.7673],[131.8953,32.7668]]],[[[131.8913,32.7673],[131.8912,32.7671],[131.8911,32.7672],[131.8913,32.7673]]],[[[131.9179,32.7677],[131.9176,32.7679],[131.9179,32.7678],[131.9179,32.7677]]],[[[131.8947,32.7678],[131.8946,32.7681],[131.895,32.768],[131.8947,32.7678]]],[[[131.8759,32.7679],[131.8756,32.7682],[131.8759,32.7682],[131.8759,32.7679]]],[[[131.9183,32.7681],[131.9181,32.7683],[131.9183,32.7683],[131.9183,32.7681]]],[[[131.8754,32.7684],[131.8756,32.7686],[131.8756,32.7683],[131.8754,32.7684]]],[[[131.9181,32.7684],[131.9177,32.7685],[131.9181,32.7685],[131.9181,32.7684]]],[[[131.9115,32.7687],[131.9114,32.7685],[131.9113,32.7687],[131.9115,32.7687]]],[[[131.9183,32.7688],[131.9182,32.7686],[131.9181,32.7687],[131.9183,32.7688]]],[[[131.8752,32.7687],[131.8749,32.7689],[131.8751,32.7689],[131.8752,32.7687]]],[[[131.9187,32.7689],[131.9186,32.7687],[131.9186,32.7688],[131.9187,32.7689]]],[[[131.9164,32.7689],[131.9164,32.7687],[131.9163,32.7689],[131.9164,32.7689]]],[[[131.9163,32.7688],[131.9161,32.7688],[131.9161,32.7689],[131.9163,32.7688]]],[[[131.9139,32.769],[131.9139,32.7687],[131.9137,32.7688],[131.9139,32.769]]],[[[131.8752,32.769],[131.8756,32.769],[131.8755,32.7688],[131.8752,32.769]]],[[[131.9179,32.7687],[131.9178,32.769],[131.9181,32.769],[131.9179,32.7687]]],[[[131.9113,32.769],[131.9115,32.7688],[131.9113,32.7689],[131.9113,32.769]]],[[[131.9105,32.7688],[131.9104,32.769],[131.9111,32.7689],[131.9105,32.7688]]],[[[131.9144,32.7688],[131.9141,32.769],[131.9144,32.769],[131.9144,32.7688]]],[[[131.9161,32.7691],[131.9162,32.769],[131.9161,32.769],[131.9161,32.7691]]],[[[131.9121,32.769],[131.9117,32.7691],[131.9121,32.7691],[131.9121,32.769]]],[[[131.9132,32.7691],[131.9132,32.769],[131.9131,32.7691],[131.9132,32.7691]]],[[[131.9182,32.7689],[131.9185,32.7693],[131.9186,32.769],[131.9182,32.7689]]],[[[131.9125,32.7692],[131.9126,32.769],[131.9125,32.7691],[131.9125,32.7692]]],[[[131.92,32.7694],[131.9195,32.7691],[131.9195,32.7694],[131.92,32.7694]]],[[[131.91,32.7693],[131.9103,32.7694],[131.9103,32.7693],[131.91,32.7693]]],[[[131.9133,32.7694],[131.9136,32.7693],[131.9132,32.7693],[131.9133,32.7694]]],[[[131.9094,32.7695],[131.9092,32.7692],[131.9092,32.7693],[131.9094,32.7695]]],[[[131.9194,32.7694],[131.9192,32.7693],[131.9192,32.7694],[131.9194,32.7694]]],[[[131.8746,32.7693],[131.8743,32.7695],[131.8747,32.7694],[131.8746,32.7693]]],[[[131.9097,32.7693],[131.9098,32.7696],[131.91,32.7695],[131.9097,32.7693]]],[[[131.9083,32.77],[131.9083,32.7699],[131.9082,32.7699],[131.9083,32.77]]],[[[131.9092,32.7701],[131.9093,32.77],[131.9091,32.7698],[131.9092,32.7701]]],[[[131.9084,32.7704],[131.9083,32.7707],[131.9085,32.7705],[131.9084,32.7704]]],[[[131.9073,32.7708],[131.9073,32.7711],[131.9075,32.771],[131.9073,32.7708]]],[[[131.9071,32.7713],[131.9069,32.7712],[131.907,32.7713],[131.9071,32.7713]]],[[[131.9066,32.7712],[131.9067,32.7714],[131.9068,32.7713],[131.9066,32.7712]]],[[[131.9073,32.7713],[131.9072,32.7715],[131.9075,32.7715],[131.9073,32.7713]]],[[[131.907,32.7715],[131.9069,32.7716],[131.9072,32.7716],[131.907,32.7715]]],[[[131.9062,32.7715],[131.9063,32.7716],[131.9064,32.7715],[131.9062,32.7715]]],[[[131.9066,32.7717],[131.9066,32.7719],[131.9068,32.7719],[131.9066,32.7717]]],[[[131.9074,32.7721],[131.9074,32.7716],[131.9069,32.7721],[131.9074,32.7721]]],[[[131.9068,32.7721],[131.9068,32.7723],[131.907,32.7723],[131.9068,32.7721]]],[[[131.8935,32.7747],[131.8938,32.7745],[131.8935,32.7746],[131.8935,32.7747]]],[[[131.9105,32.7746],[131.9098,32.7745],[131.9105,32.7749],[131.9105,32.7746]]],[[[131.9108,32.7747],[131.911,32.7755],[131.9108,32.778],[131.9083,32.781],[131.9112,32.7784],[131.9135,32.7784],[131.9169,32.7761],[131.9186,32.7772],[131.9204,32.7754],[131.9232,32.7753],[131.9246,32.7737],[131.9234,32.7711],[131.9239,32.7711],[131.9233,32.7704],[131.9238,32.7701],[131.9194,32.77],[131.9169,32.7688],[131.9159,32.7697],[131.9149,32.769],[131.9127,32.7699],[131.9106,32.7692],[131.9097,32.7705],[131.9077,32.7712],[131.9078,32.7731],[131.9098,32.7733],[131.9108,32.7747]]],[[[131.873,32.7761],[131.8732,32.7764],[131.8733,32.7762],[131.873,32.7761]]],[[[131.9159,32.7772],[131.9153,32.7774],[131.9158,32.7779],[131.9159,32.7772]]],[[[131.8778,32.7791],[131.8776,32.7794],[131.8779,32.7795],[131.8778,32.7791]]],[[[131.8773,32.7798],[131.8775,32.7796],[131.8774,32.7796],[131.8773,32.7798]]],[[[131.9032,32.7843],[131.9032,32.784],[131.903,32.7842],[131.9032,32.7843]]],[[[131.9032,32.7845],[131.9031,32.7843],[131.903,32.7845],[131.9032,32.7845]]],[[[131.9017,32.7847],[131.9019,32.7845],[131.9017,32.7845],[131.9017,32.7847]]],[[[131.9023,32.7848],[131.9024,32.7845],[131.9022,32.7847],[131.9023,32.7848]]],[[[131.9021,32.7847],[131.902,32.7846],[131.902,32.7848],[131.9021,32.7847]]],[[[131.92,32.7851],[131.9198,32.7844],[131.9195,32.7849],[131.92,32.7851]]],[[[131.9186,32.7851],[131.9189,32.7848],[131.9186,32.7847],[131.9186,32.7851]]],[[[131.9185,32.7853],[131.9184,32.785],[131.9182,32.785],[131.9185,32.7853]]],[[[131.9148,32.787],[131.9144,32.787],[131.9144,32.7871],[131.9148,32.787]]],[[[131.9111,32.7901],[131.9113,32.79],[131.9111,32.7899],[131.9111,32.7901]]],[[[131.988,33.0537],[131.9846,33.0479],[131.9803,33.0466],[131.9778,33.0474],[131.9758,33.0462],[131.9682,33.0481],[131.9643,33.0479],[131.9627,33.0493],[131.9577,33.0508],[131.9592,33.0516],[131.9529,33.0495],[131.9501,33.0498],[131.9435,33.0539],[131.9422,33.0518],[131.941,33.0528],[131.9395,33.0519],[131.9372,33.0484],[131.9323,33.0512],[131.9338,33.0521],[131.9323,33.0518],[131.9323,33.0534],[131.9278,33.0515],[131.9261,33.0477],[131.9277,33.0455],[131.9268,33.045],[131.9274,33.0442],[131.9244,33.0449],[131.9253,33.045],[131.9243,33.0458],[131.9217,33.0451],[131.9208,33.0435],[131.9216,33.0433],[131.9204,33.0414],[131.9225,33.0399],[131.9203,33.0373],[131.9221,33.0363],[131.9212,33.0351],[131.9223,33.0332],[131.9207,33.0312],[131.9199,33.0292],[131.9228,33.0274],[131.9227,33.027],[131.9226,33.0267],[131.9228,33.0263],[131.9191,33.0256],[131.9137,33.0205],[131.9142,33.021],[131.9125,33.0211],[131.9102,33.0185],[131.9108,33.0162],[131.9079,33.0163],[131.9083,33.0153],[131.907,33.0157],[131.9048,33.0125],[131.9028,33.0124],[131.9011,33.0102],[131.9039,33.0065],[131.9048,33.0068],[131.9049,33.0046],[131.9069,33.0031],[131.9082,32.9992],[131.9063,32.9982],[131.9067,32.9971],[131.9055,32.9968],[131.9057,32.9953],[131.9035,32.9923],[131.9016,32.9921],[131.9006,32.9941],[131.903,32.9969],[131.9002,32.9999],[131.9014,33.0017],[131.9005,33.0018],[131.8987,33.0056],[131.8994,33.0033],[131.8973,33.0017],[131.8978,32.9988],[131.8957,32.9969],[131.8967,32.9954],[131.8947,32.995],[131.8942,32.9968],[131.8935,32.9941],[131.8911,32.9932],[131.8903,32.9941],[131.8896,32.993],[131.8897,32.9911],[131.8931,32.9885],[131.8979,32.9898],[131.8961,32.9831],[131.8974,32.9823],[131.8955,32.9812],[131.8974,32.98],[131.9016,32.9821],[131.9031,32.9809],[131.9059,32.9817],[131.9075,32.9805],[131.9063,32.9813],[131.9041,32.9809],[131.9043,32.98],[131.9065,32.9804],[131.9027,32.9791],[131.9031,32.9775],[131.9045,32.9784],[131.9053,32.9781],[131.9046,32.9769],[131.9063,32.9778],[131.9102,32.9756],[131.9119,32.9776],[131.9115,32.9785],[131.9134,32.977],[131.9125,32.9725],[131.9164,32.9701],[131.9182,32.976],[131.9266,32.9729],[131.9275,32.9749],[131.9238,32.9648],[131.9356,32.9619],[131.9351,32.9573],[131.9382,32.9522],[131.9395,32.9525],[131.9384,32.9532],[131.9396,32.9525],[131.942,32.9554],[131.9449,32.9553],[131.945,32.9563],[131.9444,32.956],[131.9435,32.9561],[131.945,32.9564],[131.9454,32.9574],[131.9442,32.9577],[131.946,32.9599],[131.9493,32.9592],[131.9521,32.9545],[131.9553,32.9541],[131.9568,32.9524],[131.9553,32.9539],[131.9536,32.9528],[131.9561,32.95],[131.9572,32.9503],[131.9563,32.9498],[131.9587,32.9483],[131.958,32.948],[131.9596,32.9456],[131.9622,32.9467],[131.9625,32.9484],[131.9636,32.9478],[131.9648,32.9488],[131.9637,32.9501],[131.9612,32.9486],[131.9639,32.9506],[131.9631,32.9541],[131.9597,32.9571],[131.9601,32.9601],[131.9623,32.9592],[131.9636,32.9599],[131.9652,32.955],[131.9687,32.953],[131.9699,32.9539],[131.9693,32.9554],[131.9725,32.9571],[131.9717,32.9585],[131.9709,32.9581],[131.9732,32.9598],[131.972,32.9614],[131.9728,32.9633],[131.975,32.9637],[131.9752,32.9585],[131.974,32.9559],[131.9749,32.9546],[131.9731,32.9542],[131.9715,32.9517],[131.9739,32.9498],[131.9722,32.9485],[131.9718,32.9465],[131.9751,32.9446],[131.9788,32.9468],[131.9764,32.9442],[131.9771,32.9428],[131.976,32.9438],[131.9758,32.9429],[131.978,32.9406],[131.9809,32.941],[131.982,32.9393],[131.9852,32.9402],[131.9842,32.9404],[131.9853,32.9429],[131.9894,32.9421],[131.989,32.9439],[131.991,32.9443],[131.9903,32.9462],[131.9925,32.946],[131.9932,32.9483],[131.9925,32.9485],[131.9925,32.9487],[131.9935,32.9493],[131.9909,32.9495],[131.9928,32.952],[131.9897,32.954],[131.9909,32.9549],[131.9916,32.9542],[131.9929,32.9539],[131.9937,32.9531],[131.9959,32.953],[131.9984,32.9546],[131.9979,32.9568],[132.0033,32.9589],[132.0042,32.9576],[132.0025,32.956],[132.0047,32.9552],[132.0004,32.95],[131.9974,32.9491],[131.9983,32.9477],[131.9977,32.9463],[132.0005,32.9443],[131.9976,32.9404],[131.9984,32.9388],[131.9976,32.9393],[131.9969,32.9384],[131.9987,32.9367],[132.0018,32.9372],[132.0014,32.9335],[132.003,32.9324],[132.0043,32.9324],[132.0049,32.9341],[132.0061,32.9338],[132.0065,32.9353],[132.0052,32.9346],[132.0048,32.9346],[132.0067,32.9358],[132.0095,32.9329],[132.011,32.9328],[132.0118,32.9362],[132.0129,32.9345],[132.014,32.9361],[132.0168,32.9356],[132.0192,32.9375],[132.0179,32.9389],[132.0207,32.9384],[132.0227,32.9403],[132.0245,32.9389],[132.0261,32.9383],[132.0301,32.9398],[132.0323,32.9395],[132.0315,32.9388],[132.034,32.9396],[132.0349,32.9429],[132.0335,32.9457],[132.0343,32.9467],[132.0331,32.9475],[132.0342,32.9477],[132.0319,32.9486],[132.0323,32.9477],[132.0309,32.9501],[132.0328,32.9514],[132.0333,32.954],[132.0339,32.952],[132.0357,32.9505],[132.0396,32.9493],[132.0413,32.9498],[132.0418,32.948],[132.044,32.9471],[132.0458,32.9483],[132.0488,32.9476],[132.0505,32.9486],[132.051,32.9494],[132.0497,32.9489],[132.0507,32.9499],[132.0495,32.9513],[132.051,32.9521],[132.0498,32.9533],[132.0508,32.9538],[132.0542,32.9473],[132.0583,32.9456],[132.0671,32.9466],[132.0658,32.9463],[132.0669,32.945],[132.0682,32.9455],[132.0674,32.947],[132.0702,32.9473],[132.0703,32.9487],[132.0754,32.9441],[132.0773,32.9438],[132.0788,32.9454],[132.0792,32.9439],[132.082,32.9433],[132.0817,32.9407],[132.0822,32.9365],[132.0847,32.9352],[132.0834,32.9339],[132.0853,32.9329],[132.0836,32.9312],[132.0802,32.9319],[132.0764,32.9313],[132.0768,32.9326],[132.0761,32.9331],[132.0699,32.934],[132.0705,32.9361],[132.0684,32.9369],[132.0654,32.9365],[132.0646,32.9359],[132.0648,32.9349],[132.0634,32.9345],[132.0608,32.9361],[132.0584,32.9362],[132.0581,32.9374],[132.0569,32.9374],[132.057,32.9392],[132.0557,32.9398],[132.0542,32.9399],[132.052,32.9361],[132.0475,32.9375],[132.0469,32.9363],[132.0478,32.9355],[132.0471,32.9351],[132.0483,32.9347],[132.0479,32.9322],[132.0497,32.9317],[132.0458,32.9295],[132.0449,32.9277],[132.0448,32.9262],[132.0422,32.9274],[132.0405,32.9268],[132.0386,32.9282],[132.0399,32.9308],[132.0391,32.9316],[132.0393,32.9316],[132.0397,32.9321],[132.0399,32.9321],[132.0398,32.9325],[132.0406,32.9329],[132.0405,32.9332],[132.0401,32.9332],[132.0398,32.9336],[132.041,32.9338],[132.0385,32.9357],[132.034,32.937],[132.0302,32.9366],[132.027,32.9358],[132.0241,32.9332],[132.0238,32.933],[132.0237,32.9311],[132.0228,32.9318],[132.0218,32.9317],[132.0219,32.932],[132.0201,32.9319],[132.0187,32.9307],[132.0188,32.9311],[132.0185,32.9312],[132.0165,32.9301],[132.0164,32.9293],[132.0175,32.9283],[132.0158,32.9271],[132.0158,32.9261],[132.0177,32.9248],[132.0175,32.9235],[132.0156,32.9232],[132.0141,32.9244],[132.0121,32.9246],[132.0118,32.9256],[132.0086,32.9251],[132.0094,32.9229],[132.0101,32.9226],[132.0083,32.9215],[132.0082,32.9205],[132.0101,32.9179],[132.0092,32.916],[132.0109,32.9151],[132.0095,32.9146],[132.0091,32.9139],[132.0091,32.9101],[132.01,32.9098],[132.0097,32.9088],[132.0103,32.9082],[132.0098,32.9071],[132.0105,32.9069],[132.01,32.9066],[132.0097,32.9058],[132.0086,32.9064],[132.006,32.9062],[132.0061,32.9081],[132.0036,32.9099],[131.9991,32.9097],[131.9977,32.9104],[131.9973,32.911],[131.9959,32.9117],[131.9959,32.9131],[131.9934,32.9151],[131.9961,32.9167],[131.9929,32.9181],[131.9939,32.9196],[131.9931,32.92],[131.9946,32.921],[131.9934,32.922],[131.9928,32.9197],[131.9916,32.9211],[131.9902,32.9209],[131.9899,32.9223],[131.9889,32.9224],[131.9901,32.923],[131.9898,32.9241],[131.9878,32.9237],[131.9885,32.9225],[131.9868,32.9192],[131.985,32.9213],[131.9839,32.9205],[131.9779,32.9216],[131.9787,32.9223],[131.977,32.9229],[131.9784,32.9177],[131.9796,32.9169],[131.9804,32.9177],[131.9829,32.9154],[131.984,32.9161],[131.982,32.9145],[131.9847,32.9125],[131.9835,32.9107],[131.9854,32.9066],[131.9842,32.9044],[131.9852,32.9024],[131.9841,32.9007],[131.9847,32.8994],[131.9857,32.899],[131.988,32.8982],[131.9861,32.895],[131.9868,32.8938],[131.9861,32.8949],[131.9847,32.8941],[131.9864,32.8937],[131.9856,32.8915],[131.9856,32.8909],[131.9866,32.8912],[131.9867,32.8909],[131.9858,32.8909],[131.9866,32.8907],[131.9863,32.8894],[131.9889,32.8901],[131.9899,32.8918],[131.9875,32.8916],[131.9895,32.8922],[131.9915,32.8921],[131.9916,32.8906],[131.9934,32.8903],[131.9934,32.8926],[131.992,32.8924],[131.992,32.8937],[131.9923,32.8929],[131.9948,32.8936],[131.9937,32.8935],[131.9933,32.8949],[131.9916,32.8943],[131.9917,32.8947],[131.9955,32.8954],[131.9943,32.898],[131.9956,32.8997],[131.9975,32.898],[131.9987,32.8948],[132.0034,32.8917],[132.0062,32.8913],[132.0118,32.8935],[132.0156,32.8906],[132.0124,32.8909],[132.0081,32.8903],[132.001,32.8858],[131.9997,32.8827],[132.001,32.8785],[131.9954,32.8778],[131.9933,32.8749],[131.9922,32.8742],[131.9905,32.8721],[131.9866,32.8703],[131.986,32.8675],[131.9867,32.8658],[131.9846,32.8636],[131.9846,32.8628],[131.983,32.8627],[131.9788,32.8672],[131.9762,32.8672],[131.9746,32.8654],[131.9758,32.8669],[131.9745,32.8678],[131.9727,32.8647],[131.9742,32.8653],[131.9761,32.8633],[131.9774,32.8643],[131.9758,32.8629],[131.9766,32.8621],[131.9763,32.8611],[131.9768,32.8605],[131.9754,32.8569],[131.9718,32.8567],[131.9707,32.8527],[131.9654,32.8511],[131.9616,32.8468],[131.9597,32.8467],[131.9597,32.848],[131.9563,32.8517],[131.9544,32.8522],[131.9552,32.8542],[131.9535,32.8559],[131.9514,32.8546],[131.9497,32.855],[131.9498,32.8537],[131.9516,32.8543],[131.9501,32.8538],[131.9496,32.8503],[131.9543,32.8452],[131.954,32.8426],[131.9562,32.8429],[131.9558,32.8436],[131.9567,32.8421],[131.9565,32.841],[131.9515,32.8396],[131.9482,32.8371],[131.9424,32.8368],[131.9447,32.8366],[131.9438,32.8345],[131.9448,32.834],[131.9464,32.8347],[131.946,32.8359],[131.9465,32.8346],[131.949,32.834],[131.9523,32.8349],[131.9536,32.8366],[131.9578,32.8368],[131.9599,32.8335],[131.9594,32.8287],[131.9628,32.8188],[131.9648,32.8196],[131.9648,32.8205],[131.9635,32.8204],[131.9632,32.8205],[131.9651,32.8207],[131.9654,32.8224],[131.9679,32.8221],[131.9673,32.8242],[131.9658,32.8247],[131.9675,32.8264],[131.9654,32.8281],[131.9669,32.83],[131.9658,32.8308],[131.9672,32.8328],[131.9635,32.8359],[131.9632,32.8383],[131.9653,32.839],[131.9668,32.8382],[131.968,32.8336],[131.9694,32.8331],[131.9703,32.8307],[131.9733,32.8299],[131.9736,32.8279],[131.9766,32.8292],[131.9776,32.8286],[131.9768,32.8271],[131.9775,32.825],[131.9812,32.8263],[131.9803,32.8248],[131.982,32.825],[131.9828,32.8258],[131.9823,32.8257],[131.9813,32.8258],[131.9837,32.8272],[131.9818,32.8268],[131.9856,32.828],[131.9875,32.8316],[131.9849,32.8325],[131.9848,32.834],[131.9826,32.8345],[131.9831,32.8369],[131.976,32.8407],[131.9802,32.8423],[131.9801,32.8448],[131.9748,32.8445],[131.9861,32.8463],[131.991,32.8425],[131.9922,32.8421],[131.9936,32.8421],[131.9945,32.8402],[131.9979,32.8381],[132.0065,32.8374],[132.0104,32.8347],[132.0106,32.8338],[132.0088,32.8302],[132.008,32.8266],[132.0058,32.8259],[132.0018,32.8222],[131.9992,32.8218],[131.994,32.8198],[131.9933,32.8192],[131.9931,32.8189],[131.9915,32.8191],[131.9863,32.8163],[131.9841,32.8138],[131.9841,32.8119],[131.9833,32.8119],[131.9824,32.8111],[131.9813,32.8112],[131.9798,32.8094],[131.9763,32.8085],[131.9738,32.8069],[131.9722,32.8048],[131.9718,32.8026],[131.9729,32.8008],[131.9739,32.8006],[131.974,32.7996],[131.977,32.7995],[131.9761,32.7968],[131.9768,32.7954],[131.9761,32.7954],[131.9712,32.7917],[131.969,32.7921],[131.968,32.7936],[131.9632,32.7943],[131.9643,32.7982],[131.9634,32.7987],[131.9619,32.801],[131.9642,32.7983],[131.9651,32.8004],[131.9652,32.7995],[131.9666,32.8002],[131.9657,32.8003],[131.9663,32.8021],[131.965,32.8033],[131.9639,32.8024],[131.9625,32.8029],[131.9649,32.8034],[131.9633,32.8056],[131.9546,32.8081],[131.9472,32.8063],[131.9462,32.8038],[131.9487,32.7969],[131.9476,32.7957],[131.9476,32.7947],[131.9472,32.7946],[131.9442,32.7915],[131.9436,32.7907],[131.9436,32.7898],[131.9378,32.7867],[131.9367,32.7845],[131.932,32.7859],[131.9297,32.7852],[131.9273,32.7903],[131.9275,32.7927],[131.9249,32.7943],[131.9221,32.794],[131.9235,32.7942],[131.9231,32.7972],[131.9269,32.7965],[131.9269,32.798],[131.9244,32.7975],[131.9254,32.8011],[131.923,32.8008],[131.9223,32.7995],[131.9223,32.8006],[131.9221,32.7996],[131.9206,32.8],[131.9195,32.7986],[131.9206,32.798],[131.9194,32.7984],[131.9184,32.7961],[131.9175,32.7964],[131.9172,32.7954],[131.9187,32.7959],[131.9184,32.7921],[131.9206,32.7916],[131.9197,32.7884],[131.9202,32.7853],[131.9147,32.7871],[131.9145,32.7889],[131.9128,32.7885],[131.9113,32.7899],[131.913,32.7907],[131.9123,32.7916],[131.9074,32.7939],[131.9065,32.7931],[131.9085,32.7921],[131.9065,32.7921],[131.9065,32.789],[131.9034,32.7885],[131.9027,32.7849],[131.8994,32.7864],[131.899,32.7876],[131.8964,32.7871],[131.8947,32.7888],[131.9005,32.7942],[131.8968,32.795],[131.8961,32.7961],[131.9,32.7987],[131.8984,32.801],[131.8999,32.8003],[131.8997,32.8022],[131.8947,32.8006],[131.8949,32.8052],[131.8913,32.8053],[131.89,32.8048],[131.8915,32.8043],[131.8906,32.8041],[131.8899,32.8048],[131.8886,32.803],[131.8904,32.8031],[131.8886,32.803],[131.889,32.8005],[131.8867,32.7975],[131.8873,32.7957],[131.886,32.7936],[131.887,32.7926],[131.8849,32.7911],[131.8857,32.7899],[131.8859,32.7901],[131.8867,32.7906],[131.8858,32.7898],[131.8878,32.7899],[131.8872,32.7873],[131.8901,32.7855],[131.8905,32.784],[131.8918,32.7841],[131.893,32.7813],[131.897,32.7796],[131.8935,32.778],[131.8924,32.7733],[131.8934,32.7703],[131.8956,32.77],[131.8942,32.7678],[131.8944,32.7666],[131.8965,32.7649],[131.8953,32.7641],[131.8926,32.7649],[131.8926,32.7668],[131.8908,32.7685],[131.8914,32.7705],[131.8883,32.7726],[131.8893,32.7743],[131.8889,32.7767],[131.8827,32.7828],[131.8803,32.791],[131.8779,32.7916],[131.8747,32.7904],[131.8741,32.7894],[131.875,32.7882],[131.8741,32.7888],[131.8729,32.7862],[131.8745,32.7861],[131.8747,32.7872],[131.8757,32.788],[131.8742,32.7839],[131.8764,32.7824],[131.8772,32.7799],[131.8764,32.7782],[131.8749,32.7786],[131.8724,32.776],[131.8696,32.7764],[131.8686,32.7737],[131.8693,32.7721],[131.8711,32.7717],[131.8716,32.7727],[131.8717,32.7694],[131.8744,32.769],[131.8761,32.7664],[131.8799,32.7655],[131.8779,32.7642],[131.8797,32.7623],[131.8764,32.7594],[131.8776,32.7555],[131.8764,32.7553],[131.8763,32.7541],[131.8758,32.7538],[131.8763,32.7549],[131.8729,32.755],[131.8717,32.7518],[131.8738,32.7492],[131.8753,32.7502],[131.875,32.7495],[131.8803,32.7483],[131.882,32.7484],[131.8846,32.7504],[131.8838,32.7487],[131.8859,32.7482],[131.8852,32.7468],[131.886,32.7471],[131.8854,32.7465],[131.8857,32.7459],[131.8845,32.747],[131.8746,32.7408],[131.8622,32.7404],[131.858,32.7377],[131.847,32.7359],[131.8466,32.7423],[131.8442,32.7474],[131.8498,32.756],[131.8484,32.7605],[131.8492,32.764],[131.8463,32.7671],[131.8462,32.7735],[131.8442,32.7766],[131.8485,32.7831],[131.8504,32.789],[131.8493,32.7907],[131.8544,32.7958],[131.8539,32.799],[131.8601,32.8063],[131.859,32.821],[131.8555,32.8232],[131.848,32.8178],[131.8387,32.8203],[131.8345,32.8197],[131.8325,32.8211],[131.8311,32.824],[131.826,32.8263],[131.8242,32.8299],[131.8202,32.8278],[131.8151,32.8284],[131.8139,32.8262],[131.8092,32.8248],[131.8091,32.8237],[131.8067,32.8222],[131.7981,32.8249],[131.7964,32.8228],[131.7939,32.822],[131.7878,32.8279],[131.7885,32.8295],[131.7873,32.8336],[131.7828,32.8338],[131.7766,32.8359],[131.7721,32.8359],[131.7688,32.8369],[131.7686,32.8383],[131.767,32.8389],[131.7648,32.8368],[131.762,32.8365],[131.7597,32.8376],[131.7596,32.8365],[131.7571,32.8355],[131.7541,32.8364],[131.7474,32.8331],[131.7415,32.8344],[131.7399,32.8327],[131.7374,32.8329],[131.7357,32.8311],[131.7361,32.8216],[131.7343,32.8175],[131.7311,32.8159],[131.7292,32.8058],[131.7302,32.8028],[131.729,32.7987],[131.7159,32.7881],[131.7154,32.7799],[131.7111,32.7724],[131.7066,32.7716],[131.6956,32.7748],[131.691,32.7718],[131.6801,32.7702],[131.6763,32.7684],[131.6695,32.7684],[131.6689,32.7666],[131.6521,32.7713],[131.6483,32.7717],[131.6407,32.7703],[131.6348,32.7719],[131.6298,32.7718],[131.6245,32.7746],[131.6185,32.7731],[131.6058,32.7739],[131.6011,32.7722],[131.5974,32.775],[131.5925,32.7753],[131.5898,32.7739],[131.588,32.7704],[131.5792,32.761],[131.5684,32.7541],[131.5654,32.7555],[131.5555,32.7554],[131.5472,32.7582],[131.5448,32.7573],[131.5366,32.7587],[131.5326,32.7629],[131.5241,32.7638],[131.5202,32.7654],[131.5183,32.7677],[131.5113,32.7703],[131.5112,32.772],[131.5084,32.7743],[131.5102,32.7777],[131.5082,32.7812],[131.5087,32.7841],[131.5108,32.7901],[131.5153,32.7951],[131.5175,32.8008],[131.5072,32.8062],[131.5056,32.8088],[131.5018,32.8107],[131.5033,32.8135],[131.5025,32.8147],[131.4932,32.8159],[131.488,32.8213],[131.486,32.8216],[131.4751,32.8372],[131.4781,32.8389],[131.4819,32.8389],[131.4843,32.8427],[131.4903,32.8455],[131.491,32.8487],[131.4939,32.8505],[131.4984,32.8502],[131.5049,32.8536],[131.5142,32.8538],[131.5197,32.8567],[131.5231,32.8561],[131.5278,32.8611],[131.5316,32.8611],[131.5369,32.865],[131.5386,32.8647],[131.5403,32.8667],[131.5423,32.8728],[131.5475,32.8742],[131.5518,32.8786],[131.5579,32.8809],[131.5611,32.8837],[131.5646,32.8844],[131.5714,32.8819],[131.5752,32.8819],[131.5819,32.879],[131.5889,32.8809],[131.5902,32.8801],[131.5896,32.8848],[131.5904,32.8885],[131.5888,32.8902],[131.5902,32.8924],[131.5951,32.8906],[131.5999,32.8952],[131.6022,32.8945],[131.6054,32.8957],[131.6072,32.9003],[131.6069,32.9056],[131.6118,32.9094],[131.612,32.9131],[131.6109,32.9135],[131.6102,32.9174],[131.6079,32.9207],[131.6089,32.9221],[131.6167,32.9241],[131.6218,32.9224],[131.6215,32.9187],[131.6235,32.9169],[131.6289,32.9186],[131.6294,32.9196],[131.6272,32.9239],[131.6303,32.9243],[131.6299,32.9256],[131.626,32.9283],[131.6195,32.9266],[131.6191,32.9307],[131.6208,32.9317],[131.6219,32.9349],[131.6279,32.9384],[131.6295,32.9411],[131.6342,32.9413],[131.6373,32.9391],[131.6389,32.94],[131.6397,32.9434],[131.6424,32.9448],[131.6432,32.9475],[131.6444,32.9482],[131.6439,32.9517],[131.6482,32.9558],[131.651,32.956],[131.6589,32.9604],[131.6618,32.9586],[131.6666,32.9517],[131.6708,32.9507],[131.6774,32.9523],[131.6812,32.9514],[131.683,32.9525],[131.6825,32.9539],[131.6872,32.9575],[131.6895,32.9584],[131.6945,32.9577],[131.6954,32.9585],[131.6946,32.9595],[131.6976,32.9628],[131.7011,32.9631],[131.7018,32.9654],[131.704,32.9666],[131.7078,32.9667],[131.7139,32.9693],[131.7171,32.9681],[131.7212,32.9704],[131.7269,32.9682],[131.7311,32.9689],[131.7347,32.968],[131.7417,32.9698],[131.7462,32.9689],[131.751,32.9718],[131.7546,32.9705],[131.7582,32.9674],[131.761,32.9701],[131.7627,32.97],[131.7662,32.9723],[131.7688,32.9723],[131.7719,32.9758],[131.7743,32.9761],[131.7765,32.9789],[131.7822,32.9787],[131.7797,32.9873],[131.7781,32.9883],[131.7774,32.9905],[131.7748,32.9919],[131.7756,32.9928],[131.7745,32.9945],[131.7749,32.9958],[131.7774,32.9987],[131.7744,33.0034],[131.7759,33.0063],[131.7801,33.0088],[131.7813,33.0107],[131.7805,33.0129],[131.7817,33.0146],[131.7849,33.0151],[131.784,33.0166],[131.7854,33.0199],[131.7845,33.0211],[131.7851,33.0223],[131.7925,33.0266],[131.7899,33.0319],[131.79,33.0344],[131.7972,33.0353],[131.8041,33.0324],[131.8099,33.0316],[131.8149,33.0331],[131.8219,33.029],[131.8278,33.0327],[131.8286,33.0347],[131.8344,33.0395],[131.8379,33.0395],[131.8399,33.0381],[131.8423,33.0394],[131.846,33.0391],[131.851,33.0417],[131.855,33.042],[131.857,33.0411],[131.8646,33.0436],[131.8667,33.0434],[131.8678,33.0418],[131.8746,33.0415],[131.8764,33.0404],[131.8883,33.043],[131.8896,33.0416],[131.8967,33.0478],[131.8995,33.0516],[131.9047,33.0552],[131.9115,33.0573],[131.9142,33.0563],[131.9164,33.0575],[131.9183,33.0567],[131.9291,33.0626],[131.9363,33.0644],[131.9409,33.0623],[131.9443,33.0623],[131.946,33.0587],[131.9486,33.0593],[131.9504,33.0583],[131.9576,33.0616],[131.9646,33.0585],[131.9677,33.0545],[131.9726,33.0535],[131.9777,33.055],[131.9795,33.0573],[131.9871,33.0602],[131.9877,33.064],[131.9958,33.0659],[132.0009,33.0697],[132.0026,33.0699],[132.0028,33.067],[132.0041,33.0652],[132.0062,33.0644],[132.005,33.0626],[132.0069,33.0607],[132.0093,33.0605],[132.01,33.0609],[132.0125,33.0608],[132.0141,33.0613],[132.0163,33.0608],[132.018,33.0614],[132.0174,33.0604],[132.0182,33.0599],[132.0145,33.0572],[132.0053,33.0557],[132.0026,33.0543],[131.9994,33.0562],[131.9968,33.0557],[131.9976,33.0569],[131.9962,33.0566],[131.9914,33.0534],[131.988,33.0537]]],[[[131.9089,32.9802],[131.91,32.9789],[131.9096,32.979],[131.9089,32.9802]]],[[[131.9186,32.9811],[131.9204,32.9811],[131.9204,32.981],[131.9186,32.9811]]],[[[131.9093,32.987],[131.9102,32.9877],[131.9091,32.9861],[131.9098,32.9856],[131.9091,32.9861],[131.9093,32.987]]],[[[131.9121,32.9917],[131.9121,32.9916],[131.912,32.9917],[131.9121,32.9917]]],[[[131.9121,32.9922],[131.9122,32.9923],[131.9122,32.9922],[131.9121,32.9922]]],[[[131.9012,32.9974],[131.9014,32.9975],[131.9015,32.9974],[131.9012,32.9974]]],[[[131.9123,33.0147],[131.9107,33.0114],[131.9126,33.0097],[131.9113,33.0066],[131.9109,33.0094],[131.9081,33.0123],[131.91,33.0142],[131.9123,33.0147]]],[[[131.9073,33.0109],[131.9072,33.0112],[131.9072,33.0112],[131.9073,33.0109]]],[[[131.9253,32.7147],[131.9245,32.7146],[131.9244,32.7147],[131.9253,32.7147]]],[[[131.9234,32.716],[131.9236,32.7163],[131.9237,32.7161],[131.9234,32.716]]],[[[131.9221,32.7172],[131.9221,32.7167],[131.9219,32.7172],[131.9221,32.7172]]],[[[131.9216,32.7175],[131.9219,32.7174],[131.9217,32.7174],[131.9216,32.7175]]],[[[131.9327,32.7183],[131.9323,32.7184],[131.9326,32.7185],[131.9327,32.7183]]],[[[131.9323,32.719],[131.9321,32.7181],[131.9312,32.718],[131.9323,32.719]]],[[[131.931,32.7186],[131.9311,32.7189],[131.9312,32.7188],[131.931,32.7186]]],[[[131.9308,32.719],[131.9305,32.7189],[131.9305,32.7191],[131.9308,32.719]]],[[[131.924,32.7162],[131.9231,32.7165],[131.9241,32.7169],[131.9222,32.7172],[131.9231,32.7186],[131.9214,32.7202],[131.9225,32.7199],[131.9216,32.7207],[131.9241,32.7213],[131.9253,32.7233],[131.9255,32.7221],[131.9266,32.7237],[131.9234,32.7242],[131.921,32.7263],[131.9293,32.7267],[131.93,32.7251],[131.9298,32.7234],[131.9281,32.7236],[131.9281,32.723],[131.9306,32.7215],[131.9312,32.7216],[131.9309,32.7205],[131.9331,32.7202],[131.9319,32.719],[131.9292,32.7192],[131.9287,32.7177],[131.9298,32.7171],[131.9276,32.7167],[131.9291,32.7159],[131.9259,32.7144],[131.9259,32.715],[131.9244,32.7149],[131.924,32.7162]]],[[[131.9314,32.7207],[131.9315,32.7206],[131.9313,32.7207],[131.9314,32.7207]]],[[[131.9327,32.7221],[131.9319,32.7213],[131.9313,32.7212],[131.9327,32.7221]]],[[[131.931,32.7225],[131.9305,32.722],[131.9308,32.7226],[131.931,32.7225]]],[[[131.9297,32.7231],[131.9301,32.7225],[131.9294,32.7227],[131.9297,32.7231]]],[[[131.9308,32.7232],[131.9305,32.7229],[131.9305,32.7233],[131.9308,32.7232]]],[[[131.9254,32.727],[131.9248,32.727],[131.9254,32.7272],[131.9254,32.727]]],[[[131.9242,32.7271],[131.9241,32.7274],[131.9244,32.7273],[131.9242,32.7271]]],[[[131.9229,32.7277],[131.9229,32.728],[131.9231,32.7277],[131.9229,32.7277]]],[[[131.9237,32.7283],[131.9235,32.7277],[131.9233,32.7281],[131.9237,32.7283]]],[[[131.9229,32.7283],[131.9231,32.7285],[131.9231,32.7283],[131.9229,32.7283]]],[[[131.9227,32.7289],[131.9224,32.7288],[131.9223,32.7289],[131.9227,32.7289]]],[[[131.9225,32.7694],[131.9229,32.7694],[131.9226,32.7693],[131.9225,32.7694]]],[[[131.9242,32.7693],[131.9237,32.7693],[131.9238,32.7695],[131.9242,32.7693]]],[[[131.9233,32.7697],[131.9231,32.7693],[131.9229,32.7697],[131.9233,32.7697]]],[[[131.9211,32.7694],[131.9208,32.7697],[131.9213,32.7697],[131.9211,32.7694]]],[[[131.9236,32.7698],[131.9236,32.7695],[131.9235,32.7696],[131.9236,32.7698]]],[[[131.9242,32.77],[131.9238,32.7699],[131.9241,32.7701],[131.9242,32.77]]],[[[131.9243,32.7702],[131.9241,32.7702],[131.9243,32.7703],[131.9243,32.7702]]],[[[131.9241,32.7705],[131.924,32.7703],[131.9239,32.7705],[131.9241,32.7705]]],[[[131.9236,32.7706],[131.9241,32.7709],[131.9236,32.7705],[131.9236,32.7706]]],[[[131.9243,32.7708],[131.9243,32.7709],[131.9243,32.7709],[131.9243,32.7708]]],[[[131.9239,32.7713],[131.9241,32.7715],[131.9242,32.7714],[131.9239,32.7713]]],[[[131.9251,32.7723],[131.9247,32.7724],[131.9251,32.7725],[131.9251,32.7723]]],[[[131.9243,32.7723],[131.9244,32.7725],[131.9245,32.7724],[131.9243,32.7723]]],[[[131.9246,32.7728],[131.9249,32.7727],[131.9246,32.7725],[131.9246,32.7728]]],[[[131.9251,32.7731],[131.9247,32.7732],[131.9251,32.7732],[131.9251,32.7731]]],[[[131.9252,32.7737],[131.9256,32.7735],[131.9252,32.7734],[131.9252,32.7737]]],[[[131.9247,32.7736],[131.9251,32.7738],[131.925,32.7734],[131.9247,32.7736]]],[[[131.9257,32.7737],[131.9255,32.7739],[131.9259,32.7737],[131.9257,32.7737]]],[[[131.9261,32.774],[131.9266,32.7739],[131.9263,32.7737],[131.9261,32.774]]],[[[131.9254,32.7742],[131.9249,32.774],[131.9249,32.7741],[131.9254,32.7742]]],[[[131.9261,32.7741],[131.9256,32.774],[131.9255,32.7742],[131.9261,32.7741]]],[[[131.9269,32.7742],[131.9264,32.7741],[131.9263,32.7742],[131.9269,32.7742]]],[[[131.9266,32.7743],[131.926,32.7745],[131.9268,32.7745],[131.9266,32.7743]]],[[[131.9264,32.7749],[131.9269,32.7749],[131.9265,32.7748],[131.9264,32.7749]]],[[[131.9255,32.7744],[131.9243,32.7747],[131.925,32.7755],[131.9261,32.7752],[131.9255,32.7744]]],[[[131.9251,32.7758],[131.9246,32.7754],[131.9243,32.7756],[131.9251,32.7758]]],[[[131.9251,32.7755],[131.9254,32.7758],[131.9256,32.7756],[131.9251,32.7755]]],[[[131.9243,32.776],[131.9245,32.7759],[131.9243,32.7759],[131.9243,32.776]]],[[[131.9279,32.78],[131.9295,32.7799],[131.9301,32.7786],[131.9279,32.78]]],[[[131.9324,32.7803],[131.9319,32.7796],[131.9317,32.7799],[131.9324,32.7803]]],[[[131.9224,32.7899],[131.9225,32.7896],[131.9223,32.7897],[131.9224,32.7899]]],[[[131.9208,32.7903],[131.9207,32.7904],[131.9208,32.7904],[131.9208,32.7903]]],[[[131.9207,32.7906],[131.9206,32.7905],[131.9206,32.7906],[131.9207,32.7906]]],[[[131.9208,32.7916],[131.9211,32.7913],[131.9209,32.7913],[131.9208,32.7916]]],[[[131.9208,32.7917],[131.9211,32.7919],[131.9211,32.7916],[131.9208,32.7917]]],[[[131.9222,32.7945],[131.9222,32.7954],[131.9223,32.7945],[131.9222,32.7945]]],[[[131.9221,32.7957],[131.9221,32.7965],[131.9222,32.7965],[131.9221,32.7957]]],[[[131.9322,32.9629],[131.9322,32.9628],[131.9322,32.9628],[131.9322,32.9629]]],[[[131.9246,32.98],[131.9245,32.98],[131.9245,32.98],[131.9246,32.98]]],[[[131.9404,32.999],[131.942,32.9984],[131.9426,32.9965],[131.9451,32.9963],[131.9442,32.9954],[131.9449,32.9939],[131.9428,32.9936],[131.9446,32.9945],[131.9442,32.9952],[131.9433,32.9946],[131.9412,32.9941],[131.9424,32.9944],[131.9404,32.9947],[131.9396,32.9939],[131.9409,32.994],[131.9407,32.9928],[131.9422,32.9933],[131.9401,32.9925],[131.9388,32.9931],[131.9386,32.993],[131.9376,32.9923],[131.9386,32.993],[131.9372,32.9932],[131.9331,32.9894],[131.9338,32.9911],[131.931,32.9903],[131.9306,32.9888],[131.9324,32.9895],[131.9263,32.9856],[131.9244,32.98],[131.9197,32.9816],[131.922,32.9816],[131.922,32.9826],[131.9207,32.983],[131.9176,32.9819],[131.9191,32.9816],[131.9154,32.9812],[131.9152,32.9825],[131.9132,32.9826],[131.9103,32.9852],[131.912,32.9845],[131.912,32.9865],[131.9109,32.9868],[131.9126,32.9872],[131.9102,32.9878],[131.9112,32.9908],[131.9131,32.9923],[131.9131,32.9933],[131.9162,32.994],[131.9148,32.9958],[131.917,32.997],[131.9174,32.9954],[131.9194,32.9949],[131.9199,32.9954],[131.9188,32.9961],[131.9202,32.9976],[131.9248,32.9999],[131.924,33.005],[131.925,33.0045],[131.9247,33.0066],[131.9173,33.004],[131.9177,33.0055],[131.921,33.0073],[131.919,33.008],[131.9201,33.0093],[131.9196,33.0128],[131.9239,33.0119],[131.9241,33.0103],[131.9266,33.0118],[131.9239,33.0129],[131.925,33.0131],[131.9248,33.0142],[131.9299,33.0166],[131.9317,33.0157],[131.9337,33.017],[131.9359,33.0164],[131.9434,33.0161],[131.944,33.0131],[131.9421,33.0132],[131.941,33.0102],[131.9377,33.0118],[131.9389,33.012],[131.9388,33.0125],[131.9374,33.0123],[131.9372,33.0083],[131.9339,33.0062],[131.9348,33.0047],[131.9275,32.9997],[131.9263,32.9968],[131.9273,32.9962],[131.9331,32.9987],[131.9355,32.998],[131.9346,32.9987],[131.9358,32.9992],[131.9356,32.9979],[131.937,32.9974],[131.9404,32.999]]],[[[131.9308,33.0013],[131.9308,33.0013],[131.9309,33.0014],[131.9308,33.0013]]],[[[131.931,33.0014],[131.931,33.0013],[131.9309,33.0014],[131.931,33.0014]]],[[[131.9321,33.0027],[131.9322,33.0028],[131.9322,33.0028],[131.9321,33.0027]]],[[[131.9328,33.0029],[131.9325,33.0029],[131.9328,33.0029],[131.9328,33.0029]]],[[[131.9284,33.0162],[131.9288,33.0162],[131.9284,33.0161],[131.9284,33.0162]]],[[[131.9291,33.0166],[131.9291,33.0164],[131.929,33.0165],[131.9291,33.0166]]],[[[131.9285,33.0166],[131.9283,33.0165],[131.9283,33.0165],[131.9285,33.0166]]],[[[131.9296,33.0169],[131.9294,33.0167],[131.9294,33.0168],[131.9296,33.0169]]],[[[131.9301,33.0171],[131.9299,33.0171],[131.93,33.0172],[131.9301,33.0171]]],[[[131.9251,33.02],[131.9255,33.0193],[131.9246,33.0196],[131.9251,33.02]]],[[[131.9251,33.0225],[131.9252,33.0215],[131.9241,33.0221],[131.9251,33.0225]]],[[[131.9227,33.0269],[131.9227,33.027],[131.9228,33.027],[131.9227,33.0269]]],[[[131.9214,33.0292],[131.9214,33.0297],[131.9215,33.0292],[131.9214,33.0292]]],[[[131.9215,33.0309],[131.9213,33.0309],[131.9215,33.031],[131.9215,33.0309]]],[[[131.9217,33.0311],[131.9218,33.0309],[131.9217,33.0309],[131.9217,33.0311]]],[[[131.9221,33.0327],[131.9221,33.0329],[131.9221,33.0327],[131.9221,33.0327]]],[[[131.9224,33.0329],[131.9222,33.0328],[131.9223,33.0329],[131.9224,33.0329]]],[[[131.9225,33.0333],[131.9226,33.0331],[131.9224,33.0331],[131.9225,33.0333]]],[[[131.9224,33.0342],[131.9226,33.0341],[131.9225,33.0341],[131.9224,33.0342]]],[[[131.9229,33.0346],[131.9232,33.0345],[131.9232,33.0344],[131.9229,33.0346]]],[[[131.9229,33.0345],[131.9228,33.0345],[131.9228,33.0345],[131.9229,33.0345]]],[[[131.9225,33.0346],[131.922,33.0345],[131.922,33.0346],[131.9225,33.0346]]],[[[131.9238,33.035],[131.9236,33.0349],[131.9236,33.0349],[131.9238,33.035]]],[[[131.9239,33.0352],[131.924,33.0351],[131.924,33.035],[131.9239,33.0352]]],[[[131.922,33.0365],[131.9224,33.0366],[131.922,33.0364],[131.922,33.0365]]],[[[131.9213,33.0369],[131.9215,33.0368],[131.9212,33.0368],[131.9213,33.0369]]],[[[131.9217,33.0409],[131.9216,33.0408],[131.9215,33.0408],[131.9217,33.0409]]],[[[131.9274,33.044],[131.9272,33.0438],[131.927,33.0439],[131.9274,33.044]]],[[[131.927,33.044],[131.9266,33.0442],[131.927,33.0442],[131.927,33.044]]],[[[131.9276,33.0447],[131.9276,33.0448],[131.9276,33.0448],[131.9276,33.0447]]],[[[131.9276,33.045],[131.9277,33.045],[131.9277,33.045],[131.9276,33.045]]],[[[131.9278,33.0451],[131.9279,33.045],[131.9278,33.045],[131.9278,33.0451]]],[[[131.9279,33.0452],[131.928,33.0453],[131.928,33.0453],[131.9279,33.0452]]],[[[131.9276,33.0457],[131.9278,33.0457],[131.9277,33.0457],[131.9276,33.0457]]],[[[131.9343,33.048],[131.9333,33.0483],[131.931,33.0492],[131.9343,33.048]]],[[[131.9317,33.0499],[131.9319,33.0503],[131.9319,33.0503],[131.9317,33.0499]]],[[[131.932,33.0504],[131.9321,33.0508],[131.9322,33.0508],[131.932,33.0504]]],[[[131.934,32.7176],[131.9335,32.7172],[131.9332,32.7175],[131.934,32.7176]]],[[[131.934,32.7178],[131.9325,32.7178],[131.9348,32.7191],[131.934,32.7178]]],[[[131.9329,32.719],[131.933,32.7197],[131.9334,32.7195],[131.9329,32.719]]],[[[131.9335,32.7202],[131.9335,32.7198],[131.9332,32.7199],[131.9335,32.7202]]],[[[131.9344,32.7209],[131.9348,32.7201],[131.9338,32.7203],[131.9344,32.7209]]],[[[131.9371,32.723],[131.9364,32.7222],[131.9363,32.7223],[131.9371,32.723]]],[[[131.938,32.7231],[131.9374,32.7233],[131.938,32.7234],[131.938,32.7231]]],[[[131.9333,32.7797],[131.9327,32.7793],[131.9326,32.7796],[131.9333,32.7797]]],[[[131.9365,32.7833],[131.9363,32.7843],[131.9367,32.7835],[131.9365,32.7833]]],[[[131.9361,32.7845],[131.9352,32.7837],[131.9351,32.7838],[131.9361,32.7845]]],[[[131.9372,32.7847],[131.9369,32.7842],[131.9367,32.7843],[131.9372,32.7847]]],[[[131.9345,32.7844],[131.9348,32.7847],[131.9349,32.7843],[131.9345,32.7844]]],[[[131.9341,32.7846],[131.9342,32.7851],[131.9344,32.7849],[131.9341,32.7846]]],[[[131.9388,32.7867],[131.9391,32.7866],[131.9389,32.7866],[131.9388,32.7867]]],[[[131.94,32.7873],[131.9397,32.7874],[131.9401,32.7876],[131.94,32.7873]]],[[[131.9432,32.7873],[131.9432,32.788],[131.9434,32.7879],[131.9432,32.7873]]],[[[131.944,32.7899],[131.9442,32.7899],[131.944,32.7894],[131.944,32.7899]]],[[[131.944,32.7908],[131.9439,32.7906],[131.9438,32.7907],[131.944,32.7908]]],[[[131.9442,32.7911],[131.9442,32.7907],[131.9441,32.791],[131.9442,32.7911]]],[[[131.9452,32.7919],[131.9455,32.7919],[131.9454,32.7918],[131.9452,32.7919]]],[[[131.9467,32.794],[131.9468,32.7937],[131.9466,32.7936],[131.9467,32.794]]],[[[131.9488,32.7957],[131.9486,32.7962],[131.949,32.7959],[131.9488,32.7957]]],[[[131.9483,32.7964],[131.9483,32.7961],[131.9481,32.7961],[131.9483,32.7964]]],[[[131.9484,32.7995],[131.9485,32.7992],[131.9483,32.7993],[131.9484,32.7995]]],[[[131.9497,32.7999],[131.9494,32.7991],[131.9489,32.7995],[131.9497,32.7999]]],[[[131.9479,32.7997],[131.9484,32.7998],[131.9479,32.7995],[131.9479,32.7997]]],[[[131.9489,32.7997],[131.9486,32.7999],[131.9488,32.7999],[131.9489,32.7997]]],[[[131.9554,32.8069],[131.9554,32.8071],[131.9557,32.807],[131.9554,32.8069]]],[[[131.9554,32.8071],[131.9551,32.8073],[131.9554,32.8073],[131.9554,32.8071]]],[[[131.9382,32.9535],[131.9382,32.9534],[131.9379,32.953],[131.9382,32.9535]]],[[[131.9451,32.9608],[131.9453,32.961],[131.9453,32.9609],[131.9451,32.9608]]],[[[131.9451,32.9613],[131.945,32.9611],[131.9449,32.9612],[131.9451,32.9613]]],[[[131.9448,32.9615],[131.9447,32.9615],[131.9447,32.9616],[131.9448,32.9615]]],[[[131.9444,32.9619],[131.9446,32.9619],[131.9445,32.9618],[131.9444,32.9619]]],[[[131.9439,32.9623],[131.9443,32.9623],[131.9441,32.9621],[131.9439,32.9623]]],[[[131.9437,32.9628],[131.9436,32.9624],[131.9436,32.963],[131.9437,32.9628]]],[[[131.9341,32.9629],[131.9338,32.9629],[131.9341,32.9632],[131.9341,32.9629]]],[[[131.9432,32.9633],[131.9432,32.9631],[131.9432,32.9631],[131.9432,32.9633]]],[[[131.9431,32.9632],[131.943,32.9633],[131.9431,32.9633],[131.9431,32.9632]]],[[[131.9422,32.9645],[131.9423,32.9644],[131.9421,32.9644],[131.9422,32.9645]]],[[[131.9536,32.965],[131.9535,32.9648],[131.9533,32.9648],[131.9536,32.965]]],[[[131.9539,32.9649],[131.9538,32.9648],[131.9538,32.9649],[131.9539,32.9649]]],[[[131.9417,32.9647],[131.9419,32.9652],[131.9421,32.9649],[131.9417,32.9647]]],[[[131.9404,32.9695],[131.9404,32.9694],[131.9404,32.9694],[131.9404,32.9695]]],[[[131.9403,32.9695],[131.9403,32.9694],[131.9403,32.9694],[131.9403,32.9695]]],[[[131.9405,32.9696],[131.9406,32.9696],[131.9405,32.9696],[131.9405,32.9696]]],[[[131.9403,32.9697],[131.9403,32.9696],[131.9402,32.9696],[131.9403,32.9697]]],[[[131.9528,32.9697],[131.9529,32.9697],[131.9529,32.9697],[131.9528,32.9697]]],[[[131.9405,32.97],[131.9402,32.9697],[131.9401,32.9693],[131.9403,32.9705],[131.9405,32.97]]],[[[131.9529,32.9699],[131.9529,32.97],[131.9529,32.9699],[131.9529,32.9699]]],[[[131.953,32.9701],[131.9529,32.9701],[131.953,32.9701],[131.953,32.9701]]],[[[131.9544,32.9706],[131.9543,32.9707],[131.9544,32.9706],[131.9544,32.9706]]],[[[131.94,32.9711],[131.9401,32.9705],[131.9399,32.9705],[131.94,32.9711]]],[[[131.9398,32.9708],[131.9399,32.9709],[131.9399,32.9708],[131.9398,32.9708]]],[[[131.9534,32.9712],[131.9536,32.9712],[131.9534,32.9712],[131.9534,32.9712]]],[[[131.9532,32.9712],[131.9531,32.9714],[131.9532,32.9714],[131.9532,32.9712]]],[[[131.9324,32.9885],[131.933,32.9889],[131.933,32.9889],[131.9324,32.9885]]],[[[131.9554,32.9931],[131.9553,32.9932],[131.9554,32.9932],[131.9554,32.9931]]],[[[131.9429,32.9929],[131.9434,32.9935],[131.9435,32.9934],[131.9429,32.9929]]],[[[131.9552,32.9932],[131.9552,32.9933],[131.9552,32.9933],[131.9552,32.9932]]],[[[131.9554,32.9933],[131.9554,32.9935],[131.9554,32.9934],[131.9554,32.9933]]],[[[131.9551,32.9934],[131.9551,32.9935],[131.9552,32.9935],[131.9551,32.9934]]],[[[131.9549,32.9934],[131.955,32.9934],[131.955,32.9934],[131.9549,32.9934]]],[[[131.9556,32.9934],[131.9556,32.9935],[131.9556,32.9934],[131.9556,32.9934]]],[[[131.9425,32.9936],[131.9427,32.9937],[131.9427,32.9936],[131.9425,32.9936]]],[[[131.9544,32.9958],[131.9544,32.9957],[131.9544,32.9957],[131.9544,32.9958]]],[[[131.9553,32.9959],[131.9552,32.996],[131.9552,32.996],[131.9553,32.9959]]],[[[131.955,32.9959],[131.955,32.996],[131.9551,32.996],[131.955,32.9959]]],[[[131.9544,32.9961],[131.9545,32.996],[131.9544,32.996],[131.9544,32.9961]]],[[[131.9554,32.996],[131.9554,32.9961],[131.9554,32.9961],[131.9554,32.996]]],[[[131.9551,32.9961],[131.9551,32.9962],[131.9551,32.9961],[131.9551,32.9961]]],[[[131.9541,32.9962],[131.9541,32.9961],[131.954,32.9962],[131.9541,32.9962]]],[[[131.9549,32.9961],[131.9548,32.9962],[131.9549,32.9962],[131.9549,32.9961]]],[[[131.9452,32.9966],[131.9451,32.9964],[131.9449,32.9965],[131.9452,32.9966]]],[[[131.9449,32.9969],[131.9448,32.9969],[131.9447,32.9969],[131.9449,32.9969]]],[[[131.9508,32.9973],[131.9503,32.9971],[131.9505,32.9974],[131.9508,32.9973]]],[[[131.9424,32.9986],[131.9419,32.9988],[131.9425,32.9988],[131.9424,32.9986]]],[[[131.9421,32.999],[131.9423,32.999],[131.9423,32.9989],[131.9421,32.999]]],[[[131.9395,32.9991],[131.9394,32.9991],[131.9396,32.9991],[131.9395,32.9991]]],[[[131.9399,32.9991],[131.9399,32.9992],[131.9399,32.9991],[131.9399,32.9991]]],[[[131.933,33.0033],[131.933,33.0033],[131.9331,33.0033],[131.933,33.0033]]],[[[131.9365,33.007],[131.9364,33.0069],[131.9364,33.007],[131.9365,33.007]]],[[[131.9368,33.007],[131.9368,33.0071],[131.9369,33.007],[131.9368,33.007]]],[[[131.9364,33.0071],[131.9363,33.0072],[131.9364,33.0072],[131.9364,33.0071]]],[[[131.9368,33.0072],[131.9367,33.0072],[131.9367,33.0073],[131.9368,33.0072]]],[[[131.9369,33.0076],[131.9371,33.0074],[131.9368,33.0073],[131.9369,33.0076]]],[[[131.9443,33.0141],[131.9442,33.0142],[131.9443,33.0142],[131.9443,33.0141]]],[[[131.9443,33.0153],[131.9444,33.0152],[131.9443,33.0152],[131.9443,33.0153]]],[[[131.9437,33.0162],[131.9438,33.0161],[131.9436,33.0162],[131.9437,33.0162]]],[[[131.9425,33.0163],[131.9424,33.0163],[131.9424,33.0164],[131.9425,33.0163]]],[[[131.9413,33.0164],[131.9414,33.0165],[131.9414,33.0164],[131.9413,33.0164]]],[[[131.941,33.0165],[131.9409,33.0164],[131.9409,33.0165],[131.941,33.0165]]],[[[131.9442,33.0166],[131.9444,33.0165],[131.9441,33.0164],[131.9442,33.0166]]],[[[131.9399,33.0167],[131.9401,33.0166],[131.9399,33.0166],[131.9399,33.0167]]],[[[131.9397,33.0182],[131.9397,33.0181],[131.9396,33.0181],[131.9397,33.0182]]],[[[131.9394,33.0198],[131.9394,33.019],[131.939,33.019],[131.9394,33.0198]]],[[[131.9369,33.0474],[131.9367,33.0478],[131.937,33.0474],[131.9369,33.0474]]],[[[131.9724,32.7865],[131.9724,32.7859],[131.9719,32.7862],[131.9724,32.7865]]],[[[131.9723,32.7874],[131.972,32.7882],[131.9723,32.7882],[131.9723,32.7874]]],[[[131.9713,32.7882],[131.9717,32.7881],[131.9716,32.788],[131.9713,32.7882]]],[[[131.9717,32.7883],[131.9717,32.789],[131.9722,32.7885],[131.9717,32.7883]]],[[[131.9719,32.7896],[131.972,32.7893],[131.9717,32.7895],[131.9719,32.7896]]],[[[131.9731,32.7893],[131.9723,32.7892],[131.9729,32.7897],[131.9731,32.7893]]],[[[131.972,32.7904],[131.9722,32.7898],[131.9716,32.7899],[131.972,32.7904]]],[[[131.969,32.791],[131.9693,32.791],[131.9691,32.7909],[131.969,32.791]]],[[[131.9712,32.7912],[131.9715,32.7912],[131.9715,32.7911],[131.9712,32.7912]]],[[[131.9709,32.7912],[131.9711,32.7912],[131.9711,32.7911],[131.9709,32.7912]]],[[[131.969,32.7914],[131.969,32.7911],[131.9688,32.7911],[131.969,32.7914]]],[[[131.9707,32.7913],[131.9706,32.7914],[131.9709,32.7914],[131.9707,32.7913]]],[[[131.9684,32.7927],[131.9684,32.7923],[131.9682,32.7925],[131.9684,32.7927]]],[[[131.9637,32.7928],[131.9639,32.7931],[131.964,32.7929],[131.9637,32.7928]]],[[[131.9732,32.7931],[131.9731,32.7929],[131.973,32.793],[131.9732,32.7931]]],[[[131.9632,32.7934],[131.963,32.7927],[131.9625,32.7932],[131.9632,32.7934]]],[[[131.9637,32.7936],[131.9631,32.7936],[131.9632,32.7938],[131.9637,32.7936]]],[[[131.9747,32.7935],[131.9749,32.7938],[131.975,32.7936],[131.9747,32.7935]]],[[[131.9635,32.7938],[131.9638,32.7939],[131.9639,32.7938],[131.9635,32.7938]]],[[[131.9755,32.7941],[131.9755,32.7939],[131.9754,32.7939],[131.9755,32.7941]]],[[[131.9633,32.7939],[131.9631,32.7942],[131.9634,32.794],[131.9633,32.7939]]],[[[131.9752,32.7943],[131.9755,32.7943],[131.9753,32.7942],[131.9752,32.7943]]],[[[131.9766,32.7949],[131.9764,32.7952],[131.9767,32.7951],[131.9766,32.7949]]],[[[131.9791,32.7969],[131.9784,32.7968],[131.979,32.7971],[131.9791,32.7969]]],[[[131.9778,32.7994],[131.9775,32.7996],[131.9777,32.7996],[131.9778,32.7994]]],[[[131.9765,32.7996],[131.9763,32.7998],[131.9767,32.8],[131.9765,32.7996]]],[[[131.9753,32.8],[131.9752,32.7997],[131.9751,32.8],[131.9753,32.8]]],[[[131.9736,32.8007],[131.9734,32.801],[131.9737,32.8009],[131.9736,32.8007]]],[[[131.9622,32.8021],[131.9639,32.8008],[131.962,32.8021],[131.962,32.8025],[131.9622,32.8021]]],[[[131.9725,32.8019],[131.9728,32.8019],[131.9727,32.8017],[131.9725,32.8019]]],[[[131.9767,32.8022],[131.9769,32.802],[131.9767,32.802],[131.9767,32.8022]]],[[[131.9722,32.8023],[131.9723,32.8021],[131.9721,32.8021],[131.9722,32.8023]]],[[[131.9735,32.8051],[131.9738,32.8051],[131.9737,32.8049],[131.9735,32.8051]]],[[[131.9733,32.8053],[131.9733,32.8051],[131.9732,32.8052],[131.9733,32.8053]]],[[[131.9733,32.8057],[131.9734,32.806],[131.9736,32.8059],[131.9733,32.8057]]],[[[131.9747,32.8069],[131.9749,32.8072],[131.9749,32.8069],[131.9747,32.8069]]],[[[131.975,32.8071],[131.9752,32.8073],[131.9753,32.8071],[131.975,32.8071]]],[[[131.9566,32.8073],[131.9569,32.8073],[131.9567,32.8071],[131.9566,32.8073]]],[[[131.9561,32.8073],[131.9564,32.8074],[131.9564,32.8072],[131.9561,32.8073]]],[[[131.9772,32.8077],[131.9772,32.808],[131.9774,32.8079],[131.9772,32.8077]]],[[[131.9778,32.8081],[131.9787,32.8081],[131.9785,32.8078],[131.9778,32.8081]]],[[[131.9768,32.8079],[131.9769,32.8081],[131.977,32.808],[131.9768,32.8079]]],[[[131.9774,32.8079],[131.9777,32.8081],[131.9777,32.8079],[131.9774,32.8079]]],[[[131.9766,32.808],[131.9764,32.8083],[131.9766,32.8081],[131.9766,32.808]]],[[[131.9619,32.8466],[131.9618,32.8467],[131.9619,32.8466],[131.9619,32.8466]]],[[[131.9618,32.8467],[131.9618,32.8468],[131.9619,32.8467],[131.9618,32.8467]]],[[[131.9628,32.8479],[131.9627,32.8479],[131.9628,32.8479],[131.9628,32.8479]]],[[[131.9668,32.8507],[131.9668,32.8508],[131.9669,32.8507],[131.9668,32.8507]]],[[[131.967,32.8508],[131.9669,32.8508],[131.9669,32.8508],[131.967,32.8508]]],[[[131.9673,32.8511],[131.9672,32.8509],[131.9672,32.851],[131.9673,32.8511]]],[[[131.9689,32.8517],[131.9688,32.8518],[131.9689,32.8518],[131.9689,32.8517]]],[[[131.9698,32.852],[131.9699,32.852],[131.9699,32.852],[131.9698,32.852]]],[[[131.97,32.8521],[131.9701,32.8521],[131.9701,32.852],[131.97,32.8521]]],[[[131.9706,32.8525],[131.9706,32.8526],[131.9706,32.8526],[131.9706,32.8525]]],[[[131.9709,32.853],[131.971,32.8531],[131.971,32.8531],[131.9709,32.853]]],[[[131.9747,32.8563],[131.9746,32.8564],[131.9747,32.8564],[131.9747,32.8563]]],[[[131.9755,32.8564],[131.9754,32.8565],[131.9756,32.8565],[131.9755,32.8564]]],[[[131.9752,32.8564],[131.9752,32.8565],[131.9753,32.8565],[131.9752,32.8564]]],[[[131.9752,32.8565],[131.9752,32.8566],[131.9752,32.8566],[131.9752,32.8565]]],[[[131.9753,32.8566],[131.9754,32.8567],[131.9754,32.8566],[131.9753,32.8566]]],[[[131.9759,32.8569],[131.9758,32.8569],[131.9759,32.857],[131.9759,32.8569]]],[[[131.9756,32.857],[131.9755,32.857],[131.9756,32.857],[131.9756,32.857]]],[[[131.9758,32.8571],[131.9757,32.8571],[131.9757,32.8571],[131.9758,32.8571]]],[[[131.976,32.8571],[131.976,32.8571],[131.976,32.8571],[131.976,32.8571]]],[[[131.9765,32.861],[131.9766,32.861],[131.9766,32.861],[131.9765,32.861]]],[[[131.9768,32.8622],[131.9767,32.8623],[131.9768,32.8623],[131.9768,32.8622]]],[[[131.9778,32.8668],[131.9777,32.8669],[131.9778,32.8669],[131.9778,32.8668]]],[[[131.9766,32.8668],[131.9766,32.8669],[131.9767,32.8669],[131.9766,32.8668]]],[[[131.9768,32.867],[131.9767,32.867],[131.9768,32.8671],[131.9768,32.867]]],[[[131.9777,32.867],[131.9777,32.8671],[131.9777,32.867],[131.9777,32.867]]],[[[131.9786,32.9204],[131.9792,32.9213],[131.9793,32.9213],[131.9786,32.9204]]],[[[131.9785,32.9458],[131.9782,32.9457],[131.9785,32.9458],[131.9785,32.9458]]],[[[131.9572,32.9518],[131.9568,32.9523],[131.9568,32.9524],[131.9572,32.9518]]],[[[131.9644,32.9582],[131.9643,32.9581],[131.9643,32.9582],[131.9644,32.9582]]],[[[131.9635,32.9601],[131.9634,32.9601],[131.9634,32.9601],[131.9635,32.9601]]],[[[131.96,32.9602],[131.96,32.9603],[131.9601,32.9602],[131.96,32.9602]]],[[[131.9637,32.9602],[131.9637,32.9603],[131.9638,32.9603],[131.9637,32.9602]]],[[[131.9641,32.9609],[131.9641,32.9606],[131.9639,32.9606],[131.9641,32.9609]]],[[[131.9728,32.9635],[131.9728,32.9634],[131.9728,32.9635],[131.9728,32.9635]]],[[[131.975,32.9639],[131.9751,32.9639],[131.9751,32.9639],[131.975,32.9639]]],[[[131.9744,32.9639],[131.9744,32.964],[131.9744,32.9639],[131.9744,32.9639]]],[[[131.9579,32.9652],[131.9578,32.9652],[131.9579,32.9652],[131.9579,32.9652]]],[[[131.9577,32.9652],[131.9577,32.9652],[131.9577,32.9652],[131.9577,32.9652]]],[[[131.958,32.9653],[131.958,32.9654],[131.9581,32.9654],[131.958,32.9653]]],[[[131.9576,32.9654],[131.9577,32.9655],[131.9577,32.9654],[131.9576,32.9654]]],[[[131.9574,32.9656],[131.9574,32.9656],[131.9574,32.9655],[131.9574,32.9656]]],[[[131.975,32.9658],[131.9751,32.9658],[131.9751,32.9657],[131.975,32.9658]]],[[[131.9751,32.9661],[131.975,32.9661],[131.975,32.9661],[131.9751,32.9661]]],[[[131.9545,32.9677],[131.9529,32.9686],[131.9531,32.9712],[131.9543,32.9704],[131.9555,32.9704],[131.9572,32.9716],[131.9589,32.9708],[131.9566,32.9688],[131.9577,32.9672],[131.9572,32.9656],[131.9581,32.9648],[131.9538,32.965],[131.9547,32.9662],[131.9545,32.9677]]],[[[131.9567,32.9933],[131.9567,32.9934],[131.9568,32.9934],[131.9567,32.9933]]],[[[131.9567,32.9935],[131.9567,32.9936],[131.9567,32.9936],[131.9567,32.9935]]],[[[131.9546,32.9958],[131.9564,32.9943],[131.9578,32.9945],[131.9566,32.994],[131.9565,32.9933],[131.9556,32.9936],[131.9552,32.9935],[131.9546,32.9958]]],[[[131.9564,32.9949],[131.9563,32.995],[131.9564,32.995],[131.9564,32.9949]]],[[[131.9561,32.9958],[131.9559,32.9958],[131.956,32.9958],[131.9561,32.9958]]],[[[131.9557,32.996],[131.9555,32.9959],[131.9557,32.996],[131.9557,32.996]]],[[[131.9556,32.9961],[131.9557,32.9961],[131.9557,32.996],[131.9556,32.9961]]],[[[131.9773,33.0466],[131.9774,33.0465],[131.9772,33.0466],[131.9773,33.0466]]],[[[131.9808,32.7967],[131.9804,32.797],[131.9808,32.7969],[131.9808,32.7967]]],[[[131.9812,32.7968],[131.981,32.7971],[131.9813,32.797],[131.9812,32.7968]]],[[[131.979,32.8087],[131.9788,32.809],[131.9792,32.809],[131.979,32.8087]]],[[[131.9805,32.8094],[131.9801,32.8095],[131.9804,32.8096],[131.9805,32.8094]]],[[[131.9806,32.8097],[131.9814,32.8106],[131.9814,32.8096],[131.9806,32.8097]]],[[[131.9818,32.8109],[131.9815,32.8109],[131.9817,32.8111],[131.9818,32.8109]]],[[[131.9837,32.8118],[131.9835,32.8113],[131.9834,32.8116],[131.9837,32.8118]]],[[[131.99,32.8174],[131.99,32.8177],[131.9902,32.8177],[131.99,32.8174]]],[[[131.9906,32.8439],[131.9905,32.8439],[131.9906,32.8439],[131.9906,32.8439]]],[[[131.9882,32.845],[131.9881,32.8451],[131.9882,32.8451],[131.9882,32.845]]],[[[131.9884,32.8452],[131.9882,32.8452],[131.9884,32.8452],[131.9884,32.8452]]],[[[131.9877,32.8454],[131.9876,32.8456],[131.9877,32.8456],[131.9877,32.8454]]],[[[131.982,32.8458],[131.982,32.8457],[131.982,32.8457],[131.982,32.8458]]],[[[131.9818,32.8457],[131.9819,32.8459],[131.9819,32.8459],[131.9818,32.8457]]],[[[131.9817,32.8459],[131.9816,32.846],[131.9817,32.846],[131.9817,32.8459]]],[[[131.9872,32.8459],[131.9872,32.846],[131.9873,32.846],[131.9872,32.8459]]],[[[131.987,32.846],[131.9871,32.8461],[131.9871,32.8461],[131.987,32.846]]],[[[131.9867,32.8461],[131.9867,32.8462],[131.9867,32.8462],[131.9867,32.8461]]],[[[131.9865,32.8462],[131.9865,32.8463],[131.9865,32.8462],[131.9865,32.8462]]],[[[131.9852,32.8463],[131.9851,32.8462],[131.9851,32.8462],[131.9852,32.8463]]],[[[131.9857,32.8463],[131.9858,32.8464],[131.9858,32.8463],[131.9857,32.8463]]],[[[131.9864,32.8463],[131.9863,32.8464],[131.9864,32.8464],[131.9864,32.8463]]],[[[131.9862,32.8463],[131.9863,32.8464],[131.9863,32.8463],[131.9862,32.8463]]],[[[131.9858,32.8464],[131.9859,32.8464],[131.9859,32.8464],[131.9858,32.8464]]],[[[131.9861,32.8464],[131.986,32.8464],[131.986,32.8465],[131.9861,32.8464]]],[[[131.9841,32.8625],[131.9844,32.8623],[131.9843,32.8623],[131.9841,32.8625]]],[[[131.9833,32.8625],[131.9833,32.8624],[131.9832,32.8625],[131.9833,32.8625]]],[[[131.9835,32.8625],[131.9835,32.8625],[131.9836,32.8625],[131.9835,32.8625]]],[[[131.9837,32.8626],[131.9837,32.8626],[131.9838,32.8626],[131.9837,32.8626]]],[[[131.985,32.8628],[131.9849,32.8629],[131.985,32.8629],[131.985,32.8628]]],[[[131.9849,32.8638],[131.9849,32.8637],[131.9848,32.8638],[131.9849,32.8638]]],[[[131.9854,32.8638],[131.9851,32.8638],[131.9851,32.8638],[131.9854,32.8638]]],[[[131.9858,32.8644],[131.9856,32.8644],[131.9859,32.8645],[131.9858,32.8644]]],[[[131.9861,32.8651],[131.9862,32.8648],[131.986,32.865],[131.9861,32.8651]]],[[[131.9799,32.865],[131.9799,32.865],[131.98,32.8649],[131.9799,32.865]]],[[[131.9799,32.8654],[131.9798,32.8654],[131.9799,32.8655],[131.9799,32.8654]]],[[[131.9866,32.8668],[131.9865,32.8667],[131.9865,32.8668],[131.9866,32.8668]]],[[[131.9867,32.8676],[131.9865,32.8675],[131.9865,32.8676],[131.9867,32.8676]]],[[[131.9866,32.8682],[131.9864,32.8682],[131.9865,32.8682],[131.9866,32.8682]]],[[[131.9866,32.8685],[131.9865,32.8686],[131.9866,32.8686],[131.9866,32.8685]]],[[[131.9865,32.8689],[131.9866,32.8689],[131.9865,32.8689],[131.9865,32.8689]]],[[[131.9864,32.869],[131.9865,32.8691],[131.9865,32.869],[131.9864,32.869]]],[[[131.9879,32.899],[131.9878,32.899],[131.9879,32.899],[131.9879,32.899]]],[[[131.9857,32.8991],[131.9857,32.899],[131.9856,32.8991],[131.9857,32.8991]]],[[[131.9854,32.9021],[131.9854,32.9022],[131.9854,32.9022],[131.9854,32.9021]]],[[[131.9855,32.9023],[131.9856,32.9023],[131.9855,32.9023],[131.9855,32.9023]]],[[[131.9855,32.9025],[131.9854,32.9025],[131.9855,32.9025],[131.9855,32.9025]]],[[[131.9856,32.9026],[131.9857,32.9027],[131.9857,32.9026],[131.9856,32.9026]]],[[[131.9851,32.9033],[131.985,32.9033],[131.9851,32.9034],[131.9851,32.9033]]],[[[131.9854,32.9052],[131.9854,32.9053],[131.9855,32.9053],[131.9854,32.9052]]],[[[131.9853,32.9053],[131.9852,32.9053],[131.9852,32.9053],[131.9853,32.9053]]],[[[131.9854,32.9053],[131.9855,32.9054],[131.9855,32.9054],[131.9854,32.9053]]],[[[131.9859,32.9055],[131.9858,32.9054],[131.9858,32.9055],[131.9859,32.9055]]],[[[131.9856,32.9057],[131.9855,32.9057],[131.9855,32.9058],[131.9856,32.9057]]],[[[131.9857,32.9058],[131.9858,32.9057],[131.9857,32.9057],[131.9857,32.9058]]],[[[131.9854,32.9059],[131.9854,32.906],[131.9855,32.9059],[131.9854,32.9059]]],[[[131.9855,32.9066],[131.9855,32.9066],[131.9855,32.9066],[131.9855,32.9066]]],[[[131.9855,32.9071],[131.9854,32.9071],[131.9855,32.9071],[131.9855,32.9071]]],[[[131.9856,32.9072],[131.9856,32.9073],[131.9857,32.9072],[131.9856,32.9072]]],[[[131.9855,32.9073],[131.9854,32.9072],[131.9855,32.9073],[131.9855,32.9073]]],[[[131.9855,32.9075],[131.9855,32.9076],[131.9855,32.9075],[131.9855,32.9075]]],[[[131.9854,32.9079],[131.9854,32.9079],[131.9854,32.9079],[131.9854,32.9079]]],[[[131.9854,32.9083],[131.9853,32.9084],[131.9854,32.9083],[131.9854,32.9083]]],[[[131.9852,32.9088],[131.9854,32.9085],[131.9851,32.9088],[131.9852,32.9088]]],[[[131.9844,32.9096],[131.9845,32.9095],[131.9844,32.9095],[131.9844,32.9096]]],[[[131.9844,32.9097],[131.9843,32.9097],[131.9843,32.9098],[131.9844,32.9097]]],[[[131.9847,32.9119],[131.9846,32.9119],[131.9846,32.912],[131.9847,32.9119]]],[[[131.9849,32.9121],[131.9848,32.912],[131.9848,32.9121],[131.9849,32.9121]]],[[[131.9848,32.9123],[131.9849,32.9123],[131.9849,32.9122],[131.9848,32.9123]]],[[[131.9848,32.9129],[131.9847,32.9129],[131.9848,32.9129],[131.9848,32.9129]]],[[[131.9849,32.9131],[131.9849,32.913],[131.9849,32.913],[131.9849,32.9131]]],[[[131.9847,32.9131],[131.9846,32.913],[131.9846,32.9131],[131.9847,32.9131]]],[[[131.985,32.9133],[131.9849,32.9133],[131.985,32.9133],[131.985,32.9133]]],[[[131.9846,32.9133],[131.9845,32.9133],[131.9846,32.9134],[131.9846,32.9133]]],[[[131.9842,32.9136],[131.9841,32.9137],[131.9842,32.9137],[131.9842,32.9136]]],[[[131.9835,32.9138],[131.9837,32.914],[131.9838,32.9138],[131.9835,32.9138]]],[[[131.9899,32.9462],[131.9898,32.9462],[131.9899,32.9463],[131.9899,32.9462]]],[[[131.9894,32.9539],[131.9895,32.954],[131.9895,32.9539],[131.9894,32.9539]]],[[[131.9809,32.9771],[131.9806,32.9771],[131.9811,32.9772],[131.9809,32.9771]]],[[[131.9828,32.9858],[131.9821,32.9849],[131.9813,32.9851],[131.9828,32.9858]]],[[[131.983,32.9857],[131.9829,32.9858],[131.9831,32.9858],[131.983,32.9857]]],[[[131.9831,32.9858],[131.9832,32.9858],[131.9832,32.9858],[131.9831,32.9858]]],[[[131.9831,32.9858],[131.9831,32.9859],[131.9832,32.9859],[131.9831,32.9858]]],[[[131.9823,32.9859],[131.9823,32.9859],[131.9822,32.9859],[131.9823,32.9859]]],[[[131.9833,32.9859],[131.9833,32.9859],[131.9832,32.9859],[131.9833,32.9859]]],[[[131.9826,32.9859],[131.9826,32.986],[131.9827,32.9859],[131.9826,32.9859]]],[[[131.9825,32.9859],[131.9824,32.986],[131.9825,32.986],[131.9825,32.9859]]],[[[131.983,32.9861],[131.9831,32.986],[131.9831,32.986],[131.983,32.9861]]],[[[131.9824,32.9861],[131.9824,32.986],[131.9823,32.9861],[131.9824,32.9861]]],[[[131.9834,32.9861],[131.9832,32.986],[131.9834,32.9861],[131.9834,32.9861]]],[[[131.9825,32.9861],[131.9825,32.986],[131.9825,32.9861],[131.9825,32.9861]]],[[[131.9864,33.0487],[131.9864,33.0485],[131.9863,33.0486],[131.9864,33.0487]]],[[[131.9859,33.0485],[131.9862,33.0489],[131.9863,33.0487],[131.9859,33.0485]]],[[[131.9865,33.0489],[131.9864,33.049],[131.9866,33.0489],[131.9865,33.0489]]],[[[131.9873,33.0493],[131.9872,33.049],[131.9871,33.0492],[131.9873,33.0493]]],[[[131.9885,33.0526],[131.9879,33.0522],[131.9879,33.0523],[131.9885,33.0526]]],[[[131.9891,33.0523],[131.9893,33.0527],[131.9894,33.0526],[131.9891,33.0523]]],[[[131.9919,32.8188],[131.9919,32.819],[131.9922,32.819],[131.9919,32.8188]]],[[[131.9933,32.8192],[131.9936,32.819],[131.9933,32.8189],[131.9933,32.8192]]],[[[131.9936,32.8194],[131.9939,32.8193],[131.9937,32.8193],[131.9936,32.8194]]],[[[131.9956,32.8198],[131.9956,32.82],[131.9957,32.82],[131.9956,32.8198]]],[[[131.9972,32.8205],[131.9974,32.8203],[131.9971,32.8203],[131.9972,32.8205]]],[[[131.9975,32.8206],[131.9977,32.8206],[131.9977,32.8204],[131.9975,32.8206]]],[[[131.9981,32.8205],[131.9983,32.8207],[131.9983,32.8205],[131.9981,32.8205]]],[[[131.998,32.8205],[131.9978,32.8207],[131.9981,32.8206],[131.998,32.8205]]],[[[131.9984,32.8209],[131.9985,32.8207],[131.9983,32.8208],[131.9984,32.8209]]],[[[131.9992,32.8212],[131.999,32.8209],[131.999,32.8212],[131.9992,32.8212]]],[[[131.9989,32.821],[131.9987,32.8212],[131.9989,32.8212],[131.9989,32.821]]],[[[132.0008,32.8215],[132.0004,32.8214],[132.0005,32.8217],[132.0008,32.8215]]],[[[132.0011,32.8216],[132.0007,32.8217],[132.0012,32.8219],[132.0011,32.8216]]],[[[132.0042,32.8232],[132.0039,32.8232],[132.0041,32.8235],[132.0042,32.8232]]],[[[132.0047,32.8243],[132.0044,32.8238],[132.0043,32.824],[132.0047,32.8243]]],[[[132.0056,32.8248],[132.0051,32.8247],[132.0052,32.8251],[132.0056,32.8248]]],[[[132.0063,32.8252],[132.0058,32.8252],[132.006,32.8254],[132.0063,32.8252]]],[[[132.0071,32.8261],[132.0075,32.8261],[132.0073,32.8259],[132.0071,32.8261]]],[[[132.0086,32.8277],[132.0088,32.8275],[132.0086,32.8274],[132.0086,32.8277]]],[[[132.0083,32.8278],[132.0085,32.8275],[132.0084,32.8275],[132.0083,32.8278]]],[[[132.0088,32.8282],[132.0087,32.828],[132.0086,32.8281],[132.0088,32.8282]]],[[[132.0085,32.8285],[132.0086,32.8283],[132.0085,32.8283],[132.0085,32.8285]]],[[[132.0086,32.8288],[132.0088,32.8286],[132.0086,32.8286],[132.0086,32.8288]]],[[[132.0091,32.8364],[132.0092,32.8361],[132.009,32.8363],[132.0091,32.8364]]],[[[132.0089,32.8362],[132.0087,32.8365],[132.0089,32.8365],[132.0089,32.8362]]],[[[132.0085,32.8365],[132.0087,32.8368],[132.0087,32.8366],[132.0085,32.8365]]],[[[131.9965,32.8393],[131.9966,32.8393],[131.9967,32.8393],[131.9965,32.8393]]],[[[131.9968,32.8394],[131.9967,32.8394],[131.9968,32.8394],[131.9968,32.8394]]],[[[131.9966,32.8395],[131.9966,32.8394],[131.9966,32.8394],[131.9966,32.8395]]],[[[131.9968,32.8395],[131.9969,32.8395],[131.9969,32.8395],[131.9968,32.8395]]],[[[131.9938,32.8421],[131.9938,32.8421],[131.9939,32.8421],[131.9938,32.8421]]],[[[131.9933,32.8422],[131.9934,32.8422],[131.9934,32.8422],[131.9933,32.8422]]],[[[131.9924,32.8422],[131.9925,32.8423],[131.9925,32.8422],[131.9924,32.8422]]],[[[131.9936,32.8423],[131.9934,32.8423],[131.9935,32.8424],[131.9936,32.8423]]],[[[131.9933,32.8424],[131.9934,32.8424],[131.9933,32.8423],[131.9933,32.8424]]],[[[131.9925,32.8423],[131.9924,32.8424],[131.9925,32.8424],[131.9925,32.8423]]],[[[131.9916,32.8426],[131.9915,32.8427],[131.9916,32.8426],[131.9916,32.8426]]],[[[131.9918,32.8723],[131.9916,32.8723],[131.9918,32.8724],[131.9918,32.8723]]],[[[131.9917,32.8725],[131.9915,32.8724],[131.9915,32.8725],[131.9917,32.8725]]],[[[131.9917,32.8729],[131.9916,32.8728],[131.9916,32.8729],[131.9917,32.8729]]],[[[131.9922,32.8734],[131.9921,32.8735],[131.9922,32.8735],[131.9922,32.8734]]],[[[131.9922,32.8739],[131.9922,32.8739],[131.9922,32.8739],[131.9922,32.8739]]],[[[131.9922,32.874],[131.9923,32.8741],[131.9923,32.8741],[131.9922,32.874]]],[[[131.9988,32.8777],[131.9988,32.8777],[131.9989,32.8775],[131.9988,32.8777]]],[[[131.9967,32.8776],[131.9967,32.8777],[131.9968,32.8777],[131.9967,32.8776]]],[[[131.9969,32.8779],[131.9969,32.8779],[131.997,32.8779],[131.9969,32.8779]]],[[[132.0036,32.887],[132.0036,32.8871],[132.0036,32.8871],[132.0036,32.887]]],[[[132.0042,32.8873],[132.004,32.8872],[132.0039,32.8872],[132.0042,32.8873]]],[[[132.0056,32.8879],[132.0055,32.8878],[132.0054,32.8878],[132.0056,32.8879]]],[[[132.0047,32.888],[132.0048,32.8881],[132.0048,32.888],[132.0047,32.888]]],[[[132.0057,32.888],[132.0055,32.888],[132.0057,32.8881],[132.0057,32.888]]],[[[132.005,32.8882],[132.005,32.8883],[132.0051,32.8882],[132.005,32.8882]]],[[[132.0082,32.8887],[132.008,32.8887],[132.0081,32.8888],[132.0082,32.8887]]],[[[132.0073,32.889],[132.0071,32.8889],[132.0071,32.8889],[132.0073,32.889]]],[[[132.0081,32.8892],[132.008,32.8893],[132.0081,32.8894],[132.0081,32.8892]]],[[[132.0074,32.8894],[132.0078,32.8892],[132.0074,32.8892],[132.0074,32.8894]]],[[[132.008,32.8895],[132.0079,32.8895],[132.0081,32.8895],[132.008,32.8895]]],[[[132.0084,32.8903],[132.0087,32.8901],[132.0083,32.8902],[132.0084,32.8903]]],[[[132.008,32.8926],[132.008,32.8927],[132.0081,32.8927],[132.008,32.8926]]],[[[132.0078,32.8927],[132.0078,32.8927],[132.0079,32.8927],[132.0078,32.8927]]],[[[132.0002,32.8945],[132.0,32.8944],[132.0,32.8945],[132.0002,32.8945]]],[[[132.0008,32.8945],[132.0008,32.8945],[132.0008,32.8945],[132.0008,32.8945]]],[[[132.0007,32.8946],[132.0006,32.8946],[132.0007,32.8946],[132.0007,32.8946]]],[[[132.0007,32.8947],[132.0007,32.8947],[132.0008,32.8947],[132.0007,32.8947]]],[[[132.0011,32.8948],[132.001,32.8947],[132.001,32.8947],[132.0011,32.8948]]],[[[131.998,32.8975],[131.9978,32.8975],[131.998,32.8975],[131.998,32.8975]]],[[[131.9976,32.8979],[131.9977,32.898],[131.9977,32.8979],[131.9976,32.8979]]],[[[132.0086,32.9051],[132.0086,32.9049],[132.0085,32.9051],[132.0086,32.9051]]],[[[132.0094,32.9052],[132.0088,32.905],[132.0088,32.9052],[132.0094,32.9052]]],[[[132.0091,32.9057],[132.0091,32.9058],[132.0092,32.9057],[132.0091,32.9057]]],[[[132.0085,32.9062],[132.0083,32.9062],[132.0085,32.9063],[132.0085,32.9062]]],[[[132.0059,32.9063],[132.0058,32.9064],[132.0059,32.9064],[132.0059,32.9063]]],[[[132.0052,32.9068],[132.0052,32.9067],[132.0051,32.9067],[132.0052,32.9068]]],[[[132.0054,32.9068],[132.0055,32.9068],[132.0054,32.9067],[132.0054,32.9068]]],[[[132.0054,32.9069],[132.0054,32.9069],[132.0054,32.9069],[132.0054,32.9069]]],[[[131.9971,32.911],[131.9971,32.9109],[131.9971,32.911],[131.9971,32.911]]],[[[131.9969,32.9109],[131.9968,32.911],[131.9969,32.911],[131.9969,32.9109]]],[[[131.9956,32.9118],[131.9953,32.9116],[131.9952,32.9118],[131.9956,32.9118]]],[[[132.0092,32.9202],[132.0093,32.9199],[132.0091,32.92],[132.0092,32.9202]]],[[[132.0089,32.9205],[132.0089,32.9204],[132.0085,32.9205],[132.0089,32.9205]]],[[[132.0085,32.9211],[132.0084,32.9211],[132.0086,32.9211],[132.0085,32.9211]]],[[[132.0089,32.9212],[132.0088,32.921],[132.0087,32.9211],[132.0089,32.9212]]],[[[132.007,32.9358],[132.0069,32.9359],[132.007,32.9358],[132.007,32.9358]]],[[[132.0071,32.9361],[132.0069,32.9361],[132.007,32.9361],[132.0071,32.9361]]],[[[132.0013,32.9379],[132.0012,32.938],[132.0014,32.938],[132.0013,32.9379]]],[[[132.0,32.9427],[132.0001,32.9429],[131.9999,32.9424],[132.0,32.9427]]],[[[132.0009,32.9446],[132.0008,32.9445],[132.0008,32.9445],[132.0009,32.9446]]],[[[132.0014,32.9445],[132.0012,32.9446],[132.0014,32.9446],[132.0014,32.9445]]],[[[131.9925,32.9541],[131.9925,32.9541],[131.9927,32.9541],[131.9925,32.9541]]],[[[131.9914,32.9545],[131.9915,32.9544],[131.9915,32.9544],[131.9914,32.9545]]],[[[131.9912,33.0533],[131.9912,33.0534],[131.9913,33.0533],[131.9912,33.0533]]],[[[131.9916,33.0534],[131.9916,33.0535],[131.9917,33.0534],[131.9916,33.0534]]],[[[131.9918,33.0534],[131.9919,33.0535],[131.9919,33.0534],[131.9918,33.0534]]],[[[131.9925,33.0536],[131.9925,33.0537],[131.9926,33.0537],[131.9925,33.0536]]],[[[131.9926,33.0539],[131.9927,33.054],[131.9928,33.054],[131.9926,33.0539]]],[[[132.0067,33.0555],[132.0068,33.0554],[132.0067,33.0555],[132.0067,33.0555]]],[[[132.0048,33.0659],[132.0049,33.0659],[132.005,33.0653],[132.0048,33.0659]]],[[[132.0095,32.8291],[132.01,32.829],[132.0097,32.8289],[132.0095,32.8291]]],[[[132.0096,32.8309],[132.0099,32.8311],[132.0097,32.8308],[132.0096,32.8309]]],[[[132.0114,32.8341],[132.011,32.834],[132.011,32.8342],[132.0114,32.8341]]],[[[132.0119,32.8345],[132.0122,32.8349],[132.0123,32.8347],[132.0119,32.8345]]],[[[132.0111,32.8347],[132.0111,32.8352],[132.0112,32.8349],[132.0111,32.8347]]],[[[132.0187,32.8888],[132.0188,32.8886],[132.0186,32.8886],[132.0187,32.8888]]],[[[132.0095,32.8894],[132.0095,32.8893],[132.0095,32.8893],[132.0095,32.8894]]],[[[132.0175,32.8895],[132.0173,32.8893],[132.0173,32.8894],[132.0175,32.8895]]],[[[132.0136,32.8898],[132.0136,32.8896],[132.0136,32.8896],[132.0136,32.8898]]],[[[132.0158,32.8898],[132.0158,32.89],[132.0158,32.8899],[132.0158,32.8898]]],[[[132.0157,32.8899],[132.0155,32.8898],[132.0156,32.89],[132.0157,32.8899]]],[[[132.0164,32.8899],[132.0163,32.89],[132.0164,32.89],[132.0164,32.8899]]],[[[132.0168,32.8901],[132.0167,32.89],[132.0167,32.89],[132.0168,32.8901]]],[[[132.0091,32.8899],[132.0093,32.8902],[132.0094,32.8901],[132.0091,32.8899]]],[[[132.0163,32.8901],[132.0161,32.8901],[132.0163,32.8901],[132.0163,32.8901]]],[[[132.0159,32.8901],[132.0157,32.8901],[132.0158,32.8901],[132.0159,32.8901]]],[[[132.0097,32.8903],[132.0098,32.8902],[132.0094,32.8902],[132.0097,32.8903]]],[[[132.0146,32.8902],[132.0145,32.8902],[132.0146,32.8903],[132.0146,32.8902]]],[[[132.0155,32.8903],[132.0155,32.8903],[132.0156,32.8903],[132.0155,32.8903]]],[[[132.0159,32.8904],[132.0158,32.8903],[132.0158,32.8903],[132.0159,32.8904]]],[[[132.0112,32.8904],[132.011,32.8903],[132.011,32.8903],[132.0112,32.8904]]],[[[132.0153,32.8904],[132.0154,32.8904],[132.0154,32.8904],[132.0153,32.8904]]],[[[132.0152,32.8904],[132.0152,32.8904],[132.0152,32.8904],[132.0152,32.8904]]],[[[132.0115,32.8907],[132.0115,32.8904],[132.0113,32.8905],[132.0115,32.8907]]],[[[132.0158,32.8905],[132.0159,32.8906],[132.0159,32.8905],[132.0158,32.8905]]],[[[132.013,32.8908],[132.0131,32.8906],[132.0129,32.8907],[132.013,32.8908]]],[[[132.0159,32.8907],[132.016,32.8907],[132.016,32.8907],[132.0159,32.8907]]],[[[132.0127,32.8906],[132.0126,32.8907],[132.0128,32.8907],[132.0127,32.8906]]],[[[132.0163,32.8907],[132.0162,32.8907],[132.0163,32.8909],[132.0163,32.8907]]],[[[132.0157,32.8907],[132.0158,32.8909],[132.0158,32.8908],[132.0157,32.8907]]],[[[132.0165,32.8911],[132.0165,32.8909],[132.0164,32.8909],[132.0165,32.8911]]],[[[132.0151,32.8917],[132.0151,32.8916],[132.015,32.8917],[132.0151,32.8917]]],[[[132.0129,32.8933],[132.0129,32.8934],[132.013,32.8933],[132.0129,32.8933]]],[[[132.0113,32.8933],[132.0112,32.8934],[132.0113,32.8934],[132.0113,32.8933]]],[[[132.012,32.8935],[132.012,32.8934],[132.012,32.8935],[132.012,32.8935]]],[[[132.0119,32.8935],[132.0118,32.8935],[132.0119,32.8935],[132.0119,32.8935]]],[[[132.0097,32.905],[132.0096,32.9051],[132.0098,32.9052],[132.0097,32.905]]],[[[132.0104,32.9057],[132.0096,32.9054],[132.0093,32.9057],[132.0104,32.9057]]],[[[132.0099,32.9058],[132.01,32.9058],[132.01,32.9058],[132.0099,32.9058]]],[[[132.0101,32.9059],[132.0101,32.9059],[132.0102,32.9059],[132.0101,32.9059]]],[[[132.0103,32.906],[132.0102,32.9061],[132.0103,32.9061],[132.0103,32.906]]],[[[132.0107,32.9061],[132.0106,32.9063],[132.0108,32.9062],[132.0107,32.9061]]],[[[132.0104,32.9063],[132.0104,32.9062],[132.0103,32.9062],[132.0104,32.9063]]],[[[132.0102,32.9065],[132.0101,32.9065],[132.0102,32.9065],[132.0102,32.9065]]],[[[132.0107,32.9066],[132.0105,32.9065],[132.0103,32.9064],[132.0107,32.9066]]],[[[132.0112,32.9066],[132.011,32.9065],[132.0111,32.9066],[132.0112,32.9066]]],[[[132.0102,32.9074],[132.0102,32.9071],[132.01,32.9072],[132.0102,32.9074]]],[[[132.0104,32.9078],[132.0103,32.9079],[132.0104,32.9079],[132.0104,32.9078]]],[[[132.0104,32.9081],[132.0104,32.908],[132.0103,32.908],[132.0104,32.9081]]],[[[132.0104,32.9083],[132.0106,32.9086],[132.0108,32.9084],[132.0104,32.9083]]],[[[132.0101,32.9091],[132.0104,32.909],[132.01,32.909],[132.0101,32.9091]]],[[[132.0104,32.9094],[132.0105,32.9094],[132.0104,32.9094],[132.0104,32.9094]]],[[[132.0102,32.9094],[132.0101,32.9094],[132.0102,32.9094],[132.0102,32.9094]]],[[[132.0101,32.9097],[132.0104,32.9096],[132.0101,32.9095],[132.0101,32.9097]]],[[[132.0096,32.91],[132.0096,32.9101],[132.0097,32.91],[132.0096,32.91]]],[[[132.0093,32.9104],[132.0093,32.9104],[132.0093,32.9104],[132.0093,32.9104]]],[[[132.0095,32.9106],[132.0094,32.9105],[132.0094,32.9106],[132.0095,32.9106]]],[[[132.0093,32.9107],[132.0093,32.9108],[132.0093,32.9107],[132.0093,32.9107]]],[[[132.0092,32.9111],[132.0092,32.9111],[132.0092,32.9111],[132.0092,32.9111]]],[[[132.0095,32.9125],[132.0095,32.9126],[132.0096,32.9126],[132.0095,32.9125]]],[[[132.0095,32.9143],[132.0095,32.9144],[132.0096,32.9144],[132.0095,32.9143]]],[[[132.0096,32.9145],[132.0097,32.9144],[132.0097,32.9144],[132.0096,32.9145]]],[[[132.0096,32.9145],[132.0096,32.9145],[132.0095,32.9145],[132.0096,32.9145]]],[[[132.0099,32.9146],[132.01,32.9146],[132.0099,32.9145],[132.0099,32.9146]]],[[[132.0101,32.9146],[132.0106,32.9147],[132.0107,32.9146],[132.0101,32.9146]]],[[[132.0097,32.9202],[132.0095,32.92],[132.0095,32.9202],[132.0097,32.9202]]],[[[132.0098,32.922],[132.0097,32.9221],[132.01,32.922],[132.0098,32.922]]],[[[132.0102,32.9222],[132.0102,32.9225],[132.0103,32.9225],[132.0102,32.9222]]],[[[132.0158,32.9228],[132.017,32.9223],[132.0157,32.9222],[132.0158,32.9228]]],[[[132.0163,32.9229],[132.0164,32.9229],[132.0163,32.9229],[132.0163,32.9229]]],[[[132.0174,32.9232],[132.0166,32.923],[132.016,32.923],[132.0174,32.9232]]],[[[132.0099,32.9233],[132.0096,32.9233],[132.0095,32.9234],[132.0099,32.9233]]],[[[132.0095,32.9239],[132.0094,32.9237],[132.0094,32.9238],[132.0095,32.9239]]],[[[132.0142,32.9239],[132.0142,32.9239],[132.0142,32.9239],[132.0142,32.9239]]],[[[132.0144,32.9238],[132.0144,32.9239],[132.0145,32.9239],[132.0144,32.9238]]],[[[132.0138,32.9242],[132.0137,32.9242],[132.0137,32.9243],[132.0138,32.9242]]],[[[132.0167,32.9255],[132.0169,32.9256],[132.0169,32.9255],[132.0167,32.9255]]],[[[132.0163,32.9262],[132.0161,32.9261],[132.0161,32.9261],[132.0163,32.9262]]],[[[132.0168,32.9271],[132.0169,32.9272],[132.0169,32.9271],[132.0168,32.9271]]],[[[132.0162,32.9273],[132.0166,32.9274],[132.0162,32.9272],[132.0162,32.9273]]],[[[132.017,32.9276],[132.0171,32.9277],[132.0171,32.9277],[132.017,32.9276]]],[[[132.0175,32.928],[132.0177,32.928],[132.0174,32.9276],[132.0175,32.928]]],[[[132.0169,32.9295],[132.0169,32.9294],[132.0168,32.9294],[132.0169,32.9295]]],[[[132.0166,32.9294],[132.0167,32.9295],[132.0167,32.9294],[132.0166,32.9294]]],[[[132.0185,32.931],[132.0184,32.9311],[132.0185,32.9311],[132.0185,32.931]]],[[[132.0154,32.9365],[132.0153,32.9364],[132.0152,32.9365],[132.0154,32.9365]]],[[[132.0094,33.0607],[132.0094,33.0607],[132.0094,33.0607],[132.0094,33.0607]]],[[[132.0117,33.061],[132.0118,33.0609],[132.0117,33.0609],[132.0117,33.061]]],[[[132.0124,33.061],[132.0123,33.0609],[132.0123,33.061],[132.0124,33.061]]],[[[132.0167,33.061],[132.0166,33.0609],[132.0165,33.061],[132.0167,33.061]]],[[[132.0114,33.061],[132.0114,33.061],[132.0114,33.061],[132.0114,33.061]]],[[[132.0121,33.061],[132.0121,33.061],[132.0121,33.061],[132.0121,33.061]]],[[[132.0119,33.061],[132.012,33.0611],[132.012,33.061],[132.0119,33.061]]],[[[132.0108,33.061],[132.0108,33.0612],[132.0109,33.0611],[132.0108,33.061]]],[[[132.0183,33.0612],[132.0182,33.0613],[132.0184,33.0613],[132.0183,33.0612]]],[[[132.0179,33.0617],[132.0179,33.0616],[132.0178,33.0616],[132.0179,33.0617]]],[[[132.0181,33.0618],[132.0181,33.0619],[132.0181,33.0619],[132.0181,33.0618]]],[[[132.0305,32.8786],[132.0304,32.8787],[132.0305,32.8788],[132.0305,32.8786]]],[[[132.036,32.879],[132.0362,32.8794],[132.0365,32.8792],[132.036,32.879]]],[[[132.0352,32.8802],[132.0331,32.8786],[132.0306,32.8787],[132.0299,32.8808],[132.0336,32.8808],[132.035,32.8809],[132.0352,32.8802]]],[[[132.0353,32.8799],[132.0351,32.8797],[132.0351,32.8797],[132.0353,32.8799]]],[[[132.036,32.8798],[132.0354,32.88],[132.0361,32.8799],[132.036,32.8798]]],[[[132.0298,32.8805],[132.0296,32.8803],[132.0296,32.8805],[132.0298,32.8805]]],[[[132.0338,32.8809],[132.0336,32.8809],[132.0337,32.881],[132.0338,32.8809]]],[[[132.0342,32.8811],[132.034,32.881],[132.0342,32.8811],[132.0342,32.8811]]],[[[132.0339,32.8812],[132.0338,32.8812],[132.0339,32.8812],[132.0339,32.8812]]],[[[132.0322,32.8814],[132.0322,32.8813],[132.0321,32.8813],[132.0322,32.8814]]],[[[132.027,32.8855],[132.0282,32.885],[132.0267,32.8853],[132.027,32.8855]]],[[[132.0267,32.8858],[132.0266,32.8856],[132.0266,32.8858],[132.0267,32.8858]]],[[[132.0272,32.8858],[132.027,32.8858],[132.027,32.8859],[132.0272,32.8858]]],[[[132.0268,32.8861],[132.0268,32.886],[132.0267,32.886],[132.0268,32.8861]]],[[[132.0259,32.8866],[132.0258,32.8867],[132.026,32.8867],[132.0259,32.8866]]],[[[132.0238,32.8869],[132.0237,32.8869],[132.0238,32.887],[132.0238,32.8869]]],[[[132.024,32.8873],[132.0239,32.8872],[132.0239,32.8873],[132.024,32.8873]]],[[[132.0248,32.8875],[132.0251,32.8872],[132.0246,32.8873],[132.0248,32.8875]]],[[[132.0228,32.8876],[132.0227,32.8878],[132.0228,32.8877],[132.0228,32.8876]]],[[[132.0255,32.8878],[132.0259,32.8881],[132.0257,32.8877],[132.0255,32.8878]]],[[[132.0259,32.8883],[132.0239,32.8874],[132.0226,32.8881],[132.0243,32.8889],[132.0259,32.8883]]],[[[132.0223,32.8883],[132.0222,32.8882],[132.0221,32.8883],[132.0223,32.8883]]],[[[132.045,32.9179],[132.0449,32.918],[132.045,32.918],[132.045,32.9179]]],[[[132.0452,32.918],[132.0451,32.9179],[132.0451,32.918],[132.0452,32.918]]],[[[132.0442,32.9189],[132.0441,32.9189],[132.0443,32.919],[132.0442,32.9189]]],[[[132.0451,32.9191],[132.0451,32.9189],[132.045,32.919],[132.0451,32.9191]]],[[[132.0445,32.9192],[132.0444,32.9192],[132.0445,32.9192],[132.0445,32.9192]]],[[[132.0447,32.9194],[132.0447,32.9193],[132.0446,32.9193],[132.0447,32.9194]]],[[[132.0448,32.9206],[132.0448,32.9207],[132.0448,32.9206],[132.0448,32.9206]]],[[[132.045,32.9206],[132.045,32.9207],[132.0451,32.9206],[132.045,32.9206]]],[[[132.0448,32.921],[132.0448,32.9209],[132.0448,32.921],[132.0448,32.921]]],[[[132.0453,32.9209],[132.0452,32.921],[132.0453,32.9209],[132.0453,32.9209]]],[[[132.0445,32.9209],[132.0447,32.9211],[132.0447,32.9211],[132.0445,32.9209]]],[[[132.0453,32.9252],[132.0452,32.9252],[132.0451,32.9252],[132.0453,32.9252]]],[[[132.0449,32.9252],[132.0449,32.9253],[132.045,32.9253],[132.0449,32.9252]]],[[[132.0448,32.9255],[132.0448,32.9254],[132.0447,32.9255],[132.0448,32.9255]]],[[[132.0432,32.9266],[132.043,32.9266],[132.0432,32.9266],[132.0432,32.9266]]],[[[132.0407,32.9267],[132.0411,32.9269],[132.0413,32.9269],[132.0407,32.9267]]],[[[132.0391,32.9274],[132.0392,32.9274],[132.039,32.9273],[132.0391,32.9274]]],[[[132.0384,32.9284],[132.0385,32.9287],[132.0387,32.9287],[132.0384,32.9284]]],[[[132.0244,32.9296],[132.0249,32.9288],[132.0241,32.9288],[132.0244,32.9296]]],[[[132.0229,32.9305],[132.023,32.9305],[132.0229,32.9305],[132.0229,32.9305]]],[[[132.0193,32.9306],[132.0192,32.9305],[132.0192,32.9306],[132.0193,32.9306]]],[[[132.0228,32.9307],[132.0229,32.9308],[132.0229,32.9307],[132.0228,32.9307]]],[[[132.0197,32.9308],[132.0197,32.9309],[132.0198,32.9308],[132.0197,32.9308]]],[[[132.024,32.9308],[132.0239,32.9308],[132.0239,32.9308],[132.024,32.9308]]],[[[132.0195,32.9308],[132.0194,32.9309],[132.0195,32.9308],[132.0195,32.9308]]],[[[132.023,32.9309],[132.023,32.9308],[132.0229,32.9309],[132.023,32.9309]]],[[[132.0239,32.931],[132.0239,32.9311],[132.024,32.931],[132.0239,32.931]]],[[[132.0231,32.9311],[132.0229,32.9311],[132.023,32.9312],[132.0231,32.9311]]],[[[132.0242,32.9312],[132.0241,32.9312],[132.0242,32.9313],[132.0242,32.9312]]],[[[132.0199,32.9312],[132.0198,32.9313],[132.0199,32.9313],[132.0199,32.9312]]],[[[132.0391,32.9314],[132.039,32.9313],[132.0389,32.9313],[132.0391,32.9314]]],[[[132.0229,32.9313],[132.023,32.9314],[132.0231,32.9314],[132.0229,32.9313]]],[[[132.0245,32.9314],[132.0244,32.9315],[132.0245,32.9315],[132.0245,32.9314]]],[[[132.0221,32.9315],[132.0219,32.9315],[132.0221,32.9315],[132.0221,32.9315]]],[[[132.0212,32.9315],[132.0212,32.9316],[132.0213,32.9316],[132.0212,32.9315]]],[[[132.0392,32.9317],[132.0392,32.9317],[132.0392,32.9316],[132.0391,32.9316],[132.0392,32.9317]]],[[[132.0215,32.9318],[132.0212,32.9318],[132.0215,32.9319],[132.0215,32.9318]]],[[[132.0392,32.932],[132.0395,32.9321],[132.0393,32.9319],[132.0392,32.932]]],[[[132.0395,32.9324],[132.0396,32.9325],[132.0396,32.9324],[132.0395,32.9324]]],[[[132.024,32.933],[132.0239,32.9329],[132.0239,32.933],[132.024,32.933]]],[[[132.0241,32.933],[132.0241,32.9332],[132.0241,32.9332],[132.0241,32.933]]],[[[132.0243,32.9331],[132.0243,32.9332],[132.0243,32.9332],[132.0243,32.9331]]],[[[132.0253,32.9333],[132.0249,32.9332],[132.0248,32.9334],[132.0253,32.9333]]],[[[132.025,32.9338],[132.0251,32.9338],[132.0251,32.9338],[132.025,32.9338]]],[[[132.0252,32.9339],[132.0252,32.934],[132.0252,32.9339],[132.0252,32.9339]]],[[[132.0255,32.934],[132.0255,32.9339],[132.0254,32.9339],[132.0255,32.934]]],[[[132.0257,32.9342],[132.0257,32.9343],[132.0258,32.9343],[132.0257,32.9342]]],[[[132.0277,32.9357],[132.0276,32.9358],[132.0277,32.9358],[132.0277,32.9357]]],[[[132.028,32.9358],[132.028,32.9359],[132.0281,32.9359],[132.028,32.9358]]],[[[132.0293,32.936],[132.0292,32.9359],[132.0292,32.9359],[132.0293,32.936]]],[[[132.0289,32.936],[132.0288,32.936],[132.0288,32.936],[132.0289,32.936]]],[[[132.0296,32.9362],[132.0296,32.9363],[132.0296,32.9362],[132.0296,32.9362]]],[[[132.031,32.9364],[132.0311,32.9365],[132.031,32.9364],[132.031,32.9364]]],[[[132.0329,32.9368],[132.033,32.9367],[132.033,32.9367],[132.0329,32.9368]]],[[[132.0248,32.939],[132.0247,32.939],[132.0248,32.9391],[132.0248,32.939]]],[[[132.0258,32.939],[132.0258,32.9391],[132.0258,32.939],[132.0258,32.939]]],[[[132.0297,32.9403],[132.0298,32.9405],[132.0299,32.9404],[132.0297,32.9403]]],[[[132.023,32.9404],[132.0231,32.9404],[132.023,32.9404],[132.023,32.9404]]],[[[132.0228,32.9404],[132.0229,32.9404],[132.0228,32.9404],[132.0228,32.9404]]],[[[132.0233,32.9404],[132.0232,32.9404],[132.0232,32.9404],[132.0233,32.9404]]],[[[132.0298,32.9406],[132.0298,32.9405],[132.0298,32.9406],[132.0298,32.9406]]],[[[132.0293,32.9408],[132.0292,32.9408],[132.0293,32.9408],[132.0293,32.9408]]],[[[132.0296,32.9408],[132.0294,32.9409],[132.0296,32.9409],[132.0296,32.9408]]],[[[132.0355,32.9509],[132.0354,32.951],[132.0355,32.9509],[132.0355,32.9509]]],[[[132.031,32.9509],[132.031,32.951],[132.0311,32.9509],[132.031,32.9509]]],[[[132.0328,32.9547],[132.0328,32.9553],[132.0331,32.955],[132.0328,32.9547]]],[[[132.031,32.9552],[132.031,32.9553],[132.031,32.9553],[132.031,32.9552]]],[[[132.0333,32.9552],[132.0331,32.9554],[132.0334,32.9554],[132.0333,32.9552]]],[[[132.0319,32.9554],[132.032,32.9554],[132.0319,32.9554],[132.0319,32.9554]]],[[[132.0312,32.9555],[132.0312,32.9554],[132.0311,32.9554],[132.0312,32.9555]]],[[[132.0314,32.9554],[132.0314,32.9555],[132.0314,32.9554],[132.0314,32.9554]]],[[[132.0331,32.9556],[132.0336,32.9556],[132.0331,32.9555],[132.0331,32.9556]]],[[[132.0334,32.956],[132.0337,32.956],[132.0334,32.9559],[132.0334,32.956]]],[[[132.034,32.9564],[132.0338,32.9562],[132.0338,32.9562],[132.034,32.9564]]],[[[132.0189,33.0601],[132.0188,33.06],[132.0188,33.06],[132.0189,33.0601]]],[[[132.0515,32.9106],[132.0518,32.9106],[132.0516,32.9104],[132.0515,32.9106]]],[[[132.051,32.9109],[132.051,32.9103],[132.0504,32.9104],[132.051,32.9109]]],[[[132.0504,32.911],[132.0504,32.9108],[132.0503,32.9108],[132.0504,32.911]]],[[[132.0512,32.9111],[132.0513,32.9112],[132.0514,32.9111],[132.0512,32.9111]]],[[[132.0498,32.9118],[132.05,32.9117],[132.0499,32.9116],[132.0498,32.9118]]],[[[132.0507,32.9124],[132.0506,32.9114],[132.0498,32.9122],[132.0507,32.9124]]],[[[132.051,32.9124],[132.051,32.9123],[132.0508,32.9124],[132.051,32.9124]]],[[[132.0497,32.9127],[132.0498,32.9127],[132.0498,32.9127],[132.0497,32.9127]]],[[[132.05,32.9127],[132.0499,32.9127],[132.0499,32.9127],[132.05,32.9127]]],[[[132.0502,32.9129],[132.0502,32.9127],[132.0501,32.9128],[132.0502,32.9129]]],[[[132.0496,32.9131],[132.0495,32.9131],[132.0496,32.9131],[132.0496,32.9131]]],[[[132.0499,32.9134],[132.0498,32.9132],[132.0497,32.9132],[132.0499,32.9134]]],[[[132.0505,32.9134],[132.0503,32.9134],[132.0505,32.9134],[132.0505,32.9134]]],[[[132.0497,32.9135],[132.0499,32.9136],[132.05,32.9135],[132.0497,32.9135]]],[[[132.0489,32.9136],[132.0488,32.9135],[132.0488,32.9136],[132.0489,32.9136]]],[[[132.05,32.9137],[132.0496,32.9135],[132.0494,32.9136],[132.05,32.9137]]],[[[132.0486,32.9138],[132.0487,32.9136],[132.0484,32.9136],[132.0486,32.9138]]],[[[132.0498,32.9139],[132.0498,32.9139],[132.0498,32.9139],[132.0498,32.9139]]],[[[132.0497,32.9139],[132.0497,32.914],[132.0497,32.9139],[132.0497,32.9139]]],[[[132.05,32.914],[132.0499,32.914],[132.05,32.9141],[132.05,32.914]]],[[[132.0503,32.9142],[132.0501,32.9142],[132.0503,32.9143],[132.0503,32.9142]]],[[[132.05,32.9143],[132.0501,32.9142],[132.05,32.9142],[132.05,32.9143]]],[[[132.0474,32.9147],[132.0475,32.9145],[132.0473,32.9146],[132.0474,32.9147]]],[[[132.0472,32.9146],[132.047,32.9145],[132.0471,32.9147],[132.0472,32.9146]]],[[[132.0503,32.9147],[132.0501,32.9146],[132.0502,32.9148],[132.0503,32.9147]]],[[[132.0507,32.9152],[132.0504,32.9151],[132.0504,32.9151],[132.0507,32.9152]]],[[[132.0504,32.9154],[132.0503,32.9154],[132.0504,32.9155],[132.0504,32.9154]]],[[[132.0507,32.9154],[132.051,32.9156],[132.051,32.9153],[132.0507,32.9154]]],[[[132.0502,32.9156],[132.0502,32.9156],[132.0502,32.9156],[132.0502,32.9156]]],[[[132.0501,32.9156],[132.05,32.9156],[132.0501,32.9157],[132.0501,32.9156]]],[[[132.0502,32.9158],[132.0502,32.9158],[132.0502,32.9158],[132.0502,32.9158]]],[[[132.0503,32.9159],[132.0504,32.9158],[132.0503,32.9157],[132.0503,32.9159]]],[[[132.0503,32.916],[132.0503,32.916],[132.0503,32.916],[132.0503,32.916]]],[[[132.0463,32.9164],[132.0462,32.9162],[132.0461,32.9163],[132.0463,32.9164]]],[[[132.0465,32.9196],[132.047,32.9178],[132.0494,32.9166],[132.0495,32.9139],[132.0464,32.9153],[132.0466,32.9175],[132.045,32.9195],[132.0465,32.9196]]],[[[132.0489,32.9173],[132.0491,32.9173],[132.0491,32.9173],[132.0489,32.9173]]],[[[132.0487,32.9173],[132.0485,32.9174],[132.0486,32.9175],[132.0487,32.9173]]],[[[132.0484,32.9177],[132.0483,32.9175],[132.0482,32.9176],[132.0484,32.9177]]],[[[132.0478,32.9177],[132.0479,32.9176],[132.0479,32.9176],[132.0478,32.9177]]],[[[132.0483,32.9178],[132.0481,32.9177],[132.0483,32.9178],[132.0483,32.9178]]],[[[132.0486,32.918],[132.0486,32.9179],[132.0485,32.9179],[132.0486,32.918]]],[[[132.0476,32.9181],[132.0476,32.918],[132.0475,32.9181],[132.0476,32.9181]]],[[[132.0469,32.9199],[132.0468,32.9198],[132.0468,32.9199],[132.0469,32.9199]]],[[[132.0466,32.9202],[132.0467,32.9201],[132.0466,32.9201],[132.0466,32.9202]]],[[[132.0465,32.9202],[132.0464,32.9202],[132.0464,32.9203],[132.0465,32.9202]]],[[[132.0468,32.9208],[132.0467,32.9208],[132.0467,32.9209],[132.0468,32.9208]]],[[[132.0469,32.9208],[132.0472,32.9209],[132.0473,32.9208],[132.0469,32.9208]]],[[[132.0461,32.9202],[132.0453,32.9205],[132.046,32.9231],[132.0478,32.9234],[132.0469,32.923],[132.0473,32.9218],[132.0461,32.9202]]],[[[132.0454,32.9225],[132.0454,32.9226],[132.0455,32.9226],[132.0454,32.9225]]],[[[132.0457,32.9227],[132.0457,32.9228],[132.0457,32.9227],[132.0457,32.9227]]],[[[132.0472,32.9228],[132.0472,32.923],[132.0473,32.9229],[132.0472,32.9228]]],[[[132.0462,32.9234],[132.0461,32.9233],[132.0461,32.9234],[132.0462,32.9234]]],[[[132.0463,32.9235],[132.0462,32.9236],[132.0464,32.9237],[132.0463,32.9235]]],[[[132.0466,32.9236],[132.0465,32.9236],[132.0466,32.9237],[132.0466,32.9236]]],[[[132.0459,32.9243],[132.0458,32.9243],[132.0459,32.9244],[132.0459,32.9243]]],[[[132.0454,32.9249],[132.0453,32.9249],[132.0453,32.9249],[132.0454,32.9249]]],[[[132.045,32.9261],[132.0462,32.9253],[132.0447,32.9257],[132.045,32.9261]]],[[[132.0461,32.9258],[132.046,32.9259],[132.0461,32.9259],[132.0461,32.9258]]],[[[132.0452,32.927],[132.0455,32.9271],[132.0455,32.927],[132.0452,32.927]]],[[[132.0453,32.9282],[132.0453,32.9283],[132.0453,32.9282],[132.0453,32.9282]]],[[[132.0462,32.9294],[132.0462,32.9294],[132.0462,32.9294],[132.0462,32.9294]]],[[[132.0474,32.9301],[132.0473,32.9301],[132.0475,32.9302],[132.0474,32.9301]]],[[[132.0472,32.9301],[132.0472,32.9302],[132.0472,32.9301],[132.0472,32.9301]]],[[[132.0498,32.9316],[132.0498,32.9315],[132.0497,32.9315],[132.0498,32.9316]]],[[[132.0487,32.934],[132.0483,32.9342],[132.0488,32.9341],[132.0487,32.934]]],[[[132.0643,32.9341],[132.0642,32.9342],[132.0643,32.9342],[132.0643,32.9341]]],[[[132.0646,32.9344],[132.0647,32.9344],[132.0645,32.9344],[132.0646,32.9344]]],[[[132.048,32.9352],[132.0479,32.9351],[132.0478,32.9351],[132.048,32.9352]]],[[[132.0651,32.9354],[132.0653,32.9352],[132.0651,32.9353],[132.0651,32.9354]]],[[[132.0525,32.9356],[132.0528,32.9357],[132.0527,32.9355],[132.0525,32.9356]]],[[[132.0539,32.9358],[132.0534,32.9356],[132.053,32.9357],[132.0539,32.9358]]],[[[132.0587,32.9359],[132.0586,32.936],[132.0587,32.936],[132.0587,32.9359]]],[[[132.0592,32.936],[132.0592,32.9361],[132.0592,32.936],[132.0592,32.936]]],[[[132.0528,32.9362],[132.0529,32.9361],[132.0528,32.9362],[132.0528,32.9362]]],[[[132.0654,32.9362],[132.0653,32.9361],[132.0653,32.9362],[132.0654,32.9362]]],[[[132.0527,32.9362],[132.0526,32.9362],[132.0526,32.9362],[132.0527,32.9362]]],[[[132.053,32.9362],[132.0534,32.9363],[132.0531,32.9361],[132.053,32.9362]]],[[[132.053,32.9366],[132.053,32.9364],[132.0527,32.9364],[132.053,32.9366]]],[[[132.0475,32.9368],[132.0479,32.9368],[132.0476,32.9367],[132.0475,32.9368]]],[[[132.058,32.9369],[132.0579,32.937],[132.058,32.9371],[132.058,32.9369]]],[[[132.0571,32.9372],[132.0571,32.9371],[132.0571,32.9372],[132.0571,32.9372]]],[[[132.0538,32.9378],[132.0537,32.9378],[132.0538,32.9378],[132.0538,32.9378]]],[[[132.0548,32.9395],[132.0547,32.9395],[132.0548,32.9395],[132.0548,32.9395]]],[[[132.0552,32.9397],[132.0552,32.9395],[132.055,32.9395],[132.0552,32.9397]]],[[[132.0546,32.9397],[132.0547,32.9396],[132.0547,32.9396],[132.0546,32.9397]]],[[[132.055,32.9397],[132.055,32.9397],[132.055,32.9397],[132.055,32.9397]]],[[[132.0545,32.9397],[132.0545,32.9397],[132.0545,32.9397],[132.0545,32.9397]]],[[[132.0648,32.9467],[132.0649,32.9466],[132.0648,32.9466],[132.0648,32.9467]]],[[[132.065,32.9466],[132.065,32.9467],[132.065,32.9467],[132.065,32.9466]]],[[[132.065,32.9469],[132.0651,32.9471],[132.0651,32.9469],[132.065,32.9469]]],[[[132.065,32.947],[132.0649,32.9471],[132.065,32.9471],[132.065,32.947]]],[[[132.049,32.9479],[132.0492,32.9481],[132.0493,32.9481],[132.049,32.9479]]],[[[132.0517,32.9523],[132.0517,32.9524],[132.0518,32.9524],[132.0517,32.9523]]],[[[132.0495,32.9534],[132.0494,32.9535],[132.0495,32.9534],[132.0495,32.9534]]],[[[132.0606,32.9635],[132.0602,32.9637],[132.0607,32.9635],[132.0606,32.9635]]],[[[132.0661,32.9842],[132.0661,32.9843],[132.0661,32.9843],[132.0661,32.9842]]],[[[132.0679,32.9851],[132.0678,32.9851],[132.0679,32.9851],[132.0679,32.9851]]],[[[132.0841,32.9312],[132.084,32.931],[132.084,32.9311],[132.0841,32.9312]]],[[[132.0823,32.9313],[132.0822,32.9313],[132.0822,32.9313],[132.0823,32.9313]]],[[[132.0844,32.9313],[132.0852,32.9317],[132.085,32.9314],[132.0844,32.9313]]],[[[132.0764,32.9327],[132.0764,32.9328],[132.0764,32.9328],[132.0764,32.9327]]],[[[132.076,32.9328],[132.076,32.9329],[132.076,32.9328],[132.076,32.9328]]],[[[132.0762,32.9329],[132.0762,32.9329],[132.0762,32.9329],[132.0762,32.9329]]],[[[132.076,32.9331],[132.0761,32.933],[132.076,32.933],[132.076,32.9331]]],[[[132.0693,32.9362],[132.0694,32.9362],[132.0694,32.9361],[132.0693,32.9362]]],[[[132.0682,32.9368],[132.068,32.9366],[132.0679,32.9366],[132.0682,32.9368]]],[[[132.0824,32.9371],[132.0824,32.937],[132.0823,32.937],[132.0824,32.9371]]],[[[132.0825,32.9373],[132.0824,32.9372],[132.0823,32.9372],[132.0825,32.9373]]],[[[132.0826,32.9376],[132.0827,32.938],[132.0829,32.9377],[132.0826,32.9376]]],[[[132.0824,32.9382],[132.0824,32.9382],[132.0824,32.9382],[132.0824,32.9382]]],[[[132.083,32.9384],[132.0828,32.9385],[132.0829,32.9385],[132.083,32.9384]]],[[[132.0824,32.9385],[132.0825,32.9387],[132.0825,32.9386],[132.0824,32.9385]]],[[[132.0822,32.9387],[132.082,32.9386],[132.0821,32.9387],[132.0822,32.9387]]],[[[132.0826,32.9398],[132.0825,32.9397],[132.0825,32.9398],[132.0826,32.9398]]],[[[132.0824,32.9404],[132.0824,32.9403],[132.0822,32.9403],[132.0824,32.9404]]],[[[132.0822,32.9405],[132.0823,32.9406],[132.0822,32.9405],[132.0822,32.9405]]],[[[132.0837,32.9404],[132.0833,32.9406],[132.0839,32.9407],[132.0837,32.9404]]],[[[132.0827,32.9405],[132.0826,32.9406],[132.0827,32.9407],[132.0827,32.9405]]],[[[132.0825,32.9407],[132.0824,32.9408],[132.0825,32.9408],[132.0825,32.9407]]],[[[132.0827,32.9408],[132.0827,32.9408],[132.0828,32.9408],[132.0827,32.9408]]],[[[132.0836,32.9417],[132.0838,32.9418],[132.0839,32.9417],[132.0836,32.9417]]],[[[132.0831,32.9421],[132.0831,32.9423],[132.0833,32.9422],[132.0831,32.9421]]],[[[132.0839,32.9428],[132.0832,32.9425],[132.0832,32.9428],[132.0839,32.9428]]],[[[132.0835,32.943],[132.0831,32.943],[132.0835,32.9432],[132.0835,32.943]]],[[[132.0838,32.9432],[132.0836,32.9432],[132.0838,32.9433],[132.0838,32.9432]]],[[[132.0774,32.9441],[132.0773,32.9441],[132.0773,32.9442],[132.0774,32.9441]]],[[[132.0795,32.9444],[132.0793,32.9442],[132.0793,32.9442],[132.0795,32.9444]]],[[[132.0787,32.9457],[132.0788,32.9456],[132.0787,32.9456],[132.0787,32.9457]]],[[[132.0784,32.9458],[132.0782,32.9456],[132.0782,32.9457],[132.0784,32.9458]]],[[[132.0787,32.9459],[132.0786,32.946],[132.0787,32.946],[132.0787,32.9459]]],[[[132.0795,32.9462],[132.0793,32.9462],[132.0793,32.9462],[132.0795,32.9462]]],[[[132.0725,32.9477],[132.0726,32.9477],[132.0725,32.9477],[132.0725,32.9477]]],[[[132.073,32.9478],[132.0729,32.9479],[132.0731,32.9478],[132.073,32.9478]]],[[[132.0715,32.9481],[132.0714,32.9482],[132.0716,32.9482],[132.0715,32.9481]]],[[[132.071,32.9492],[132.0709,32.9492],[132.0709,32.9493],[132.071,32.9492]]],[[[132.0705,32.9497],[132.0706,32.9496],[132.0705,32.9496],[132.0705,32.9497]]],[[[132.0758,32.9578],[132.0755,32.958],[132.0757,32.958],[132.0758,32.9578]]],[[[132.0765,32.9586],[132.0764,32.9586],[132.0765,32.9586],[132.0765,32.9586]]],[[[132.0788,32.9613],[132.0787,32.9614],[132.0788,32.9614],[132.0788,32.9613]]],[[[132.0794,32.9632],[132.0793,32.9631],[132.0793,32.9632],[132.0794,32.9632]]],[[[132.0798,32.9639],[132.0799,32.9639],[132.0798,32.9638],[132.0798,32.9639]]],[[[132.0735,32.953],[132.072,32.9527],[132.0709,32.9532],[132.0715,32.9548],[132.0698,32.9556],[132.0696,32.9578],[132.0672,32.9589],[132.0662,32.9611],[132.0671,32.9619],[132.0658,32.9631],[132.0669,32.9623],[132.0671,32.963],[132.0603,32.9641],[132.066,32.964],[132.0708,32.9658],[132.0727,32.9671],[132.0732,32.9684],[132.0726,32.9678],[132.0718,32.9674],[132.0732,32.9693],[132.0742,32.9692],[132.0729,32.9698],[132.0723,32.9691],[132.0732,32.9704],[132.0726,32.9712],[132.0739,32.9723],[132.0732,32.9715],[132.0745,32.9711],[132.0752,32.9717],[132.0741,32.9718],[132.0743,32.9733],[132.0763,32.974],[132.0746,32.977],[132.0754,32.9776],[132.0751,32.9765],[132.0755,32.9761],[132.0766,32.9761],[132.0765,32.9753],[132.0771,32.9745],[132.0804,32.9742],[132.0789,32.9721],[132.0813,32.9707],[132.078,32.9681],[132.0788,32.9646],[132.0804,32.9645],[132.079,32.9632],[132.0809,32.9601],[132.0802,32.9596],[132.079,32.9614],[132.0773,32.9615],[132.076,32.958],[132.0753,32.9583],[132.0731,32.9575],[132.0724,32.955],[132.0735,32.953]]],[[[132.0689,32.9655],[132.0689,32.9656],[132.069,32.9656],[132.0689,32.9655]]],[[[132.0687,32.9656],[132.0686,32.9656],[132.0687,32.9656],[132.0687,32.9656]]],[[[132.0708,32.9662],[132.0709,32.9661],[132.0702,32.9656],[132.0708,32.9662]]],[[[132.0791,32.9662],[132.0791,32.9661],[132.079,32.9661],[132.0791,32.9662]]],[[[132.0794,32.9666],[132.079,32.9667],[132.0796,32.9668],[132.0794,32.9666]]],[[[132.0707,32.9665],[132.0706,32.9666],[132.0707,32.9667],[132.0714,32.9672],[132.0707,32.9665]]],[[[132.0789,32.9669],[132.0789,32.9669],[132.079,32.9669],[132.0789,32.9669]]],[[[132.0788,32.967],[132.0787,32.967],[132.0788,32.967],[132.0788,32.967]]],[[[132.0792,32.967],[132.0791,32.9671],[132.0791,32.9671],[132.0792,32.967]]],[[[132.1015,32.9681],[132.1011,32.968],[132.1011,32.9683],[132.1015,32.9681]]],[[[132.0717,32.9681],[132.0719,32.9685],[132.072,32.9685],[132.0717,32.9681]]],[[[132.072,32.9686],[132.0722,32.969],[132.0723,32.969],[132.072,32.9686]]],[[[132.0797,32.9694],[132.0796,32.9692],[132.0796,32.9692],[132.0797,32.9694]]],[[[132.0804,32.9696],[132.0804,32.9697],[132.0805,32.9698],[132.0804,32.9696]]],[[[132.0821,32.9705],[132.082,32.9703],[132.0819,32.9704],[132.0821,32.9705]]],[[[132.0817,32.9706],[132.0816,32.9705],[132.0816,32.9706],[132.0817,32.9706]]],[[[132.101,32.9712],[132.101,32.9702],[132.1005,32.9703],[132.101,32.9712]]],[[[132.0822,32.9708],[132.0826,32.9711],[132.0827,32.9707],[132.0822,32.9708]]],[[[132.0815,32.971],[132.0815,32.9709],[132.0814,32.9709],[132.0815,32.971]]],[[[132.0812,32.9709],[132.0813,32.971],[132.0813,32.971],[132.0812,32.9709]]],[[[132.0992,32.9712],[132.0993,32.9711],[132.0991,32.9712],[132.0992,32.9712]]],[[[132.0989,32.9712],[132.099,32.9712],[132.0989,32.9712],[132.0989,32.9712]]],[[[132.0987,32.9718],[132.1001,32.9713],[132.0986,32.9716],[132.0987,32.9718]]],[[[132.0802,32.9736],[132.08,32.9736],[132.0801,32.9736],[132.0802,32.9736]]],[[[132.0785,32.9746],[132.0785,32.9747],[132.0786,32.9747],[132.0785,32.9746]]],[[[132.0769,32.9754],[132.0768,32.9753],[132.0767,32.9754],[132.0769,32.9754]]],[[[132.0772,32.9753],[132.0771,32.9754],[132.0772,32.9754],[132.0772,32.9753]]],[[[132.0761,32.9764],[132.0758,32.9763],[132.0761,32.9764],[132.0761,32.9764]]],[[[132.0759,32.9765],[132.0758,32.9764],[132.0758,32.9765],[132.0759,32.9765]]],[[[132.075,32.9778],[132.075,32.9777],[132.0749,32.9778],[132.075,32.9778]]],[[[132.075,32.9779],[132.075,32.9779],[132.0749,32.9779],[132.075,32.9779]]],[[[132.0752,32.9779],[132.0752,32.978],[132.0752,32.9779],[132.0752,32.9779]]],[[[132.0746,32.9786],[132.0745,32.9786],[132.0746,32.9786],[132.0746,32.9786]]],[[[132.0748,32.9786],[132.0748,32.9787],[132.0749,32.9787],[132.0748,32.9786]]],[[[132.0751,32.9793],[132.072,32.9789],[132.0706,32.9799],[132.0734,32.9803],[132.0751,32.9793]]],[[[132.0699,32.982],[132.0702,32.9822],[132.0702,32.9821],[132.0699,32.982]]],[[[132.07,32.9827],[132.0701,32.9826],[132.07,32.9826],[132.07,32.9827]]],[[[132.07,32.9828],[132.0699,32.9828],[132.07,32.9829],[132.07,32.9828]]],[[[132.0696,32.983],[132.0694,32.9828],[132.0693,32.983],[132.0696,32.983]]],[[[132.0705,32.983],[132.0705,32.9831],[132.0706,32.9831],[132.0705,32.983]]],[[[132.0697,32.9839],[132.0697,32.984],[132.0697,32.984],[132.0697,32.9839]]],[[[132.0689,32.9833],[132.066,32.984],[132.0698,32.9845],[132.0701,32.9855],[132.0704,32.985],[132.0689,32.9833]]],[[[132.0701,32.986],[132.0699,32.9859],[132.0699,32.986],[132.0701,32.986]]],[[[132.1773,33.0427],[132.1772,33.0428],[132.1773,33.0428],[132.1773,33.0427]]],[[[132.177,33.0444],[132.1768,33.0431],[132.1765,33.0432],[132.177,33.0444]]],[[[132.1772,33.0438],[132.1772,33.0443],[132.1774,33.0437],[132.1772,33.0438]]],[[[132.1773,33.0444],[132.1773,33.0444],[132.1773,33.0444],[132.1773,33.0444]]],[[[132.1772,33.0444],[132.1771,33.0444],[132.1772,33.0444],[132.1772,33.0444]]]]}},{"type":"Feature","properties":{"code":"44206","name":"臼杵市","pref_code":"44","pref":"大分県"},"geometry":{"type":"MultiPolygon","coordinates":[[[[131.8335,33.1766],[131.8322,33.1756],[131.834,33.1767],[131.8326,33.1748],[131.8309,33.1754],[131.8294,33.1745],[131.8287,33.1698],[131.8266,33.17],[131.8255,33.1692],[131.8259,33.1673],[131.8234,33.1663],[131.8248,33.1651],[131.8222,33.163],[131.8217,33.1606],[131.8223,33.1597],[131.8233,33.1602],[131.821,33.1578],[131.8219,33.1567],[131.8213,33.156],[131.8213,33.1555],[131.8217,33.1543],[131.8226,33.1562],[131.8257,33.1545],[131.8251,33.1564],[131.8267,33.1597],[131.8275,33.1596],[131.8284,33.1617],[131.8289,33.1615],[131.8275,33.1562],[131.8281,33.1542],[131.8269,33.1521],[131.8286,33.1501],[131.8246,33.1493],[131.8233,33.1479],[131.8215,33.1486],[131.819,33.1467],[131.8201,33.1449],[131.8176,33.1445],[131.8156,33.1414],[131.8159,33.1431],[131.8148,33.1412],[131.8126,33.1412],[131.8106,33.1379],[131.8109,33.136],[131.8104,33.1377],[131.8108,33.1386],[131.8094,33.1383],[131.8102,33.138],[131.8102,33.1345],[131.8067,33.1314],[131.8071,33.1309],[131.8063,33.1299],[131.8056,33.1309],[131.8049,33.1297],[131.8017,33.1298],[131.7984,33.1272],[131.8,33.1252],[131.806,33.1271],[131.8083,33.1273],[131.8132,33.1274],[131.8108,33.1273],[131.812,33.1235],[131.8105,33.1233],[131.8107,33.1217],[131.8092,33.1212],[131.8124,33.1213],[131.8125,33.1221],[131.8134,33.1214],[131.8148,33.1225],[131.8145,33.1236],[131.8144,33.1239],[131.814,33.1248],[131.814,33.1248],[131.8148,33.1275],[131.8141,33.1248],[131.815,33.1227],[131.8194,33.122],[131.8182,33.1241],[131.8196,33.1222],[131.8215,33.1232],[131.8229,33.1221],[131.8253,33.1223],[131.826,33.1211],[131.8259,33.1221],[131.8278,33.1215],[131.8277,33.1227],[131.8255,33.1226],[131.8252,33.1227],[131.8299,33.1239],[131.8302,33.1261],[131.8312,33.1266],[131.8332,33.125],[131.8389,33.1237],[131.8356,33.1186],[131.8408,33.1172],[131.8427,33.1152],[131.8411,33.1152],[131.8434,33.1144],[131.8454,33.116],[131.8458,33.115],[131.8467,33.117],[131.845,33.1165],[131.8469,33.1181],[131.8517,33.1183],[131.8565,33.1204],[131.8564,33.1224],[131.8579,33.1224],[131.8579,33.1237],[131.8597,33.1234],[131.8587,33.1251],[131.8617,33.128],[131.8632,33.1279],[131.863,33.1266],[131.8646,33.1266],[131.8653,33.1253],[131.8672,33.1253],[131.8675,33.1264],[131.8655,33.1283],[131.8699,33.1314],[131.8714,33.1315],[131.8719,33.1301],[131.878,33.1307],[131.8749,33.1261],[131.8747,33.1243],[131.8763,33.1232],[131.8744,33.1237],[131.8758,33.1226],[131.8768,33.1225],[131.8798,33.1234],[131.8804,33.122],[131.8835,33.122],[131.8858,33.1238],[131.8834,33.1233],[131.8855,33.1244],[131.8863,33.1277],[131.8885,33.1245],[131.8928,33.1246],[131.8921,33.125],[131.8969,33.1277],[131.8971,33.1308],[131.8993,33.1322],[131.8987,33.1357],[131.9,33.1341],[131.9013,33.1345],[131.901,33.1334],[131.9025,33.1317],[131.9008,33.132],[131.8996,33.1306],[131.8994,33.1292],[131.9012,33.1286],[131.9013,33.1274],[131.9024,33.1272],[131.9018,33.128],[131.903,33.1285],[131.9022,33.1287],[131.9017,33.129],[131.9043,33.1282],[131.9046,33.1284],[131.9067,33.1261],[131.9109,33.1266],[131.9116,33.1243],[131.9053,33.1221],[131.8988,33.1221],[131.8961,33.1198],[131.8915,33.1182],[131.891,33.1163],[131.8839,33.1151],[131.8814,33.1158],[131.8802,33.1148],[131.877,33.1161],[131.8726,33.1149],[131.8643,33.1076],[131.8519,33.1031],[131.8397,33.1037],[131.834,33.1016],[131.8307,33.1022],[131.8268,33.1],[131.8268,33.0946],[131.8231,33.0937],[131.8186,33.0941],[131.8155,33.0909],[131.8126,33.0899],[131.8078,33.0909],[131.8058,33.089],[131.8051,33.0863],[131.7988,33.0811],[131.7903,33.0793],[131.7825,33.0729],[131.7836,33.0646],[131.7872,33.0606],[131.7879,33.0573],[131.7899,33.0579],[131.8006,33.056],[131.8038,33.057],[131.8063,33.0564],[131.8071,33.0546],[131.8001,33.054],[131.7985,33.053],[131.7966,33.0498],[131.7977,33.0464],[131.7912,33.0413],[131.7914,33.0396],[131.7896,33.038],[131.7899,33.0321],[131.7925,33.0266],[131.7851,33.0223],[131.7845,33.0211],[131.7854,33.0199],[131.784,33.0166],[131.7849,33.0151],[131.7817,33.0146],[131.7805,33.0129],[131.7813,33.0107],[131.7801,33.0088],[131.7759,33.0063],[131.7744,33.0034],[131.7774,32.9987],[131.7749,32.9958],[131.7745,32.9945],[131.7756,32.9928],[131.7748,32.9919],[131.7774,32.9905],[131.7781,32.9883],[131.7797,32.9873],[131.7822,32.9787],[131.7765,32.9789],[131.7743,32.9761],[131.7719,32.9758],[131.7688,32.9723],[131.7662,32.9723],[131.7627,32.97],[131.761,32.9701],[131.7582,32.9674],[131.7546,32.9705],[131.7513,32.9718],[131.7462,32.9689],[131.7417,32.9698],[131.7347,32.968],[131.7311,32.9689],[131.7266,32.9683],[131.7225,32.9704],[131.7171,32.9681],[131.7139,32.9693],[131.7078,32.9667],[131.7037,32.9665],[131.7018,32.9654],[131.7012,32.9631],[131.6976,32.9628],[131.6946,32.9595],[131.6954,32.9585],[131.6945,32.9577],[131.6895,32.9584],[131.6872,32.9575],[131.6825,32.9539],[131.683,32.9525],[131.6812,32.9514],[131.6774,32.9523],[131.6708,32.9507],[131.6663,32.9518],[131.6626,32.9578],[131.6592,32.9603],[131.662,32.9635],[131.6609,32.9651],[131.6613,32.9678],[131.659,32.971],[131.6598,32.9726],[131.6579,32.9789],[131.6544,32.9798],[131.6543,32.982],[131.6509,32.9848],[131.6519,32.9865],[131.6475,32.9919],[131.645,32.9977],[131.6437,32.9979],[131.6438,33.0016],[131.6387,33.0049],[131.6328,33.0054],[131.6321,33.0077],[131.6353,33.0102],[131.6338,33.0127],[131.6309,33.0124],[131.6286,33.014],[131.633,33.0151],[131.6317,33.0186],[131.6339,33.0241],[131.6317,33.0255],[131.6362,33.0307],[131.6366,33.0322],[131.6348,33.034],[131.6373,33.0351],[131.6405,33.0345],[131.6465,33.031],[131.6499,33.034],[131.6532,33.0356],[131.6555,33.0347],[131.6563,33.0365],[131.6587,33.0371],[131.6584,33.0397],[131.6609,33.0443],[131.6607,33.0483],[131.6483,33.057],[131.6523,33.0584],[131.6529,33.0598],[131.6534,33.065],[131.6543,33.0653],[131.6535,33.0664],[131.6546,33.0675],[131.654,33.0692],[131.6563,33.0682],[131.6593,33.0701],[131.6573,33.0723],[131.6608,33.0787],[131.6637,33.0781],[131.6644,33.0797],[131.6694,33.0816],[131.6717,33.0844],[131.6769,33.0857],[131.6785,33.0859],[131.6835,33.0818],[131.6866,33.0828],[131.6935,33.0762],[131.6975,33.0764],[131.6983,33.0777],[131.7022,33.0765],[131.7063,33.0778],[131.7061,33.0823],[131.7043,33.0851],[131.7048,33.0892],[131.704,33.092],[131.7076,33.0969],[131.7138,33.102],[131.7101,33.1074],[131.7124,33.11],[131.7153,33.1112],[131.7145,33.1131],[131.712,33.1129],[131.712,33.1147],[131.716,33.1211],[131.7179,33.1268],[131.7199,33.1282],[131.7197,33.1303],[131.7166,33.1322],[131.7159,33.1352],[131.7206,33.1379],[131.721,33.1424],[131.7244,33.1484],[131.7229,33.1515],[131.7191,33.1531],[131.7181,33.1552],[131.7237,33.1629],[131.7263,33.1642],[131.7286,33.1709],[131.7365,33.1769],[131.7445,33.1724],[131.7478,33.1747],[131.7505,33.1751],[131.7555,33.1822],[131.7595,33.1815],[131.7635,33.1822],[131.7655,33.184],[131.7682,33.1838],[131.7704,33.1852],[131.7743,33.1856],[131.7754,33.1873],[131.7787,33.1863],[131.7813,33.1872],[131.7844,33.1905],[131.7909,33.1925],[131.7949,33.1899],[131.7973,33.1902],[131.8017,33.1952],[131.8136,33.1997],[131.8221,33.2005],[131.8223,33.2023],[131.8264,33.205],[131.8291,33.2047],[131.8385,33.2075],[131.8456,33.1985],[131.8479,33.1925],[131.8475,33.19],[131.8491,33.1883],[131.8459,33.1888],[131.8421,33.1865],[131.8401,33.1872],[131.8384,33.1831],[131.8357,33.183],[131.8329,33.1813],[131.8337,33.1768],[131.8326,33.178],[131.8335,33.1766]]],[[[131.8237,33.1226],[131.8236,33.1228],[131.8239,33.1228],[131.8237,33.1226]]],[[[131.814,33.1237],[131.814,33.1238],[131.8144,33.1239],[131.814,33.1237]]],[[[131.8181,33.1241],[131.8181,33.1243],[131.8182,33.1243],[131.8181,33.1241]]],[[[131.8182,33.125],[131.8183,33.125],[131.8182,33.1246],[131.8182,33.125]]],[[[131.8063,33.1297],[131.8065,33.1297],[131.8065,33.1297],[131.8063,33.1297]]],[[[131.8081,33.1297],[131.8081,33.1297],[131.808,33.1297],[131.8081,33.1297]]],[[[131.8088,33.1297],[131.8082,33.1297],[131.8082,33.1297],[131.8115,33.1298],[131.8088,33.1297]]],[[[131.8077,33.1297],[131.807,33.1297],[131.8072,33.1301],[131.8077,33.1297]]],[[[131.8204,33.1472],[131.8205,33.1472],[131.8205,33.1472],[131.8204,33.1472]]],[[[131.8206,33.1473],[131.8206,33.1473],[131.8206,33.1473],[131.8206,33.1473]]],[[[131.8207,33.1474],[131.8206,33.1474],[131.8206,33.1474],[131.8207,33.1474]]],[[[131.8276,33.1488],[131.8279,33.1488],[131.8279,33.1484],[131.8276,33.1488]]],[[[131.8286,33.1501],[131.8287,33.15],[131.8286,33.15],[131.8286,33.1501]]],[[[131.8277,33.1559],[131.8276,33.1559],[131.8277,33.156],[131.8277,33.1559]]],[[[131.8286,33.1579],[131.8284,33.1579],[131.8285,33.1579],[131.8286,33.1579]]],[[[131.8287,33.1581],[131.8287,33.1581],[131.8286,33.1581],[131.8287,33.1581]]],[[[131.8233,33.1633],[131.8232,33.1634],[131.8232,33.1634],[131.8233,33.1633]]],[[[131.8295,33.172],[131.8295,33.172],[131.8294,33.1721],[131.8295,33.172]]],[[[131.8312,33.1733],[131.8305,33.1729],[131.8309,33.1731],[131.8312,33.1733]]],[[[131.8315,33.1736],[131.8322,33.1741],[131.832,33.1739],[131.8315,33.1736]]],[[[131.834,33.1814],[131.8339,33.1813],[131.8339,33.1813],[131.834,33.1814]]],[[[131.8433,33.1633],[131.8427,33.1635],[131.8428,33.1639],[131.8433,33.1633]]],[[[131.8411,33.1652],[131.8411,33.1652],[131.841,33.1651],[131.8411,33.1652]]],[[[131.8417,33.1648],[131.8413,33.1651],[131.8413,33.1657],[131.8417,33.1648]]],[[[131.8408,33.1678],[131.84,33.1673],[131.8399,33.168],[131.8408,33.1678]]],[[[131.8396,33.1765],[131.8397,33.1765],[131.8396,33.1765],[131.8396,33.1765]]],[[[131.8393,33.1772],[131.8384,33.1752],[131.8353,33.1776],[131.8356,33.1786],[131.8393,33.1772]]],[[[131.8392,33.1775],[131.8393,33.1775],[131.8393,33.1775],[131.8392,33.1775]]],[[[131.8389,33.1783],[131.839,33.1783],[131.839,33.1783],[131.8389,33.1783]]],[[[131.8384,33.1784],[131.8384,33.1785],[131.8386,33.1784],[131.8384,33.1784]]],[[[131.8371,33.1785],[131.8372,33.1784],[131.8371,33.1784],[131.8371,33.1785]]],[[[131.837,33.1786],[131.8369,33.1786],[131.837,33.1786],[131.837,33.1786]]],[[[131.8364,33.1787],[131.8365,33.1787],[131.8364,33.1786],[131.8364,33.1787]]],[[[131.8343,33.1815],[131.834,33.1815],[131.834,33.1816],[131.8343,33.1815]]],[[[131.8345,33.1818],[131.8344,33.1818],[131.8344,33.1818],[131.8345,33.1818]]],[[[131.8347,33.182],[131.8346,33.182],[131.8345,33.182],[131.8347,33.182]]],[[[131.837,33.1823],[131.837,33.1823],[131.837,33.1823],[131.837,33.1823]]],[[[131.8385,33.1825],[131.8385,33.1824],[131.8385,33.1825],[131.8385,33.1825]]],[[[131.838,33.1828],[131.8381,33.1827],[131.838,33.1827],[131.838,33.1828]]],[[[131.8478,33.1878],[131.8478,33.1878],[131.8478,33.1878],[131.8478,33.1878]]],[[[131.8476,33.1879],[131.8476,33.1878],[131.8476,33.1879],[131.8476,33.1879]]],[[[131.8478,33.1878],[131.8478,33.1879],[131.8478,33.1879],[131.8478,33.1878]]],[[[131.8481,33.1879],[131.8481,33.1879],[131.8481,33.1879],[131.8481,33.1879]]],[[[131.8823,33.1221],[131.8821,33.1221],[131.8821,33.1222],[131.8823,33.1221]]],[[[131.8765,33.1225],[131.8765,33.1225],[131.8765,33.1226],[131.8765,33.1225]]],[[[131.8758,33.1227],[131.8757,33.1227],[131.8757,33.1227],[131.8758,33.1227]]],[[[131.8772,33.123],[131.8771,33.123],[131.8771,33.123],[131.8772,33.123]]],[[[131.878,33.123],[131.878,33.123],[131.878,33.123],[131.878,33.123]]],[[[131.8801,33.1233],[131.8801,33.1233],[131.88,33.1233],[131.8801,33.1233]]],[[[131.8759,33.1264],[131.8758,33.1264],[131.8758,33.1265],[131.8759,33.1264]]],[[[131.8865,33.1277],[131.8865,33.1278],[131.8865,33.1278],[131.8865,33.1277]]],[[[131.8865,33.128],[131.8865,33.1278],[131.8864,33.1279],[131.8865,33.128]]],[[[131.9049,33.1283],[131.9049,33.1283],[131.9048,33.1283],[131.9049,33.1283]]],[[[131.9043,33.1283],[131.9042,33.1283],[131.9042,33.1283],[131.9043,33.1283]]],[[[131.9045,33.1284],[131.9044,33.1285],[131.9045,33.1285],[131.9045,33.1284]]],[[[131.8778,33.131],[131.8777,33.1309],[131.8775,33.131],[131.8778,33.131]]],[[[131.8983,33.1359],[131.8984,33.1357],[131.8983,33.1357],[131.8983,33.1359]]],[[[131.8593,33.1388],[131.8593,33.1388],[131.8593,33.1389],[131.8593,33.1388]]],[[[131.8579,33.1397],[131.8579,33.1396],[131.8578,33.1396],[131.8579,33.1397]]],[[[131.8578,33.1429],[131.8618,33.1435],[131.8635,33.1427],[131.8614,33.1398],[131.859,33.139],[131.8579,33.1399],[131.8569,33.1403],[131.8578,33.1429]]],[[[131.8638,33.143],[131.8637,33.1428],[131.8635,33.1429],[131.8638,33.143]]],[[[131.8485,33.1878],[131.8485,33.1877],[131.8484,33.1877],[131.8485,33.1878]]],[[[131.8487,33.1879],[131.8487,33.1879],[131.8487,33.1879],[131.8487,33.1879]]]]}},{"type":"Feature","properties":{"code":"44207","name":"津久見市","pref_code":"44","pref":"大分県"},"geometry":{"type":"MultiPolygon","coordinates":[[[[131.9196,33.0714],[131.9197,33.0713],[131.9196,33.0714],[131.9196,33.0714]]],[[[131.9138,33.0738],[131.9138,33.0738],[131.9138,33.0738],[131.9138,33.0738]]],[[[131.8999,33.0766],[131.8999,33.0765],[131.8999,33.0765],[131.8999,33.0766]]],[[[131.8993,33.0766],[131.8994,33.0767],[131.8993,33.0766],[131.8993,33.0766]]],[[[131.8997,33.0767],[131.8997,33.0767],[131.8997,33.0767],[131.8997,33.0767]]],[[[131.8997,33.0767],[131.8997,33.0767],[131.8997,33.0767],[131.8997,33.0767]]],[[[131.9134,33.077],[131.9133,33.0769],[131.9133,33.0769],[131.9134,33.077]]],[[[131.8953,33.0769],[131.8953,33.0769],[131.8953,33.077],[131.8953,33.0769]]],[[[131.9133,33.0769],[131.9133,33.077],[131.9133,33.077],[131.9133,33.0769]]],[[[131.8955,33.077],[131.8953,33.0769],[131.8955,33.077],[131.8955,33.077]]],[[[131.896,33.077],[131.8959,33.077],[131.8959,33.077],[131.896,33.077]]],[[[131.9124,33.1272],[131.9155,33.1254],[131.9144,33.1229],[131.9047,33.1201],[131.8983,33.1154],[131.8976,33.1164],[131.8972,33.1148],[131.901,33.1101],[131.8975,33.1103],[131.8956,33.1072],[131.8935,33.107],[131.892,33.1075],[131.8914,33.107],[131.8903,33.1074],[131.8918,33.1074],[131.8882,33.1089],[131.8874,33.1077],[131.8861,33.1081],[131.8876,33.1083],[131.8863,33.1084],[131.8866,33.1098],[131.8851,33.1107],[131.8826,33.1084],[131.8801,33.1093],[131.8785,33.1064],[131.8762,33.1061],[131.8758,33.1042],[131.8761,33.1031],[131.8779,33.103],[131.8789,33.1035],[131.8803,33.1036],[131.8807,33.1033],[131.8767,33.1001],[131.8743,33.1002],[131.8736,33.0985],[131.8684,33.0962],[131.8693,33.0905],[131.8677,33.0905],[131.8665,33.0919],[131.8636,33.0894],[131.8608,33.0918],[131.8584,33.0896],[131.8553,33.0908],[131.8563,33.0891],[131.8526,33.0888],[131.8573,33.0846],[131.8681,33.0834],[131.8659,33.0829],[131.8671,33.0826],[131.8616,33.083],[131.8604,33.0796],[131.8586,33.0791],[131.8589,33.0774],[131.8598,33.0773],[131.8596,33.0787],[131.8605,33.0788],[131.8614,33.0774],[131.8663,33.0766],[131.866,33.0787],[131.8681,33.0763],[131.8747,33.0786],[131.88,33.0768],[131.8858,33.0728],[131.8887,33.0751],[131.8877,33.0745],[131.8812,33.078],[131.8834,33.0801],[131.8835,33.0823],[131.8824,33.0825],[131.8818,33.0804],[131.8818,33.0829],[131.8845,33.0832],[131.885,33.0843],[131.894,33.0786],[131.8947,33.0767],[131.8971,33.0757],[131.8982,33.0769],[131.8989,33.0765],[131.8998,33.0766],[131.8998,33.0767],[131.8998,33.076],[131.9,33.0758],[131.9018,33.0753],[131.9045,33.0773],[131.9072,33.0815],[131.9101,33.0826],[131.9114,33.0817],[131.9103,33.0783],[131.9134,33.0768],[131.9121,33.0748],[131.9138,33.0737],[131.9105,33.069],[131.9121,33.0678],[131.91,33.0683],[131.9126,33.0665],[131.9158,33.0678],[131.9161,33.0669],[131.9177,33.0671],[131.9156,33.0683],[131.9187,33.069],[131.9201,33.0711],[131.9195,33.0693],[131.9216,33.0667],[131.9239,33.066],[131.9261,33.067],[131.925,33.0658],[131.9284,33.0678],[131.9293,33.0674],[131.9295,33.0688],[131.9289,33.0712],[131.9238,33.0727],[131.9238,33.0744],[131.9271,33.0752],[131.9266,33.0761],[131.9279,33.0768],[131.9292,33.0742],[131.9327,33.0745],[131.9326,33.0756],[131.9318,33.075],[131.9326,33.0757],[131.9319,33.0779],[131.9349,33.0832],[131.934,33.084],[131.9343,33.0863],[131.9316,33.0868],[131.9323,33.088],[131.9321,33.0896],[131.9308,33.0898],[131.9314,33.0908],[131.9295,33.0907],[131.9303,33.0897],[131.9296,33.0901],[131.9289,33.0918],[131.9409,33.0969],[131.9422,33.0954],[131.9376,33.093],[131.9362,33.0885],[131.9379,33.0872],[131.9383,33.0852],[131.9367,33.0826],[131.9373,33.0813],[131.9423,33.0812],[131.9397,33.079],[131.9394,33.0764],[131.9408,33.0741],[131.9437,33.0734],[131.943,33.0695],[131.9467,33.0691],[131.948,33.0663],[131.9533,33.0662],[131.9549,33.0673],[131.9543,33.0681],[131.9537,33.0673],[131.955,33.0698],[131.9536,33.0704],[131.9535,33.0695],[131.9524,33.0707],[131.9551,33.0707],[131.9561,33.0726],[131.9632,33.0724],[131.9663,33.0734],[131.9662,33.0716],[131.9691,33.0718],[131.9682,33.0693],[131.9683,33.0708],[131.9674,33.0708],[131.9678,33.0694],[131.9661,33.0685],[131.9684,33.067],[131.9659,33.0654],[131.9666,33.0644],[131.9679,33.0645],[131.9674,33.0653],[131.969,33.0644],[131.9686,33.0633],[131.9701,33.0624],[131.9685,33.0624],[131.9711,33.0615],[131.9746,33.0625],[131.9744,33.0647],[131.9758,33.0671],[131.9773,33.0674],[131.9806,33.0654],[131.9818,33.0667],[131.989,33.0684],[131.9891,33.0695],[131.9888,33.0695],[131.9885,33.0689],[131.988,33.0687],[131.9893,33.0713],[131.9889,33.0738],[131.9876,33.0746],[131.9876,33.0737],[131.9873,33.0754],[131.9876,33.0762],[131.9848,33.0793],[131.9869,33.0817],[131.988,33.0816],[131.9892,33.0863],[131.9885,33.0856],[131.9884,33.0875],[131.9861,33.088],[131.9883,33.0913],[131.9937,33.0912],[131.9945,33.0939],[131.9979,33.0934],[131.9991,33.0956],[131.9989,33.0958],[131.9998,33.0955],[132.0011,33.0967],[132.0004,33.0957],[132.0012,33.0964],[132.0028,33.0962],[131.997,33.0874],[131.9954,33.0808],[131.9963,33.0784],[131.9968,33.0802],[131.9994,33.0765],[132.0014,33.0766],[132.0007,33.0756],[132.0029,33.0727],[132.0029,33.0702],[131.9958,33.0659],[131.9877,33.064],[131.9871,33.0602],[131.9795,33.0573],[131.9777,33.055],[131.9726,33.0535],[131.9677,33.0545],[131.9646,33.0585],[131.9576,33.0616],[131.9504,33.0583],[131.9486,33.0593],[131.946,33.0587],[131.9443,33.0623],[131.939,33.0629],[131.9372,33.0645],[131.9291,33.0626],[131.9183,33.0567],[131.9164,33.0575],[131.9142,33.0563],[131.9115,33.0573],[131.9047,33.0552],[131.8995,33.0516],[131.8967,33.0478],[131.8896,33.0416],[131.8883,33.043],[131.8764,33.0404],[131.8746,33.0415],[131.8678,33.0418],[131.8667,33.0434],[131.8646,33.0436],[131.857,33.0411],[131.855,33.042],[131.851,33.0417],[131.846,33.0391],[131.8423,33.0394],[131.8399,33.0381],[131.8379,33.0395],[131.8344,33.0395],[131.8286,33.0347],[131.8278,33.0327],[131.8219,33.029],[131.8149,33.0331],[131.8099,33.0316],[131.8041,33.0324],[131.7972,33.0353],[131.79,33.0344],[131.7896,33.038],[131.7914,33.0396],[131.7912,33.0413],[131.7977,33.0465],[131.7966,33.0497],[131.7985,33.053],[131.8071,33.0548],[131.8063,33.0564],[131.8038,33.057],[131.8006,33.056],[131.7899,33.0579],[131.7879,33.0573],[131.7872,33.0606],[131.7836,33.0646],[131.7824,33.0713],[131.7824,33.0727],[131.7866,33.0769],[131.7903,33.0793],[131.7988,33.0811],[131.8051,33.0863],[131.8058,33.089],[131.8078,33.0909],[131.8126,33.0899],[131.8155,33.0909],[131.8186,33.0941],[131.8231,33.0937],[131.8268,33.0946],[131.8268,33.1],[131.8307,33.1022],[131.834,33.1016],[131.8397,33.1037],[131.8446,33.1028],[131.8472,33.1037],[131.85,33.1026],[131.8569,33.1055],[131.8584,33.1051],[131.8643,33.1076],[131.8726,33.1149],[131.877,33.1161],[131.8802,33.1148],[131.8814,33.1158],[131.8839,33.1151],[131.891,33.1163],[131.8915,33.1182],[131.8961,33.1198],[131.8988,33.1221],[131.9053,33.1221],[131.9115,33.1242],[131.9109,33.1266],[131.9124,33.1272]]],[[[131.8637,33.0792],[131.8643,33.0784],[131.8656,33.0782],[131.8641,33.0784],[131.8639,33.0787],[131.8637,33.0792]]],[[[131.9069,33.082],[131.9072,33.0819],[131.907,33.0818],[131.9069,33.082]]],[[[131.882,33.0835],[131.882,33.0834],[131.882,33.0834],[131.882,33.0835]]],[[[131.9088,33.0838],[131.9089,33.0838],[131.9088,33.0837],[131.9088,33.0838]]],[[[131.9091,33.084],[131.909,33.0839],[131.9089,33.0838],[131.9091,33.084]]],[[[131.9091,33.0841],[131.9091,33.0842],[131.9091,33.0842],[131.9091,33.0841]]],[[[131.8863,33.0846],[131.8864,33.0844],[131.8862,33.0844],[131.8863,33.0846]]],[[[131.8871,33.0851],[131.8871,33.085],[131.8871,33.085],[131.8871,33.0851]]],[[[131.9288,33.0858],[131.9289,33.0857],[131.9287,33.0857],[131.9288,33.0858]]],[[[131.9305,33.0865],[131.93,33.086],[131.9299,33.0863],[131.9305,33.0865]]],[[[131.8848,33.0849],[131.8835,33.0877],[131.8849,33.085],[131.8848,33.0849]]],[[[131.9306,33.0868],[131.9304,33.0869],[131.9307,33.0868],[131.9306,33.0868]]],[[[131.9371,33.0955],[131.9375,33.0955],[131.9371,33.0955],[131.9371,33.0955]]],[[[131.9398,33.0974],[131.9398,33.0972],[131.9397,33.0973],[131.9398,33.0974]]],[[[131.8942,33.1054],[131.8937,33.1046],[131.8959,33.1016],[131.8932,33.1004],[131.8919,33.1009],[131.8916,33.1034],[131.8942,33.1054]]],[[[131.877,33.1032],[131.8771,33.1043],[131.8771,33.1031],[131.877,33.1032]]],[[[131.8871,33.1069],[131.8861,33.1069],[131.8867,33.1074],[131.8871,33.1069]]],[[[131.9055,33.1074],[131.9053,33.1075],[131.9056,33.1075],[131.9055,33.1074]]],[[[131.887,33.1074],[131.8874,33.1076],[131.8871,33.1073],[131.887,33.1074]]],[[[131.939,33.1087],[131.9394,33.1091],[131.9395,33.109],[131.939,33.1087]]],[[[131.8978,33.1094],[131.8979,33.1092],[131.8977,33.1093],[131.8978,33.1094]]],[[[131.9054,33.1177],[131.9054,33.1177],[131.9054,33.1177],[131.9054,33.1177]]],[[[131.9053,33.118],[131.9053,33.1178],[131.9052,33.1178],[131.9053,33.118]]],[[[131.9153,33.1238],[131.9153,33.1237],[131.9152,33.1237],[131.9153,33.1238]]],[[[131.9155,33.1244],[131.9154,33.1244],[131.9155,33.1244],[131.9155,33.1244]]],[[[131.9144,33.127],[131.9141,33.1271],[131.9144,33.1271],[131.9144,33.127]]],[[[131.9692,33.0676],[131.9691,33.0671],[131.9689,33.0673],[131.9692,33.0676]]],[[[131.9434,33.0709],[131.9437,33.0705],[131.9434,33.0709],[131.9434,33.0709]]],[[[131.9437,33.0719],[131.9436,33.0718],[131.9436,33.0719],[131.9437,33.0719]]],[[[131.9569,33.0751],[131.9576,33.0745],[131.9566,33.0748],[131.9569,33.0751]]],[[[131.9815,33.0771],[131.9823,33.0776],[131.9833,33.0771],[131.9828,33.0768],[131.9815,33.0771]]],[[[131.9714,33.1551],[131.9714,33.155],[131.9713,33.1551],[131.9714,33.1551]]],[[[131.9768,33.1552],[131.9767,33.1551],[131.9767,33.1552],[131.9768,33.1552]]],[[[131.9769,33.1553],[131.9769,33.1554],[131.9769,33.1554],[131.9769,33.1553]]],[[[131.9701,33.1558],[131.9701,33.1559],[131.9702,33.1558],[131.9701,33.1558]]],[[[131.97,33.156],[131.97,33.1559],[131.97,33.156],[131.97,33.156]]],[[[131.9706,33.1568],[131.9706,33.1567],[131.9706,33.1568],[131.9706,33.1568]]],[[[131.971,33.1576],[131.9709,33.1576],[131.9709,33.1576],[131.971,33.1576]]],[[[131.9797,33.1608],[131.9811,33.1587],[131.9794,33.1563],[131.9766,33.1553],[131.9702,33.1557],[131.9717,33.1579],[131.9778,33.1593],[131.9797,33.1608]]],[[[131.9808,33.1596],[131.9808,33.1596],[131.9809,33.1596],[131.9808,33.1596]]],[[[131.9809,33.1597],[131.9809,33.1598],[131.9809,33.1598],[131.9809,33.1597]]],[[[131.9808,33.1598],[131.9807,33.1598],[131.9808,33.1598],[131.9808,33.1598]]],[[[131.9807,33.16],[131.9806,33.1599],[131.9806,33.16],[131.9807,33.16]]],[[[131.9767,33.1598],[131.9778,33.1601],[131.9778,33.16],[131.9767,33.1598]]],[[[131.9808,33.1601],[131.9808,33.16],[131.9808,33.1601],[131.9808,33.1601]]],[[[131.9808,33.1603],[131.9808,33.1602],[131.9808,33.1602],[131.9808,33.1603]]],[[[131.9807,33.1603],[131.9807,33.1604],[131.9808,33.1604],[131.9807,33.1603]]],[[[131.9809,33.1604],[131.9808,33.1605],[131.9809,33.1604],[131.9809,33.1604]]],[[[131.9811,33.1604],[131.9811,33.1605],[131.9811,33.1605],[131.9811,33.1604]]],[[[131.981,33.1605],[131.981,33.1605],[131.981,33.1605],[131.981,33.1605]]],[[[131.9806,33.1605],[131.9805,33.1605],[131.9805,33.1605],[131.9806,33.1605]]],[[[131.9803,33.1606],[131.9804,33.1606],[131.9804,33.1606],[131.9803,33.1606]]],[[[131.9797,33.1612],[131.9796,33.1612],[131.9797,33.1612],[131.9797,33.1612]]],[[[131.9795,33.1613],[131.9794,33.1612],[131.9794,33.1613],[131.9795,33.1613]]],[[[131.9796,33.1614],[131.9797,33.1613],[131.9796,33.1613],[131.9796,33.1614]]],[[[131.9805,33.1621],[131.9805,33.162],[131.9805,33.1621],[131.9805,33.1621]]],[[[131.9809,33.1621],[131.981,33.1621],[131.981,33.1621],[131.9809,33.1621]]],[[[131.9812,33.1622],[131.9812,33.1623],[131.9812,33.1623],[131.9812,33.1622]]],[[[131.9809,33.1623],[131.9808,33.1622],[131.9807,33.1623],[131.9809,33.1623]]],[[[131.9799,33.1625],[131.9798,33.1624],[131.9798,33.1624],[131.9799,33.1625]]],[[[131.98,33.1626],[131.9799,33.1625],[131.9799,33.1626],[131.98,33.1626]]],[[[131.9827,33.1635],[131.9826,33.1633],[131.9826,33.1634],[131.9827,33.1635]]],[[[131.9824,33.1636],[131.9824,33.1635],[131.9823,33.1636],[131.9824,33.1636]]],[[[131.9813,33.165],[131.9813,33.1651],[131.9813,33.165],[131.9813,33.165]]],[[[131.9848,33.08],[131.9847,33.0802],[131.9849,33.0801],[131.9848,33.08]]],[[[131.986,33.0879],[131.9859,33.0878],[131.9859,33.0879],[131.986,33.0879]]],[[[131.9866,33.0892],[131.9866,33.0892],[131.9867,33.0892],[131.9866,33.0892]]],[[[131.9868,33.0894],[131.9867,33.0894],[131.9867,33.0894],[131.9868,33.0894]]],[[[131.9868,33.0922],[131.9862,33.0915],[131.986,33.092],[131.9868,33.0922]]],[[[131.9913,33.1624],[131.9913,33.1623],[131.9912,33.1624],[131.9913,33.1624]]],[[[131.9909,33.1626],[131.9909,33.1625],[131.9909,33.1626],[131.9909,33.1626]]],[[[131.9912,33.1627],[131.9911,33.1626],[131.9911,33.1627],[131.9912,33.1627]]],[[[131.983,33.163],[131.983,33.163],[131.983,33.163],[131.983,33.163]]],[[[131.9829,33.163],[131.9828,33.1631],[131.9828,33.1631],[131.9829,33.163]]],[[[131.9831,33.1631],[131.983,33.1631],[131.983,33.1631],[131.9831,33.1631]]],[[[131.9901,33.1632],[131.99,33.1631],[131.99,33.1632],[131.9901,33.1632]]],[[[131.9829,33.1632],[131.9828,33.1633],[131.9829,33.1633],[131.9829,33.1632]]],[[[131.9831,33.1636],[131.983,33.1637],[131.9831,33.1637],[131.9831,33.1636]]],[[[131.9829,33.1638],[131.9829,33.1637],[131.9828,33.1638],[131.9829,33.1638]]],[[[131.9843,33.1643],[131.9844,33.1643],[131.9843,33.1643],[131.9843,33.1643]]],[[[131.9878,33.1643],[131.9879,33.1644],[131.9879,33.1644],[131.9878,33.1643]]],[[[131.9879,33.1648],[131.9879,33.1649],[131.9879,33.1648],[131.9879,33.1648]]],[[[131.9878,33.1649],[131.9878,33.165],[131.9879,33.1649],[131.9878,33.1649]]],[[[131.9878,33.1652],[131.9877,33.1651],[131.9877,33.1651],[131.9878,33.1652]]],[[[131.9927,33.1711],[131.99,33.1692],[131.9893,33.1678],[131.9901,33.1671],[131.9879,33.1662],[131.9876,33.1656],[131.9877,33.1646],[131.9856,33.1652],[131.9801,33.1626],[131.9832,33.1669],[131.9823,33.1695],[131.9833,33.1704],[131.9927,33.1711]]],[[[131.985,33.171],[131.985,33.171],[131.9851,33.171],[131.985,33.171]]],[[[131.991,33.171],[131.9909,33.1711],[131.991,33.1711],[131.991,33.171]]],[[[131.9898,33.171],[131.9898,33.1711],[131.9898,33.171],[131.9898,33.171]]],[[[131.9878,33.1711],[131.9877,33.1711],[131.9877,33.1712],[131.9878,33.1711]]],[[[131.9903,33.1712],[131.9902,33.1712],[131.9903,33.1712],[131.9903,33.1712]]],[[[131.9882,33.1712],[131.9881,33.1711],[131.9881,33.1712],[131.9882,33.1712]]],[[[131.9883,33.1712],[131.9884,33.1711],[131.9883,33.1711],[131.9883,33.1712]]],[[[131.9913,33.1712],[131.9913,33.1711],[131.9912,33.1712],[131.9913,33.1712]]],[[[131.9911,33.1712],[131.9911,33.1711],[131.991,33.1712],[131.9911,33.1712]]],[[[131.988,33.1712],[131.988,33.1711],[131.988,33.1712],[131.988,33.1712]]],[[[131.99,33.1712],[131.99,33.1712],[131.9899,33.1712],[131.99,33.1712]]],[[[131.9855,33.1712],[131.9855,33.1713],[131.9855,33.1712],[131.9855,33.1712]]],[[[131.9856,33.1712],[131.9856,33.1713],[131.9857,33.1713],[131.9856,33.1712]]],[[[131.9855,33.1713],[131.9854,33.1713],[131.9854,33.1714],[131.9855,33.1713]]],[[[131.9864,33.1713],[131.9863,33.1714],[131.9864,33.1714],[131.9864,33.1713]]],[[[131.9861,33.1714],[131.9861,33.1713],[131.986,33.1714],[131.9861,33.1714]]],[[[131.9856,33.1714],[131.9855,33.1713],[131.9855,33.1714],[131.9856,33.1714]]],[[[132.0015,33.0772],[132.0014,33.0772],[132.0014,33.0772],[132.0015,33.0772]]],[[[131.9971,33.0858],[131.9972,33.0857],[131.9971,33.0858],[131.9971,33.0858]]],[[[131.9979,33.0871],[131.9978,33.0871],[131.9979,33.0871],[131.9979,33.0871]]],[[[131.9989,33.0878],[131.999,33.0877],[131.9988,33.0877],[131.9989,33.0878]]],[[[131.9976,33.0878],[131.9977,33.0879],[131.9978,33.0878],[131.9976,33.0878]]],[[[131.9988,33.0881],[131.9989,33.088],[131.9988,33.088],[131.9988,33.0881]]],[[[132.0004,33.0896],[132.0002,33.0887],[131.9993,33.089],[132.0004,33.0896]]],[[[131.9913,33.0922],[131.9913,33.0921],[131.9913,33.0922],[131.9913,33.0922]]],[[[132.0019,33.0941],[132.002,33.094],[132.0018,33.094],[132.0019,33.0941]]],[[[132.0023,33.0945],[132.0024,33.0944],[132.0022,33.0944],[132.0023,33.0945]]],[[[131.9946,33.0949],[131.9945,33.0949],[131.9946,33.0949],[131.9946,33.0949]]],[[[131.9951,33.095],[131.9948,33.0948],[131.9947,33.0949],[131.9951,33.095]]],[[[131.9987,33.0952],[131.9987,33.0952],[131.9987,33.0952],[131.9987,33.0952]]],[[[131.995,33.0952],[131.9951,33.0952],[131.995,33.0952],[131.995,33.0952]]],[[[131.9985,33.0955],[131.9985,33.0954],[131.9984,33.0954],[131.9985,33.0955]]],[[[131.9988,33.0956],[131.9987,33.0956],[131.9988,33.0956],[131.9988,33.0956]]],[[[131.9994,33.0959],[131.9994,33.0958],[131.9994,33.0958],[131.9994,33.0959]]],[[[131.9996,33.0958],[131.9997,33.0959],[131.9997,33.0959],[131.9996,33.0958]]],[[[132.003,33.096],[132.0031,33.096],[132.003,33.096],[132.003,33.096]]],[[[132.0009,33.0972],[132.0009,33.097],[132.0008,33.0971],[132.0009,33.0972]]],[[[132.0034,33.1006],[132.0027,33.1002],[132.0026,33.1003],[132.0034,33.1006]]],[[[131.9927,33.1618],[131.9927,33.1619],[131.9927,33.1619],[131.9927,33.1618]]],[[[131.9919,33.1626],[131.9921,33.1625],[131.992,33.1625],[131.9919,33.1626]]],[[[131.9916,33.1625],[131.9915,33.1626],[131.9916,33.1626],[131.9916,33.1625]]],[[[131.9918,33.1628],[131.9917,33.1627],[131.9917,33.1628],[131.9918,33.1628]]],[[[131.9923,33.1702],[131.992,33.1699],[131.992,33.17],[131.9923,33.1702]]],[[[131.9923,33.1706],[131.9922,33.1706],[131.9923,33.1706],[131.9923,33.1706]]],[[[131.9929,33.1706],[131.9928,33.1706],[131.9928,33.1706],[131.9929,33.1706]]],[[[131.9926,33.1706],[131.9925,33.1706],[131.9926,33.1706],[131.9926,33.1706]]],[[[131.9948,33.1706],[131.9947,33.1706],[131.9947,33.1707],[131.9948,33.1706]]],[[[131.9936,33.1708],[131.9935,33.1707],[131.9935,33.1707],[131.9936,33.1708]]],[[[131.9924,33.1708],[131.9923,33.1707],[131.9923,33.1708],[131.9924,33.1708]]],[[[131.9947,33.1708],[131.9944,33.1707],[131.9943,33.1708],[131.9947,33.1708]]],[[[131.9929,33.1708],[131.9928,33.1708],[131.9929,33.1708],[131.9929,33.1708]]],[[[131.9928,33.1711],[131.9928,33.1709],[131.9927,33.171],[131.9928,33.1711]]],[[[131.9931,33.1714],[131.9927,33.1713],[131.9928,33.1714],[131.9931,33.1714]]],[[[131.9918,33.1712],[131.9917,33.1712],[131.9917,33.1713],[131.9918,33.1712]]],[[[131.9925,33.1714],[131.9925,33.1713],[131.9925,33.1713],[131.9925,33.1714]]],[[[132.0038,33.0967],[132.0037,33.0967],[132.0037,33.0968],[132.0038,33.0967]]],[[[132.0041,33.0968],[132.0041,33.0967],[132.004,33.0968],[132.0041,33.0968]]],[[[132.0071,33.0993],[132.0072,33.0992],[132.0071,33.0992],[132.0071,33.0993]]],[[[132.0111,33.0997],[132.0114,33.0997],[132.0111,33.0996],[132.0111,33.0997]]],[[[132.0081,33.0998],[132.0081,33.0999],[132.0082,33.0999],[132.0081,33.0998]]],[[[132.008,33.1],[132.0082,33.1],[132.0079,33.0999],[132.008,33.1]]],[[[132.0086,33.1001],[132.0085,33.1],[132.0085,33.1001],[132.0086,33.1001]]],[[[132.01,33.1004],[132.0099,33.1004],[132.0099,33.1004],[132.01,33.1004]]],[[[132.0041,33.1015],[132.0042,33.1014],[132.0034,33.1009],[132.0041,33.1015]]],[[[132.014,33.103],[132.0141,33.1029],[132.0139,33.1029],[132.014,33.103]]],[[[132.0137,33.1029],[132.0137,33.103],[132.0138,33.103],[132.0137,33.1029]]],[[[132.0155,33.1043],[132.0155,33.1041],[132.0154,33.1042],[132.0155,33.1043]]],[[[132.011,33.1116],[132.0121,33.1082],[132.016,33.1075],[132.0165,33.1064],[132.0146,33.1034],[132.013,33.1028],[132.0107,33.1007],[132.0079,33.1001],[132.0064,33.0995],[132.0053,33.0975],[132.0037,33.0971],[132.0029,33.0979],[132.0029,33.0981],[132.0063,33.0998],[132.0024,33.0984],[132.0066,33.1011],[132.0053,33.1037],[132.0071,33.1044],[132.0047,33.1055],[132.005,33.1041],[132.0042,33.1031],[132.0042,33.1091],[132.0081,33.1103],[132.007,33.1096],[132.0078,33.109],[132.0102,33.1107],[132.0087,33.1106],[132.0101,33.1114],[132.0105,33.1112],[132.011,33.1116]]],[[[132.0166,33.1071],[132.0167,33.107],[132.0167,33.107],[132.0166,33.1071]]],[[[132.0187,33.1071],[132.0187,33.107],[132.0187,33.1071],[132.0187,33.1071]]],[[[132.017,33.1071],[132.017,33.1072],[132.017,33.1071],[132.017,33.1071]]],[[[132.0175,33.1072],[132.0176,33.1071],[132.0175,33.1071],[132.0175,33.1072]]],[[[132.0186,33.1072],[132.0185,33.1072],[132.0186,33.1072],[132.0186,33.1072]]],[[[132.0182,33.1073],[132.0181,33.1072],[132.0181,33.1073],[132.0182,33.1073]]],[[[132.0185,33.1073],[132.0184,33.1074],[132.0186,33.1074],[132.0185,33.1073]]],[[[132.0171,33.1075],[132.0172,33.1074],[132.0171,33.1074],[132.0171,33.1075]]],[[[132.0175,33.1076],[132.0177,33.1074],[132.0176,33.1074],[132.0175,33.1076]]],[[[132.0191,33.1076],[132.0189,33.1077],[132.0192,33.1077],[132.0191,33.1076]]],[[[132.0185,33.1077],[132.0185,33.1076],[132.0184,33.1076],[132.0185,33.1077]]],[[[132.0217,33.1092],[132.0213,33.109],[132.0213,33.1091],[132.0217,33.1092]]],[[[132.0223,33.1095],[132.0224,33.1094],[132.0223,33.1094],[132.0223,33.1095]]],[[[132.0212,33.1095],[132.021,33.1093],[132.0208,33.1095],[132.0212,33.1095]]],[[[132.022,33.1096],[132.0219,33.1095],[132.0218,33.1096],[132.022,33.1096]]],[[[132.0215,33.1096],[132.0215,33.1096],[132.0215,33.1096],[132.0215,33.1096]]],[[[132.0228,33.1099],[132.0228,33.1098],[132.0227,33.1098],[132.0228,33.1099]]],[[[132.0236,33.1101],[132.0235,33.11],[132.0235,33.1101],[132.0236,33.1101]]],[[[132.0236,33.1101],[132.0237,33.1102],[132.0237,33.1102],[132.0236,33.1101]]],[[[132.0242,33.1106],[132.0242,33.1104],[132.0242,33.1105],[132.0242,33.1106]]],[[[132.0257,33.1114],[132.0257,33.1114],[132.0257,33.1114],[132.0257,33.1114]]],[[[132.0106,33.112],[132.0106,33.1114],[132.0102,33.1114],[132.0106,33.112]]],[[[132.0113,33.1121],[132.0114,33.112],[132.0112,33.112],[132.0113,33.1121]]],[[[132.0269,33.1126],[132.0265,33.1121],[132.0262,33.1124],[132.0269,33.1126]]],[[[132.0278,33.1135],[132.0277,33.1133],[132.0275,33.1134],[132.0278,33.1135]]]]}},{"type":"Feature","properties":{"code":"44209","name":"豊後高田市","pref_code":"44","pref":"大分県"},"geometry":{"type":"MultiPolygon","coordinates":[[[[131.5235,33.6843],[131.5255,33.6823],[131.5269,33.6828],[131.5272,33.6828],[131.5261,33.6824],[131.5269,33.6816],[131.528,33.6816],[131.5278,33.6824],[131.5282,33.6812],[131.5306,33.6808],[131.5342,33.6766],[131.5357,33.6769],[131.5376,33.6799],[131.5413,33.6788],[131.542,33.6795],[131.5422,33.6795],[131.5417,33.6791],[131.5437,33.6784],[131.543,33.6772],[131.5445,33.6773],[131.5494,33.6671],[131.549,33.6623],[131.5507,33.653],[131.557,33.6444],[131.5546,33.6423],[131.5552,33.6382],[131.5577,33.6369],[131.5583,33.6339],[131.558,33.6306],[131.5559,33.6285],[131.5562,33.6269],[131.5606,33.6235],[131.5642,33.6232],[131.5644,33.6211],[131.566,33.6197],[131.5675,33.6199],[131.5688,33.6185],[131.5737,33.6192],[131.576,33.6172],[131.5761,33.6152],[131.5785,33.6138],[131.5778,33.6123],[131.5753,33.6112],[131.5752,33.6068],[131.5722,33.6039],[131.5737,33.6007],[131.5726,33.5971],[131.5738,33.5941],[131.5778,33.5913],[131.5779,33.5875],[131.5798,33.5834],[131.5857,33.5826],[131.5888,33.5847],[131.5927,33.5812],[131.5953,33.5811],[131.5963,33.5773],[131.5942,33.5711],[131.5954,33.5683],[131.5935,33.5669],[131.5927,33.5632],[131.5902,33.5594],[131.589,33.5587],[131.5863,33.5595],[131.5815,33.5571],[131.5769,33.5563],[131.5762,33.5546],[131.5747,33.5543],[131.5703,33.5497],[131.5647,33.5479],[131.5632,33.5454],[131.561,33.5447],[131.5589,33.5404],[131.5542,33.537],[131.5542,33.5332],[131.5508,33.5293],[131.55,33.5232],[131.548,33.5225],[131.5468,33.5206],[131.5472,33.5188],[131.5456,33.5142],[131.5447,33.5159],[131.5439,33.5158],[131.5372,33.5054],[131.5356,33.5053],[131.5317,33.502],[131.5305,33.4971],[131.5334,33.4958],[131.5334,33.4901],[131.5342,33.4864],[131.5357,33.4852],[131.5344,33.4828],[131.5355,33.4771],[131.5282,33.4777],[131.5232,33.4753],[131.5189,33.4764],[131.5141,33.4805],[131.5066,33.4802],[131.5049,33.4856],[131.5035,33.4853],[131.4987,33.4888],[131.4938,33.4899],[131.493,33.4918],[131.4891,33.4936],[131.4858,33.4943],[131.4836,33.4933],[131.4828,33.4954],[131.4807,33.4963],[131.4809,33.4991],[131.4779,33.4999],[131.4738,33.5045],[131.4693,33.5049],[131.468,33.5065],[131.4651,33.5058],[131.4633,33.5082],[131.4575,33.5089],[131.4565,33.5117],[131.4541,33.5138],[131.4536,33.5167],[131.4491,33.5208],[131.4479,33.525],[131.4485,33.5273],[131.4456,33.5312],[131.442,33.5324],[131.4361,33.5401],[131.4337,33.5374],[131.4252,33.5376],[131.4233,33.5438],[131.4258,33.5469],[131.4234,33.5496],[131.4213,33.5499],[131.4204,33.5487],[131.4214,33.5471],[131.4188,33.5469],[131.4173,33.5514],[131.4138,33.5524],[131.4123,33.5539],[131.4151,33.5575],[131.416,33.5639],[131.4277,33.5669],[131.4345,33.5703],[131.432,33.5741],[131.4308,33.5738],[131.4268,33.5761],[131.4266,33.5763],[131.4263,33.5766],[131.4249,33.5786],[131.4246,33.579],[131.4234,33.5823],[131.4226,33.5879],[131.4231,33.5949],[131.4235,33.5821],[131.4265,33.5764],[131.4306,33.5741],[131.4303,33.5766],[131.4272,33.5771],[131.4245,33.5822],[131.4236,33.5883],[131.424,33.5931],[131.424,33.5919],[131.4623,33.6192],[131.4681,33.6135],[131.4689,33.6142],[131.4685,33.6146],[131.4681,33.6155],[131.4697,33.6145],[131.4691,33.6161],[131.4682,33.6158],[131.4679,33.6159],[131.4644,33.6194],[131.4679,33.6159],[131.4719,33.618],[131.4738,33.6208],[131.473,33.6227],[131.4751,33.6261],[131.4751,33.6306],[131.4787,33.6329],[131.4756,33.6347],[131.4797,33.6323],[131.4802,33.6329],[131.4791,33.633],[131.476,33.6351],[131.4795,33.6332],[131.48,33.6343],[131.4832,33.6351],[131.4843,33.637],[131.4832,33.6387],[131.4793,33.6387],[131.4821,33.6432],[131.4859,33.6441],[131.4852,33.6478],[131.4869,33.6484],[131.4903,33.6471],[131.4946,33.6437],[131.4978,33.6456],[131.4967,33.6459],[131.4957,33.6484],[131.4973,33.6497],[131.494,33.6511],[131.4942,33.6514],[131.4952,33.6506],[131.4966,33.6502],[131.4976,33.6495],[131.4974,33.6505],[131.4944,33.6522],[131.4938,33.6517],[131.4951,33.6545],[131.4991,33.6559],[131.5042,33.6553],[131.505,33.6565],[131.5002,33.6582],[131.5009,33.659],[131.5005,33.6581],[131.5033,33.6573],[131.5037,33.6581],[131.5022,33.6589],[131.5017,33.6581],[131.5023,33.6592],[131.4969,33.6638],[131.4977,33.6673],[131.4975,33.6663],[131.4995,33.666],[131.498,33.667],[131.4993,33.6668],[131.4982,33.6684],[131.4999,33.6713],[131.5045,33.6716],[131.5068,33.6705],[131.508,33.6721],[131.5067,33.6732],[131.5067,33.6749],[131.5111,33.6734],[131.5123,33.672],[131.5133,33.6728],[131.5125,33.6713],[131.5146,33.6706],[131.5151,33.6693],[131.5168,33.6695],[131.5207,33.671],[131.5222,33.6745],[131.5215,33.6758],[131.5227,33.6748],[131.5243,33.676],[131.5232,33.6751],[131.5247,33.6737],[131.5256,33.674],[131.5245,33.6752],[131.5243,33.6755],[131.5248,33.6764],[131.5245,33.6753],[131.5253,33.6752],[131.5248,33.6749],[131.5258,33.674],[131.526,33.6724],[131.5293,33.6731],[131.5286,33.6766],[131.5248,33.6808],[131.5223,33.6821],[131.5222,33.6842],[131.5235,33.6843]]],[[[131.4848,33.6446],[131.4854,33.6446],[131.4848,33.6446],[131.4848,33.6446]]],[[[131.4983,33.6682],[131.4983,33.6682],[131.4972,33.6676],[131.4983,33.6682]]],[[[131.5134,33.6732],[131.5124,33.6737],[131.5134,33.6735],[131.5134,33.6732]]],[[[131.5216,33.6734],[131.5213,33.6738],[131.5216,33.6734],[131.5216,33.6734]]],[[[131.5423,33.68],[131.5431,33.6801],[131.5423,33.68],[131.5423,33.68]]],[[[131.5225,33.6818],[131.5227,33.6818],[131.5225,33.6818],[131.5225,33.6818]]],[[[131.5224,33.6845],[131.5224,33.6844],[131.5222,33.6845],[131.5224,33.6845]]]]}},{"type":"Feature","properties":{"code":"44210","name":"杵築市","pref_code":"44","pref":"大分県"},"geometry":{"type":"MultiPolygon","coordinates":[[[[131.6955,33.4049],[131.6945,33.4041],[131.6944,33.4041],[131.6955,33.4049]]],[[[131.6446,33.4073],[131.6447,33.4067],[131.6446,33.4067],[131.6446,33.4073]]],[[[131.6592,33.4092],[131.6588,33.4094],[131.6587,33.41],[131.6592,33.4092]]],[[[131.7095,33.4284],[131.7095,33.4287],[131.7096,33.4284],[131.7095,33.4284]]],[[[131.715,33.4412],[131.7149,33.4409],[131.7148,33.4409],[131.715,33.4412]]],[[[131.589,33.5587],[131.5891,33.5526],[131.5872,33.5511],[131.5864,33.5472],[131.5872,33.5454],[131.585,33.543],[131.585,33.5384],[131.5866,33.536],[131.5854,33.5349],[131.5885,33.5305],[131.59,33.5216],[131.5915,33.521],[131.5935,33.517],[131.5982,33.5125],[131.5983,33.5112],[131.5967,33.5098],[131.5973,33.5048],[131.6017,33.5044],[131.6025,33.5002],[131.6009,33.4994],[131.6035,33.4953],[131.603,33.4882],[131.6049,33.4852],[131.6067,33.485],[131.6038,33.4813],[131.6088,33.4704],[131.6166,33.471],[131.6183,33.4705],[131.6186,33.4664],[131.6285,33.4659],[131.6317,33.4573],[131.6357,33.4557],[131.6512,33.4555],[131.654,33.4568],[131.6573,33.4567],[131.6592,33.454],[131.6561,33.449],[131.6527,33.4471],[131.6532,33.4429],[131.6504,33.4383],[131.6534,33.4355],[131.6558,33.4359],[131.6629,33.4341],[131.6652,33.4357],[131.6711,33.4356],[131.6758,33.4376],[131.6829,33.4377],[131.6869,33.4406],[131.6846,33.4432],[131.687,33.4454],[131.6921,33.4469],[131.6948,33.4503],[131.7014,33.4501],[131.7062,33.4526],[131.7108,33.4504],[131.7128,33.4515],[131.7129,33.4495],[131.7188,33.448],[131.7151,33.444],[131.7145,33.4428],[131.7154,33.4421],[131.715,33.4413],[131.7141,33.4427],[131.7135,33.442],[131.7145,33.4412],[131.7133,33.4417],[131.7098,33.4354],[131.7054,33.4229],[131.7029,33.4069],[131.6948,33.405],[131.697,33.4063],[131.6916,33.4053],[131.6943,33.4047],[131.693,33.4046],[131.6918,33.4047],[131.6897,33.4072],[131.6865,33.4062],[131.6772,33.411],[131.6695,33.4088],[131.6612,33.4092],[131.6606,33.4105],[131.6688,33.4105],[131.6715,33.4127],[131.6716,33.4172],[131.6737,33.4174],[131.6639,33.4209],[131.6626,33.4193],[131.6612,33.4204],[131.6625,33.4214],[131.6604,33.4226],[131.6591,33.4217],[131.6596,33.4203],[131.6591,33.4216],[131.657,33.4222],[131.6571,33.4233],[131.6539,33.4218],[131.6535,33.4198],[131.6505,33.4192],[131.6502,33.4205],[131.6468,33.4203],[131.6468,33.4188],[131.6496,33.4187],[131.6511,33.4182],[131.652,33.4145],[131.6505,33.4183],[131.6467,33.4187],[131.6429,33.4215],[131.6406,33.421],[131.6337,33.4235],[131.634,33.4228],[131.6283,33.42],[131.6311,33.419],[131.6348,33.4197],[131.6346,33.4158],[131.6293,33.4148],[131.6271,33.411],[131.6344,33.408],[131.6371,33.408],[131.6366,33.4088],[131.6424,33.408],[131.6343,33.4078],[131.6344,33.4064],[131.6402,33.4064],[131.6372,33.406],[131.6374,33.403],[131.64,33.403],[131.6402,33.4048],[131.6402,33.4029],[131.6416,33.4029],[131.6422,33.4061],[131.6433,33.4061],[131.6423,33.4061],[131.6416,33.4028],[131.6392,33.4028],[131.6393,33.4002],[131.6415,33.4002],[131.6423,33.4015],[131.6415,33.4002],[131.6358,33.4001],[131.6357,33.3993],[131.6382,33.3988],[131.6459,33.3933],[131.6466,33.3875],[131.6495,33.3862],[131.6501,33.3841],[131.6462,33.3826],[131.6434,33.375],[131.6407,33.3754],[131.638,33.3745],[131.6407,33.3755],[131.6399,33.3767],[131.6398,33.3757],[131.6376,33.3759],[131.6379,33.3748],[131.6373,33.3761],[131.6341,33.3735],[131.6229,33.3747],[131.6171,33.3714],[131.615,33.377],[131.616,33.3794],[131.6155,33.3859],[131.6109,33.3903],[131.6039,33.389],[131.6028,33.3902],[131.5999,33.3905],[131.5949,33.3947],[131.5879,33.3961],[131.5801,33.3896],[131.5661,33.3882],[131.5693,33.3964],[131.5682,33.3981],[131.566,33.397],[131.5584,33.398],[131.5579,33.3995],[131.5595,33.4014],[131.5595,33.4051],[131.5608,33.4075],[131.5569,33.4125],[131.5603,33.4155],[131.5645,33.4152],[131.5625,33.4179],[131.5604,33.4182],[131.5572,33.4216],[131.5583,33.4231],[131.557,33.4233],[131.5541,33.4277],[131.5503,33.4266],[131.5479,33.4275],[131.5441,33.4258],[131.545,33.4239],[131.5441,33.4214],[131.5453,33.421],[131.5437,33.4191],[131.5374,33.4148],[131.5327,33.414],[131.5311,33.4099],[131.5224,33.4044],[131.5238,33.4039],[131.5231,33.4028],[131.5248,33.4017],[131.5251,33.3969],[131.5126,33.3968],[131.513,33.3902],[131.5102,33.3916],[131.4996,33.3914],[131.4981,33.3902],[131.4959,33.3906],[131.4945,33.389],[131.4904,33.3905],[131.4872,33.3901],[131.4843,33.3892],[131.4828,33.385],[131.4814,33.3843],[131.4768,33.3873],[131.4727,33.3859],[131.4715,33.3872],[131.4683,33.3864],[131.4663,33.3886],[131.4584,33.3917],[131.4528,33.3926],[131.4534,33.3861],[131.4509,33.385],[131.4514,33.3804],[131.4495,33.3786],[131.4492,33.3792],[131.4475,33.3802],[131.4534,33.3745],[131.446,33.3686],[131.4461,33.3676],[131.4334,33.3553],[131.4309,33.3649],[131.426,33.3702],[131.4253,33.3728],[131.4208,33.3719],[131.4177,33.3742],[131.4077,33.3757],[131.4061,33.3813],[131.4116,33.3909],[131.4135,33.3981],[131.4199,33.4015],[131.4189,33.4034],[131.419,33.4083],[131.4176,33.4094],[131.4175,33.4134],[131.4247,33.4157],[131.4251,33.4214],[131.4278,33.4219],[131.4295,33.4244],[131.4281,33.4316],[131.4333,33.4357],[131.4312,33.4426],[131.4318,33.4442],[131.4272,33.4475],[131.4287,33.4491],[131.429,33.4517],[131.4262,33.4535],[131.4274,33.4555],[131.4238,33.463],[131.4242,33.4646],[131.4233,33.4657],[131.4253,33.4689],[131.4241,33.4724],[131.421,33.4751],[131.4136,33.4772],[131.4121,33.4794],[131.4119,33.4822],[131.4069,33.4849],[131.4056,33.4896],[131.4066,33.4906],[131.4093,33.4897],[131.4114,33.4922],[131.4117,33.497],[131.4195,33.4999],[131.4243,33.5064],[131.4291,33.5033],[131.4342,33.5018],[131.4369,33.4984],[131.4385,33.4988],[131.4374,33.5032],[131.4389,33.5097],[131.4286,33.5109],[131.4281,33.5117],[131.4333,33.512],[131.4331,33.5151],[131.4288,33.5166],[131.4211,33.5172],[131.4237,33.5188],[131.4269,33.5178],[131.4365,33.5236],[131.4412,33.5232],[131.4485,33.5273],[131.4479,33.525],[131.4491,33.5208],[131.4536,33.5167],[131.4541,33.5138],[131.4565,33.5117],[131.4575,33.5089],[131.4633,33.5082],[131.4651,33.5058],[131.468,33.5065],[131.4693,33.5049],[131.4738,33.5045],[131.4779,33.4999],[131.4809,33.4991],[131.4807,33.4963],[131.4828,33.4954],[131.4836,33.4933],[131.4858,33.4943],[131.4891,33.4936],[131.493,33.4918],[131.4938,33.4899],[131.4987,33.4888],[131.5035,33.4853],[131.5049,33.4856],[131.5061,33.4838],[131.506,33.4808],[131.5078,33.4796],[131.5109,33.4809],[131.5141,33.4805],[131.5189,33.4764],[131.5231,33.4753],[131.5282,33.4777],[131.5355,33.4771],[131.5344,33.4828],[131.5357,33.4852],[131.5342,33.4864],[131.5334,33.4901],[131.5334,33.4958],[131.5305,33.4971],[131.5317,33.502],[131.5356,33.5053],[131.5372,33.5054],[131.5439,33.5158],[131.5447,33.5159],[131.5456,33.5142],[131.5472,33.5188],[131.5468,33.5206],[131.548,33.5225],[131.55,33.5232],[131.5508,33.5293],[131.5542,33.5332],[131.5542,33.537],[131.5589,33.5404],[131.561,33.5447],[131.5632,33.5454],[131.5647,33.5479],[131.5703,33.5497],[131.5747,33.5543],[131.5762,33.5546],[131.5769,33.5563],[131.5815,33.5571],[131.5863,33.5595],[131.589,33.5587]]],[[[131.7252,33.4415],[131.7254,33.4415],[131.7253,33.4414],[131.7252,33.4415]]],[[[131.725,33.4418],[131.725,33.4417],[131.725,33.4418],[131.725,33.4418]]],[[[131.7248,33.442],[131.7248,33.442],[131.7249,33.442],[131.7248,33.442]]],[[[131.7245,33.4423],[131.7245,33.4425],[131.7246,33.4423],[131.7245,33.4423]]],[[[131.7239,33.4428],[131.7241,33.4428],[131.7241,33.4427],[131.7239,33.4428]]]]}},{"type":"Feature","properties":{"code":"44211","name":"宇佐市","pref_code":"44","pref":"大分県"},"geometry":{"type":"MultiPolygon","coordinates":[[[[131.3358,33.5796],[131.3353,33.5769],[131.3365,33.5773],[131.3369,33.5807],[131.3383,33.5801],[131.3369,33.5806],[131.3365,33.5773],[131.335,33.5764],[131.3408,33.571],[131.3421,33.5712],[131.3428,33.5728],[131.3534,33.5738],[131.3581,33.5772],[131.3638,33.5781],[131.3646,33.5791],[131.3643,33.5766],[131.3653,33.5767],[131.365,33.5777],[131.3654,33.5784],[131.3654,33.5769],[131.3707,33.5768],[131.3715,33.5782],[131.3708,33.5768],[131.3723,33.5757],[131.3733,33.5768],[131.372,33.5772],[131.3724,33.5798],[131.3725,33.5779],[131.3738,33.5778],[131.3743,33.5801],[131.3725,33.5802],[131.3725,33.5812],[131.3725,33.5803],[131.3754,33.5802],[131.3779,33.5794],[131.3776,33.5768],[131.3793,33.5763],[131.3865,33.5771],[131.3881,33.5759],[131.3938,33.5763],[131.3958,33.5749],[131.399,33.5758],[131.3982,33.5743],[131.399,33.575],[131.3991,33.5739],[131.3993,33.5747],[131.4007,33.5737],[131.4035,33.5744],[131.4017,33.5792],[131.4036,33.5744],[131.4034,33.5728],[131.4065,33.5723],[131.4127,33.5736],[131.4093,33.5793],[131.4129,33.5737],[131.4201,33.5735],[131.4213,33.5689],[131.4286,33.5677],[131.4158,33.5637],[131.4151,33.5575],[131.4123,33.5539],[131.4138,33.5524],[131.4173,33.5514],[131.4188,33.5469],[131.4214,33.5471],[131.4204,33.5487],[131.4213,33.5499],[131.4234,33.5496],[131.4258,33.5469],[131.4233,33.5438],[131.4252,33.5376],[131.4337,33.5374],[131.4361,33.5401],[131.442,33.5324],[131.4456,33.5312],[131.4485,33.5273],[131.4412,33.5232],[131.4365,33.5236],[131.4269,33.5178],[131.4237,33.5188],[131.421,33.5171],[131.4288,33.5166],[131.4331,33.5151],[131.4333,33.512],[131.4281,33.5117],[131.4286,33.5109],[131.4389,33.5097],[131.4374,33.5032],[131.4384,33.4988],[131.4369,33.4984],[131.4342,33.5018],[131.4291,33.5033],[131.4243,33.5064],[131.4195,33.4999],[131.4117,33.497],[131.4114,33.4922],[131.4093,33.4897],[131.4066,33.4906],[131.4056,33.4897],[131.4069,33.4849],[131.4119,33.4822],[131.4121,33.4794],[131.4136,33.4772],[131.421,33.4751],[131.4241,33.4724],[131.4253,33.4689],[131.4233,33.4657],[131.4242,33.4646],[131.4238,33.463],[131.4274,33.4555],[131.4262,33.4535],[131.429,33.4517],[131.4287,33.4491],[131.4272,33.4475],[131.4318,33.4442],[131.4312,33.4426],[131.4333,33.4361],[131.4281,33.4316],[131.4295,33.4244],[131.4278,33.4219],[131.4251,33.4214],[131.4247,33.4157],[131.4175,33.4134],[131.4176,33.4094],[131.419,33.4083],[131.4189,33.4034],[131.4199,33.4015],[131.4135,33.3981],[131.4116,33.3909],[131.4088,33.3872],[131.406,33.3802],[131.4079,33.3755],[131.4177,33.3742],[131.4208,33.3719],[131.4253,33.3728],[131.426,33.3702],[131.4309,33.3649],[131.433,33.3573],[131.4284,33.3542],[131.419,33.352],[131.415,33.3487],[131.4084,33.3494],[131.4066,33.3505],[131.407,33.3512],[131.401,33.3499],[131.4005,33.349],[131.402,33.3478],[131.4027,33.3435],[131.3991,33.3405],[131.4006,33.3377],[131.3969,33.3337],[131.397,33.3304],[131.3991,33.328],[131.399,33.3254],[131.3878,33.3257],[131.382,33.3271],[131.3746,33.3255],[131.3731,33.3244],[131.375,33.3214],[131.3724,33.3185],[131.3682,33.3164],[131.3591,33.3158],[131.3551,33.3102],[131.3527,33.3094],[131.3503,33.3136],[131.3471,33.3133],[131.3438,33.3152],[131.3362,33.316],[131.3267,33.3206],[131.3127,33.3228],[131.3123,33.3247],[131.3106,33.3249],[131.3083,33.3276],[131.3081,33.3318],[131.3066,33.3344],[131.3031,33.3371],[131.2965,33.3352],[131.2927,33.3364],[131.2775,33.335],[131.272,33.3406],[131.2718,33.3438],[131.2679,33.3498],[131.2617,33.3521],[131.2593,33.3545],[131.2595,33.3562],[131.2566,33.3559],[131.2528,33.3577],[131.2506,33.3616],[131.2466,33.361],[131.2421,33.3624],[131.2401,33.3569],[131.235,33.3573],[131.2314,33.3562],[131.2296,33.3567],[131.2262,33.3616],[131.2165,33.3602],[131.2158,33.3615],[131.2172,33.3622],[131.2178,33.3647],[131.2218,33.3659],[131.225,33.3682],[131.2268,33.3734],[131.2308,33.3766],[131.2317,33.3789],[131.2261,33.3807],[131.2246,33.3846],[131.2213,33.3863],[131.2246,33.3902],[131.2227,33.3925],[131.2293,33.3978],[131.2301,33.4018],[131.2286,33.4037],[131.2291,33.4054],[131.2259,33.4063],[131.2251,33.4095],[131.2304,33.4138],[131.232,33.4121],[131.2342,33.4133],[131.2361,33.4113],[131.2428,33.4136],[131.2449,33.4134],[131.2468,33.413],[131.2479,33.4106],[131.2498,33.4099],[131.2517,33.4128],[131.2547,33.4126],[131.2556,33.4139],[131.2554,33.4194],[131.2533,33.4266],[131.2542,33.4292],[131.2515,33.4337],[131.2516,33.4355],[131.2464,33.4417],[131.2472,33.4443],[131.2442,33.4462],[131.2449,33.448],[131.2441,33.4502],[131.246,33.452],[131.2472,33.4555],[131.2453,33.4567],[131.2449,33.4622],[131.2408,33.4639],[131.2439,33.4693],[131.2441,33.4726],[131.2424,33.4734],[131.2407,33.4766],[131.242,33.4778],[131.2481,33.4764],[131.2595,33.4805],[131.26,33.4838],[131.263,33.4868],[131.2655,33.4865],[131.2668,33.4874],[131.2663,33.4908],[131.2684,33.4914],[131.2704,33.4963],[131.2732,33.4991],[131.2666,33.5079],[131.2667,33.5108],[131.2649,33.512],[131.2642,33.5145],[131.2611,33.5171],[131.2615,33.5185],[131.2569,33.525],[131.2565,33.5299],[131.2526,33.5346],[131.2525,33.5371],[131.2543,33.5399],[131.2539,33.542],[131.2564,33.545],[131.2576,33.55],[131.261,33.5541],[131.2687,33.554],[131.2698,33.555],[131.2703,33.5534],[131.2725,33.5532],[131.2734,33.5543],[131.2736,33.5569],[131.2725,33.5577],[131.2748,33.5617],[131.2773,33.5632],[131.2758,33.5658],[131.2762,33.5669],[131.279,33.5689],[131.277,33.5699],[131.2764,33.5719],[131.278,33.5729],[131.2767,33.5756],[131.2771,33.5784],[131.2789,33.5808],[131.2909,33.5791],[131.2923,33.5806],[131.2977,33.5807],[131.2991,33.582],[131.2979,33.5805],[131.2972,33.5806],[131.2981,33.5795],[131.3004,33.5821],[131.3008,33.5811],[131.3017,33.582],[131.3006,33.5823],[131.3011,33.5828],[131.303,33.5808],[131.3111,33.5821],[131.3174,33.5809],[131.3197,33.5816],[131.3205,33.5831],[131.3231,33.5832],[131.3246,33.5811],[131.3292,33.5822],[131.3348,33.5809],[131.3358,33.5796]]],[[[131.3717,33.5793],[131.3716,33.5783],[131.3717,33.5793],[131.3717,33.5793]]],[[[131.3641,33.5802],[131.3642,33.5802],[131.3644,33.5793],[131.3641,33.5802]]],[[[131.364,33.5787],[131.3639,33.5787],[131.3632,33.5811],[131.364,33.5787]]],[[[131.3717,33.5817],[131.3718,33.5797],[131.3717,33.5815],[131.3717,33.5817]]],[[[131.3295,33.5824],[131.3295,33.5823],[131.3293,33.5824],[131.3295,33.5824]]],[[[131.2999,33.584],[131.299,33.5826],[131.2998,33.5841],[131.2999,33.584]]],[[[131.4275,33.5688],[131.4264,33.5702],[131.4276,33.5688],[131.4275,33.5688]]],[[[131.4259,33.5708],[131.4259,33.5708],[131.4263,33.5702],[131.4259,33.5708]]],[[[131.4237,33.5732],[131.4256,33.5711],[131.4236,33.5733],[131.4237,33.5732]]],[[[131.4234,33.5733],[131.4236,33.5733],[131.4227,33.5734],[131.4234,33.5733]]],[[[131.3725,33.5824],[131.3725,33.5816],[131.3725,33.5824],[131.3725,33.5824]]],[[[131.3717,33.5829],[131.3718,33.5821],[131.3717,33.5829],[131.3717,33.5829]]],[[[131.3718,33.5839],[131.3718,33.5833],[131.3717,33.5839],[131.3718,33.5839]]]]}},{"type":"Feature","properties":{"code":"44214","name":"国東市","pref_code":"44","pref":"大分県"},"geometry":{"type":"MultiPolygon","coordinates":[[[[131.586,33.6925],[131.5863,33.6899],[131.5936,33.6895],[131.5946,33.6885],[131.5926,33.6889],[131.593,33.6877],[131.594,33.6882],[131.5939,33.6869],[131.5966,33.6868],[131.5973,33.6877],[131.5983,33.688],[131.597,33.6858],[131.5981,33.6876],[131.5992,33.6868],[131.6005,33.6885],[131.6023,33.6887],[131.6002,33.6879],[131.6007,33.6864],[131.6018,33.6874],[131.6023,33.6874],[131.6007,33.6861],[131.6018,33.6856],[131.6036,33.6863],[131.6027,33.6871],[131.6029,33.687],[131.6028,33.6878],[131.6031,33.6883],[131.6039,33.6863],[131.6075,33.6869],[131.6064,33.6834],[131.6071,33.6802],[131.6083,33.6809],[131.6073,33.6801],[131.6065,33.6799],[131.6072,33.6786],[131.6122,33.6766],[131.6141,33.6771],[131.6162,33.675],[131.6179,33.6769],[131.6166,33.6775],[131.6158,33.6788],[131.617,33.6778],[131.6171,33.6789],[131.6157,33.6792],[131.6196,33.6809],[131.6232,33.6775],[131.6247,33.6773],[131.6236,33.6771],[131.6241,33.6749],[131.6253,33.6752],[131.6255,33.6748],[131.6245,33.6743],[131.6302,33.6743],[131.6304,33.6822],[131.6361,33.6822],[131.6382,33.6807],[131.6392,33.6766],[131.641,33.6764],[131.6421,33.6775],[131.6438,33.6769],[131.6424,33.6767],[131.6428,33.6728],[131.6461,33.6723],[131.6486,33.6746],[131.6492,33.6727],[131.6501,33.6725],[131.6511,33.6721],[131.6521,33.6711],[131.6496,33.6725],[131.6502,33.6717],[131.6495,33.6707],[131.6482,33.6712],[131.6462,33.6671],[131.6475,33.6651],[131.6469,33.6645],[131.6473,33.6624],[131.6516,33.6606],[131.6542,33.6663],[131.6613,33.6703],[131.6618,33.6704],[131.6629,33.6695],[131.6618,33.6701],[131.6613,33.6686],[131.6632,33.6675],[131.6658,33.6684],[131.6641,33.6654],[131.6648,33.6638],[131.6664,33.6644],[131.6658,33.6651],[131.6672,33.6639],[131.6665,33.6601],[131.6692,33.6569],[131.6704,33.658],[131.6702,33.6574],[131.6692,33.6568],[131.6694,33.6566],[131.6714,33.658],[131.6729,33.6546],[131.6729,33.6518],[131.6739,33.6519],[131.6729,33.6517],[131.6737,33.6502],[131.6759,33.6485],[131.6762,33.65],[131.6763,33.6486],[131.6769,33.6495],[131.6769,33.647],[131.6794,33.6439],[131.6832,33.6405],[131.684,33.6411],[131.6833,33.6404],[131.684,33.6396],[131.6902,33.6422],[131.6894,33.6416],[131.6904,33.6406],[131.6913,33.641],[131.6905,33.6419],[131.6931,33.64],[131.6956,33.6305],[131.6971,33.6308],[131.701,33.6139],[131.7039,33.6087],[131.7073,33.6049],[131.7096,33.6041],[131.715,33.6052],[131.7165,33.6042],[131.7183,33.6046],[131.7158,33.604],[131.715,33.6052],[131.7142,33.6046],[131.7161,33.6038],[131.7154,33.6033],[131.7163,33.6021],[131.7175,33.6037],[131.7186,33.604],[131.7162,33.6017],[131.7168,33.6012],[131.718,33.6024],[131.7171,33.6013],[131.7241,33.5903],[131.7261,33.5883],[131.7276,33.5879],[131.7298,33.5882],[131.7312,33.5827],[131.7321,33.5828],[131.7313,33.5824],[131.7338,33.5828],[131.732,33.5824],[131.7322,33.5816],[131.7331,33.5823],[131.7339,33.5824],[131.7328,33.5816],[131.734,33.5785],[131.7329,33.5776],[131.7329,33.573],[131.7334,33.5725],[131.7347,33.5729],[131.7356,33.5725],[131.7337,33.5726],[131.7343,33.5706],[131.7356,33.571],[131.7354,33.5721],[131.7357,33.571],[131.7341,33.5705],[131.7355,33.5698],[131.7344,33.5671],[131.7355,33.5669],[131.7354,33.5685],[131.737,33.5707],[131.7375,33.5694],[131.7366,33.5687],[131.7375,33.5679],[131.7395,33.5696],[131.7394,33.5714],[131.7396,33.5696],[131.7368,33.5672],[131.7361,33.567],[131.7369,33.5662],[131.7389,33.5673],[131.7391,33.5672],[131.7369,33.5662],[131.7377,33.5654],[131.7361,33.5645],[131.7372,33.5647],[131.7393,33.5669],[131.7383,33.5644],[131.7396,33.5625],[131.7407,33.5628],[131.7405,33.5612],[131.7415,33.5615],[131.7413,33.5628],[131.7416,33.5615],[131.7398,33.5591],[131.7398,33.5577],[131.7402,33.5563],[131.7422,33.5545],[131.7407,33.5547],[131.7407,33.5538],[131.7417,33.5538],[131.7417,33.5542],[131.7422,33.5542],[131.7422,33.5541],[131.7418,33.5538],[131.741,33.5538],[131.7402,33.553],[131.7408,33.5464],[131.7423,33.5433],[131.7451,33.5426],[131.7431,33.5404],[131.7424,33.537],[131.7407,33.537],[131.7414,33.5362],[131.7391,33.538],[131.7386,33.5375],[131.7396,33.5373],[131.741,33.5359],[131.7398,33.5364],[131.7405,33.536],[131.7374,33.5315],[131.7354,33.523],[131.7346,33.5231],[131.7356,33.5226],[131.7347,33.523],[131.7325,33.5172],[131.7304,33.5072],[131.7314,33.5056],[131.7302,33.5051],[131.7305,33.5027],[131.7323,33.5014],[131.7306,33.5018],[131.7303,33.5005],[131.7323,33.5007],[131.7301,33.5],[131.7291,33.5009],[131.7293,33.4994],[131.7321,33.4998],[131.7293,33.4993],[131.7306,33.499],[131.7295,33.4962],[131.7306,33.4952],[131.7297,33.4946],[131.7304,33.4916],[131.7315,33.4905],[131.7332,33.4905],[131.7335,33.4904],[131.7322,33.4903],[131.7331,33.4892],[131.732,33.4889],[131.7324,33.4881],[131.7346,33.4886],[131.7346,33.494],[131.7382,33.4953],[131.7389,33.4939],[131.7396,33.4708],[131.7388,33.4695],[131.7396,33.4663],[131.7386,33.465],[131.7344,33.4649],[131.7346,33.4706],[131.7337,33.4706],[131.7317,33.469],[131.7303,33.4661],[131.7312,33.4658],[131.7275,33.4662],[131.7261,33.4653],[131.7253,33.4642],[131.7261,33.4636],[131.7275,33.4655],[131.7302,33.4653],[131.7295,33.4643],[131.7304,33.4642],[131.7306,33.4653],[131.7314,33.4652],[131.7305,33.4641],[131.7274,33.4646],[131.7244,33.4607],[131.7269,33.461],[131.7245,33.4606],[131.7237,33.4592],[131.7222,33.4506],[131.7206,33.4476],[131.7204,33.4486],[131.7188,33.448],[131.7129,33.4495],[131.7128,33.4515],[131.7108,33.4504],[131.7062,33.4526],[131.7014,33.4501],[131.6948,33.4503],[131.6921,33.4469],[131.687,33.4454],[131.6846,33.4432],[131.6869,33.4406],[131.6829,33.4377],[131.6758,33.4376],[131.6711,33.4356],[131.6652,33.4357],[131.6629,33.4341],[131.6558,33.4359],[131.6534,33.4355],[131.6504,33.4383],[131.6532,33.4429],[131.6527,33.4471],[131.6561,33.449],[131.6592,33.454],[131.6573,33.4567],[131.654,33.4568],[131.6512,33.4555],[131.6357,33.4557],[131.6317,33.4573],[131.6285,33.4659],[131.6186,33.4664],[131.6183,33.4705],[131.6166,33.471],[131.6087,33.4705],[131.6038,33.4813],[131.6067,33.485],[131.6049,33.4852],[131.603,33.4882],[131.6035,33.4953],[131.6009,33.4994],[131.6025,33.5002],[131.6017,33.5044],[131.5973,33.5048],[131.5967,33.5098],[131.5983,33.5112],[131.5982,33.5125],[131.5935,33.517],[131.5915,33.521],[131.59,33.5216],[131.5885,33.5305],[131.5854,33.5349],[131.5866,33.536],[131.585,33.5384],[131.585,33.543],[131.5872,33.5454],[131.5864,33.547],[131.5872,33.551],[131.5891,33.5526],[131.5888,33.5584],[131.5916,33.5611],[131.5935,33.5669],[131.5954,33.5683],[131.5942,33.5711],[131.5963,33.5773],[131.5953,33.5811],[131.5927,33.5812],[131.5887,33.5847],[131.5857,33.5826],[131.5798,33.5834],[131.5779,33.5875],[131.5778,33.5913],[131.5732,33.5954],[131.5727,33.5979],[131.5737,33.6007],[131.5722,33.6037],[131.5752,33.6068],[131.5753,33.6112],[131.5778,33.6123],[131.5785,33.6138],[131.5761,33.6152],[131.5747,33.6186],[131.5688,33.6185],[131.5675,33.6199],[131.566,33.6197],[131.5644,33.6211],[131.5642,33.6232],[131.5606,33.6235],[131.5562,33.6269],[131.5559,33.6285],[131.558,33.6306],[131.5583,33.6339],[131.5577,33.6369],[131.5552,33.6382],[131.5546,33.6423],[131.557,33.6444],[131.5507,33.653],[131.549,33.6623],[131.5494,33.6671],[131.5445,33.6773],[131.5456,33.6804],[131.5484,33.6786],[131.5493,33.6791],[131.5484,33.6798],[131.5492,33.6816],[131.5512,33.6826],[131.5556,33.6812],[131.5555,33.6858],[131.5584,33.6852],[131.5605,33.6869],[131.5625,33.6857],[131.5648,33.6797],[131.5678,33.6791],[131.5654,33.6788],[131.5647,33.6763],[131.5661,33.6758],[131.5668,33.677],[131.5663,33.6747],[131.5755,33.6751],[131.5759,33.6761],[131.5736,33.679],[131.5734,33.6809],[131.5747,33.6824],[131.5736,33.6868],[131.5747,33.6883],[131.5753,33.6885],[131.5745,33.6875],[131.5756,33.6875],[131.5822,33.6923],[131.586,33.6925]]],[[[131.7276,33.5881],[131.7277,33.5881],[131.7276,33.588],[131.7276,33.5881]]],[[[131.7277,33.5881],[131.7277,33.5881],[131.7277,33.5881],[131.7277,33.5881]]],[[[131.7277,33.5881],[131.7278,33.5881],[131.7278,33.5881],[131.7277,33.5881]]],[[[131.7276,33.5881],[131.7276,33.5882],[131.7276,33.5882],[131.7276,33.5881]]],[[[131.7274,33.5882],[131.7275,33.5882],[131.7274,33.5882],[131.7274,33.5882]]],[[[131.7272,33.5882],[131.7273,33.5882],[131.7272,33.5882],[131.7272,33.5882]]],[[[131.7268,33.5883],[131.7268,33.5884],[131.7268,33.5883],[131.7268,33.5883]]],[[[131.7269,33.5883],[131.7269,33.5884],[131.7269,33.5883],[131.7269,33.5883]]],[[[131.7269,33.5884],[131.7269,33.5884],[131.727,33.5884],[131.7269,33.5884]]],[[[131.7197,33.6042],[131.7194,33.6051],[131.7198,33.6042],[131.7197,33.6042]]],[[[131.6976,33.6293],[131.6977,33.6294],[131.6978,33.6294],[131.6976,33.6293]]],[[[131.6776,33.6501],[131.6762,33.6505],[131.6776,33.6501],[131.6776,33.6501]]],[[[131.6659,33.6684],[131.666,33.6685],[131.666,33.6684],[131.6659,33.6684]]],[[[131.5434,33.6838],[131.5451,33.6822],[131.545,33.6818],[131.5434,33.6838]]],[[[131.6092,33.6841],[131.609,33.684],[131.6073,33.6848],[131.6092,33.6841]]],[[[131.5736,33.6878],[131.5734,33.688],[131.5737,33.6879],[131.5736,33.6878]]],[[[131.7316,33.4909],[131.7318,33.4912],[131.7321,33.4907],[131.7316,33.4909]]],[[[131.7318,33.4913],[131.7316,33.4914],[131.7317,33.4914],[131.7318,33.4913]]],[[[131.7311,33.4918],[131.7311,33.4919],[131.7311,33.4918],[131.7311,33.4918]]],[[[131.731,33.4919],[131.7309,33.492],[131.731,33.492],[131.731,33.4919]]],[[[131.7341,33.5018],[131.7328,33.5005],[131.7329,33.4996],[131.7327,33.5005],[131.7341,33.5018]]],[[[131.7318,33.5032],[131.732,33.5041],[131.7321,33.5041],[131.7318,33.5032]]],[[[131.7324,33.5065],[131.7325,33.5074],[131.7326,33.5074],[131.7324,33.5065]]],[[[131.7325,33.508],[131.7322,33.5085],[131.7323,33.5083],[131.7325,33.508]]],[[[131.7415,33.5451],[131.7415,33.5451],[131.7416,33.5451],[131.7415,33.5451]]],[[[131.7414,33.5451],[131.7415,33.5451],[131.7414,33.5451],[131.7414,33.5451]]],[[[131.7417,33.5557],[131.7415,33.5557],[131.7415,33.5557],[131.7417,33.5557]]],[[[131.7401,33.5571],[131.7403,33.5571],[131.7401,33.5571],[131.7401,33.5571]]],[[[131.7405,33.5637],[131.7419,33.5633],[131.7405,33.5636],[131.7405,33.5637]]],[[[131.7399,33.5671],[131.7396,33.5678],[131.74,33.5672],[131.7399,33.5671]]],[[[131.7392,33.5722],[131.7361,33.5732],[131.7393,33.5723],[131.7392,33.5722]]],[[[131.7278,33.5881],[131.7278,33.5882],[131.7278,33.5881],[131.7278,33.5881]]],[[[131.7278,33.5883],[131.7279,33.5883],[131.7279,33.5883],[131.7278,33.5883]]],[[[131.7426,33.5372],[131.7428,33.5371],[131.7426,33.5372],[131.7426,33.5372]]],[[[131.7427,33.5372],[131.7428,33.5373],[131.7428,33.5373],[131.7427,33.5372]]],[[[131.7428,33.5373],[131.7428,33.5374],[131.7428,33.5373],[131.7428,33.5373]]],[[[131.7429,33.5379],[131.7431,33.5379],[131.7432,33.5378],[131.7429,33.5379]]],[[[131.743,33.5382],[131.7429,33.5383],[131.743,33.5383],[131.743,33.5382]]],[[[131.7446,33.5413],[131.7446,33.5412],[131.7444,33.5412],[131.7446,33.5413]]],[[[131.7443,33.5413],[131.7443,33.5414],[131.7443,33.5413],[131.7443,33.5413]]],[[[131.7444,33.5413],[131.7443,33.5415],[131.7444,33.5414],[131.7444,33.5413]]],[[[131.7441,33.5415],[131.7441,33.5414],[131.7441,33.5414],[131.7441,33.5415]]],[[[131.7447,33.5414],[131.7445,33.5415],[131.7447,33.5415],[131.7447,33.5414]]],[[[131.7453,33.5424],[131.7452,33.5423],[131.7452,33.5425],[131.7453,33.5424]]],[[[131.7419,33.5555],[131.7419,33.5555],[131.7419,33.5555],[131.7419,33.5555]]],[[[131.7417,33.5555],[131.7417,33.5556],[131.7417,33.5555],[131.7417,33.5555]]],[[[131.7419,33.5557],[131.742,33.5558],[131.7419,33.5557],[131.7419,33.5557]]],[[[131.7425,33.5558],[131.7423,33.5558],[131.7426,33.5559],[131.7425,33.5558]]],[[[131.7422,33.571],[131.7421,33.5727],[131.7423,33.571],[131.7422,33.571]]]]}},{"type":"Feature","properties":{"code":"44322","name":"姫島村","pref_code":"44","pref":"大分県"},"geometry":{"type":"MultiPolygon","coordinates":[[[[131.6481,33.7171],[131.6496,33.7179],[131.6496,33.7178],[131.6481,33.7171]]],[[[131.6673,33.7401],[131.6762,33.7374],[131.6839,33.7381],[131.681,33.7375],[131.6819,33.7363],[131.6833,33.7375],[131.6833,33.7361],[131.6821,33.7362],[131.6838,33.7359],[131.6851,33.7335],[131.6923,33.7325],[131.6956,33.7345],[131.7,33.7323],[131.7016,33.7302],[131.6955,33.7316],[131.6934,33.729],[131.6947,33.7308],[131.6934,33.7314],[131.6929,33.7306],[131.6925,33.7305],[131.6934,33.7315],[131.6909,33.7318],[131.6929,33.7297],[131.6902,33.7324],[131.685,33.7282],[131.6758,33.7253],[131.6743,33.723],[131.6747,33.7228],[131.6752,33.7224],[131.6742,33.723],[131.6737,33.7221],[131.6761,33.7225],[131.6745,33.7212],[131.6733,33.7217],[131.6711,33.7183],[131.667,33.717],[131.6652,33.7169],[131.6601,33.7193],[131.6584,33.719],[131.6594,33.72],[131.6577,33.7214],[131.6529,33.7213],[131.6506,33.7198],[131.6529,33.7223],[131.6515,33.7222],[131.6513,33.7212],[131.6496,33.7209],[131.6488,33.7186],[131.6491,33.7209],[131.6513,33.7213],[131.6514,33.7222],[131.6461,33.7217],[131.6464,33.7208],[131.648,33.7204],[131.648,33.7202],[131.6465,33.7207],[131.6454,33.7197],[131.6451,33.7211],[131.644,33.7208],[131.6447,33.7193],[131.6473,33.7186],[131.6473,33.7183],[131.6447,33.7192],[131.6439,33.7208],[131.639,33.7188],[131.6396,33.718],[131.639,33.7188],[131.6332,33.7168],[131.631,33.7186],[131.6312,33.7207],[131.6332,33.7225],[131.6392,33.7243],[131.6401,33.7281],[131.6398,33.7253],[131.6405,33.725],[131.6413,33.7272],[131.6405,33.7276],[131.642,33.7271],[131.6425,33.7284],[131.6427,33.733],[131.6461,33.7321],[131.6449,33.731],[131.6457,33.7302],[131.6467,33.7303],[131.6475,33.7309],[131.6489,33.7312],[131.6471,33.7304],[131.6482,33.7299],[131.6475,33.7295],[131.6479,33.7287],[131.6484,33.7298],[131.6489,33.729],[131.6488,33.7305],[131.6549,33.7302],[131.6549,33.7324],[131.6579,33.7328],[131.6614,33.7367],[131.6673,33.7401]]],[[[131.7018,33.7311],[131.7019,33.7309],[131.7017,33.731],[131.7018,33.7311]]],[[[131.6424,33.732],[131.6419,33.7322],[131.6422,33.7323],[131.6424,33.732]]],[[[131.653,33.7349],[131.6524,33.7352],[131.6528,33.7354],[131.653,33.7349]]],[[[131.6539,33.7376],[131.6536,33.7377],[131.6539,33.7377],[131.6539,33.7376]]]]}},{"type":"Feature","properties":{"code":"44341","name":"日出町","pref_code":"44","pref":"大分県"},"geometry":{"type":"MultiPolygon","coordinates":[[[[131.5011,33.3581],[131.5013,33.3574],[131.5012,33.3574],[131.5011,33.3581]]],[[[131.535,33.3608],[131.537,33.3596],[131.535,33.3608],[131.535,33.3608]]],[[[131.5386,33.3612],[131.538,33.3605],[131.538,33.3605],[131.5386,33.3612]]],[[[131.535,33.3644],[131.5354,33.3641],[131.5349,33.3644],[131.535,33.3644]]],[[[131.5348,33.3645],[131.5331,33.364],[131.5325,33.3642],[131.5345,33.3647],[131.5348,33.3645]]],[[[131.5379,33.3643],[131.5374,33.3644],[131.5366,33.3646],[131.5379,33.3643]]],[[[131.5541,33.4277],[131.557,33.4233],[131.5584,33.423],[131.5572,33.4216],[131.5604,33.4182],[131.5625,33.4179],[131.5645,33.4152],[131.5603,33.4155],[131.5569,33.4125],[131.5608,33.4075],[131.5595,33.4051],[131.5595,33.4014],[131.5579,33.3995],[131.5584,33.398],[131.566,33.397],[131.5682,33.3981],[131.5693,33.3964],[131.5661,33.3882],[131.5801,33.3896],[131.5882,33.3961],[131.5949,33.3947],[131.5999,33.3905],[131.6028,33.3902],[131.6039,33.389],[131.6109,33.3903],[131.6155,33.3859],[131.616,33.3794],[131.615,33.377],[131.617,33.3721],[131.6154,33.371],[131.6156,33.3718],[131.6091,33.3713],[131.6073,33.3705],[131.6064,33.3699],[131.6053,33.3694],[131.6065,33.3701],[131.6054,33.3711],[131.5969,33.3714],[131.598,33.3692],[131.5957,33.3635],[131.5989,33.3595],[131.5967,33.3526],[131.5969,33.3499],[131.5946,33.3492],[131.5936,33.3477],[131.5899,33.3463],[131.5888,33.3465],[131.5907,33.3473],[131.5889,33.3489],[131.588,33.3479],[131.5864,33.3496],[131.5879,33.3504],[131.5872,33.3501],[131.5867,33.3518],[131.5846,33.3515],[131.5832,33.3539],[131.5808,33.3537],[131.5807,33.3526],[131.5829,33.3529],[131.5857,33.3472],[131.5877,33.3466],[131.5868,33.3456],[131.5799,33.3481],[131.57,33.3492],[131.5704,33.3498],[131.5636,33.352],[131.5583,33.351],[131.556,33.3533],[131.5545,33.3526],[131.5567,33.3521],[131.5576,33.3501],[131.5499,33.3501],[131.5482,33.3525],[131.5434,33.3548],[131.5432,33.358],[131.5414,33.3592],[131.5416,33.3594],[131.5411,33.3597],[131.5411,33.3601],[131.5427,33.3596],[131.5393,33.3634],[131.5378,33.3636],[131.5389,33.3655],[131.536,33.3659],[131.5351,33.3649],[131.5301,33.3672],[131.5241,33.3677],[131.5179,33.3648],[131.5093,33.3632],[131.5077,33.361],[131.5024,33.3618],[131.4989,33.3603],[131.5006,33.3582],[131.4982,33.3587],[131.4985,33.3574],[131.4993,33.3569],[131.4997,33.3578],[131.5006,33.3578],[131.4993,33.3568],[131.4979,33.3512],[131.4985,33.3495],[131.4964,33.3464],[131.4968,33.3505],[131.4917,33.3497],[131.4847,33.3526],[131.4817,33.3509],[131.4815,33.349],[131.48,33.3488],[131.4798,33.3495],[131.4828,33.3519],[131.4714,33.3543],[131.4658,33.3518],[131.4559,33.3505],[131.4505,33.3479],[131.4419,33.3493],[131.4391,33.3481],[131.4413,33.3456],[131.433,33.3432],[131.4349,33.345],[131.4289,33.3455],[131.4227,33.3429],[131.4198,33.3434],[131.4167,33.3457],[131.4163,33.3493],[131.4187,33.3518],[131.4284,33.3542],[131.433,33.3573],[131.4337,33.3555],[131.4461,33.3676],[131.446,33.3686],[131.4534,33.3745],[131.4475,33.3802],[131.4495,33.3786],[131.4514,33.3804],[131.4509,33.385],[131.4534,33.3861],[131.4529,33.3927],[131.4663,33.3886],[131.4683,33.3864],[131.4715,33.3872],[131.4727,33.3859],[131.4768,33.3873],[131.4814,33.3843],[131.4828,33.385],[131.4843,33.3892],[131.4872,33.3901],[131.4904,33.3905],[131.4945,33.389],[131.4959,33.3906],[131.4981,33.3902],[131.4996,33.3914],[131.5102,33.3916],[131.513,33.3902],[131.5129,33.3972],[131.5251,33.3969],[131.5248,33.4017],[131.5231,33.4028],[131.5238,33.4039],[131.5224,33.4044],[131.5311,33.4099],[131.5327,33.414],[131.5374,33.4148],[131.544,33.4194],[131.5453,33.421],[131.5441,33.4214],[131.545,33.4239],[131.5443,33.4261],[131.5479,33.4275],[131.5503,33.4266],[131.5541,33.4277]]],[[[131.5882,33.3457],[131.5883,33.3456],[131.5872,33.3456],[131.5882,33.3457]]],[[[131.541,33.3593],[131.5411,33.3592],[131.541,33.3592],[131.541,33.3593]]],[[[131.607,33.37],[131.607,33.3701],[131.6071,33.3701],[131.607,33.37]]],[[[131.6072,33.3701],[131.6071,33.3702],[131.6072,33.3701],[131.6072,33.3701]]],[[[131.608,33.3704],[131.6079,33.3705],[131.6081,33.3705],[131.608,33.3704]]],[[[131.6083,33.3706],[131.6082,33.3708],[131.6084,33.3708],[131.6083,33.3706]]],[[[131.6143,33.3709],[131.6143,33.3709],[131.6145,33.3708],[131.6143,33.3709]]]]}}]}