{"type":"FeatureCollection","pref_code":"46","features":[{"type":"Feature","properties":{"code":"46201","name":"鹿児島市","pref_code":"46","pref":"鹿児島県"},"geometry":{"type":"MultiPolygon","coordinates":[[[[130.5588,31.3438],[130.5591,31.3432],[130.5592,31.3427],[130.5588,31.3438]]],[[[130.5561,31.3494],[130.5562,31.3495],[130.5561,31.3494],[130.5561,31.3494]]],[[[130.551,31.3743],[130.5518,31.3746],[130.5537,31.3775],[130.5518,31.3745],[130.551,31.3743]]],[[[130.5242,31.4288],[130.5235,31.429],[130.5242,31.4288],[130.5242,31.4288]]],[[[130.5185,31.4398],[130.5185,31.4399],[130.5186,31.4398],[130.5185,31.4398]]],[[[130.5185,31.4399],[130.5185,31.4399],[130.5185,31.4399],[130.5185,31.4399]]],[[[130.5185,31.4399],[130.5185,31.44],[130.5185,31.44],[130.5185,31.4399]]],[[[130.5185,31.44],[130.5185,31.44],[130.5185,31.44],[130.5185,31.44]]],[[[130.5187,31.4487],[130.5185,31.4485],[130.5185,31.4486],[130.5187,31.4487]]],[[[130.5176,31.4498],[130.5177,31.45],[130.5176,31.4497],[130.5176,31.4498]]],[[[130.5178,31.4602],[130.5182,31.4594],[130.5178,31.4602],[130.5178,31.4602]]],[[[130.5158,31.4607],[130.5161,31.4598],[130.5157,31.4606],[130.5158,31.4607]]],[[[130.5412,31.5007],[130.5391,31.4859],[130.5403,31.4829],[130.5402,31.4829],[130.539,31.4859],[130.5412,31.5007]]],[[[130.5321,31.5065],[130.5322,31.5065],[130.5322,31.5064],[130.5321,31.5065]]],[[[130.5298,31.507],[130.5315,31.5067],[130.5315,31.5067],[130.5298,31.507]]],[[[130.5319,31.5072],[130.5321,31.5073],[130.5326,31.5072],[130.5319,31.5072]]],[[[130.5383,31.7516],[130.5399,31.7524],[130.5467,31.7495],[130.5499,31.7513],[130.5523,31.7494],[130.5564,31.7498],[130.5618,31.7482],[130.5636,31.7492],[130.5683,31.7463],[130.574,31.7473],[130.577,31.7437],[130.583,31.7421],[130.5839,31.7402],[130.5849,31.7402],[130.5834,31.737],[130.585,31.7314],[130.5868,31.7306],[130.5861,31.7279],[130.5839,31.7275],[130.5819,31.7298],[130.5751,31.7279],[130.5735,31.7286],[130.5739,31.7269],[130.5723,31.7268],[130.5736,31.7247],[130.5725,31.7207],[130.5676,31.7185],[130.5628,31.7187],[130.5634,31.717],[130.5626,31.7161],[130.5651,31.7131],[130.5644,31.7116],[130.5652,31.7085],[130.5684,31.7068],[130.5698,31.7041],[130.5778,31.7009],[130.58,31.6972],[130.5832,31.6972],[130.587,31.6943],[130.592,31.6931],[130.5934,31.6912],[130.5991,31.6898],[130.6015,31.6853],[130.5984,31.6784],[130.6051,31.6753],[130.605,31.6737],[130.6114,31.6729],[130.6132,31.6655],[130.616,31.6607],[130.6198,31.6592],[130.6184,31.6563],[130.6113,31.6554],[130.6062,31.6499],[130.6033,31.6452],[130.6019,31.6312],[130.5942,31.6254],[130.5863,31.6223],[130.5821,31.618],[130.5775,31.6171],[130.5756,31.6143],[130.5742,31.6084],[130.575,31.6071],[130.5725,31.6033],[130.5706,31.6036],[130.572,31.6014],[130.5707,31.6029],[130.5678,31.6008],[130.5686,31.6015],[130.5679,31.6022],[130.5664,31.6017],[130.5653,31.6007],[130.5664,31.5998],[130.5672,31.6003],[130.5628,31.5972],[130.5638,31.597],[130.5633,31.5938],[130.5646,31.5924],[130.5676,31.5925],[130.5677,31.5912],[130.5636,31.5911],[130.5641,31.5874],[130.5628,31.5873],[130.5628,31.5858],[130.5651,31.5871],[130.566,31.5861],[130.565,31.5898],[130.5708,31.5834],[130.5698,31.5845],[130.5665,31.5847],[130.5648,31.5817],[130.5666,31.5796],[130.5712,31.582],[130.5695,31.5792],[130.5703,31.5735],[130.5619,31.556],[130.5615,31.5579],[130.5607,31.5574],[130.5608,31.5552],[130.5623,31.5553],[130.5607,31.5552],[130.5615,31.5542],[130.5603,31.5526],[130.5627,31.5529],[130.5603,31.5526],[130.5588,31.5465],[130.5549,31.547],[130.5504,31.5456],[130.5504,31.5489],[130.5476,31.5493],[130.547,31.5467],[130.5462,31.547],[130.5448,31.545],[130.5506,31.544],[130.5492,31.5441],[130.5477,31.5408],[130.5485,31.5398],[130.5457,31.5375],[130.5424,31.5393],[130.546,31.5371],[130.5451,31.5353],[130.5459,31.537],[130.5428,31.5389],[130.5395,31.5364],[130.5414,31.535],[130.5358,31.5292],[130.5391,31.5282],[130.5422,31.5345],[130.5415,31.5349],[130.5458,31.5335],[130.5439,31.5335],[130.5375,31.5195],[130.5331,31.5072],[130.5334,31.5071],[130.5346,31.5054],[130.5334,31.5071],[130.5214,31.5093],[130.5194,31.5043],[130.5303,31.5017],[130.5304,31.5006],[130.5375,31.502],[130.534,31.5012],[130.5334,31.4971],[130.5365,31.4967],[130.5361,31.4942],[130.536,31.4933],[130.5328,31.4936],[130.5314,31.4843],[130.5257,31.4849],[130.5245,31.4862],[130.5243,31.4905],[130.5207,31.4924],[130.5191,31.4901],[130.5146,31.4942],[130.5137,31.4908],[130.5197,31.4876],[130.5198,31.4855],[130.5152,31.4879],[130.5147,31.486],[130.5181,31.4839],[130.5177,31.4823],[130.5148,31.4826],[130.5145,31.4804],[130.5145,31.4816],[130.5136,31.4817],[130.5132,31.4788],[130.5133,31.4778],[130.5174,31.4772],[130.517,31.474],[130.5196,31.4737],[130.5192,31.4715],[130.5328,31.47],[130.5334,31.474],[130.5348,31.4735],[130.5457,31.479],[130.5348,31.4734],[130.5339,31.4735],[130.5322,31.4623],[130.5155,31.4642],[130.5138,31.4675],[130.5129,31.4622],[130.5163,31.461],[130.5145,31.4601],[130.5136,31.4584],[130.5142,31.4568],[130.5155,31.4571],[130.5155,31.4579],[130.5176,31.4593],[130.5147,31.4556],[130.5168,31.4518],[130.5163,31.4507],[130.5176,31.4496],[130.5189,31.4489],[130.5183,31.4484],[130.5177,31.447],[130.5184,31.4377],[130.5214,31.4342],[130.5212,31.4316],[130.5234,31.4284],[130.5225,31.4286],[130.5227,31.427],[130.5235,31.4274],[130.5239,31.4285],[130.524,31.4284],[130.5236,31.4274],[130.5229,31.427],[130.5249,31.4246],[130.5239,31.4184],[130.5262,31.4111],[130.5255,31.41],[130.5263,31.4105],[130.5276,31.4073],[130.5305,31.4059],[130.5315,31.4013],[130.5353,31.3963],[130.5344,31.3958],[130.5348,31.3946],[130.5346,31.3958],[130.5369,31.3971],[130.5394,31.3938],[130.5405,31.394],[130.5376,31.3927],[130.539,31.3908],[130.5426,31.3928],[130.541,31.3943],[130.5415,31.3942],[130.5427,31.3927],[130.5501,31.3965],[130.5582,31.3861],[130.5479,31.3797],[130.5432,31.3849],[130.5417,31.3849],[130.543,31.3843],[130.5423,31.384],[130.5425,31.3834],[130.5435,31.3836],[130.5458,31.3793],[130.5478,31.3789],[130.5467,31.3782],[130.5504,31.3799],[130.552,31.3776],[130.5503,31.3798],[130.5484,31.3787],[130.5487,31.3767],[130.551,31.377],[130.547,31.3759],[130.5461,31.3744],[130.5543,31.3516],[130.5562,31.35],[130.556,31.349],[130.5578,31.3435],[130.5586,31.3432],[130.5589,31.3394],[130.5647,31.3225],[130.5733,31.3114],[130.58,31.3076],[130.5796,31.3066],[130.58,31.3068],[130.58,31.3073],[130.5814,31.3087],[130.5825,31.3087],[130.5805,31.3076],[130.5811,31.3068],[130.5818,31.3075],[130.5807,31.3063],[130.5841,31.3046],[130.5819,31.3027],[130.5791,31.3041],[130.5783,31.302],[130.573,31.2992],[130.5714,31.297],[130.5637,31.2976],[130.5615,31.2954],[130.5589,31.2961],[130.5572,31.2945],[130.5547,31.295],[130.5455,31.2933],[130.539,31.2948],[130.5395,31.2984],[130.5365,31.3011],[130.5322,31.3079],[130.5281,31.3111],[130.5279,31.3226],[130.5225,31.3238],[130.5215,31.328],[130.518,31.3313],[130.5078,31.3299],[130.5054,31.3309],[130.5051,31.3323],[130.5023,31.3326],[130.5009,31.3339],[130.5015,31.3376],[130.4998,31.3388],[130.4969,31.3381],[130.4944,31.3392],[130.4902,31.3459],[130.4901,31.3499],[130.4951,31.3591],[130.5015,31.3638],[130.5057,31.3653],[130.5057,31.3684],[130.5074,31.3715],[130.5057,31.3785],[130.5074,31.381],[130.5072,31.3861],[130.5087,31.3866],[130.5105,31.3926],[130.5101,31.3955],[130.5072,31.3981],[130.508,31.3997],[130.5072,31.4007],[130.5086,31.4029],[130.5073,31.4047],[130.5025,31.4056],[130.5024,31.4073],[130.4987,31.41],[130.4951,31.411],[130.4972,31.4131],[130.497,31.4162],[130.4959,31.418],[130.4939,31.4179],[130.4935,31.4197],[130.4906,31.4195],[130.4879,31.4234],[130.4837,31.4367],[130.4864,31.446],[130.4829,31.4538],[130.4837,31.461],[130.4724,31.4581],[130.4693,31.4593],[130.4695,31.4623],[130.466,31.462],[130.4639,31.4633],[130.458,31.4622],[130.457,31.4657],[130.4544,31.4664],[130.4515,31.4658],[130.4473,31.475],[130.4459,31.4758],[130.4452,31.4831],[130.4434,31.4837],[130.4436,31.4855],[130.4408,31.4893],[130.4373,31.4899],[130.4334,31.4939],[130.434,31.4946],[130.4329,31.497],[130.4371,31.4984],[130.4373,31.5001],[130.4484,31.5098],[130.4482,31.5115],[130.4462,31.5126],[130.4468,31.5149],[130.4494,31.5174],[130.4468,31.5199],[130.4463,31.5235],[130.4483,31.5264],[130.4469,31.5277],[130.4474,31.5306],[130.4349,31.5389],[130.4338,31.5381],[130.4284,31.539],[130.4272,31.5423],[130.425,31.5423],[130.4241,31.5466],[130.4215,31.5466],[130.4189,31.5481],[130.4203,31.5514],[130.419,31.5533],[130.4201,31.5551],[130.4178,31.5584],[130.4156,31.5598],[130.412,31.5589],[130.4126,31.5629],[130.4113,31.5648],[130.4037,31.5646],[130.4024,31.5669],[130.3989,31.5679],[130.3922,31.5737],[130.3896,31.5784],[130.3867,31.58],[130.3904,31.5806],[130.3879,31.5823],[130.3893,31.585],[130.3964,31.5901],[130.3965,31.5917],[130.3997,31.5936],[130.4018,31.597],[130.406,31.5963],[130.4086,31.5975],[130.4099,31.5955],[130.4122,31.5956],[130.4133,31.594],[130.4148,31.596],[130.415,31.5998],[130.4178,31.5999],[130.4199,31.6021],[130.4214,31.6013],[130.4246,31.6022],[130.4246,31.6061],[130.4281,31.6052],[130.4279,31.6069],[130.4268,31.6068],[130.4262,31.6074],[130.4273,31.6071],[130.4277,31.6086],[130.4298,31.6074],[130.4303,31.6091],[130.4264,31.6109],[130.4261,31.6125],[130.4207,31.6164],[130.4227,31.6216],[130.4243,31.623],[130.4284,31.6233],[130.428,31.6254],[130.436,31.6256],[130.4375,31.6307],[130.4522,31.6291],[130.4601,31.6307],[130.4675,31.6272],[130.471,31.6362],[130.4652,31.6397],[130.4642,31.6458],[130.4604,31.6504],[130.4609,31.6532],[130.4586,31.6547],[130.4514,31.6551],[130.4468,31.6588],[130.4446,31.6554],[130.4423,31.6552],[130.4419,31.6581],[130.44,31.6595],[130.441,31.6614],[130.4394,31.663],[130.4424,31.6701],[130.4428,31.6737],[130.4414,31.6788],[130.4427,31.6826],[130.4391,31.6804],[130.4373,31.6806],[130.4373,31.6853],[130.4357,31.6911],[130.4362,31.6939],[130.4349,31.6969],[130.4278,31.6996],[130.426,31.6986],[130.4231,31.7002],[130.4204,31.6993],[130.4206,31.7021],[130.4194,31.7038],[130.4203,31.7102],[130.4194,31.7113],[130.4179,31.7106],[130.4139,31.7124],[130.4128,31.7169],[130.4147,31.7165],[130.415,31.7182],[130.4206,31.7189],[130.425,31.7258],[130.4281,31.727],[130.4297,31.7306],[130.4315,31.7304],[130.4329,31.7324],[130.437,31.733],[130.4453,31.7321],[130.4483,31.7344],[130.4546,31.7364],[130.4609,31.7353],[130.464,31.7332],[130.464,31.7311],[130.4673,31.7312],[130.4692,31.7293],[130.4738,31.7301],[130.4761,31.728],[130.4834,31.7288],[130.4837,31.727],[130.4857,31.7275],[130.489,31.7235],[130.4931,31.7253],[130.4946,31.7239],[130.4963,31.7246],[130.4983,31.723],[130.5007,31.7263],[130.5061,31.7294],[130.5019,31.7343],[130.5008,31.7375],[130.5015,31.7442],[130.5082,31.7456],[130.5142,31.7455],[130.5171,31.7467],[130.5203,31.746],[130.5238,31.7493],[130.5265,31.7495],[130.5312,31.7523],[130.5365,31.7525],[130.5383,31.7516]]],[[[130.5535,31.528],[130.5504,31.529],[130.5539,31.5281],[130.5573,31.5292],[130.5545,31.5282],[130.5535,31.528]]],[[[130.5465,31.5368],[130.5462,31.5369],[130.5465,31.537],[130.5465,31.5368]]],[[[130.5562,31.5342],[130.5502,31.5364],[130.5514,31.5388],[130.5496,31.54],[130.5577,31.5373],[130.5562,31.5342]]],[[[130.5672,31.5943],[130.5637,31.594],[130.5637,31.5959],[130.5674,31.5976],[130.5672,31.5943]]],[[[130.5664,31.5997],[130.5665,31.5996],[130.5664,31.5996],[130.5664,31.5997]]],[[[130.5666,31.5997],[130.5667,31.5996],[130.5666,31.5996],[130.5666,31.5997]]],[[[130.582,31.3082],[130.582,31.3078],[130.582,31.3078],[130.582,31.3082]]],[[[130.5824,31.3081],[130.5825,31.3083],[130.5826,31.3083],[130.5824,31.3081]]],[[[130.5835,31.3081],[130.5833,31.3088],[130.5833,31.3089],[130.5836,31.3085],[130.5835,31.3081]]],[[[130.6151,31.5413],[130.6151,31.5413],[130.6152,31.5413],[130.6151,31.5413]]],[[[130.616,31.5422],[130.6161,31.5422],[130.6161,31.5422],[130.616,31.5422]]],[[[130.6169,31.5436],[130.6164,31.5439],[130.6166,31.5441],[130.6169,31.5436]]],[[[130.6166,31.546],[130.6162,31.5444],[130.6166,31.5424],[130.6153,31.5422],[130.6147,31.5415],[130.6141,31.5436],[130.6153,31.546],[130.6166,31.546]]],[[[130.6228,31.553],[130.6228,31.5531],[130.6228,31.553],[130.6228,31.553]]],[[[130.6253,31.5538],[130.6254,31.5539],[130.6254,31.5538],[130.6253,31.5538]]],[[[130.6193,31.5601],[130.6201,31.56],[130.6193,31.5601],[130.6193,31.5601]]],[[[130.6189,31.56],[130.6185,31.5606],[130.619,31.5601],[130.6189,31.56]]],[[[130.6175,31.5622],[130.6176,31.5623],[130.6176,31.5623],[130.6175,31.5622]]],[[[130.5923,31.5669],[130.5911,31.5661],[130.5924,31.5682],[130.5923,31.5669]]],[[[130.5922,31.569],[130.5905,31.566],[130.5893,31.5669],[130.5922,31.569]]],[[[130.6027,31.5734],[130.6027,31.5734],[130.6027,31.5734],[130.6027,31.5734]]],[[[130.6028,31.5734],[130.6027,31.5735],[130.6028,31.5735],[130.6028,31.5734]]],[[[130.5716,31.5852],[130.5742,31.5911],[130.5743,31.5911],[130.5716,31.5852]]],[[[130.5995,31.5926],[130.5995,31.5927],[130.5995,31.5926],[130.5995,31.5926]]],[[[130.5996,31.5927],[130.5996,31.5927],[130.5996,31.5927],[130.5996,31.5927]]],[[[130.573,31.5938],[130.5727,31.5979],[130.5728,31.5979],[130.573,31.5938]]],[[[130.5686,31.5987],[130.5684,31.5985],[130.5693,31.6009],[130.5686,31.5987]]],[[[130.5728,31.5988],[130.5722,31.601],[130.5727,31.6002],[130.5728,31.5988]]],[[[130.607,31.6002],[130.6071,31.5997],[130.6071,31.6007],[130.607,31.6002]]],[[[130.6449,31.5466],[130.6448,31.5465],[130.6448,31.5466],[130.6449,31.5466]]],[[[130.6432,31.5467],[130.6432,31.5467],[130.6432,31.5467],[130.6432,31.5467]]],[[[130.6464,31.5485],[130.6464,31.5486],[130.6464,31.5486],[130.6464,31.5485]]],[[[130.6498,31.5494],[130.6498,31.5494],[130.6498,31.5494],[130.6498,31.5494]]],[[[130.693,31.5504],[130.6918,31.5506],[130.6912,31.5508],[130.6921,31.5509],[130.693,31.5504]]],[[[130.6918,31.5524],[130.692,31.5519],[130.6913,31.5521],[130.6918,31.5524]]],[[[130.726,31.5608],[130.7256,31.5612],[130.726,31.5609],[130.726,31.5608]]],[[[130.7255,31.5611],[130.7251,31.5615],[130.7255,31.5612],[130.7255,31.5611]]],[[[130.725,31.5615],[130.7245,31.5618],[130.725,31.5615],[130.725,31.5615]]],[[[130.7242,31.5625],[130.7238,31.5626],[130.7239,31.5627],[130.7242,31.5625]]],[[[130.7209,31.5661],[130.7206,31.566],[130.7207,31.5662],[130.7209,31.5661]]],[[[130.7198,31.5674],[130.721,31.5674],[130.7214,31.5668],[130.7198,31.5674]]],[[[130.679,31.6293],[130.6849,31.6214],[130.6862,31.6212],[130.6866,31.6231],[130.6905,31.6229],[130.6921,31.6246],[130.6942,31.6229],[130.6961,31.625],[130.6974,31.6242],[130.6958,31.6228],[130.6996,31.6211],[130.6998,31.619],[130.6989,31.6184],[130.7017,31.6147],[130.7089,31.6117],[130.707,31.6093],[130.71,31.6069],[130.71,31.6081],[130.7102,31.6051],[130.7172,31.6028],[130.7119,31.5982],[130.7111,31.5996],[130.7096,31.5998],[130.7099,31.5986],[130.7124,31.5975],[130.7111,31.5968],[130.7127,31.5958],[130.7121,31.5941],[130.7144,31.5951],[130.715,31.5934],[130.718,31.5933],[130.719,31.591],[130.7179,31.5901],[130.7179,31.587],[130.7168,31.5872],[130.7154,31.5848],[130.7146,31.5851],[130.7141,31.5851],[130.714,31.5849],[130.7151,31.584],[130.7147,31.5828],[130.712,31.5817],[130.7094,31.5821],[130.7097,31.5829],[130.7082,31.5822],[130.7106,31.5817],[130.7095,31.579],[130.7114,31.5769],[130.7142,31.5771],[130.7161,31.5745],[130.7132,31.5737],[130.7149,31.5706],[130.7103,31.5673],[130.7125,31.566],[130.7158,31.5673],[130.715,31.566],[130.7161,31.5661],[130.7157,31.5647],[130.7214,31.5658],[130.7211,31.5637],[130.7232,31.5632],[130.7238,31.562],[130.7207,31.5637],[130.7159,31.5597],[130.6941,31.555],[130.6938,31.5547],[130.694,31.5542],[130.6947,31.555],[130.696,31.5542],[130.6949,31.5538],[130.696,31.5527],[130.6954,31.5518],[130.69,31.5529],[130.6889,31.5517],[130.6883,31.5539],[130.6852,31.5532],[130.6891,31.5506],[130.6881,31.5489],[130.6866,31.5497],[130.6878,31.5483],[130.6872,31.5474],[130.6847,31.5483],[130.685,31.5452],[130.6838,31.546],[130.6823,31.5445],[130.6818,31.5458],[130.68,31.5441],[130.679,31.5456],[130.6772,31.544],[130.678,31.5459],[130.6777,31.5463],[130.676,31.5449],[130.6753,31.5481],[130.6776,31.5484],[130.6755,31.5507],[130.6764,31.5531],[130.6759,31.554],[130.6741,31.5521],[130.6756,31.5515],[130.6729,31.5486],[130.6722,31.5507],[130.6709,31.5504],[130.6698,31.5526],[130.6673,31.5521],[130.6654,31.5534],[130.6628,31.5518],[130.655,31.5513],[130.6508,31.5505],[130.6497,31.5493],[130.6473,31.5501],[130.6448,31.5468],[130.6417,31.5471],[130.6391,31.5451],[130.6356,31.5466],[130.6358,31.5501],[130.6328,31.551],[130.6334,31.5528],[130.631,31.5537],[130.6326,31.5535],[130.6296,31.5561],[130.6277,31.5571],[130.6277,31.5555],[130.6264,31.5554],[130.6236,31.5523],[130.6229,31.5532],[130.6209,31.5545],[130.6204,31.5553],[130.6205,31.5613],[130.6194,31.5604],[130.6186,31.5621],[130.6167,31.5625],[130.6125,31.5623],[130.6119,31.5646],[130.6132,31.5664],[130.6079,31.5727],[130.6089,31.5717],[130.6094,31.5719],[130.6085,31.5745],[130.6071,31.5745],[130.6023,31.5734],[130.5984,31.5763],[130.5994,31.5774],[130.598,31.5797],[130.5988,31.5815],[130.5965,31.5791],[130.5919,31.5811],[130.5914,31.5825],[130.5926,31.5846],[130.5911,31.5888],[130.5922,31.5896],[130.5919,31.5904],[130.5934,31.5917],[130.597,31.5922],[130.5963,31.5926],[130.5966,31.5936],[130.5977,31.5918],[130.5997,31.5927],[130.5982,31.5952],[130.5986,31.5969],[130.5976,31.5967],[130.5977,31.5951],[130.5972,31.5945],[130.5975,31.5967],[130.6001,31.5972],[130.604,31.5968],[130.6039,31.5971],[130.6041,31.5972],[130.6042,31.5968],[130.6063,31.5974],[130.6086,31.6016],[130.6069,31.601],[130.6076,31.6018],[130.6087,31.6016],[130.6087,31.6038],[130.6108,31.6058],[130.6114,31.6088],[130.6187,31.6136],[130.6209,31.6171],[130.6246,31.6198],[130.6326,31.6218],[130.637,31.6204],[130.6425,31.6207],[130.6498,31.6224],[130.6533,31.6251],[130.6618,31.6268],[130.6661,31.6263],[130.6649,31.6271],[130.666,31.6269],[130.6663,31.6261],[130.6684,31.6274],[130.6703,31.6272],[130.6734,31.6255],[130.6745,31.6259],[130.6736,31.6248],[130.6747,31.6247],[130.6765,31.6285],[130.679,31.6293]]],[[[130.711,31.5992],[130.7109,31.5992],[130.7109,31.5992],[130.711,31.5992]]],[[[130.7105,31.5996],[130.7106,31.5995],[130.7104,31.5995],[130.7105,31.5996]]],[[[130.7106,31.5996],[130.7106,31.5997],[130.7106,31.5996],[130.7106,31.5996]]],[[[130.7249,31.619],[130.7236,31.6166],[130.7212,31.6157],[130.7214,31.6176],[130.7207,31.6178],[130.7203,31.6181],[130.7217,31.6184],[130.7206,31.6191],[130.7239,31.621],[130.7249,31.619]]],[[[130.6641,31.6269],[130.664,31.6269],[130.6644,31.6272],[130.6641,31.6269]]],[[[130.7049,31.628],[130.7049,31.6285],[130.7051,31.6284],[130.7049,31.628]]],[[[130.7288,31.6341],[130.7295,31.6331],[130.7287,31.633],[130.7288,31.6341]]],[[[130.7251,31.6372],[130.7246,31.6375],[130.7255,31.6379],[130.7251,31.6372]]]]}},{"type":"Feature","properties":{"code":"46203","name":"鹿屋市","pref_code":"46","pref":"鹿児島県"},"geometry":{"type":"MultiPolygon","coordinates":[[[[130.7878,31.3414],[130.7879,31.3412],[130.7876,31.3413],[130.7878,31.3414]]],[[[130.787,31.3418],[130.7871,31.3422],[130.7873,31.3419],[130.787,31.3418]]],[[[130.7909,31.3424],[130.7909,31.3421],[130.7907,31.3423],[130.7909,31.3424]]],[[[130.7904,31.3479],[130.7894,31.3488],[130.7899,31.3484],[130.7904,31.3479]]],[[[130.7898,31.3491],[130.7902,31.3496],[130.791,31.3499],[130.7903,31.3496],[130.7898,31.3491]]],[[[130.7908,31.3541],[130.7909,31.3544],[130.791,31.3544],[130.7908,31.3541]]],[[[130.7907,31.3565],[130.7907,31.3564],[130.7906,31.3566],[130.7907,31.3565]]],[[[130.7834,31.3659],[130.7838,31.366],[130.7837,31.3658],[130.7834,31.3659]]],[[[130.7664,31.3896],[130.7665,31.39],[130.767,31.388],[130.7664,31.3896]]],[[[130.7694,31.396],[130.7694,31.3962],[130.7695,31.396],[130.7694,31.396]]],[[[130.7682,31.4004],[130.7679,31.4004],[130.7679,31.4005],[130.7682,31.4004]]],[[[130.7602,31.41],[130.7592,31.4086],[130.7586,31.4023],[130.7591,31.4085],[130.7602,31.41]]],[[[130.7642,31.4085],[130.7641,31.4083],[130.7641,31.4086],[130.7642,31.4085]]],[[[130.7912,31.3433],[130.7916,31.3435],[130.7915,31.3432],[130.7912,31.3433]]],[[[130.7913,31.3446],[130.7911,31.3446],[130.7913,31.3447],[130.7913,31.3446]]],[[[130.7922,31.3447],[130.7917,31.3449],[130.7922,31.345],[130.7922,31.3447]]],[[[130.7923,31.3455],[130.7921,31.3454],[130.7922,31.3456],[130.7923,31.3455]]],[[[130.7911,31.3455],[130.791,31.3459],[130.7914,31.346],[130.7911,31.3455]]],[[[130.7921,31.3457],[130.792,31.346],[130.7923,31.3458],[130.7921,31.3457]]],[[[130.7912,31.3531],[130.7912,31.3531],[130.7913,31.3532],[130.7912,31.3531]]],[[[130.791,31.3541],[130.7909,31.3541],[130.7908,31.3541],[130.791,31.3541]]],[[[130.7911,31.3544],[130.791,31.3545],[130.7911,31.3545],[130.7911,31.3544]]],[[[130.7914,31.3551],[130.7914,31.3552],[130.7915,31.3552],[130.7914,31.3551]]],[[[130.7911,31.3563],[130.7909,31.3561],[130.7909,31.3562],[130.7911,31.3563]]],[[[130.791,31.3563],[130.791,31.3565],[130.7911,31.3563],[130.791,31.3563]]],[[[130.8684,31.6078],[130.875,31.607],[130.8841,31.6028],[130.8874,31.5995],[130.8903,31.5988],[130.8947,31.5948],[130.8974,31.5899],[130.8977,31.5852],[130.9031,31.5845],[130.9038,31.5811],[130.9078,31.5785],[130.9136,31.5702],[130.9238,31.5668],[130.9271,31.5631],[130.9294,31.5622],[130.9282,31.5611],[130.928,31.558],[130.9267,31.5572],[130.926,31.5535],[130.9246,31.5518],[130.9201,31.5507],[130.9164,31.5429],[130.9168,31.5379],[130.9205,31.5346],[130.9199,31.5327],[130.9208,31.5302],[130.9193,31.5232],[130.9174,31.5214],[130.92,31.5178],[130.9194,31.5146],[130.9241,31.5114],[130.9154,31.5023],[130.9025,31.5023],[130.9003,31.4992],[130.9003,31.4894],[130.9016,31.487],[130.9009,31.4849],[130.9026,31.4842],[130.9035,31.4823],[130.9078,31.4808],[130.9103,31.4756],[130.9097,31.4741],[130.9154,31.4712],[130.9146,31.4698],[130.9162,31.4679],[130.9235,31.4691],[130.9285,31.4675],[130.9402,31.4664],[130.9453,31.4643],[130.9489,31.4535],[130.9565,31.4379],[130.9537,31.4351],[130.955,31.433],[130.9545,31.4298],[130.9556,31.4256],[130.9526,31.4186],[130.9552,31.4109],[130.9598,31.4081],[130.9585,31.4036],[130.9587,31.4001],[130.9624,31.3955],[130.9607,31.388],[130.9617,31.381],[130.9636,31.3794],[130.9656,31.3808],[130.9691,31.3791],[130.9721,31.3803],[130.9696,31.3763],[130.965,31.3747],[130.969,31.3681],[130.9677,31.3648],[130.9646,31.3664],[130.9612,31.3661],[130.9641,31.3628],[130.9608,31.3633],[130.9593,31.3679],[130.9576,31.3645],[130.9526,31.3623],[130.9517,31.361],[130.9523,31.3646],[130.9503,31.3645],[130.9495,31.3626],[130.9462,31.3664],[130.9454,31.3639],[130.9425,31.3639],[130.9449,31.3612],[130.9437,31.3601],[130.9409,31.3608],[130.9357,31.3591],[130.9352,31.3578],[130.9332,31.359],[130.9294,31.3585],[130.9288,31.3617],[130.9265,31.3624],[130.9256,31.3606],[130.9241,31.3637],[130.9143,31.3674],[130.9079,31.3727],[130.9056,31.3781],[130.9085,31.3846],[130.9081,31.3901],[130.9024,31.3922],[130.9022,31.3941],[130.8979,31.3962],[130.8956,31.3962],[130.8948,31.3882],[130.8974,31.3733],[130.904,31.3688],[130.9039,31.3644],[130.9062,31.3614],[130.9114,31.3607],[130.913,31.3617],[130.9145,31.3586],[130.916,31.3496],[130.9152,31.3419],[130.9167,31.3379],[130.9156,31.3353],[130.9174,31.3259],[130.9165,31.3223],[130.917,31.317],[130.9195,31.3117],[130.9252,31.3054],[130.9249,31.2974],[130.9279,31.2945],[130.9308,31.2872],[130.925,31.2803],[130.9263,31.2794],[130.9297,31.2666],[130.9329,31.2613],[130.9316,31.2545],[130.9353,31.2512],[130.9386,31.2459],[130.9384,31.2411],[130.9355,31.2337],[130.9262,31.2278],[130.9247,31.2293],[130.9204,31.2293],[130.9192,31.2307],[130.9165,31.2309],[130.9121,31.2385],[130.9044,31.2417],[130.9029,31.2472],[130.8994,31.252],[130.8898,31.2491],[130.8878,31.2506],[130.8831,31.2582],[130.8789,31.2616],[130.8771,31.2647],[130.8774,31.2659],[130.8743,31.2697],[130.8731,31.2693],[130.8702,31.2709],[130.8675,31.2691],[130.8608,31.2721],[130.8597,31.274],[130.8637,31.2779],[130.8631,31.282],[130.8683,31.291],[130.8673,31.2943],[130.8652,31.295],[130.8616,31.2989],[130.8454,31.3007],[130.8404,31.3058],[130.8345,31.3085],[130.8266,31.309],[130.8244,31.3075],[130.8207,31.307],[130.8115,31.3102],[130.8095,31.3097],[130.8065,31.3061],[130.8045,31.2995],[130.7981,31.2996],[130.793,31.2957],[130.7916,31.2962],[130.7919,31.3004],[130.7904,31.306],[130.7957,31.3119],[130.7946,31.3154],[130.8,31.3222],[130.7998,31.3264],[130.8023,31.3278],[130.8035,31.3327],[130.8028,31.337],[130.8032,31.3363],[130.8034,31.3362],[130.8034,31.3363],[130.7978,31.3437],[130.7919,31.3463],[130.7923,31.3476],[130.7905,31.349],[130.792,31.3483],[130.7937,31.3492],[130.7924,31.3498],[130.7929,31.3505],[130.7917,31.3495],[130.7912,31.3495],[130.7922,31.3504],[130.7933,31.3507],[130.791,31.3541],[130.791,31.3542],[130.7916,31.3549],[130.7913,31.3584],[130.7883,31.362],[130.7849,31.3624],[130.7841,31.3668],[130.7823,31.3673],[130.7798,31.3716],[130.7779,31.3715],[130.7808,31.3741],[130.7809,31.3761],[130.7802,31.3779],[130.7771,31.3795],[130.7774,31.381],[130.7758,31.3814],[130.7768,31.3824],[130.7762,31.3857],[130.773,31.3879],[130.7704,31.3879],[130.7711,31.393],[130.7697,31.396],[130.7689,31.3967],[130.7688,31.3988],[130.7662,31.3999],[130.7684,31.4002],[130.7685,31.4011],[130.7669,31.401],[130.7687,31.4016],[130.7678,31.4032],[130.7669,31.4044],[130.7651,31.4035],[130.7654,31.4028],[130.7669,31.4035],[130.7655,31.4022],[130.7656,31.4022],[130.7658,31.4006],[130.7656,31.4021],[130.7612,31.4037],[130.7627,31.4032],[130.7664,31.4056],[130.7651,31.4059],[130.7661,31.4058],[130.7654,31.407],[130.7647,31.406],[130.7657,31.4077],[130.7623,31.4097],[130.7608,31.4123],[130.76,31.4157],[130.7607,31.4184],[130.7591,31.4208],[130.7628,31.4233],[130.7651,31.4229],[130.7656,31.4256],[130.771,31.4293],[130.7731,31.4304],[130.7763,31.4298],[130.7797,31.433],[130.7809,31.4311],[130.7906,31.4334],[130.793,31.4326],[130.7936,31.4304],[130.7955,31.4347],[130.7954,31.4399],[130.8027,31.4433],[130.8071,31.4495],[130.8072,31.4538],[130.8063,31.4549],[130.8087,31.4592],[130.8093,31.4659],[130.8143,31.469],[130.814,31.4711],[130.8185,31.4774],[130.8184,31.4794],[130.817,31.4807],[130.8188,31.4858],[130.8164,31.4891],[130.8173,31.4924],[130.8136,31.4956],[130.8124,31.4993],[130.8038,31.5008],[130.8035,31.5027],[130.8002,31.5046],[130.7941,31.5111],[130.7952,31.5141],[130.7978,31.5143],[130.8013,31.5176],[130.8011,31.5191],[130.8073,31.5283],[130.8059,31.5314],[130.8015,31.5308],[130.8033,31.5396],[130.8112,31.5407],[130.8165,31.5462],[130.8122,31.5556],[130.8121,31.5583],[130.8182,31.5616],[130.8169,31.564],[130.8191,31.565],[130.8165,31.5705],[130.8209,31.5756],[130.8209,31.5775],[130.8193,31.5805],[130.8204,31.5818],[130.8181,31.5844],[130.824,31.5868],[130.8231,31.589],[130.8257,31.5907],[130.8248,31.5929],[130.8277,31.5957],[130.827,31.6013],[130.8253,31.6041],[130.8234,31.6048],[130.8261,31.6065],[130.8323,31.6062],[130.8356,31.6076],[130.8475,31.609],[130.847,31.6128],[130.8513,31.6156],[130.8536,31.6151],[130.8561,31.617],[130.8576,31.615],[130.8591,31.6154],[130.8591,31.6143],[130.8613,31.6131],[130.863,31.6103],[130.8645,31.6105],[130.8684,31.6078]]]]}},{"type":"Feature","properties":{"code":"46204","name":"枕崎市","pref_code":"46","pref":"鹿児島県"},"geometry":{"type":"MultiPolygon","coordinates":[[[[130.278,31.2432],[130.2781,31.2431],[130.278,31.2431],[130.278,31.2432]]],[[[130.2793,31.2439],[130.2783,31.2437],[130.2792,31.2446],[130.2793,31.2439]]],[[[130.2787,31.2449],[130.2788,31.2449],[130.2788,31.2449],[130.2787,31.2449]]],[[[130.2781,31.2455],[130.2782,31.2455],[130.2781,31.2455],[130.2781,31.2455]]],[[[130.2782,31.2457],[130.2782,31.2457],[130.2782,31.2457],[130.2782,31.2457]]],[[[130.2763,31.246],[130.2763,31.2459],[130.2763,31.2459],[130.2763,31.246]]],[[[130.2765,31.2461],[130.2766,31.2461],[130.2765,31.2461],[130.2765,31.2461]]],[[[130.2789,31.2463],[130.2789,31.2463],[130.2789,31.2463],[130.2789,31.2463]]],[[[130.2769,31.2463],[130.277,31.2464],[130.277,31.2463],[130.2769,31.2463]]],[[[130.2792,31.2468],[130.2793,31.2467],[130.2792,31.2467],[130.2792,31.2468]]],[[[130.271,31.2487],[130.2712,31.2488],[130.2711,31.2486],[130.271,31.2487]]],[[[130.2719,31.2495],[130.272,31.2495],[130.2719,31.2494],[130.2719,31.2495]]],[[[130.2799,31.2507],[130.28,31.2507],[130.2799,31.2507],[130.2799,31.2507]]],[[[130.2716,31.2508],[130.2717,31.2508],[130.2716,31.2508],[130.2716,31.2508]]],[[[130.2709,31.251],[130.2709,31.2509],[130.2709,31.2509],[130.2709,31.251]]],[[[130.2712,31.2511],[130.2712,31.251],[130.2711,31.2511],[130.2712,31.2511]]],[[[130.2711,31.2512],[130.271,31.2512],[130.271,31.2512],[130.2711,31.2512]]],[[[130.2808,31.2518],[130.2809,31.2518],[130.2809,31.2517],[130.2808,31.2518]]],[[[130.2809,31.2524],[130.2809,31.2523],[130.2809,31.2523],[130.2809,31.2524]]],[[[130.2655,31.254],[130.2656,31.2539],[130.2655,31.2539],[130.2655,31.254]]],[[[130.2819,31.2567],[130.282,31.2566],[130.282,31.2566],[130.2819,31.2567]]],[[[130.282,31.257],[130.282,31.257],[130.282,31.2569],[130.282,31.257]]],[[[130.2818,31.2572],[130.2819,31.2572],[130.2818,31.2571],[130.2818,31.2572]]],[[[130.2906,31.255],[130.2886,31.2551],[130.2878,31.2555],[130.289,31.2555],[130.2906,31.255]]],[[[130.3202,31.2553],[130.3204,31.2554],[130.3205,31.2553],[130.3202,31.2553]]],[[[130.316,31.2556],[130.3162,31.2557],[130.316,31.2556],[130.316,31.2556]]],[[[130.32,31.2558],[130.3201,31.2557],[130.32,31.2557],[130.32,31.2558]]],[[[130.3163,31.256],[130.3164,31.2559],[130.3163,31.2559],[130.3163,31.256]]],[[[130.3164,31.2562],[130.3165,31.2562],[130.3164,31.2561],[130.3164,31.2562]]],[[[130.3183,31.2564],[130.3183,31.2561],[130.3179,31.2563],[130.3183,31.2564]]],[[[130.319,31.2563],[130.319,31.2562],[130.3189,31.2562],[130.319,31.2563]]],[[[130.3187,31.2564],[130.3187,31.2563],[130.3187,31.2563],[130.3187,31.2564]]],[[[130.3168,31.2565],[130.3169,31.2566],[130.3169,31.2564],[130.3168,31.2565]]],[[[130.3165,31.2564],[130.3166,31.2566],[130.3166,31.2564],[130.3165,31.2564]]],[[[130.3121,31.2588],[130.3123,31.2588],[130.3121,31.2587],[130.3121,31.2588]]],[[[130.3142,31.2589],[130.3142,31.2588],[130.3142,31.2588],[130.3142,31.2589]]],[[[130.3132,31.2589],[130.3133,31.2588],[130.3132,31.2588],[130.3132,31.2589]]],[[[130.314,31.2591],[130.3141,31.259],[130.3141,31.259],[130.314,31.2591]]],[[[130.3133,31.2592],[130.3135,31.2592],[130.3133,31.2591],[130.3133,31.2592]]],[[[130.3131,31.2594],[130.3132,31.2593],[130.3131,31.2593],[130.3131,31.2594]]],[[[130.3133,31.2594],[130.3134,31.2594],[130.3133,31.2594],[130.3133,31.2594]]],[[[130.3132,31.2598],[130.3133,31.2598],[130.3132,31.2598],[130.3132,31.2598]]],[[[130.3131,31.2598],[130.3131,31.2598],[130.3131,31.2598],[130.3131,31.2598]]],[[[130.3018,31.2633],[130.3019,31.2633],[130.3018,31.2633],[130.3018,31.2633]]],[[[130.302,31.2633],[130.3021,31.2633],[130.302,31.2633],[130.302,31.2633]]],[[[130.3008,31.3395],[130.3087,31.337],[130.3091,31.3353],[130.3116,31.3351],[130.321,31.3233],[130.3265,31.32],[130.3276,31.3139],[130.3314,31.3091],[130.3331,31.3089],[130.3353,31.3104],[130.3402,31.3094],[130.3423,31.3106],[130.3481,31.3089],[130.352,31.3102],[130.358,31.315],[130.3617,31.3119],[130.3627,31.3121],[130.3653,31.3149],[130.3655,31.317],[130.3702,31.3195],[130.3715,31.3143],[130.3761,31.3081],[130.3641,31.3012],[130.3633,31.2994],[130.364,31.2973],[130.3626,31.2959],[130.364,31.2913],[130.3655,31.2902],[130.363,31.286],[130.3645,31.2842],[130.3649,31.2776],[130.3673,31.2734],[130.3679,31.27],[130.3667,31.2561],[130.3688,31.2535],[130.3673,31.2509],[130.3618,31.2524],[130.3625,31.2547],[130.3616,31.2558],[130.3613,31.2517],[130.3576,31.2502],[130.3553,31.2503],[130.3552,31.2513],[130.3538,31.2498],[130.3513,31.2502],[130.3503,31.2527],[130.3469,31.2522],[130.3461,31.2545],[130.3438,31.2541],[130.3441,31.2558],[130.3368,31.2551],[130.3363,31.2563],[130.3364,31.2575],[130.3361,31.2579],[130.3363,31.2555],[130.3349,31.2548],[130.333,31.2549],[130.3328,31.2563],[130.3312,31.2547],[130.3311,31.2556],[130.3282,31.2555],[130.3279,31.2576],[130.3259,31.2562],[130.3248,31.2575],[130.3231,31.2552],[130.3216,31.2569],[130.3204,31.2558],[130.3188,31.2561],[130.3194,31.2562],[130.3194,31.2565],[130.3152,31.2577],[130.3102,31.2652],[130.3078,31.2668],[130.3019,31.2648],[130.3017,31.2638],[130.2985,31.2636],[130.2951,31.2598],[130.2922,31.2587],[130.2964,31.2616],[130.296,31.2648],[130.2937,31.2653],[130.2953,31.2659],[130.2961,31.2649],[130.2972,31.2671],[130.291,31.2695],[130.29,31.2686],[130.289,31.2695],[130.2889,31.2686],[130.289,31.2695],[130.2879,31.2696],[130.2876,31.2683],[130.293,31.268],[130.2946,31.2668],[130.2927,31.2658],[130.2883,31.2664],[130.2881,31.2639],[130.2926,31.2629],[130.292,31.2617],[130.293,31.2612],[130.2862,31.2627],[130.2867,31.2676],[130.2842,31.2674],[130.2824,31.2656],[130.2816,31.261],[130.2816,31.2578],[130.2824,31.254],[130.2784,31.2497],[130.2787,31.2475],[130.2778,31.2459],[130.2752,31.249],[130.2622,31.2562],[130.2638,31.2593],[130.2619,31.2645],[130.2549,31.2699],[130.2512,31.2768],[130.2586,31.2809],[130.2579,31.2837],[130.263,31.2887],[130.2651,31.2894],[130.2668,31.2929],[130.2589,31.2957],[130.2571,31.2991],[130.252,31.303],[130.2429,31.305],[130.2433,31.307],[130.2469,31.313],[130.2503,31.3111],[130.2532,31.3122],[130.2602,31.3112],[130.2622,31.3116],[130.2634,31.3137],[130.2686,31.3144],[130.271,31.3171],[130.2734,31.3176],[130.2782,31.3239],[130.2801,31.3243],[130.285,31.3309],[130.2868,31.3317],[130.2919,31.3308],[130.2953,31.3369],[130.3008,31.3395]]],[[[130.351,31.2505],[130.3511,31.2505],[130.3511,31.2504],[130.351,31.2505]]],[[[130.3505,31.2508],[130.3506,31.2507],[130.3505,31.2507],[130.3505,31.2508]]],[[[130.3594,31.2509],[130.3593,31.2509],[130.3593,31.2509],[130.3594,31.2509]]],[[[130.3504,31.251],[130.3505,31.2509],[130.3504,31.2509],[130.3504,31.251]]],[[[130.3484,31.2519],[130.3485,31.2518],[130.3484,31.2518],[130.3484,31.2519]]],[[[130.3483,31.2521],[130.3485,31.2521],[130.3483,31.252],[130.3483,31.2521]]],[[[130.3463,31.253],[130.3465,31.2531],[130.3463,31.2529],[130.3463,31.253]]],[[[130.346,31.2532],[130.3462,31.2534],[130.3462,31.2534],[130.346,31.2532]]],[[[130.3441,31.2538],[130.3441,31.2538],[130.344,31.2537],[130.3441,31.2538]]],[[[130.3447,31.2539],[130.3448,31.2538],[130.3446,31.2537],[130.3447,31.2539]]],[[[130.345,31.2538],[130.3451,31.2538],[130.3449,31.2538],[130.345,31.2538]]],[[[130.3436,31.254],[130.3438,31.254],[130.3436,31.254],[130.3436,31.254]]],[[[130.3341,31.2543],[130.3342,31.2542],[130.3341,31.2542],[130.3341,31.2543]]],[[[130.3338,31.2543],[130.3339,31.2543],[130.3338,31.2542],[130.3338,31.2543]]],[[[130.3348,31.2543],[130.3348,31.2543],[130.3348,31.2542],[130.3348,31.2543]]],[[[130.3352,31.2543],[130.3354,31.2544],[130.3353,31.2543],[130.3352,31.2543]]],[[[130.3379,31.2549],[130.3378,31.2548],[130.3378,31.2549],[130.3379,31.2549]]],[[[130.3397,31.255],[130.3398,31.2549],[130.3398,31.2549],[130.3397,31.255]]],[[[130.3428,31.2549],[130.343,31.255],[130.3428,31.2549],[130.3428,31.2549]]],[[[130.3401,31.255],[130.3401,31.2549],[130.34,31.2549],[130.3401,31.255]]],[[[130.339,31.2551],[130.339,31.255],[130.339,31.255],[130.339,31.2551]]],[[[130.3396,31.2553],[130.3398,31.2553],[130.3397,31.2552],[130.3396,31.2553]]]]}},{"type":"Feature","properties":{"code":"46206","name":"阿久根市","pref_code":"46","pref":"鹿児島県"},"geometry":{"type":"MultiPolygon","coordinates":[[[[130.1635,32.0201],[130.1641,32.0198],[130.1635,32.0199],[130.1635,32.0201]]],[[[130.1635,32.0202],[130.1633,32.0202],[130.1634,32.0203],[130.1635,32.0202]]],[[[130.1661,32.0202],[130.166,32.0202],[130.1661,32.0203],[130.1661,32.0202]]],[[[130.1644,32.0203],[130.1651,32.0216],[130.1648,32.0203],[130.1644,32.0203]]],[[[130.1644,32.0214],[130.1643,32.0214],[130.1644,32.0215],[130.1644,32.0214]]],[[[130.1631,32.0221],[130.1631,32.0221],[130.1632,32.0221],[130.1631,32.0221]]],[[[130.1624,32.0224],[130.1624,32.0225],[130.1625,32.0226],[130.1624,32.0224]]],[[[130.1633,32.0228],[130.1632,32.0227],[130.1632,32.0228],[130.1633,32.0228]]],[[[130.1634,32.023],[130.1633,32.023],[130.1633,32.023],[130.1634,32.023]]],[[[130.1625,32.0232],[130.1625,32.0233],[130.1626,32.0233],[130.1625,32.0232]]],[[[130.1638,32.0239],[130.1637,32.0237],[130.1637,32.0239],[130.1638,32.0239]]],[[[130.1613,32.0242],[130.1613,32.0243],[130.1615,32.0243],[130.1613,32.0242]]],[[[130.1651,32.0242],[130.1651,32.0243],[130.1651,32.0243],[130.1651,32.0242]]],[[[130.161,32.0242],[130.161,32.0244],[130.1611,32.0244],[130.161,32.0242]]],[[[130.1622,32.0244],[130.1621,32.0244],[130.1622,32.0245],[130.1622,32.0244]]],[[[130.1627,32.0244],[130.1632,32.0245],[130.1628,32.0243],[130.1627,32.0244]]],[[[130.1636,32.0246],[130.1634,32.0246],[130.1635,32.0247],[130.1636,32.0246]]],[[[130.1653,32.0248],[130.1654,32.0247],[130.1652,32.0245],[130.1653,32.0248]]],[[[130.1612,32.0248],[130.1612,32.0247],[130.1606,32.0245],[130.1612,32.0248]]],[[[130.1632,32.0249],[130.1632,32.0249],[130.1631,32.0249],[130.1632,32.0249]]],[[[130.1609,32.025],[130.1609,32.0251],[130.161,32.0251],[130.1609,32.025]]],[[[130.1628,32.0251],[130.1627,32.0252],[130.1628,32.0251],[130.1628,32.0251]]],[[[130.1615,32.0263],[130.1635,32.0271],[130.1626,32.0283],[130.1649,32.029],[130.166,32.0274],[130.1663,32.0276],[130.1671,32.028],[130.1661,32.0275],[130.1659,32.0273],[130.1659,32.027],[130.1673,32.0256],[130.1696,32.0256],[130.1698,32.0269],[130.1718,32.0252],[130.1712,32.0226],[130.1687,32.0215],[130.1672,32.0221],[130.165,32.0218],[130.1658,32.0255],[130.164,32.0268],[130.1615,32.0263]]],[[[130.1612,32.0251],[130.1611,32.0251],[130.1612,32.0254],[130.1612,32.0251]]],[[[130.1619,32.0253],[130.1618,32.0254],[130.162,32.0254],[130.1619,32.0253]]],[[[130.1622,32.0254],[130.1622,32.0254],[130.1621,32.0254],[130.1622,32.0254]]],[[[130.1614,32.0259],[130.1617,32.0256],[130.1615,32.0254],[130.1614,32.0259]]],[[[130.1624,32.027],[130.1624,32.0271],[130.1625,32.0271],[130.1624,32.027]]],[[[130.1616,32.0272],[130.1615,32.0272],[130.1616,32.0272],[130.1616,32.0272]]],[[[130.1626,32.0273],[130.1625,32.0273],[130.1626,32.0273],[130.1626,32.0273]]],[[[130.1613,32.0277],[130.1612,32.0277],[130.1612,32.0279],[130.1613,32.0277]]],[[[130.1664,32.0284],[130.1664,32.0283],[130.1662,32.0283],[130.1664,32.0284]]],[[[130.1615,32.0287],[130.1631,32.0294],[130.1622,32.0287],[130.1615,32.0287]]],[[[130.1629,32.0296],[130.1628,32.0296],[130.163,32.0296],[130.1629,32.0296]]],[[[130.1662,32.0298],[130.1661,32.0298],[130.1661,32.0299],[130.1662,32.0298]]],[[[130.1669,32.0301],[130.1669,32.03],[130.1668,32.0301],[130.1669,32.0301]]],[[[130.1625,32.03],[130.1625,32.0301],[130.1626,32.0301],[130.1625,32.03]]],[[[130.1666,32.0304],[130.1665,32.0304],[130.1666,32.0305],[130.1666,32.0304]]],[[[130.1668,32.0304],[130.1668,32.0305],[130.1668,32.0305],[130.1668,32.0304]]],[[[130.1626,32.0312],[130.1624,32.0309],[130.1625,32.0312],[130.1626,32.0312]]],[[[130.1631,32.0312],[130.1631,32.0312],[130.1632,32.0312],[130.1631,32.0312]]],[[[130.163,32.0312],[130.1628,32.0312],[130.1629,32.0313],[130.163,32.0312]]],[[[130.1612,32.0343],[130.1611,32.0342],[130.1612,32.0343],[130.1612,32.0343]]],[[[130.1611,32.0365],[130.1618,32.0375],[130.162,32.0368],[130.1628,32.0374],[130.1632,32.0337],[130.161,32.0323],[130.1615,32.0341],[130.1611,32.0365]]],[[[130.161,32.0362],[130.161,32.036],[130.1609,32.0361],[130.161,32.0362]]],[[[130.161,32.0365],[130.1609,32.0364],[130.161,32.0365],[130.161,32.0365]]],[[[130.1611,32.0368],[130.161,32.0368],[130.1611,32.0368],[130.1611,32.0368]]],[[[130.1616,32.0375],[130.1616,32.0376],[130.1617,32.0376],[130.1616,32.0375]]],[[[130.1625,32.0378],[130.1625,32.0374],[130.1623,32.0376],[130.1625,32.0378]]],[[[130.1629,32.038],[130.1628,32.0385],[130.1631,32.0382],[130.1629,32.038]]],[[[130.1765,31.991],[130.1763,31.9908],[130.1765,31.9911],[130.1765,31.991]]],[[[130.176,32.0023],[130.176,32.0024],[130.176,32.0023],[130.176,32.0023]]],[[[130.1767,32.0034],[130.1771,32.0033],[130.177,32.0031],[130.1767,32.0034]]],[[[130.1758,32.0035],[130.176,32.0038],[130.1764,32.0029],[130.1758,32.0035]]],[[[130.1758,32.0038],[130.1758,32.0039],[130.1758,32.0038],[130.1758,32.0038]]],[[[130.1761,32.0039],[130.176,32.004],[130.1761,32.004],[130.1761,32.0039]]],[[[130.1776,32.0057],[130.1776,32.0058],[130.1777,32.0057],[130.1776,32.0057]]],[[[130.1755,32.0127],[130.1754,32.0127],[130.1755,32.0128],[130.1755,32.0127]]],[[[130.1773,32.013],[130.1773,32.0131],[130.1774,32.0131],[130.1773,32.013]]],[[[130.1777,32.0131],[130.1776,32.0131],[130.1777,32.0131],[130.1777,32.0131]]],[[[130.1771,32.0131],[130.177,32.0131],[130.1771,32.0131],[130.1771,32.0131]]],[[[130.1759,32.0135],[130.1762,32.0135],[130.1762,32.0134],[130.1759,32.0135]]],[[[130.1671,32.0201],[130.1671,32.0201],[130.167,32.0201],[130.1671,32.0201]]],[[[130.1688,32.0212],[130.1687,32.0213],[130.169,32.0213],[130.1688,32.0212]]],[[[130.1697,32.0215],[130.1696,32.0213],[130.1693,32.0215],[130.1697,32.0215]]],[[[130.17,32.0214],[130.1699,32.0215],[130.1701,32.0215],[130.17,32.0214]]],[[[130.1676,32.0215],[130.1675,32.0215],[130.1675,32.0215],[130.1676,32.0215]]],[[[130.1677,32.0217],[130.1676,32.0216],[130.1676,32.0217],[130.1677,32.0217]]],[[[130.1708,32.0219],[130.1708,32.0218],[130.1708,32.0219],[130.1708,32.0219]]],[[[130.1712,32.0222],[130.1711,32.0223],[130.1713,32.0223],[130.1712,32.0222]]],[[[130.1715,32.0225],[130.1715,32.0225],[130.1715,32.0225],[130.1715,32.0225]]],[[[130.1717,32.0226],[130.1716,32.0226],[130.1716,32.0226],[130.1717,32.0226]]],[[[130.1676,32.0282],[130.1676,32.0282],[130.1675,32.0281],[130.1675,32.0282],[130.1671,32.028],[130.1676,32.0282]]],[[[130.1671,32.0286],[130.167,32.0287],[130.1672,32.0287],[130.1671,32.0286]]],[[[130.167,32.0304],[130.167,32.0305],[130.1671,32.0305],[130.167,32.0304]]],[[[130.167,32.0308],[130.167,32.0309],[130.1671,32.0309],[130.167,32.0308]]],[[[130.167,32.031],[130.1669,32.031],[130.167,32.031],[130.167,32.031]]],[[[130.167,32.0312],[130.1669,32.0312],[130.1671,32.0313],[130.167,32.0312]]],[[[130.1672,32.0315],[130.1672,32.0315],[130.1672,32.0315],[130.1672,32.0315]]],[[[130.1707,32.0733],[130.1705,32.0733],[130.1706,32.0734],[130.1707,32.0733]]],[[[130.1705,32.0738],[130.1706,32.0736],[130.1704,32.0735],[130.1705,32.0738]]],[[[130.1778,32.0739],[130.1777,32.0739],[130.1777,32.0739],[130.1778,32.0739]]],[[[130.1706,32.0739],[130.1706,32.074],[130.1706,32.0739],[130.1706,32.0739]]],[[[130.1775,32.074],[130.1775,32.074],[130.1775,32.074],[130.1775,32.074]]],[[[130.1778,32.074],[130.1777,32.074],[130.1778,32.0741],[130.1778,32.074]]],[[[130.1705,32.0742],[130.1705,32.0742],[130.1705,32.0742],[130.1705,32.0742]]],[[[130.1696,32.0746],[130.1699,32.0751],[130.1705,32.0744],[130.1696,32.0746]]],[[[130.1706,32.0751],[130.1704,32.075],[130.1706,32.0751],[130.1706,32.0751]]],[[[130.175,32.0753],[130.1747,32.0752],[130.1749,32.0754],[130.175,32.0753]]],[[[130.1729,32.0763],[130.1731,32.0762],[130.173,32.0761],[130.1729,32.0763]]],[[[130.173,32.0764],[130.1729,32.0764],[130.1729,32.0765],[130.173,32.0764]]],[[[130.1724,32.077],[130.1721,32.0767],[130.1721,32.0771],[130.1724,32.077]]],[[[130.1715,32.0781],[130.1714,32.0781],[130.1715,32.0781],[130.1715,32.0781]]],[[[130.1713,32.0782],[130.1712,32.0782],[130.1713,32.0782],[130.1713,32.0782]]],[[[130.1713,32.0789],[130.1712,32.079],[130.1713,32.079],[130.1713,32.0789]]],[[[130.1712,32.0799],[130.1712,32.0799],[130.1712,32.08],[130.1712,32.0799]]],[[[130.1711,32.0801],[130.1711,32.0801],[130.1712,32.0802],[130.1711,32.0801]]],[[[130.1706,32.0811],[130.1705,32.0811],[130.1706,32.0812],[130.1706,32.0811]]],[[[130.1704,32.0813],[130.1705,32.0813],[130.1704,32.0812],[130.1704,32.0813]]],[[[130.1707,32.0814],[130.1707,32.0813],[130.1706,32.0813],[130.1707,32.0814]]],[[[130.181,31.9906],[130.181,31.9904],[130.1808,31.9906],[130.181,31.9906]]],[[[130.1795,31.992],[130.1795,31.9921],[130.1795,31.992],[130.1795,31.992]]],[[[130.1793,31.9922],[130.1793,31.9923],[130.1793,31.9922],[130.1793,31.9922]]],[[[130.1789,31.9986],[130.1789,31.9986],[130.1789,31.9986],[130.1789,31.9986]]],[[[130.179,31.9987],[130.1791,31.9987],[130.179,31.9986],[130.179,31.9987]]],[[[130.1793,31.9988],[130.1792,31.9987],[130.1792,31.9988],[130.1793,31.9988]]],[[[130.179,32.0],[130.179,32.0],[130.179,31.9999],[130.179,32.0]]],[[[130.1789,32.0001],[130.1789,32.0001],[130.1789,32.0001],[130.1789,32.0001]]],[[[130.1787,32.0016],[130.1789,32.0017],[130.1788,32.0015],[130.1787,32.0016]]],[[[130.1779,32.0025],[130.1778,32.0027],[130.178,32.0027],[130.1779,32.0025]]],[[[130.178,32.0051],[130.178,32.0051],[130.178,32.005],[130.178,32.0051]]],[[[130.1786,32.0055],[130.1784,32.0053],[130.1784,32.0056],[130.1786,32.0055]]],[[[130.1786,32.0061],[130.1786,32.0061],[130.1787,32.006],[130.1786,32.0061]]],[[[130.1788,32.0066],[130.1783,32.0064],[130.1787,32.0067],[130.1788,32.0066]]],[[[130.1783,32.0067],[130.1782,32.0065],[130.1783,32.0067],[130.1783,32.0067]]],[[[130.1801,32.0076],[130.1801,32.0077],[130.1802,32.0077],[130.1801,32.0076]]],[[[130.1791,32.008],[130.1791,32.008],[130.1791,32.008],[130.1791,32.008]]],[[[130.1791,32.0081],[130.179,32.0081],[130.179,32.0081],[130.1791,32.0081]]],[[[130.1797,32.0081],[130.1796,32.0081],[130.1796,32.0082],[130.1797,32.0081]]],[[[130.1791,32.0083],[130.1791,32.0083],[130.1791,32.0082],[130.1791,32.0083]]],[[[130.1792,32.0089],[130.1792,32.0089],[130.1793,32.009],[130.1792,32.0089]]],[[[130.1793,32.0098],[130.1792,32.0098],[130.1793,32.0099],[130.1793,32.0098]]],[[[130.1793,32.0099],[130.1792,32.01],[130.1793,32.01],[130.1793,32.0099]]],[[[130.179,32.0102],[130.179,32.0103],[130.179,32.0102],[130.179,32.0102]]],[[[130.1789,32.0107],[130.1788,32.0108],[130.1789,32.0108],[130.1789,32.0107]]],[[[130.1787,32.011],[130.1786,32.011],[130.1787,32.011],[130.1787,32.011]]],[[[130.1789,32.011],[130.1788,32.011],[130.1788,32.011],[130.1789,32.011]]],[[[130.1786,32.0112],[130.1786,32.0112],[130.1786,32.0112],[130.1786,32.0112]]],[[[130.1788,32.0112],[130.1787,32.0112],[130.1788,32.0112],[130.1788,32.0112]]],[[[130.1783,32.0121],[130.1783,32.0122],[130.1784,32.0123],[130.1783,32.0121]]],[[[130.1784,32.0124],[130.1784,32.0125],[130.1785,32.0125],[130.1784,32.0124]]],[[[130.1781,32.0129],[130.1781,32.0129],[130.1781,32.0129],[130.1781,32.0129]]],[[[130.1786,32.0141],[130.1791,32.0143],[130.179,32.0138],[130.1786,32.0141]]],[[[130.1786,32.0145],[130.1786,32.0145],[130.1786,32.0145],[130.1786,32.0145]]],[[[130.1781,32.0151],[130.1781,32.0151],[130.1782,32.0152],[130.1781,32.0151]]],[[[130.1788,32.0153],[130.1787,32.0153],[130.1787,32.0153],[130.1788,32.0153]]],[[[130.1781,32.0153],[130.178,32.0153],[130.178,32.0153],[130.1781,32.0153]]],[[[130.1789,32.0153],[130.1788,32.0153],[130.1789,32.0153],[130.1789,32.0153]]],[[[130.179,32.0154],[130.179,32.0155],[130.179,32.0154],[130.179,32.0154]]],[[[130.1785,32.0155],[130.1783,32.0154],[130.1784,32.0155],[130.1785,32.0155]]],[[[130.1781,32.0155],[130.1781,32.0155],[130.1781,32.0155],[130.1781,32.0155]]],[[[130.1792,32.0155],[130.1791,32.0155],[130.1791,32.0155],[130.1792,32.0155]]],[[[130.1788,32.0156],[130.1788,32.0156],[130.179,32.0157],[130.1788,32.0156]]],[[[130.1797,32.0157],[130.1797,32.0158],[130.1798,32.0157],[130.1797,32.0157]]],[[[130.18,32.0158],[130.18,32.0158],[130.1801,32.0158],[130.18,32.0158]]],[[[130.1818,32.016],[130.1818,32.0159],[130.1817,32.0159],[130.1818,32.016]]],[[[130.1815,32.0162],[130.1815,32.0163],[130.1815,32.0163],[130.1815,32.0162]]],[[[130.1809,32.0164],[130.1808,32.0164],[130.1808,32.0164],[130.1809,32.0164]]],[[[130.1802,32.0165],[130.1801,32.0163],[130.1799,32.0165],[130.1802,32.0165]]],[[[130.18,32.0168],[130.1799,32.0166],[130.1799,32.0168],[130.18,32.0168]]],[[[130.1884,31.9797],[130.1884,31.9798],[130.1884,31.9797],[130.1884,31.9797]]],[[[130.1894,31.9801],[130.1895,31.9802],[130.1894,31.9801],[130.1894,31.9801]]],[[[130.1904,31.9803],[130.1905,31.9802],[130.1904,31.9801],[130.1904,31.9803]]],[[[130.1954,31.9802],[130.1954,31.9802],[130.1953,31.9802],[130.1954,31.9802]]],[[[130.1903,31.9805],[130.1904,31.9805],[130.1903,31.9804],[130.1903,31.9805]]],[[[130.1902,31.9807],[130.1901,31.9808],[130.1903,31.9808],[130.1902,31.9807]]],[[[130.1939,31.9809],[130.1939,31.9808],[130.1937,31.9808],[130.1939,31.9809]]],[[[130.1941,31.9813],[130.1941,31.9812],[130.1938,31.9813],[130.1941,31.9813]]],[[[130.1958,31.9822],[130.1959,31.9821],[130.1958,31.9821],[130.1958,31.9822]]],[[[130.1901,31.9874],[130.19,31.9872],[130.1898,31.9874],[130.1901,31.9874]]],[[[130.1893,31.9874],[130.1894,31.9875],[130.1894,31.9873],[130.1893,31.9874]]],[[[130.1893,31.9884],[130.1892,31.9882],[130.1891,31.9884],[130.1893,31.9884]]],[[[130.1889,31.9886],[130.1891,31.9887],[130.1891,31.9886],[130.1889,31.9886]]],[[[130.1863,31.9934],[130.1862,31.9933],[130.1862,31.9934],[130.1863,31.9934]]],[[[130.1848,31.9939],[130.1846,31.994],[130.1846,31.9941],[130.1848,31.9939]]],[[[130.1862,32.0154],[130.1863,32.0155],[130.1863,32.0154],[130.1862,32.0154]]],[[[130.1862,32.0159],[130.1862,32.0159],[130.1863,32.0159],[130.1862,32.0159]]],[[[130.1868,32.016],[130.1868,32.0161],[130.1868,32.016],[130.1868,32.016]]],[[[130.1863,32.0161],[130.1863,32.0161],[130.1864,32.0161],[130.1863,32.0161]]],[[[130.1868,32.0162],[130.1868,32.0162],[130.1869,32.0162],[130.1868,32.0162]]],[[[130.183,32.0164],[130.1821,32.0163],[130.183,32.0165],[130.183,32.0164]]],[[[130.1911,32.0174],[130.191,32.0174],[130.1911,32.0174],[130.1911,32.0174]]],[[[130.1899,32.0174],[130.1895,32.0176],[130.1895,32.0178],[130.1899,32.0174]]],[[[130.1899,32.0178],[130.1899,32.0177],[130.1898,32.0177],[130.1899,32.0178]]],[[[130.19,32.018],[130.1901,32.018],[130.1901,32.0179],[130.19,32.018]]],[[[130.1898,32.018],[130.1898,32.018],[130.1899,32.018],[130.1898,32.018]]],[[[130.1901,32.0181],[130.1901,32.0181],[130.1901,32.0182],[130.1901,32.0181]]],[[[130.1899,32.0183],[130.1899,32.0183],[130.1899,32.0183],[130.1899,32.0183]]],[[[130.1887,32.0205],[130.1885,32.0205],[130.1888,32.0213],[130.1887,32.0205]]],[[[130.183,32.0271],[130.1845,32.0301],[130.1846,32.03],[130.183,32.0271]]],[[[130.1897,32.0315],[130.1897,32.0316],[130.1897,32.0315],[130.1897,32.0315]]],[[[130.191,32.0314],[130.1874,32.0333],[130.1896,32.0334],[130.191,32.0314]]],[[[130.1839,32.034],[130.184,32.034],[130.184,32.0339],[130.1839,32.034]]],[[[130.182,32.0337],[130.1812,32.0348],[130.1834,32.0347],[130.1836,32.0341],[130.182,32.0337]]],[[[130.1836,32.0346],[130.1837,32.0345],[130.1836,32.0345],[130.1836,32.0346]]],[[[130.1961,32.0378],[130.1953,32.0373],[130.196,32.0379],[130.1961,32.0378]]],[[[130.1956,32.0742],[130.1955,32.0742],[130.1955,32.0743],[130.1956,32.0742]]],[[[130.1956,32.0743],[130.1956,32.0744],[130.1956,32.0743],[130.1956,32.0743]]],[[[130.1956,32.0744],[130.1956,32.0744],[130.1956,32.0743],[130.1956,32.0744],[130.1956,32.0744]]],[[[130.1958,32.0744],[130.1958,32.0744],[130.1958,32.0744],[130.1958,32.0744]]],[[[130.1956,32.0744],[130.1956,32.0744],[130.1956,32.0744],[130.1956,32.0744]]],[[[130.1956,32.0744],[130.1956,32.0744],[130.1956,32.0744],[130.1956,32.0744]]],[[[130.1958,32.0744],[130.1958,32.0744],[130.1958,32.0744],[130.1958,32.0744]]],[[[130.1955,32.0745],[130.1955,32.0745],[130.1955,32.0745],[130.1955,32.0745]]],[[[130.1953,32.0745],[130.1953,32.0745],[130.1953,32.0745],[130.1953,32.0745]]],[[[130.1954,32.0745],[130.1954,32.0745],[130.1954,32.0745],[130.1954,32.0745]]],[[[130.1955,32.0745],[130.1955,32.0745],[130.1955,32.0745],[130.1955,32.0745]]],[[[130.1954,32.0745],[130.1954,32.0745],[130.1954,32.0745],[130.1954,32.0745]]],[[[130.1951,32.0747],[130.195,32.0746],[130.195,32.0747],[130.1951,32.0747]]],[[[130.1901,32.0795],[130.188,32.0798],[130.1881,32.0809],[130.1896,32.0813],[130.1901,32.0795]]],[[[130.2111,31.9606],[130.2111,31.9606],[130.2111,31.9606],[130.2111,31.9606]]],[[[130.2109,31.961],[130.211,31.961],[130.2109,31.9609],[130.2109,31.961]]],[[[130.2111,31.9618],[130.2112,31.9619],[130.2112,31.9618],[130.2111,31.9618]]],[[[130.2113,31.9621],[130.211,31.9621],[130.2113,31.9622],[130.2113,31.9621]]],[[[130.2104,31.9642],[130.2102,31.964],[130.2103,31.9643],[130.2104,31.9642]]],[[[130.2114,31.9645],[130.2114,31.9645],[130.2113,31.9645],[130.2114,31.9645]]],[[[130.2113,31.9648],[130.2114,31.9648],[130.2113,31.9647],[130.2113,31.9648]]],[[[130.2112,31.9651],[130.2112,31.9651],[130.2112,31.965],[130.2112,31.9651]]],[[[130.2101,31.9653],[130.2102,31.9653],[130.2102,31.9652],[130.2101,31.9653]]],[[[130.2099,31.9657],[130.21,31.9657],[130.21,31.9657],[130.2099,31.9657]]],[[[130.2101,31.9665],[130.2101,31.9665],[130.2102,31.9666],[130.2101,31.9665]]],[[[130.2104,31.9668],[130.2103,31.9669],[130.2104,31.9668],[130.2104,31.9668]]],[[[130.2098,31.9688],[130.2099,31.9688],[130.2097,31.9687],[130.2098,31.9688]]],[[[130.2087,31.969],[130.2088,31.969],[130.2087,31.969],[130.2087,31.969]]],[[[130.2093,31.9691],[130.2092,31.9691],[130.2093,31.9692],[130.2093,31.9691]]],[[[130.2065,31.9702],[130.2065,31.9702],[130.2065,31.9703],[130.2065,31.9702]]],[[[130.2067,31.9705],[130.2067,31.9706],[130.2067,31.9704],[130.2067,31.9705]]],[[[130.2017,31.9712],[130.2016,31.971],[130.2013,31.9712],[130.2017,31.9712]]],[[[130.201,31.9712],[130.2011,31.9713],[130.2011,31.9712],[130.201,31.9712]]],[[[130.2006,31.9716],[130.201,31.9717],[130.2005,31.9712],[130.2006,31.9716]]],[[[130.2073,31.9722],[130.2073,31.9722],[130.2073,31.9723],[130.2073,31.9722]]],[[[130.2014,31.9722],[130.2015,31.9723],[130.2014,31.9722],[130.2014,31.9722]]],[[[130.204,31.9723],[130.2038,31.9723],[130.2039,31.9725],[130.204,31.9723]]],[[[130.2073,31.9724],[130.2074,31.9724],[130.2073,31.9724],[130.2073,31.9724]]],[[[130.2056,31.9727],[130.2054,31.9726],[130.2054,31.9728],[130.2056,31.9727]]],[[[130.2007,31.9722],[130.2014,31.9734],[130.2016,31.9725],[130.2007,31.9722]]],[[[130.2019,31.9728],[130.2019,31.9729],[130.2019,31.9728],[130.2019,31.9728]]],[[[130.2061,31.9729],[130.2062,31.973],[130.2062,31.9729],[130.2061,31.9729]]],[[[130.2013,31.9749],[130.2012,31.975],[130.2013,31.975],[130.2013,31.9749]]],[[[130.2011,31.9753],[130.2012,31.9753],[130.2013,31.9753],[130.2011,31.9753]]],[[[130.2045,31.9755],[130.2045,31.9754],[130.2041,31.9756],[130.2045,31.9755]]],[[[130.2006,31.9768],[130.2007,31.9768],[130.2006,31.9768],[130.2006,31.9768]]],[[[130.2003,31.9769],[130.2003,31.9768],[130.2003,31.9768],[130.2003,31.9769]]],[[[130.1976,31.9769],[130.1977,31.977],[130.1977,31.9769],[130.1976,31.9769]]],[[[130.2024,31.9771],[130.2024,31.9771],[130.2024,31.977],[130.2024,31.9771]]],[[[130.1976,31.9771],[130.1976,31.9771],[130.1976,31.9771],[130.1976,31.9771]]],[[[130.198,31.9772],[130.198,31.9771],[130.1979,31.9771],[130.198,31.9772]]],[[[130.2021,31.9771],[130.2022,31.9772],[130.2022,31.9772],[130.2021,31.9771]]],[[[130.2018,31.9772],[130.2018,31.9773],[130.2019,31.9773],[130.2018,31.9772]]],[[[130.198,31.9774],[130.1981,31.9774],[130.198,31.9773],[130.198,31.9774]]],[[[130.1986,31.9779],[130.1985,31.9776],[130.198,31.9777],[130.1986,31.9779]]],[[[130.196,31.979],[130.1959,31.9801],[130.1953,31.9804],[130.1964,31.9811],[130.1974,31.9798],[130.196,31.979]]],[[[130.198,31.9807],[130.198,31.9806],[130.1979,31.9807],[130.198,31.9807]]],[[[130.1982,31.9808],[130.1983,31.9808],[130.1982,31.9807],[130.1982,31.9808]]],[[[130.1966,31.9816],[130.1966,31.9817],[130.1966,31.9816],[130.1966,31.9816]]],[[[130.1967,31.9819],[130.1969,31.9819],[130.1967,31.9818],[130.1967,31.9819]]],[[[130.2,31.9841],[130.1996,31.9844],[130.1999,31.9846],[130.2,31.9841]]],[[[130.1958,32.0743],[130.1958,32.0743],[130.1958,32.0744],[130.1958,32.0743]]],[[[130.1959,32.0745],[130.1959,32.0745],[130.1959,32.0745],[130.1959,32.0745]]],[[[130.196,32.0746],[130.196,32.0746],[130.196,32.0746],[130.196,32.0746]]],[[[130.2195,31.9296],[130.2195,31.9297],[130.2197,31.9296],[130.2195,31.9296]]],[[[130.219,31.9322],[130.219,31.9323],[130.2191,31.9323],[130.219,31.9322]]],[[[130.2194,31.9325],[130.2196,31.9325],[130.2195,31.9324],[130.2194,31.9325]]],[[[130.2189,31.9327],[130.2187,31.9328],[130.2191,31.9329],[130.2189,31.9327]]],[[[130.2188,31.9333],[130.219,31.9333],[130.2188,31.9332],[130.2188,31.9333]]],[[[130.2178,31.9338],[130.2179,31.9339],[130.2179,31.9338],[130.2178,31.9338]]],[[[130.2178,31.9342],[130.2175,31.9342],[130.2175,31.9343],[130.2178,31.9342]]],[[[130.2165,31.9375],[130.2166,31.9376],[130.2166,31.9376],[130.2165,31.9375]]],[[[130.2164,31.9377],[130.2165,31.9377],[130.2164,31.9376],[130.2164,31.9377]]],[[[130.2164,31.9378],[130.2165,31.9378],[130.2165,31.9378],[130.2164,31.9378]]],[[[130.2166,31.938],[130.2166,31.938],[130.2166,31.9379],[130.2166,31.938]]],[[[130.2164,31.938],[130.2164,31.938],[130.2164,31.9379],[130.2164,31.938]]],[[[130.2155,31.9396],[130.2156,31.9396],[130.2156,31.9396],[130.2155,31.9396]]],[[[130.2153,31.94],[130.2153,31.94],[130.2153,31.94],[130.2153,31.94]]],[[[130.2153,31.9404],[130.2151,31.9404],[130.2153,31.9405],[130.2153,31.9404]]],[[[130.2146,31.9555],[130.2147,31.9557],[130.2148,31.955],[130.2146,31.9555]]],[[[130.2148,31.9559],[130.2149,31.9559],[130.2149,31.9559],[130.2148,31.9559]]],[[[130.2146,31.9562],[130.2147,31.9562],[130.2145,31.9561],[130.2146,31.9562]]],[[[130.2142,31.9563],[130.2142,31.9562],[130.2141,31.9564],[130.2142,31.9563]]],[[[130.2143,31.9562],[130.2144,31.9564],[130.2144,31.9562],[130.2143,31.9562]]],[[[130.2142,31.9567],[130.2143,31.9566],[130.2142,31.9566],[130.2142,31.9567]]],[[[130.2131,31.9569],[130.2133,31.957],[130.2133,31.9568],[130.2131,31.9569]]],[[[130.213,31.9575],[130.2131,31.9575],[130.2132,31.9573],[130.213,31.9575]]],[[[130.213,31.9593],[130.213,31.9592],[130.213,31.9592],[130.213,31.9593]]],[[[130.2133,31.9593],[130.2132,31.9593],[130.2133,31.9593],[130.2133,31.9593]]],[[[130.2129,31.9593],[130.2129,31.9594],[130.213,31.9594],[130.2129,31.9593]]],[[[130.2131,31.9594],[130.2132,31.9594],[130.2131,31.9594],[130.2131,31.9594]]],[[[130.213,31.9596],[130.2131,31.9596],[130.2131,31.9595],[130.213,31.9596]]],[[[130.2121,31.9605],[130.2121,31.9605],[130.212,31.9605],[130.2121,31.9605]]],[[[130.2116,31.9607],[130.2116,31.9607],[130.2117,31.9607],[130.2116,31.9607]]],[[[130.2123,31.9608],[130.2123,31.9609],[130.2126,31.9609],[130.2123,31.9608]]],[[[130.2117,31.9609],[130.2118,31.961],[130.2119,31.9609],[130.2117,31.9609]]],[[[130.2123,31.961],[130.2124,31.9611],[130.2124,31.961],[130.2123,31.961]]],[[[130.2124,31.9612],[130.2123,31.9612],[130.2123,31.9613],[130.2124,31.9612]]],[[[130.212,31.9614],[130.2121,31.9614],[130.2121,31.9614],[130.212,31.9614]]],[[[130.2115,31.9621],[130.2116,31.9621],[130.2116,31.962],[130.2115,31.9621]]],[[[130.212,31.9622],[130.2121,31.9622],[130.2121,31.9621],[130.212,31.9622]]],[[[130.2117,31.9623],[130.2118,31.9623],[130.2118,31.9622],[130.2117,31.9623]]],[[[130.2123,31.9624],[130.2122,31.9624],[130.212,31.9626],[130.2123,31.9624]]],[[[130.2117,31.9625],[130.2117,31.9626],[130.2118,31.9626],[130.2117,31.9625]]],[[[130.2121,31.9628],[130.2121,31.9628],[130.2123,31.9627],[130.2121,31.9628]]],[[[130.2268,32.1013],[130.2288,32.0999],[130.2302,32.0958],[130.2344,32.0903],[130.2327,32.0904],[130.2333,32.088],[130.2347,32.0885],[130.2332,32.0869],[130.2365,32.0834],[130.234,32.0827],[130.2325,32.0699],[130.2354,32.0682],[130.237,32.0655],[130.2391,32.0673],[130.2411,32.0664],[130.2511,32.0578],[130.2486,32.0523],[130.2514,32.0499],[130.2518,32.0465],[130.2491,32.0481],[130.2463,32.045],[130.2497,32.0415],[130.2497,32.0397],[130.2449,32.0393],[130.2491,32.0358],[130.2503,32.0331],[130.2462,32.0321],[130.244,32.0302],[130.2454,32.0269],[130.2484,32.0255],[130.2536,32.0263],[130.2576,32.0209],[130.2641,32.0209],[130.2663,32.0203],[130.2677,32.0184],[130.2714,32.0186],[130.2724,32.0151],[130.2764,32.0134],[130.279,32.0106],[130.289,32.0074],[130.292,32.0043],[130.2972,32.0018],[130.2946,31.9965],[130.2978,31.9905],[130.306,31.9878],[130.3072,31.9843],[130.3123,31.9773],[130.3113,31.9732],[130.307,31.9689],[130.3027,31.967],[130.3013,31.9588],[130.2962,31.9523],[130.2887,31.953],[130.2868,31.9516],[130.2805,31.9594],[130.2783,31.959],[130.2731,31.963],[130.2725,31.9657],[130.2691,31.9654],[130.268,31.9674],[130.2668,31.9669],[130.2651,31.964],[130.2652,31.9608],[130.2691,31.9503],[130.2687,31.9457],[130.2653,31.9411],[130.2661,31.9393],[130.2653,31.9385],[130.2682,31.9374],[130.267,31.9345],[130.2642,31.934],[130.2639,31.9293],[130.2623,31.928],[130.2546,31.9296],[130.2481,31.9327],[130.2474,31.9317],[130.2417,31.9335],[130.2384,31.9316],[130.2344,31.9327],[130.2317,31.9322],[130.2267,31.9282],[130.22,31.9286],[130.2197,31.9328],[130.2174,31.9354],[130.2168,31.9387],[130.2157,31.9399],[130.2168,31.9477],[130.2152,31.9511],[130.2154,31.9547],[130.215,31.9558],[130.2146,31.9565],[130.2136,31.9572],[130.2139,31.9579],[130.2132,31.9576],[130.2139,31.959],[130.2125,31.9611],[130.2122,31.9646],[130.209,31.9722],[130.2044,31.9743],[130.2035,31.9753],[130.205,31.9747],[130.2043,31.9762],[130.2036,31.9754],[130.2043,31.9763],[130.2034,31.9772],[130.2018,31.9777],[130.2009,31.9771],[130.2001,31.9796],[130.1977,31.9817],[130.2,31.9823],[130.1989,31.9829],[130.1984,31.9836],[130.1987,31.9839],[130.1999,31.9826],[130.2036,31.983],[130.2013,31.9848],[130.2012,31.9861],[130.1985,31.986],[130.1972,31.9868],[130.1977,31.9877],[130.1964,31.9876],[130.1965,31.9888],[130.1943,31.9891],[130.1984,31.9901],[130.1979,31.9908],[130.1918,31.9897],[130.191,31.9864],[130.1868,31.9936],[130.1851,31.9937],[130.1865,31.9936],[130.186,31.9951],[130.187,31.996],[130.1838,31.9942],[130.1827,31.9919],[130.1807,31.9907],[130.1773,31.9898],[130.1776,31.9914],[130.1767,31.991],[130.1757,31.9924],[130.1731,31.9919],[130.1758,31.994],[130.1799,31.9917],[130.1824,31.9925],[130.1832,31.995],[130.1826,31.9975],[130.1807,31.999],[130.1802,31.9989],[130.18,31.9982],[130.1795,31.9978],[130.1799,31.9999],[130.1785,32.003],[130.1791,32.0064],[130.1808,32.0077],[130.1793,32.011],[130.1794,32.0145],[130.1788,32.0147],[130.1823,32.0158],[130.1818,32.0143],[130.1834,32.0135],[130.1824,32.0151],[130.1839,32.0151],[130.1838,32.0162],[130.186,32.0152],[130.188,32.0161],[130.1884,32.0172],[130.1897,32.0167],[130.1904,32.0179],[130.1899,32.0186],[130.1892,32.0198],[130.1893,32.0203],[130.191,32.018],[130.191,32.0173],[130.1912,32.0169],[130.1914,32.0169],[130.1913,32.0159],[130.193,32.016],[130.1932,32.0173],[130.19,32.02],[130.1918,32.0192],[130.1926,32.0203],[130.1915,32.0211],[130.1894,32.025],[130.1861,32.0269],[130.1894,32.025],[130.1897,32.0257],[130.1898,32.0257],[130.1915,32.0212],[130.1932,32.0211],[130.194,32.0243],[130.1926,32.0244],[130.1919,32.0233],[130.1925,32.0253],[130.1938,32.0253],[130.1938,32.027],[130.1906,32.0262],[130.191,32.0296],[130.189,32.0296],[130.1887,32.0287],[130.1877,32.0274],[130.1893,32.0309],[130.1946,32.0306],[130.1938,32.0322],[130.1949,32.0325],[130.1945,32.0356],[130.1959,32.037],[130.1953,32.0361],[130.1967,32.0351],[130.1962,32.0364],[130.1973,32.0356],[130.2034,32.0384],[130.2054,32.047],[130.205,32.0506],[130.2041,32.051],[130.2053,32.0518],[130.2038,32.0535],[130.2077,32.0588],[130.2045,32.0694],[130.2012,32.0749],[130.1992,32.077],[130.1974,32.077],[130.1959,32.0763],[130.1963,32.0751],[130.1956,32.0744],[130.1956,32.0745],[130.1947,32.075],[130.1947,32.0751],[130.1938,32.0759],[130.1922,32.0768],[130.1918,32.0777],[130.1905,32.0778],[130.1917,32.0778],[130.1929,32.0845],[130.1907,32.0842],[130.1871,32.0812],[130.1849,32.0824],[130.1838,32.0805],[130.1851,32.0776],[130.1838,32.0805],[130.1808,32.0795],[130.1811,32.0784],[130.1832,32.0788],[130.1827,32.0761],[130.1858,32.0769],[130.1833,32.0761],[130.1838,32.0709],[130.1812,32.0713],[130.1798,32.0739],[130.1738,32.0761],[130.1713,32.0783],[130.1714,32.0887],[130.1735,32.0916],[130.1733,32.0903],[130.1742,32.0911],[130.1759,32.0906],[130.1746,32.0912],[130.1739,32.0934],[130.174,32.0955],[130.1744,32.0958],[130.174,32.0932],[130.1756,32.0941],[130.1746,32.0982],[130.1758,32.1057],[130.1791,32.1064],[130.1791,32.1072],[130.1784,32.1064],[130.1791,32.1087],[130.1811,32.1105],[130.1867,32.1113],[130.1875,32.1125],[130.1906,32.1106],[130.1911,32.1123],[130.1901,32.1121],[130.1915,32.1159],[130.1959,32.1166],[130.2002,32.1199],[130.2031,32.12],[130.203,32.1211],[130.2071,32.1226],[130.2084,32.1243],[130.2111,32.1252],[130.2158,32.1244],[130.2151,32.1253],[130.2164,32.1243],[130.2176,32.1259],[130.2214,32.1276],[130.2278,32.1288],[130.2333,32.1282],[130.2335,32.1274],[130.2323,32.1241],[130.2302,32.1234],[130.2298,32.1199],[130.231,32.1163],[130.2299,32.1154],[130.2319,32.1103],[130.2305,32.1101],[130.2306,32.1088],[130.228,32.109],[130.2292,32.1062],[130.2281,32.1038],[130.2245,32.1027],[130.2257,32.1024],[130.2258,32.1008],[130.2268,32.1013]]],[[[130.2606,32.0282],[130.2597,32.0284],[130.2596,32.0266],[130.2595,32.0311],[130.2579,32.0309],[130.2587,32.032],[130.2575,32.0324],[130.2573,32.0348],[130.2609,32.0325],[130.2599,32.0304],[130.2611,32.0288],[130.2596,32.0295],[130.2606,32.0282]]],[[[130.256,32.0368],[130.257,32.0376],[130.2566,32.0352],[130.256,32.0368]]],[[[130.2537,32.0518],[130.2548,32.0501],[130.2536,32.0494],[130.2537,32.0518]]]]}},{"type":"Feature","properties":{"code":"46208","name":"出水市","pref_code":"46","pref":"鹿児島県"},"geometry":{"type":"MultiPolygon","coordinates":[[[[130.2718,32.1175],[130.2723,32.1178],[130.2723,32.1179],[130.2723,32.1178],[130.2719,32.1175],[130.2718,32.1175]]],[[[130.3259,32.1231],[130.3268,32.1237],[130.3276,32.125],[130.3269,32.1237],[130.3259,32.1231]]],[[[130.3368,32.1251],[130.3366,32.1254],[130.3368,32.1251],[130.3368,32.1251]]],[[[130.3262,32.125],[130.327,32.1259],[130.327,32.1258],[130.3265,32.1253],[130.3262,32.125]]],[[[130.3362,32.1333],[130.3367,32.135],[130.3354,32.1325],[130.3362,32.1333]]],[[[130.2633,32.1473],[130.263,32.1472],[130.263,32.1472],[130.2633,32.1473]]],[[[130.2653,32.1506],[130.2683,32.1484],[130.2629,32.1476],[130.2622,32.1495],[130.2613,32.1479],[130.2627,32.1473],[130.2627,32.1461],[130.2597,32.1443],[130.262,32.1474],[130.2608,32.1479],[130.2621,32.15],[130.2653,32.1506]]],[[[130.2384,32.1762],[130.2386,32.1758],[130.2383,32.1761],[130.2384,32.1762]]],[[[130.3608,32.1686],[130.3659,32.1625],[130.3673,32.1628],[130.372,32.1595],[130.3734,32.1568],[130.3774,32.1548],[130.3797,32.1508],[130.3866,32.1474],[130.3881,32.1414],[130.392,32.1342],[130.4033,32.1244],[130.4008,32.1229],[130.4029,32.1201],[130.411,32.1184],[130.4143,32.1189],[130.4183,32.1177],[130.4229,32.1178],[130.4288,32.1138],[130.4306,32.115],[130.4412,32.114],[130.4451,32.1162],[130.4488,32.1168],[130.4518,32.1153],[130.4537,32.1129],[130.457,32.1142],[130.4572,32.1167],[130.4633,32.1188],[130.4637,32.1179],[130.4657,32.118],[130.4659,32.1162],[130.4671,32.1157],[130.4735,32.1186],[130.4736,32.1219],[130.4758,32.1224],[130.4798,32.119],[130.4844,32.1185],[130.4848,32.1168],[130.4822,32.1135],[130.4823,32.1114],[130.4867,32.1101],[130.4895,32.1071],[130.494,32.1047],[130.4926,32.0969],[130.4966,32.0947],[130.4996,32.0907],[130.5,32.0883],[130.5069,32.085],[130.5081,32.078],[130.5071,32.0765],[130.5106,32.074],[130.5098,32.0708],[130.5128,32.0676],[130.5135,32.0646],[130.51,32.0657],[130.5052,32.0648],[130.5023,32.0613],[130.5019,32.0586],[130.4982,32.0581],[130.5005,32.0546],[130.498,32.0537],[130.4977,32.0511],[130.4941,32.0507],[130.4948,32.0483],[130.4896,32.0449],[130.4903,32.0423],[130.4847,32.0386],[130.4832,32.0362],[130.4799,32.0363],[130.4792,32.0324],[130.4771,32.0314],[130.4655,32.0314],[130.4612,32.0294],[130.4634,32.0242],[130.4615,32.0217],[130.4616,32.0166],[130.4602,32.0161],[130.4599,32.0139],[130.456,32.0137],[130.457,32.0092],[130.4527,32.0095],[130.4516,32.0075],[130.4494,32.0077],[130.4468,32.0056],[130.4424,32.0107],[130.4394,32.0119],[130.4342,32.0114],[130.4302,32.0124],[130.428,32.0111],[130.4265,32.0115],[130.4151,32.0076],[130.4137,32.0047],[130.415,32.0024],[130.414,31.998],[130.4114,31.9972],[130.4089,31.9932],[130.403,31.9954],[130.4021,31.9946],[130.3975,31.995],[130.3959,31.9933],[130.3924,31.9932],[130.391,31.9916],[130.3859,31.991],[130.3813,31.992],[130.3735,31.9889],[130.3676,31.9882],[130.3684,31.9853],[130.3676,31.9808],[130.3577,31.9839],[130.3538,31.9828],[130.3543,31.9796],[130.353,31.9783],[130.3527,31.9748],[130.3474,31.9715],[130.3365,31.9698],[130.3325,31.9717],[130.3268,31.9713],[130.3257,31.9741],[130.3226,31.9735],[130.319,31.9775],[130.315,31.9785],[130.3123,31.9773],[130.3072,31.9843],[130.306,31.9878],[130.298,31.9903],[130.2946,31.9965],[130.2973,32.0017],[130.292,32.0043],[130.289,32.0074],[130.279,32.0106],[130.2764,32.0134],[130.2724,32.0151],[130.2714,32.0186],[130.2677,32.0184],[130.2663,32.0203],[130.2641,32.0209],[130.2576,32.0209],[130.2536,32.0263],[130.2484,32.0255],[130.2454,32.0269],[130.244,32.0302],[130.2462,32.0321],[130.2503,32.0331],[130.2491,32.0358],[130.2449,32.0393],[130.2497,32.0397],[130.2497,32.0415],[130.2463,32.045],[130.2491,32.0481],[130.2518,32.0465],[130.2514,32.0499],[130.2486,32.0523],[130.2511,32.0579],[130.2411,32.0664],[130.2391,32.0673],[130.237,32.0655],[130.2354,32.0682],[130.2325,32.0699],[130.234,32.0827],[130.2365,32.0834],[130.2332,32.0869],[130.2347,32.0885],[130.2333,32.088],[130.2327,32.0904],[130.2344,32.0903],[130.2302,32.0958],[130.2288,32.0999],[130.2268,32.1013],[130.2258,32.1008],[130.2257,32.1024],[130.2245,32.1028],[130.2281,32.1038],[130.2292,32.1061],[130.228,32.109],[130.2306,32.1088],[130.2305,32.1101],[130.2319,32.1103],[130.2299,32.1154],[130.231,32.1163],[130.2298,32.1199],[130.2302,32.1234],[130.2332,32.1253],[130.2333,32.1282],[130.2389,32.1277],[130.2418,32.1288],[130.2473,32.1277],[130.2511,32.1284],[130.2521,32.1279],[130.251,32.1283],[130.2499,32.1279],[130.2579,32.1259],[130.2599,32.1241],[130.2616,32.1253],[130.2607,32.1238],[130.2623,32.1244],[130.2608,32.1231],[130.2636,32.1191],[130.266,32.1208],[130.2653,32.1214],[130.2663,32.1236],[130.2651,32.1255],[130.2613,32.1264],[130.262,32.1275],[130.2671,32.1289],[130.2706,32.1283],[130.2738,32.1249],[130.2727,32.122],[130.2732,32.1193],[130.2716,32.1178],[130.2714,32.1168],[130.2837,32.1099],[130.3095,32.1081],[130.3147,32.1163],[130.3239,32.1202],[130.3233,32.1213],[130.3246,32.1207],[130.3231,32.1215],[130.3247,32.1222],[130.3247,32.1207],[130.3248,32.122],[130.3256,32.1208],[130.3279,32.1216],[130.3277,32.1234],[130.3284,32.1228],[130.3303,32.1242],[130.3314,32.1231],[130.3293,32.122],[130.3318,32.1223],[130.3317,32.1234],[130.3298,32.1251],[130.3275,32.1255],[130.3297,32.1252],[130.3319,32.1232],[130.337,32.1249],[130.3409,32.129],[130.338,32.1308],[130.339,32.132],[130.3405,32.131],[130.3413,32.1325],[130.3409,32.1313],[130.3404,32.1308],[130.34,32.1308],[130.3424,32.129],[130.3417,32.1273],[130.3425,32.127],[130.3438,32.1301],[130.3423,32.1307],[130.3426,32.1295],[130.342,32.1307],[130.3434,32.1316],[130.3459,32.1302],[130.347,32.132],[130.3459,32.132],[130.3456,32.1341],[130.3424,32.1338],[130.3461,32.1343],[130.3494,32.1332],[130.3524,32.1358],[130.3538,32.1401],[130.353,32.1422],[130.354,32.1435],[130.354,32.1451],[130.3569,32.1459],[130.3633,32.1522],[130.3623,32.1531],[130.3629,32.1545],[130.3613,32.156],[130.3618,32.157],[130.3585,32.1621],[130.3596,32.1678],[130.3609,32.1683],[130.3606,32.1688],[130.3605,32.169],[130.3608,32.1686]],[[130.2548,32.0501],[130.2537,32.0518],[130.2531,32.0514],[130.2536,32.0494],[130.2548,32.0501]],[[130.2565,32.0357],[130.2571,32.0374],[130.257,32.0376],[130.2559,32.0364],[130.2565,32.0357]],[[130.2575,32.0349],[130.2579,32.0309],[130.2595,32.0311],[130.2596,32.0266],[130.2597,32.0284],[130.2606,32.0282],[130.2596,32.0295],[130.2611,32.0288],[130.2599,32.0304],[130.2609,32.0325],[130.2578,32.0336],[130.2587,32.0343],[130.2575,32.0349]]],[[[130.3429,32.1346],[130.3386,32.1351],[130.343,32.1347],[130.3429,32.1346]]],[[[130.3536,32.1437],[130.3539,32.1434],[130.3535,32.1435],[130.3536,32.1437]]],[[[130.3538,32.1438],[130.3536,32.1439],[130.3537,32.1439],[130.3538,32.1438]]],[[[130.3529,32.1442],[130.3533,32.1448],[130.3533,32.1448],[130.3529,32.1442]]],[[[130.3535,32.1451],[130.3539,32.1457],[130.354,32.1457],[130.3535,32.1451]]],[[[130.3542,32.1458],[130.3549,32.1463],[130.3549,32.1463],[130.3542,32.1458]]],[[[130.3552,32.1463],[130.356,32.1466],[130.3561,32.1465],[130.3552,32.1463]]]]}},{"type":"Feature","properties":{"code":"46210","name":"指宿市","pref_code":"46","pref":"鹿児島県"},"geometry":{"type":"MultiPolygon","coordinates":[[[[130.5868,31.1548],[130.5871,31.1551],[130.5871,31.155],[130.5868,31.1548]]],[[[130.5966,31.1613],[130.5967,31.1612],[130.5966,31.1611],[130.5966,31.1613]]],[[[130.5972,31.164],[130.5971,31.1642],[130.5972,31.1643],[130.5972,31.164]]],[[[130.5257,31.1643],[130.5257,31.1644],[130.5257,31.1644],[130.5257,31.1643]]],[[[130.5254,31.1644],[130.5254,31.1644],[130.5254,31.1644],[130.5254,31.1644]]],[[[130.5258,31.1644],[130.5259,31.1644],[130.5258,31.1644],[130.5258,31.1644]]],[[[130.5255,31.1645],[130.5255,31.1645],[130.5255,31.1644],[130.5255,31.1645]]],[[[130.5185,31.1655],[130.518,31.1655],[130.518,31.1657],[130.5185,31.1655]]],[[[130.576,31.1671],[130.5763,31.167],[130.5763,31.1669],[130.576,31.1671]]],[[[130.5546,31.1753],[130.5533,31.1753],[130.5554,31.1756],[130.5546,31.1753]]],[[[130.5079,31.1762],[130.508,31.1762],[130.5079,31.1762],[130.5079,31.1762]]],[[[130.5068,31.179],[130.5068,31.1793],[130.5069,31.1793],[130.5068,31.179]]],[[[130.5842,31.3044],[130.5908,31.3028],[130.5902,31.3013],[130.5929,31.2969],[130.5991,31.2925],[130.6009,31.294],[130.6001,31.2928],[130.6018,31.2924],[130.6021,31.2933],[130.6019,31.2924],[130.6038,31.2919],[130.604,31.2922],[130.6044,31.2926],[130.6039,31.2917],[130.6062,31.2913],[130.6058,31.2926],[130.6019,31.2938],[130.6013,31.2944],[130.6027,31.2936],[130.6028,31.2952],[130.6067,31.2938],[130.6079,31.2913],[130.6166,31.2826],[130.6201,31.2808],[130.6191,31.2811],[130.6188,31.2791],[130.6207,31.28],[130.6211,31.2798],[130.6193,31.2791],[130.6196,31.2783],[130.6219,31.2762],[130.6245,31.2759],[130.6248,31.2746],[130.6396,31.2711],[130.6599,31.2715],[130.6616,31.27],[130.6599,31.2714],[130.6589,31.271],[130.6581,31.2682],[130.6591,31.2671],[130.668,31.2673],[130.6581,31.2577],[130.656,31.2527],[130.6537,31.2502],[130.6534,31.247],[130.6522,31.2467],[130.6537,31.2467],[130.6522,31.2467],[130.65,31.2447],[130.6511,31.2431],[130.6499,31.2425],[130.6512,31.2427],[130.6512,31.242],[130.6499,31.2424],[130.6494,31.2415],[130.6515,31.242],[130.653,31.2411],[130.653,31.242],[130.6529,31.2401],[130.6543,31.2403],[130.6538,31.2401],[130.6496,31.2401],[130.6491,31.238],[130.6501,31.2339],[130.6512,31.2336],[130.6504,31.2333],[130.6517,31.2326],[130.6509,31.2323],[130.6522,31.2316],[130.6516,31.2311],[130.6527,31.2308],[130.6521,31.2305],[130.6546,31.2258],[130.6572,31.2243],[130.6578,31.2204],[130.6547,31.2172],[130.6505,31.2175],[130.6458,31.2161],[130.6408,31.2169],[130.6333,31.2135],[130.6296,31.2107],[130.6309,31.2082],[130.6284,31.2067],[130.6282,31.2037],[130.632,31.2009],[130.6345,31.2007],[130.6338,31.203],[130.6373,31.2078],[130.6366,31.21],[130.6439,31.2063],[130.6458,31.2025],[130.6482,31.2034],[130.6464,31.2072],[130.6483,31.2034],[130.6447,31.2019],[130.6439,31.1968],[130.6399,31.1942],[130.64,31.1897],[130.6373,31.1883],[130.6348,31.185],[130.6296,31.1844],[130.626,31.1809],[130.6104,31.1833],[130.6014,31.1823],[130.5921,31.1769],[130.5888,31.1728],[130.5879,31.1684],[130.59,31.1656],[130.5923,31.1657],[130.5912,31.1665],[130.5915,31.167],[130.5929,31.1652],[130.5967,31.1641],[130.5969,31.1616],[130.5956,31.162],[130.595,31.1611],[130.5927,31.1629],[130.5912,31.1627],[130.5886,31.1584],[130.5891,31.1573],[130.5881,31.1573],[130.587,31.1552],[130.5862,31.1558],[130.5876,31.1578],[130.5871,31.1591],[130.5807,31.1652],[130.5772,31.1662],[130.5732,31.1705],[130.5637,31.1762],[130.5568,31.1781],[130.5553,31.1771],[130.5548,31.1782],[130.5541,31.1774],[130.5543,31.1787],[130.5536,31.1772],[130.5553,31.1767],[130.5556,31.1765],[130.5535,31.1772],[130.5527,31.1747],[130.5493,31.174],[130.5419,31.1682],[130.5421,31.1671],[130.5333,31.1655],[130.5296,31.1634],[130.5259,31.1646],[130.5238,31.1649],[130.5217,31.1644],[130.5183,31.1658],[130.5182,31.1668],[130.5109,31.1725],[130.5104,31.174],[130.5086,31.1751],[130.5081,31.1765],[130.5074,31.1766],[130.5075,31.1779],[130.5061,31.1782],[130.5095,31.1809],[130.5097,31.1896],[130.508,31.1932],[130.5157,31.1983],[130.5086,31.2134],[130.5111,31.216],[130.527,31.2214],[130.5275,31.2234],[130.5306,31.2253],[130.5322,31.2283],[130.5314,31.2312],[130.5332,31.2352],[130.532,31.2356],[130.5314,31.2392],[130.5362,31.2458],[130.5368,31.2499],[130.5401,31.2565],[130.5392,31.259],[130.5442,31.2653],[130.5437,31.2692],[130.5419,31.2708],[130.54,31.2752],[130.5411,31.2762],[130.5406,31.2805],[130.5374,31.2833],[130.5377,31.2859],[130.5358,31.2868],[130.537,31.2911],[130.539,31.2948],[130.5455,31.2933],[130.5547,31.295],[130.5572,31.2945],[130.5589,31.2961],[130.5615,31.2954],[130.5637,31.2976],[130.5714,31.297],[130.573,31.2992],[130.5783,31.302],[130.5791,31.3041],[130.5816,31.3027],[130.5842,31.3044]]],[[[130.6001,31.2952],[130.6001,31.2952],[130.6028,31.2961],[130.6001,31.2952]]],[[[130.633,31.1789],[130.6329,31.1794],[130.6332,31.1791],[130.633,31.1789]]],[[[130.6481,31.2068],[130.6484,31.2081],[130.6482,31.2068],[130.6481,31.2068]]],[[[130.646,31.2122],[130.6461,31.2128],[130.6464,31.2127],[130.646,31.2122]]],[[[130.6529,31.2368],[130.653,31.2369],[130.6527,31.2356],[130.6529,31.2368]]],[[[130.656,31.2408],[130.6576,31.2384],[130.6558,31.241],[130.6559,31.2451],[130.6541,31.2464],[130.656,31.2451],[130.656,31.2408]]],[[[130.653,31.243],[130.6531,31.2424],[130.653,31.2424],[130.653,31.243]]],[[[130.6546,31.2451],[130.6545,31.2432],[130.6542,31.2431],[130.6531,31.2431],[130.6545,31.2433],[130.6546,31.2451]]],[[[130.6626,31.2691],[130.6619,31.2697],[130.6626,31.2691],[130.6626,31.2691]]],[[[130.6778,31.2804],[130.6813,31.2785],[130.6815,31.2757],[130.6774,31.2726],[130.6739,31.2731],[130.6723,31.2754],[130.6726,31.2781],[130.6778,31.2804]]],[[[130.6209,31.2806],[130.6203,31.2808],[130.6209,31.2807],[130.6209,31.2806]]],[[[130.6745,31.2857],[130.6737,31.286],[130.6743,31.2867],[130.6745,31.2857]]],[[[130.6749,31.2871],[130.6748,31.2876],[130.675,31.2876],[130.6749,31.2871]]],[[[130.6101,31.2894],[130.61,31.2894],[130.6101,31.2896],[130.6101,31.2894]]]]}},{"type":"Feature","properties":{"code":"46213","name":"西之表市","pref_code":"46","pref":"鹿児島県"},"geometry":{"type":"MultiPolygon","coordinates":[[[[130.8415,30.726],[130.8415,30.726],[130.8414,30.726],[130.8415,30.726]]],[[[130.8403,30.7263],[130.8402,30.7262],[130.8402,30.7262],[130.8403,30.7263]]],[[[130.8356,30.7264],[130.8357,30.7264],[130.8357,30.7263],[130.8356,30.7264]]],[[[130.8387,30.7265],[130.8388,30.7265],[130.8387,30.7264],[130.8387,30.7265]]],[[[130.8356,30.7265],[130.8355,30.7265],[130.8355,30.7265],[130.8356,30.7265]]],[[[130.8355,30.727],[130.8351,30.7266],[130.8354,30.7273],[130.8355,30.727]]],[[[130.8358,30.7268],[130.8359,30.7267],[130.8358,30.7267],[130.8358,30.7268]]],[[[130.8389,30.7269],[130.8389,30.7268],[130.8388,30.7269],[130.8389,30.7269]]],[[[130.8359,30.7269],[130.836,30.7269],[130.8359,30.7269],[130.8359,30.7269]]],[[[130.8351,30.727],[130.8352,30.7269],[130.8351,30.727],[130.8351,30.727]]],[[[130.8359,30.7271],[130.8359,30.727],[130.8359,30.7271],[130.8359,30.7271]]],[[[130.8358,30.7273],[130.8358,30.7272],[130.8357,30.7272],[130.8358,30.7273]]],[[[130.836,30.7273],[130.8359,30.7272],[130.8359,30.7273],[130.836,30.7273]]],[[[130.8362,30.7274],[130.8362,30.7274],[130.8361,30.7274],[130.8362,30.7274]]],[[[130.8359,30.7275],[130.8358,30.7274],[130.8358,30.7274],[130.8359,30.7275]]],[[[130.8362,30.7276],[130.8362,30.7276],[130.8362,30.7277],[130.8362,30.7276]]],[[[130.8362,30.7278],[130.8362,30.7277],[130.8362,30.7278],[130.8362,30.7278]]],[[[130.8359,30.7279],[130.8358,30.7278],[130.8358,30.7279],[130.8359,30.7279]]],[[[130.8361,30.7279],[130.836,30.7279],[130.836,30.7279],[130.8361,30.7279]]],[[[130.8361,30.7281],[130.8361,30.728],[130.836,30.728],[130.8361,30.7281]]],[[[130.8356,30.7281],[130.8355,30.728],[130.8354,30.7281],[130.8356,30.7281]]],[[[130.8359,30.7281],[130.8358,30.7281],[130.8358,30.7281],[130.8359,30.7281]]],[[[130.8359,30.7297],[130.836,30.7296],[130.8359,30.7296],[130.8359,30.7297]]],[[[130.8361,30.73],[130.8362,30.7299],[130.8361,30.7299],[130.8361,30.73]]],[[[130.8348,30.7301],[130.8347,30.73],[130.8347,30.73],[130.8348,30.7301]]],[[[130.8365,30.7301],[130.8365,30.7301],[130.8365,30.7301],[130.8365,30.7301]]],[[[130.8357,30.7303],[130.8358,30.7303],[130.8357,30.7303],[130.8357,30.7303]]],[[[130.8364,30.7303],[130.8363,30.7303],[130.8363,30.7303],[130.8364,30.7303]]],[[[130.838,30.7305],[130.8379,30.7304],[130.8379,30.7305],[130.838,30.7305]]],[[[130.8377,30.7307],[130.8377,30.7306],[130.8377,30.7307],[130.8377,30.7307]]],[[[130.8379,30.7307],[130.838,30.7308],[130.8381,30.7307],[130.8379,30.7307]]],[[[130.8389,30.7353],[130.839,30.7353],[130.839,30.7353],[130.8389,30.7353]]],[[[130.8386,30.7355],[130.8386,30.7354],[130.8385,30.7355],[130.8386,30.7355]]],[[[130.8384,30.7356],[130.8384,30.7356],[130.8384,30.7356],[130.8384,30.7356]]],[[[130.8385,30.7357],[130.8386,30.7356],[130.8385,30.7356],[130.8385,30.7357]]],[[[130.8384,30.7358],[130.8384,30.7357],[130.8384,30.7358],[130.8384,30.7358]]],[[[130.8385,30.736],[130.8385,30.7359],[130.8384,30.7359],[130.8385,30.736]]],[[[130.8385,30.7362],[130.8386,30.7361],[130.8385,30.7362],[130.8385,30.7362]]],[[[130.8386,30.7364],[130.8386,30.7364],[130.8386,30.7364],[130.8386,30.7364]]],[[[130.8389,30.7368],[130.839,30.7367],[130.8389,30.7367],[130.8389,30.7368]]],[[[130.8389,30.7369],[130.839,30.7369],[130.8389,30.7369],[130.8389,30.7369]]],[[[130.8384,30.7374],[130.8385,30.7373],[130.8384,30.7373],[130.8384,30.7374]]],[[[130.8383,30.7379],[130.8385,30.7379],[130.8385,30.7378],[130.8383,30.7379]]],[[[130.839,30.7381],[130.839,30.738],[130.839,30.738],[130.839,30.7381]]],[[[130.8395,30.7388],[130.8395,30.7387],[130.8395,30.7388],[130.8395,30.7388]]],[[[130.8394,30.7394],[130.8395,30.7394],[130.8395,30.7393],[130.8394,30.7394]]],[[[130.8398,30.74],[130.8399,30.7399],[130.8397,30.74],[130.8398,30.74]]],[[[130.8396,30.7401],[130.8396,30.7401],[130.8395,30.7401],[130.8396,30.7401]]],[[[130.8401,30.7402],[130.8402,30.7401],[130.8401,30.7401],[130.8401,30.7402]]],[[[130.8398,30.7402],[130.8398,30.7402],[130.8398,30.7402],[130.8398,30.7402]]],[[[130.8403,30.7403],[130.8403,30.7402],[130.8402,30.7402],[130.8403,30.7403]]],[[[130.8399,30.7405],[130.8399,30.7403],[130.8398,30.7404],[130.8399,30.7405]]],[[[130.8405,30.7407],[130.8405,30.7406],[130.8405,30.7406],[130.8405,30.7407]]],[[[130.8399,30.7408],[130.84,30.7407],[130.8399,30.7408],[130.8399,30.7408]]],[[[130.841,30.7419],[130.841,30.7419],[130.8409,30.7419],[130.841,30.7419]]],[[[130.8409,30.7421],[130.8409,30.742],[130.8409,30.7421],[130.8409,30.7421]]],[[[130.841,30.7423],[130.841,30.7422],[130.8409,30.7422],[130.841,30.7423]]],[[[130.8412,30.7425],[130.8412,30.7425],[130.8412,30.7425],[130.8412,30.7425]]],[[[130.8413,30.7427],[130.8413,30.7426],[130.8413,30.7426],[130.8413,30.7427]]],[[[130.8425,30.7471],[130.8425,30.747],[130.8425,30.7471],[130.8425,30.7471]]],[[[130.8414,30.7471],[130.8413,30.7471],[130.8414,30.7472],[130.8414,30.7471]]],[[[130.8416,30.7472],[130.8416,30.7473],[130.8416,30.7473],[130.8416,30.7472]]],[[[130.8415,30.7475],[130.8415,30.7474],[130.8415,30.7475],[130.8415,30.7475]]],[[[130.8412,30.7475],[130.8412,30.7475],[130.8412,30.7475],[130.8412,30.7475]]],[[[130.8413,30.7477],[130.8413,30.7476],[130.8412,30.7477],[130.8413,30.7477]]],[[[130.8416,30.7477],[130.8415,30.7477],[130.8415,30.7477],[130.8416,30.7477]]],[[[130.841,30.7484],[130.841,30.7483],[130.8409,30.7483],[130.841,30.7484]]],[[[130.8419,30.7483],[130.8419,30.7484],[130.8419,30.7484],[130.8419,30.7483]]],[[[130.841,30.7488],[130.841,30.7488],[130.841,30.7488],[130.841,30.7488]]],[[[130.8421,30.7489],[130.8421,30.7488],[130.842,30.7488],[130.8421,30.7489]]],[[[130.8414,30.749],[130.8413,30.749],[130.8413,30.749],[130.8414,30.749]]],[[[130.8409,30.7492],[130.8409,30.7491],[130.8409,30.7491],[130.8409,30.7492]]],[[[130.8416,30.7494],[130.8417,30.7494],[130.8417,30.7494],[130.8416,30.7494]]],[[[130.841,30.7494],[130.8409,30.7494],[130.8409,30.7494],[130.841,30.7494]]],[[[130.8408,30.7497],[130.8407,30.7497],[130.8407,30.7497],[130.8408,30.7497]]],[[[130.8407,30.7499],[130.8407,30.7498],[130.8407,30.7499],[130.8407,30.7499]]],[[[130.8412,30.7505],[130.841,30.7503],[130.841,30.7504],[130.8412,30.7505]]],[[[130.8426,30.751],[130.8427,30.751],[130.8426,30.751],[130.8426,30.751]]],[[[130.8427,30.7518],[130.8428,30.7517],[130.8427,30.7517],[130.8427,30.7518]]],[[[130.8426,30.7534],[130.8425,30.7533],[130.8425,30.7534],[130.8426,30.7534]]],[[[130.8429,30.7535],[130.8427,30.7535],[130.8428,30.7535],[130.8429,30.7535]]],[[[130.8496,30.7249],[130.8496,30.7249],[130.8496,30.7249],[130.8496,30.7249]]],[[[130.8524,30.725],[130.8524,30.7249],[130.8524,30.7249],[130.8524,30.725]]],[[[130.8559,30.7249],[130.8558,30.7249],[130.856,30.725],[130.8559,30.7249]]],[[[130.8522,30.725],[130.8523,30.7249],[130.8522,30.7249],[130.8522,30.725]]],[[[130.8562,30.725],[130.8562,30.725],[130.8561,30.725],[130.8562,30.725]]],[[[130.8569,30.7251],[130.8571,30.7251],[130.8569,30.7251],[130.8569,30.7251]]],[[[130.8496,30.7252],[130.8496,30.7252],[130.8495,30.7252],[130.8496,30.7252]]],[[[130.8492,30.7253],[130.8492,30.7253],[130.8492,30.7253],[130.8492,30.7253]]],[[[130.852,30.7254],[130.852,30.7253],[130.8519,30.7253],[130.852,30.7254]]],[[[130.8496,30.7255],[130.8498,30.7254],[130.8496,30.7254],[130.8496,30.7255]]],[[[130.8491,30.7255],[130.8491,30.7254],[130.8491,30.7254],[130.8491,30.7255]]],[[[130.8478,30.7255],[130.8479,30.7254],[130.8478,30.7254],[130.8478,30.7255]]],[[[130.8552,30.7255],[130.8552,30.7255],[130.8551,30.7255],[130.8552,30.7255]]],[[[130.8502,30.7255],[130.8502,30.7255],[130.8502,30.7255],[130.8502,30.7255]]],[[[130.8504,30.7256],[130.8504,30.7255],[130.8504,30.7255],[130.8504,30.7256]]],[[[130.8603,30.7257],[130.8603,30.7256],[130.8603,30.7257],[130.8603,30.7257]]],[[[130.8598,30.7258],[130.8598,30.7257],[130.8597,30.7257],[130.8598,30.7258]]],[[[130.8601,30.7257],[130.8601,30.7257],[130.8601,30.7257],[130.8601,30.7257]]],[[[130.8478,30.7258],[130.8479,30.7257],[130.8478,30.7257],[130.8478,30.7258]]],[[[130.8503,30.7257],[130.8502,30.7257],[130.8503,30.7258],[130.8503,30.7257]]],[[[130.86,30.7257],[130.8599,30.7257],[130.86,30.7258],[130.86,30.7257]]],[[[130.8483,30.7258],[130.8484,30.7257],[130.8483,30.7258],[130.8483,30.7258]]],[[[130.8603,30.7258],[130.8603,30.7258],[130.8603,30.7258],[130.8603,30.7258]]],[[[130.8467,30.726],[130.8469,30.7261],[130.8469,30.726],[130.8467,30.726]]],[[[130.8481,30.7262],[130.8479,30.7259],[130.8477,30.7261],[130.8481,30.7262]]],[[[130.858,30.7654],[130.8601,30.764],[130.8594,30.763],[130.8613,30.7622],[130.8595,30.7576],[130.8615,30.7561],[130.8604,30.7542],[130.8617,30.7527],[130.8611,30.7528],[130.8601,30.7518],[130.8612,30.751],[130.8628,30.7523],[130.862,30.7489],[130.8646,30.7488],[130.8637,30.7477],[130.8655,30.7478],[130.8653,30.7467],[130.8671,30.7441],[130.8662,30.7429],[130.8676,30.7425],[130.8681,30.7407],[130.8678,30.7397],[130.8667,30.7401],[130.8654,30.7371],[130.8666,30.7362],[130.865,30.7328],[130.8652,30.7316],[130.8644,30.7324],[130.8644,30.7308],[130.8608,30.7266],[130.8569,30.7253],[130.8557,30.7255],[130.8552,30.7269],[130.8525,30.725],[130.851,30.7265],[130.8463,30.7262],[130.8446,30.7273],[130.8415,30.7262],[130.8398,30.727],[130.8386,30.7271],[130.8385,30.7267],[130.8379,30.7278],[130.837,30.7273],[130.8365,30.729],[130.8379,30.7298],[130.8386,30.7318],[130.8397,30.739],[130.8396,30.7399],[130.84,30.7393],[130.843,30.7455],[130.8423,30.7491],[130.8411,30.7501],[130.8434,30.7506],[130.8463,30.7547],[130.8498,30.7569],[130.8504,30.7597],[130.8528,30.7603],[130.8531,30.7634],[130.8543,30.7632],[130.8551,30.7647],[130.858,30.7654]]],[[[130.8429,30.751],[130.8428,30.751],[130.8428,30.751],[130.8429,30.751]]],[[[130.843,30.7516],[130.843,30.7515],[130.8429,30.7515],[130.843,30.7516]]],[[[130.8432,30.7517],[130.8434,30.7517],[130.8433,30.7516],[130.8432,30.7517]]],[[[130.8433,30.7529],[130.8433,30.7527],[130.8432,30.7528],[130.8433,30.7529]]],[[[130.8432,30.7529],[130.8431,30.7529],[130.8431,30.7529],[130.8432,30.7529]]],[[[130.8432,30.753],[130.8431,30.753],[130.8431,30.753],[130.8432,30.753]]],[[[130.8433,30.7529],[130.8432,30.7533],[130.8435,30.7529],[130.8433,30.7529]]],[[[130.843,30.7537],[130.843,30.7537],[130.8429,30.7537],[130.843,30.7537]]],[[[130.8455,30.7552],[130.8455,30.7551],[130.8455,30.7552],[130.8455,30.7552]]],[[[130.8459,30.7552],[130.846,30.7552],[130.8459,30.7551],[130.8459,30.7552]]],[[[130.8444,30.7555],[130.8445,30.7555],[130.8445,30.7554],[130.8444,30.7555]]],[[[130.8449,30.7556],[130.8449,30.7555],[130.8448,30.7556],[130.8449,30.7556]]],[[[130.8448,30.7558],[130.8448,30.7558],[130.8447,30.7558],[130.8448,30.7558]]],[[[130.8446,30.7561],[130.8448,30.7561],[130.8448,30.756],[130.8446,30.7561]]],[[[130.8492,30.7579],[130.8492,30.7579],[130.8492,30.7579],[130.8492,30.7579]]],[[[130.8499,30.7581],[130.8498,30.7581],[130.8498,30.7581],[130.8499,30.7581]]],[[[130.8497,30.7582],[130.8497,30.7582],[130.8497,30.7583],[130.8497,30.7582]]],[[[130.8495,30.7589],[130.8495,30.7588],[130.8494,30.7589],[130.8495,30.7589]]],[[[130.8497,30.7589],[130.8496,30.759],[130.8497,30.759],[130.8497,30.7589]]],[[[130.8508,30.7606],[130.8507,30.7601],[130.8506,30.7601],[130.8508,30.7606]]],[[[130.8537,30.7638],[130.8536,30.7638],[130.8536,30.7638],[130.8537,30.7638]]],[[[130.8546,30.7639],[130.8545,30.7639],[130.8545,30.7639],[130.8546,30.7639]]],[[[130.8538,30.764],[130.8537,30.7639],[130.8537,30.764],[130.8538,30.764]]],[[[130.8544,30.7641],[130.8544,30.7643],[130.8545,30.7641],[130.8544,30.7641]]],[[[130.854,30.7643],[130.8539,30.7642],[130.854,30.7643],[130.854,30.7643]]],[[[130.8602,30.7643],[130.8602,30.7643],[130.8602,30.7643],[130.8602,30.7643]]],[[[130.8543,30.7646],[130.8543,30.7645],[130.8542,30.7646],[130.8543,30.7646]]],[[[130.8549,30.7646],[130.8548,30.7646],[130.8548,30.7647],[130.8549,30.7646]]],[[[130.8602,30.7647],[130.8602,30.7646],[130.8602,30.7647],[130.8602,30.7647]]],[[[130.8604,30.7648],[130.8604,30.7647],[130.8604,30.7647],[130.8604,30.7648]]],[[[130.8548,30.7648],[130.8548,30.7647],[130.8548,30.7647],[130.8548,30.7648]]],[[[130.8558,30.7651],[130.8557,30.7651],[130.8557,30.7651],[130.8558,30.7651]]],[[[130.8587,30.7652],[130.8587,30.7651],[130.8587,30.7652],[130.8587,30.7652]]],[[[130.8562,30.7653],[130.8561,30.7652],[130.8561,30.7653],[130.8562,30.7653]]],[[[130.8563,30.7653],[130.8563,30.7653],[130.8563,30.7653],[130.8563,30.7653]]],[[[130.855,30.7653],[130.8549,30.7653],[130.8549,30.7653],[130.855,30.7653]]],[[[130.8587,30.7654],[130.8586,30.7653],[130.8586,30.7654],[130.8587,30.7654]]],[[[130.8582,30.7655],[130.8581,30.7654],[130.8581,30.7655],[130.8582,30.7655]]],[[[130.8552,30.7655],[130.8553,30.7656],[130.8553,30.7655],[130.8552,30.7655]]],[[[130.8557,30.7657],[130.8557,30.7656],[130.8557,30.7657],[130.8557,30.7657]]],[[[130.8562,30.7657],[130.8564,30.7658],[130.8563,30.7656],[130.8562,30.7657]]],[[[130.8555,30.7659],[130.8554,30.7658],[130.8554,30.7658],[130.8555,30.7659]]],[[[130.8592,30.7661],[130.8592,30.766],[130.8591,30.7661],[130.8592,30.7661]]],[[[130.8578,30.766],[130.8576,30.7662],[130.8578,30.7663],[130.8578,30.766]]],[[[130.8559,30.7662],[130.8559,30.7661],[130.8558,30.7662],[130.8559,30.7662]]],[[[130.8563,30.7664],[130.8562,30.7663],[130.8562,30.7664],[130.8563,30.7664]]],[[[130.8561,30.7666],[130.8561,30.7665],[130.856,30.7665],[130.8561,30.7666]]],[[[130.8564,30.767],[130.8564,30.7669],[130.8563,30.767],[130.8564,30.767]]],[[[130.8562,30.7671],[130.8562,30.767],[130.8561,30.767],[130.8562,30.7671]]],[[[130.8567,30.7672],[130.8567,30.7672],[130.8567,30.7673],[130.8567,30.7672]]],[[[130.8562,30.7674],[130.8562,30.7673],[130.8562,30.7674],[130.8562,30.7674]]],[[[130.8568,30.7675],[130.8568,30.7674],[130.8568,30.7675],[130.8568,30.7675]]],[[[130.8573,30.7677],[130.8573,30.7676],[130.8572,30.7676],[130.8573,30.7677]]],[[[130.8562,30.7678],[130.8562,30.7678],[130.8562,30.7679],[130.8562,30.7678]]],[[[130.8568,30.7679],[130.8567,30.7679],[130.8567,30.7679],[130.8568,30.7679]]],[[[130.9415,30.6484],[130.9417,30.6484],[130.9415,30.6483],[130.9415,30.6484]]],[[[130.9419,30.6487],[130.9417,30.6486],[130.9417,30.6487],[130.9419,30.6487]]],[[[130.9419,30.6488],[130.9418,30.6489],[130.942,30.649],[130.9419,30.6488]]],[[[130.9415,30.6491],[130.9418,30.6492],[130.9416,30.6489],[130.9415,30.6491]]],[[[130.9418,30.6499],[130.9419,30.6498],[130.9418,30.6498],[130.9418,30.6499]]],[[[130.942,30.6513],[130.9419,30.6512],[130.9419,30.6513],[130.942,30.6513]]],[[[130.94,30.6653],[130.9399,30.6654],[130.94,30.6654],[130.94,30.6653]]],[[[130.9396,30.6657],[130.9395,30.6657],[130.9396,30.6657],[130.9396,30.6657]]],[[[130.9399,30.666],[130.9398,30.6659],[130.9399,30.666],[130.9399,30.666]]],[[[130.9406,30.6658],[130.9406,30.6661],[130.9408,30.666],[130.9406,30.6658]]],[[[130.9389,30.6675],[130.9389,30.6674],[130.9389,30.6674],[130.9389,30.6675]]],[[[130.9391,30.6677],[130.9391,30.6676],[130.9391,30.6676],[130.9391,30.6677]]],[[[130.939,30.6683],[130.939,30.6682],[130.9389,30.6682],[130.939,30.6683]]],[[[130.9386,30.6683],[130.9386,30.6682],[130.9385,30.6682],[130.9386,30.6683]]],[[[130.939,30.6699],[130.9389,30.6699],[130.9389,30.6699],[130.939,30.6699]]],[[[130.8606,30.7259],[130.8605,30.7259],[130.8606,30.7259],[130.8606,30.7259]]],[[[130.8609,30.7261],[130.8611,30.7266],[130.8612,30.7266],[130.8609,30.7261]]],[[[130.861,30.7267],[130.861,30.7266],[130.8609,30.7266],[130.861,30.7267]]],[[[130.8618,30.7274],[130.8617,30.7274],[130.8618,30.7274],[130.8618,30.7274]]],[[[130.8621,30.7274],[130.8621,30.7273],[130.8621,30.7273],[130.8621,30.7274]]],[[[130.8622,30.7276],[130.8622,30.7275],[130.8622,30.7275],[130.8622,30.7276]]],[[[130.8619,30.7276],[130.8618,30.7275],[130.8618,30.7276],[130.8619,30.7276]]],[[[130.8624,30.7276],[130.8625,30.7276],[130.8624,30.7276],[130.8624,30.7276]]],[[[130.8623,30.7277],[130.8626,30.7282],[130.8627,30.7283],[130.8623,30.7277]]],[[[130.863,30.729],[130.8631,30.729],[130.8631,30.7289],[130.863,30.729]]],[[[130.864,30.7301],[130.864,30.73],[130.8639,30.7301],[130.864,30.7301]]],[[[130.8649,30.7311],[130.8649,30.731],[130.8649,30.7311],[130.8649,30.7311]]],[[[130.8649,30.7313],[130.8649,30.7312],[130.8649,30.7312],[130.8649,30.7313]]],[[[130.8656,30.7315],[130.8655,30.7315],[130.8655,30.7315],[130.8656,30.7315]]],[[[130.8653,30.7323],[130.8653,30.7322],[130.8653,30.7322],[130.8653,30.7323]]],[[[130.8656,30.7324],[130.8656,30.7323],[130.8655,30.7323],[130.8656,30.7324]]],[[[130.8652,30.7324],[130.8651,30.7323],[130.8651,30.7324],[130.8652,30.7324]]],[[[130.8658,30.7325],[130.8657,30.7325],[130.8657,30.7325],[130.8658,30.7325]]],[[[130.8653,30.7325],[130.8653,30.7326],[130.8653,30.7326],[130.8653,30.7325]]],[[[130.8655,30.7327],[130.8654,30.7327],[130.8655,30.7328],[130.8655,30.7327]]],[[[130.8652,30.7328],[130.8652,30.7327],[130.8652,30.7328],[130.8652,30.7328]]],[[[130.8655,30.7329],[130.8654,30.733],[130.8655,30.733],[130.8655,30.7329]]],[[[130.8661,30.7331],[130.866,30.7331],[130.8662,30.7331],[130.8661,30.7331]]],[[[130.866,30.7332],[130.8661,30.7335],[130.8662,30.7335],[130.866,30.7332]]],[[[130.8666,30.7334],[130.8665,30.7334],[130.8666,30.7334],[130.8666,30.7334]]],[[[130.8659,30.7335],[130.8661,30.7339],[130.8662,30.734],[130.8659,30.7335]]],[[[130.8668,30.7348],[130.8668,30.7347],[130.8667,30.7347],[130.8668,30.7348]]],[[[130.8662,30.7348],[130.8664,30.7349],[130.8663,30.7347],[130.8662,30.7348]]],[[[130.8672,30.7357],[130.8672,30.7356],[130.8672,30.7357],[130.8672,30.7357]]],[[[130.8671,30.7359],[130.8671,30.7358],[130.8671,30.7358],[130.8671,30.7359]]],[[[130.8668,30.7357],[130.8666,30.7358],[130.8671,30.7362],[130.8668,30.7357]]],[[[130.8673,30.7361],[130.8674,30.7361],[130.8673,30.736],[130.8673,30.7361]]],[[[130.8671,30.7371],[130.8671,30.7371],[130.8671,30.7371],[130.8671,30.7371]]],[[[130.8672,30.7373],[130.8671,30.7373],[130.8671,30.7373],[130.8672,30.7373]]],[[[130.867,30.7376],[130.8671,30.7375],[130.867,30.7374],[130.867,30.7376]]],[[[130.8673,30.7377],[130.8672,30.7377],[130.8672,30.7377],[130.8673,30.7377]]],[[[130.8676,30.7377],[130.8675,30.7377],[130.8676,30.7377],[130.8676,30.7377]]],[[[130.8676,30.7379],[130.8676,30.7379],[130.8676,30.7379],[130.8676,30.7379]]],[[[130.8678,30.7381],[130.8677,30.7381],[130.8677,30.7381],[130.8678,30.7381]]],[[[130.8673,30.7381],[130.8673,30.7381],[130.8672,30.7381],[130.8673,30.7381]]],[[[130.8675,30.7382],[130.8674,30.7382],[130.8674,30.7382],[130.8675,30.7382]]],[[[130.8671,30.7386],[130.867,30.7385],[130.867,30.7386],[130.8671,30.7386]]],[[[130.8672,30.7388],[130.8671,30.7387],[130.8671,30.7388],[130.8672,30.7388]]],[[[130.8672,30.7389],[130.8672,30.7389],[130.8672,30.7389],[130.8672,30.7389]]],[[[130.8673,30.7391],[130.8673,30.739],[130.8673,30.7391],[130.8673,30.7391]]],[[[130.8681,30.7393],[130.868,30.7392],[130.8681,30.7393],[130.8681,30.7393]]],[[[130.8684,30.7406],[130.8684,30.7405],[130.8684,30.7406],[130.8684,30.7406]]],[[[130.8688,30.7409],[130.8688,30.7409],[130.8687,30.7409],[130.8688,30.7409]]],[[[130.869,30.741],[130.869,30.7409],[130.869,30.741],[130.869,30.741]]],[[[130.869,30.7412],[130.869,30.7411],[130.8689,30.7412],[130.869,30.7412]]],[[[130.869,30.7417],[130.8691,30.7416],[130.8691,30.7416],[130.869,30.7417]]],[[[130.8683,30.7422],[130.8683,30.7422],[130.8682,30.7422],[130.8683,30.7422]]],[[[130.8677,30.7443],[130.8678,30.7442],[130.8677,30.7442],[130.8677,30.7443]]],[[[130.8678,30.7447],[130.8677,30.7446],[130.8677,30.7447],[130.8678,30.7447]]],[[[130.8677,30.7449],[130.8678,30.7449],[130.8677,30.7448],[130.8677,30.7449]]],[[[130.8668,30.7452],[130.8668,30.7451],[130.8668,30.7452],[130.8668,30.7452]]],[[[130.8667,30.7457],[130.8666,30.7457],[130.8666,30.7457],[130.8667,30.7457]]],[[[130.8664,30.7458],[130.8664,30.7457],[130.8664,30.7457],[130.8664,30.7458]]],[[[130.8664,30.747],[130.8664,30.7469],[130.8664,30.7469],[130.8664,30.747]]],[[[130.861,30.7601],[130.8609,30.76],[130.8608,30.7601],[130.861,30.7601]]],[[[130.8607,30.7602],[130.8606,30.7601],[130.8606,30.7602],[130.8607,30.7602]]],[[[130.8608,30.7604],[130.8607,30.7604],[130.8608,30.7604],[130.8608,30.7604]]],[[[130.861,30.7612],[130.861,30.7612],[130.861,30.7613],[130.861,30.7612]]],[[[130.8603,30.764],[130.8604,30.7641],[130.8606,30.7641],[130.8603,30.764]]],[[[130.8607,30.7641],[130.8607,30.7641],[130.8607,30.7641],[130.8607,30.7641]]],[[[130.8606,30.7648],[130.8605,30.7648],[130.8606,30.7648],[130.8606,30.7648]]],[[[130.9462,30.6376],[130.9462,30.6374],[130.9461,30.6376],[130.9462,30.6376]]],[[[130.946,30.638],[130.9461,30.6379],[130.946,30.6378],[130.946,30.638]]],[[[130.9458,30.6399],[130.9457,30.6398],[130.9457,30.6399],[130.9458,30.6399]]],[[[130.9457,30.6403],[130.9457,30.6402],[130.9456,30.6402],[130.9457,30.6403]]],[[[130.9434,30.6438],[130.9434,30.6437],[130.9434,30.6438],[130.9434,30.6438]]],[[[130.9435,30.6444],[130.9435,30.6445],[130.9435,30.6445],[130.9435,30.6444]]],[[[130.9431,30.6449],[130.9432,30.6448],[130.9431,30.6448],[130.9431,30.6449]]],[[[130.9433,30.6452],[130.9434,30.6451],[130.9432,30.6451],[130.9433,30.6452]]],[[[130.9428,30.6463],[130.943,30.6468],[130.9431,30.6467],[130.9428,30.6463]]],[[[130.9425,30.6471],[130.9427,30.6471],[130.9425,30.6471],[130.9425,30.6471]]],[[[130.9424,30.6473],[130.9425,30.6473],[130.9423,30.6472],[130.9424,30.6473]]],[[[130.9421,30.6498],[130.9421,30.65],[130.9422,30.6499],[130.9421,30.6498]]],[[[130.9424,30.6519],[130.9426,30.6517],[130.9422,30.6517],[130.9424,30.6519]]],[[[130.9427,30.6521],[130.9425,30.652],[130.9425,30.6521],[130.9427,30.6521]]],[[[130.9428,30.6523],[130.9427,30.6522],[130.9427,30.6523],[130.9428,30.6523]]],[[[130.9435,30.6588],[130.9434,30.6588],[130.9435,30.6588],[130.9435,30.6588]]],[[[130.9438,30.659],[130.9437,30.659],[130.9438,30.659],[130.9438,30.659]]],[[[130.9439,30.6593],[130.9437,30.6592],[130.9437,30.6593],[130.9439,30.6593]]],[[[130.9446,30.6624],[130.945,30.6628],[130.9449,30.6625],[130.9446,30.6624]]],[[[130.9443,30.6638],[130.9445,30.6633],[130.9441,30.6637],[130.9443,30.6638]]],[[[130.9494,30.6821],[130.9495,30.6822],[130.9495,30.6821],[130.9494,30.6821]]],[[[130.9522,30.6837],[130.9518,30.6841],[130.9521,30.6841],[130.9522,30.6837]]],[[[130.9563,30.6883],[130.9569,30.6887],[130.9555,30.6878],[130.9563,30.6883]]],[[[130.9554,30.6899],[130.9556,30.6899],[130.9554,30.6899],[130.9554,30.6899]]],[[[130.9733,30.7113],[130.9732,30.7116],[130.9734,30.7115],[130.9733,30.7113]]],[[[130.9753,30.7166],[130.9753,30.7167],[130.9754,30.7166],[130.9753,30.7166]]],[[[130.9754,30.7171],[130.9755,30.7169],[130.9754,30.7169],[130.9754,30.7171]]],[[[130.9759,30.718],[130.976,30.7181],[130.9759,30.7179],[130.9759,30.718]]],[[[130.9763,30.7193],[130.9765,30.7193],[130.9763,30.7193],[130.9763,30.7193]]],[[[130.9766,30.7203],[130.9766,30.7205],[130.9766,30.7205],[130.9766,30.7203]]],[[[130.9766,30.7206],[130.9767,30.7207],[130.9766,30.7206],[130.9766,30.7206]]],[[[130.9768,30.7207],[130.9769,30.7209],[130.9767,30.7204],[130.9768,30.7207]]],[[[130.9766,30.7208],[130.9767,30.7209],[130.9767,30.7208],[130.9766,30.7208]]],[[[130.9766,30.7214],[130.9766,30.7216],[130.9767,30.7216],[130.9766,30.7214]]],[[[130.9768,30.7218],[130.9768,30.7218],[130.9768,30.7218],[130.9768,30.7218]]],[[[130.9768,30.722],[130.9769,30.7221],[130.9769,30.7221],[130.9768,30.722]]],[[[130.9768,30.7221],[130.9769,30.7222],[130.9769,30.7222],[130.9768,30.7221]]],[[[130.9767,30.7223],[130.9767,30.7224],[130.9767,30.7224],[130.9767,30.7223]]],[[[130.9894,30.7233],[130.9894,30.7234],[130.9895,30.7236],[130.9894,30.7233]]],[[[130.9787,30.7246],[130.9786,30.7244],[130.9786,30.7246],[130.9787,30.7246]]],[[[130.9784,30.7246],[130.9785,30.7245],[130.9784,30.7245],[130.9784,30.7246]]],[[[130.9783,30.7246],[130.9784,30.7247],[130.9783,30.7246],[130.9783,30.7246]]],[[[130.9786,30.7247],[130.9786,30.7249],[130.9787,30.7253],[130.9786,30.7247]]],[[[130.9787,30.725],[130.9788,30.7251],[130.9787,30.725],[130.9787,30.725]]],[[[130.9785,30.7252],[130.9786,30.7252],[130.9785,30.725],[130.9785,30.7252]]],[[[130.9788,30.7251],[130.9788,30.7253],[130.9788,30.7253],[130.9788,30.7251]]],[[[130.9783,30.7254],[130.9784,30.7253],[130.9783,30.7252],[130.9783,30.7254]]],[[[130.9788,30.7257],[130.9788,30.7256],[130.9788,30.7256],[130.9788,30.7257]]],[[[130.9787,30.7257],[130.9787,30.7257],[130.9787,30.7256],[130.9787,30.7257]]],[[[130.9789,30.7259],[130.979,30.7259],[130.9789,30.7258],[130.9789,30.7259]]],[[[130.9833,30.7263],[130.9832,30.7264],[130.9833,30.7264],[130.9833,30.7263]]],[[[130.9831,30.7263],[130.9831,30.7264],[130.9831,30.7264],[130.9831,30.7263]]],[[[130.9803,30.7265],[130.9802,30.7265],[130.9802,30.7265],[130.9803,30.7265]]],[[[130.9804,30.7266],[130.9803,30.7266],[130.9803,30.7267],[130.9804,30.7266]]],[[[130.9823,30.7266],[130.9822,30.7268],[130.9823,30.7267],[130.9823,30.7266]]],[[[130.9808,30.7267],[130.9808,30.7268],[130.9808,30.7268],[130.9808,30.7267]]],[[[130.982,30.7271],[130.9825,30.7315],[130.9826,30.7315],[130.982,30.7271]]],[[[130.9907,30.7347],[130.9911,30.7337],[130.9906,30.7346],[130.9907,30.7347]]],[[[130.989,30.7363],[130.9891,30.7366],[130.9892,30.7366],[130.989,30.7363]]],[[[130.9821,30.7439],[130.9821,30.7324],[130.981,30.7312],[130.9819,30.7324],[130.9821,30.7439]]],[[[130.9851,30.7406],[130.987,30.7412],[130.9871,30.7411],[130.9851,30.7406]]],[[[130.9947,30.7429],[130.9946,30.7431],[130.9948,30.7432],[130.9947,30.7429]]],[[[131.003,30.7567],[131.0029,30.7567],[131.003,30.7567],[131.003,30.7567]]],[[[131.0031,30.7568],[131.0031,30.7569],[131.0031,30.7569],[131.0031,30.7568]]],[[[131.0031,30.757],[131.0031,30.7569],[131.003,30.757],[131.0031,30.757]]],[[[131.0034,30.7578],[131.0034,30.7577],[131.0034,30.7578],[131.0034,30.7578]]],[[[131.0031,30.7579],[131.0036,30.7586],[131.0039,30.759],[131.0035,30.7581],[131.0031,30.7579]]],[[[131.0043,30.7596],[131.0046,30.7597],[131.0043,30.7596],[131.0043,30.7596]]],[[[131.0052,30.7785],[131.0052,30.7784],[131.0051,30.7784],[131.0052,30.7785]]],[[[131.0051,30.7785],[131.0051,30.7786],[131.0051,30.7786],[131.0051,30.7785]]],[[[131.0049,30.7789],[131.0048,30.7789],[131.0049,30.779],[131.0049,30.7789]]],[[[131.0038,30.7807],[131.0038,30.7806],[131.0037,30.7807],[131.0038,30.7807]]],[[[131.0029,30.7822],[131.0029,30.7821],[131.0029,30.7822],[131.0029,30.7822]]],[[[131.0026,30.7826],[131.0025,30.7826],[131.0025,30.7826],[131.0026,30.7826]]],[[[131.0025,30.7829],[131.0025,30.7828],[131.0025,30.7829],[131.0025,30.7829]]],[[[131.0022,30.7832],[131.0023,30.7831],[131.0022,30.7831],[131.0022,30.7832]]],[[[131.0027,30.7851],[131.0029,30.7853],[131.0029,30.7851],[131.0027,30.7851]]],[[[131.0033,30.7856],[131.0033,30.7855],[131.0032,30.7855],[131.0033,30.7856]]],[[[131.004,30.786],[131.004,30.7859],[131.0039,30.7859],[131.004,30.786]]],[[[131.0041,30.7861],[131.0042,30.7863],[131.0043,30.7862],[131.0041,30.7861]]],[[[131.0039,30.7862],[131.0038,30.7862],[131.0038,30.7862],[131.0039,30.7862]]],[[[131.0369,30.5886],[131.0368,30.5886],[131.0368,30.5887],[131.0369,30.5886]]],[[[131.0368,30.5887],[131.0368,30.5887],[131.0369,30.5887],[131.0368,30.5887]]],[[[131.0444,30.5925],[131.0443,30.5924],[131.0442,30.5925],[131.0444,30.5925]]],[[[131.0437,30.5926],[131.0437,30.5925],[131.0437,30.5925],[131.0437,30.5926]]],[[[131.0438,30.5927],[131.0439,30.5928],[131.044,30.5926],[131.0438,30.5927]]],[[[131.0437,30.5928],[131.0436,30.5927],[131.0436,30.5928],[131.0437,30.5928]]],[[[131.0437,30.593],[131.0438,30.593],[131.0437,30.5929],[131.0437,30.593]]],[[[131.0436,30.5931],[131.0434,30.5932],[131.0436,30.5932],[131.0436,30.5931]]],[[[131.0439,30.5932],[131.0438,30.5931],[131.0438,30.5932],[131.0439,30.5932]]],[[[131.0451,30.5933],[131.0452,30.5932],[131.0451,30.5932],[131.0451,30.5933]]],[[[131.0448,30.5934],[131.0449,30.5933],[131.0448,30.5933],[131.0448,30.5934]]],[[[131.0447,30.5936],[131.0447,30.5935],[131.0446,30.5935],[131.0447,30.5936]]],[[[131.0449,30.5936],[131.0451,30.5935],[131.0449,30.5935],[131.0449,30.5936]]],[[[131.045,30.5938],[131.0448,30.5937],[131.0448,30.5937],[131.045,30.5938]]],[[[131.0567,30.8398],[131.0578,30.8373],[131.062,30.8348],[131.0621,30.8284],[131.0639,30.827],[131.0616,30.8255],[131.0626,30.8257],[131.0644,30.8227],[131.0634,30.8192],[131.0635,30.8163],[131.0675,30.815],[131.0666,30.8132],[131.0652,30.8131],[131.0654,30.8121],[131.0678,30.8128],[131.0668,30.8113],[131.0687,30.8122],[131.0681,30.8131],[131.0688,30.8123],[131.0727,30.8123],[131.0708,30.8004],[131.0714,30.7975],[131.0744,30.7965],[131.0753,30.7948],[131.0796,30.7949],[131.0826,30.789],[131.0823,30.7886],[131.0825,30.7861],[131.0821,30.7847],[131.0834,30.7827],[131.0814,30.7775],[131.0751,30.7739],[131.0751,30.7723],[131.0742,30.7734],[131.074,30.7719],[131.0756,30.7721],[131.0741,30.7719],[131.0715,30.7669],[131.0721,30.7618],[131.0736,30.7616],[131.0727,30.7611],[131.0736,30.7605],[131.074,30.7618],[131.0742,30.76],[131.0748,30.7596],[131.0723,30.7556],[131.0719,30.739],[131.0737,30.732],[131.0741,30.7321],[131.0742,30.7317],[131.0729,30.7283],[131.0742,30.723],[131.0727,30.7186],[131.0733,30.7166],[131.0746,30.7168],[131.0739,30.7157],[131.0749,30.7168],[131.0738,30.7156],[131.0749,30.7134],[131.0743,30.7087],[131.0752,30.7059],[131.0772,30.7042],[131.0769,30.6982],[131.0786,30.6964],[131.0755,30.6946],[131.074,30.692],[131.0734,30.6922],[131.0734,30.6917],[131.0717,30.6918],[131.0702,30.6902],[131.0715,30.6918],[131.0718,30.692],[131.0733,30.6918],[131.0734,30.6924],[131.0695,30.6924],[131.0691,30.6933],[131.0648,30.6897],[131.0658,30.6863],[131.064,30.6851],[131.064,30.6838],[131.0636,30.6852],[131.0621,30.6837],[131.0645,30.6834],[131.0619,30.6832],[131.0637,30.6801],[131.0636,30.6756],[131.0562,30.6709],[131.0519,30.6599],[131.0495,30.6469],[131.0512,30.6479],[131.056,30.6459],[131.0559,30.6457],[131.0568,30.6438],[131.0588,30.6409],[131.0551,30.6351],[131.055,30.6316],[131.0527,30.6287],[131.0529,30.62],[131.0533,30.6193],[131.0547,30.6185],[131.0545,30.6166],[131.0566,30.6151],[131.0554,30.6143],[131.0552,30.6135],[131.055,30.6142],[131.0529,30.6139],[131.0513,30.612],[131.0523,30.6107],[131.0532,30.612],[131.0524,30.6105],[131.0518,30.6106],[131.0521,30.6093],[131.0546,30.6074],[131.0551,30.6048],[131.0497,30.5986],[131.048,30.595],[131.0462,30.595],[131.0431,30.5933],[131.0409,30.5932],[131.0376,30.5895],[131.0339,30.589],[131.0329,30.5875],[131.0291,30.5877],[131.0275,30.5911],[131.0238,30.5935],[131.0237,30.595],[131.0206,30.5978],[131.0125,30.6006],[131.0086,30.6029],[131.0075,30.6053],[131.0055,30.6066],[130.9984,30.6088],[130.9959,30.6086],[130.9935,30.6108],[130.9896,30.6118],[130.9888,30.6134],[130.9853,30.6148],[130.9839,30.6177],[130.9879,30.6227],[130.9819,30.6249],[130.9795,30.6289],[130.9792,30.6366],[130.9804,30.6389],[130.9793,30.6402],[130.9803,30.6422],[130.9791,30.6431],[130.9752,30.6437],[130.9682,30.6389],[130.9568,30.6386],[130.9492,30.6356],[130.947,30.6371],[130.9464,30.6427],[130.9442,30.6441],[130.9435,30.6467],[130.9418,30.6482],[130.943,30.6521],[130.9424,30.6527],[130.9452,30.6577],[130.9447,30.6609],[130.9477,30.6654],[130.9464,30.666],[130.9472,30.6671],[130.9462,30.6675],[130.9461,30.6667],[130.9452,30.6674],[130.9458,30.6657],[130.9449,30.6675],[130.941,30.6663],[130.9401,30.6692],[130.9419,30.673],[130.9518,30.6833],[130.9551,30.6844],[130.9544,30.6848],[130.9567,30.6861],[130.9567,30.6872],[130.9569,30.6864],[130.959,30.6868],[130.9581,30.6882],[130.9576,30.6874],[130.9573,30.6873],[130.9578,30.6911],[130.9622,30.6923],[130.9658,30.6988],[130.9743,30.7094],[130.9741,30.7132],[130.976,30.7171],[130.9771,30.7218],[130.9778,30.7224],[130.9777,30.723],[130.9786,30.7244],[130.9789,30.7255],[130.9806,30.7267],[130.9817,30.7257],[130.9824,30.7264],[130.9823,30.7268],[130.9833,30.7261],[130.9849,30.7272],[130.9837,30.7258],[130.985,30.7268],[130.9866,30.726],[130.9854,30.7253],[130.9861,30.7257],[130.9864,30.7243],[130.9866,30.7257],[130.9871,30.7252],[130.9862,30.7231],[130.9888,30.723],[130.9909,30.7233],[130.9935,30.726],[130.9922,30.7294],[130.9928,30.7311],[130.9941,30.7312],[130.9938,30.732],[130.992,30.7322],[130.9875,30.73],[130.9874,30.7336],[130.9908,30.7328],[130.9917,30.7341],[130.9923,30.733],[130.9944,30.7338],[130.9936,30.7351],[130.9921,30.7346],[130.9895,30.7367],[130.9904,30.741],[130.9939,30.7411],[130.9937,30.7427],[130.9969,30.7432],[131.0,30.7463],[131.0036,30.7518],[131.0027,30.7549],[131.0037,30.7581],[131.009,30.7655],[131.0076,30.7704],[131.0086,30.7736],[131.0074,30.7723],[131.0082,30.7736],[131.0076,30.7764],[131.0029,30.7824],[131.0028,30.7849],[131.0065,30.7858],[131.0104,30.7887],[131.0131,30.7948],[131.016,30.7967],[131.0159,30.7978],[131.0166,30.7981],[131.0164,30.7985],[131.017,30.7987],[131.0172,30.7995],[131.0177,30.799],[131.0206,30.8012],[131.0231,30.8051],[131.0226,30.8035],[131.024,30.8047],[131.0266,30.8089],[131.0261,30.8103],[131.0309,30.8129],[131.0321,30.8158],[131.0318,30.8172],[131.0326,30.8185],[131.0319,30.8205],[131.0312,30.8184],[131.031,30.8189],[131.0315,30.8194],[131.0319,30.8205],[131.0329,30.821],[131.0325,30.8242],[131.0357,30.8267],[131.0377,30.8253],[131.0375,30.823],[131.0393,30.8221],[131.0406,30.822],[131.0432,30.8248],[131.0456,30.8243],[131.0451,30.8237],[131.0469,30.8244],[131.0467,30.8264],[131.0451,30.8253],[131.044,30.8264],[131.0485,30.8311],[131.0495,30.834],[131.0516,30.8345],[131.0567,30.8398]]],[[[131.0053,30.7614],[131.0052,30.7614],[131.0052,30.7614],[131.0053,30.7614]]],[[[131.0074,30.7702],[131.0073,30.7703],[131.0074,30.7703],[131.0074,30.7702]]],[[[131.0074,30.7705],[131.0074,30.7704],[131.0073,30.7705],[131.0074,30.7705]]],[[[131.0073,30.7737],[131.0075,30.7736],[131.0074,30.7736],[131.0073,30.7737]]],[[[131.0074,30.774],[131.0077,30.774],[131.0076,30.7739],[131.0074,30.774]]],[[[131.0076,30.7745],[131.0078,30.7744],[131.0077,30.7743],[131.0076,30.7745]]],[[[131.0111,30.7913],[131.0111,30.7911],[131.011,30.7912],[131.0111,30.7913]]],[[[131.0163,30.7983],[131.0163,30.7985],[131.0163,30.7985],[131.0163,30.7983]]],[[[131.0169,30.7988],[131.0168,30.7988],[131.0169,30.7988],[131.0169,30.7988]]],[[[131.019,30.8006],[131.019,30.8005],[131.0189,30.8006],[131.019,30.8006]]],[[[131.0192,30.8009],[131.0192,30.8008],[131.0192,30.8009],[131.0192,30.8009]]],[[[131.0244,30.807],[131.0242,30.8071],[131.0245,30.8071],[131.0244,30.807]]],[[[131.0243,30.8073],[131.0244,30.8072],[131.0243,30.8072],[131.0243,30.8073]]],[[[131.0252,30.8085],[131.0253,30.8084],[131.0252,30.8083],[131.0252,30.8085]]],[[[131.0252,30.8087],[131.0252,30.8086],[131.0251,30.8087],[131.0252,30.8087]]],[[[131.0256,30.8099],[131.0257,30.8099],[131.0256,30.8098],[131.0256,30.8099]]],[[[131.0255,30.8102],[131.0255,30.8101],[131.0254,30.8101],[131.0255,30.8102]]],[[[131.0257,30.8103],[131.0259,30.8104],[131.0259,30.8102],[131.0257,30.8103]]],[[[131.027,30.8109],[131.0269,30.8108],[131.0269,30.8109],[131.027,30.8109]]],[[[131.0272,30.8113],[131.0274,30.8112],[131.0273,30.8112],[131.0272,30.8113]]],[[[131.0268,30.8114],[131.0271,30.8114],[131.0271,30.8114],[131.0268,30.8114]]],[[[131.0289,30.8128],[131.0289,30.8127],[131.0289,30.8127],[131.0289,30.8128]]],[[[131.028,30.8129],[131.0279,30.8128],[131.0279,30.8129],[131.028,30.8129]]],[[[131.0287,30.813],[131.0286,30.8129],[131.0286,30.8129],[131.0287,30.813]]],[[[131.0295,30.8133],[131.0296,30.8134],[131.0296,30.8132],[131.0295,30.8133]]],[[[131.032,30.8158],[131.0319,30.8157],[131.0319,30.8158],[131.032,30.8158]]],[[[131.0316,30.8167],[131.0316,30.8166],[131.0315,30.8167],[131.0316,30.8167]]],[[[131.0309,30.8169],[131.031,30.8168],[131.0309,30.8169],[131.0309,30.8169]]],[[[131.0314,30.817],[131.0316,30.8169],[131.0315,30.8169],[131.0314,30.817]]],[[[131.0319,30.818],[131.032,30.8181],[131.0319,30.818],[131.0319,30.818]]],[[[131.0313,30.8198],[131.0314,30.8196],[131.0313,30.8196],[131.0313,30.8198]]],[[[131.0316,30.8204],[131.0315,30.8203],[131.0315,30.8204],[131.0316,30.8204]]],[[[131.0317,30.8207],[131.0317,30.8206],[131.0317,30.8206],[131.0317,30.8207]]],[[[131.0319,30.8207],[131.0319,30.8206],[131.0319,30.8207],[131.0319,30.8207]]],[[[131.0319,30.8222],[131.0318,30.8221],[131.0319,30.8222],[131.0319,30.8222]]],[[[131.032,30.8228],[131.0321,30.8227],[131.032,30.8227],[131.032,30.8228]]],[[[131.0316,30.8229],[131.0315,30.8228],[131.0315,30.8229],[131.0316,30.8229]]],[[[131.0311,30.8235],[131.0311,30.8234],[131.031,30.8234],[131.0311,30.8235]]],[[[131.031,30.8236],[131.0309,30.8237],[131.031,30.8237],[131.031,30.8236]]],[[[131.0312,30.8236],[131.0311,30.8237],[131.0312,30.8237],[131.0312,30.8236]]],[[[131.0317,30.8241],[131.0319,30.8244],[131.0318,30.824],[131.0317,30.8241]]],[[[131.0417,30.8243],[131.0422,30.8248],[131.0422,30.8248],[131.0417,30.8243]]],[[[131.0316,30.8243],[131.0316,30.8249],[131.0317,30.825],[131.0316,30.8243]]],[[[131.0323,30.8247],[131.0323,30.8246],[131.0322,30.8247],[131.0323,30.8247]]],[[[131.0331,30.8247],[131.033,30.8247],[131.0331,30.8248],[131.0331,30.8247]]],[[[131.0313,30.8249],[131.0312,30.8249],[131.0313,30.8249],[131.0313,30.8249]]],[[[131.0456,30.8251],[131.0454,30.8253],[131.0456,30.8251],[131.0456,30.8251]]],[[[131.0332,30.8253],[131.0332,30.8252],[131.0331,30.8252],[131.0332,30.8253]]],[[[131.043,30.8253],[131.0439,30.8256],[131.044,30.8254],[131.043,30.8251],[131.043,30.8253]]],[[[131.0379,30.8255],[131.0379,30.8253],[131.0378,30.8255],[131.0379,30.8255]]],[[[131.0334,30.8254],[131.0335,30.8255],[131.0335,30.8254],[131.0334,30.8254]]],[[[131.0413,30.8254],[131.0429,30.8255],[131.0429,30.8254],[131.0413,30.8254]]],[[[131.0378,30.8256],[131.0379,30.8257],[131.0379,30.8255],[131.0378,30.8256]]],[[[131.0334,30.8258],[131.0332,30.8258],[131.0333,30.8258],[131.0334,30.8258]]],[[[131.033,30.8258],[131.0329,30.8258],[131.0329,30.8258],[131.033,30.8258]]],[[[131.0331,30.826],[131.033,30.826],[131.0331,30.826],[131.0331,30.826]]],[[[131.0333,30.8262],[131.0333,30.8261],[131.0333,30.8262],[131.0333,30.8262]]],[[[131.0332,30.8263],[131.0331,30.8263],[131.0331,30.8263],[131.0332,30.8263]]],[[[131.0348,30.8265],[131.035,30.8264],[131.0349,30.8263],[131.0348,30.8265]]],[[[131.0373,30.8266],[131.0372,30.8265],[131.0372,30.8266],[131.0373,30.8266]]],[[[131.0352,30.8267],[131.0352,30.8266],[131.0352,30.8267],[131.0352,30.8267]]],[[[131.037,30.8267],[131.0369,30.8268],[131.0369,30.8268],[131.037,30.8267]]],[[[131.0348,30.8269],[131.0349,30.8268],[131.0348,30.8268],[131.0348,30.8269]]],[[[131.0378,30.827],[131.0378,30.8269],[131.0377,30.8269],[131.0378,30.827]]],[[[131.037,30.827],[131.0369,30.827],[131.0369,30.8271],[131.037,30.827]]],[[[131.037,30.8273],[131.037,30.8272],[131.037,30.8273],[131.037,30.8273]]],[[[131.0481,30.5947],[131.0481,30.5947],[131.0481,30.5948],[131.0481,30.5947]]],[[[131.0477,30.5948],[131.0477,30.5948],[131.0476,30.5948],[131.0477,30.5948]]],[[[131.0479,30.5949],[131.0479,30.5948],[131.0478,30.5948],[131.0479,30.5949]]],[[[131.0481,30.5949],[131.0481,30.5949],[131.048,30.5949],[131.0481,30.5949]]],[[[131.0471,30.595],[131.0471,30.5949],[131.0471,30.595],[131.0471,30.595]]],[[[131.0498,30.5983],[131.05,30.5983],[131.0498,30.5982],[131.0498,30.5983]]],[[[131.0506,30.5986],[131.0505,30.5985],[131.0505,30.5986],[131.0506,30.5986]]],[[[131.0505,30.599],[131.0507,30.599],[131.0507,30.5989],[131.0505,30.599]]],[[[131.0521,30.5997],[131.0524,30.5997],[131.0523,30.5996],[131.0521,30.5997]]],[[[131.0528,30.6],[131.053,30.5999],[131.053,30.5998],[131.0528,30.6]]],[[[131.0531,30.6007],[131.0531,30.6006],[131.053,30.6007],[131.0531,30.6007]]],[[[131.0539,30.6017],[131.054,30.6016],[131.0539,30.6015],[131.0539,30.6017]]],[[[131.0537,30.6018],[131.0536,30.6019],[131.0537,30.6019],[131.0537,30.6018]]],[[[131.0538,30.6021],[131.0538,30.602],[131.0537,30.602],[131.0538,30.6021]]],[[[131.0542,30.6023],[131.0542,30.6022],[131.0542,30.6022],[131.0542,30.6023]]],[[[131.0522,30.6113],[131.0522,30.6111],[131.0522,30.6112],[131.0522,30.6113]]],[[[131.0539,30.6133],[131.0538,30.6132],[131.0538,30.6133],[131.0539,30.6133]]],[[[131.0535,30.6138],[131.0534,30.6137],[131.0534,30.6138],[131.0535,30.6138]]],[[[131.0538,30.6138],[131.0537,30.6137],[131.0537,30.6138],[131.0538,30.6138]]],[[[131.0536,30.6138],[131.0535,30.6138],[131.0535,30.6139],[131.0536,30.6138]]],[[[131.0534,30.6139],[131.0533,30.6138],[131.0533,30.6139],[131.0534,30.6139]]],[[[131.0536,30.6194],[131.0536,30.6193],[131.0535,30.6194],[131.0536,30.6194]]],[[[131.0541,30.6217],[131.054,30.6218],[131.054,30.6218],[131.0541,30.6217]]],[[[131.0535,30.6219],[131.0536,30.6217],[131.0535,30.6217],[131.0535,30.6219]]],[[[131.0543,30.6219],[131.0542,30.6219],[131.0543,30.6219],[131.0543,30.6219]]],[[[131.0533,30.622],[131.0534,30.6218],[131.0533,30.6218],[131.0533,30.622]]],[[[131.054,30.6221],[131.0542,30.622],[131.054,30.622],[131.054,30.6221]]],[[[131.0547,30.6222],[131.0546,30.6222],[131.0547,30.6222],[131.0547,30.6222]]],[[[131.0543,30.6223],[131.0543,30.6223],[131.0542,30.6223],[131.0543,30.6223]]],[[[131.0535,30.6226],[131.0535,30.6225],[131.0534,30.6226],[131.0535,30.6226]]],[[[131.0536,30.623],[131.0536,30.6228],[131.0535,30.623],[131.0536,30.623]]],[[[131.0542,30.6249],[131.0541,30.6248],[131.0541,30.6249],[131.0542,30.6249]]],[[[131.0534,30.6256],[131.0535,30.6254],[131.0534,30.6253],[131.0534,30.6256]]],[[[131.0544,30.6269],[131.0543,30.6269],[131.0544,30.6269],[131.0544,30.6269]]],[[[131.0545,30.6272],[131.0545,30.6271],[131.0545,30.627],[131.0545,30.6272]]],[[[131.0534,30.6272],[131.0533,30.6272],[131.0533,30.6272],[131.0534,30.6272]]],[[[131.0536,30.6273],[131.0535,30.6273],[131.0536,30.6273],[131.0536,30.6273]]],[[[131.0537,30.6275],[131.0536,30.6274],[131.0536,30.6274],[131.0537,30.6275]]],[[[131.0544,30.6275],[131.0546,30.6274],[131.0545,30.6274],[131.0544,30.6275]]],[[[131.0536,30.6276],[131.0536,30.6275],[131.0536,30.6276],[131.0536,30.6276]]],[[[131.0546,30.6278],[131.0546,30.6277],[131.0545,30.6278],[131.0546,30.6278]]],[[[131.0544,30.6279],[131.0543,30.6278],[131.0544,30.6279],[131.0544,30.6279]]],[[[131.0546,30.628],[131.0546,30.6279],[131.0546,30.6279],[131.0546,30.628]]],[[[131.0544,30.6299],[131.0543,30.6298],[131.0543,30.6299],[131.0544,30.6299]]],[[[131.0545,30.6471],[131.0544,30.6472],[131.0545,30.6472],[131.0545,30.6471]]],[[[131.0545,30.6473],[131.0545,30.6473],[131.0545,30.6473],[131.0545,30.6473]]],[[[131.052,30.6484],[131.0516,30.6488],[131.0516,30.6488],[131.052,30.6484]]],[[[131.0527,30.6536],[131.0527,30.6536],[131.0528,30.6536],[131.0527,30.6536]]],[[[131.0524,30.6539],[131.0523,30.654],[131.0524,30.654],[131.0524,30.6539]]],[[[131.0514,30.6556],[131.0514,30.6559],[131.0516,30.6557],[131.0514,30.6556]]],[[[131.0522,30.6576],[131.0522,30.6576],[131.0522,30.6577],[131.0522,30.6576]]],[[[131.0522,30.6582],[131.0522,30.6583],[131.0522,30.6583],[131.0522,30.6582]]],[[[131.0524,30.6589],[131.0527,30.6589],[131.0527,30.6589],[131.0524,30.6589]]],[[[131.0522,30.659],[131.0522,30.6591],[131.0523,30.6591],[131.0522,30.659]]],[[[131.0534,30.6609],[131.0534,30.6608],[131.0533,30.6609],[131.0534,30.6609]]],[[[131.0534,30.6611],[131.053,30.6613],[131.0532,30.6613],[131.0534,30.6611]]],[[[131.0533,30.6615],[131.0535,30.6616],[131.0535,30.6615],[131.0533,30.6615]]],[[[131.0457,30.8286],[131.0456,30.8285],[131.0456,30.8286],[131.0457,30.8286]]],[[[131.0458,30.8287],[131.0457,30.8287],[131.0458,30.8287],[131.0458,30.8287]]],[[[131.0459,30.8289],[131.0459,30.8289],[131.0458,30.8289],[131.0459,30.8289]]],[[[131.0464,30.83],[131.0465,30.83],[131.0464,30.83],[131.0464,30.83]]],[[[131.0466,30.8301],[131.0466,30.83],[131.0466,30.8301],[131.0466,30.8301]]],[[[131.0466,30.8302],[131.0466,30.8302],[131.0466,30.8302],[131.0466,30.8302]]],[[[131.0478,30.8307],[131.0477,30.8307],[131.0477,30.8308],[131.0478,30.8307]]],[[[131.0479,30.8311],[131.048,30.831],[131.0479,30.831],[131.0479,30.8311]]],[[[131.0472,30.8314],[131.0472,30.8313],[131.0471,30.8313],[131.0472,30.8314]]],[[[131.048,30.8315],[131.048,30.8314],[131.0479,30.8314],[131.048,30.8315]]],[[[131.0471,30.8315],[131.0472,30.8316],[131.0472,30.8316],[131.0471,30.8315]]],[[[131.0482,30.8316],[131.0482,30.8316],[131.0482,30.8316],[131.0482,30.8316]]],[[[131.0476,30.8317],[131.0475,30.8316],[131.0475,30.8316],[131.0476,30.8317]]],[[[131.0482,30.8321],[131.0482,30.832],[131.0481,30.8321],[131.0482,30.8321]]],[[[131.0482,30.8325],[131.0482,30.8324],[131.0481,30.8325],[131.0482,30.8325]]],[[[131.0484,30.8344],[131.0484,30.8343],[131.0483,30.8343],[131.0484,30.8344]]],[[[131.0492,30.8344],[131.0493,30.8343],[131.0492,30.8343],[131.0492,30.8344]]],[[[131.0495,30.8346],[131.0496,30.8345],[131.0495,30.8344],[131.0495,30.8346]]],[[[131.0501,30.8347],[131.0503,30.8346],[131.0502,30.8345],[131.0501,30.8347]]],[[[131.0484,30.8349],[131.0485,30.8348],[131.0484,30.8348],[131.0484,30.8349]]],[[[131.0486,30.8351],[131.0487,30.835],[131.0486,30.835],[131.0486,30.8351]]],[[[131.0527,30.8365],[131.053,30.8365],[131.0528,30.8364],[131.0527,30.8365]]],[[[131.0529,30.837],[131.0531,30.8371],[131.0531,30.837],[131.0529,30.837]]],[[[131.0491,30.8372],[131.049,30.837],[131.049,30.8372],[131.0491,30.8372]]],[[[131.0551,30.6031],[131.055,30.603],[131.055,30.6031],[131.0551,30.6031]]],[[[131.0557,30.613],[131.0556,30.613],[131.0556,30.613],[131.0557,30.613]]],[[[131.0559,30.6133],[131.0558,30.6133],[131.0559,30.6133],[131.0559,30.6133]]],[[[131.0553,30.6133],[131.0551,30.6133],[131.0551,30.6133],[131.0553,30.6133]]],[[[131.0559,30.6135],[131.0559,30.6134],[131.0559,30.6135],[131.0559,30.6135]]],[[[131.0548,30.6137],[131.0548,30.6136],[131.0547,30.6137],[131.0548,30.6137]]],[[[131.0557,30.6141],[131.0556,30.614],[131.0556,30.6141],[131.0557,30.6141]]],[[[131.056,30.6142],[131.056,30.6141],[131.0559,30.6141],[131.056,30.6142]]],[[[131.0568,30.6142],[131.0569,30.6141],[131.0568,30.6141],[131.0568,30.6142]]],[[[131.0565,30.6142],[131.0564,30.6142],[131.0565,30.6142],[131.0565,30.6142]]],[[[131.0563,30.6142],[131.0562,30.6143],[131.0563,30.6143],[131.0563,30.6142]]],[[[131.0564,30.6145],[131.0563,30.6144],[131.0563,30.6144],[131.0564,30.6145]]],[[[131.0573,30.6148],[131.0574,30.6141],[131.0571,30.6143],[131.0573,30.6148]]],[[[131.0567,30.6147],[131.0567,30.6146],[131.0567,30.6147],[131.0567,30.6147]]],[[[131.0565,30.6147],[131.0564,30.6146],[131.0565,30.6147],[131.0565,30.6147]]],[[[131.0577,30.6148],[131.0578,30.6147],[131.0578,30.6147],[131.0577,30.6148]]],[[[131.0571,30.6149],[131.057,30.6148],[131.057,30.6149],[131.0571,30.6149]]],[[[131.0568,30.6149],[131.0567,30.6148],[131.0567,30.6149],[131.0568,30.6149]]],[[[131.0566,30.615],[131.0566,30.6149],[131.0565,30.615],[131.0566,30.615]]],[[[131.0585,30.615],[131.0584,30.615],[131.0585,30.615],[131.0585,30.615]]],[[[131.0569,30.615],[131.0568,30.615],[131.0568,30.6151],[131.0569,30.615]]],[[[131.057,30.6152],[131.0569,30.6153],[131.057,30.6153],[131.057,30.6152]]],[[[131.0567,30.6154],[131.0569,30.6154],[131.0567,30.6152],[131.0567,30.6154]]],[[[131.0556,30.6174],[131.0553,30.6176],[131.0556,30.6176],[131.0556,30.6174]]],[[[131.0558,30.6182],[131.0559,30.6183],[131.0559,30.6181],[131.0558,30.6182]]],[[[131.0548,30.6183],[131.0549,30.6182],[131.0548,30.6183],[131.0548,30.6183]]],[[[131.0549,30.6185],[131.0549,30.6184],[131.0549,30.6185],[131.0549,30.6185]]],[[[131.0548,30.6188],[131.0549,30.6187],[131.0549,30.6187],[131.0548,30.6188]]],[[[131.0547,30.6189],[131.0546,30.6188],[131.0546,30.6189],[131.0547,30.6189]]],[[[131.0547,30.6305],[131.0547,30.6304],[131.0547,30.6305],[131.0547,30.6305]]],[[[131.0547,30.631],[131.0548,30.6309],[131.0547,30.6309],[131.0547,30.631]]],[[[131.0554,30.6315],[131.0551,30.6314],[131.055,30.6314],[131.0554,30.6315]]],[[[131.0556,30.6316],[131.0556,30.6315],[131.0555,30.6316],[131.0556,30.6316]]],[[[131.0554,30.6317],[131.0553,30.6317],[131.0553,30.6318],[131.0554,30.6317]]],[[[131.0556,30.6318],[131.0555,30.6318],[131.0555,30.6318],[131.0556,30.6318]]],[[[131.0556,30.6333],[131.0557,30.6332],[131.0556,30.6333],[131.0556,30.6333]]],[[[131.0558,30.6345],[131.0558,30.6345],[131.0558,30.6345],[131.0558,30.6345]]],[[[131.0555,30.6347],[131.0555,30.6347],[131.0555,30.6347],[131.0555,30.6347]]],[[[131.0561,30.636],[131.0562,30.6358],[131.0561,30.6358],[131.0561,30.636]]],[[[131.0565,30.6363],[131.0564,30.6362],[131.0564,30.6362],[131.0565,30.6363]]],[[[131.0564,30.6365],[131.0563,30.6369],[131.0565,30.6365],[131.0564,30.6365]]],[[[131.0576,30.6374],[131.0576,30.6374],[131.0576,30.6374],[131.0576,30.6374]]],[[[131.0579,30.6375],[131.0578,30.6374],[131.0578,30.6375],[131.0579,30.6375]]],[[[131.0578,30.6377],[131.0578,30.6376],[131.0577,30.6377],[131.0578,30.6377]]],[[[131.0577,30.6378],[131.0578,30.6379],[131.0578,30.6377],[131.0577,30.6378]]],[[[131.0578,30.6381],[131.0576,30.6383],[131.0578,30.6383],[131.0578,30.6381]]],[[[131.0576,30.6385],[131.0578,30.6385],[131.0577,30.6383],[131.0576,30.6385]]],[[[131.0577,30.6389],[131.0579,30.6387],[131.0576,30.6387],[131.0577,30.6389]]],[[[131.0581,30.6392],[131.058,30.6391],[131.058,30.6392],[131.0581,30.6392]]],[[[131.0582,30.6397],[131.0581,30.6396],[131.0581,30.6397],[131.0582,30.6397]]],[[[131.0594,30.6399],[131.0593,30.6398],[131.0593,30.6399],[131.0594,30.6399]]],[[[131.0584,30.6399],[131.0584,30.6399],[131.0584,30.6399],[131.0584,30.6399]]],[[[131.0597,30.6399],[131.0596,30.6399],[131.0596,30.6399],[131.0597,30.6399]]],[[[131.0592,30.64],[131.0591,30.6399],[131.0591,30.64],[131.0592,30.64]]],[[[131.0595,30.64],[131.0595,30.64],[131.0594,30.64],[131.0595,30.64]]],[[[131.0593,30.6401],[131.0593,30.64],[131.0592,30.6401],[131.0593,30.6401]]],[[[131.0597,30.6403],[131.0596,30.6403],[131.0596,30.6403],[131.0597,30.6403]]],[[[131.0595,30.6407],[131.0594,30.6407],[131.0594,30.6407],[131.0595,30.6407]]],[[[131.0598,30.6408],[131.0597,30.6408],[131.0597,30.6408],[131.0598,30.6408]]],[[[131.0589,30.6414],[131.0589,30.6413],[131.0589,30.6414],[131.0589,30.6414]]],[[[131.0589,30.6416],[131.0591,30.6415],[131.059,30.6414],[131.0589,30.6416]]],[[[131.0588,30.6418],[131.0587,30.6417],[131.0587,30.6418],[131.0588,30.6418]]],[[[131.0591,30.6419],[131.059,30.6419],[131.0591,30.6419],[131.0591,30.6419]]],[[[131.0591,30.6422],[131.0591,30.642],[131.059,30.6421],[131.0591,30.6422]]],[[[131.0581,30.6426],[131.0581,30.6425],[131.058,30.6425],[131.0581,30.6426]]],[[[131.0581,30.6431],[131.0578,30.643],[131.0579,30.6432],[131.0581,30.6431]]],[[[131.0569,30.6443],[131.0569,30.6441],[131.0568,30.6442],[131.0569,30.6443]]],[[[131.0568,30.6444],[131.0567,30.6444],[131.0568,30.6444],[131.0568,30.6444]]],[[[131.057,30.6445],[131.0569,30.6444],[131.0569,30.6445],[131.057,30.6445]]],[[[131.0568,30.6446],[131.0568,30.6445],[131.0567,30.6446],[131.0568,30.6446]]],[[[131.0568,30.6447],[131.057,30.6447],[131.0568,30.6447],[131.0568,30.6447]]],[[[131.0568,30.645],[131.0568,30.6449],[131.0567,30.6449],[131.0568,30.645]]],[[[131.0568,30.6453],[131.0567,30.6452],[131.0567,30.6453],[131.0568,30.6453]]],[[[131.0562,30.6457],[131.0561,30.6455],[131.0561,30.6457],[131.0562,30.6457]]],[[[131.055,30.8387],[131.055,30.8386],[131.0549,30.8386],[131.055,30.8387]]],[[[131.0548,30.8388],[131.0549,30.8387],[131.0547,30.8387],[131.0548,30.8388]]],[[[131.0605,30.84],[131.0605,30.8402],[131.0605,30.8401],[131.0605,30.84]]],[[[131.0577,30.8404],[131.0575,30.8401],[131.0574,30.8403],[131.0577,30.8404]]],[[[131.0564,30.8404],[131.0565,30.8403],[131.0564,30.8403],[131.0564,30.8404]]],[[[131.0563,30.8406],[131.0564,30.8406],[131.0563,30.8405],[131.0563,30.8406]]],[[[131.0563,30.841],[131.0564,30.8409],[131.0563,30.8409],[131.0563,30.841]]],[[[131.0606,30.6403],[131.0605,30.6402],[131.0605,30.6403],[131.0606,30.6403]]],[[[131.0605,30.6405],[131.0604,30.6405],[131.0604,30.6405],[131.0605,30.6405]]],[[[131.0652,30.6801],[131.0653,30.6803],[131.0654,30.6801],[131.0652,30.6801]]],[[[131.0652,30.6805],[131.0653,30.6806],[131.0653,30.6805],[131.0652,30.6805]]],[[[131.0655,30.6807],[131.0655,30.6805],[131.0654,30.6806],[131.0655,30.6807]]],[[[131.0644,30.6806],[131.0644,30.6807],[131.0645,30.6806],[131.0644,30.6806]]],[[[131.064,30.6811],[131.0638,30.6803],[131.0638,30.6812],[131.064,30.6811]]],[[[131.0653,30.6807],[131.0653,30.6808],[131.0653,30.6808],[131.0653,30.6807]]],[[[131.0647,30.6808],[131.0646,30.6808],[131.0647,30.6808],[131.0647,30.6808]]],[[[131.0655,30.681],[131.0654,30.6811],[131.0655,30.681],[131.0655,30.681]]],[[[131.0653,30.6812],[131.0652,30.6811],[131.0653,30.6812],[131.0653,30.6812]]],[[[131.0645,30.6813],[131.0644,30.6813],[131.0645,30.6813],[131.0645,30.6813]]],[[[131.0658,30.6815],[131.0659,30.6815],[131.0658,30.6815],[131.0658,30.6815]]],[[[131.0661,30.6815],[131.066,30.6815],[131.0661,30.6816],[131.0661,30.6815]]],[[[131.0672,30.684],[131.0672,30.6841],[131.0672,30.6841],[131.0672,30.684]]],[[[131.0654,30.6842],[131.0654,30.6843],[131.0655,30.6842],[131.0654,30.6842]]],[[[131.0665,30.6843],[131.0665,30.6843],[131.0665,30.6843],[131.0665,30.6843]]],[[[131.0669,30.6843],[131.0668,30.6844],[131.0669,30.6844],[131.0669,30.6843]]],[[[131.0666,30.6847],[131.0666,30.6847],[131.0666,30.6847],[131.0666,30.6847]]],[[[131.0671,30.6856],[131.0671,30.6856],[131.0671,30.6857],[131.0671,30.6856]]],[[[131.069,30.6857],[131.069,30.6857],[131.0689,30.6857],[131.069,30.6857]]],[[[131.0669,30.6857],[131.0669,30.6857],[131.0669,30.6857],[131.0669,30.6857]]],[[[131.0673,30.6858],[131.0672,30.6858],[131.0673,30.6858],[131.0673,30.6858]]],[[[131.067,30.686],[131.067,30.686],[131.067,30.686],[131.067,30.686]]],[[[131.0674,30.6864],[131.0677,30.6857],[131.0671,30.6862],[131.0674,30.6864]]],[[[131.0675,30.6871],[131.0685,30.6861],[131.0673,30.687],[131.0675,30.6871]]],[[[131.0689,30.6867],[131.0688,30.6867],[131.0688,30.6868],[131.0689,30.6867]]],[[[131.0686,30.6869],[131.0687,30.687],[131.0688,30.6869],[131.0686,30.6869]]],[[[131.068,30.687],[131.0679,30.6874],[131.0682,30.687],[131.068,30.687]]],[[[131.0662,30.6905],[131.0662,30.6905],[131.0662,30.6905],[131.0662,30.6905]]],[[[131.0668,30.6906],[131.0668,30.6907],[131.0668,30.6907],[131.0668,30.6906]]],[[[131.0662,30.6907],[131.0662,30.6908],[131.0662,30.6908],[131.0662,30.6907]]],[[[131.0728,30.691],[131.0727,30.6911],[131.0728,30.6911],[131.0728,30.691]]],[[[131.0666,30.6911],[131.0667,30.6911],[131.0666,30.691],[131.0666,30.6911]]],[[[131.073,30.6912],[131.073,30.6912],[131.073,30.6912],[131.073,30.6912]]],[[[131.067,30.6912],[131.067,30.6913],[131.0671,30.6913],[131.067,30.6912]]],[[[131.0746,30.6913],[131.0746,30.6913],[131.0746,30.6913],[131.0746,30.6913]]],[[[131.0668,30.6913],[131.0668,30.6913],[131.0668,30.6913],[131.0668,30.6913]]],[[[131.0729,30.6913],[131.0729,30.6914],[131.073,30.6913],[131.0729,30.6913]]],[[[131.067,30.6914],[131.0671,30.6914],[131.067,30.6914],[131.067,30.6914]]],[[[131.0741,30.6915],[131.0741,30.6914],[131.0741,30.6915],[131.0741,30.6915]]],[[[131.0735,30.6914],[131.0735,30.6915],[131.0735,30.6914],[131.0735,30.6914]]],[[[131.0728,30.6914],[131.0728,30.6915],[131.0728,30.6915],[131.0728,30.6914]]],[[[131.0679,30.6915],[131.068,30.6915],[131.0679,30.6915],[131.0679,30.6915]]],[[[131.0747,30.6916],[131.0746,30.6916],[131.0747,30.6916],[131.0747,30.6916]]],[[[131.0675,30.6916],[131.0675,30.6916],[131.0675,30.6916],[131.0675,30.6916]]],[[[131.0676,30.6917],[131.0676,30.6918],[131.0676,30.6918],[131.0676,30.6917]]],[[[131.0678,30.6918],[131.0677,30.6918],[131.0678,30.6918],[131.0678,30.6918]]],[[[131.0742,30.6919],[131.0741,30.6919],[131.0742,30.6919],[131.0742,30.6919]]],[[[131.0743,30.6921],[131.0742,30.6922],[131.0743,30.6922],[131.0743,30.6921]]],[[[131.0742,30.7311],[131.0744,30.7313],[131.0744,30.7313],[131.0742,30.7311]]],[[[131.0744,30.7608],[131.0744,30.7606],[131.0743,30.7607],[131.0744,30.7608]]],[[[131.0746,30.7611],[131.0745,30.761],[131.0745,30.7611],[131.0746,30.7611]]],[[[131.0746,30.7614],[131.0745,30.7613],[131.0745,30.7614],[131.0746,30.7614]]],[[[131.0739,30.7702],[131.074,30.7701],[131.0739,30.7701],[131.0739,30.7702]]],[[[131.0744,30.7966],[131.0743,30.7965],[131.0743,30.7966],[131.0744,30.7966]]],[[[131.0742,30.7966],[131.0742,30.7966],[131.0741,30.7966],[131.0742,30.7966]]],[[[131.0731,30.8057],[131.073,30.8056],[131.073,30.8057],[131.0731,30.8057]]],[[[131.0736,30.8073],[131.0736,30.8072],[131.0735,30.8072],[131.0736,30.8073]]],[[[131.0727,30.8118],[131.0731,30.8117],[131.0726,30.8112],[131.0727,30.8118]]],[[[131.0706,30.8136],[131.0706,30.8135],[131.0705,30.8136],[131.0706,30.8136]]],[[[131.0671,30.8139],[131.0671,30.8138],[131.0671,30.8138],[131.0671,30.8139]]],[[[131.0673,30.8141],[131.0673,30.814],[131.0672,30.814],[131.0673,30.8141]]],[[[131.0693,30.8144],[131.0685,30.8145],[131.0686,30.8147],[131.0693,30.8144]]],[[[131.0678,30.8149],[131.0679,30.8148],[131.0678,30.8148],[131.0678,30.8149]]],[[[131.0639,30.8178],[131.0639,30.8177],[131.0639,30.8178],[131.0639,30.8178]]],[[[131.0644,30.818],[131.0644,30.8178],[131.0643,30.8179],[131.0644,30.818]]],[[[131.0637,30.8182],[131.0638,30.8181],[131.0637,30.818],[131.0637,30.8182]]],[[[131.0643,30.8218],[131.0644,30.8217],[131.0643,30.8217],[131.0643,30.8218]]],[[[131.0643,30.8221],[131.0644,30.8219],[131.0643,30.822],[131.0643,30.8221]]],[[[131.0634,30.8261],[131.0635,30.826],[131.0635,30.826],[131.0634,30.8261]]],[[[131.0642,30.8264],[131.0641,30.8263],[131.0641,30.8264],[131.0642,30.8264]]],[[[131.0643,30.8266],[131.0644,30.8265],[131.0643,30.8265],[131.0643,30.8266]]],[[[131.0643,30.8268],[131.0644,30.8267],[131.0643,30.8267],[131.0643,30.8268]]],[[[131.0654,30.827],[131.0656,30.827],[131.0655,30.8269],[131.0654,30.827]]],[[[131.0638,30.8303],[131.0637,30.8303],[131.0637,30.8303],[131.0638,30.8303]]],[[[131.0636,30.8305],[131.0636,30.8304],[131.0635,30.8304],[131.0636,30.8305]]],[[[131.0622,30.8348],[131.0623,30.8347],[131.0622,30.8347],[131.0622,30.8348]]],[[[131.0625,30.8351],[131.0624,30.835],[131.0624,30.8351],[131.0625,30.8351]]],[[[131.0621,30.8351],[131.0624,30.8353],[131.0621,30.8349],[131.0621,30.8351]]],[[[131.0619,30.8375],[131.0618,30.8375],[131.0619,30.8376],[131.0619,30.8375]]],[[[131.0752,30.6898],[131.0751,30.6899],[131.0752,30.6899],[131.0752,30.6898]]],[[[131.0763,30.6899],[131.0759,30.6905],[131.0761,30.6905],[131.0763,30.6899]]],[[[131.0751,30.6901],[131.0751,30.6902],[131.0752,30.6902],[131.0751,30.6901]]],[[[131.0756,30.6903],[131.0755,30.6902],[131.0754,30.6902],[131.0756,30.6903]]],[[[131.0754,30.6906],[131.0753,30.6906],[131.0754,30.6906],[131.0754,30.6906]]],[[[131.0752,30.6907],[131.0752,30.6907],[131.0752,30.6907],[131.0752,30.6907]]],[[[131.0749,30.6907],[131.0748,30.6908],[131.0748,30.6908],[131.0749,30.6907]]],[[[131.0763,30.6908],[131.0763,30.6907],[131.0762,30.6908],[131.0763,30.6908]]],[[[131.0754,30.6908],[131.0754,30.6909],[131.0754,30.6909],[131.0754,30.6908]]],[[[131.076,30.6911],[131.076,30.6912],[131.076,30.6912],[131.076,30.6911]]],[[[131.0801,30.6914],[131.0804,30.6915],[131.0804,30.6913],[131.0801,30.6914]]],[[[131.0751,30.6914],[131.0753,30.6916],[131.0752,30.6913],[131.0751,30.6914]]],[[[131.075,30.6919],[131.075,30.6918],[131.075,30.6919],[131.075,30.6919]]],[[[131.0801,30.6932],[131.0798,30.693],[131.0798,30.6932],[131.0801,30.6932]]],[[[131.0808,30.6947],[131.0805,30.6949],[131.0808,30.6949],[131.0808,30.6947]]],[[[131.0787,30.6957],[131.0786,30.6957],[131.0787,30.6957],[131.0787,30.6957]]],[[[131.0784,30.6958],[131.0783,30.6958],[131.0783,30.6958],[131.0784,30.6958]]],[[[131.0788,30.6961],[131.0787,30.6961],[131.0787,30.6961],[131.0788,30.6961]]],[[[131.0791,30.6964],[131.0792,30.6964],[131.0792,30.6964],[131.0791,30.6964]]],[[[131.0789,30.6968],[131.0787,30.6969],[131.0787,30.6969],[131.0789,30.6968]]],[[[131.083,30.6968],[131.0828,30.6969],[131.083,30.697],[131.083,30.6968]]],[[[131.0825,30.6975],[131.0824,30.6969],[131.0819,30.6972],[131.0825,30.6975]]],[[[131.0789,30.6972],[131.0789,30.6973],[131.0789,30.6973],[131.0789,30.6972]]],[[[131.0784,30.6975],[131.0786,30.6975],[131.0786,30.6974],[131.0784,30.6975]]],[[[131.0836,30.6977],[131.0838,30.6977],[131.0836,30.6975],[131.0836,30.6977]]],[[[131.0834,30.6976],[131.0833,30.6977],[131.0833,30.6977],[131.0834,30.6976]]],[[[131.0789,30.6978],[131.0788,30.6978],[131.0789,30.6978],[131.0789,30.6978]]],[[[131.0785,30.6979],[131.0785,30.6978],[131.0784,30.6978],[131.0785,30.6979]]],[[[131.0776,30.6978],[131.0775,30.6978],[131.0775,30.6979],[131.0776,30.6978]]],[[[131.0775,30.698],[131.0774,30.698],[131.0774,30.6981],[131.0775,30.698]]],[[[131.0774,30.6988],[131.0775,30.6987],[131.0774,30.6987],[131.0774,30.6988]]],[[[131.0778,30.6991],[131.078,30.6992],[131.078,30.6991],[131.0778,30.6991]]],[[[131.0777,30.6991],[131.0776,30.6992],[131.0777,30.6992],[131.0777,30.6991]]],[[[131.0775,30.6992],[131.0774,30.6992],[131.0774,30.6992],[131.0775,30.6992]]],[[[131.0776,30.6993],[131.0776,30.6993],[131.0776,30.6993],[131.0776,30.6993]]],[[[131.0776,30.7002],[131.0776,30.7002],[131.0776,30.7002],[131.0776,30.7002]]],[[[131.0777,30.7004],[131.0777,30.7004],[131.0777,30.7004],[131.0777,30.7004]]],[[[131.0785,30.7007],[131.0784,30.7004],[131.0782,30.7007],[131.0785,30.7007]]],[[[131.0776,30.7006],[131.0775,30.7005],[131.0775,30.7006],[131.0776,30.7006]]],[[[131.0789,30.7008],[131.0788,30.7007],[131.0789,30.7008],[131.0789,30.7008]]],[[[131.0791,30.7008],[131.0791,30.7008],[131.0791,30.7008],[131.0791,30.7008]]],[[[131.0775,30.7009],[131.0777,30.7009],[131.0777,30.7008],[131.0775,30.7009]]],[[[131.0779,30.7019],[131.0778,30.7017],[131.0777,30.7018],[131.0779,30.7019]]],[[[131.0783,30.7021],[131.0784,30.702],[131.0783,30.702],[131.0783,30.7021]]],[[[131.0777,30.7022],[131.0779,30.7021],[131.0777,30.7022],[131.0777,30.7022]]],[[[131.0782,30.7023],[131.0782,30.7023],[131.0782,30.7023],[131.0782,30.7023]]],[[[131.0788,30.7026],[131.0787,30.7026],[131.0787,30.7026],[131.0788,30.7026]]],[[[131.0782,30.7033],[131.0782,30.7033],[131.0782,30.7034],[131.0782,30.7033]]],[[[131.0785,30.7036],[131.0784,30.7036],[131.0784,30.7036],[131.0785,30.7036]]],[[[131.0776,30.7037],[131.0775,30.7036],[131.0775,30.7037],[131.0776,30.7037]]],[[[131.078,30.7037],[131.0779,30.7037],[131.0779,30.7037],[131.078,30.7037]]],[[[131.0774,30.7039],[131.0774,30.704],[131.0774,30.704],[131.0774,30.7039]]],[[[131.0784,30.7041],[131.0783,30.7041],[131.0783,30.7042],[131.0784,30.7041]]],[[[131.0779,30.7042],[131.0779,30.7041],[131.0779,30.7042],[131.0779,30.7042]]],[[[131.0773,30.7044],[131.0773,30.7044],[131.0773,30.7044],[131.0773,30.7044]]],[[[131.0777,30.7045],[131.0776,30.7044],[131.0776,30.7045],[131.0777,30.7045]]],[[[131.0769,30.7048],[131.0768,30.7048],[131.0768,30.7048],[131.0769,30.7048]]],[[[131.0769,30.7051],[131.0769,30.7051],[131.0769,30.7052],[131.0769,30.7051]]],[[[131.0792,30.7094],[131.0791,30.7093],[131.0791,30.7094],[131.0792,30.7094]]],[[[131.079,30.7101],[131.0789,30.71],[131.0789,30.7101],[131.079,30.7101]]],[[[131.0784,30.7106],[131.0783,30.7107],[131.0784,30.7107],[131.0784,30.7106]]],[[[131.0786,30.7151],[131.0785,30.715],[131.0785,30.7151],[131.0786,30.7151]]],[[[131.0777,30.7166],[131.0776,30.7166],[131.0776,30.7166],[131.0777,30.7166]]],[[[131.0768,30.7168],[131.0766,30.7166],[131.0771,30.7175],[131.0768,30.7168]]],[[[131.077,30.7208],[131.0769,30.7207],[131.0769,30.7208],[131.077,30.7208]]],[[[131.0772,30.7208],[131.0771,30.7207],[131.0771,30.7208],[131.0772,30.7208]]],[[[131.0764,30.7596],[131.0765,30.7594],[131.0764,30.7594],[131.0764,30.7596]]],[[[131.0755,30.7596],[131.0756,30.7595],[131.0754,30.7595],[131.0755,30.7596]]],[[[131.0754,30.7598],[131.0753,30.7598],[131.0754,30.7599],[131.0754,30.7598]]],[[[131.0765,30.7613],[131.0765,30.7612],[131.0764,30.7612],[131.0765,30.7613]]],[[[131.0817,30.7772],[131.0815,30.7775],[131.0818,30.7775],[131.0817,30.7772]]],[[[131.083,30.7883],[131.0829,30.7882],[131.083,30.7883],[131.083,30.7883]]],[[[131.0826,30.7885],[131.0826,30.7884],[131.0825,30.7885],[131.0826,30.7885]]],[[[131.0806,30.7938],[131.0808,30.7938],[131.0807,30.7937],[131.0806,30.7938]]],[[[131.0806,30.7945],[131.0806,30.7944],[131.0805,30.7944],[131.0806,30.7945]]],[[[131.08,30.7948],[131.0799,30.7948],[131.0799,30.7948],[131.08,30.7948]]],[[[131.0759,30.7953],[131.076,30.7952],[131.076,30.7952],[131.0759,30.7953]]],[[[131.0784,30.7957],[131.0785,30.7956],[131.0784,30.7956],[131.0784,30.7957]]],[[[131.0747,30.7963],[131.0747,30.7962],[131.0747,30.7963],[131.0747,30.7963]]]]}},{"type":"Feature","properties":{"code":"46214","name":"垂水市","pref_code":"46","pref":"鹿児島県"},"geometry":{"type":"MultiPolygon","coordinates":[[[[130.691,31.4855],[130.6911,31.4852],[130.691,31.4855],[130.691,31.4855]]],[[[130.6951,31.499],[130.695,31.4991],[130.6955,31.4993],[130.6951,31.499]]],[[[130.6962,31.5048],[130.696,31.5056],[130.6961,31.5056],[130.6962,31.5048]]],[[[130.6961,31.5059],[130.6959,31.5068],[130.696,31.5068],[130.6961,31.5059]]],[[[130.695,31.5105],[130.6947,31.5093],[130.6949,31.5105],[130.695,31.5105]]],[[[130.6951,31.5107],[130.695,31.5107],[130.6954,31.5114],[130.6951,31.5107]]],[[[130.6955,31.5116],[130.6954,31.5124],[130.6955,31.5124],[130.6955,31.5116]]],[[[130.6955,31.5134],[130.6955,31.5127],[130.6954,31.5127],[130.6955,31.5134]]],[[[130.6957,31.5138],[130.6956,31.5138],[130.696,31.5144],[130.6957,31.5138]]],[[[130.6965,31.5147],[130.6968,31.5154],[130.6969,31.5154],[130.6965,31.5147]]],[[[130.6972,31.5164],[130.697,31.5157],[130.6971,31.5164],[130.6972,31.5164]]],[[[130.6973,31.5174],[130.6971,31.5167],[130.6972,31.5174],[130.6973,31.5174]]],[[[130.6973,31.5177],[130.6972,31.5184],[130.6972,31.5184],[130.6973,31.5177]]],[[[130.6962,31.5317],[130.6966,31.5298],[130.6945,31.5286],[130.6946,31.5311],[130.6962,31.5317]]],[[[130.7337,31.4451],[130.7335,31.4446],[130.7334,31.4446],[130.7337,31.4451]]],[[[130.7025,31.4572],[130.7018,31.4581],[130.7026,31.4572],[130.7025,31.4572]]],[[[130.6973,31.5194],[130.6972,31.5194],[130.6977,31.52],[130.6973,31.5194]]],[[[130.6978,31.521],[130.6977,31.5203],[130.6978,31.521],[130.6978,31.521]]],[[[130.6978,31.5213],[130.6977,31.522],[130.6978,31.522],[130.6978,31.5213]]],[[[130.6977,31.5223],[130.6976,31.5228],[130.6976,31.5228],[130.6977,31.5223]]],[[[130.8011,31.6319],[130.8144,31.6264],[130.8158,31.6187],[130.809,31.6181],[130.8092,31.6163],[130.8122,31.6145],[130.8111,31.6117],[130.8139,31.6114],[130.813,31.6088],[130.8216,31.608],[130.822,31.6063],[130.8253,31.6041],[130.827,31.6013],[130.8279,31.5969],[130.8248,31.5929],[130.8257,31.5907],[130.8231,31.589],[130.824,31.5868],[130.8181,31.5844],[130.8204,31.5818],[130.8193,31.5805],[130.8209,31.5775],[130.8209,31.5756],[130.8165,31.5705],[130.8191,31.565],[130.8169,31.564],[130.8182,31.5616],[130.8121,31.5583],[130.8122,31.5556],[130.8165,31.5462],[130.8112,31.5407],[130.8033,31.5396],[130.8015,31.5308],[130.8059,31.5314],[130.8073,31.5283],[130.8011,31.5191],[130.8013,31.5176],[130.7978,31.5143],[130.7952,31.5141],[130.7941,31.5111],[130.8002,31.5046],[130.8035,31.5027],[130.8038,31.5008],[130.8124,31.4993],[130.8136,31.4956],[130.8173,31.4924],[130.8164,31.4891],[130.8188,31.4858],[130.817,31.4807],[130.8184,31.4794],[130.8185,31.4774],[130.814,31.4711],[130.8143,31.469],[130.8093,31.4659],[130.8087,31.4592],[130.8063,31.4549],[130.8072,31.4538],[130.8071,31.4495],[130.8027,31.4433],[130.7954,31.4399],[130.7955,31.4347],[130.7936,31.4304],[130.793,31.4326],[130.7904,31.4335],[130.7809,31.4311],[130.7797,31.433],[130.7763,31.4298],[130.7729,31.4303],[130.7656,31.4256],[130.7651,31.4229],[130.7628,31.4233],[130.7591,31.4208],[130.7607,31.4184],[130.7603,31.414],[130.7588,31.4147],[130.759,31.4173],[130.7577,31.4184],[130.7576,31.4218],[130.7559,31.4253],[130.7504,31.4292],[130.7512,31.4296],[130.7452,31.4365],[130.7369,31.4426],[130.7364,31.4446],[130.7347,31.4441],[130.7339,31.4445],[130.7361,31.4445],[130.7342,31.4448],[130.7361,31.4455],[130.7339,31.4488],[130.7294,31.452],[130.7187,31.4558],[130.7047,31.4587],[130.7043,31.4579],[130.7033,31.4576],[130.703,31.4578],[130.7047,31.4589],[130.7031,31.4587],[130.7026,31.4596],[130.7021,31.4587],[130.703,31.4584],[130.703,31.4581],[130.702,31.4587],[130.7025,31.4601],[130.6985,31.4617],[130.6957,31.4779],[130.6883,31.4781],[130.6864,31.4827],[130.6864,31.4832],[130.6883,31.4782],[130.6913,31.4782],[130.6914,31.4839],[130.6904,31.4839],[130.6924,31.4858],[130.6892,31.4858],[130.6867,31.4846],[130.6892,31.4858],[130.6927,31.4858],[130.6928,31.488],[130.6911,31.4891],[130.6962,31.4942],[130.6956,31.4943],[130.6954,31.4946],[130.6981,31.4943],[130.6978,31.4968],[130.6962,31.4962],[130.6971,31.4955],[130.695,31.495],[130.6961,31.4963],[130.6979,31.4969],[130.6959,31.497],[130.6954,31.4986],[130.6967,31.4972],[130.6972,31.4985],[130.6961,31.4984],[130.6976,31.4986],[130.698,31.5008],[130.6952,31.5099],[130.6975,31.5159],[130.6985,31.521],[130.6979,31.5235],[130.6988,31.5279],[130.6977,31.529],[130.6976,31.5299],[130.7047,31.5299],[130.7039,31.5303],[130.7065,31.5319],[130.7071,31.5349],[130.707,31.5384],[130.7056,31.5394],[130.707,31.5412],[130.7061,31.5444],[130.6983,31.5558],[130.7092,31.5583],[130.7152,31.5571],[130.7194,31.5583],[130.7251,31.5573],[130.7267,31.5582],[130.7331,31.5578],[130.736,31.559],[130.7461,31.5591],[130.7506,31.5581],[130.767,31.5636],[130.7684,31.5677],[130.7774,31.5729],[130.7818,31.5788],[130.7828,31.5823],[130.7873,31.586],[130.7878,31.5898],[130.7868,31.5923],[130.7882,31.5948],[130.7873,31.6],[130.7862,31.601],[130.7867,31.5984],[130.7864,31.5979],[130.786,31.6023],[130.7914,31.6067],[130.796,31.6127],[130.7958,31.6185],[130.8011,31.6319]]],[[[130.6977,31.5241],[130.6976,31.5234],[130.6976,31.5234],[130.6977,31.5241]]],[[[130.6981,31.5251],[130.6979,31.5244],[130.6978,31.5244],[130.6981,31.5251]]],[[[130.6983,31.5254],[130.6982,31.5261],[130.6982,31.5261],[130.6983,31.5254]]],[[[130.6982,31.5264],[130.698,31.527],[130.698,31.527],[130.6982,31.5264]]],[[[130.7871,31.5975],[130.7868,31.5977],[130.7868,31.5978],[130.7871,31.5975]]],[[[130.787,31.5998],[130.7868,31.5999],[130.787,31.5998],[130.787,31.5998]]],[[[130.7956,31.6131],[130.7957,31.6137],[130.7958,31.6137],[130.7956,31.6131]]]]}},{"type":"Feature","properties":{"code":"46215","name":"薩摩川内市","pref_code":"46","pref":"鹿児島県"},"geometry":{"type":"MultiPolygon","coordinates":[[[[129.6843,31.6236],[129.6844,31.6236],[129.6843,31.6235],[129.6843,31.6236]]],[[[129.6833,31.6241],[129.6834,31.6241],[129.6833,31.6241],[129.6833,31.6241]]],[[[129.6831,31.6251],[129.6831,31.6249],[129.683,31.6249],[129.6831,31.6251]]],[[[129.6838,31.6261],[129.684,31.626],[129.6838,31.6261],[129.6838,31.6261]]],[[[129.6842,31.6263],[129.6842,31.6262],[129.6842,31.6262],[129.6842,31.6263]]],[[[129.6841,31.6263],[129.6841,31.6263],[129.6841,31.6263],[129.6841,31.6263]]],[[[129.684,31.627],[129.684,31.627],[129.6839,31.627],[129.684,31.627]]],[[[129.6841,31.6277],[129.6841,31.6276],[129.6841,31.6276],[129.6841,31.6277]]],[[[129.6838,31.6278],[129.684,31.6278],[129.6838,31.6276],[129.6838,31.6278]]],[[[129.6838,31.6282],[129.6839,31.6282],[129.6838,31.6281],[129.6838,31.6282]]],[[[129.6843,31.6293],[129.6843,31.6292],[129.6842,31.6292],[129.6843,31.6293]]],[[[129.6842,31.6298],[129.6843,31.6297],[129.6842,31.6297],[129.6842,31.6298]]],[[[129.6826,31.6298],[129.6827,31.6299],[129.6827,31.6297],[129.6826,31.6298]]],[[[129.6834,31.6301],[129.6835,31.6302],[129.6834,31.6301],[129.6834,31.6301]]],[[[129.6838,31.6304],[129.6839,31.6303],[129.6838,31.6303],[129.6838,31.6304]]],[[[129.6644,31.6321],[129.6647,31.6321],[129.6643,31.632],[129.6644,31.6321]]],[[[129.6769,31.6321],[129.6766,31.6321],[129.6769,31.6322],[129.6769,31.6321]]],[[[129.6776,31.6324],[129.6777,31.6323],[129.6775,31.6324],[129.6776,31.6324]]],[[[129.6776,31.6328],[129.6769,31.6324],[129.6767,31.6324],[129.6776,31.6328]]],[[[129.6765,31.6326],[129.6766,31.6325],[129.6765,31.6326],[129.6765,31.6326]]],[[[129.6653,31.6339],[129.665,31.6339],[129.6654,31.6339],[129.6653,31.6339]]],[[[129.6757,31.6343],[129.6757,31.6342],[129.6756,31.6343],[129.6757,31.6343]]],[[[129.6748,31.6345],[129.6746,31.6346],[129.675,31.6346],[129.6748,31.6345]]],[[[129.6674,31.6346],[129.6678,31.635],[129.6679,31.6349],[129.6674,31.6346]]],[[[129.6669,31.6349],[129.6671,31.6349],[129.6669,31.6349],[129.6669,31.6349]]],[[[129.6673,31.6351],[129.6673,31.635],[129.6673,31.635],[129.6673,31.6351]]],[[[129.6677,31.6353],[129.6677,31.6352],[129.6676,31.6352],[129.6677,31.6353]]],[[[129.6687,31.6353],[129.6688,31.6353],[129.6687,31.6352],[129.6687,31.6353]]],[[[129.669,31.6355],[129.669,31.6354],[129.6689,31.6354],[129.669,31.6355]]],[[[129.674,31.6355],[129.6741,31.6354],[129.674,31.6355],[129.674,31.6355]]],[[[129.6737,31.6354],[129.6741,31.6356],[129.6737,31.6354],[129.6737,31.6354]]],[[[129.6701,31.6362],[129.6701,31.6361],[129.67,31.6362],[129.6701,31.6362]]],[[[129.6707,31.6363],[129.6707,31.6362],[129.6706,31.6363],[129.6707,31.6363]]],[[[129.6715,31.6364],[129.6715,31.6363],[129.6714,31.6363],[129.6715,31.6364]]],[[[129.6703,31.6365],[129.6703,31.6364],[129.6703,31.6364],[129.6703,31.6365]]],[[[129.671,31.6364],[129.6713,31.6365],[129.671,31.6363],[129.671,31.6364]]],[[[129.6715,31.6365],[129.6716,31.6364],[129.6715,31.6365],[129.6715,31.6365]]],[[[129.6715,31.6366],[129.6715,31.6366],[129.6714,31.6366],[129.6715,31.6366]]],[[[129.6728,31.6367],[129.6728,31.6367],[129.6727,31.6367],[129.6728,31.6367]]],[[[129.6658,31.6383],[129.6659,31.6383],[129.6659,31.6382],[129.6658,31.6383]]],[[[129.666,31.6383],[129.6661,31.6383],[129.666,31.6383],[129.666,31.6383]]],[[[129.6658,31.6388],[129.6659,31.6388],[129.6659,31.6387],[129.6658,31.6388]]],[[[129.666,31.639],[129.6661,31.6391],[129.6661,31.639],[129.666,31.639]]],[[[129.6658,31.6406],[129.6659,31.6405],[129.6658,31.6405],[129.6658,31.6406]]],[[[129.6652,31.6425],[129.6653,31.6424],[129.6652,31.6424],[129.6652,31.6425]]],[[[129.6648,31.643],[129.6649,31.643],[129.6648,31.643],[129.6648,31.643]]],[[[129.662,31.6476],[129.662,31.6475],[129.6619,31.6475],[129.662,31.6476]]],[[[129.6602,31.6494],[129.6604,31.6495],[129.6604,31.6494],[129.6602,31.6494]]],[[[129.6599,31.6495],[129.6601,31.6496],[129.66,31.6494],[129.6599,31.6495]]],[[[129.6595,31.6498],[129.6593,31.6503],[129.6596,31.6499],[129.6595,31.6498]]],[[[129.6588,31.6521],[129.6592,31.6523],[129.6592,31.6522],[129.6588,31.6521]]],[[[129.6596,31.6541],[129.6597,31.6542],[129.6597,31.6541],[129.6596,31.6541]]],[[[129.6598,31.6554],[129.6598,31.6553],[129.6598,31.6554],[129.6598,31.6554]]],[[[129.6597,31.6555],[129.6597,31.6555],[129.6597,31.6555],[129.6597,31.6555]]],[[[129.6581,31.6564],[129.6581,31.6566],[129.6582,31.6565],[129.6581,31.6564]]],[[[129.6577,31.6578],[129.6578,31.6579],[129.6578,31.6578],[129.6577,31.6578]]],[[[129.6584,31.658],[129.6584,31.6579],[129.6584,31.658],[129.6584,31.658]]],[[[129.6583,31.6581],[129.6583,31.6582],[129.6584,31.6581],[129.6583,31.6581]]],[[[129.6575,31.659],[129.6576,31.6592],[129.6577,31.659],[129.6575,31.659]]],[[[129.6764,31.6623],[129.6765,31.6623],[129.6764,31.6622],[129.6764,31.6623]]],[[[129.6806,31.6623],[129.6807,31.6623],[129.6805,31.6623],[129.6806,31.6623]]],[[[129.6769,31.6631],[129.6771,31.6631],[129.6769,31.663],[129.6769,31.6631]]],[[[129.6689,31.6634],[129.6693,31.6628],[129.6687,31.6632],[129.6689,31.6634]]],[[[129.6782,31.6651],[129.6784,31.6652],[129.6783,31.6651],[129.6782,31.6651]]],[[[129.6784,31.6655],[129.6785,31.6654],[129.6783,31.6654],[129.6784,31.6655]]],[[[129.6784,31.6658],[129.6782,31.6658],[129.6781,31.6659],[129.6783,31.6659],[129.6784,31.6658]]],[[[129.678,31.6659],[129.678,31.6658],[129.678,31.6659],[129.678,31.6659]]],[[[129.6771,31.6664],[129.6768,31.6664],[129.6768,31.6665],[129.6771,31.6664]]],[[[129.676,31.667],[129.6762,31.667],[129.676,31.667],[129.676,31.667]]],[[[129.6764,31.6671],[129.6765,31.667],[129.6763,31.667],[129.6764,31.6671]]],[[[129.6753,31.6673],[129.6753,31.6671],[129.6752,31.6672],[129.6753,31.6673]]],[[[129.6766,31.6672],[129.6766,31.6674],[129.6767,31.6672],[129.6766,31.6672]]],[[[129.6748,31.6675],[129.6748,31.6672],[129.6746,31.6673],[129.6748,31.6675]]],[[[129.6747,31.6677],[129.6745,31.6675],[129.6744,31.6677],[129.6747,31.6677]]],[[[129.6801,31.6695],[129.6801,31.6697],[129.6802,31.6696],[129.6801,31.6695]]],[[[129.6799,31.6697],[129.6798,31.6698],[129.6799,31.6697],[129.6799,31.6697]]],[[[129.6823,31.6727],[129.6822,31.6727],[129.6823,31.6727],[129.6823,31.6727]]],[[[129.6832,31.6746],[129.6832,31.6747],[129.6833,31.6747],[129.6832,31.6746]]],[[[129.6842,31.6792],[129.6842,31.679],[129.6841,31.6791],[129.6842,31.6792]]],[[[129.6838,31.6809],[129.6837,31.6809],[129.6838,31.681],[129.6838,31.6809]]],[[[129.684,31.6815],[129.6839,31.6814],[129.6839,31.6815],[129.684,31.6815]]],[[[129.7158,31.6197],[129.7159,31.6199],[129.7159,31.6196],[129.7158,31.6197]]],[[[129.715,31.62],[129.7152,31.6205],[129.7154,31.6205],[129.715,31.62]]],[[[129.6879,31.6211],[129.688,31.6213],[129.6881,31.6214],[129.6881,31.6212],[129.6879,31.6211]]],[[[129.7139,31.6215],[129.7139,31.6214],[129.7138,31.6214],[129.7139,31.6215]]],[[[129.6883,31.6215],[129.6884,31.6214],[129.6883,31.6214],[129.6883,31.6215]]],[[[129.6929,31.6217],[129.6929,31.6217],[129.6928,31.6217],[129.6929,31.6217]]],[[[129.7145,31.6219],[129.7142,31.6216],[129.714,31.6216],[129.7145,31.6219]]],[[[129.7138,31.6215],[129.7142,31.622],[129.7144,31.622],[129.7138,31.6215]]],[[[129.694,31.6217],[129.6943,31.622],[129.694,31.6216],[129.694,31.6217]]],[[[129.6925,31.6219],[129.6926,31.6218],[129.6925,31.6218],[129.6925,31.6219]]],[[[129.6898,31.6218],[129.69,31.6219],[129.6898,31.6218],[129.6898,31.6218]]],[[[129.7014,31.622],[129.7015,31.622],[129.7015,31.622],[129.7014,31.622]]],[[[129.6901,31.6221],[129.6902,31.622],[129.6901,31.6219],[129.6901,31.6221]]],[[[129.7017,31.6221],[129.7018,31.622],[129.7017,31.622],[129.7017,31.6221]]],[[[129.6903,31.622],[129.6905,31.6221],[129.6904,31.622],[129.6903,31.622]]],[[[129.6898,31.6221],[129.6899,31.622],[129.6898,31.6221],[129.6898,31.6221]]],[[[129.6897,31.6222],[129.6897,31.6221],[129.6896,31.6221],[129.6897,31.6222]]],[[[129.7016,31.6222],[129.7017,31.6222],[129.7016,31.6222],[129.7016,31.6222]]],[[[129.714,31.6222],[129.7141,31.6222],[129.714,31.6221],[129.714,31.6222]]],[[[129.7008,31.6222],[129.701,31.6223],[129.701,31.6222],[129.7008,31.6222]]],[[[129.7133,31.6223],[129.7132,31.6222],[129.7132,31.6222],[129.7133,31.6223]]],[[[129.7012,31.6223],[129.7013,31.6223],[129.7012,31.6222],[129.7012,31.6223]]],[[[129.686,31.6225],[129.6851,31.6222],[129.6858,31.6228],[129.686,31.6225]]],[[[129.6902,31.6224],[129.6903,31.6224],[129.6902,31.6223],[129.6902,31.6224]]],[[[129.7012,31.6225],[129.7011,31.6224],[129.7011,31.6225],[129.7012,31.6225]]],[[[129.7008,31.6225],[129.7009,31.6225],[129.7009,31.6225],[129.7008,31.6225]]],[[[129.6961,31.6226],[129.6963,31.6227],[129.6961,31.6225],[129.6961,31.6226]]],[[[129.6932,31.6227],[129.6933,31.6227],[129.6932,31.6227],[129.6932,31.6227]]],[[[129.6918,31.6228],[129.6917,31.6227],[129.6916,31.6227],[129.6918,31.6228]]],[[[129.6976,31.6229],[129.6975,31.6228],[129.6975,31.6229],[129.6976,31.6229]]],[[[129.6975,31.6231],[129.6975,31.623],[129.6974,31.6231],[129.6975,31.6231]]],[[[129.7117,31.6233],[129.7116,31.6232],[129.7117,31.6233],[129.7117,31.6233]]],[[[129.698,31.6233],[129.6981,31.6233],[129.698,31.6233],[129.698,31.6233]]],[[[129.7113,31.6235],[129.7113,31.6235],[129.7112,31.6233],[129.7113,31.6235]]],[[[129.7115,31.6235],[129.7115,31.6234],[129.7114,31.6234],[129.7115,31.6235]]],[[[129.7148,31.6238],[129.7148,31.6237],[129.7148,31.6236],[129.7148,31.6238]]],[[[129.711,31.6247],[129.7112,31.6247],[129.711,31.6246],[129.711,31.6247]]],[[[129.7105,31.6258],[129.7106,31.6257],[129.7105,31.6256],[129.7105,31.6258]]],[[[129.7169,31.6269],[129.7171,31.6268],[129.7169,31.6267],[129.7169,31.6269]]],[[[129.6844,31.6273],[129.6844,31.6273],[129.6843,31.6273],[129.6844,31.6273]]],[[[129.6843,31.6276],[129.6845,31.6277],[129.6844,31.6276],[129.6843,31.6276]]],[[[129.6843,31.6278],[129.6845,31.6279],[129.6843,31.6277],[129.6843,31.6278]]],[[[129.6845,31.6283],[129.6844,31.6282],[129.6844,31.6282],[129.6845,31.6283]]],[[[129.7169,31.6283],[129.717,31.6283],[129.7169,31.6282],[129.7169,31.6283]]],[[[129.7165,31.6283],[129.7164,31.6285],[129.7167,31.6284],[129.7165,31.6283]]],[[[129.6844,31.6286],[129.6845,31.6285],[129.6844,31.6285],[129.6844,31.6286]]],[[[129.7162,31.6285],[129.7165,31.6287],[129.7166,31.6287],[129.7162,31.6285]]],[[[129.718,31.6327],[129.7181,31.6323],[129.718,31.6323],[129.718,31.6327]]],[[[129.7181,31.6329],[129.7182,31.6328],[129.7181,31.6329],[129.7181,31.6329]]],[[[129.7176,31.6334],[129.7173,31.633],[129.717,31.6333],[129.7176,31.6334]]],[[[129.7182,31.6356],[129.7184,31.6357],[129.7183,31.6356],[129.7182,31.6356]]],[[[129.7184,31.6356],[129.7186,31.6356],[129.7185,31.6356],[129.7184,31.6356]]],[[[129.7188,31.6363],[129.7188,31.6363],[129.7188,31.6362],[129.7188,31.6363]]],[[[129.719,31.6363],[129.7191,31.6364],[129.7192,31.6363],[129.719,31.6363]]],[[[129.7194,31.6365],[129.7194,31.6364],[129.7193,31.6364],[129.7194,31.6365]]],[[[129.7195,31.6367],[129.7194,31.6366],[129.7194,31.6366],[129.7195,31.6367]]],[[[129.7192,31.6368],[129.7192,31.6369],[129.7192,31.6368],[129.7192,31.6368]]],[[[129.7207,31.64],[129.7213,31.6399],[129.721,31.6396],[129.7207,31.64]]],[[[129.6861,31.6845],[129.686,31.6846],[129.6861,31.6847],[129.6861,31.6845]]],[[[129.6896,31.6901],[129.6895,31.69],[129.6895,31.6901],[129.6896,31.6901]]],[[[129.6894,31.6902],[129.6893,31.6901],[129.6893,31.6902],[129.6894,31.6902]]],[[[129.6897,31.6902],[129.6896,31.6902],[129.6897,31.6903],[129.6897,31.6902]]],[[[129.6895,31.6904],[129.6894,31.6903],[129.6894,31.6903],[129.6895,31.6904]]],[[[129.6896,31.6906],[129.6895,31.6905],[129.6895,31.6906],[129.6896,31.6906]]],[[[129.6898,31.6906],[129.6898,31.6907],[129.6899,31.6906],[129.6898,31.6906]]],[[[129.6887,31.6908],[129.6893,31.691],[129.6897,31.6908],[129.6887,31.6908]]],[[[129.6877,31.6913],[129.6885,31.6912],[129.687,31.6912],[129.6877,31.6913]]],[[[129.6914,31.6942],[129.6913,31.6939],[129.6911,31.694],[129.6914,31.6942]]],[[[129.6897,31.7001],[129.6898,31.7],[129.6898,31.6999],[129.6897,31.7001]]],[[[129.6881,31.7038],[129.6874,31.7028],[129.6865,31.7031],[129.6866,31.7034],[129.6881,31.7038]]],[[[129.6946,31.7046],[129.6942,31.7046],[129.6944,31.7047],[129.6946,31.7046]]],[[[129.7012,31.7106],[129.7012,31.7106],[129.7012,31.7106],[129.7012,31.7106]]],[[[129.7011,31.7107],[129.701,31.7108],[129.7011,31.7108],[129.7011,31.7107]]],[[[129.7082,31.7243],[129.7084,31.7247],[129.7085,31.7243],[129.7082,31.7243]]],[[[129.7122,31.7255],[129.7122,31.7256],[129.7123,31.7256],[129.7122,31.7255]]],[[[129.7126,31.7261],[129.7124,31.7257],[129.712,31.7258],[129.7126,31.7261]]],[[[129.7126,31.7265],[129.7126,31.7262],[129.7124,31.7263],[129.7126,31.7265]]],[[[129.7128,31.7272],[129.7124,31.7266],[129.7121,31.7269],[129.7128,31.7272]]],[[[129.7119,31.727],[129.7106,31.7271],[129.7117,31.7277],[129.7119,31.727]]],[[[129.717,31.7279],[129.7169,31.7279],[129.717,31.7279],[129.717,31.7279]]],[[[129.7172,31.728],[129.7171,31.728],[129.7171,31.728],[129.7172,31.728]]],[[[129.7215,31.6401],[129.7217,31.64],[129.7216,31.64],[129.7215,31.6401]]],[[[129.7245,31.642],[129.7245,31.6419],[129.7244,31.6419],[129.7245,31.642]]],[[[129.7264,31.6423],[129.7265,31.6422],[129.7264,31.6422],[129.7264,31.6423]]],[[[129.7282,31.6426],[129.7285,31.643],[129.7286,31.6428],[129.7282,31.6426]]],[[[129.729,31.6434],[129.7288,31.6434],[129.7288,31.6439],[129.729,31.6434]]],[[[129.7272,31.6466],[129.7273,31.6465],[129.7272,31.6466],[129.7272,31.6466]]],[[[129.7271,31.6467],[129.7271,31.6467],[129.7272,31.6467],[129.7271,31.6467]]],[[[129.7306,31.6498],[129.7306,31.6496],[129.7305,31.6497],[129.7306,31.6498]]],[[[129.7307,31.65],[129.7309,31.6499],[129.7307,31.6499],[129.7307,31.65]]],[[[129.7304,31.6501],[129.7305,31.65],[129.7303,31.6501],[129.7304,31.6501]]],[[[129.7375,31.6605],[129.7375,31.6605],[129.7375,31.6605],[129.7375,31.6605]]],[[[129.7288,31.676],[129.7287,31.6758],[129.7287,31.6759],[129.7288,31.676]]],[[[129.7293,31.6761],[129.7293,31.6762],[129.7294,31.6762],[129.7293,31.6761]]],[[[129.7322,31.6779],[129.732,31.678],[129.7322,31.678],[129.7322,31.6779]]],[[[129.7323,31.6782],[129.7323,31.6782],[129.7324,31.6782],[129.7323,31.6782]]],[[[129.7327,31.6787],[129.7326,31.6786],[129.7327,31.6787],[129.7327,31.6787]]],[[[129.7333,31.679],[129.7332,31.6791],[129.7333,31.6791],[129.7333,31.679]]],[[[129.7329,31.6791],[129.733,31.6791],[129.7329,31.679],[129.7329,31.6791]]],[[[129.7366,31.6793],[129.7367,31.6796],[129.7369,31.6794],[129.7366,31.6793]]],[[[129.7333,31.6795],[129.7334,31.6794],[129.7332,31.6794],[129.7333,31.6795]]],[[[129.7352,31.6797],[129.7351,31.6796],[129.7351,31.6797],[129.7352,31.6797]]],[[[129.7339,31.6797],[129.7338,31.6797],[129.734,31.6798],[129.7339,31.6797]]],[[[129.7349,31.6797],[129.7348,31.6798],[129.7349,31.6798],[129.7349,31.6797]]],[[[129.7336,31.6798],[129.7335,31.6797],[129.7334,31.6797],[129.7336,31.6798]]],[[[129.7353,31.6802],[129.7353,31.6801],[129.7352,31.6801],[129.7353,31.6802]]],[[[129.735,31.6803],[129.7351,31.6804],[129.7351,31.6803],[129.735,31.6803]]],[[[129.7355,31.6804],[129.7354,31.6804],[129.7355,31.6804],[129.7355,31.6804]]],[[[129.7355,31.6808],[129.7354,31.6807],[129.7354,31.6808],[129.7355,31.6808]]],[[[129.7358,31.6821],[129.7356,31.6821],[129.7358,31.6821],[129.7358,31.6821]]],[[[129.7362,31.6822],[129.736,31.6823],[129.7362,31.6823],[129.7362,31.6822]]],[[[129.7369,31.6829],[129.737,31.6828],[129.7368,31.6828],[129.7369,31.6829]]],[[[129.7389,31.6837],[129.7389,31.6835],[129.7388,31.6836],[129.7389,31.6837]]],[[[129.7391,31.6838],[129.739,31.6837],[129.739,31.6837],[129.7391,31.6838]]],[[[129.7388,31.6843],[129.7387,31.6842],[129.7386,31.6843],[129.7388,31.6843]]],[[[129.7379,31.6861],[129.7379,31.686],[129.7378,31.686],[129.7379,31.6861]]],[[[129.7383,31.6861],[129.7381,31.6861],[129.7383,31.6862],[129.7383,31.6861]]],[[[129.7419,31.6861],[129.7423,31.6861],[129.7423,31.686],[129.7419,31.6861]]],[[[129.7411,31.6861],[129.741,31.6861],[129.7411,31.6862],[129.7411,31.6861]]],[[[129.7416,31.6862],[129.7415,31.6861],[129.7415,31.6861],[129.7416,31.6862]]],[[[129.7412,31.6862],[129.7412,31.6863],[129.7413,31.6863],[129.7412,31.6862]]],[[[129.7381,31.6865],[129.738,31.6865],[129.7381,31.6865],[129.7381,31.6865]]],[[[129.7445,31.6903],[129.7446,31.6901],[129.7444,31.6902],[129.7445,31.6903]]],[[[129.7445,31.6912],[129.7444,31.6912],[129.7444,31.6912],[129.7445,31.6912]]],[[[129.745,31.6943],[129.7448,31.6943],[129.745,31.6944],[129.745,31.6943]]],[[[129.7449,31.6947],[129.7451,31.6945],[129.7448,31.6946],[129.7449,31.6947]]],[[[129.7418,31.7028],[129.744,31.704],[129.742,31.7028],[129.7413,31.7004],[129.7418,31.7028]]],[[[129.7394,31.704],[129.74,31.7046],[129.7392,31.7034],[129.7394,31.704]]],[[[129.7854,31.7912],[129.7891,31.7883],[129.7882,31.7864],[129.7894,31.785],[129.7955,31.7842],[129.802,31.7854],[129.8049,31.7821],[129.8024,31.7835],[129.7994,31.7821],[129.7972,31.7827],[129.7932,31.7768],[129.7935,31.776],[129.795,31.7754],[129.7943,31.7758],[129.7943,31.7772],[129.7947,31.7783],[129.7962,31.7796],[129.7945,31.777],[129.796,31.7752],[129.7976,31.7772],[129.796,31.775],[129.7978,31.7726],[129.7961,31.7705],[129.7965,31.7676],[129.8003,31.7662],[129.8001,31.769],[129.8012,31.7672],[129.8003,31.7658],[129.8019,31.7638],[129.8012,31.7638],[129.8009,31.7616],[129.7942,31.7618],[129.7921,31.7609],[129.7888,31.7569],[129.7892,31.7505],[129.7855,31.748],[129.7821,31.7474],[129.7784,31.7443],[129.7778,31.7418],[129.7799,31.7361],[129.776,31.7328],[129.7766,31.7292],[129.7738,31.7257],[129.7742,31.7232],[129.7713,31.7155],[129.7688,31.7129],[129.758,31.7102],[129.7556,31.7153],[129.7569,31.7142],[129.7563,31.7173],[129.7489,31.7175],[129.7423,31.7085],[129.7416,31.7047],[129.7412,31.7045],[129.7405,31.7047],[129.7416,31.7051],[129.7413,31.7063],[129.7389,31.7052],[129.738,31.7034],[129.7395,31.7023],[129.7383,31.7004],[129.7392,31.698],[129.7418,31.6972],[129.7419,31.6975],[129.7409,31.6978],[129.74,31.6988],[129.7421,31.6979],[129.7405,31.6991],[129.741,31.7005],[129.7407,31.6992],[129.7429,31.6986],[129.7426,31.6973],[129.7441,31.6967],[129.7436,31.6952],[129.7449,31.6944],[129.7434,31.6924],[129.7444,31.6904],[129.743,31.6892],[129.7439,31.6884],[129.743,31.6876],[129.744,31.6875],[129.7417,31.6865],[129.741,31.6873],[129.7381,31.6868],[129.7372,31.6852],[129.7387,31.6838],[129.736,31.6828],[129.7353,31.6818],[129.7352,31.6806],[129.7329,31.6797],[129.7309,31.677],[129.7285,31.676],[129.7251,31.6695],[129.7258,31.6674],[129.7262,31.6684],[129.7255,31.6644],[129.7268,31.6608],[129.7276,31.6606],[129.7271,31.6618],[129.7274,31.6633],[129.7278,31.6605],[129.7308,31.6601],[129.7384,31.6562],[129.7351,31.6521],[129.7266,31.6486],[129.7262,31.6473],[129.7285,31.6434],[129.7241,31.6425],[129.7231,31.6408],[129.72,31.6405],[129.719,31.639],[129.7202,31.638],[129.7177,31.6359],[129.7178,31.6335],[129.7165,31.6345],[129.7117,31.6334],[129.7119,31.6319],[129.7121,31.6331],[129.7126,31.6318],[129.7166,31.6323],[129.7146,31.6305],[129.7166,31.6272],[129.7155,31.6259],[129.7139,31.622],[129.7132,31.6217],[129.7136,31.6222],[129.7134,31.6226],[129.7118,31.6231],[129.7101,31.6273],[129.7108,31.6342],[129.7072,31.6374],[129.7007,31.6365],[129.6977,31.6339],[129.6972,31.6318],[129.6983,31.6326],[129.6998,31.6316],[129.6975,31.632],[129.699,31.631],[129.6987,31.6295],[129.7004,31.6313],[129.6993,31.63],[129.6995,31.6255],[129.6981,31.6239],[129.6967,31.6228],[129.6908,31.6231],[129.6893,31.6221],[129.6887,31.6213],[129.6889,31.6225],[129.6858,31.6231],[129.6844,31.622],[129.6848,31.6237],[129.6838,31.6243],[129.6825,31.6241],[129.6837,31.625],[129.6845,31.6266],[129.6847,31.6296],[129.6811,31.6332],[129.6784,31.6336],[129.6764,31.6327],[129.6763,31.6342],[129.6739,31.635],[129.6742,31.6354],[129.6742,31.6362],[129.6724,31.637],[129.6703,31.6367],[129.6647,31.6341],[129.6668,31.6371],[129.6662,31.641],[129.6621,31.648],[129.6597,31.6502],[129.6605,31.651],[129.6591,31.6532],[129.6601,31.6534],[129.66,31.6552],[129.6591,31.6564],[129.6585,31.6564],[129.6589,31.6577],[129.6581,31.6592],[129.6668,31.6628],[129.6691,31.6626],[129.6698,31.6609],[129.6721,31.6599],[129.6772,31.6618],[129.6785,31.6608],[129.6823,31.6626],[129.6811,31.6637],[129.6821,31.6634],[129.6821,31.6646],[129.6809,31.6646],[129.6809,31.6639],[129.6804,31.663],[129.6809,31.6646],[129.6766,31.6668],[129.6775,31.6682],[129.68,31.6688],[129.6817,31.6711],[129.6851,31.6779],[129.6839,31.6806],[129.6846,31.6824],[129.6862,31.6835],[129.6863,31.6846],[129.6916,31.6923],[129.6903,31.6903],[129.6934,31.6925],[129.6909,31.7018],[129.6882,31.7031],[129.6946,31.7041],[129.6963,31.7065],[129.6989,31.7054],[129.7022,31.7071],[129.7023,31.7081],[129.7007,31.7085],[129.702,31.7101],[129.7009,31.7128],[129.6969,31.7165],[129.7024,31.7174],[129.7019,31.7185],[129.703,31.7192],[129.7055,31.7186],[129.707,31.7203],[129.7052,31.7215],[129.7055,31.7228],[129.7084,31.7227],[129.717,31.7275],[129.7208,31.7282],[129.7238,31.7273],[129.7277,31.7293],[129.7314,31.7293],[129.7342,31.7312],[129.7389,31.7316],[129.7397,31.7338],[129.7437,31.7366],[129.7488,31.7381],[129.7503,31.7349],[129.7521,31.7346],[129.7535,31.7364],[129.7558,31.7345],[129.7575,31.737],[129.7573,31.7385],[129.762,31.7371],[129.7634,31.7376],[129.7639,31.7383],[129.7632,31.7393],[129.7661,31.7412],[129.7651,31.7432],[129.7666,31.7439],[129.7721,31.7404],[129.7762,31.7415],[129.7758,31.7437],[129.7768,31.7441],[129.7758,31.746],[129.7788,31.7468],[129.7784,31.7481],[129.7792,31.7482],[129.7792,31.7502],[129.7807,31.7519],[129.7797,31.7544],[129.7769,31.755],[129.7765,31.756],[129.7744,31.7553],[129.7756,31.7588],[129.7829,31.7579],[129.7834,31.7596],[129.7858,31.7609],[129.7844,31.7634],[129.7879,31.7656],[129.7883,31.7669],[129.7873,31.7676],[129.7892,31.7688],[129.7885,31.7712],[129.7841,31.7739],[129.7819,31.7738],[129.782,31.7746],[129.7808,31.7753],[129.783,31.778],[129.7864,31.7788],[129.7858,31.78],[129.7867,31.7813],[129.7849,31.7825],[129.7859,31.7834],[129.7848,31.7847],[129.7861,31.7859],[129.7816,31.79],[129.7854,31.7912]]],[[[129.7424,31.7082],[129.7423,31.7082],[129.7423,31.7083],[129.7424,31.7082]]],[[[129.7426,31.7084],[129.7427,31.7084],[129.7427,31.7084],[129.7426,31.7084]]],[[[129.7424,31.7084],[129.7425,31.7085],[129.7425,31.7085],[129.7424,31.7084]]],[[[129.7588,31.7097],[129.7593,31.7093],[129.7587,31.7096],[129.7588,31.7097]]],[[[129.7577,31.7096],[129.7579,31.7094],[129.7578,31.7094],[129.7577,31.7096]]],[[[129.7577,31.7101],[129.7577,31.7099],[129.7576,31.7101],[129.7577,31.7101]]],[[[129.7609,31.7103],[129.761,31.7102],[129.7608,31.7102],[129.7609,31.7103]]],[[[129.7628,31.7107],[129.7626,31.7107],[129.7627,31.7108],[129.7628,31.7107]]],[[[129.7446,31.711],[129.7446,31.711],[129.7445,31.711],[129.7446,31.711]]],[[[129.745,31.711],[129.7449,31.711],[129.7451,31.711],[129.745,31.711]]],[[[129.7573,31.7111],[129.7572,31.711],[129.7573,31.7111],[129.7573,31.7111]]],[[[129.7449,31.7112],[129.7448,31.7113],[129.7449,31.7112],[129.7449,31.7112]]],[[[129.7455,31.7118],[129.7455,31.7119],[129.7456,31.7119],[129.7455,31.7118]]],[[[129.7455,31.712],[129.7454,31.7121],[129.7455,31.7121],[129.7455,31.712]]],[[[129.7457,31.7121],[129.7457,31.7121],[129.7457,31.7121],[129.7457,31.7121]]],[[[129.7684,31.7123],[129.7682,31.7124],[129.7684,31.7124],[129.7684,31.7123]]],[[[129.746,31.7126],[129.7459,31.7127],[129.746,31.7127],[129.746,31.7126]]],[[[129.722,31.7282],[129.7221,31.7281],[129.7219,31.7282],[129.722,31.7282]]],[[[129.7541,31.7369],[129.7543,31.7366],[129.754,31.7368],[129.7541,31.7369]]],[[[129.7502,31.7374],[129.7503,31.7372],[129.7501,31.7372],[129.7502,31.7374]]],[[[129.7499,31.7375],[129.75,31.7378],[129.7501,31.7375],[129.7499,31.7375]]],[[[129.7632,31.7388],[129.7634,31.7388],[129.7634,31.7387],[129.7632,31.7388]]],[[[129.7634,31.7397],[129.7633,31.7398],[129.7634,31.7398],[129.7634,31.7397]]],[[[129.7529,31.7403],[129.7526,31.7407],[129.7531,31.7404],[129.7529,31.7403]]],[[[129.7521,31.741],[129.752,31.7408],[129.752,31.741],[129.7521,31.741]]],[[[129.7544,31.7419],[129.7542,31.7421],[129.7545,31.742],[129.7544,31.7419]]],[[[129.7561,31.7433],[129.7566,31.7425],[129.756,31.7429],[129.7561,31.7433]]],[[[129.7549,31.7427],[129.7546,31.7433],[129.7548,31.7436],[129.7549,31.7427]]],[[[129.754,31.7436],[129.7546,31.7426],[129.7534,31.7433],[129.754,31.7436]]],[[[129.756,31.7434],[129.7555,31.7425],[129.755,31.7425],[129.7549,31.7432],[129.756,31.7434]]],[[[129.7685,31.7434],[129.7688,31.7434],[129.7686,31.7433],[129.7685,31.7434]]],[[[129.7553,31.7435],[129.7554,31.7439],[129.7555,31.7437],[129.7553,31.7435]]],[[[129.768,31.7437],[129.7682,31.744],[129.7683,31.7437],[129.768,31.7437]]],[[[129.7688,31.7125],[129.7686,31.7124],[129.7687,31.7125],[129.7688,31.7125]]],[[[129.7696,31.7134],[129.7697,31.7135],[129.7697,31.7135],[129.7696,31.7134]]],[[[129.7718,31.715],[129.7718,31.7151],[129.7718,31.715],[129.7718,31.715]]],[[[129.7715,31.715],[129.7714,31.7151],[129.7715,31.7151],[129.7715,31.715]]],[[[129.7716,31.7153],[129.7714,31.7152],[129.7714,31.7153],[129.7716,31.7153]]],[[[129.772,31.7158],[129.7719,31.7159],[129.772,31.7159],[129.772,31.7158]]],[[[129.7718,31.716],[129.7717,31.716],[129.7717,31.7161],[129.7718,31.716]]],[[[129.7718,31.7164],[129.7718,31.7165],[129.7719,31.7164],[129.7718,31.7164]]],[[[129.7719,31.7167],[129.7719,31.7168],[129.772,31.7168],[129.7719,31.7167]]],[[[129.7765,31.7285],[129.7766,31.7284],[129.7765,31.7283],[129.7765,31.7285]]],[[[129.7786,31.7349],[129.779,31.7349],[129.7787,31.7347],[129.7786,31.7349]]],[[[129.7806,31.7356],[129.7804,31.735],[129.7801,31.7352],[129.7806,31.7356]]],[[[129.7803,31.7385],[129.78,31.7387],[129.7803,31.7386],[129.7803,31.7385]]],[[[129.775,31.7415],[129.7752,31.7417],[129.7752,31.7415],[129.775,31.7415]]],[[[129.7712,31.7415],[129.7715,31.7418],[129.7716,31.7415],[129.7712,31.7415]]],[[[129.7692,31.7425],[129.7695,31.7428],[129.7694,31.7425],[129.7692,31.7425]]],[[[129.7754,31.745],[129.7754,31.7449],[129.7753,31.745],[129.7754,31.745]]],[[[129.7748,31.7452],[129.775,31.7451],[129.7748,31.745],[129.7748,31.7452]]],[[[129.7817,31.746],[129.7816,31.746],[129.7817,31.7461],[129.7817,31.746]]],[[[129.7855,31.7473],[129.7859,31.7472],[129.7856,31.7471],[129.7855,31.7473]]],[[[129.7848,31.7474],[129.7846,31.7475],[129.7847,31.7476],[129.7848,31.7474]]],[[[129.7866,31.7478],[129.7865,31.7476],[129.7864,31.7478],[129.7866,31.7478]]],[[[129.7858,31.7479],[129.7858,31.7478],[129.7856,31.7479],[129.7858,31.7479]]],[[[129.7859,31.7481],[129.7861,31.7482],[129.7862,31.7482],[129.7859,31.7481]]],[[[129.7864,31.7482],[129.7866,31.7481],[129.7863,31.7482],[129.7864,31.7482]]],[[[129.7786,31.7486],[129.7788,31.7488],[129.779,31.7486],[129.7786,31.7486]]],[[[129.7885,31.7488],[129.7884,31.749],[129.7886,31.749],[129.7885,31.7488]]],[[[129.7779,31.7491],[129.7779,31.749],[129.7779,31.7491],[129.7779,31.7491]]],[[[129.7787,31.7501],[129.7788,31.7499],[129.7787,31.7499],[129.7787,31.7501]]],[[[129.7896,31.7503],[129.7895,31.7503],[129.7896,31.7503],[129.7896,31.7503]]],[[[129.7897,31.7505],[129.7895,31.7505],[129.7896,31.7506],[129.7897,31.7505]]],[[[129.7901,31.7507],[129.7902,31.7505],[129.79,31.7506],[129.7901,31.7507]]],[[[129.7898,31.7508],[129.79,31.7508],[129.7898,31.7507],[129.7898,31.7508]]],[[[129.7901,31.7511],[129.7902,31.7509],[129.79,31.751],[129.7901,31.7511]]],[[[129.7894,31.7516],[129.7893,31.7517],[129.7894,31.7517],[129.7894,31.7516]]],[[[129.7898,31.7524],[129.7897,31.7522],[129.7897,31.7523],[129.7898,31.7524]]],[[[129.775,31.7549],[129.7752,31.7548],[129.775,31.7548],[129.775,31.7549]]],[[[129.7743,31.7553],[129.7742,31.7553],[129.7742,31.7554],[129.7743,31.7553]]],[[[129.7742,31.7556],[129.7742,31.7557],[129.7742,31.7557],[129.7742,31.7556]]],[[[129.7738,31.7557],[129.7739,31.7559],[129.774,31.7557],[129.7738,31.7557]]],[[[129.774,31.756],[129.7742,31.7559],[129.7741,31.7559],[129.774,31.756]]],[[[129.7816,31.7584],[129.7818,31.7584],[129.7818,31.7582],[129.7816,31.7584]]],[[[129.7769,31.759],[129.7772,31.759],[129.7772,31.7589],[129.7769,31.759]]],[[[129.7786,31.7591],[129.7786,31.759],[129.7785,31.759],[129.7786,31.7591]]],[[[129.7768,31.7596],[129.7766,31.7593],[129.7765,31.7595],[129.7768,31.7596]]],[[[129.7843,31.7603],[129.7841,31.7603],[129.7843,31.7604],[129.7843,31.7603]]],[[[129.7977,31.7611],[129.7976,31.761],[129.7976,31.761],[129.7977,31.7611]]],[[[129.8003,31.7613],[129.8006,31.7614],[129.8007,31.7612],[129.8003,31.7613]]],[[[129.8013,31.7615],[129.8012,31.7615],[129.8013,31.7616],[129.8013,31.7615]]],[[[129.7949,31.7616],[129.7951,31.7616],[129.7948,31.7615],[129.7949,31.7616]]],[[[129.7848,31.7618],[129.785,31.7619],[129.785,31.7617],[129.7848,31.7618]]],[[[129.8013,31.7627],[129.8014,31.7626],[129.8013,31.7626],[129.8013,31.7627]]],[[[129.8015,31.763],[129.8013,31.7629],[129.8013,31.7629],[129.8015,31.763]]],[[[129.802,31.7642],[129.803,31.7637],[129.8029,31.7633],[129.802,31.7642]]],[[[129.801,31.7654],[129.801,31.7656],[129.8012,31.7655],[129.801,31.7654]]],[[[129.8009,31.7658],[129.8012,31.766],[129.8012,31.7658],[129.8009,31.7658]]],[[[129.7869,31.7675],[129.7871,31.7675],[129.7871,31.7674],[129.7869,31.7675]]],[[[129.7873,31.7714],[129.7873,31.7717],[129.7876,31.7715],[129.7873,31.7714]]],[[[129.7812,31.7745],[129.7809,31.7748],[129.7812,31.7749],[129.7812,31.7745]]],[[[129.7773,31.775],[129.7784,31.7745],[129.7775,31.7746],[129.7773,31.775]]],[[[129.7801,31.7749],[129.7793,31.7746],[129.7787,31.7747],[129.7794,31.7754],[129.7801,31.7749]]],[[[129.7801,31.7751],[129.7802,31.7753],[129.7802,31.7751],[129.7801,31.7751]]],[[[129.7806,31.7754],[129.7795,31.7761],[129.7799,31.7766],[129.7806,31.7754]]],[[[129.7813,31.7772],[129.7814,31.7774],[129.7815,31.7771],[129.7813,31.7772]]],[[[129.7987,31.78],[129.7978,31.7789],[129.7965,31.7787],[129.7976,31.7791],[129.7987,31.78]]],[[[129.7858,31.7794],[129.7856,31.7798],[129.7859,31.7794],[129.7858,31.7794]]],[[[129.7853,31.7801],[129.7853,31.78],[129.7852,31.7801],[129.7853,31.7801]]],[[[129.7859,31.7806],[129.7857,31.7805],[129.7857,31.7806],[129.7859,31.7806]]],[[[129.7856,31.7808],[129.7854,31.7808],[129.7855,31.7809],[129.7856,31.7808]]],[[[129.8034,31.7817],[129.8036,31.7819],[129.8036,31.7814],[129.8034,31.7817]]],[[[129.8002,31.7821],[129.8,31.7822],[129.8002,31.7822],[129.8002,31.7821]]],[[[129.7944,31.7847],[129.7945,31.785],[129.7947,31.7848],[129.7944,31.7847]]],[[[129.7998,31.786],[129.7998,31.7858],[129.7997,31.7859],[129.7998,31.786]]],[[[129.8036,31.7862],[129.8035,31.786],[129.8034,31.7861],[129.8036,31.7862]]],[[[129.8034,31.7862],[129.8035,31.7864],[129.8036,31.7863],[129.8034,31.7862]]],[[[129.8026,31.7864],[129.8027,31.7866],[129.8029,31.7865],[129.8026,31.7864]]],[[[129.8034,31.7866],[129.8034,31.7867],[129.8035,31.7867],[129.8034,31.7866]]],[[[129.7816,31.7886],[129.7819,31.7886],[129.7816,31.7885],[129.7816,31.7886]]],[[[129.7806,31.7887],[129.7805,31.7887],[129.7806,31.7888],[129.7806,31.7887]]],[[[129.7821,31.7889],[129.7819,31.7889],[129.7821,31.789],[129.7821,31.7889]]],[[[129.7809,31.7892],[129.7812,31.7889],[129.7806,31.789],[129.7809,31.7892]]],[[[129.8328,31.7716],[129.8327,31.7717],[129.8329,31.7717],[129.8328,31.7716]]],[[[129.8329,31.7723],[129.8328,31.7722],[129.8327,31.7721],[129.8329,31.7723]]],[[[129.832,31.7724],[129.8319,31.7723],[129.8319,31.7724],[129.832,31.7724]]],[[[129.8331,31.7731],[129.8328,31.773],[129.8332,31.7733],[129.8331,31.7731]]],[[[129.8313,31.7729],[129.8329,31.7736],[129.8335,31.7737],[129.8328,31.7735],[129.8324,31.7724],[129.8313,31.7729]]],[[[129.8315,31.7736],[129.8314,31.7737],[129.8315,31.7737],[129.8315,31.7736]]],[[[129.8306,31.7737],[129.8305,31.7738],[129.8307,31.7738],[129.8306,31.7737]]],[[[129.8263,31.7744],[129.826,31.774],[129.8259,31.7738],[129.826,31.774],[129.8263,31.7744]]],[[[129.8224,31.7742],[129.8226,31.7743],[129.8225,31.7741],[129.8224,31.7742]]],[[[129.831,31.7742],[129.8309,31.7743],[129.831,31.7743],[129.831,31.7742]]],[[[129.8304,31.7744],[129.8302,31.7745],[129.8304,31.7745],[129.8304,31.7744]]],[[[129.8306,31.7747],[129.8304,31.7747],[129.8305,31.7748],[129.8306,31.7747]]],[[[129.8302,31.7753],[129.8301,31.7751],[129.8301,31.7752],[129.8302,31.7753]]],[[[129.8298,31.7755],[129.8299,31.7754],[129.8298,31.7754],[129.8298,31.7755]]],[[[129.8035,31.7813],[129.8037,31.7813],[129.8036,31.7812],[129.8035,31.7813]]],[[[129.8041,31.7818],[129.8044,31.7811],[129.8039,31.7817],[129.8041,31.7818]]],[[[129.8327,31.7822],[129.8329,31.7821],[129.8327,31.7821],[129.8327,31.7822]]],[[[129.8047,31.7826],[129.8046,31.7826],[129.8046,31.7827],[129.8047,31.7826]]],[[[129.8044,31.7832],[129.8042,31.7831],[129.8043,31.7832],[129.8044,31.7832]]],[[[129.8039,31.7836],[129.8039,31.7834],[129.8038,31.7835],[129.8039,31.7836]]],[[[129.8325,31.7841],[129.8326,31.784],[129.8324,31.7841],[129.8325,31.7841]]],[[[129.8037,31.7864],[129.8038,31.7865],[129.8038,31.7864],[129.8037,31.7864]]],[[[129.8257,31.7873],[129.8256,31.7873],[129.8258,31.7873],[129.8257,31.7873]]],[[[129.8083,31.7899],[129.8081,31.7899],[129.8082,31.79],[129.8083,31.7899]]],[[[129.8078,31.79],[129.8079,31.79],[129.8078,31.7899],[129.8078,31.79]]],[[[129.8082,31.7901],[129.8081,31.79],[129.808,31.7902],[129.8082,31.7901]]],[[[129.8103,31.7902],[129.8102,31.7901],[129.8102,31.7902],[129.8103,31.7902]]],[[[129.811,31.7906],[129.811,31.7906],[129.811,31.7906],[129.811,31.7906]]],[[[129.8127,31.7909],[129.8126,31.7908],[129.8126,31.7908],[129.8127,31.7909]]],[[[129.8311,31.7925],[129.8311,31.7923],[129.8308,31.7922],[129.8311,31.7925]]],[[[129.8309,31.7926],[129.831,31.7926],[129.8309,31.7926],[129.8309,31.7926]]],[[[129.8138,31.7951],[129.8138,31.7949],[129.8137,31.795],[129.8138,31.7951]]],[[[129.8398,31.819],[129.8402,31.8169],[129.8431,31.8147],[129.8429,31.8127],[129.8399,31.809],[129.8373,31.8083],[129.8361,31.8054],[129.8371,31.8038],[129.8388,31.8042],[129.8385,31.8035],[129.842,31.8019],[129.8421,31.8003],[129.8445,31.8019],[129.8415,31.8023],[129.8399,31.8045],[129.842,31.8025],[129.8435,31.8036],[129.842,31.8049],[129.8429,31.8048],[129.8457,31.8017],[129.8449,31.7985],[129.8418,31.7966],[129.8352,31.7974],[129.8331,31.7962],[129.8301,31.792],[129.8303,31.7913],[129.8252,31.79],[129.8245,31.7882],[129.8261,31.7854],[129.8325,31.7838],[129.8328,31.7827],[129.8301,31.7809],[129.8296,31.7755],[129.8264,31.7749],[129.8259,31.774],[129.8246,31.7753],[129.8226,31.7746],[129.8218,31.7791],[129.8163,31.7789],[129.8159,31.7804],[129.818,31.7842],[129.8151,31.785],[129.8145,31.7862],[129.8161,31.7892],[129.8158,31.7923],[129.8136,31.7975],[129.8112,31.7994],[129.8156,31.7993],[129.8189,31.8019],[129.8207,31.807],[129.8209,31.8143],[129.8254,31.8139],[129.8285,31.8163],[129.8332,31.8167],[129.8398,31.819]]],[[[129.8204,31.8126],[129.8203,31.8125],[129.8202,31.8125],[129.8204,31.8126]]],[[[129.8207,31.8145],[129.8205,31.8146],[129.8207,31.8147],[129.8207,31.8145]]],[[[129.8284,31.8165],[129.8282,31.8166],[129.8284,31.8166],[129.8284,31.8165]]],[[[129.829,31.8167],[129.8291,31.8166],[129.8289,31.8166],[129.829,31.8167]]],[[[129.8285,31.8169],[129.8285,31.8168],[129.8284,31.8168],[129.8285,31.8169]]],[[[129.829,31.8392],[129.8291,31.839],[129.8289,31.839],[129.829,31.8392]]],[[[129.8292,31.8402],[129.8294,31.8402],[129.8294,31.8401],[129.8292,31.8402]]],[[[129.8285,31.8407],[129.8284,31.8404],[129.8283,31.8405],[129.8285,31.8407]]],[[[129.8284,31.8411],[129.8286,31.8411],[129.8283,31.8411],[129.8284,31.8411]]],[[[129.8237,31.8414],[129.8239,31.8414],[129.8237,31.8413],[129.8237,31.8414]]],[[[129.824,31.8418],[129.8244,31.8421],[129.8244,31.8419],[129.824,31.8418]]],[[[129.8236,31.8422],[129.8238,31.8419],[129.8237,31.8419],[129.8236,31.8422]]],[[[129.8231,31.8423],[129.8232,31.8422],[129.8231,31.8422],[129.8231,31.8423]]],[[[129.8226,31.8422],[129.8228,31.8423],[129.8228,31.8423],[129.8226,31.8422]]],[[[129.8219,31.8423],[129.8219,31.8422],[129.8218,31.8424],[129.8219,31.8423]]],[[[129.8229,31.8423],[129.8231,31.8424],[129.8229,31.8422],[129.8229,31.8423]]],[[[129.8226,31.8424],[129.8227,31.8423],[129.8226,31.8423],[129.8226,31.8424]]],[[[129.8216,31.8427],[129.8206,31.8422],[129.8212,31.8432],[129.8216,31.8427]]],[[[129.8197,31.8435],[129.8201,31.8435],[129.8197,31.8434],[129.8197,31.8435]]],[[[129.8206,31.8438],[129.8207,31.8437],[129.8205,31.8436],[129.8206,31.8438]]],[[[129.8214,31.8468],[129.8216,31.847],[129.8215,31.8468],[129.8214,31.8468]]],[[[129.8208,31.8472],[129.8211,31.8472],[129.8208,31.8471],[129.8208,31.8472]]],[[[129.8212,31.8475],[129.8214,31.8475],[129.8212,31.8474],[129.8212,31.8475]]],[[[129.8188,31.8524],[129.819,31.8522],[129.8187,31.8522],[129.8188,31.8524]]],[[[129.8193,31.8527],[129.8192,31.8527],[129.8192,31.8528],[129.8193,31.8527]]],[[[129.8176,31.8578],[129.8179,31.8578],[129.8177,31.8578],[129.8176,31.8578]]],[[[129.8174,31.8582],[129.8177,31.8582],[129.8174,31.858],[129.8174,31.8582]]],[[[129.8166,31.8611],[129.8167,31.861],[129.8166,31.861],[129.8166,31.8611]]],[[[129.8168,31.8612],[129.8171,31.8612],[129.8171,31.8611],[129.8168,31.8612]]],[[[129.8171,31.8616],[129.8169,31.8615],[129.8169,31.8616],[129.8171,31.8616]]],[[[129.8164,31.8618],[129.8164,31.8621],[129.8165,31.862],[129.8164,31.8618]]],[[[129.8167,31.8624],[129.8164,31.8622],[129.8164,31.8623],[129.8167,31.8624]]],[[[129.818,31.8627],[129.8183,31.8628],[129.8183,31.8626],[129.818,31.8627]]],[[[129.8186,31.8628],[129.8187,31.8626],[129.8185,31.8628],[129.8186,31.8628]]],[[[129.8194,31.8632],[129.8195,31.863],[129.8194,31.863],[129.8194,31.8632]]],[[[129.8188,31.8636],[129.819,31.8636],[129.8191,31.8635],[129.8188,31.8636]]],[[[129.8196,31.864],[129.8201,31.8634],[129.8195,31.8637],[129.8196,31.864]]],[[[129.8242,31.865],[129.8242,31.8648],[129.8241,31.865],[129.8242,31.865]]],[[[129.8252,31.8656],[129.8251,31.8655],[129.8252,31.8656],[129.8252,31.8656]]],[[[129.8263,31.8668],[129.8265,31.8667],[129.8263,31.8667],[129.8263,31.8668]]],[[[129.8257,31.8672],[129.8259,31.8674],[129.826,31.8673],[129.8257,31.8672]]],[[[129.8263,31.8681],[129.8265,31.8678],[129.8262,31.868],[129.8263,31.8681]]],[[[129.8282,31.8697],[129.8282,31.8695],[129.8281,31.8696],[129.8282,31.8697]]],[[[129.8287,31.8707],[129.8288,31.8704],[129.8286,31.8706],[129.8287,31.8707]]],[[[129.8289,31.8708],[129.829,31.8707],[129.8288,31.8708],[129.8289,31.8708]]],[[[129.8302,31.872],[129.83,31.8719],[129.83,31.8719],[129.8302,31.872]]],[[[129.8328,31.8832],[129.8328,31.883],[129.8327,31.8831],[129.8328,31.8832]]],[[[129.8327,31.8835],[129.8327,31.8833],[129.8327,31.8833],[129.8327,31.8835]]],[[[129.8354,31.7731],[129.8354,31.7732],[129.8355,31.7732],[129.8354,31.7731]]],[[[129.8367,31.7735],[129.8364,31.7732],[129.8366,31.7736],[129.8367,31.7735]]],[[[129.8334,31.7733],[129.8334,31.7735],[129.8335,31.7734],[129.8334,31.7733]]],[[[129.836,31.7739],[129.8363,31.7735],[129.8357,31.7732],[129.836,31.7739]]],[[[129.8372,31.7735],[129.8371,31.7736],[129.8373,31.7736],[129.8372,31.7735]]],[[[129.8369,31.7737],[129.8369,31.7736],[129.8369,31.7736],[129.8369,31.7737]]],[[[129.8333,31.7737],[129.8331,31.7737],[129.8332,31.7738],[129.8333,31.7737]]],[[[129.8335,31.7737],[129.8336,31.7738],[129.8336,31.7737],[129.8335,31.7737]]],[[[129.8346,31.7742],[129.8353,31.7735],[129.834,31.7731],[129.8337,31.7736],[129.8346,31.7742]]],[[[129.8373,31.7738],[129.8373,31.7738],[129.8374,31.7738],[129.8373,31.7738]]],[[[129.8339,31.782],[129.8338,31.7819],[129.8338,31.782],[129.8339,31.782]]],[[[129.8332,31.7821],[129.8334,31.7822],[129.8334,31.782],[129.8332,31.7821]]],[[[129.8436,31.7945],[129.8438,31.7944],[129.8437,31.7944],[129.8436,31.7945]]],[[[129.8389,31.7946],[129.8391,31.7945],[129.8389,31.7945],[129.8389,31.7946]]],[[[129.8399,31.7955],[129.8401,31.7955],[129.84,31.7954],[129.8399,31.7955]]],[[[129.8392,31.7958],[129.8394,31.7958],[129.8391,31.7956],[129.8392,31.7958]]],[[[129.8425,31.7961],[129.8426,31.7959],[129.8424,31.796],[129.8425,31.7961]]],[[[129.8397,31.7961],[129.8397,31.796],[129.8396,31.796],[129.8397,31.7961]]],[[[129.8422,31.7959],[129.8421,31.7962],[129.8423,31.7961],[129.8422,31.7959]]],[[[129.8429,31.7963],[129.8429,31.7964],[129.843,31.7964],[129.8429,31.7963]]],[[[129.843,31.7966],[129.8429,31.7966],[129.843,31.7966],[129.843,31.7966]]],[[[129.861,31.8157],[129.861,31.8156],[129.8609,31.8157],[129.861,31.8157]]],[[[129.8612,31.8159],[129.8612,31.8158],[129.8611,31.8158],[129.8612,31.8159]]],[[[129.8619,31.8159],[129.862,31.8159],[129.8619,31.8159],[129.8619,31.8159]]],[[[129.8619,31.8162],[129.8621,31.8161],[129.862,31.8161],[129.8619,31.8162]]],[[[129.8616,31.8166],[129.8616,31.8163],[129.8612,31.8164],[129.8616,31.8166]]],[[[129.8617,31.8173],[129.8611,31.8166],[129.861,31.8169],[129.8617,31.8173]]],[[[129.8622,31.8171],[129.8624,31.817],[129.8622,31.817],[129.8622,31.8171]]],[[[129.8622,31.8172],[129.8623,31.8172],[129.8623,31.8172],[129.8622,31.8172]]],[[[129.861,31.8173],[129.861,31.8173],[129.861,31.8173],[129.861,31.8173]]],[[[129.8626,31.8178],[129.8624,31.8178],[129.8624,31.8179],[129.8626,31.8178]]],[[[129.8342,31.818],[129.8344,31.8179],[129.8342,31.8179],[129.8342,31.818]]],[[[129.8624,31.8179],[129.8624,31.8181],[129.8625,31.818],[129.8624,31.8179]]],[[[129.836,31.8182],[129.8361,31.8182],[129.8362,31.8181],[129.836,31.8182]]],[[[129.8364,31.8182],[129.8363,31.8183],[129.8364,31.8182],[129.8364,31.8182]]],[[[129.8365,31.8183],[129.8366,31.8183],[129.8365,31.8183],[129.8365,31.8183]]],[[[129.8656,31.8189],[129.8655,31.8188],[129.8655,31.8189],[129.8656,31.8189]]],[[[129.8646,31.819],[129.8646,31.8188],[129.8646,31.8189],[129.8646,31.819]]],[[[129.8656,31.8191],[129.8654,31.819],[129.8654,31.8191],[129.8656,31.8191]]],[[[129.866,31.8191],[129.8658,31.819],[129.8658,31.8191],[129.866,31.8191]]],[[[129.8657,31.8193],[129.8657,31.8192],[129.8657,31.8192],[129.8657,31.8193]]],[[[129.8385,31.8192],[129.8381,31.8193],[129.8385,31.8194],[129.8385,31.8192]]],[[[129.8386,31.8192],[129.8388,31.8194],[129.8389,31.8194],[129.8386,31.8192]]],[[[129.8391,31.8198],[129.8393,31.8197],[129.8391,31.8196],[129.8391,31.8198]]],[[[129.8676,31.8204],[129.8678,31.8202],[129.8677,31.8202],[129.8676,31.8204]]],[[[129.8604,31.8205],[129.8605,31.8202],[129.8604,31.8202],[129.8604,31.8205]]],[[[129.8603,31.8205],[129.8603,31.8203],[129.8602,31.8203],[129.8603,31.8205]]],[[[129.8391,31.8205],[129.8393,31.8204],[129.8391,31.8204],[129.8391,31.8205]]],[[[129.8583,31.8206],[129.8582,31.8205],[129.8582,31.8206],[129.8583,31.8206]]],[[[129.859,31.8207],[129.8589,31.8207],[129.859,31.8207],[129.859,31.8207]]],[[[129.8585,31.8209],[129.8584,31.8208],[129.8584,31.8209],[129.8585,31.8209]]],[[[129.8422,31.8209],[129.842,31.821],[129.8421,31.821],[129.8422,31.8209]]],[[[129.8568,31.8222],[129.8571,31.8221],[129.8571,31.8217],[129.8565,31.8211],[129.8568,31.8222]]],[[[129.8441,31.8235],[129.8441,31.8234],[129.844,31.8235],[129.8441,31.8235]]],[[[129.8445,31.8299],[129.8459,31.8294],[129.8452,31.8289],[129.8434,31.826],[129.844,31.8236],[129.8412,31.8224],[129.842,31.8206],[129.8397,31.8208],[129.8385,31.8218],[129.8403,31.8219],[129.8389,31.8225],[129.8395,31.8236],[129.8374,31.8237],[129.8385,31.8243],[129.8351,31.8255],[129.8392,31.8272],[129.842,31.8271],[129.8448,31.8288],[129.8445,31.8299]]],[[[129.8347,31.8255],[129.8348,31.8256],[129.8348,31.8255],[129.8347,31.8255]]],[[[129.8526,31.8258],[129.8525,31.8259],[129.8527,31.8259],[129.8526,31.8258]]],[[[129.8361,31.8263],[129.8364,31.8264],[129.8361,31.8262],[129.8361,31.8263]]],[[[129.8383,31.8271],[129.838,31.8272],[129.8384,31.8272],[129.8383,31.8271]]],[[[129.8449,31.8274],[129.8448,31.8274],[129.8448,31.8274],[129.8449,31.8274]]],[[[129.8451,31.8275],[129.8451,31.8275],[129.8451,31.8275],[129.8451,31.8275]]],[[[129.845,31.8278],[129.845,31.8279],[129.845,31.8279],[129.845,31.8278]]],[[[129.8452,31.8278],[129.8453,31.8279],[129.8453,31.8278],[129.8452,31.8278]]],[[[129.8453,31.8282],[129.8452,31.8282],[129.8453,31.8282],[129.8453,31.8282]]],[[[129.8454,31.8287],[129.8455,31.8287],[129.8454,31.8287],[129.8454,31.8287]]],[[[129.8341,31.8372],[129.8334,31.8371],[129.8341,31.8373],[129.8341,31.8372]]],[[[129.836,31.843],[129.8358,31.8428],[129.8352,31.8429],[129.8356,31.8431],[129.836,31.843]]],[[[129.85,31.8543],[129.8502,31.8546],[129.8503,31.8543],[129.85,31.8543]]],[[[129.8344,31.8814],[129.8342,31.8813],[129.8343,31.8815],[129.8344,31.8814]]],[[[129.8346,31.8824],[129.8344,31.8824],[129.8345,31.8825],[129.8346,31.8824]]],[[[129.8549,31.8824],[129.8547,31.8824],[129.8547,31.8825],[129.8549,31.8824]]],[[[129.8355,31.8827],[129.8354,31.8825],[129.8354,31.8827],[129.8355,31.8827]]],[[[129.8383,31.8827],[129.8381,31.8828],[129.8382,31.8828],[129.8383,31.8827]]],[[[129.8363,31.883],[129.8364,31.8831],[129.8365,31.883],[129.8363,31.883]]],[[[129.8345,31.8831],[129.8343,31.8831],[129.8343,31.8832],[129.8345,31.8831]]],[[[129.8511,31.8833],[129.851,31.8831],[129.8509,31.8832],[129.8511,31.8833]]],[[[129.8532,31.8833],[129.8534,31.8832],[129.8533,31.8831],[129.8532,31.8833]]],[[[129.8365,31.8833],[129.8366,31.8833],[129.8366,31.8832],[129.8365,31.8833]]],[[[129.8342,31.8834],[129.8342,31.8833],[129.8341,31.8833],[129.8342,31.8834]]],[[[129.8516,31.8833],[129.8516,31.8836],[129.8517,31.8834],[129.8516,31.8833]]],[[[129.852,31.8836],[129.8522,31.8834],[129.852,31.8835],[129.852,31.8836]]],[[[129.8751,31.8045],[129.8753,31.8044],[129.8751,31.8044],[129.8751,31.8045]]],[[[129.8764,31.8051],[129.8766,31.8052],[129.8764,31.8051],[129.8764,31.8051]]],[[[129.8777,31.8064],[129.8777,31.8066],[129.8778,31.8064],[129.8777,31.8064]]],[[[129.8798,31.807],[129.8798,31.8069],[129.8797,31.807],[129.8798,31.807]]],[[[129.8795,31.8073],[129.8794,31.8072],[129.8794,31.8073],[129.8795,31.8073]]],[[[129.8798,31.8073],[129.8799,31.8074],[129.8798,31.8072],[129.8798,31.8073]]],[[[129.8804,31.8073],[129.8804,31.8073],[129.8805,31.8073],[129.8804,31.8073]]],[[[129.8814,31.8075],[129.8813,31.8074],[129.8813,31.8076],[129.8814,31.8075]]],[[[129.8791,31.8075],[129.8792,31.8075],[129.8792,31.8074],[129.8791,31.8075]]],[[[129.8802,31.8075],[129.8802,31.8076],[129.8802,31.8076],[129.8802,31.8075]]],[[[129.8804,31.8075],[129.8804,31.8077],[129.8805,31.8076],[129.8804,31.8075]]],[[[129.8802,31.8077],[129.8802,31.8076],[129.8802,31.8076],[129.8802,31.8077]]],[[[129.8798,31.8078],[129.8799,31.8077],[129.8798,31.8078],[129.8798,31.8078]]],[[[129.8811,31.8078],[129.881,31.8079],[129.8811,31.8079],[129.8811,31.8078]]],[[[129.8809,31.8078],[129.8809,31.8079],[129.8809,31.8078],[129.8809,31.8078]]],[[[129.8811,31.8084],[129.8812,31.8084],[129.8812,31.8083],[129.8811,31.8084]]],[[[129.8825,31.809],[129.8824,31.809],[129.8823,31.8091],[129.8825,31.809]]],[[[129.8719,31.8101],[129.872,31.8101],[129.872,31.8101],[129.8719,31.8101]]],[[[129.886,31.8104],[129.8861,31.8105],[129.8861,31.8104],[129.886,31.8104]]],[[[129.8886,31.8108],[129.8884,31.8109],[129.8886,31.8109],[129.8886,31.8108]]],[[[129.8879,31.8109],[129.888,31.8108],[129.888,31.8108],[129.8879,31.8109]]],[[[129.8919,31.8114],[129.8921,31.8116],[129.892,31.8114],[129.8919,31.8114]]],[[[129.8902,31.8116],[129.8905,31.8116],[129.8904,31.8115],[129.8902,31.8116]]],[[[129.891,31.8116],[129.891,31.8117],[129.8911,31.8117],[129.891,31.8116]]],[[[129.8714,31.8117],[129.8713,31.8117],[129.8714,31.8117],[129.8714,31.8117]]],[[[129.8916,31.8118],[129.8914,31.8118],[129.8915,31.8119],[129.8916,31.8118]]],[[[129.8931,31.8119],[129.8933,31.8121],[129.8932,31.8119],[129.8931,31.8119]]],[[[129.8936,31.8122],[129.8935,31.812],[129.8934,31.8121],[129.8936,31.8122]]],[[[129.8712,31.8125],[129.8712,31.8125],[129.8712,31.8125],[129.8712,31.8125]]],[[[129.8955,31.8127],[129.8956,31.8128],[129.8956,31.8128],[129.8955,31.8127]]],[[[129.8988,31.8131],[129.8985,31.813],[129.8986,31.8132],[129.8988,31.8131]]],[[[129.8986,31.8134],[129.8987,31.8134],[129.8987,31.8134],[129.8986,31.8134]]],[[[129.8986,31.8137],[129.8987,31.8136],[129.8986,31.8136],[129.8986,31.8137]]],[[[129.8995,31.8137],[129.8995,31.8137],[129.8995,31.8138],[129.8995,31.8137]]],[[[129.8999,31.8139],[129.9,31.8139],[129.8999,31.8138],[129.8999,31.8139]]],[[[129.9002,31.8142],[129.9001,31.8142],[129.9002,31.8142],[129.9002,31.8142]]],[[[129.9028,31.8148],[129.9038,31.8142],[129.9026,31.8138],[129.9028,31.8148]]],[[[129.9206,31.8173],[129.9203,31.8174],[129.9207,31.8174],[129.9206,31.8173]]],[[[129.922,31.8176],[129.9221,31.8177],[129.9221,31.8176],[129.922,31.8176]]],[[[129.9216,31.8181],[129.9216,31.8182],[129.9216,31.8182],[129.9216,31.8181]]],[[[129.9226,31.8184],[129.9228,31.8182],[129.9226,31.8182],[129.9226,31.8184]]],[[[129.9223,31.8185],[129.9223,31.8183],[129.9221,31.8185],[129.9223,31.8185]]],[[[129.917,31.8188],[129.9168,31.8186],[129.9168,31.8188],[129.917,31.8188]]],[[[129.9231,31.8188],[129.9231,31.8191],[129.9232,31.8188],[129.9231,31.8188]]],[[[129.9247,31.819],[129.9244,31.819],[129.9245,31.8193],[129.9247,31.819]]],[[[129.9241,31.819],[129.9241,31.8191],[129.9241,31.819],[129.9241,31.819]]],[[[129.9243,31.8191],[129.9244,31.8192],[129.9244,31.8192],[129.9243,31.8191]]],[[[129.9254,31.8196],[129.9252,31.8192],[129.9251,31.8192],[129.9254,31.8196]]],[[[129.9091,31.8201],[129.9093,31.82],[129.9091,31.82],[129.9091,31.8201]]],[[[129.9107,31.8201],[129.9107,31.8206],[129.911,31.8206],[129.9107,31.8201]]],[[[129.9263,31.8204],[129.9262,31.8204],[129.9263,31.8205],[129.9263,31.8204]]],[[[129.927,31.8206],[129.9271,31.8202],[129.9268,31.8204],[129.927,31.8206]]],[[[129.9267,31.8206],[129.9266,31.8207],[129.9267,31.8208],[129.9267,31.8206]]],[[[129.9097,31.8208],[129.9099,31.8208],[129.9097,31.8208],[129.9097,31.8208]]],[[[129.9259,31.8394],[129.9269,31.8395],[129.9273,31.8394],[129.9259,31.8394]]],[[[129.9225,31.8399],[129.9241,31.8396],[129.9257,31.8395],[129.9241,31.8394],[129.9225,31.8399]]],[[[129.8525,31.883],[129.8591,31.8793],[129.8624,31.8788],[129.8629,31.8772],[129.8736,31.868],[129.8816,31.8573],[129.8867,31.8545],[129.8946,31.854],[129.8969,31.8518],[129.8989,31.8469],[129.9107,31.8429],[129.9172,31.8471],[129.9185,31.8493],[129.9175,31.8507],[129.9185,31.8503],[129.9188,31.8516],[129.9172,31.8521],[129.9173,31.8509],[129.9164,31.8498],[129.9172,31.851],[129.9163,31.8531],[129.9083,31.8563],[129.909,31.8579],[129.9077,31.8596],[129.9105,31.8617],[129.9109,31.8637],[129.9098,31.8653],[129.9075,31.8652],[129.9091,31.8642],[129.9057,31.8663],[129.9029,31.8655],[129.9052,31.8667],[129.905,31.8683],[129.9061,31.8685],[129.9086,31.8703],[129.9154,31.8672],[129.9228,31.8676],[129.9279,31.8691],[129.9284,31.8672],[129.9303,31.8666],[129.9361,31.8695],[129.9371,31.8707],[129.939,31.8702],[129.9395,31.8685],[129.9318,31.8667],[129.9313,31.865],[129.9262,31.8667],[129.9244,31.8655],[129.9235,31.862],[129.9296,31.8591],[129.928,31.8554],[129.9297,31.8542],[129.9292,31.8522],[129.9312,31.85],[129.93,31.8489],[129.9227,31.8479],[129.9226,31.8455],[129.9224,31.8476],[129.9213,31.8481],[129.9201,31.8463],[129.9218,31.8457],[129.92,31.8459],[129.9195,31.8445],[129.9195,31.8435],[129.9214,31.8431],[129.9214,31.8415],[129.9197,31.8407],[129.9207,31.8394],[129.9218,31.8397],[129.921,31.84],[129.9229,31.842],[129.9233,31.844],[129.923,31.8419],[129.9224,31.8398],[129.924,31.8391],[129.9291,31.8385],[129.9275,31.8394],[129.9284,31.8392],[129.9313,31.8371],[129.9296,31.8313],[129.9307,31.8272],[129.9304,31.8267],[129.9306,31.8266],[129.9302,31.8263],[129.9306,31.8253],[129.9302,31.8253],[129.9298,31.824],[129.9295,31.8243],[129.926,31.8202],[129.9253,31.8206],[129.9254,31.8196],[129.9227,31.8191],[129.9191,31.8169],[129.9176,31.8191],[129.9164,31.8189],[129.9159,31.8215],[129.9126,31.8223],[129.9078,31.82],[129.9064,31.8241],[129.9039,31.8249],[129.9023,31.8234],[129.9035,31.8199],[129.902,31.8191],[129.9016,31.8162],[129.8985,31.8137],[129.8983,31.8128],[129.8955,31.8134],[129.89,31.8118],[129.8897,31.811],[129.8834,31.8107],[129.8828,31.8093],[129.8815,31.8091],[129.8807,31.8078],[129.8793,31.8078],[129.8799,31.8076],[129.8796,31.8071],[129.879,31.8078],[129.8779,31.8074],[129.874,31.8041],[129.8742,31.8018],[129.8711,31.8011],[129.8741,31.8082],[129.8712,31.8128],[129.8736,31.8166],[129.8734,31.8205],[129.8705,31.8221],[129.8725,31.8197],[129.8697,31.8223],[129.8685,31.8212],[129.8675,31.8217],[129.8706,31.8201],[129.8668,31.8206],[129.8648,31.819],[129.8574,31.8217],[129.8574,31.8237],[129.8537,31.8253],[129.8585,31.824],[129.8612,31.8263],[129.862,31.8313],[129.8642,31.8327],[129.8621,31.833],[129.8638,31.8333],[129.8639,31.8343],[129.8621,31.834],[129.8632,31.8346],[129.8613,31.8366],[129.8606,31.8361],[129.8593,31.8373],[129.8588,31.8362],[129.8605,31.8355],[129.8612,31.8337],[129.8583,31.836],[129.8587,31.8377],[129.8583,31.8364],[129.857,31.8371],[129.852,31.8332],[129.8454,31.83],[129.8484,31.8346],[129.8488,31.8427],[129.8438,31.8459],[129.8447,31.8479],[129.8411,31.8503],[129.8418,31.8534],[129.8447,31.8513],[129.8477,31.8525],[129.848,31.8512],[129.8497,31.852],[129.8507,31.8507],[129.8517,31.8519],[129.8544,31.8514],[129.8549,31.853],[129.8593,31.8521],[129.8605,31.853],[129.8579,31.8533],[129.8588,31.8552],[129.8616,31.8554],[129.8613,31.8566],[129.8624,31.8561],[129.8652,31.8599],[129.8627,31.8601],[129.8632,31.8593],[129.8611,31.8572],[129.8603,31.8578],[129.8528,31.854],[129.8524,31.8551],[129.8468,31.8554],[129.8458,31.856],[129.8471,31.857],[129.8429,31.8573],[129.8425,31.8599],[129.8448,31.8626],[129.843,31.8658],[129.8431,31.8689],[129.8446,31.8697],[129.8421,31.8698],[129.8404,31.8658],[129.8389,31.8651],[129.8397,31.8653],[129.8389,31.865],[129.84,31.8638],[129.8376,31.8609],[129.8383,31.8568],[129.8334,31.8527],[129.835,31.8512],[129.8335,31.8462],[129.8348,31.8446],[129.8346,31.8411],[129.8363,31.8391],[129.8348,31.8373],[129.8301,31.8389],[129.8305,31.8396],[129.8285,31.8414],[129.8293,31.8426],[129.8277,31.8436],[129.8221,31.8423],[129.821,31.8436],[129.8224,31.8456],[129.8216,31.8483],[129.8194,31.8501],[129.8181,31.8497],[129.8199,31.8529],[129.8192,31.8542],[129.8178,31.8541],[129.8193,31.8566],[129.8182,31.8575],[129.8179,31.8601],[129.8166,31.8602],[129.8176,31.8611],[129.817,31.8618],[129.8232,31.8635],[129.8252,31.8651],[129.8278,31.868],[129.8289,31.8704],[129.8305,31.872],[129.8352,31.882],[129.8377,31.8826],[129.8407,31.8815],[129.8525,31.883]]],[[[129.9247,31.8439],[129.9247,31.8447],[129.9248,31.8447],[129.9247,31.8439]]],[[[129.9079,31.8603],[129.9075,31.8599],[129.9075,31.8603],[129.9079,31.8603]]],[[[129.9081,31.8604],[129.9083,31.8605],[129.9082,31.8604],[129.9081,31.8604]]],[[[129.9066,31.8645],[129.9066,31.8644],[129.9065,31.8645],[129.9066,31.8645]]],[[[129.906,31.8646],[129.9061,31.8645],[129.906,31.8645],[129.906,31.8646]]],[[[129.9068,31.8646],[129.9069,31.8647],[129.9069,31.8646],[129.9068,31.8646]]],[[[129.9062,31.8648],[129.9063,31.865],[129.9064,31.8649],[129.9062,31.8648]]],[[[129.9069,31.8654],[129.9071,31.8653],[129.9069,31.8653],[129.9069,31.8654]]],[[[129.9066,31.8654],[129.9067,31.8655],[129.9067,31.8654],[129.9066,31.8654]]],[[[129.9197,31.8674],[129.9198,31.8675],[129.9199,31.8675],[129.9197,31.8674]]],[[[129.9194,31.8677],[129.9196,31.8677],[129.9194,31.8676],[129.9194,31.8677]]],[[[129.92,31.8677],[129.9199,31.8678],[129.9201,31.8678],[129.92,31.8677]]],[[[129.9161,31.8679],[129.9162,31.8678],[129.9161,31.8678],[129.9161,31.8679]]],[[[129.9046,31.8685],[129.9047,31.8685],[129.9048,31.8685],[129.9046,31.8685]]],[[[129.9055,31.8686],[129.9048,31.8684],[129.9055,31.8688],[129.9055,31.8686]]],[[[129.9041,31.8687],[129.9041,31.8688],[129.9042,31.8687],[129.9041,31.8687]]],[[[129.9049,31.8688],[129.9049,31.8687],[129.9049,31.8687],[129.9049,31.8688]]],[[[129.9044,31.8689],[129.9048,31.8686],[129.9043,31.8686],[129.9044,31.8689]]],[[[129.9045,31.8692],[129.9045,31.8691],[129.9044,31.8691],[129.9045,31.8692]]],[[[129.9057,31.8695],[129.9058,31.8696],[129.9059,31.8695],[129.9057,31.8695]]],[[[129.9064,31.8696],[129.9064,31.8697],[129.9065,31.8696],[129.9064,31.8696]]],[[[129.9064,31.8697],[129.9065,31.8698],[129.9065,31.8697],[129.9064,31.8697]]],[[[129.906,31.8699],[129.9063,31.8697],[129.9058,31.8698],[129.906,31.8699]]],[[[129.9102,31.8711],[129.9104,31.8712],[129.9104,31.8711],[129.9102,31.8711]]],[[[129.9278,31.821],[129.9278,31.821],[129.9278,31.821],[129.9278,31.821]]],[[[129.9276,31.8212],[129.9272,31.821],[129.9273,31.8213],[129.9276,31.8212]]],[[[129.9272,31.8212],[129.9272,31.8212],[129.9272,31.8212],[129.9272,31.8212]]],[[[129.9272,31.8213],[129.9273,31.8213],[129.9273,31.8213],[129.9272,31.8213]]],[[[129.9279,31.8216],[129.9279,31.8217],[129.928,31.8217],[129.9279,31.8216]]],[[[129.9281,31.8218],[129.9281,31.8216],[129.928,31.8218],[129.9281,31.8218]]],[[[129.9279,31.8217],[129.928,31.8218],[129.928,31.8217],[129.9279,31.8217]]],[[[129.9277,31.822],[129.9278,31.822],[129.9278,31.822],[129.9277,31.822]]],[[[129.929,31.8229],[129.9291,31.8229],[129.9291,31.8229],[129.929,31.8229]]],[[[129.9293,31.8234],[129.929,31.8233],[129.9291,31.8235],[129.9293,31.8234]]],[[[129.9292,31.8236],[129.9292,31.8237],[129.9293,31.8236],[129.9292,31.8236]]],[[[129.9299,31.8239],[129.93,31.824],[129.93,31.8239],[129.9299,31.8239]]],[[[129.9298,31.8239],[129.9298,31.8239],[129.9298,31.824],[129.9298,31.8239]]],[[[129.9301,31.8241],[129.9301,31.8242],[129.9301,31.8241],[129.9301,31.8241]]],[[[129.9302,31.8245],[129.9301,31.8245],[129.9301,31.8246],[129.9302,31.8245]]],[[[129.9304,31.8249],[129.9303,31.825],[129.9303,31.825],[129.9304,31.8249]]],[[[129.9304,31.825],[129.9304,31.825],[129.9304,31.825],[129.9304,31.825]]],[[[129.9303,31.825],[129.9304,31.825],[129.9303,31.825],[129.9303,31.825]]],[[[129.9304,31.825],[129.9304,31.825],[129.9304,31.825],[129.9304,31.825]]],[[[129.9305,31.8252],[129.9302,31.825],[129.9304,31.8253],[129.9305,31.8252]]],[[[129.9306,31.8255],[129.9308,31.8255],[129.9308,31.8255],[129.9306,31.8255]]],[[[129.9306,31.8258],[129.9306,31.8259],[129.9306,31.8258],[129.9306,31.8258]]],[[[129.9305,31.826],[129.9305,31.8259],[129.9305,31.8259],[129.9305,31.826]]],[[[129.9304,31.8262],[129.9304,31.8262],[129.9304,31.8262],[129.9304,31.8262]]],[[[129.9303,31.8262],[129.9303,31.8262],[129.9303,31.8262],[129.9303,31.8262]]],[[[129.9304,31.8263],[129.9304,31.8263],[129.9304,31.8263],[129.9304,31.8263]]],[[[129.9303,31.8263],[129.9303,31.8263],[129.9303,31.8263],[129.9303,31.8263]]],[[[129.9303,31.8263],[129.9302,31.8263],[129.9303,31.8263],[129.9303,31.8263]]],[[[129.9303,31.8263],[129.9303,31.8263],[129.9304,31.8263],[129.9303,31.8263]]],[[[129.9307,31.8267],[129.9306,31.8267],[129.9306,31.8267],[129.9307,31.8267]]],[[[129.9307,31.827],[129.9306,31.827],[129.9307,31.827],[129.9307,31.827]]],[[[129.9308,31.8272],[129.9309,31.8269],[129.9307,31.827],[129.9308,31.8272]]],[[[129.9307,31.8337],[129.9308,31.8336],[129.9307,31.8336],[129.9307,31.8337]]],[[[129.9313,31.8357],[129.9314,31.8357],[129.9314,31.8357],[129.9313,31.8357]]],[[[129.9316,31.837],[129.9315,31.8372],[129.9316,31.837],[129.9316,31.837]]],[[[129.9293,31.8483],[129.9291,31.8485],[129.9293,31.8484],[129.9293,31.8483]]],[[[129.9292,31.8488],[129.9293,31.8487],[129.9291,31.8487],[129.9292,31.8488]]],[[[129.9311,31.8496],[129.9312,31.8499],[129.9313,31.8498],[129.9311,31.8496]]],[[[129.9314,31.8505],[129.9315,31.8507],[129.9316,31.8505],[129.9314,31.8505]]],[[[129.9517,31.8527],[129.9521,31.8504],[129.9496,31.8507],[129.9488,31.8496],[129.9477,31.8504],[129.95,31.8529],[129.9517,31.8527]]],[[[129.9521,31.853],[129.9523,31.8529],[129.9521,31.8529],[129.9521,31.853]]],[[[129.9524,31.8531],[129.9526,31.8531],[129.9526,31.853],[129.9524,31.8531]]],[[[129.9554,31.8553],[129.9555,31.8556],[129.9557,31.8554],[129.9554,31.8553]]],[[[129.9585,31.8641],[129.9587,31.8643],[129.9586,31.8641],[129.9585,31.8641]]],[[[129.9628,31.8643],[129.963,31.8643],[129.963,31.8642],[129.9628,31.8643]]],[[[129.9588,31.8644],[129.9589,31.8643],[129.9588,31.8642],[129.9588,31.8644]]],[[[129.9574,31.8645],[129.9575,31.8645],[129.9574,31.8645],[129.9574,31.8645]]],[[[129.9576,31.8646],[129.9578,31.8645],[129.9577,31.8645],[129.9576,31.8646]]],[[[129.9579,31.8646],[129.958,31.8646],[129.958,31.8645],[129.9579,31.8646]]],[[[129.963,31.8646],[129.9631,31.8646],[129.963,31.8646],[129.963,31.8646]]],[[[129.9596,31.8647],[129.9598,31.8648],[129.9598,31.8647],[129.9596,31.8647]]],[[[129.9646,31.865],[129.9647,31.8649],[129.9646,31.8649],[129.9646,31.865]]],[[[129.953,31.8663],[129.9533,31.866],[129.9531,31.866],[129.953,31.8663]]],[[[129.9573,31.8666],[129.9607,31.8671],[129.9636,31.8658],[129.9608,31.8648],[129.9583,31.8653],[129.9573,31.8666]]],[[[129.9493,31.8668],[129.9492,31.8666],[129.949,31.8668],[129.9493,31.8668]]],[[[129.9481,31.8669],[129.9486,31.8667],[129.948,31.8664],[129.9481,31.8669]]],[[[129.954,31.8677],[129.9533,31.8663],[129.9522,31.8676],[129.9533,31.8673],[129.954,31.8677]]],[[[129.9511,31.8675],[129.951,31.8674],[129.951,31.8674],[129.9511,31.8675]]],[[[129.952,31.8674],[129.9516,31.8677],[129.9519,31.8677],[129.952,31.8674]]],[[[129.9509,31.8677],[129.9505,31.8677],[129.9509,31.8678],[129.9509,31.8677]]],[[[129.9289,31.8677],[129.929,31.8677],[129.9289,31.8676],[129.9289,31.8677]]],[[[129.959,31.8677],[129.9592,31.8677],[129.9592,31.8677],[129.959,31.8677]]],[[[129.9584,31.8679],[129.9585,31.8676],[129.9583,31.8676],[129.9584,31.8679]]],[[[129.9531,31.8678],[129.9533,31.8679],[129.9533,31.8678],[129.9531,31.8678]]],[[[129.9579,31.868],[129.9578,31.8679],[129.9578,31.868],[129.9579,31.868]]],[[[129.9517,31.868],[129.9519,31.868],[129.9517,31.8679],[129.9517,31.868]]],[[[129.9587,31.868],[129.9588,31.868],[129.9587,31.868],[129.9587,31.868]]],[[[129.9536,31.868],[129.9537,31.868],[129.9536,31.868],[129.9536,31.868]]],[[[129.9529,31.8681],[129.9531,31.8681],[129.953,31.868],[129.9529,31.8681]]],[[[129.9528,31.868],[129.9525,31.8681],[129.9528,31.8681],[129.9528,31.868]]],[[[129.9581,31.8682],[129.9581,31.8681],[129.958,31.8681],[129.9581,31.8682]]],[[[129.9585,31.8682],[129.9586,31.8682],[129.9585,31.8681],[129.9585,31.8682]]],[[[129.9578,31.8682],[129.9581,31.8684],[129.9579,31.8682],[129.9578,31.8682]]],[[[129.9513,31.8684],[129.9515,31.8684],[129.9513,31.8683],[129.9513,31.8684]]],[[[129.9352,31.8697],[129.935,31.8695],[129.9349,31.8697],[129.9352,31.8697]]],[[[129.9359,31.87],[129.9361,31.8699],[129.9359,31.8699],[129.9359,31.87]]],[[[129.9353,31.8699],[129.9355,31.87],[129.9355,31.8699],[129.9353,31.8699]]],[[[129.9537,31.8746],[129.9542,31.8742],[129.9534,31.8741],[129.9537,31.8746]]],[[[129.9544,31.8745],[129.9543,31.8742],[129.9542,31.8748],[129.9544,31.8745]]],[[[129.9529,31.8749],[129.9534,31.8746],[129.9529,31.8744],[129.9529,31.8749]]],[[[129.9537,31.875],[129.9536,31.875],[129.9537,31.875],[129.9537,31.875]]],[[[130.1731,31.7804],[130.1722,31.7805],[130.1732,31.7814],[130.1731,31.7804]]],[[[130.1736,31.7826],[130.1736,31.7825],[130.1735,31.7826],[130.1736,31.7826]]],[[[130.1737,31.7832],[130.1738,31.7832],[130.1737,31.7832],[130.1737,31.7832]]],[[[130.1703,31.7872],[130.1704,31.7871],[130.1704,31.7871],[130.1703,31.7872]]],[[[130.1682,31.7886],[130.1685,31.7888],[130.1685,31.7887],[130.1682,31.7886]]],[[[130.1685,31.7892],[130.1684,31.7891],[130.1684,31.7891],[130.1685,31.7892]]],[[[130.1683,31.7893],[130.1683,31.7892],[130.1683,31.7892],[130.1683,31.7893]]],[[[130.1678,31.7904],[130.1679,31.7903],[130.1678,31.7903],[130.1678,31.7904]]],[[[130.1681,31.7905],[130.1681,31.7904],[130.168,31.7904],[130.1681,31.7905]]],[[[130.1676,31.7906],[130.1676,31.7905],[130.1676,31.7905],[130.1676,31.7906]]],[[[130.1681,31.7907],[130.1682,31.7907],[130.168,31.7907],[130.1681,31.7907]]],[[[130.1663,31.7951],[130.1663,31.7949],[130.1663,31.7949],[130.1663,31.7951]]],[[[130.1666,31.7951],[130.1667,31.795],[130.1666,31.795],[130.1666,31.7951]]],[[[130.1725,31.8016],[130.1726,31.8015],[130.1725,31.8015],[130.1725,31.8016]]],[[[130.1726,31.8018],[130.1726,31.8017],[130.1725,31.8018],[130.1726,31.8018]]],[[[130.1553,31.8083],[130.1558,31.8087],[130.1553,31.8082],[130.1553,31.8083]]],[[[130.1731,31.8099],[130.1727,31.8096],[130.1724,31.8097],[130.1731,31.8099]]],[[[130.1722,31.8098],[130.172,31.81],[130.1723,31.81],[130.1722,31.8098]]],[[[130.1725,31.8101],[130.1726,31.8099],[130.1725,31.81],[130.1725,31.8101]]],[[[130.1737,31.8133],[130.174,31.813],[130.1735,31.813],[130.1737,31.8133]]],[[[130.1739,31.816],[130.174,31.8159],[130.1739,31.8159],[130.1739,31.816]]],[[[130.174,31.8162],[130.174,31.8161],[130.1739,31.8161],[130.174,31.8162]]],[[[130.1737,31.8163],[130.1737,31.8162],[130.1736,31.8163],[130.1737,31.8163]]],[[[130.3258,31.9739],[130.3268,31.9713],[130.3325,31.9717],[130.3365,31.9698],[130.3429,31.9705],[130.3448,31.9672],[130.3451,31.964],[130.3402,31.9625],[130.3376,31.9599],[130.3451,31.9559],[130.3452,31.9524],[130.3466,31.9515],[130.3464,31.948],[130.342,31.9466],[130.3421,31.9449],[130.3479,31.9354],[130.3605,31.9294],[130.3779,31.9262],[130.3802,31.9216],[130.3852,31.9194],[130.387,31.917],[130.3924,31.9155],[130.394,31.9095],[130.3996,31.9075],[130.4029,31.8999],[130.4021,31.8985],[130.4033,31.8947],[130.4018,31.8899],[130.4039,31.8835],[130.4001,31.8777],[130.4025,31.8681],[130.4015,31.8633],[130.3996,31.8609],[130.402,31.8599],[130.4031,31.8572],[130.41,31.8505],[130.4133,31.8508],[130.4148,31.848],[130.4152,31.8438],[130.4207,31.8458],[130.4213,31.8446],[130.4255,31.8437],[130.431,31.8443],[130.4403,31.8401],[130.4459,31.84],[130.449,31.8387],[130.4529,31.8346],[130.4567,31.8193],[130.4586,31.8193],[130.4635,31.8239],[130.4651,31.8275],[130.4648,31.8421],[130.4665,31.843],[130.4654,31.8458],[130.4633,31.8466],[130.4638,31.8497],[130.46,31.8547],[130.4685,31.8562],[130.4688,31.8591],[130.4654,31.8632],[130.4659,31.8681],[130.4668,31.8706],[130.4693,31.871],[130.4717,31.8739],[130.4724,31.8803],[130.4753,31.8823],[130.4746,31.8868],[130.4761,31.8927],[130.4822,31.8929],[130.486,31.8955],[130.4873,31.8945],[130.4882,31.8906],[130.4951,31.8879],[130.5003,31.8886],[130.5036,31.8906],[130.5074,31.8903],[130.5081,31.8927],[130.5056,31.9024],[130.5094,31.9035],[130.5123,31.9017],[130.5163,31.9027],[130.5184,31.9018],[130.5182,31.8984],[130.5192,31.8972],[130.5291,31.8959],[130.5337,31.894],[130.5392,31.8935],[130.547,31.8957],[130.5503,31.8938],[130.5529,31.8937],[130.558,31.8957],[130.5605,31.8942],[130.5691,31.894],[130.5728,31.8911],[130.5769,31.8834],[130.5797,31.8828],[130.5836,31.8799],[130.5895,31.8799],[130.59,31.8783],[130.5888,31.8757],[130.5828,31.8723],[130.5816,31.8699],[130.5825,31.8674],[130.5808,31.8669],[130.5797,31.8638],[130.5746,31.8572],[130.5727,31.8579],[130.5668,31.8564],[130.5634,31.857],[130.5614,31.8592],[130.5579,31.8561],[130.5545,31.8563],[130.5534,31.8545],[130.5446,31.8492],[130.5431,31.8447],[130.5394,31.8449],[130.534,31.8398],[130.5333,31.8382],[130.5351,31.8337],[130.5308,31.832],[130.5282,31.8297],[130.5245,31.8313],[130.5227,31.8269],[130.52,31.8248],[130.5205,31.821],[130.5221,31.8188],[130.5201,31.8148],[130.5214,31.8126],[130.5185,31.8095],[130.5148,31.8089],[130.5186,31.8048],[130.5176,31.8023],[130.5184,31.7999],[130.5149,31.7966],[130.5125,31.797],[130.5015,31.7914],[130.5022,31.7894],[130.5012,31.7878],[130.5034,31.7849],[130.5019,31.7831],[130.5025,31.7798],[130.5045,31.7769],[130.5023,31.7738],[130.5062,31.7707],[130.5025,31.7638],[130.5031,31.7605],[130.5018,31.7589],[130.4967,31.7577],[130.4872,31.7488],[130.4833,31.7481],[130.4807,31.7425],[130.4809,31.7394],[130.4726,31.7335],[130.4736,31.73],[130.4694,31.7293],[130.4673,31.7312],[130.464,31.7311],[130.4642,31.7329],[130.4623,31.7346],[130.4548,31.7365],[130.4483,31.7344],[130.4453,31.7321],[130.437,31.733],[130.4329,31.7324],[130.4315,31.7304],[130.4297,31.7306],[130.4281,31.727],[130.425,31.7258],[130.4206,31.7189],[130.415,31.7182],[130.4145,31.7165],[130.4133,31.7169],[130.4131,31.7182],[130.4151,31.724],[130.4146,31.7266],[130.4127,31.7281],[130.4113,31.7321],[130.4094,31.7325],[130.4071,31.7313],[130.4051,31.7281],[130.4025,31.7316],[130.3966,31.7339],[130.3898,31.7336],[130.378,31.7307],[130.3779,31.732],[130.3794,31.7334],[130.3791,31.7347],[130.3781,31.7346],[130.3787,31.7381],[130.3767,31.7381],[130.3777,31.7401],[130.3743,31.7402],[130.3738,31.742],[130.3682,31.7431],[130.3623,31.7427],[130.362,31.7454],[130.3584,31.7518],[130.3589,31.7556],[130.3562,31.7558],[130.3557,31.7573],[130.351,31.7579],[130.3483,31.7552],[130.3343,31.7496],[130.3241,31.7486],[130.3181,31.7513],[130.3157,31.7589],[130.3137,31.7593],[130.3135,31.762],[130.312,31.7637],[130.3037,31.7633],[130.3017,31.7616],[130.2974,31.761],[130.2944,31.7573],[130.2912,31.7576],[130.2838,31.7554],[130.2827,31.7584],[130.2737,31.7605],[130.2683,31.7652],[130.2648,31.7651],[130.2599,31.7672],[130.2518,31.7769],[130.247,31.7775],[130.244,31.7762],[130.2399,31.7774],[130.239,31.7832],[130.2355,31.7878],[130.232,31.7861],[130.2283,31.7863],[130.2274,31.7853],[130.2214,31.7879],[130.2146,31.7857],[130.2054,31.7907],[130.1979,31.7904],[130.1917,31.7872],[130.1923,31.784],[130.1882,31.7805],[130.184,31.7804],[130.1799,31.7787],[130.1787,31.7808],[130.1736,31.7801],[130.1743,31.783],[130.1718,31.7844],[130.1704,31.7884],[130.1692,31.7887],[130.1687,31.7906],[130.1668,31.7915],[130.1675,31.7923],[130.1661,31.7944],[130.1704,31.797],[130.1704,31.7997],[130.1731,31.8005],[130.1725,31.8031],[130.1744,31.8077],[130.1731,31.8113],[130.1749,31.8137],[130.1731,31.8147],[130.1741,31.8157],[130.1741,31.8163],[130.1737,31.8167],[130.1772,31.8187],[130.1801,31.8182],[130.1814,31.8206],[130.1801,31.8212],[130.1813,31.8209],[130.1831,31.8235],[130.1865,31.8312],[130.1816,31.8327],[130.1812,31.8333],[130.1858,31.832],[130.1875,31.8364],[130.1862,31.8371],[130.1796,31.8342],[130.1861,31.8374],[130.1887,31.8367],[130.1922,31.8422],[130.192,31.8435],[130.1902,31.8436],[130.1933,31.8437],[130.1944,31.8431],[130.1953,31.8439],[130.1976,31.8504],[130.1823,31.8552],[130.1976,31.8506],[130.1988,31.8536],[130.1956,31.8549],[130.1965,31.8559],[130.196,31.8574],[130.192,31.8586],[130.1927,31.8603],[130.1971,31.8591],[130.1981,31.8617],[130.1986,31.8639],[130.1964,31.8645],[130.1951,31.8668],[130.2019,31.8649],[130.202,31.8641],[130.2022,31.865],[130.2011,31.8665],[130.2019,31.8677],[130.2012,31.8703],[130.2034,31.8712],[130.2024,31.8702],[130.203,31.8682],[130.2043,31.8688],[130.2034,31.8705],[130.2044,31.8694],[130.207,31.8694],[130.2095,31.8715],[130.2126,31.8766],[130.2148,31.8815],[130.2138,31.8826],[130.2156,31.8833],[130.2174,31.8877],[130.2159,31.8888],[130.2169,31.8893],[130.2159,31.8906],[130.2168,31.8917],[130.2163,31.8941],[130.2185,31.8936],[130.2181,31.8954],[130.2197,31.8942],[130.2212,31.8956],[130.2236,31.9053],[130.2228,31.9063],[130.224,31.9069],[130.2231,31.9077],[130.2241,31.9085],[130.2239,31.9088],[130.2233,31.9085],[130.224,31.9091],[130.2242,31.9103],[130.2239,31.9117],[130.2206,31.9124],[130.2229,31.9131],[130.2219,31.9142],[130.2203,31.914],[130.2201,31.916],[130.2186,31.9163],[130.2203,31.9186],[130.2195,31.9222],[130.2204,31.924],[130.2199,31.9255],[130.2206,31.9263],[130.22,31.9286],[130.2267,31.9282],[130.2317,31.9322],[130.2344,31.9327],[130.2384,31.9316],[130.2417,31.9335],[130.2474,31.9317],[130.2481,31.9327],[130.2546,31.9296],[130.2629,31.9282],[130.2643,31.9312],[130.2642,31.934],[130.267,31.9345],[130.2682,31.9374],[130.2653,31.9385],[130.2661,31.9393],[130.2653,31.9411],[130.2687,31.9457],[130.2691,31.9503],[130.2651,31.9619],[130.2651,31.964],[130.2669,31.9669],[130.268,31.9674],[130.2691,31.9654],[130.2725,31.9657],[130.2731,31.963],[130.2783,31.959],[130.2805,31.9594],[130.2868,31.9516],[130.2887,31.953],[130.2962,31.9523],[130.3013,31.9588],[130.3027,31.967],[130.307,31.9689],[130.3113,31.9732],[130.3123,31.9773],[130.3154,31.9784],[130.319,31.9775],[130.3226,31.9735],[130.3258,31.9739]]],[[[130.0485,31.8525],[130.0485,31.8527],[130.0487,31.8526],[130.0485,31.8525]]],[[[130.0493,31.8529],[130.0489,31.8524],[130.0488,31.8525],[130.0493,31.8529]]],[[[130.1833,31.8598],[130.1779,31.8576],[130.1846,31.8603],[130.1833,31.8598]]],[[[129.9748,31.8615],[129.9749,31.8616],[129.9749,31.8614],[129.9748,31.8615]]],[[[129.9735,31.8615],[129.9735,31.8617],[129.9736,31.8617],[129.9735,31.8615]]],[[[129.9735,31.8619],[129.9734,31.8616],[129.9731,31.8617],[129.9735,31.8619]]],[[[129.974,31.8618],[129.9741,31.8617],[129.974,31.8617],[129.974,31.8618]]],[[[129.9737,31.862],[129.9738,31.8619],[129.9737,31.8619],[129.9737,31.862]]],[[[129.9747,31.8634],[129.9761,31.8624],[129.9785,31.8626],[129.9761,31.8607],[129.976,31.8622],[129.9744,31.862],[129.9747,31.8634]]],[[[129.9725,31.8623],[129.9726,31.8624],[129.9727,31.8623],[129.9725,31.8623]]],[[[129.9839,31.8638],[129.9841,31.8636],[129.9837,31.8636],[129.9839,31.8638]]],[[[130.1866,31.857],[130.188,31.8586],[130.1936,31.8708],[130.1881,31.8584],[130.1866,31.857]]],[[[129.9829,31.8649],[129.9832,31.8643],[129.9825,31.864],[129.9829,31.8649]]],[[[129.9825,31.8645],[129.9826,31.8644],[129.9825,31.8644],[129.9825,31.8645]]],[[[129.9842,31.8654],[129.9844,31.8641],[129.9831,31.8638],[129.9842,31.8654]]],[[[130.2013,31.8661],[130.2013,31.866],[130.2012,31.8661],[130.2013,31.8661]]],[[[130.2016,31.8681],[130.2015,31.868],[130.2015,31.8681],[130.2016,31.8681]]],[[[130.2015,31.8684],[130.2014,31.8684],[130.2015,31.8685],[130.2015,31.8684]]],[[[130.2007,31.8691],[130.2007,31.869],[130.2007,31.869],[130.2007,31.8691]]],[[[130.1988,31.8706],[130.1986,31.8708],[130.1989,31.8707],[130.1988,31.8706]]],[[[130.1991,31.8707],[130.199,31.8709],[130.1992,31.8708],[130.1991,31.8707]]],[[[130.2007,31.8709],[130.2007,31.8712],[130.2009,31.8711],[130.2007,31.8709]]],[[[130.2006,31.8715],[130.2008,31.8714],[130.2006,31.8714],[130.2006,31.8715]]],[[[130.0012,31.8785],[130.0012,31.8784],[130.0012,31.8785],[130.0012,31.8785]]],[[[130.001,31.8784],[130.0008,31.8786],[130.0009,31.8786],[130.001,31.8784]]],[[[130.0013,31.8791],[130.001,31.8787],[130.0009,31.8792],[130.0013,31.8791]]],[[[130.0008,31.8788],[130.0003,31.8791],[130.0004,31.8794],[130.0008,31.8788]]],[[[130.2157,31.884],[130.2156,31.8839],[130.2156,31.884],[130.2157,31.884]]],[[[130.2139,31.8902],[130.214,31.8903],[130.214,31.8902],[130.2139,31.8902]]],[[[130.2142,31.8906],[130.2142,31.8904],[130.2141,31.8904],[130.2142,31.8906]]],[[[130.2142,31.8907],[130.2143,31.8907],[130.2141,31.8906],[130.2142,31.8907]]],[[[130.2135,31.891],[130.2135,31.8909],[130.2134,31.8909],[130.2135,31.891]]],[[[130.2143,31.8916],[130.2141,31.8906],[130.2135,31.8908],[130.2143,31.8916]]],[[[130.2212,31.8976],[130.221,31.8974],[130.221,31.8976],[130.2212,31.8976]]],[[[130.2208,31.8978],[130.2209,31.8977],[130.2207,31.8977],[130.2208,31.8978]]],[[[130.2212,31.8997],[130.2212,31.8996],[130.2211,31.8996],[130.2212,31.8997]]],[[[130.2223,31.904],[130.2224,31.9038],[130.2223,31.9038],[130.2223,31.904]]],[[[130.2226,31.9043],[130.2225,31.9044],[130.2226,31.9044],[130.2226,31.9043]]],[[[130.2228,31.9063],[130.2226,31.9064],[130.2229,31.9067],[130.2228,31.9063]]],[[[130.2235,31.9085],[130.2236,31.9085],[130.2235,31.9084],[130.2235,31.9085]]],[[[130.2234,31.9089],[130.2236,31.9089],[130.2234,31.9088],[130.2234,31.9089]]],[[[130.2237,31.9092],[130.2233,31.9095],[130.2235,31.9097],[130.2237,31.9092]]],[[[130.2228,31.9094],[130.2227,31.9093],[130.2228,31.9094],[130.2228,31.9094]]],[[[130.2227,31.9098],[130.2227,31.9097],[130.2226,31.9097],[130.2227,31.9098]]],[[[130.2231,31.9104],[130.2232,31.9103],[130.2231,31.9103],[130.2231,31.9104]]],[[[130.2233,31.9105],[130.2234,31.9104],[130.2233,31.9104],[130.2233,31.9105]]],[[[130.2194,31.9127],[130.2194,31.9133],[130.2196,31.9133],[130.2194,31.9127]]],[[[130.2199,31.9192],[130.22,31.9195],[130.22,31.9195],[130.2199,31.9192]]],[[[130.2199,31.926],[130.2199,31.9258],[130.2197,31.9258],[130.2199,31.926]]],[[[130.2202,31.9267],[130.2204,31.9268],[130.2204,31.9267],[130.2202,31.9267]]]]}},{"type":"Feature","properties":{"code":"46216","name":"日置市","pref_code":"46","pref":"鹿児島県"},"geometry":{"type":"MultiPolygon","coordinates":[[[[130.2291,31.5497],[130.2284,31.5504],[130.2288,31.5509],[130.2291,31.5497]]],[[[130.3974,31.7336],[130.4025,31.7316],[130.4051,31.7281],[130.4071,31.7313],[130.4094,31.7325],[130.4113,31.7321],[130.4151,31.7243],[130.4132,31.7204],[130.4128,31.7151],[130.4142,31.7137],[130.4139,31.7124],[130.4201,31.7106],[130.4194,31.7038],[130.4206,31.7021],[130.4204,31.6993],[130.4231,31.7002],[130.426,31.6986],[130.4278,31.6996],[130.4351,31.6967],[130.4362,31.6939],[130.4357,31.6911],[130.4373,31.6853],[130.4373,31.6806],[130.4391,31.6804],[130.4427,31.6826],[130.4414,31.6788],[130.4428,31.6737],[130.4424,31.6701],[130.4394,31.663],[130.441,31.6614],[130.44,31.6595],[130.4419,31.6581],[130.4423,31.6552],[130.4446,31.6554],[130.4468,31.6588],[130.4514,31.6551],[130.4586,31.6547],[130.4609,31.6532],[130.4604,31.6504],[130.4642,31.6458],[130.4652,31.6397],[130.471,31.6362],[130.4675,31.6272],[130.4601,31.6307],[130.4522,31.6291],[130.4375,31.6307],[130.436,31.6256],[130.428,31.6254],[130.4284,31.6233],[130.4243,31.623],[130.4227,31.6216],[130.4207,31.6164],[130.4261,31.6125],[130.4264,31.6109],[130.4303,31.6091],[130.4298,31.6074],[130.4277,31.6086],[130.4273,31.6071],[130.4262,31.6074],[130.4279,31.6069],[130.4281,31.6052],[130.4246,31.6061],[130.4246,31.6022],[130.4214,31.6013],[130.4199,31.6021],[130.4178,31.5999],[130.415,31.5998],[130.4148,31.596],[130.4133,31.594],[130.4122,31.5956],[130.4099,31.5955],[130.4086,31.5975],[130.406,31.5963],[130.4018,31.597],[130.3997,31.5936],[130.3965,31.5917],[130.3964,31.5901],[130.3893,31.585],[130.3879,31.5823],[130.3904,31.5806],[130.3867,31.58],[130.3896,31.5784],[130.3922,31.5737],[130.3989,31.5679],[130.4024,31.5669],[130.4037,31.5646],[130.4113,31.5648],[130.4126,31.5629],[130.412,31.5589],[130.4156,31.5598],[130.4178,31.5584],[130.4201,31.5551],[130.419,31.5533],[130.4203,31.5514],[130.4189,31.5481],[130.4215,31.5466],[130.4241,31.5466],[130.425,31.5423],[130.4272,31.5423],[130.4284,31.539],[130.4338,31.5381],[130.4349,31.5389],[130.4474,31.5306],[130.4469,31.5277],[130.4483,31.5264],[130.4463,31.5235],[130.4468,31.5199],[130.4494,31.5174],[130.4468,31.5149],[130.4462,31.5126],[130.4482,31.5115],[130.4475,31.5084],[130.4375,31.5003],[130.4371,31.4984],[130.4329,31.497],[130.4335,31.4937],[130.4349,31.4933],[130.4333,31.4907],[130.4235,31.4905],[130.4208,31.4887],[130.4189,31.4893],[130.4112,31.4868],[130.4076,31.4825],[130.4056,31.4824],[130.4001,31.4782],[130.396,31.4767],[130.3856,31.4751],[130.3851,31.4764],[130.3828,31.4772],[130.3781,31.4757],[130.3732,31.4785],[130.3608,31.4798],[130.3571,31.4759],[130.3517,31.478],[130.3459,31.4834],[130.3478,31.4857],[130.3434,31.4859],[130.342,31.4846],[130.3374,31.4863],[130.3221,31.4858],[130.3194,31.4893],[130.313,31.4908],[130.3192,31.5041],[130.318,31.5047],[130.3196,31.5049],[130.3265,31.5257],[130.3321,31.5516],[130.335,31.579],[130.3342,31.6009],[130.3292,31.629],[130.3243,31.6435],[130.323,31.6447],[130.3205,31.6446],[130.3215,31.6461],[130.3205,31.6477],[130.319,31.6479],[130.3212,31.6494],[130.3206,31.6511],[130.3172,31.6506],[130.3142,31.6527],[130.3204,31.6512],[130.3193,31.6531],[130.318,31.6524],[130.3176,31.6538],[130.3188,31.6539],[130.3184,31.6547],[130.3175,31.654],[130.3167,31.656],[130.3155,31.6555],[130.3165,31.6539],[130.3163,31.6528],[130.3161,31.6543],[130.3147,31.6532],[130.3161,31.6544],[130.3149,31.6563],[130.3169,31.6574],[130.3175,31.658],[130.316,31.6576],[130.3166,31.6606],[130.3154,31.6627],[130.3187,31.6628],[130.3242,31.6684],[130.3228,31.6691],[130.3225,31.6718],[130.3248,31.676],[130.3235,31.676],[130.3228,31.679],[130.3253,31.6798],[130.331,31.6854],[130.3312,31.6869],[130.3286,31.6891],[130.328,31.6919],[130.33,31.6972],[130.3345,31.6968],[130.3482,31.6989],[130.3499,31.6994],[130.3505,31.701],[130.3562,31.7028],[130.3618,31.7017],[130.3635,31.7032],[130.3758,31.7074],[130.3782,31.71],[130.3777,31.7114],[130.3788,31.7135],[130.3769,31.7219],[130.3785,31.7239],[130.378,31.7307],[130.3913,31.7339],[130.3974,31.7336]]],[[[130.3132,31.6538],[130.313,31.6522],[130.313,31.6538],[130.3132,31.6538]]],[[[130.3157,31.6572],[130.3156,31.6574],[130.3157,31.6573],[130.3157,31.6572]]],[[[130.3156,31.6574],[130.3155,31.6576],[130.3156,31.6576],[130.3156,31.6574]]]]}},{"type":"Feature","properties":{"code":"46218","name":"霧島市","pref_code":"46","pref":"鹿児島県"},"geometry":{"type":"MultiPolygon","coordinates":[[[[130.7126,31.702],[130.7156,31.7014],[130.7159,31.7009],[130.7133,31.6992],[130.7118,31.7006],[130.7126,31.702]]],[[[130.7177,31.7007],[130.7176,31.7008],[130.7177,31.7008],[130.7177,31.7007]]],[[[130.7183,31.7008],[130.7182,31.7008],[130.7183,31.7009],[130.7183,31.7008]]],[[[130.7183,31.7008],[130.7183,31.7009],[130.7184,31.7009],[130.7183,31.7008]]],[[[130.7187,31.7054],[130.7193,31.7018],[130.7196,31.7017],[130.7179,31.7008],[130.7173,31.703],[130.7187,31.7054]]],[[[130.7209,31.7059],[130.7208,31.7057],[130.7208,31.7057],[130.7209,31.7059]]],[[[130.7216,31.712],[130.7235,31.7103],[130.7189,31.7057],[130.719,31.7107],[130.7216,31.712]]],[[[130.6952,31.7287],[130.6958,31.7284],[130.697,31.7283],[130.6959,31.7283],[130.6952,31.7287]]],[[[130.8414,31.9428],[130.8448,31.9398],[130.8572,31.9382],[130.8596,31.9346],[130.8656,31.9339],[130.8693,31.9303],[130.8697,31.9279],[130.8727,31.928],[130.8781,31.9222],[130.8824,31.9211],[130.8828,31.9151],[130.887,31.9122],[130.8864,31.9091],[130.888,31.9057],[130.8921,31.9015],[130.8929,31.8998],[130.8915,31.8985],[130.8954,31.8937],[130.8977,31.8885],[130.897,31.8878],[130.9008,31.8858],[130.9103,31.8878],[130.9141,31.8856],[130.9111,31.8833],[130.9068,31.8853],[130.904,31.8852],[130.8947,31.8782],[130.8923,31.8689],[130.8878,31.8615],[130.8886,31.856],[130.8879,31.8529],[130.8894,31.8513],[130.8884,31.8485],[130.8844,31.8455],[130.8762,31.8442],[130.875,31.8427],[130.8791,31.8394],[130.8788,31.8368],[130.8815,31.8341],[130.882,31.8317],[130.8817,31.8295],[130.8777,31.8283],[130.8768,31.8158],[130.88,31.815],[130.8816,31.8132],[130.8823,31.8081],[130.8845,31.8054],[130.8813,31.8028],[130.8801,31.7991],[130.882,31.7961],[130.8754,31.7881],[130.8754,31.7865],[130.879,31.7842],[130.8775,31.7807],[130.8795,31.7811],[130.8796,31.7759],[130.8785,31.7725],[130.8745,31.7692],[130.8787,31.7669],[130.8872,31.7653],[130.8876,31.7605],[130.889,31.7587],[130.8949,31.7569],[130.8961,31.7552],[130.8971,31.7559],[130.901,31.7522],[130.8955,31.75],[130.8929,31.7474],[130.89,31.7426],[130.8902,31.7393],[130.8874,31.7355],[130.8947,31.7309],[130.8988,31.7304],[130.9002,31.7262],[130.8988,31.7233],[130.8977,31.7145],[130.9001,31.7057],[130.8985,31.6984],[130.9008,31.697],[130.9047,31.6915],[130.9046,31.6828],[130.9034,31.6794],[130.9052,31.6768],[130.9046,31.6734],[130.9112,31.6669],[130.9095,31.6618],[130.9057,31.6617],[130.9027,31.6602],[130.9007,31.6616],[130.8958,31.6616],[130.8776,31.6659],[130.8688,31.6656],[130.8657,31.652],[130.8681,31.6512],[130.8677,31.6491],[130.8702,31.6471],[130.8712,31.6479],[130.8729,31.6461],[130.8753,31.6476],[130.8786,31.6464],[130.8764,31.6441],[130.8779,31.6432],[130.8776,31.6411],[130.8805,31.6408],[130.8835,31.6369],[130.8833,31.6344],[130.8819,31.6337],[130.8834,31.6315],[130.8819,31.6284],[130.8833,31.6222],[130.8808,31.621],[130.8696,31.6241],[130.8672,31.6212],[130.8644,31.621],[130.8621,31.6234],[130.8623,31.6255],[130.8603,31.6272],[130.8615,31.6243],[130.8539,31.6153],[130.8515,31.6157],[130.8471,31.6131],[130.8475,31.609],[130.8356,31.6076],[130.8323,31.6062],[130.8261,31.6065],[130.8234,31.6048],[130.8216,31.608],[130.813,31.6088],[130.8139,31.6114],[130.811,31.6118],[130.8122,31.6145],[130.8092,31.6163],[130.809,31.6181],[130.8158,31.6187],[130.8144,31.6264],[130.8064,31.6306],[130.8011,31.6319],[130.8044,31.6345],[130.8089,31.6408],[130.8184,31.645],[130.8193,31.648],[130.8217,31.6503],[130.8227,31.6542],[130.8231,31.66],[130.8199,31.665],[130.8175,31.6744],[130.8169,31.6752],[130.8176,31.6724],[130.8153,31.6769],[130.8135,31.6774],[130.8115,31.6834],[130.803,31.6886],[130.797,31.6882],[130.7964,31.6902],[130.8001,31.6954],[130.7966,31.7008],[130.7927,31.703],[130.7919,31.7017],[130.792,31.703],[130.7909,31.7031],[130.7915,31.7013],[130.7905,31.703],[130.7859,31.7032],[130.7843,31.7045],[130.7839,31.7036],[130.7833,31.7037],[130.7814,31.7021],[130.7804,31.7018],[130.7808,31.7025],[130.7787,31.7037],[130.7759,31.7031],[130.7746,31.7046],[130.7754,31.7054],[130.7742,31.705],[130.7743,31.7043],[130.7695,31.7055],[130.7669,31.708],[130.7662,31.7071],[130.7538,31.7062],[130.7494,31.7088],[130.7462,31.7085],[130.7389,31.7102],[130.738,31.7069],[130.7341,31.7075],[130.7297,31.7107],[130.7289,31.7145],[130.7277,31.7144],[130.7274,31.7147],[130.7268,31.716],[130.7286,31.7147],[130.7281,31.7168],[130.7274,31.7162],[130.7309,31.7236],[130.7298,31.7248],[130.7301,31.7232],[130.7279,31.719],[130.7253,31.7175],[130.7198,31.7205],[130.7162,31.7255],[130.7173,31.7279],[130.7058,31.7253],[130.6981,31.7287],[130.6951,31.7289],[130.6929,31.7332],[130.686,31.735],[130.6766,31.7304],[130.6762,31.7291],[130.6722,31.7279],[130.6756,31.7327],[130.6784,31.734],[130.6785,31.7357],[130.6802,31.736],[130.6824,31.745],[130.6857,31.7481],[130.686,31.7516],[130.6896,31.7545],[130.6929,31.7507],[130.6955,31.7508],[130.6973,31.749],[130.7001,31.7494],[130.7009,31.7484],[130.7019,31.7502],[130.7012,31.7508],[130.7042,31.7519],[130.7066,31.7547],[130.7085,31.7546],[130.7095,31.7561],[130.712,31.754],[130.7122,31.7522],[130.7104,31.7501],[130.7127,31.749],[130.7157,31.7518],[130.7152,31.7542],[130.7182,31.7572],[130.7232,31.7592],[130.7158,31.7617],[130.7135,31.7612],[130.7131,31.7601],[130.7064,31.7633],[130.7013,31.7627],[130.6975,31.7591],[130.6957,31.7595],[130.6943,31.7626],[130.6886,31.7628],[130.6936,31.7634],[130.6928,31.7637],[130.6942,31.7644],[130.6959,31.7684],[130.6994,31.7704],[130.7011,31.7742],[130.7001,31.7746],[130.6937,31.7713],[130.6934,31.7737],[130.6911,31.7743],[130.6923,31.7781],[130.6952,31.7795],[130.6932,31.7832],[130.6962,31.7876],[130.6962,31.7897],[130.6978,31.7908],[130.6964,31.7935],[130.6885,31.7945],[130.6841,31.7932],[130.6831,31.7941],[130.6841,31.7966],[130.6835,31.7987],[130.6805,31.7998],[130.6767,31.7991],[130.6676,31.8013],[130.666,31.8005],[130.6621,31.803],[130.6568,31.8024],[130.6552,31.8065],[130.6527,31.8068],[130.6523,31.8083],[130.6509,31.8087],[130.6508,31.8117],[130.6464,31.8181],[130.6415,31.8192],[130.6406,31.8221],[130.6365,31.824],[130.6375,31.8251],[130.636,31.8339],[130.6368,31.837],[130.6363,31.84],[130.6348,31.8402],[130.6341,31.8422],[130.6357,31.8461],[130.6329,31.8486],[130.6332,31.8538],[130.6268,31.8605],[130.6261,31.8657],[130.625,31.8661],[130.623,31.8648],[130.6195,31.8669],[130.614,31.8666],[130.6061,31.8747],[130.6063,31.8781],[130.5984,31.8785],[130.5924,31.8771],[130.5895,31.8799],[130.5934,31.8794],[130.5963,31.8831],[130.6024,31.8877],[130.6069,31.8883],[130.6102,31.8872],[130.6193,31.8895],[130.6195,31.8911],[130.6157,31.8922],[130.6154,31.8937],[130.6077,31.8998],[130.6134,31.9032],[130.6171,31.9105],[130.6169,31.912],[130.6193,31.9137],[130.6186,31.9162],[130.62,31.9199],[130.6222,31.9215],[130.6268,31.9219],[130.6294,31.9202],[130.6329,31.92],[130.6371,31.926],[130.6454,31.9202],[130.6491,31.9207],[130.6514,31.9224],[130.6527,31.9217],[130.6582,31.9232],[130.6609,31.9221],[130.6611,31.9196],[130.67,31.9223],[130.6761,31.9274],[130.6859,31.9236],[130.6883,31.9233],[130.6909,31.9247],[130.6918,31.9226],[130.6955,31.9206],[130.6983,31.9208],[130.7013,31.916],[130.7052,31.9145],[130.7109,31.9154],[130.7144,31.9137],[130.714,31.9121],[130.716,31.9119],[130.7188,31.9083],[130.724,31.9103],[130.7258,31.9079],[130.7255,31.9044],[130.729,31.9035],[130.7311,31.9057],[130.731,31.9083],[130.7349,31.9082],[130.7362,31.911],[130.7388,31.9113],[130.7433,31.9099],[130.7526,31.9114],[130.7568,31.9153],[130.759,31.9145],[130.7635,31.9175],[130.7701,31.9196],[130.7748,31.9242],[130.779,31.9262],[130.7816,31.9296],[130.7914,31.9305],[130.8037,31.9368],[130.8094,31.9371],[130.8128,31.9385],[130.8165,31.9412],[130.832,31.9415],[130.8334,31.9424],[130.8377,31.9417],[130.8414,31.9428]]]]}},{"type":"Feature","properties":{"code":"46219","name":"いちき串木野市","pref_code":"46","pref":"鹿児島県"},"geometry":{"type":"MultiPolygon","coordinates":[[[[130.1803,31.7393],[130.1781,31.7382],[130.1777,31.74],[130.1797,31.7416],[130.1803,31.7393]]],[[[130.1902,31.7464],[130.1901,31.7463],[130.1901,31.7464],[130.1902,31.7464]]],[[[130.1915,31.7463],[130.1915,31.7464],[130.1915,31.7466],[130.1915,31.7463]]],[[[130.1921,31.7465],[130.192,31.7464],[130.1919,31.7465],[130.1921,31.7465]]],[[[130.1891,31.7467],[130.1891,31.7468],[130.1892,31.7467],[130.1891,31.7467]]],[[[130.1887,31.7472],[130.1888,31.7472],[130.1888,31.7472],[130.1887,31.7472]]],[[[130.1928,31.7473],[130.1928,31.7473],[130.1928,31.7473],[130.1928,31.7473]]],[[[130.193,31.7473],[130.1929,31.7473],[130.1929,31.7473],[130.193,31.7473]]],[[[130.1934,31.7474],[130.1933,31.7472],[130.1933,31.7473],[130.1934,31.7474]]],[[[130.1931,31.7474],[130.193,31.7475],[130.1931,31.7474],[130.1931,31.7474]]],[[[130.1888,31.7476],[130.1887,31.7475],[130.1888,31.7476],[130.1888,31.7476]]],[[[130.2182,31.7508],[130.2183,31.7508],[130.2183,31.7508],[130.2182,31.7508]]],[[[130.1862,31.7509],[130.1861,31.7509],[130.186,31.7509],[130.1862,31.7509]]],[[[130.1856,31.7515],[130.186,31.7516],[130.1856,31.7515],[130.1856,31.7515]]],[[[130.2158,31.7524],[130.2157,31.7522],[130.2155,31.7524],[130.2158,31.7524]]],[[[130.2154,31.7523],[130.2154,31.7523],[130.2153,31.7523],[130.2154,31.7523]]],[[[130.202,31.7526],[130.2028,31.7525],[130.2028,31.7523],[130.202,31.7526]]],[[[130.2167,31.7525],[130.2168,31.7526],[130.2168,31.7526],[130.2167,31.7525]]],[[[130.215,31.7528],[130.2151,31.7528],[130.2149,31.7527],[130.215,31.7528]]],[[[130.2149,31.7529],[130.2148,31.7529],[130.2149,31.7529],[130.2149,31.7529]]],[[[130.2144,31.753],[130.2144,31.753],[130.2143,31.753],[130.2144,31.753]]],[[[130.214,31.7531],[130.2139,31.7531],[130.2139,31.7531],[130.214,31.7531]]],[[[130.2133,31.7535],[130.2133,31.7535],[130.2134,31.7535],[130.2133,31.7535]]],[[[130.2137,31.7536],[130.2137,31.7536],[130.2137,31.7536],[130.2137,31.7536]]],[[[130.2136,31.7536],[130.2136,31.7536],[130.2136,31.7536],[130.2136,31.7536]]],[[[130.2019,31.7538],[130.2018,31.7539],[130.2019,31.754],[130.2019,31.7538]]],[[[130.2021,31.7539],[130.202,31.754],[130.202,31.754],[130.2021,31.7539]]],[[[130.2032,31.7542],[130.2033,31.7544],[130.2033,31.7542],[130.2032,31.7542]]],[[[130.2039,31.7544],[130.2038,31.7545],[130.2039,31.7545],[130.2039,31.7544]]],[[[130.203,31.7543],[130.2029,31.7547],[130.2032,31.7545],[130.203,31.7543]]],[[[130.2022,31.7546],[130.2022,31.7546],[130.2021,31.7545],[130.2022,31.7546]]],[[[130.2042,31.7544],[130.2046,31.7548],[130.2046,31.7547],[130.2042,31.7544]]],[[[130.2014,31.7547],[130.2013,31.7547],[130.2012,31.7547],[130.2014,31.7547]]],[[[130.2116,31.7552],[130.2116,31.7553],[130.2117,31.7553],[130.2116,31.7552]]],[[[130.2102,31.7557],[130.2102,31.7558],[130.2103,31.7557],[130.2102,31.7557]]],[[[130.2104,31.7558],[130.2103,31.7558],[130.2103,31.7558],[130.2104,31.7558]]],[[[130.1868,31.7586],[130.1869,31.7587],[130.1869,31.7584],[130.1868,31.7586]]],[[[130.186,31.7643],[130.1858,31.7643],[130.186,31.7644],[130.186,31.7643]]],[[[130.1845,31.7652],[130.1843,31.7652],[130.1844,31.7654],[130.1845,31.7652]]],[[[130.1849,31.7654],[130.1848,31.7654],[130.1848,31.7655],[130.1849,31.7654]]],[[[130.1847,31.7678],[130.1846,31.7678],[130.1848,31.768],[130.1847,31.7678]]],[[[130.1849,31.7694],[130.1851,31.7694],[130.1849,31.7693],[130.1849,31.7694]]],[[[130.1849,31.7699],[130.1847,31.77],[130.1849,31.7701],[130.1849,31.7699]]],[[[130.1832,31.7724],[130.183,31.7725],[130.1831,31.7725],[130.1832,31.7724]]],[[[130.1829,31.7725],[130.1828,31.7725],[130.1829,31.7726],[130.1829,31.7725]]],[[[130.1813,31.7732],[130.1814,31.7731],[130.1812,31.773],[130.1813,31.7732]]],[[[130.181,31.7732],[130.181,31.7733],[130.1812,31.7732],[130.181,31.7732]]],[[[130.1808,31.7741],[130.1809,31.7742],[130.1809,31.774],[130.1808,31.7741]]],[[[130.1795,31.7774],[130.1795,31.7774],[130.1795,31.7773],[130.1795,31.7774]]],[[[130.1793,31.7775],[130.1792,31.7774],[130.1792,31.7775],[130.1793,31.7775]]],[[[130.1795,31.7776],[130.1794,31.7776],[130.1795,31.7777],[130.1795,31.7776]]],[[[130.2573,31.7074],[130.2573,31.7074],[130.2574,31.7074],[130.2573,31.7074]]],[[[130.2561,31.7076],[130.2561,31.7076],[130.2561,31.7075],[130.2561,31.7076]]],[[[130.2572,31.7078],[130.2573,31.7078],[130.2572,31.7077],[130.2572,31.7078]]],[[[130.2572,31.7079],[130.2571,31.7079],[130.2572,31.708],[130.2572,31.7079]]],[[[130.2552,31.7176],[130.2562,31.7178],[130.2561,31.7176],[130.2552,31.7176]]],[[[130.2445,31.7252],[130.2414,31.727],[130.2447,31.7253],[130.2479,31.7196],[130.2477,31.7178],[130.2484,31.7167],[130.2481,31.7165],[130.2475,31.7177],[130.2477,31.7196],[130.2445,31.7252]]],[[[130.2492,31.7276],[130.2492,31.7276],[130.2481,31.7271],[130.2469,31.7266],[130.2492,31.7276]]],[[[130.2473,31.7309],[130.2473,31.7309],[130.2474,31.7308],[130.2473,31.7309]]],[[[130.247,31.7312],[130.2469,31.7312],[130.247,31.7312],[130.247,31.7312]]],[[[130.2475,31.7313],[130.2476,31.7313],[130.2475,31.7312],[130.2475,31.7313]]],[[[130.2459,31.7318],[130.246,31.7319],[130.2461,31.7318],[130.2459,31.7318]]],[[[130.2469,31.732],[130.2469,31.732],[130.247,31.7319],[130.2469,31.732]]],[[[130.2459,31.7324],[130.246,31.7324],[130.246,31.7323],[130.2459,31.7324]]],[[[130.2411,31.7328],[130.2411,31.7327],[130.241,31.7326],[130.2411,31.7328]]],[[[130.2418,31.7329],[130.2419,31.733],[130.2419,31.7329],[130.2418,31.7329]]],[[[130.2418,31.733],[130.2419,31.7331],[130.242,31.733],[130.2418,31.733]]],[[[130.2422,31.7332],[130.2423,31.7333],[130.2423,31.7332],[130.2422,31.7332]]],[[[130.2415,31.7333],[130.2415,31.7334],[130.2415,31.7334],[130.2415,31.7333]]],[[[130.2354,31.7372],[130.2354,31.7372],[130.2353,31.7372],[130.2354,31.7372]]],[[[130.2353,31.7375],[130.2351,31.7375],[130.2353,31.7377],[130.2353,31.7375]]],[[[130.2292,31.74],[130.2291,31.7401],[130.2292,31.7401],[130.2292,31.74]]],[[[130.2283,31.7415],[130.2284,31.7415],[130.2285,31.7415],[130.2283,31.7415]]],[[[130.2274,31.7434],[130.2274,31.7434],[130.2274,31.7434],[130.2274,31.7434]]],[[[130.2277,31.7435],[130.2277,31.7434],[130.2275,31.7435],[130.2277,31.7435]]],[[[130.227,31.7443],[130.2268,31.7442],[130.2268,31.7445],[130.227,31.7443]]],[[[130.2211,31.7476],[130.2212,31.7478],[130.2213,31.7476],[130.2211,31.7476]]],[[[130.2213,31.7478],[130.2214,31.7478],[130.2214,31.7478],[130.2213,31.7478]]],[[[130.2212,31.7478],[130.2212,31.7479],[130.2213,31.7478],[130.2212,31.7478]]],[[[130.2224,31.7478],[130.2223,31.7478],[130.2223,31.7479],[130.2224,31.7478]]],[[[130.2215,31.7479],[130.2214,31.7479],[130.2215,31.7479],[130.2215,31.7479]]],[[[130.2213,31.7479],[130.2213,31.748],[130.2214,31.7479],[130.2213,31.7479]]],[[[130.2208,31.7479],[130.2208,31.748],[130.2208,31.748],[130.2208,31.7479]]],[[[130.221,31.7481],[130.221,31.7481],[130.221,31.7481],[130.221,31.7481]]],[[[130.2212,31.7481],[130.2212,31.7482],[130.2212,31.7481],[130.2212,31.7481]]],[[[130.2208,31.7484],[130.2208,31.7484],[130.2209,31.7484],[130.2208,31.7484]]],[[[130.2207,31.7484],[130.2207,31.7485],[130.2208,31.7484],[130.2207,31.7484]]],[[[130.2205,31.7488],[130.2205,31.7488],[130.2205,31.7489],[130.2205,31.7488]]],[[[130.2207,31.7491],[130.2206,31.749],[130.2204,31.749],[130.2207,31.7491]]],[[[130.2201,31.7493],[130.22,31.7493],[130.2201,31.7494],[130.2201,31.7493]]],[[[130.2201,31.7495],[130.2201,31.7495],[130.2201,31.7495],[130.2201,31.7495]]],[[[130.2206,31.7495],[130.2204,31.7495],[130.2205,31.7495],[130.2206,31.7495]]],[[[130.2201,31.7496],[130.22,31.7496],[130.2201,31.7497],[130.2201,31.7496]]],[[[130.2202,31.7496],[130.2202,31.7496],[130.2202,31.7497],[130.2202,31.7496]]],[[[130.2203,31.7496],[130.2203,31.7497],[130.2203,31.7496],[130.2203,31.7496]]],[[[130.2199,31.7497],[130.2198,31.7496],[130.2198,31.7498],[130.2199,31.7497]]],[[[130.2202,31.7498],[130.2202,31.7498],[130.2203,31.7498],[130.2202,31.7498]]],[[[130.22,31.75],[130.22,31.75],[130.22,31.7499],[130.22,31.75]]],[[[130.2198,31.7502],[130.2198,31.7502],[130.2198,31.7501],[130.2198,31.7502]]],[[[130.2184,31.7505],[130.2183,31.7505],[130.2183,31.7505],[130.2184,31.7505]]],[[[130.2184,31.7507],[130.2185,31.7506],[130.2183,31.7506],[130.2184,31.7507]]],[[[130.2187,31.7512],[130.2187,31.7511],[130.2187,31.7511],[130.2187,31.7512]]],[[[130.26,31.7064],[130.26,31.7064],[130.26,31.7064],[130.26,31.7064]]],[[[130.2601,31.7065],[130.26,31.7065],[130.2601,31.7065],[130.2601,31.7065]]],[[[130.2573,31.7065],[130.2574,31.7066],[130.2574,31.7064],[130.2573,31.7065]]],[[[130.2592,31.7066],[130.2592,31.7067],[130.2593,31.7066],[130.2592,31.7066]]],[[[130.2631,31.7066],[130.263,31.7066],[130.263,31.7067],[130.2631,31.7066]]],[[[130.2612,31.7068],[130.2613,31.7067],[130.2613,31.7066],[130.2612,31.7068]]],[[[130.2608,31.7067],[130.2608,31.7068],[130.2608,31.7067],[130.2608,31.7067]]],[[[130.2589,31.7068],[130.2589,31.7068],[130.2589,31.7068],[130.2589,31.7068]]],[[[130.2634,31.7068],[130.2633,31.7067],[130.2634,31.7068],[130.2634,31.7068]]],[[[130.2575,31.7068],[130.2575,31.7068],[130.2575,31.7068],[130.2575,31.7068]]],[[[130.2593,31.7069],[130.2593,31.7068],[130.2593,31.7068],[130.2593,31.7069]]],[[[130.2591,31.7068],[130.2591,31.7068],[130.2591,31.7069],[130.2591,31.7068]]],[[[130.2595,31.7068],[130.2595,31.7068],[130.2595,31.7069],[130.2595,31.7068]]],[[[130.2634,31.7069],[130.2634,31.7069],[130.2632,31.7068],[130.2634,31.7069]]],[[[130.26,31.7068],[130.26,31.7069],[130.2601,31.7069],[130.26,31.7068]]],[[[130.2591,31.7069],[130.2591,31.7069],[130.2591,31.7069],[130.2591,31.7069]]],[[[130.2634,31.7069],[130.2634,31.7069],[130.2635,31.7069],[130.2634,31.7069]]],[[[130.2596,31.7068],[130.2595,31.7069],[130.2594,31.707],[130.2597,31.7071],[130.2596,31.7068]]],[[[130.2593,31.707],[130.2593,31.7069],[130.2593,31.7069],[130.2593,31.707]]],[[[130.2611,31.7069],[130.2612,31.707],[130.2612,31.7069],[130.2611,31.7069]]],[[[130.2603,31.707],[130.2603,31.7069],[130.2603,31.7069],[130.2603,31.707]]],[[[130.2592,31.707],[130.2592,31.707],[130.2592,31.7069],[130.2592,31.707]]],[[[130.2618,31.707],[130.2617,31.7069],[130.2617,31.707],[130.2618,31.707]]],[[[130.2582,31.7069],[130.2583,31.707],[130.2583,31.7069],[130.2582,31.7069]]],[[[130.2606,31.707],[130.2605,31.7069],[130.2605,31.707],[130.2606,31.707]]],[[[130.2584,31.707],[130.2584,31.7069],[130.2583,31.707],[130.2584,31.707]]],[[[130.2633,31.707],[130.2634,31.707],[130.2633,31.707],[130.2633,31.707]]],[[[130.2581,31.707],[130.2581,31.707],[130.2582,31.707],[130.2581,31.707]]],[[[130.2591,31.707],[130.259,31.707],[130.259,31.707],[130.2591,31.707]]],[[[130.258,31.707],[130.258,31.707],[130.258,31.707],[130.258,31.707]]],[[[130.2585,31.707],[130.2584,31.707],[130.2584,31.7071],[130.2585,31.707]]],[[[130.2633,31.7071],[130.2633,31.7071],[130.2632,31.7071],[130.2633,31.7071]]],[[[130.2633,31.7071],[130.2634,31.7071],[130.2634,31.7071],[130.2633,31.7071]]],[[[130.2631,31.7071],[130.2631,31.7071],[130.2633,31.7072],[130.2631,31.7071]]],[[[130.258,31.7071],[130.2583,31.7073],[130.2582,31.7071],[130.258,31.7071]]],[[[130.261,31.7072],[130.261,31.7072],[130.2611,31.7073],[130.2612,31.7072],[130.261,31.7072]]],[[[130.2576,31.7073],[130.2576,31.7073],[130.2576,31.7072],[130.2576,31.7073]]],[[[130.2628,31.7073],[130.2628,31.7074],[130.2628,31.7074],[130.2628,31.7073]]],[[[130.2631,31.7073],[130.2631,31.7074],[130.2631,31.7074],[130.2631,31.7073]]],[[[130.2629,31.7074],[130.2629,31.7074],[130.2629,31.7074],[130.2629,31.7074]]],[[[130.263,31.7074],[130.263,31.7075],[130.263,31.7074],[130.263,31.7074]]],[[[130.2632,31.7075],[130.2633,31.7075],[130.2633,31.7075],[130.2632,31.7075]]],[[[130.2579,31.7075],[130.2578,31.7075],[130.2578,31.7076],[130.2579,31.7075]]],[[[130.2581,31.7076],[130.2583,31.7076],[130.2582,31.7075],[130.2581,31.7076]]],[[[130.2574,31.7076],[130.2574,31.7075],[130.2573,31.7076],[130.2574,31.7076]]],[[[130.2577,31.708],[130.2577,31.7079],[130.2576,31.7079],[130.2577,31.708]]],[[[130.2574,31.7079],[130.2574,31.7079],[130.2574,31.708],[130.2574,31.7079]]],[[[130.2586,31.7085],[130.2585,31.7086],[130.2586,31.7087],[130.2586,31.7085]]],[[[130.2587,31.7087],[130.2587,31.7087],[130.2587,31.7087],[130.2587,31.7087]]],[[[130.2585,31.7087],[130.2585,31.7088],[130.2586,31.7087],[130.2585,31.7087]]],[[[130.2586,31.7194],[130.2583,31.7194],[130.2586,31.72],[130.2586,31.7194]]],[[[130.2774,31.696],[130.2778,31.6963],[130.2778,31.6961],[130.2774,31.696]]],[[[130.2781,31.6962],[130.2781,31.6962],[130.278,31.6962],[130.2781,31.6962]]],[[[130.2775,31.6963],[130.2775,31.6963],[130.2775,31.6963],[130.2775,31.6963]]],[[[130.278,31.6963],[130.2783,31.6964],[130.2788,31.6963],[130.278,31.6963]]],[[[130.2777,31.6963],[130.2777,31.6963],[130.2776,31.6963],[130.2777,31.6963]]],[[[130.2774,31.6963],[130.2774,31.6963],[130.2774,31.6964],[130.2774,31.6963]]],[[[130.2774,31.6964],[130.2774,31.6964],[130.2774,31.6964],[130.2774,31.6964]]],[[[130.2772,31.6964],[130.2774,31.6965],[130.2774,31.6964],[130.2772,31.6964]]],[[[130.2794,31.6965],[130.2793,31.6965],[130.2792,31.6965],[130.2794,31.6965]]],[[[130.2776,31.6965],[130.2776,31.6966],[130.2776,31.6965],[130.2776,31.6965]]],[[[130.2792,31.6966],[130.2793,31.6966],[130.2792,31.6965],[130.2792,31.6966]]],[[[130.2787,31.6967],[130.2787,31.6967],[130.2787,31.6967],[130.2787,31.6967]]],[[[130.2788,31.6967],[130.2787,31.6967],[130.2788,31.6967],[130.2788,31.6967]]],[[[130.2793,31.6967],[130.2793,31.6967],[130.2793,31.6967],[130.2793,31.6967]]],[[[130.2787,31.6973],[130.2796,31.6974],[130.2789,31.6967],[130.2784,31.697],[130.2787,31.6973]]],[[[130.2798,31.6971],[130.2797,31.6971],[130.2798,31.6971],[130.2798,31.6971]]],[[[130.2797,31.6971],[130.2797,31.6971],[130.2797,31.6971],[130.2797,31.6971]]],[[[130.2795,31.6971],[130.2796,31.6972],[130.2796,31.6971],[130.2795,31.6971]]],[[[130.2797,31.6972],[130.2797,31.6972],[130.2797,31.6972],[130.2797,31.6972]]],[[[130.2797,31.6973],[130.2797,31.6973],[130.2797,31.6973],[130.2797,31.6973]]],[[[130.2797,31.6973],[130.2797,31.6973],[130.2797,31.6973],[130.2797,31.6973]]],[[[130.2791,31.6974],[130.2792,31.6974],[130.2792,31.6974],[130.2791,31.6974]]],[[[130.2697,31.7042],[130.2697,31.7043],[130.2698,31.7043],[130.2697,31.7042]]],[[[130.2629,31.7057],[130.2651,31.7037],[130.2642,31.7042],[130.2627,31.7055],[130.2629,31.7057]]],[[[130.2712,31.705],[130.2712,31.705],[130.2712,31.705],[130.2712,31.705]]],[[[130.2712,31.705],[130.2712,31.705],[130.2712,31.705],[130.2712,31.705]]],[[[130.273,31.7055],[130.272,31.7053],[130.2702,31.7047],[130.2697,31.7044],[130.2674,31.7041],[130.2656,31.7048],[130.2674,31.7043],[130.2725,31.706],[130.273,31.7055]]],[[[130.2716,31.7051],[130.2716,31.7051],[130.2716,31.7051],[130.2716,31.7051]]],[[[130.2717,31.7052],[130.2717,31.7052],[130.2717,31.7052],[130.2717,31.7052]]],[[[130.2743,31.7051],[130.2744,31.705],[130.2733,31.7054],[130.2743,31.7051]]],[[[130.2722,31.7053],[130.2722,31.7053],[130.2722,31.7053],[130.2722,31.7053]]],[[[130.2685,31.7059],[130.2683,31.7059],[130.2684,31.7059],[130.2685,31.7059]]],[[[130.2686,31.706],[130.2685,31.7059],[130.2686,31.706],[130.2686,31.706]]],[[[130.2684,31.706],[130.2684,31.706],[130.2684,31.706],[130.2684,31.706]]],[[[130.2683,31.7061],[130.2684,31.7061],[130.2681,31.706],[130.2683,31.7061]]],[[[130.2682,31.7061],[130.2683,31.7062],[130.2683,31.7061],[130.2682,31.7061]]],[[[130.2682,31.7062],[130.2682,31.7062],[130.2682,31.7062],[130.2682,31.7062]]],[[[130.265,31.7068],[130.2651,31.7069],[130.2651,31.7069],[130.265,31.7068]]],[[[130.2652,31.7068],[130.2652,31.7069],[130.2653,31.7069],[130.2652,31.7068]]],[[[130.2651,31.7069],[130.2652,31.7069],[130.2652,31.7069],[130.2651,31.7069]]],[[[130.2638,31.707],[130.2639,31.707],[130.2639,31.707],[130.2638,31.707]]],[[[130.2635,31.707],[130.2634,31.707],[130.2635,31.707],[130.2635,31.707]]],[[[130.2634,31.707],[130.2634,31.707],[130.2634,31.707],[130.2634,31.707]]],[[[130.2635,31.7071],[130.2635,31.7071],[130.2635,31.7071],[130.2635,31.7071]]],[[[130.2641,31.7071],[130.2641,31.7071],[130.2641,31.7071],[130.2641,31.7071]]],[[[130.2636,31.7071],[130.2637,31.7071],[130.2636,31.7071],[130.2636,31.7071]]],[[[130.2651,31.7072],[130.2651,31.7071],[130.2651,31.7072],[130.2651,31.7072]]],[[[130.2641,31.7071],[130.2639,31.7071],[130.2641,31.7072],[130.2641,31.7071]]],[[[130.2645,31.7073],[130.2645,31.7073],[130.2645,31.7073],[130.2645,31.7073]]],[[[130.2646,31.7073],[130.2646,31.7073],[130.2646,31.7073],[130.2646,31.7073]]],[[[130.2838,31.7554],[130.2912,31.7576],[130.2944,31.7573],[130.2974,31.761],[130.3017,31.7616],[130.3037,31.7633],[130.312,31.7637],[130.3135,31.762],[130.3137,31.7593],[130.3157,31.7589],[130.3181,31.7513],[130.3241,31.7486],[130.3343,31.7496],[130.3483,31.7552],[130.351,31.7579],[130.3557,31.7573],[130.3562,31.7558],[130.3589,31.7556],[130.3584,31.7518],[130.362,31.7454],[130.3623,31.7427],[130.3679,31.7431],[130.3738,31.742],[130.3743,31.7402],[130.3777,31.7401],[130.3767,31.738],[130.3787,31.7381],[130.3781,31.7346],[130.3791,31.7347],[130.3794,31.7334],[130.3779,31.732],[130.3785,31.7239],[130.3769,31.7224],[130.3788,31.7135],[130.3777,31.7114],[130.3782,31.71],[130.3758,31.7074],[130.3635,31.7032],[130.3618,31.7017],[130.3562,31.7028],[130.3505,31.701],[130.3499,31.6994],[130.3482,31.6989],[130.3345,31.6968],[130.33,31.6972],[130.328,31.6919],[130.3286,31.6891],[130.3312,31.6869],[130.331,31.6854],[130.3253,31.6798],[130.3228,31.679],[130.3235,31.676],[130.3248,31.676],[130.3225,31.6718],[130.3228,31.6691],[130.3242,31.6684],[130.3224,31.6659],[130.3187,31.6628],[130.3155,31.6628],[130.3166,31.6605],[130.3156,31.6586],[130.3126,31.6584],[130.3125,31.6594],[130.3122,31.6595],[130.3121,31.6604],[130.3118,31.6608],[130.3109,31.6607],[130.3108,31.6613],[130.3083,31.6621],[130.3037,31.6624],[130.3032,31.662],[130.3029,31.6628],[130.3019,31.6623],[130.3021,31.662],[130.3031,31.6616],[130.3032,31.6613],[130.3011,31.6624],[130.2987,31.6611],[130.299,31.6615],[130.2975,31.6648],[130.2994,31.6691],[130.2949,31.6787],[130.2877,31.69],[130.2843,31.6927],[130.285,31.6931],[130.2843,31.694],[130.2834,31.6938],[130.2836,31.6917],[130.2831,31.6939],[130.284,31.6941],[130.2831,31.6943],[130.2836,31.6948],[130.2796,31.6981],[130.2786,31.7015],[130.2754,31.7053],[130.2731,31.7065],[130.2691,31.7061],[130.2693,31.7052],[130.269,31.7063],[130.2671,31.7062],[130.2691,31.7068],[130.2689,31.7077],[130.2655,31.7069],[130.2666,31.7061],[130.2664,31.7056],[130.2653,31.7072],[130.2648,31.7075],[130.2634,31.7071],[130.2633,31.7071],[130.2634,31.7076],[130.2628,31.7075],[130.2616,31.7065],[130.2619,31.707],[130.2612,31.7074],[130.2599,31.7069],[130.2602,31.7072],[130.2521,31.7101],[130.2581,31.708],[130.2589,31.7083],[130.2587,31.7094],[130.2592,31.7084],[130.2617,31.7102],[130.261,31.7089],[130.2628,31.7082],[130.2632,31.7097],[130.262,31.7099],[130.2632,31.713],[130.262,31.7132],[130.2635,31.715],[130.2611,31.7161],[130.2589,31.7103],[130.2598,31.7157],[130.2562,31.7163],[130.2548,31.7111],[130.2564,31.7179],[130.2607,31.7184],[130.2606,31.7207],[130.2601,31.7217],[130.2499,31.7188],[130.2511,31.7193],[130.2504,31.7205],[130.251,31.7196],[130.2552,31.7214],[130.2543,31.7228],[130.2524,31.7222],[130.2501,31.726],[130.2504,31.7279],[130.248,31.7314],[130.2483,31.7317],[130.2489,31.7316],[130.2498,31.7315],[130.2506,31.7317],[130.2483,31.7317],[130.2476,31.7313],[130.2472,31.7321],[130.2443,31.7334],[130.2395,31.7335],[130.2357,31.7349],[130.235,31.7361],[130.2356,31.7369],[130.2351,31.7379],[130.2328,31.7391],[130.2312,31.7382],[130.2261,31.7464],[130.2216,31.7486],[130.2173,31.7527],[130.2136,31.7533],[130.2143,31.7549],[130.212,31.7559],[130.2086,31.7562],[130.2043,31.7549],[130.201,31.7552],[130.2012,31.7539],[130.2008,31.7549],[130.1992,31.7545],[130.1995,31.7535],[130.1989,31.7534],[130.1994,31.7536],[130.1988,31.7544],[130.1982,31.7529],[130.2018,31.7535],[130.202,31.753],[130.1978,31.7527],[130.1955,31.7485],[130.1933,31.7477],[130.1936,31.7474],[130.1934,31.7475],[130.1928,31.7474],[130.1921,31.7465],[130.1911,31.747],[130.1891,31.7464],[130.1895,31.7468],[130.1889,31.7477],[130.1861,31.7492],[130.1863,31.7511],[130.186,31.7518],[130.1884,31.7543],[130.1889,31.757],[130.1871,31.7586],[130.1876,31.7604],[130.1861,31.7613],[130.1864,31.7646],[130.1852,31.7667],[130.1853,31.7709],[130.1806,31.7745],[130.1804,31.7777],[130.1791,31.7786],[130.1909,31.782],[130.1923,31.784],[130.1917,31.7872],[130.1955,31.7897],[130.2054,31.7907],[130.2146,31.7857],[130.2214,31.7879],[130.2274,31.7853],[130.2291,31.7866],[130.232,31.7861],[130.2357,31.7878],[130.239,31.7832],[130.2399,31.7774],[130.244,31.7762],[130.247,31.7775],[130.2518,31.7769],[130.2599,31.7672],[130.2648,31.7651],[130.2683,31.7652],[130.2737,31.7605],[130.2827,31.7584],[130.2838,31.7554]]],[[[130.3014,31.6605],[130.3004,31.6606],[130.2997,31.6611],[130.3014,31.6605]]],[[[130.2986,31.6613],[130.2985,31.6613],[130.2985,31.6614],[130.2986,31.6613]]],[[[130.3048,31.6614],[130.3048,31.6614],[130.3048,31.6614],[130.3048,31.6614]]],[[[130.3094,31.6614],[130.3095,31.6615],[130.3094,31.6614],[130.3094,31.6614]]],[[[130.2995,31.6615],[130.2995,31.6614],[130.2994,31.6615],[130.2995,31.6615]]],[[[130.309,31.6615],[130.3091,31.6616],[130.3091,31.6614],[130.309,31.6615]]],[[[130.3049,31.6615],[130.3049,31.6615],[130.3047,31.6615],[130.3049,31.6615]]],[[[130.308,31.6615],[130.3079,31.6616],[130.308,31.6616],[130.308,31.6615]]],[[[130.3051,31.6616],[130.3051,31.6615],[130.3051,31.6616],[130.3051,31.6616]]],[[[130.2984,31.6615],[130.2983,31.6615],[130.2984,31.6616],[130.2985,31.6616],[130.2984,31.6615]]],[[[130.307,31.6617],[130.3072,31.6616],[130.3071,31.6615],[130.3069,31.6616],[130.307,31.6617]]],[[[130.3073,31.6616],[130.3073,31.6617],[130.3073,31.6617],[130.3073,31.6616]]],[[[130.3066,31.6616],[130.3068,31.6617],[130.3067,31.6615],[130.3066,31.6616]]],[[[130.2998,31.6617],[130.2997,31.6616],[130.2997,31.6617],[130.2998,31.6617]]],[[[130.3088,31.6617],[130.3088,31.6616],[130.3088,31.6617],[130.3088,31.6617]]],[[[130.3068,31.6617],[130.3068,31.6617],[130.3066,31.6617],[130.3068,31.6617]]],[[[130.3086,31.6617],[130.3085,31.6617],[130.3087,31.6618],[130.3086,31.6617]]],[[[130.3075,31.6615],[130.3075,31.6619],[130.3075,31.6617],[130.3075,31.6615]]],[[[130.3054,31.6618],[130.3055,31.6617],[130.3054,31.6618],[130.3054,31.6618]]],[[[130.3049,31.6617],[130.3049,31.6617],[130.3049,31.6618],[130.3049,31.6617]]],[[[130.3069,31.6618],[130.3069,31.6618],[130.3069,31.6617],[130.3069,31.6618]]],[[[130.3004,31.6617],[130.3003,31.6616],[130.3004,31.6619],[130.3004,31.6617]]],[[[130.3053,31.6618],[130.3053,31.6617],[130.3052,31.6616],[130.3053,31.6619],[130.3055,31.6618],[130.3053,31.6618]]],[[[130.3052,31.6618],[130.3052,31.6617],[130.3051,31.6617],[130.3052,31.6618]]],[[[130.2981,31.6617],[130.2983,31.6619],[130.2982,31.6617],[130.2981,31.6617]]],[[[130.3085,31.6618],[130.3085,31.6618],[130.3085,31.6618],[130.3085,31.6618]]],[[[130.308,31.6617],[130.308,31.6617],[130.308,31.6618],[130.308,31.6617]]],[[[130.3083,31.6618],[130.3084,31.6617],[130.3083,31.6618],[130.3083,31.6618]]],[[[130.3051,31.6618],[130.3051,31.6618],[130.3051,31.6618],[130.3051,31.6618]]],[[[130.3052,31.6619],[130.3052,31.6619],[130.3052,31.6618],[130.3052,31.6619]]],[[[130.3045,31.6618],[130.3045,31.6619],[130.3046,31.662],[130.3045,31.6618]]],[[[130.3051,31.6619],[130.3051,31.6619],[130.3051,31.6619],[130.3051,31.6619]]],[[[130.3049,31.6619],[130.3049,31.6619],[130.3049,31.6619],[130.3049,31.6619]]],[[[130.3008,31.6621],[130.3007,31.6619],[130.3007,31.662],[130.3008,31.6621]]],[[[130.3042,31.6621],[130.3043,31.6621],[130.3042,31.662],[130.3042,31.6621]]],[[[130.3044,31.662],[130.3044,31.6621],[130.3044,31.6622],[130.3044,31.662]]],[[[130.3042,31.6622],[130.3043,31.6622],[130.3043,31.6621],[130.3042,31.6622]]],[[[130.3041,31.6622],[130.3041,31.6621],[130.304,31.6622],[130.3041,31.6622]]],[[[130.2813,31.6952],[130.2817,31.6955],[130.2818,31.6953],[130.2813,31.6952]]],[[[130.2815,31.6955],[130.2814,31.6955],[130.2814,31.6955],[130.2815,31.6955]]],[[[130.2816,31.6955],[130.2816,31.6955],[130.2816,31.6955],[130.2816,31.6955]]],[[[130.2816,31.6956],[130.2816,31.6956],[130.2816,31.6956],[130.2816,31.6956]]],[[[130.2817,31.6956],[130.2818,31.6956],[130.2817,31.6956],[130.2817,31.6956]]],[[[130.2821,31.6956],[130.2821,31.6956],[130.2821,31.6957],[130.2821,31.6956]]],[[[130.282,31.6957],[130.2821,31.6957],[130.282,31.6957],[130.282,31.6957]]],[[[130.2822,31.6956],[130.2822,31.6957],[130.2822,31.6957],[130.2822,31.6956]]],[[[130.2817,31.6957],[130.2817,31.6957],[130.2816,31.6957],[130.2817,31.6957]]],[[[130.2821,31.6957],[130.2821,31.6957],[130.2822,31.6957],[130.2821,31.6957]]],[[[130.2821,31.6958],[130.282,31.6958],[130.2821,31.6958],[130.2821,31.6958]]],[[[130.2815,31.696],[130.2814,31.696],[130.2814,31.6961],[130.2815,31.696]]],[[[130.2798,31.6971],[130.2798,31.6971],[130.2798,31.6971],[130.2798,31.6971]]],[[[130.3146,31.6581],[130.3146,31.658],[130.3146,31.6581],[130.3146,31.6581]]],[[[130.3144,31.6582],[130.3145,31.6582],[130.3145,31.6582],[130.3144,31.6582]]],[[[130.3131,31.6583],[130.3131,31.6583],[130.3131,31.6582],[130.3131,31.6583]]],[[[130.3138,31.6583],[130.3139,31.6583],[130.3139,31.6582],[130.3138,31.6583]]],[[[130.3145,31.6582],[130.3145,31.6582],[130.3145,31.6583],[130.3145,31.6582]]],[[[130.313,31.6583],[130.313,31.6583],[130.313,31.6583],[130.313,31.6583]]],[[[130.3131,31.6583],[130.3131,31.6583],[130.3131,31.6583],[130.3131,31.6583]]],[[[130.3135,31.6584],[130.3135,31.6584],[130.3135,31.6583],[130.3135,31.6584]]],[[[130.3128,31.6584],[130.3129,31.6584],[130.3129,31.6583],[130.3128,31.6584]]],[[[130.3135,31.6584],[130.3133,31.6584],[130.3134,31.6584],[130.3135,31.6584]]],[[[130.315,31.6585],[130.315,31.6585],[130.315,31.6585],[130.315,31.6585]]],[[[130.3124,31.6586],[130.3124,31.6586],[130.3124,31.6586],[130.3124,31.6586]]],[[[130.3121,31.6586],[130.312,31.6586],[130.312,31.6587],[130.3121,31.6586]]],[[[130.3124,31.6588],[130.3123,31.6586],[130.3123,31.6588],[130.3124,31.6588]]],[[[130.3116,31.6587],[130.3116,31.6588],[130.3117,31.6587],[130.3116,31.6587]]],[[[130.3119,31.6591],[130.3119,31.6591],[130.3119,31.6591],[130.3119,31.6591]]],[[[130.312,31.6592],[130.312,31.6593],[130.3121,31.6592],[130.312,31.6592]]],[[[130.3117,31.6595],[130.3118,31.6595],[130.3117,31.6595],[130.3117,31.6595]]],[[[130.3121,31.6597],[130.3121,31.6596],[130.3119,31.6596],[130.3121,31.6597]]],[[[130.312,31.6598],[130.3121,31.6598],[130.312,31.6598],[130.312,31.6598]]],[[[130.3119,31.6601],[130.312,31.6599],[130.3118,31.6599],[130.3119,31.6601]]],[[[130.3121,31.6599],[130.312,31.66],[130.312,31.6602],[130.3121,31.6599]]],[[[130.312,31.6601],[130.3118,31.6601],[130.3119,31.6603],[130.312,31.6601]]],[[[130.3107,31.6603],[130.3106,31.6603],[130.3107,31.6603],[130.3108,31.6603],[130.3107,31.6603]]],[[[130.3121,31.6603],[130.312,31.6603],[130.312,31.6604],[130.3121,31.6603]]],[[[130.3108,31.6604],[130.3109,31.6605],[130.3108,31.6603],[130.3108,31.6604]]],[[[130.3118,31.6605],[130.3119,31.6604],[130.3118,31.6604],[130.3118,31.6605]]],[[[130.3108,31.6605],[130.3109,31.6605],[130.3107,31.6604],[130.3108,31.6605]]],[[[130.3105,31.6605],[130.3105,31.6605],[130.3106,31.6605],[130.3105,31.6605]]],[[[130.3119,31.6605],[130.3119,31.6605],[130.3119,31.6606],[130.3119,31.6605]]],[[[130.3107,31.6605],[130.3108,31.6606],[130.3109,31.6605],[130.3107,31.6605]]],[[[130.3109,31.6605],[130.3109,31.6607],[130.3111,31.6606],[130.3109,31.6605]]],[[[130.3106,31.6606],[130.3106,31.6606],[130.3107,31.6606],[130.3106,31.6606]]],[[[130.3112,31.6607],[130.3113,31.6605],[130.3112,31.6607],[130.3112,31.6607]]],[[[130.3107,31.6608],[130.3107,31.6609],[130.3108,31.6608],[130.3107,31.6608]]],[[[130.3105,31.6611],[130.3105,31.6611],[130.3105,31.661],[130.3105,31.6611]]],[[[130.3106,31.6612],[130.3107,31.6611],[130.3106,31.6611],[130.3106,31.6612]]],[[[130.3099,31.6611],[130.31,31.6612],[130.3099,31.6611],[130.3099,31.6611]]],[[[130.3103,31.6612],[130.3103,31.6612],[130.3102,31.6612],[130.3103,31.6612]]],[[[130.3094,31.6612],[130.3095,31.6613],[130.3095,31.6612],[130.3094,31.6612]]],[[[130.3099,31.6612],[130.3099,31.6612],[130.31,31.6613],[130.3099,31.6612]]],[[[130.3106,31.6612],[130.3105,31.6613],[130.3106,31.6613],[130.3106,31.6612]]],[[[130.3104,31.6614],[130.3105,31.6613],[130.3103,31.6613],[130.3104,31.6614]]],[[[130.3108,31.6613],[130.3107,31.6613],[130.3107,31.6613],[130.3108,31.6613]]],[[[130.3103,31.6614],[130.3103,31.6613],[130.3102,31.6614],[130.3103,31.6614]]],[[[130.3097,31.6614],[130.3097,31.6614],[130.3097,31.6613],[130.3097,31.6614]]],[[[130.3095,31.6616],[130.3095,31.6616],[130.3095,31.6616],[130.3095,31.6616]]]]}},{"type":"Feature","properties":{"code":"46220","name":"南さつま市","pref_code":"46","pref":"鹿児島県"},"geometry":{"type":"MultiPolygon","coordinates":[[[[129.426,30.8312],[129.4255,30.8301],[129.4263,30.8295],[129.4253,30.8287],[129.4225,30.8295],[129.426,30.8312]]],[[[129.4264,30.8314],[129.4263,30.8314],[129.4264,30.8315],[129.4264,30.8314]]],[[[129.4263,30.8314],[129.4261,30.8314],[129.4261,30.8315],[129.4263,30.8314]]],[[[129.426,30.8314],[129.426,30.8315],[129.4261,30.8315],[129.426,30.8314]]],[[[129.4263,30.8328],[129.4256,30.832],[129.4256,30.8327],[129.4263,30.8328]]],[[[129.4265,30.8334],[129.4266,30.8332],[129.4264,30.8333],[129.4265,30.8334]]],[[[129.427,30.8336],[129.427,30.8335],[129.4268,30.8336],[129.427,30.8336]]],[[[129.4272,30.8339],[129.4269,30.8346],[129.4274,30.8343],[129.4272,30.8339]]],[[[129.4272,30.8352],[129.4264,30.8342],[129.426,30.8343],[129.4261,30.8357],[129.4272,30.8352]]],[[[129.4272,30.8358],[129.4276,30.8357],[129.4273,30.8355],[129.4272,30.8358]]],[[[129.4265,30.8362],[129.4269,30.8356],[129.4263,30.8359],[129.4265,30.8362]]],[[[129.427,30.8365],[129.4269,30.8368],[129.4271,30.8366],[129.427,30.8365]]],[[[129.4271,30.8367],[129.4271,30.8368],[129.4271,30.8367],[129.4271,30.8367]]],[[[129.4258,30.8389],[129.429,30.8385],[129.4286,30.8373],[129.4258,30.8389]]],[[[129.4295,30.8389],[129.4288,30.8387],[129.4281,30.8392],[129.4289,30.8393],[129.4295,30.8389]]],[[[129.426,30.8392],[129.4259,30.8393],[129.4261,30.8393],[129.426,30.8392]]],[[[129.4255,30.8393],[129.425,30.8395],[129.4255,30.8394],[129.4255,30.8393]]],[[[129.4256,30.8394],[129.4256,30.8395],[129.4256,30.8394],[129.4256,30.8394]]],[[[129.4279,30.8398],[129.4278,30.8397],[129.4278,30.8398],[129.4279,30.8398]]],[[[129.4275,30.8404],[129.4277,30.8403],[129.4276,30.8402],[129.4275,30.8404]]],[[[129.4297,30.8422],[129.4295,30.8421],[129.4296,30.8423],[129.4297,30.8422]]],[[[129.4318,30.843],[129.4317,30.8429],[129.4315,30.8431],[129.4318,30.843]]],[[[129.4316,30.8436],[129.4321,30.8435],[129.432,30.8432],[129.4316,30.8436]]],[[[129.4347,30.849],[129.4357,30.8469],[129.4328,30.8456],[129.4284,30.842],[129.4286,30.841],[129.4275,30.8415],[129.4292,30.8463],[129.4307,30.8466],[129.4321,30.848],[129.4333,30.8475],[129.4347,30.849]]],[[[129.4341,30.8459],[129.4341,30.846],[129.4342,30.8459],[129.4341,30.8459]]],[[[129.4307,30.847],[129.4308,30.8469],[129.4308,30.8468],[129.4307,30.847]]],[[[129.4311,30.848],[129.4313,30.8478],[129.4311,30.8479],[129.4311,30.848]]],[[[129.4359,30.8479],[129.4362,30.848],[129.4362,30.8478],[129.4359,30.8479]]],[[[129.4375,30.8481],[129.4376,30.8482],[129.4376,30.8481],[129.4375,30.8481]]],[[[129.4362,30.8482],[129.4362,30.8481],[129.4362,30.8482],[129.4362,30.8482]]],[[[129.4358,30.8484],[129.4356,30.8484],[129.4356,30.8485],[129.4358,30.8484]]],[[[129.4361,30.8483],[129.4361,30.8484],[129.4361,30.8483],[129.4361,30.8483]]],[[[129.4372,30.8486],[129.4365,30.8482],[129.4362,30.8485],[129.4372,30.8486]]],[[[129.4387,30.8485],[129.4385,30.8484],[129.4385,30.8485],[129.4387,30.8485]]],[[[129.4376,30.8486],[129.4377,30.8486],[129.4377,30.8485],[129.4376,30.8486]]],[[[129.4374,30.8486],[129.4374,30.8487],[129.4374,30.8487],[129.4374,30.8486]]],[[[129.4341,30.8492],[129.4341,30.8494],[129.4342,30.8493],[129.4341,30.8492]]],[[[129.4387,30.8493],[129.4388,30.8494],[129.4388,30.8493],[129.4387,30.8493]]],[[[129.4382,30.8498],[129.4379,30.8489],[129.4375,30.8495],[129.4382,30.8498]]],[[[129.4233,31.1366],[129.4232,31.1347],[129.4218,31.1365],[129.4233,31.1366]]],[[[129.4225,31.1375],[129.4225,31.1372],[129.4221,31.1373],[129.4225,31.1375]]],[[[129.4186,31.1704],[129.4186,31.1704],[129.4185,31.1704],[129.4186,31.1704]]],[[[129.4192,31.1707],[129.4192,31.1706],[129.4191,31.1707],[129.4192,31.1707]]],[[[129.4184,31.1708],[129.4182,31.1707],[129.4182,31.1707],[129.4184,31.1708]]],[[[129.419,31.171],[129.4192,31.1708],[129.419,31.1708],[129.419,31.171]]],[[[129.4193,31.171],[129.4192,31.171],[129.4193,31.171],[129.4193,31.171]]],[[[129.4188,31.1716],[129.4186,31.1708],[129.418,31.1711],[129.4188,31.1716]]],[[[129.4191,31.1716],[129.419,31.1717],[129.4191,31.1717],[129.4191,31.1716]]],[[[129.4193,31.1716],[129.4192,31.1716],[129.4192,31.1717],[129.4193,31.1716]]],[[[129.419,31.1718],[129.419,31.1718],[129.419,31.1719],[129.419,31.1718]]],[[[129.416,31.1719],[129.416,31.1718],[129.416,31.1718],[129.416,31.1719]]],[[[129.4159,31.172],[129.416,31.1719],[129.4159,31.1719],[129.4159,31.172]]],[[[129.4171,31.1716],[129.4162,31.172],[129.4168,31.1725],[129.4171,31.1716]]],[[[129.4161,31.172],[129.4161,31.172],[129.4161,31.172],[129.4161,31.172]]],[[[129.4178,31.1728],[129.4188,31.1718],[129.4175,31.1711],[129.4178,31.1728]]],[[[129.416,31.1721],[129.4159,31.172],[129.4159,31.1721],[129.416,31.1721]]],[[[129.4161,31.1721],[129.4161,31.1721],[129.4161,31.1721],[129.4161,31.1721]]],[[[129.4189,31.1724],[129.4189,31.1722],[129.4188,31.1723],[129.4189,31.1724]]],[[[129.4161,31.1722],[129.416,31.1722],[129.4161,31.1724],[129.4161,31.1722]]],[[[129.4173,31.1723],[129.4173,31.1724],[129.4173,31.1723],[129.4173,31.1723]]],[[[129.4174,31.1725],[129.4173,31.1724],[129.4173,31.1725],[129.4174,31.1725]]],[[[129.4161,31.1725],[129.4162,31.1726],[129.4162,31.1725],[129.4161,31.1725]]],[[[129.4187,31.173],[129.4185,31.1731],[129.4187,31.1731],[129.4187,31.173]]],[[[129.4168,31.1732],[129.4169,31.1731],[129.4169,31.173],[129.4168,31.1732]]],[[[129.4181,31.1731],[129.4181,31.1732],[129.4182,31.1732],[129.4181,31.1731]]],[[[129.417,31.1732],[129.417,31.1732],[129.417,31.1732],[129.417,31.1732]]],[[[129.4163,31.1756],[129.4162,31.1756],[129.4162,31.1756],[129.4163,31.1756]]],[[[129.4347,31.1757],[129.4346,31.1757],[129.4346,31.1757],[129.4347,31.1757]]],[[[129.436,31.1762],[129.4359,31.1762],[129.436,31.1763],[129.436,31.1762]]],[[[129.4365,31.1763],[129.4364,31.1761],[129.436,31.1764],[129.4365,31.1763]]],[[[129.4322,31.1762],[129.4326,31.1764],[129.4325,31.1761],[129.4322,31.1762]]],[[[129.437,31.1766],[129.4369,31.1766],[129.437,31.1766],[129.437,31.1766]]],[[[129.4318,31.1767],[129.4321,31.1766],[129.4318,31.1766],[129.4318,31.1767]]],[[[129.4381,31.1767],[129.438,31.1766],[129.438,31.1767],[129.4381,31.1767]]],[[[129.4366,31.1768],[129.4365,31.1769],[129.4366,31.1769],[129.4366,31.1768]]],[[[129.4379,31.1768],[129.438,31.1768],[129.438,31.1767],[129.4379,31.1768]]],[[[129.4374,31.177],[129.4376,31.177],[129.4375,31.1768],[129.4374,31.177]]],[[[129.4332,31.1773],[129.4334,31.1772],[129.4333,31.1772],[129.4332,31.1773]]],[[[129.4375,31.1772],[129.4378,31.1774],[129.4378,31.1772],[129.4375,31.1772]]],[[[129.4373,31.1774],[129.4372,31.1774],[129.4372,31.1775],[129.4373,31.1774]]],[[[129.4335,31.1774],[129.4335,31.1774],[129.4335,31.1775],[129.4335,31.1774]]],[[[129.4383,31.1782],[129.4383,31.1781],[129.4383,31.1782],[129.4383,31.1782]]],[[[129.4331,31.1782],[129.433,31.1783],[129.4331,31.1783],[129.4331,31.1782]]],[[[129.4379,31.1783],[129.438,31.1782],[129.438,31.1782],[129.4379,31.1783]]],[[[129.4382,31.1783],[129.4382,31.1783],[129.4382,31.1783],[129.4382,31.1783]]],[[[129.4385,31.1785],[129.4386,31.1784],[129.4384,31.1784],[129.4385,31.1785]]],[[[129.4331,31.1786],[129.4332,31.1785],[129.4331,31.1786],[129.4331,31.1786]]],[[[129.433,31.1787],[129.4329,31.1786],[129.433,31.1787],[129.433,31.1787]]],[[[129.4356,31.1791],[129.4357,31.1792],[129.4357,31.1791],[129.4356,31.1791]]],[[[129.4354,31.1798],[129.4353,31.1799],[129.4354,31.1798],[129.4354,31.1798]]],[[[129.4367,31.1801],[129.4366,31.18],[129.4366,31.1801],[129.4367,31.1801]]],[[[129.4372,31.1802],[129.4371,31.1801],[129.4371,31.1801],[129.4372,31.1802]]],[[[129.4375,31.1804],[129.4375,31.1804],[129.4375,31.1805],[129.4375,31.1804]]],[[[129.4379,31.181],[129.4378,31.1809],[129.4378,31.181],[129.4379,31.181]]],[[[129.438,31.1816],[129.4379,31.1816],[129.438,31.1816],[129.438,31.1816]]],[[[129.4381,31.1818],[129.438,31.1818],[129.4381,31.1819],[129.4381,31.1818]]],[[[129.4383,31.1821],[129.4382,31.182],[129.4382,31.1821],[129.4383,31.1821]]],[[[129.437,31.1827],[129.4369,31.1826],[129.4369,31.1827],[129.437,31.1827]]],[[[129.4367,31.1827],[129.4366,31.1826],[129.4366,31.1827],[129.4367,31.1827]]],[[[129.4371,31.1828],[129.4373,31.1827],[129.4371,31.1827],[129.4371,31.1828]]],[[[129.4367,31.1828],[129.4367,31.1828],[129.4367,31.1829],[129.4367,31.1828]]],[[[129.4387,31.1862],[129.4387,31.1862],[129.4387,31.1862],[129.4387,31.1862]]],[[[129.4375,31.1862],[129.4375,31.1862],[129.4375,31.1862],[129.4375,31.1862]]],[[[129.4386,31.1864],[129.4388,31.1863],[129.4387,31.1863],[129.4386,31.1864]]],[[[129.4381,31.1864],[129.4381,31.1864],[129.4381,31.1864],[129.4381,31.1864]]],[[[129.4375,31.1864],[129.4374,31.1865],[129.4375,31.1865],[129.4375,31.1864]]],[[[129.4386,31.1867],[129.4386,31.1865],[129.4385,31.1867],[129.4386,31.1867]]],[[[129.4392,30.8491],[129.4392,30.8492],[129.4392,30.849],[129.4392,30.8491]]],[[[129.4396,30.8494],[129.4396,30.8492],[129.4395,30.8493],[129.4396,30.8494]]],[[[129.4391,30.8494],[129.4389,30.8494],[129.4389,30.8494],[129.4391,30.8494]]],[[[129.4402,30.8496],[129.44,30.8496],[129.44,30.8497],[129.4402,30.8496]]],[[[129.4408,30.8497],[129.4407,30.8498],[129.4408,30.8498],[129.4408,30.8497]]],[[[129.4421,30.8497],[129.4419,30.8503],[129.4421,30.8503],[129.4421,30.8497]]],[[[129.4409,30.85],[129.4409,30.8501],[129.4409,30.8501],[129.4409,30.85]]],[[[129.4406,30.8505],[129.4406,30.8504],[129.4406,30.8505],[129.4406,30.8505]]],[[[129.442,30.8507],[129.4419,30.8505],[129.4418,30.8506],[129.442,30.8507]]],[[[129.4439,30.8524],[129.4439,30.8525],[129.444,30.8525],[129.4439,30.8524]]],[[[129.4441,30.8527],[129.444,30.8526],[129.444,30.8526],[129.4441,30.8527]]],[[[129.4463,30.8546],[129.4467,30.8535],[129.4445,30.8519],[129.4444,30.8526],[129.4438,30.8531],[129.4463,30.8546]]],[[[129.4444,30.8538],[129.4445,30.8536],[129.4443,30.8537],[129.4444,30.8538]]],[[[129.4446,30.8544],[129.4443,30.8541],[129.4443,30.8542],[129.4446,30.8544]]],[[[129.4445,30.8545],[129.4444,30.8546],[129.4445,30.8546],[129.4445,30.8545]]],[[[129.4468,30.8554],[129.4465,30.8551],[129.4464,30.8554],[129.4468,30.8554]]],[[[129.4396,31.166],[129.4398,31.1659],[129.4397,31.1658],[129.4396,31.166]]],[[[129.4397,31.1662],[129.4396,31.1661],[129.4396,31.1662],[129.4397,31.1662]]],[[[129.4459,31.1764],[129.4461,31.1766],[129.4462,31.1764],[129.4459,31.1764]]],[[[129.4461,31.1769],[129.4464,31.1768],[129.446,31.1769],[129.4461,31.1769]]],[[[129.4465,31.177],[129.4465,31.1769],[129.4464,31.177],[129.4465,31.177]]],[[[129.4467,31.1771],[129.4466,31.1772],[129.4467,31.1772],[129.4467,31.1771]]],[[[129.4465,31.1773],[129.4468,31.1774],[129.4465,31.1773],[129.4465,31.1773]]],[[[129.4466,31.1776],[129.4466,31.1775],[129.4466,31.1775],[129.4466,31.1776]]],[[[129.4394,31.178],[129.4394,31.1779],[129.4394,31.1779],[129.4394,31.178]]],[[[129.4387,31.178],[129.4389,31.178],[129.4388,31.1779],[129.4387,31.178]]],[[[129.4392,31.178],[129.4392,31.178],[129.4392,31.178],[129.4392,31.178]]],[[[129.4444,31.1779],[129.4444,31.178],[129.4444,31.178],[129.4444,31.1779]]],[[[129.4388,31.1782],[129.4387,31.1782],[129.4388,31.1783],[129.4388,31.1782]]],[[[129.4444,31.1783],[129.4445,31.1782],[129.4444,31.1782],[129.4444,31.1783]]],[[[129.4389,31.1786],[129.4391,31.1785],[129.4389,31.1786],[129.4389,31.1786]]],[[[129.4461,31.1787],[129.4461,31.1786],[129.4461,31.1786],[129.4461,31.1787]]],[[[129.4445,31.1787],[129.4453,31.1788],[129.4445,31.1784],[129.4445,31.1787]]],[[[129.4405,31.1788],[129.44,31.1789],[129.4403,31.1791],[129.4405,31.1788]]],[[[129.4443,31.1797],[129.4443,31.1797],[129.4443,31.1797],[129.4443,31.1797]]],[[[129.4428,31.1797],[129.4427,31.1797],[129.4427,31.1797],[129.4428,31.1797]]],[[[129.4438,31.1798],[129.4438,31.1797],[129.4438,31.1798],[129.4438,31.1798]]],[[[129.4425,31.1803],[129.4425,31.1803],[129.4425,31.1803],[129.4425,31.1803]]],[[[129.4413,31.1858],[129.4413,31.1858],[129.4413,31.1858],[129.4413,31.1858]]],[[[129.4407,31.1859],[129.4406,31.1859],[129.4407,31.186],[129.4407,31.1859]]],[[[129.4428,31.1866],[129.4428,31.1865],[129.4428,31.1866],[129.4428,31.1866]]],[[[129.4389,31.1867],[129.4388,31.1867],[129.4388,31.1867],[129.4389,31.1867]]],[[[129.4394,31.1871],[129.4393,31.1871],[129.4394,31.1871],[129.4394,31.1871]]],[[[129.4437,31.1876],[129.4437,31.1875],[129.4437,31.1876],[129.4437,31.1876]]],[[[129.4438,31.1879],[129.4438,31.1879],[129.4438,31.1879],[129.4438,31.1879]]],[[[129.4442,31.1881],[129.4441,31.188],[129.4441,31.1881],[129.4442,31.1881]]],[[[129.4467,31.2004],[129.4479,31.1991],[129.4523,31.1995],[129.4538,31.1976],[129.4514,31.1919],[129.4508,31.1922],[129.4496,31.1923],[129.4482,31.1913],[129.4475,31.19],[129.4483,31.1892],[129.4474,31.1889],[129.4468,31.188],[129.4466,31.1862],[129.4477,31.1844],[129.4519,31.1826],[129.4513,31.1816],[129.449,31.182],[129.4475,31.1811],[129.4475,31.1783],[129.4496,31.1775],[129.4474,31.177],[129.4474,31.178],[129.4463,31.1791],[129.4425,31.1804],[129.4415,31.1804],[129.4365,31.1775],[129.4368,31.1768],[129.4352,31.1771],[129.4351,31.1758],[129.4338,31.1758],[129.4333,31.1786],[129.4356,31.1789],[129.4364,31.1793],[129.4379,31.1807],[129.4387,31.1826],[129.4382,31.1842],[129.4367,31.1847],[129.437,31.1861],[129.4388,31.1857],[129.4396,31.187],[129.4398,31.1858],[129.442,31.1855],[129.4438,31.1869],[129.4445,31.1886],[129.4445,31.1928],[129.4455,31.1937],[129.4448,31.1947],[129.4452,31.1949],[129.4455,31.1969],[129.4448,31.1971],[129.4455,31.1972],[129.446,31.1982],[129.4454,31.1994],[129.4462,31.1996],[129.4467,31.2004]]],[[[129.4443,31.1887],[129.4443,31.1887],[129.4443,31.1887],[129.4443,31.1887]]],[[[129.4442,31.1889],[129.4442,31.189],[129.4442,31.189],[129.4442,31.1889]]],[[[129.444,31.1897],[129.444,31.1897],[129.444,31.1897],[129.444,31.1897]]],[[[129.443,31.1903],[129.4431,31.1902],[129.443,31.1902],[129.443,31.1903]]],[[[129.444,31.1907],[129.4438,31.1907],[129.444,31.1907],[129.444,31.1907]]],[[[129.4432,31.1908],[129.4431,31.1908],[129.4431,31.1909],[129.4432,31.1908]]],[[[129.4435,31.1909],[129.4437,31.1909],[129.4436,31.1908],[129.4435,31.1909]]],[[[129.4438,31.191],[129.444,31.1909],[129.4437,31.191],[129.4438,31.191]]],[[[129.443,31.1911],[129.4432,31.1912],[129.4433,31.1911],[129.443,31.1911]]],[[[129.4435,31.1913],[129.4436,31.1912],[129.4434,31.1913],[129.4435,31.1913]]],[[[129.4444,31.1914],[129.4443,31.1914],[129.4443,31.1914],[129.4444,31.1914]]],[[[129.4435,31.1918],[129.4436,31.1919],[129.4437,31.1918],[129.4435,31.1918]]],[[[129.4444,31.1924],[129.4444,31.1923],[129.4444,31.1924],[129.4444,31.1924]]],[[[129.4441,31.1926],[129.444,31.1926],[129.444,31.1926],[129.4441,31.1926]]],[[[129.4442,31.1927],[129.4442,31.1926],[129.4441,31.1927],[129.4442,31.1927]]],[[[129.4442,31.1928],[129.4442,31.1928],[129.4442,31.1928],[129.4442,31.1928]]],[[[129.4443,31.1928],[129.4444,31.193],[129.4445,31.1929],[129.4443,31.1928]]],[[[129.4432,31.193],[129.4442,31.193],[129.4442,31.1929],[129.4432,31.193]]],[[[129.4446,31.1932],[129.4447,31.1932],[129.4447,31.1931],[129.4446,31.1932]]],[[[129.4438,31.1933],[129.4438,31.1932],[129.4438,31.1933],[129.4438,31.1933]]],[[[129.4435,31.1934],[129.4437,31.1934],[129.4437,31.1933],[129.4435,31.1934]]],[[[129.4452,31.1937],[129.4451,31.1937],[129.4452,31.1937],[129.4452,31.1937]]],[[[129.4448,31.1945],[129.445,31.1943],[129.4448,31.1945],[129.4448,31.1945]]],[[[129.4447,31.1948],[129.4446,31.1947],[129.4446,31.1948],[129.4447,31.1948]]],[[[129.4444,31.1949],[129.4444,31.1948],[129.4444,31.1949],[129.4444,31.1949]]],[[[129.4438,31.195],[129.4439,31.1948],[129.4438,31.195],[129.4438,31.195]]],[[[129.4447,31.1949],[129.4448,31.1951],[129.4451,31.195],[129.4447,31.1949]]],[[[129.4447,31.1952],[129.4446,31.1952],[129.4447,31.1952],[129.4447,31.1952]]],[[[129.4441,31.1954],[129.444,31.1953],[129.444,31.1954],[129.4441,31.1954]]],[[[129.4442,31.1954],[129.4442,31.1954],[129.4441,31.1955],[129.4442,31.1954]]],[[[129.4449,31.1957],[129.4449,31.1956],[129.4449,31.1957],[129.4449,31.1957]]],[[[129.4452,31.1961],[129.4452,31.196],[129.4452,31.196],[129.4452,31.1961]]],[[[129.4454,31.1964],[129.4453,31.1963],[129.4453,31.1964],[129.4454,31.1964]]],[[[129.445,31.1964],[129.4451,31.1965],[129.4451,31.1964],[129.445,31.1964]]],[[[129.4448,31.1968],[129.4447,31.1968],[129.4447,31.1968],[129.4448,31.1968]]],[[[129.4453,31.1975],[129.4453,31.1974],[129.4452,31.1974],[129.4453,31.1975]]],[[[129.4451,31.1976],[129.4451,31.1975],[129.4451,31.1976],[129.4451,31.1976]]],[[[129.4455,31.1976],[129.4455,31.1976],[129.4455,31.1977],[129.4455,31.1976]]],[[[129.4448,31.1979],[129.4451,31.1978],[129.4448,31.1978],[129.4448,31.1979]]],[[[129.4457,31.1984],[129.4456,31.1984],[129.4457,31.1984],[129.4457,31.1984]]],[[[129.4443,31.1999],[129.4443,31.1997],[129.4442,31.1998],[129.4443,31.1999]]],[[[129.4453,31.1995],[129.4455,31.2005],[129.4461,31.2],[129.4453,31.1995]]],[[[129.4402,31.2],[129.4404,31.2002],[129.4403,31.1999],[129.4402,31.2]]],[[[129.4452,31.2002],[129.4451,31.2003],[129.4452,31.2003],[129.4452,31.2002]]],[[[129.4407,31.2005],[129.4408,31.2002],[129.4406,31.2001],[129.4407,31.2005]]],[[[129.4448,31.2005],[129.445,31.2003],[129.4447,31.2003],[129.4448,31.2005]]],[[[129.4399,31.2004],[129.4399,31.2005],[129.44,31.2005],[129.4399,31.2004]]],[[[129.4451,31.2007],[129.445,31.2006],[129.445,31.2007],[129.4451,31.2007]]],[[[129.4455,31.2007],[129.4454,31.2006],[129.4454,31.2006],[129.4455,31.2007]]],[[[129.4403,31.2008],[129.4403,31.2009],[129.4403,31.2008],[129.4403,31.2008]]],[[[129.4443,31.2011],[129.4427,31.2002],[129.4416,31.2005],[129.4426,31.2017],[129.4443,31.2011]]],[[[129.4448,31.201],[129.4445,31.2011],[129.4448,31.201],[129.4448,31.201]]],[[[129.4444,31.2011],[129.4444,31.2012],[129.4444,31.2012],[129.4444,31.2011]]],[[[129.4448,31.2011],[129.4447,31.2012],[129.4448,31.2012],[129.4448,31.2011]]],[[[129.4415,31.2012],[129.4418,31.2012],[129.4416,31.2011],[129.4415,31.2012]]],[[[129.4457,31.2019],[129.4456,31.2019],[129.4456,31.202],[129.4457,31.2019]]],[[[129.4431,31.202],[129.4431,31.2019],[129.4431,31.202],[129.4431,31.202]]],[[[129.4433,31.2019],[129.4434,31.202],[129.4435,31.2019],[129.4433,31.2019]]],[[[129.4457,31.2022],[129.4458,31.202],[129.4456,31.2022],[129.4457,31.2022]]],[[[129.4426,31.2021],[129.4428,31.2025],[129.4429,31.2021],[129.4426,31.2021]]],[[[129.4474,30.8533],[129.4473,30.8534],[129.4474,30.8533],[129.4474,30.8533]]],[[[129.4471,30.8536],[129.4471,30.8538],[129.4471,30.8537],[129.4471,30.8536]]],[[[129.447,30.8539],[129.4469,30.8538],[129.4469,30.8539],[129.447,30.8539]]],[[[129.4473,30.8543],[129.4468,30.8542],[129.4466,30.8543],[129.4473,30.8543]]],[[[129.4572,30.8626],[129.4569,30.8625],[129.4568,30.8626],[129.4572,30.8626]]],[[[129.4527,31.173],[129.4526,31.173],[129.4526,31.1731],[129.4527,31.173]]],[[[129.4522,31.1733],[129.4521,31.1732],[129.4521,31.1732],[129.4522,31.1733]]],[[[129.447,31.1769],[129.447,31.1768],[129.4469,31.1769],[129.447,31.1769]]],[[[129.4467,31.1769],[129.4468,31.1768],[129.4467,31.1769],[129.4467,31.1769]]],[[[129.4469,31.1771],[129.4469,31.177],[129.4469,31.1771],[129.4469,31.1771]]],[[[129.4468,31.1772],[129.4468,31.1771],[129.4468,31.1771],[129.4468,31.1772]]],[[[129.4471,31.1774],[129.447,31.1773],[129.447,31.1774],[129.4471,31.1774]]],[[[129.4468,31.1775],[129.4468,31.1776],[129.4468,31.1775],[129.4468,31.1775]]],[[[129.447,31.1775],[129.447,31.1776],[129.447,31.1775],[129.447,31.1775]]],[[[129.4469,31.1779],[129.4469,31.1779],[129.4469,31.1779],[129.4469,31.1779]]],[[[129.447,31.178],[129.447,31.178],[129.447,31.178],[129.447,31.178]]],[[[129.448,31.1785],[129.448,31.1785],[129.448,31.1786],[129.448,31.1785]]],[[[129.4476,31.1793],[129.4477,31.1792],[129.4476,31.1793],[129.4476,31.1793]]],[[[129.4484,31.1798],[129.4484,31.1797],[129.4482,31.1797],[129.4484,31.1798]]],[[[129.4479,31.1799],[129.4478,31.1798],[129.4478,31.1799],[129.4479,31.1799]]],[[[129.4486,31.1799],[129.4485,31.1799],[129.4485,31.1799],[129.4486,31.1799]]],[[[129.448,31.18],[129.4482,31.1799],[129.448,31.1798],[129.448,31.18]]],[[[129.4479,31.18],[129.4478,31.18],[129.4479,31.18],[129.4479,31.18]]],[[[129.4485,31.18],[129.4484,31.18],[129.4485,31.18],[129.4485,31.18]]],[[[129.448,31.1811],[129.4482,31.1812],[129.4483,31.1811],[129.448,31.1811]]],[[[129.4491,31.1813],[129.449,31.1814],[129.4491,31.1813],[129.4491,31.1813]]],[[[129.4487,31.1815],[129.4491,31.1815],[129.4488,31.1813],[129.4487,31.1815]]],[[[129.4492,31.1817],[129.4491,31.1817],[129.4492,31.1818],[129.4492,31.1817]]],[[[129.449,31.1819],[129.449,31.1817],[129.4489,31.1819],[129.449,31.1819]]],[[[129.4505,31.1835],[129.4505,31.1835],[129.4505,31.1835],[129.4505,31.1835]]],[[[129.4512,31.1834],[129.4509,31.1836],[129.4513,31.1835],[129.4512,31.1834]]],[[[129.4504,31.1835],[129.4504,31.1836],[129.4504,31.1835],[129.4504,31.1835]]],[[[129.4502,31.1836],[129.4502,31.1837],[129.4503,31.1837],[129.4502,31.1836]]],[[[129.4505,31.1839],[129.4505,31.1838],[129.4505,31.1839],[129.4505,31.1839]]],[[[129.4489,31.1841],[129.4489,31.184],[129.4489,31.1841],[129.4489,31.1841]]],[[[129.4493,31.1844],[129.4492,31.1843],[129.4492,31.1844],[129.4493,31.1844]]],[[[129.4491,31.1845],[129.4491,31.1843],[129.449,31.1843],[129.4491,31.1845]]],[[[129.4477,31.1849],[129.4477,31.1849],[129.4477,31.1849],[129.4477,31.1849]]],[[[129.4473,31.1855],[129.4472,31.1858],[129.4474,31.1855],[129.4473,31.1855]]],[[[129.4474,31.1857],[129.4474,31.1857],[129.4474,31.1857],[129.4474,31.1857]]],[[[129.4474,31.1868],[129.4478,31.1868],[129.4474,31.1867],[129.4474,31.1868]]],[[[129.4469,31.1869],[129.447,31.1867],[129.4469,31.1867],[129.4469,31.1869]]],[[[129.447,31.1878],[129.4469,31.1878],[129.447,31.1878],[129.447,31.1878]]],[[[129.4469,31.188],[129.4469,31.188],[129.4469,31.188],[129.4469,31.188]]],[[[129.4473,31.1885],[129.4473,31.1885],[129.4473,31.1885],[129.4473,31.1885]]],[[[129.4487,31.191],[129.4486,31.1906],[129.4483,31.1911],[129.4487,31.191]]],[[[129.4511,31.1919],[129.4511,31.1918],[129.451,31.1918],[129.4511,31.1919]]],[[[129.451,31.1919],[129.451,31.1919],[129.451,31.1919],[129.451,31.1919]]],[[[129.4508,31.1921],[129.4505,31.1921],[129.4508,31.1921],[129.4508,31.1921]]],[[[129.4517,31.1922],[129.4516,31.1921],[129.4516,31.1922],[129.4517,31.1922]]],[[[129.4521,31.1929],[129.4521,31.1928],[129.4521,31.1929],[129.4521,31.1929]]],[[[129.4521,31.1931],[129.4521,31.1931],[129.4521,31.1931],[129.4521,31.1931]]],[[[129.4525,31.1931],[129.4524,31.1931],[129.4524,31.1932],[129.4525,31.1931]]],[[[129.4522,31.1932],[129.4522,31.1931],[129.4522,31.1932],[129.4522,31.1932]]],[[[129.4522,31.1934],[129.4522,31.1933],[129.4522,31.1934],[129.4522,31.1934]]],[[[129.4527,31.1934],[129.4527,31.1934],[129.4527,31.1934],[129.4527,31.1934]]],[[[129.4526,31.1934],[129.4525,31.1934],[129.4525,31.1935],[129.4526,31.1934]]],[[[129.4526,31.1935],[129.4526,31.1936],[129.4526,31.1936],[129.4526,31.1935]]],[[[129.4527,31.1936],[129.4527,31.1936],[129.4527,31.1936],[129.4527,31.1936]]],[[[129.4524,31.1937],[129.4524,31.1937],[129.4524,31.1938],[129.4524,31.1937]]],[[[129.4526,31.194],[129.4526,31.1941],[129.4526,31.194],[129.4526,31.194]]],[[[129.4528,31.1944],[129.4527,31.1944],[129.4528,31.1944],[129.4528,31.1944]]],[[[129.4529,31.1945],[129.4531,31.1946],[129.4532,31.1945],[129.4529,31.1945]]],[[[129.453,31.1948],[129.453,31.1947],[129.4529,31.1947],[129.453,31.1948]]],[[[129.4531,31.1949],[129.4531,31.1949],[129.4531,31.1949],[129.4531,31.1949]]],[[[129.453,31.195],[129.4529,31.195],[129.453,31.1951],[129.453,31.195]]],[[[129.454,31.1952],[129.4541,31.1951],[129.454,31.1952],[129.454,31.1952]]],[[[129.4531,31.1952],[129.453,31.1952],[129.453,31.1952],[129.4531,31.1952]]],[[[129.4539,31.1953],[129.4535,31.1952],[129.4535,31.1954],[129.4539,31.1953]]],[[[129.4532,31.1954],[129.4532,31.1953],[129.4532,31.1953],[129.4532,31.1954]]],[[[129.4534,31.1955],[129.4533,31.1954],[129.4533,31.1955],[129.4534,31.1955]]],[[[129.4537,31.1958],[129.4536,31.1957],[129.4536,31.1958],[129.4537,31.1958]]],[[[129.454,31.1958],[129.454,31.1959],[129.4541,31.1958],[129.454,31.1958]]],[[[129.4539,31.1959],[129.454,31.1959],[129.454,31.1959],[129.4539,31.1959]]],[[[129.4537,31.1959],[129.4537,31.196],[129.4537,31.196],[129.4537,31.1959]]],[[[129.4538,31.1961],[129.4538,31.196],[129.4537,31.1961],[129.4538,31.1961]]],[[[129.4537,31.1963],[129.4536,31.1962],[129.4536,31.1963],[129.4537,31.1963]]],[[[129.4544,31.1964],[129.4543,31.1961],[129.4542,31.1964],[129.4544,31.1964]]],[[[129.454,31.1964],[129.454,31.1963],[129.454,31.1964],[129.454,31.1964]]],[[[129.4545,31.1971],[129.4544,31.1971],[129.4544,31.1971],[129.4545,31.1971]]],[[[129.4542,31.1972],[129.4542,31.1971],[129.4541,31.1971],[129.4542,31.1972]]],[[[129.4548,31.1974],[129.4547,31.1973],[129.4547,31.1973],[129.4548,31.1974]]],[[[129.455,31.1975],[129.4547,31.1977],[129.4551,31.1977],[129.455,31.1975]]],[[[129.4546,31.1977],[129.4546,31.1976],[129.4545,31.1977],[129.4546,31.1977]]],[[[129.4547,31.1979],[129.4547,31.1978],[129.4546,31.1979],[129.4547,31.1979]]],[[[129.4554,31.198],[129.4554,31.1979],[129.4553,31.198],[129.4554,31.198]]],[[[129.4548,31.1981],[129.4549,31.1979],[129.4547,31.198],[129.4548,31.1981]]],[[[129.4555,31.1981],[129.4557,31.1981],[129.4557,31.198],[129.4555,31.1981]]],[[[129.4564,31.1982],[129.4564,31.1981],[129.4564,31.1982],[129.4564,31.1982]]],[[[129.4537,31.1982],[129.4536,31.1982],[129.4536,31.1983],[129.4537,31.1982]]],[[[129.4549,31.1983],[129.4549,31.1983],[129.4549,31.1983],[129.4549,31.1983]]],[[[129.4568,31.1983],[129.4568,31.1982],[129.4568,31.1983],[129.4568,31.1983]]],[[[129.4553,31.1981],[129.4552,31.1985],[129.4554,31.1981],[129.4553,31.1981]]],[[[129.4559,31.1984],[129.456,31.1983],[129.4559,31.1984],[129.4559,31.1984]]],[[[129.4558,31.1987],[129.4558,31.1986],[129.4558,31.1986],[129.4558,31.1987]]],[[[129.4532,31.1987],[129.4532,31.1987],[129.4532,31.1987],[129.4532,31.1987]]],[[[129.4482,31.1994],[129.4481,31.1994],[129.4481,31.1994],[129.4482,31.1994]]],[[[129.4497,31.1995],[129.4497,31.1994],[129.4496,31.1995],[129.4497,31.1995]]],[[[129.4484,31.1994],[129.4484,31.1995],[129.4484,31.1995],[129.4484,31.1994]]],[[[129.4485,31.1995],[129.4485,31.1996],[129.4486,31.1995],[129.4485,31.1995]]],[[[129.4503,31.1995],[129.4503,31.1996],[129.4504,31.1996],[129.4503,31.1995]]],[[[129.45,31.1996],[129.4501,31.1996],[129.45,31.1996],[129.45,31.1996]]],[[[129.4488,31.1996],[129.4487,31.1996],[129.4487,31.1997],[129.4488,31.1996]]],[[[129.4519,31.1996],[129.4519,31.1997],[129.4519,31.1997],[129.4519,31.1996]]],[[[129.4523,31.1997],[129.4524,31.1999],[129.4524,31.1995],[129.4523,31.1997]]],[[[129.4515,31.1998],[129.4517,31.1997],[129.4516,31.1996],[129.4515,31.1998]]],[[[129.4518,31.2],[129.4518,31.2],[129.4518,31.2001],[129.4518,31.2]]],[[[129.4634,30.8574],[129.4627,30.8567],[129.462,30.8568],[129.4624,30.8578],[129.4634,30.8574]]],[[[129.4633,30.8591],[129.4634,30.8588],[129.4631,30.8589],[129.4633,30.8591]]],[[[129.4627,30.8591],[129.463,30.8589],[129.4627,30.8589],[129.4627,30.8591]]],[[[129.4631,30.8591],[129.4631,30.8592],[129.4631,30.8591],[129.4631,30.8591]]],[[[129.4642,30.8593],[129.4641,30.8593],[129.4641,30.8594],[129.4642,30.8593]]],[[[129.4578,30.8599],[129.4577,30.8599],[129.4577,30.8599],[129.4578,30.8599]]],[[[129.4609,30.86],[129.4609,30.8601],[129.461,30.86],[129.4609,30.86]]],[[[129.4583,30.8601],[129.4578,30.8603],[129.4582,30.8604],[129.4583,30.8601]]],[[[129.4608,30.8603],[129.4609,30.8602],[129.4608,30.8602],[129.4608,30.8603]]],[[[129.4609,30.8603],[129.4609,30.8604],[129.4609,30.8603],[129.4609,30.8603]]],[[[129.461,30.8604],[129.461,30.8604],[129.4611,30.8604],[129.461,30.8604]]],[[[129.4602,30.8606],[129.4601,30.8604],[129.4601,30.8605],[129.4602,30.8606]]],[[[129.4588,30.8605],[129.4583,30.8604],[129.4588,30.8607],[129.4588,30.8605]]],[[[129.46,30.8605],[129.4599,30.8606],[129.46,30.8606],[129.46,30.8605]]],[[[129.4666,30.8629],[129.4687,30.8621],[129.467,30.8609],[129.4688,30.8601],[129.4677,30.8592],[129.4612,30.8599],[129.4632,30.8621],[129.4666,30.8629]]],[[[129.468,30.8625],[129.4679,30.8626],[129.468,30.8625],[129.468,30.8625]]],[[[129.4581,30.8632],[129.4585,30.8633],[129.4583,30.863],[129.4581,30.8632]]],[[[129.4735,31.1968],[129.473,31.196],[129.4729,31.197],[129.4735,31.1968]]],[[[129.4731,31.1978],[129.4731,31.1978],[129.4731,31.1978],[129.4731,31.1978]]],[[[129.4734,31.1988],[129.4733,31.1987],[129.4734,31.1988],[129.4734,31.1988]]],[[[129.4737,31.1989],[129.4737,31.1988],[129.4736,31.1989],[129.4737,31.1989]]],[[[129.4732,31.1994],[129.4735,31.1995],[129.4735,31.1993],[129.4732,31.1994]]],[[[129.4732,31.1996],[129.4733,31.1997],[129.4733,31.1996],[129.4732,31.1996]]],[[[129.4734,31.1998],[129.4734,31.1999],[129.4734,31.1998],[129.4734,31.1998]]],[[[129.4681,31.2001],[129.4681,31.2],[129.468,31.2],[129.4681,31.2001]]],[[[129.4733,31.2004],[129.4732,31.2003],[129.4733,31.2004],[129.4733,31.2004]]],[[[129.4731,31.2004],[129.473,31.2004],[129.4731,31.2005],[129.4731,31.2004]]],[[[129.473,31.2006],[129.4729,31.2005],[129.4729,31.2005],[129.473,31.2006]]],[[[129.4687,31.2012],[129.4686,31.2011],[129.4686,31.2011],[129.4687,31.2012]]],[[[129.4687,31.2013],[129.4687,31.2013],[129.4687,31.2013],[129.4687,31.2013]]],[[[129.4685,31.2013],[129.4685,31.2012],[129.4685,31.2013],[129.4685,31.2013]]],[[[129.4685,31.2014],[129.4682,31.2014],[129.4682,31.2016],[129.4685,31.2014]]],[[[129.4688,31.2015],[129.4688,31.2015],[129.4688,31.2015],[129.4688,31.2015]]],[[[129.4687,31.2017],[129.4686,31.2017],[129.4687,31.2017],[129.4687,31.2017]]],[[[129.4724,31.2018],[129.4724,31.2017],[129.4723,31.2017],[129.4724,31.2018]]],[[[129.4695,31.2018],[129.4696,31.2017],[129.4695,31.2018],[129.4695,31.2018]]],[[[129.4713,31.2019],[129.4713,31.2018],[129.4712,31.2019],[129.4713,31.2019]]],[[[129.4668,31.2021],[129.4667,31.2021],[129.4667,31.2021],[129.4668,31.2021]]],[[[129.4697,31.2021],[129.4693,31.2021],[129.4692,31.2022],[129.4697,31.2021]]],[[[129.4706,31.2024],[129.4706,31.2023],[129.4706,31.2024],[129.4706,31.2024]]],[[[129.4702,31.2025],[129.4702,31.2024],[129.4702,31.2025],[129.4702,31.2025]]],[[[129.4697,31.2029],[129.4699,31.2023],[129.4695,31.2023],[129.4697,31.2029]]],[[[129.4703,31.2026],[129.4703,31.2026],[129.4703,31.2026],[129.4703,31.2026]]],[[[129.4703,31.2028],[129.4703,31.2028],[129.4703,31.2028],[129.4703,31.2028]]],[[[129.4719,31.2113],[129.474,31.2106],[129.4733,31.2098],[129.4733,31.2094],[129.4759,31.2069],[129.4755,31.2046],[129.476,31.2044],[129.4759,31.2038],[129.4767,31.2031],[129.4761,31.2024],[129.4763,31.2016],[129.4771,31.201],[129.4762,31.2002],[129.476,31.1993],[129.4766,31.1989],[129.476,31.1988],[129.4759,31.198],[129.4765,31.1959],[129.4754,31.1948],[129.4752,31.1963],[129.4732,31.1977],[129.474,31.1992],[129.4735,31.1998],[129.4741,31.1999],[129.4732,31.2007],[129.4725,31.2005],[129.473,31.2018],[129.4723,31.2023],[129.4719,31.202],[129.4724,31.2011],[129.4718,31.2011],[129.4718,31.2019],[129.4687,31.2044],[129.4706,31.2047],[129.4734,31.2074],[129.4735,31.2084],[129.4726,31.2091],[129.4729,31.2093],[129.4717,31.2097],[129.472,31.2099],[129.4719,31.2113]]],[[[129.4699,31.2033],[129.4698,31.2032],[129.4698,31.2032],[129.4699,31.2033]]],[[[129.4696,31.2034],[129.4695,31.2033],[129.4695,31.2034],[129.4696,31.2034]]],[[[129.4688,31.2036],[129.4687,31.2036],[129.4687,31.2037],[129.4688,31.2036]]],[[[129.4685,31.2038],[129.4685,31.2037],[129.4685,31.2038],[129.4685,31.2038]]],[[[129.4688,31.2039],[129.4687,31.2039],[129.4688,31.204],[129.4688,31.2039]]],[[[129.4685,31.2045],[129.4686,31.2043],[129.4685,31.2044],[129.4685,31.2045]]],[[[129.4687,31.2048],[129.4686,31.2048],[129.4687,31.2048],[129.4687,31.2048]]],[[[129.4686,31.205],[129.4685,31.2049],[129.4685,31.205],[129.4686,31.205]]],[[[129.4704,31.2051],[129.4703,31.2051],[129.4704,31.2051],[129.4704,31.2051]]],[[[129.4687,31.2051],[129.4686,31.2051],[129.4686,31.2051],[129.4687,31.2051]]],[[[129.4698,31.2052],[129.4697,31.2052],[129.4697,31.2052],[129.4698,31.2052]]],[[[129.4715,31.2059],[129.4714,31.2059],[129.4714,31.2059],[129.4715,31.2059]]],[[[129.4727,31.207],[129.4726,31.207],[129.4727,31.207],[129.4727,31.207]]],[[[129.4719,31.207],[129.4719,31.2072],[129.4719,31.2071],[129.4719,31.207]]],[[[129.4721,31.2072],[129.4722,31.2071],[129.4721,31.2071],[129.4721,31.2072]]],[[[129.4715,31.2073],[129.4717,31.2072],[129.4716,31.2071],[129.4715,31.2073]]],[[[129.4733,31.2076],[129.4733,31.2076],[129.4733,31.2076],[129.4733,31.2076]]],[[[129.4733,31.2082],[129.4733,31.2081],[129.4732,31.2082],[129.4733,31.2082]]],[[[129.4728,31.2087],[129.4728,31.2087],[129.4728,31.2087],[129.4728,31.2087]]],[[[129.4749,31.2088],[129.4749,31.2087],[129.4748,31.2087],[129.4749,31.2088]]],[[[129.4747,31.209],[129.4747,31.2089],[129.4747,31.2089],[129.4747,31.209]]],[[[129.4744,31.209],[129.4744,31.209],[129.4744,31.209],[129.4744,31.209]]],[[[129.4746,31.2091],[129.4746,31.2091],[129.4745,31.2091],[129.4746,31.2091]]],[[[129.4726,31.2092],[129.4726,31.2093],[129.4726,31.2092],[129.4726,31.2092]]],[[[129.4743,31.2093],[129.4742,31.2093],[129.4742,31.2093],[129.4743,31.2093]]],[[[129.4724,31.2093],[129.4723,31.2094],[129.4724,31.2093],[129.4724,31.2093]]],[[[129.4747,31.2094],[129.4746,31.2093],[129.4746,31.2094],[129.4747,31.2094]]],[[[129.4719,31.2094],[129.4719,31.2093],[129.4718,31.2094],[129.4719,31.2094]]],[[[129.4716,31.2097],[129.4715,31.2096],[129.4715,31.2098],[129.4716,31.2097]]],[[[129.4737,31.2098],[129.4736,31.2098],[129.4737,31.2098],[129.4737,31.2098]]],[[[129.4736,31.2099],[129.4736,31.2099],[129.4736,31.2099],[129.4736,31.2099]]],[[[129.4738,31.21],[129.4737,31.2099],[129.4737,31.21],[129.4738,31.21]]],[[[129.4737,31.21],[129.4737,31.2101],[129.4737,31.2101],[129.4737,31.21]]],[[[129.4718,31.21],[129.4714,31.2106],[129.4716,31.2107],[129.4718,31.21]]],[[[129.4743,31.2105],[129.4742,31.2105],[129.4742,31.2105],[129.4743,31.2105]]],[[[129.4742,31.2106],[129.4741,31.2106],[129.4741,31.2106],[129.4742,31.2106]]],[[[129.4716,31.2111],[129.4713,31.2113],[129.4717,31.2112],[129.4716,31.2111]]],[[[129.4723,31.2118],[129.4723,31.2117],[129.4722,31.2118],[129.4723,31.2118]]],[[[129.4719,31.2118],[129.4718,31.2118],[129.4718,31.2118],[129.4719,31.2118]]],[[[129.4724,31.2123],[129.4724,31.2122],[129.4723,31.2123],[129.4724,31.2123]]],[[[129.4728,31.214],[129.4726,31.2135],[129.4725,31.2139],[129.4728,31.214]]],[[[129.4725,31.2141],[129.4724,31.214],[129.4724,31.2141],[129.4725,31.2141]]],[[[129.4723,31.2142],[129.4716,31.214],[129.4715,31.2142],[129.4723,31.2142]]],[[[129.4715,31.2141],[129.4714,31.2142],[129.4715,31.2141],[129.4715,31.2141]]],[[[129.4733,31.2142],[129.4735,31.2145],[129.4736,31.2144],[129.4733,31.2142]]],[[[129.4732,31.2143],[129.4732,31.2144],[129.4732,31.2144],[129.4732,31.2143]]],[[[129.4718,31.2145],[129.4716,31.2144],[129.4716,31.2145],[129.4718,31.2145]]],[[[129.4719,31.2145],[129.4718,31.2145],[129.4719,31.2145],[129.4719,31.2145]]],[[[129.4736,31.2146],[129.4732,31.215],[129.4735,31.2151],[129.4736,31.2146]]],[[[129.4729,31.2161],[129.4727,31.2153],[129.4731,31.2143],[129.4724,31.2142],[129.4718,31.2153],[129.4729,31.2161]]],[[[129.4729,31.2153],[129.4729,31.2154],[129.4729,31.2154],[129.4729,31.2153]]],[[[129.4737,31.2155],[129.4737,31.2155],[129.4737,31.2155],[129.4737,31.2155]]],[[[129.4712,31.2153],[129.4712,31.2157],[129.4715,31.2153],[129.4712,31.2153]]],[[[129.471,31.2156],[129.471,31.2156],[129.471,31.2156],[129.471,31.2156]]],[[[129.4719,31.2156],[129.4719,31.2156],[129.4719,31.2156],[129.4719,31.2156]]],[[[129.4719,31.2158],[129.4718,31.2158],[129.4718,31.2158],[129.4719,31.2158]]],[[[129.4732,31.2158],[129.4734,31.216],[129.4733,31.2157],[129.4732,31.2158]]],[[[129.4735,31.216],[129.4735,31.2159],[129.4734,31.2159],[129.4735,31.216]]],[[[129.4731,31.216],[129.4731,31.2159],[129.473,31.216],[129.4731,31.216]]],[[[129.4728,31.2162],[129.4728,31.2162],[129.4728,31.2162],[129.4728,31.2162]]],[[[129.4731,31.2163],[129.473,31.2164],[129.4731,31.2164],[129.4731,31.2163]]],[[[129.4732,31.2164],[129.4734,31.2168],[129.4735,31.2166],[129.4732,31.2164]]],[[[129.4766,31.1951],[129.4766,31.1954],[129.4767,31.1951],[129.4766,31.1951]]],[[[129.4765,31.1956],[129.4767,31.1958],[129.4768,31.1957],[129.4765,31.1956]]],[[[129.4769,31.1961],[129.477,31.1961],[129.4768,31.196],[129.4769,31.1961]]],[[[129.4765,31.1964],[129.4764,31.1964],[129.4765,31.1964],[129.4765,31.1964]]],[[[129.4767,31.1964],[129.4766,31.1965],[129.4767,31.1965],[129.4767,31.1964]]],[[[129.4769,31.1971],[129.4769,31.197],[129.4769,31.1971],[129.4769,31.1971]]],[[[129.4765,31.1977],[129.4764,31.1977],[129.4764,31.1977],[129.4765,31.1977]]],[[[129.4761,31.1977],[129.4761,31.1977],[129.4761,31.1977],[129.4761,31.1977]]],[[[129.4762,31.1978],[129.4762,31.1978],[129.4761,31.1978],[129.4762,31.1978]]],[[[129.4769,31.1981],[129.4769,31.1981],[129.4768,31.1981],[129.4769,31.1981]]],[[[129.476,31.1981],[129.476,31.1982],[129.476,31.1981],[129.476,31.1981]]],[[[129.4761,31.1985],[129.4761,31.1984],[129.4761,31.1985],[129.4761,31.1985]]],[[[129.4819,31.199],[129.4818,31.199],[129.4818,31.1991],[129.4819,31.199]]],[[[129.4776,31.1992],[129.4776,31.1991],[129.4776,31.1992],[129.4776,31.1992]]],[[[129.4818,31.1992],[129.4816,31.1991],[129.4817,31.1993],[129.4818,31.1992]]],[[[129.4763,31.1993],[129.4762,31.1993],[129.4761,31.1993],[129.4763,31.1993]]],[[[129.4767,31.1993],[129.4766,31.1993],[129.4766,31.1993],[129.4767,31.1993]]],[[[129.4769,31.1994],[129.477,31.1992],[129.4769,31.1994],[129.4769,31.1994]]],[[[129.4776,31.1995],[129.4775,31.1995],[129.4776,31.1996],[129.4776,31.1995]]],[[[129.4777,31.1996],[129.4777,31.1995],[129.4776,31.1996],[129.4777,31.1996]]],[[[129.4765,31.1996],[129.4764,31.1996],[129.4764,31.1996],[129.4765,31.1996]]],[[[129.4764,31.1997],[129.4764,31.1997],[129.4764,31.1998],[129.4764,31.1997]]],[[[129.4765,31.1998],[129.4764,31.1999],[129.4765,31.1998],[129.4765,31.1998]]],[[[129.4771,31.2],[129.4773,31.2],[129.4773,31.2],[129.4771,31.2]]],[[[129.4765,31.2001],[129.4764,31.2001],[129.4764,31.2001],[129.4765,31.2001]]],[[[129.4775,31.2002],[129.4774,31.2002],[129.4774,31.2002],[129.4775,31.2002]]],[[[129.4773,31.2006],[129.4772,31.2005],[129.4772,31.2006],[129.4773,31.2006]]],[[[129.4771,31.2008],[129.477,31.2007],[129.477,31.2007],[129.4771,31.2008]]],[[[129.4771,31.2012],[129.477,31.2012],[129.477,31.2013],[129.4771,31.2012]]],[[[129.4786,31.2024],[129.4786,31.2023],[129.4786,31.2023],[129.4786,31.2024]]],[[[129.4765,31.2024],[129.4764,31.2024],[129.4764,31.2024],[129.4765,31.2024]]],[[[129.4773,31.2025],[129.4773,31.2024],[129.4772,31.2025],[129.4773,31.2025]]],[[[129.4769,31.2027],[129.477,31.2026],[129.4768,31.2026],[129.4769,31.2027]]],[[[129.4773,31.2028],[129.4772,31.2027],[129.4772,31.2028],[129.4773,31.2028]]],[[[129.4766,31.2026],[129.4769,31.203],[129.477,31.2029],[129.4766,31.2026]]],[[[129.4773,31.2031],[129.4772,31.2031],[129.4772,31.2032],[129.4773,31.2031]]],[[[129.4769,31.2032],[129.4768,31.2033],[129.4769,31.2033],[129.4769,31.2032]]],[[[129.4769,31.2034],[129.4768,31.2034],[129.4769,31.2035],[129.4769,31.2034]]],[[[129.4765,31.2035],[129.4765,31.2034],[129.4765,31.2035],[129.4765,31.2035]]],[[[129.4766,31.2036],[129.4765,31.2036],[129.4766,31.2036],[129.4766,31.2036]]],[[[129.4762,31.2037],[129.4763,31.2036],[129.4762,31.2036],[129.4762,31.2037]]],[[[129.4766,31.2039],[129.4765,31.2038],[129.4766,31.2039],[129.4766,31.2039]]],[[[129.4761,31.2038],[129.4761,31.2038],[129.4761,31.2039],[129.4761,31.2038]]],[[[129.4787,31.2039],[129.4787,31.2039],[129.4787,31.2039],[129.4787,31.2039]]],[[[129.4785,31.2039],[129.4784,31.2039],[129.4785,31.2039],[129.4785,31.2039]]],[[[129.4761,31.2041],[129.4761,31.204],[129.4761,31.2041],[129.4761,31.2041]]],[[[129.4763,31.2041],[129.4762,31.204],[129.4762,31.2041],[129.4763,31.2041]]],[[[129.4765,31.2041],[129.4765,31.2041],[129.4765,31.2041],[129.4765,31.2041]]],[[[129.4774,31.2046],[129.4774,31.2045],[129.4774,31.2046],[129.4774,31.2046]]],[[[129.4766,31.2046],[129.4766,31.2046],[129.4766,31.2046],[129.4766,31.2046]]],[[[129.4769,31.2046],[129.4769,31.2046],[129.4769,31.2047],[129.4769,31.2046]]],[[[129.4779,31.2047],[129.4779,31.2047],[129.4779,31.2047],[129.4779,31.2047]]],[[[129.4768,31.2048],[129.4767,31.2047],[129.4767,31.2047],[129.4768,31.2048]]],[[[129.476,31.2066],[129.4759,31.2066],[129.4759,31.2066],[129.476,31.2066]]],[[[129.4762,31.2068],[129.4761,31.2069],[129.4762,31.2069],[129.4762,31.2068]]],[[[129.476,31.207],[129.4759,31.207],[129.4759,31.207],[129.476,31.207]]],[[[129.4762,31.2073],[129.4762,31.2072],[129.4761,31.2072],[129.4762,31.2073]]],[[[129.476,31.2077],[129.476,31.2076],[129.4759,31.2076],[129.476,31.2077]]],[[[129.4757,31.2078],[129.4756,31.2077],[129.4757,31.2078],[129.4757,31.2078]]],[[[129.4756,31.208],[129.4755,31.208],[129.4755,31.208],[129.4756,31.208]]],[[[129.4759,31.2081],[129.4758,31.2081],[129.4758,31.2081],[129.4759,31.2081]]],[[[129.4754,31.2081],[129.4754,31.2085],[129.4757,31.2081],[129.4754,31.2081]]],[[[129.4759,31.2085],[129.476,31.2083],[129.4758,31.2083],[129.4759,31.2085]]],[[[129.4757,31.2085],[129.4755,31.2085],[129.4755,31.2086],[129.4757,31.2085]]],[[[130.1078,31.4026],[130.1071,31.402],[130.1068,31.4023],[130.1078,31.4026]]],[[[130.1078,31.4033],[130.1076,31.4031],[130.1074,31.4032],[130.1078,31.4033]]],[[[130.1079,31.4063],[130.1078,31.4063],[130.1079,31.4063],[130.1079,31.4063]]],[[[130.1085,31.4069],[130.1085,31.4069],[130.1085,31.4069],[130.1085,31.4069]]],[[[130.1079,31.4071],[130.1077,31.4072],[130.1078,31.4072],[130.1079,31.4071]]],[[[130.1076,31.4075],[130.1074,31.4075],[130.1074,31.4075],[130.1076,31.4075]]],[[[130.1081,31.4077],[130.1081,31.4078],[130.1081,31.4078],[130.1081,31.4077]]],[[[130.1084,31.4078],[130.1084,31.4078],[130.1084,31.4078],[130.1084,31.4078]]],[[[130.109,31.4079],[130.109,31.4078],[130.109,31.4078],[130.109,31.4079]]],[[[130.1087,31.4078],[130.1087,31.4078],[130.1087,31.4078],[130.1087,31.4078]]],[[[130.1075,31.4079],[130.1077,31.4079],[130.1075,31.4079],[130.1075,31.4079]]],[[[130.1085,31.4082],[130.1081,31.4079],[130.108,31.4081],[130.1085,31.4082]]],[[[130.1068,31.4081],[130.107,31.4081],[130.107,31.4081],[130.1068,31.4081]]],[[[130.1078,31.4082],[130.1079,31.4081],[130.1078,31.4082],[130.1078,31.4082]]],[[[130.1078,31.4083],[130.1079,31.4083],[130.108,31.4083],[130.1078,31.4083]]],[[[130.1089,31.4084],[130.1089,31.4082],[130.1089,31.4084],[130.1089,31.4084]]],[[[130.1084,31.4084],[130.1084,31.4083],[130.1084,31.4084],[130.1084,31.4084]]],[[[130.1074,31.4085],[130.1072,31.4084],[130.1074,31.4086],[130.1074,31.4085]]],[[[130.1087,31.4088],[130.1085,31.4085],[130.1082,31.4087],[130.1087,31.4088]]],[[[130.1075,31.4088],[130.1076,31.4088],[130.1075,31.4088],[130.1075,31.4088]]],[[[130.1073,31.4089],[130.1073,31.4088],[130.1072,31.4089],[130.1073,31.4089]]],[[[130.1079,31.409],[130.1079,31.4089],[130.1078,31.4089],[130.1079,31.409]]],[[[130.1075,31.409],[130.1076,31.409],[130.1076,31.409],[130.1075,31.409]]],[[[130.1079,31.409],[130.1078,31.4091],[130.1079,31.4091],[130.1079,31.409]]],[[[130.1066,31.4095],[130.1065,31.4096],[130.1066,31.4095],[130.1066,31.4095]]],[[[130.1073,31.4096],[130.1072,31.4095],[130.1072,31.4096],[130.1073,31.4096]]],[[[130.1068,31.4097],[130.1069,31.4098],[130.1069,31.4097],[130.1068,31.4097]]],[[[130.1071,31.4098],[130.1071,31.4098],[130.1071,31.4098],[130.1071,31.4098]]],[[[130.107,31.41],[130.107,31.4099],[130.107,31.4099],[130.107,31.41]]],[[[130.1068,31.4103],[130.1067,31.4103],[130.1068,31.4103],[130.1068,31.4103]]],[[[130.1068,31.4106],[130.1069,31.4106],[130.1069,31.4106],[130.1068,31.4106]]],[[[130.1067,31.4106],[130.1067,31.4106],[130.1067,31.4107],[130.1067,31.4106]]],[[[130.1067,31.4109],[130.1067,31.4108],[130.1067,31.4109],[130.1067,31.4109]]],[[[130.1065,31.4112],[130.1065,31.4111],[130.1064,31.4112],[130.1065,31.4112]]],[[[130.104,31.4126],[130.1039,31.4125],[130.1039,31.4125],[130.104,31.4126]]],[[[130.1036,31.4126],[130.1036,31.4126],[130.1036,31.4126],[130.1036,31.4126]]],[[[130.1062,31.4131],[130.1063,31.4132],[130.1063,31.4131],[130.1062,31.4131]]],[[[130.1066,31.4138],[130.1066,31.4139],[130.1067,31.4138],[130.1066,31.4138]]],[[[130.1085,31.4211],[130.1087,31.421],[130.1085,31.421],[130.1085,31.4211]]],[[[130.1085,31.4217],[130.1085,31.4216],[130.1084,31.4217],[130.1085,31.4217]]],[[[130.1091,31.4214],[130.1087,31.4217],[130.1091,31.4219],[130.1091,31.4214]]],[[[130.1088,31.4222],[130.1089,31.4221],[130.1087,31.4221],[130.1088,31.4222]]],[[[130.1089,31.4236],[130.1091,31.4236],[130.109,31.4235],[130.1089,31.4236]]],[[[130.1096,31.4082],[130.1095,31.4082],[130.1095,31.4083],[130.1096,31.4082]]],[[[130.1311,31.4085],[130.131,31.4085],[130.131,31.4086],[130.1311,31.4085]]],[[[130.132,31.4094],[130.132,31.4093],[130.132,31.4094],[130.132,31.4094]]],[[[130.1324,31.4095],[130.1325,31.4096],[130.1325,31.4095],[130.1324,31.4095]]],[[[130.132,31.4097],[130.1322,31.4095],[130.132,31.4096],[130.132,31.4097]]],[[[130.1328,31.4097],[130.1327,31.4097],[130.1327,31.4097],[130.1328,31.4097]]],[[[130.1091,31.4098],[130.109,31.4098],[130.1091,31.4099],[130.1091,31.4098]]],[[[130.1093,31.41],[130.1093,31.4099],[130.1093,31.4099],[130.1093,31.41]]],[[[130.1095,31.4101],[130.1095,31.4102],[130.1095,31.4101],[130.1095,31.4101]]],[[[130.1322,31.4101],[130.1322,31.4102],[130.1322,31.4102],[130.1322,31.4101]]],[[[130.1325,31.4102],[130.1324,31.4103],[130.1325,31.4102],[130.1325,31.4102]]],[[[130.1092,31.4103],[130.1092,31.4103],[130.1092,31.4103],[130.1092,31.4103]]],[[[130.1097,31.4104],[130.1097,31.4103],[130.1097,31.4103],[130.1097,31.4104]]],[[[130.11,31.4107],[130.1099,31.4108],[130.11,31.4108],[130.11,31.4107]]],[[[130.1096,31.4108],[130.1096,31.4108],[130.1096,31.4109],[130.1096,31.4108]]],[[[130.1097,31.411],[130.1097,31.4111],[130.1097,31.411],[130.1097,31.411]]],[[[130.1102,31.4111],[130.1101,31.4111],[130.1101,31.4112],[130.1102,31.4111]]],[[[130.1103,31.4111],[130.1104,31.4112],[130.1103,31.4111],[130.1103,31.4111]]],[[[130.1099,31.4112],[130.1098,31.4113],[130.1099,31.4113],[130.1099,31.4112]]],[[[130.1292,31.4115],[130.1293,31.4111],[130.1289,31.4114],[130.1292,31.4115]]],[[[130.11,31.4114],[130.1101,31.4114],[130.1101,31.4114],[130.11,31.4114]]],[[[130.1303,31.4115],[130.1301,31.4114],[130.1301,31.4114],[130.1303,31.4115]]],[[[130.1102,31.4115],[130.1103,31.4116],[130.1102,31.4115],[130.1102,31.4115]]],[[[130.1306,31.4116],[130.1305,31.4117],[130.1306,31.4117],[130.1306,31.4116]]],[[[130.1296,31.4116],[130.1295,31.4117],[130.1297,31.4116],[130.1296,31.4116]]],[[[130.1291,31.4117],[130.129,31.4117],[130.1291,31.4117],[130.1291,31.4117]]],[[[130.1294,31.4117],[130.1293,31.4117],[130.1294,31.4117],[130.1294,31.4117]]],[[[130.1304,31.4117],[130.1303,31.4117],[130.1304,31.4117],[130.1304,31.4117]]],[[[130.1298,31.4117],[130.13,31.4117],[130.1299,31.4116],[130.1298,31.4117]]],[[[130.1307,31.4118],[130.1306,31.4118],[130.1306,31.4118],[130.1307,31.4118]]],[[[130.1297,31.4119],[130.1296,31.4119],[130.1297,31.4119],[130.1297,31.4119]]],[[[130.13,31.4119],[130.1298,31.4119],[130.1298,31.4119],[130.13,31.4119]]],[[[130.1104,31.4122],[130.1104,31.412],[130.1103,31.4121],[130.1104,31.4122]]],[[[130.128,31.4125],[130.1281,31.4124],[130.1279,31.4125],[130.128,31.4125]]],[[[130.1108,31.4128],[130.1108,31.4127],[130.1107,31.4128],[130.1108,31.4128]]],[[[130.1111,31.413],[130.111,31.413],[130.111,31.413],[130.1111,31.413]]],[[[130.128,31.4133],[130.1279,31.4133],[130.1279,31.4133],[130.128,31.4133]]],[[[130.1115,31.4133],[130.1114,31.4134],[130.1115,31.4134],[130.1115,31.4133]]],[[[130.1275,31.4136],[130.1274,31.4136],[130.1275,31.4137],[130.1275,31.4136]]],[[[130.1124,31.4137],[130.1122,31.4138],[130.1124,31.4138],[130.1124,31.4137]]],[[[130.114,31.4139],[130.114,31.4138],[130.114,31.4139],[130.114,31.4139]]],[[[130.1139,31.414],[130.1137,31.414],[130.1137,31.4141],[130.1139,31.414]]],[[[130.113,31.4141],[130.1129,31.4141],[130.1129,31.4141],[130.113,31.4141]]],[[[130.1131,31.4142],[130.1131,31.4142],[130.1132,31.4142],[130.1131,31.4142]]],[[[130.1161,31.4144],[130.116,31.4145],[130.1161,31.4145],[130.1161,31.4144]]],[[[130.1255,31.4146],[130.1254,31.4145],[130.1254,31.4146],[130.1255,31.4146]]],[[[130.1148,31.4144],[130.1152,31.4146],[130.1149,31.4143],[130.1148,31.4144]]],[[[130.1162,31.4148],[130.1162,31.4149],[130.1163,31.4149],[130.1162,31.4148]]],[[[130.1159,31.4148],[130.1159,31.4149],[130.116,31.4148],[130.1159,31.4148]]],[[[130.1159,31.4151],[130.1159,31.4151],[130.1159,31.4151],[130.1159,31.4151]]],[[[130.1153,31.4152],[130.1154,31.4152],[130.1154,31.415],[130.1153,31.4152]]],[[[130.1161,31.415],[130.1165,31.4152],[130.1162,31.415],[130.1161,31.415]]],[[[130.1159,31.4153],[130.116,31.4153],[130.1158,31.4153],[130.1159,31.4153]]],[[[130.1167,31.4156],[130.1169,31.4155],[130.1167,31.4155],[130.1167,31.4156]]],[[[130.1172,31.4158],[130.1172,31.4159],[130.1172,31.4159],[130.1172,31.4158]]],[[[130.1188,31.4161],[130.1187,31.4162],[130.1188,31.4161],[130.1188,31.4161]]],[[[130.1181,31.4161],[130.1182,31.4162],[130.1182,31.4161],[130.1181,31.4161]]],[[[130.1174,31.4162],[130.1174,31.4163],[130.1175,31.4162],[130.1174,31.4162]]],[[[130.1189,31.4164],[130.1189,31.4162],[130.1187,31.4163],[130.1189,31.4164]]],[[[130.1186,31.4163],[130.1186,31.4164],[130.1186,31.4163],[130.1186,31.4163]]],[[[130.1185,31.4164],[130.1186,31.4165],[130.1186,31.4164],[130.1185,31.4164]]],[[[130.1321,31.4194],[130.1319,31.4194],[130.132,31.4195],[130.1321,31.4194]]],[[[130.1315,31.4196],[130.1315,31.4195],[130.1314,31.4196],[130.1315,31.4196]]],[[[130.1311,31.4197],[130.131,31.4197],[130.131,31.4197],[130.1311,31.4197]]],[[[130.1304,31.4202],[130.1303,31.4202],[130.1303,31.4203],[130.1304,31.4202]]],[[[130.1097,31.4203],[130.1096,31.4203],[130.1096,31.4203],[130.1097,31.4203]]],[[[130.1095,31.4203],[130.1094,31.4203],[130.1094,31.4204],[130.1095,31.4203]]],[[[130.1295,31.4205],[130.1295,31.4202],[130.1293,31.4204],[130.1295,31.4205]]],[[[130.1309,31.4204],[130.1307,31.4204],[130.131,31.4205],[130.1309,31.4204]]],[[[130.1096,31.4205],[130.1096,31.4204],[130.1095,31.4205],[130.1096,31.4205]]],[[[130.1301,31.4205],[130.13,31.4204],[130.1299,31.4205],[130.1301,31.4205]]],[[[130.1094,31.4205],[130.1094,31.4205],[130.1094,31.4205],[130.1094,31.4205]]],[[[130.1304,31.4205],[130.1303,31.4206],[130.1304,31.4206],[130.1304,31.4205]]],[[[130.1095,31.4205],[130.1095,31.4206],[130.1095,31.4206],[130.1095,31.4205]]],[[[130.13,31.4209],[130.1301,31.4206],[130.13,31.4206],[130.13,31.4209]]],[[[130.1304,31.4208],[130.1303,31.4209],[130.1304,31.4208],[130.1304,31.4208]]],[[[130.1098,31.4219],[130.1099,31.4218],[130.1098,31.4219],[130.1098,31.4219]]],[[[130.1096,31.422],[130.1096,31.422],[130.1096,31.422],[130.1096,31.422]]],[[[130.1104,31.4222],[130.1104,31.4222],[130.1103,31.4222],[130.1104,31.4222]]],[[[130.1096,31.4222],[130.1095,31.4222],[130.1096,31.4222],[130.1096,31.4222]]],[[[130.1122,31.4231],[130.1124,31.423],[130.1123,31.423],[130.1122,31.4231]]],[[[130.1126,31.4235],[130.1128,31.4233],[130.1126,31.4234],[130.1126,31.4235]]],[[[130.1132,31.4234],[130.1131,31.4234],[130.1131,31.4235],[130.1132,31.4234]]],[[[130.11,31.4235],[130.1099,31.4234],[130.1099,31.4235],[130.11,31.4235]]],[[[130.1226,31.4235],[130.1225,31.4235],[130.1226,31.4235],[130.1226,31.4235]]],[[[130.1124,31.4235],[130.1124,31.4236],[130.1125,31.4236],[130.1124,31.4235]]],[[[130.1141,31.4236],[130.1141,31.4235],[130.114,31.4235],[130.1141,31.4236]]],[[[130.1222,31.4236],[130.1222,31.4236],[130.1222,31.4236],[130.1222,31.4236]]],[[[130.1129,31.4236],[130.1127,31.4236],[130.1127,31.4236],[130.1129,31.4236]]],[[[130.1223,31.4236],[130.1224,31.4236],[130.1223,31.4235],[130.1223,31.4236]]],[[[130.11,31.4238],[130.1099,31.4237],[130.1099,31.4238],[130.11,31.4238]]],[[[130.1223,31.4237],[130.1223,31.4238],[130.1224,31.4238],[130.1223,31.4237]]],[[[130.1225,31.4238],[130.1224,31.4239],[130.1225,31.4239],[130.1225,31.4238]]],[[[130.1158,31.4246],[130.1157,31.4246],[130.1157,31.4247],[130.1158,31.4246]]],[[[130.1205,31.4314],[130.1205,31.4312],[130.1203,31.4312],[130.1205,31.4314]]],[[[130.1215,31.4324],[130.1212,31.432],[130.121,31.4323],[130.1215,31.4324]]],[[[130.1217,31.4326],[130.1218,31.4324],[130.1217,31.4324],[130.1217,31.4326]]],[[[130.1207,31.4331],[130.1207,31.4329],[130.1204,31.4329],[130.1207,31.4331]]],[[[130.1139,31.4332],[130.1138,31.4331],[130.1139,31.4332],[130.1139,31.4332]]],[[[130.1208,31.4332],[130.1208,31.4333],[130.1208,31.4333],[130.1208,31.4332]]],[[[130.1207,31.4334],[130.1206,31.4334],[130.1206,31.4334],[130.1207,31.4334]]],[[[130.115,31.4334],[130.1153,31.4334],[130.115,31.4333],[130.115,31.4334]]],[[[130.1209,31.4336],[130.1219,31.4331],[130.1213,31.4329],[130.1209,31.4336]]],[[[130.1142,31.4335],[130.1144,31.4335],[130.1144,31.4334],[130.1142,31.4335]]],[[[130.1141,31.4336],[130.114,31.4335],[130.114,31.4336],[130.1141,31.4336]]],[[[130.1216,31.4341],[130.1218,31.4339],[130.1216,31.434],[130.1216,31.4341]]],[[[130.1207,31.4341],[130.1205,31.4346],[130.1206,31.4345],[130.1207,31.4341]]],[[[130.1574,31.3556],[130.1573,31.3548],[130.157,31.3547],[130.1574,31.3556]]],[[[130.1581,31.3562],[130.1581,31.3548],[130.1574,31.3544],[130.1581,31.3562]]],[[[130.1586,31.3791],[130.1587,31.3791],[130.1586,31.379],[130.1586,31.3791]]],[[[130.1592,31.3796],[130.1592,31.3796],[130.1592,31.3795],[130.1592,31.3796]]],[[[130.1588,31.3826],[130.1586,31.3826],[130.1586,31.3827],[130.1588,31.3826]]],[[[130.1581,31.3829],[130.1583,31.3828],[130.158,31.3827],[130.1581,31.3829]]],[[[130.1558,31.3834],[130.1558,31.3835],[130.1559,31.3834],[130.1558,31.3834]]],[[[130.1515,31.3836],[130.1508,31.3836],[130.1516,31.3838],[130.1515,31.3836]]],[[[130.1543,31.3836],[130.1543,31.3837],[130.1544,31.3837],[130.1543,31.3836]]],[[[130.1506,31.3838],[130.1505,31.3838],[130.1505,31.3838],[130.1506,31.3838]]],[[[130.1539,31.3838],[130.1539,31.3837],[130.1539,31.3838],[130.1539,31.3838]]],[[[130.1541,31.3837],[130.1542,31.3838],[130.1542,31.3837],[130.1541,31.3837]]],[[[130.153,31.3837],[130.153,31.3838],[130.1531,31.3838],[130.153,31.3837]]],[[[130.1543,31.3838],[130.1543,31.3839],[130.1543,31.3838],[130.1543,31.3838]]],[[[130.1533,31.3839],[130.1534,31.3839],[130.1534,31.3839],[130.1533,31.3839]]],[[[130.1529,31.3839],[130.1528,31.384],[130.1529,31.384],[130.1529,31.3839]]],[[[130.1519,31.384],[130.1519,31.3841],[130.1519,31.3841],[130.1519,31.384]]],[[[130.1521,31.384],[130.1521,31.3841],[130.1521,31.384],[130.1521,31.384]]],[[[130.1517,31.3841],[130.1509,31.384],[130.1509,31.3842],[130.1517,31.3841]]],[[[130.1523,31.3841],[130.1523,31.3842],[130.1524,31.3841],[130.1523,31.3841]]],[[[130.1521,31.3843],[130.1522,31.3843],[130.1522,31.3843],[130.1521,31.3843]]],[[[130.1525,31.3844],[130.1523,31.3844],[130.1525,31.3844],[130.1525,31.3844]]],[[[130.1518,31.386],[130.1519,31.386],[130.1518,31.386],[130.1518,31.386]]],[[[130.1522,31.3862],[130.1522,31.3862],[130.1522,31.3862],[130.1522,31.3862]]],[[[130.1525,31.3866],[130.1523,31.3866],[130.1524,31.3867],[130.1525,31.3866]]],[[[130.1523,31.3867],[130.1523,31.3868],[130.1524,31.3868],[130.1523,31.3867]]],[[[130.1505,31.3867],[130.1506,31.3868],[130.1506,31.3868],[130.1505,31.3867]]],[[[130.1518,31.387],[130.1518,31.3871],[130.1518,31.3871],[130.1518,31.387]]],[[[130.1499,31.3876],[130.1502,31.3877],[130.1502,31.3876],[130.1499,31.3876]]],[[[130.1517,31.3876],[130.1518,31.3876],[130.1517,31.3875],[130.1517,31.3876]]],[[[130.1509,31.3879],[130.1509,31.3877],[130.1507,31.3878],[130.1509,31.3879]]],[[[130.1512,31.3879],[130.1516,31.3876],[130.1515,31.3875],[130.1512,31.3879]]],[[[130.1504,31.388],[130.1498,31.388],[130.1505,31.3882],[130.1504,31.388]]],[[[130.1474,31.3902],[130.147,31.3905],[130.1473,31.3905],[130.1474,31.3902]]],[[[130.1491,31.3905],[130.149,31.3905],[130.149,31.3905],[130.1491,31.3905]]],[[[130.1476,31.3908],[130.1474,31.3906],[130.1474,31.3908],[130.1476,31.3908]]],[[[130.1482,31.3919],[130.1479,31.3912],[130.1479,31.3919],[130.1482,31.3919]]],[[[130.1475,31.3919],[130.1474,31.3919],[130.1475,31.392],[130.1475,31.3919]]],[[[130.1476,31.3922],[130.1476,31.392],[130.1475,31.3921],[130.1476,31.3922]]],[[[130.1477,31.3934],[130.1477,31.3935],[130.1477,31.3935],[130.1477,31.3934]]],[[[130.1479,31.3935],[130.148,31.3935],[130.148,31.3935],[130.1479,31.3935]]],[[[130.1478,31.3937],[130.1477,31.3938],[130.1478,31.3937],[130.1478,31.3937]]],[[[130.1464,31.3939],[130.1465,31.3937],[130.1463,31.3938],[130.1464,31.3939]]],[[[130.1467,31.3938],[130.1469,31.3939],[130.1468,31.3938],[130.1467,31.3938]]],[[[130.147,31.394],[130.147,31.394],[130.147,31.394],[130.147,31.394]]],[[[130.1454,31.3942],[130.1453,31.3943],[130.1454,31.3943],[130.1454,31.3942]]],[[[130.1464,31.395],[130.1464,31.3951],[130.1464,31.395],[130.1464,31.395]]],[[[130.1453,31.3954],[130.1452,31.3954],[130.1453,31.3955],[130.1453,31.3954]]],[[[130.1442,31.3956],[130.1441,31.3953],[130.144,31.3954],[130.1442,31.3956]]],[[[130.1454,31.3958],[130.1455,31.3958],[130.1454,31.3957],[130.1454,31.3958]]],[[[130.1452,31.396],[130.1453,31.3959],[130.1452,31.3959],[130.1452,31.396]]],[[[130.1458,31.3961],[130.1458,31.3962],[130.1459,31.3962],[130.1458,31.3961]]],[[[130.146,31.3962],[130.1461,31.3963],[130.1461,31.3963],[130.146,31.3962]]],[[[130.1462,31.3964],[130.1462,31.3963],[130.1462,31.3963],[130.1462,31.3964]]],[[[130.1452,31.3966],[130.1451,31.3966],[130.1451,31.3967],[130.1452,31.3966]]],[[[130.1443,31.3966],[130.1441,31.3967],[130.1442,31.3968],[130.1443,31.3966]]],[[[130.1455,31.3967],[130.1455,31.3968],[130.1455,31.3968],[130.1455,31.3967]]],[[[130.1447,31.3969],[130.1447,31.3969],[130.1447,31.397],[130.1447,31.3969]]],[[[130.1447,31.3971],[130.1451,31.3973],[130.1452,31.3972],[130.1447,31.3971]]],[[[130.1437,31.3977],[130.1435,31.3977],[130.1437,31.3977],[130.1437,31.3977]]],[[[130.1443,31.3979],[130.1444,31.3979],[130.1443,31.3979],[130.1443,31.3979]]],[[[130.1441,31.3982],[130.1442,31.3983],[130.1443,31.3983],[130.1441,31.3982]]],[[[130.144,31.3986],[130.1439,31.3986],[130.144,31.3987],[130.144,31.3986]]],[[[130.1436,31.3988],[130.1436,31.3986],[130.1435,31.3987],[130.1436,31.3988]]],[[[130.1442,31.3987],[130.1444,31.3986],[130.1442,31.3985],[130.1442,31.3987]]],[[[130.1438,31.3987],[130.1438,31.3988],[130.1438,31.3987],[130.1438,31.3987]]],[[[130.1432,31.3989],[130.1431,31.3989],[130.1431,31.3989],[130.1432,31.3989]]],[[[130.1438,31.3989],[130.1437,31.3989],[130.1437,31.3989],[130.1438,31.3989]]],[[[130.1441,31.399],[130.1439,31.3991],[130.1441,31.3991],[130.1441,31.399]]],[[[130.1438,31.3993],[130.1439,31.399],[130.1436,31.3992],[130.1438,31.3993]]],[[[130.1431,31.3992],[130.1434,31.3993],[130.1435,31.3991],[130.1431,31.3992]]],[[[130.1442,31.3993],[130.1441,31.3993],[130.1441,31.3994],[130.1442,31.3993]]],[[[130.144,31.4],[130.1439,31.3999],[130.1439,31.4],[130.144,31.4]]],[[[130.1428,31.4004],[130.1426,31.4002],[130.1426,31.4002],[130.1428,31.4004]]],[[[130.1427,31.4007],[130.1425,31.4007],[130.1427,31.4008],[130.1427,31.4007]]],[[[130.142,31.4021],[130.1419,31.4021],[130.142,31.4021],[130.142,31.4021]]],[[[130.1421,31.4022],[130.1422,31.4023],[130.1422,31.4022],[130.1421,31.4022]]],[[[130.1427,31.4023],[130.1425,31.4022],[130.1424,31.4023],[130.1427,31.4023]]],[[[130.1427,31.4026],[130.1426,31.4027],[130.1427,31.4026],[130.1427,31.4026]]],[[[130.1412,31.4037],[130.141,31.4036],[130.1411,31.4037],[130.1412,31.4037]]],[[[130.141,31.4039],[130.1406,31.4036],[130.1406,31.4038],[130.141,31.4039]]],[[[130.1413,31.4039],[130.1413,31.4039],[130.1413,31.4039],[130.1413,31.4039]]],[[[130.1413,31.4041],[130.1413,31.4042],[130.1413,31.4041],[130.1413,31.4041]]],[[[130.1415,31.4041],[130.1414,31.4042],[130.1414,31.4042],[130.1415,31.4041]]],[[[130.141,31.4047],[130.1409,31.4049],[130.141,31.4049],[130.141,31.4047]]],[[[130.1396,31.4052],[130.1397,31.4053],[130.1397,31.4052],[130.1396,31.4052]]],[[[130.1401,31.4054],[130.1403,31.4054],[130.1403,31.4054],[130.1401,31.4054]]],[[[130.1398,31.4055],[130.1397,31.4056],[130.1398,31.4056],[130.1398,31.4055]]],[[[130.1363,31.4066],[130.1363,31.4067],[130.1363,31.4067],[130.1363,31.4066]]],[[[130.1328,31.4077],[130.133,31.4074],[130.1329,31.4074],[130.1328,31.4077]]],[[[130.1362,31.408],[130.1361,31.4079],[130.1362,31.408],[130.1362,31.408]]],[[[130.1332,31.4087],[130.1334,31.4088],[130.1334,31.4087],[130.1332,31.4087]]],[[[130.1331,31.4091],[130.1334,31.4091],[130.1332,31.409],[130.1331,31.4091]]],[[[130.1329,31.4093],[130.1326,31.4096],[130.133,31.4094],[130.1329,31.4093]]],[[[130.1335,31.4203],[130.134,31.4208],[130.135,31.4207],[130.1341,31.4206],[130.1335,31.4203]]],[[[130.1423,31.4217],[130.1421,31.4216],[130.1421,31.4217],[130.1423,31.4217]]],[[[130.1424,31.422],[130.1423,31.4221],[130.1424,31.422],[130.1424,31.422]]],[[[130.1423,31.4222],[130.1422,31.4222],[130.1423,31.4222],[130.1423,31.4222]]],[[[130.1551,31.4328],[130.155,31.433],[130.1552,31.4329],[130.1551,31.4328]]],[[[130.1552,31.4335],[130.1551,31.4334],[130.1551,31.4335],[130.1552,31.4335]]],[[[130.1552,31.4336],[130.1551,31.4338],[130.1552,31.4338],[130.1552,31.4336]]],[[[130.1553,31.4338],[130.1552,31.4339],[130.1554,31.4339],[130.1553,31.4338]]],[[[130.1553,31.434],[130.1552,31.4341],[130.1553,31.4341],[130.1553,31.434]]],[[[130.1574,31.4385],[130.1568,31.4384],[130.1568,31.4387],[130.1574,31.4385]]],[[[130.1574,31.4393],[130.1577,31.4393],[130.1577,31.4392],[130.1574,31.4393]]],[[[130.1582,31.4396],[130.1582,31.4397],[130.1583,31.4396],[130.1582,31.4396]]],[[[130.1589,31.4407],[130.1592,31.4404],[130.1591,31.4403],[130.1589,31.4407]]],[[[130.1764,31.321],[130.1765,31.321],[130.1765,31.3209],[130.1764,31.321]]],[[[130.1769,31.321],[130.1769,31.321],[130.1768,31.321],[130.1769,31.321]]],[[[130.1746,31.3211],[130.1747,31.3211],[130.1746,31.3211],[130.1746,31.3211]]],[[[130.1829,31.3213],[130.183,31.3212],[130.183,31.3212],[130.1829,31.3213]]],[[[130.1759,31.3213],[130.176,31.3213],[130.176,31.3212],[130.1759,31.3213]]],[[[130.1773,31.3213],[130.1774,31.3215],[130.1773,31.3213],[130.1773,31.3213]]],[[[130.1751,31.3218],[130.175,31.3213],[130.1747,31.3215],[130.1751,31.3218]]],[[[130.1738,31.3216],[130.1738,31.3215],[130.1738,31.3216],[130.1738,31.3216]]],[[[130.1753,31.322],[130.1753,31.322],[130.1752,31.322],[130.1753,31.322]]],[[[130.1747,31.3221],[130.1747,31.322],[130.1746,31.3221],[130.1747,31.3221]]],[[[130.1741,31.322],[130.1743,31.3223],[130.1742,31.322],[130.1741,31.322]]],[[[130.1751,31.3223],[130.1752,31.3221],[130.175,31.3222],[130.1751,31.3223]]],[[[130.1708,31.3226],[130.1709,31.322],[130.1703,31.3222],[130.1708,31.3226]]],[[[130.173,31.3225],[130.1731,31.3224],[130.173,31.3224],[130.173,31.3225]]],[[[130.1746,31.3224],[130.1747,31.3226],[130.1748,31.3224],[130.1746,31.3224]]],[[[130.1743,31.3224],[130.174,31.3229],[130.1745,31.3227],[130.1743,31.3224]]],[[[130.1734,31.3229],[130.1735,31.3228],[130.1735,31.3227],[130.1734,31.3229]]],[[[130.1732,31.3229],[130.1732,31.3228],[130.1732,31.3229],[130.1732,31.3229]]],[[[130.1727,31.323],[130.1727,31.3229],[130.1726,31.3229],[130.1727,31.323]]],[[[130.1821,31.3231],[130.1822,31.323],[130.1821,31.3231],[130.1821,31.3231]]],[[[130.1717,31.323],[130.1712,31.3232],[130.1717,31.3232],[130.1717,31.323]]],[[[130.1827,31.3231],[130.1828,31.3231],[130.1827,31.323],[130.1827,31.3231]]],[[[130.1736,31.3231],[130.1734,31.3234],[130.1737,31.3234],[130.1736,31.3231]]],[[[130.1728,31.3233],[130.1728,31.3235],[130.173,31.3235],[130.1728,31.3233]]],[[[130.1723,31.3235],[130.1723,31.3234],[130.1723,31.3235],[130.1723,31.3235]]],[[[130.1832,31.3236],[130.1832,31.3235],[130.1832,31.3236],[130.1832,31.3236]]],[[[130.1732,31.3236],[130.1732,31.3235],[130.1731,31.3235],[130.1732,31.3236]]],[[[130.1716,31.3235],[130.1716,31.3238],[130.1716,31.3237],[130.1716,31.3235]]],[[[130.1731,31.3238],[130.1731,31.3237],[130.1731,31.3237],[130.1731,31.3238]]],[[[130.1727,31.3235],[130.1725,31.324],[130.1727,31.324],[130.1727,31.3235]]],[[[130.173,31.3238],[130.1729,31.3238],[130.1729,31.3239],[130.173,31.3238]]],[[[130.172,31.3238],[130.1721,31.3242],[130.1722,31.3238],[130.172,31.3238]]],[[[130.1729,31.3241],[130.1729,31.324],[130.1729,31.3241],[130.1729,31.3241]]],[[[130.1731,31.3241],[130.1731,31.3241],[130.1731,31.3241],[130.1731,31.3241]]],[[[130.1729,31.3242],[130.1729,31.3242],[130.1729,31.3242],[130.1729,31.3242]]],[[[130.1731,31.3243],[130.1731,31.3242],[130.1731,31.3242],[130.1731,31.3243]]],[[[130.172,31.3243],[130.172,31.3242],[130.172,31.3243],[130.172,31.3243]]],[[[130.1723,31.3241],[130.1724,31.3245],[130.1726,31.3244],[130.1723,31.3241]]],[[[130.1734,31.3245],[130.1733,31.3249],[130.1735,31.3249],[130.1734,31.3245]]],[[[130.1714,31.3252],[130.1713,31.3248],[130.1712,31.3251],[130.1714,31.3252]]],[[[130.1711,31.3247],[130.1705,31.3251],[130.1709,31.3254],[130.1711,31.3247]]],[[[130.1744,31.3257],[130.1745,31.3256],[130.1744,31.3257],[130.1744,31.3257]]],[[[130.1743,31.3264],[130.1745,31.3265],[130.1745,31.3263],[130.1743,31.3264]]],[[[130.1753,31.3277],[130.1752,31.3272],[130.1751,31.3275],[130.1753,31.3277]]],[[[130.1757,31.3277],[130.1758,31.3276],[130.1757,31.3277],[130.1757,31.3277]]],[[[130.1797,31.3305],[130.1797,31.3304],[130.1796,31.3304],[130.1797,31.3305]]],[[[130.1801,31.3304],[130.1801,31.3304],[130.1801,31.3304],[130.1801,31.3304]]],[[[130.1799,31.3305],[130.1798,31.3304],[130.1798,31.3304],[130.1799,31.3305]]],[[[130.1804,31.3305],[130.1803,31.3304],[130.1803,31.3305],[130.1804,31.3305]]],[[[130.1794,31.3305],[130.1794,31.3305],[130.1794,31.3305],[130.1794,31.3305]]],[[[130.1799,31.3307],[130.18,31.3307],[130.1799,31.3306],[130.1799,31.3307]]],[[[130.1796,31.3308],[130.1796,31.3307],[130.1795,31.3307],[130.1796,31.3308]]],[[[130.1787,31.3309],[130.1789,31.3309],[130.1788,31.3308],[130.1787,31.3309]]],[[[130.1809,31.331],[130.1808,31.331],[130.1809,31.331],[130.1809,31.331]]],[[[130.1806,31.3311],[130.1807,31.3311],[130.1807,31.331],[130.1806,31.3311]]],[[[130.1813,31.3315],[130.1809,31.332],[130.1812,31.3321],[130.1813,31.3315]]],[[[130.1617,31.3526],[130.1619,31.3528],[130.162,31.3526],[130.1617,31.3526]]],[[[130.1694,31.3644],[130.1688,31.3608],[130.1673,31.361],[130.1659,31.3591],[130.1658,31.3568],[130.1672,31.3549],[130.1666,31.3534],[130.1618,31.3502],[130.1633,31.3529],[130.1618,31.3529],[130.1609,31.3525],[130.1601,31.3538],[130.1612,31.3541],[130.1596,31.3557],[130.1585,31.3548],[130.1586,31.3561],[130.1605,31.3566],[130.1626,31.3597],[130.1686,31.3642],[130.1694,31.3644]]],[[[130.1686,31.3603],[130.1684,31.3605],[130.1687,31.3605],[130.1686,31.3603]]],[[[130.1794,31.3647],[130.1792,31.3647],[130.1794,31.3647],[130.1794,31.3647]]],[[[130.1692,31.3653],[130.169,31.3646],[130.1686,31.3648],[130.1692,31.3653]]],[[[130.1803,31.3652],[130.1801,31.3652],[130.1803,31.3652],[130.1803,31.3652]]],[[[130.178,31.3652],[130.1779,31.3653],[130.178,31.3652],[130.178,31.3652]]],[[[130.1786,31.3653],[130.1786,31.3653],[130.1786,31.3653],[130.1786,31.3653]]],[[[130.1773,31.3655],[130.1775,31.3657],[130.1776,31.3654],[130.1773,31.3655]]],[[[130.1778,31.3656],[130.1781,31.3656],[130.1781,31.3654],[130.1778,31.3656]]],[[[130.1698,31.366],[130.1692,31.3654],[130.1691,31.3658],[130.1698,31.366]]],[[[130.1712,31.3659],[130.171,31.3657],[130.171,31.3659],[130.1712,31.3659]]],[[[130.1767,31.3659],[130.1766,31.366],[130.1767,31.3659],[130.1767,31.3659]]],[[[130.1716,31.3659],[130.1716,31.366],[130.1717,31.366],[130.1716,31.3659]]],[[[130.1767,31.3661],[130.1767,31.3662],[130.1768,31.3661],[130.1767,31.3661]]],[[[130.1741,31.3664],[130.174,31.3663],[130.1741,31.3665],[130.1741,31.3664]]],[[[130.174,31.3665],[130.1738,31.3666],[130.174,31.3666],[130.174,31.3665]]],[[[130.1725,31.3665],[130.1724,31.3666],[130.1725,31.3666],[130.1725,31.3665]]],[[[130.1729,31.3666],[130.173,31.3666],[130.173,31.3666],[130.1729,31.3666]]],[[[130.1714,31.3669],[130.1713,31.367],[130.1714,31.367],[130.1714,31.3669]]],[[[130.1718,31.3671],[130.1717,31.3672],[130.1718,31.3671],[130.1718,31.3671]]],[[[130.1717,31.3673],[130.1718,31.3673],[130.1718,31.3672],[130.1717,31.3673]]],[[[130.1714,31.3675],[130.1714,31.3675],[130.1715,31.3675],[130.1714,31.3675]]],[[[130.1718,31.3675],[130.1719,31.3675],[130.1718,31.3675],[130.1718,31.3675]]],[[[130.1714,31.3677],[130.1715,31.3676],[130.1714,31.3677],[130.1714,31.3677]]],[[[130.171,31.3708],[130.1709,31.3709],[130.171,31.3708],[130.171,31.3708]]],[[[130.1711,31.3708],[130.1712,31.3709],[130.1712,31.3708],[130.1711,31.3708]]],[[[130.172,31.3711],[130.1718,31.371],[130.1719,31.3711],[130.172,31.3711]]],[[[130.1722,31.371],[130.1722,31.3711],[130.1722,31.371],[130.1722,31.371]]],[[[130.1699,31.3712],[130.1697,31.3711],[130.1697,31.3712],[130.1699,31.3712]]],[[[130.1721,31.373],[130.172,31.3731],[130.1721,31.3731],[130.1721,31.373]]],[[[130.1715,31.3732],[130.1714,31.373],[130.1713,31.373],[130.1715,31.3732]]],[[[130.1717,31.3734],[130.1718,31.3735],[130.1718,31.3734],[130.1717,31.3734]]],[[[130.1712,31.3737],[130.1713,31.3736],[130.1712,31.3736],[130.1712,31.3737]]],[[[130.1701,31.3737],[130.1701,31.3737],[130.1701,31.3737],[130.1701,31.3737]]],[[[130.1711,31.3738],[130.1709,31.3737],[130.1709,31.3738],[130.1711,31.3738]]],[[[130.1642,31.3737],[130.1643,31.3738],[130.1644,31.3737],[130.1642,31.3737]]],[[[130.1705,31.374],[130.1704,31.3737],[130.1704,31.3739],[130.1705,31.374]]],[[[130.1648,31.3741],[130.1646,31.374],[130.1646,31.374],[130.1648,31.3741]]],[[[130.1623,31.3748],[130.1623,31.3749],[130.1623,31.3747],[130.1623,31.3748]]],[[[130.1621,31.3748],[130.162,31.3749],[130.1621,31.3749],[130.1621,31.3748]]],[[[130.1623,31.3757],[130.1627,31.3751],[130.1621,31.3751],[130.1623,31.3757]]],[[[130.1619,31.3756],[130.1619,31.3757],[130.1619,31.3756],[130.1619,31.3756]]],[[[130.1608,31.3775],[130.1609,31.3773],[130.1607,31.3774],[130.1608,31.3775]]],[[[130.1607,31.3782],[130.1606,31.378],[130.1606,31.3781],[130.1607,31.3782]]],[[[130.1596,31.3788],[130.1598,31.3787],[130.1596,31.3786],[130.1596,31.3788]]],[[[130.1805,31.4273],[130.1814,31.4261],[130.18,31.4253],[130.1788,31.4271],[130.1805,31.4273]]],[[[130.1661,31.4358],[130.1663,31.4356],[130.1661,31.4355],[130.1661,31.4358]]],[[[130.1664,31.4363],[130.1665,31.4361],[130.1662,31.4361],[130.1664,31.4363]]],[[[130.1648,31.4378],[130.1642,31.4377],[130.1642,31.4378],[130.1648,31.4378]]],[[[130.1606,31.4397],[130.1604,31.4395],[130.1604,31.4397],[130.1606,31.4397]]],[[[130.1999,31.2805],[130.2003,31.281],[130.2004,31.281],[130.1999,31.2805]]],[[[130.1998,31.281],[130.1999,31.281],[130.1998,31.281],[130.1998,31.281]]],[[[130.2003,31.2814],[130.2005,31.2813],[130.2005,31.2813],[130.2003,31.2814]]],[[[130.2001,31.2829],[130.2003,31.2831],[130.2004,31.2829],[130.2001,31.2829]]],[[[130.1997,31.2883],[130.1998,31.2887],[130.2,31.2886],[130.1997,31.2883]]],[[[130.1973,31.2911],[130.1975,31.2913],[130.1976,31.2911],[130.1973,31.2911]]],[[[130.1968,31.2913],[130.1969,31.2912],[130.1968,31.2912],[130.1968,31.2913]]],[[[130.1971,31.2913],[130.197,31.2912],[130.197,31.2913],[130.1971,31.2913]]],[[[130.1987,31.2918],[130.1987,31.2917],[130.1986,31.2917],[130.1987,31.2918]]],[[[130.1988,31.2919],[130.1987,31.2919],[130.1987,31.2919],[130.1988,31.2919]]],[[[130.1989,31.2924],[130.1989,31.2924],[130.1989,31.2924],[130.1989,31.2924]]],[[[130.1991,31.2925],[130.199,31.2925],[130.199,31.2925],[130.1991,31.2925]]],[[[130.1992,31.2927],[130.1991,31.2927],[130.1992,31.2928],[130.1992,31.2927]]],[[[130.1992,31.2932],[130.1993,31.2931],[130.1992,31.2932],[130.1992,31.2932]]],[[[130.1991,31.2938],[130.1992,31.2936],[130.1992,31.2936],[130.1991,31.2938]]],[[[130.1986,31.2941],[130.1987,31.2942],[130.1985,31.294],[130.1986,31.2941]]],[[[130.1994,31.2942],[130.1994,31.2942],[130.1993,31.2942],[130.1994,31.2942]]],[[[130.1988,31.2957],[130.1989,31.2956],[130.1988,31.2956],[130.1988,31.2957]]],[[[130.1993,31.2965],[130.1993,31.2964],[130.1992,31.2964],[130.1993,31.2965]]],[[[130.1997,31.2969],[130.1996,31.2968],[130.1996,31.2969],[130.1997,31.2969]]],[[[130.1975,31.3137],[130.1975,31.3137],[130.1976,31.3136],[130.1975,31.3137]]],[[[130.1982,31.3155],[130.1983,31.3154],[130.1981,31.3155],[130.1982,31.3155]]],[[[130.1926,31.3155],[130.1925,31.3155],[130.1925,31.3155],[130.1926,31.3155]]],[[[130.1929,31.3156],[130.1929,31.3155],[130.1929,31.3155],[130.1929,31.3156]]],[[[130.1933,31.3156],[130.1934,31.3158],[130.1935,31.3157],[130.1933,31.3156]]],[[[130.1926,31.3157],[130.1927,31.3156],[130.1927,31.3156],[130.1926,31.3157]]],[[[130.1907,31.3158],[130.1909,31.3157],[130.1908,31.3157],[130.1907,31.3158]]],[[[130.1927,31.316],[130.1927,31.3159],[130.1927,31.3159],[130.1927,31.316]]],[[[130.1988,31.316],[130.1987,31.316],[130.1987,31.3161],[130.1988,31.316]]],[[[130.1977,31.316],[130.1978,31.3161],[130.1978,31.3159],[130.1977,31.316]]],[[[130.1986,31.3162],[130.1985,31.3162],[130.1985,31.3162],[130.1986,31.3162]]],[[[130.1903,31.3163],[130.1903,31.3162],[130.1902,31.3162],[130.1903,31.3163]]],[[[130.1956,31.3163],[130.1957,31.3163],[130.1956,31.3162],[130.1956,31.3163]]],[[[130.1952,31.3164],[130.1954,31.3164],[130.1953,31.3163],[130.1952,31.3164]]],[[[130.1964,31.3169],[130.1965,31.3171],[130.1965,31.3169],[130.1964,31.3169]]],[[[130.1834,31.3207],[130.1837,31.321],[130.1834,31.3206],[130.1834,31.3207]]],[[[130.1885,31.321],[130.1885,31.321],[130.1885,31.321],[130.1885,31.321]]],[[[130.1882,31.3213],[130.1883,31.3212],[130.1882,31.3212],[130.1882,31.3213]]],[[[130.1883,31.3215],[130.1883,31.3214],[130.1883,31.3214],[130.1883,31.3215]]],[[[130.1868,31.3218],[130.1868,31.3217],[130.1867,31.3217],[130.1868,31.3218]]],[[[130.1863,31.322],[130.1864,31.3219],[130.1863,31.3219],[130.1863,31.322]]],[[[130.1834,31.3232],[130.1835,31.3231],[130.1834,31.3231],[130.1834,31.3232]]],[[[130.1833,31.3303],[130.1833,31.3303],[130.1833,31.3303],[130.1833,31.3303]]],[[[130.1944,31.3304],[130.1944,31.3304],[130.1943,31.3304],[130.1944,31.3304]]],[[[130.1851,31.3306],[130.1851,31.3305],[130.185,31.3306],[130.1851,31.3306]]],[[[130.1945,31.331],[130.1946,31.331],[130.1945,31.331],[130.1945,31.331]]],[[[130.1861,31.3311],[130.186,31.3311],[130.1861,31.3311],[130.1861,31.3311]]],[[[130.1864,31.3313],[130.1862,31.3312],[130.1861,31.3313],[130.1864,31.3313]]],[[[130.1866,31.3314],[130.1866,31.3313],[130.1866,31.3314],[130.1866,31.3314]]],[[[130.1868,31.3315],[130.1869,31.3316],[130.1869,31.3315],[130.1868,31.3315]]],[[[130.1865,31.3316],[130.1866,31.3316],[130.1865,31.3316],[130.1865,31.3316]]],[[[130.187,31.3318],[130.187,31.3318],[130.187,31.3319],[130.187,31.3318]]],[[[130.1869,31.3321],[130.1868,31.3321],[130.1869,31.3321],[130.1869,31.3321]]],[[[130.1871,31.3322],[130.1871,31.3322],[130.1871,31.3322],[130.1871,31.3322]]],[[[130.1912,31.3324],[130.1911,31.3323],[130.1911,31.3323],[130.1912,31.3324]]],[[[130.1908,31.3324],[130.1907,31.3323],[130.1907,31.3323],[130.1908,31.3324]]],[[[130.1872,31.3324],[130.1872,31.3324],[130.1871,31.3324],[130.1872,31.3324]]],[[[130.1866,31.3325],[130.1866,31.3324],[130.1865,31.3324],[130.1866,31.3325]]],[[[130.1915,31.3325],[130.1915,31.3324],[130.1914,31.3325],[130.1915,31.3325]]],[[[130.187,31.3325],[130.187,31.3325],[130.1869,31.3325],[130.187,31.3325]]],[[[130.186,31.3326],[130.186,31.3325],[130.186,31.3326],[130.186,31.3326]]],[[[130.1868,31.3327],[130.1868,31.3326],[130.1868,31.3326],[130.1868,31.3327]]],[[[130.1864,31.3329],[130.1864,31.3328],[130.1863,31.3328],[130.1864,31.3329]]],[[[130.1909,31.3328],[130.1908,31.3329],[130.1909,31.3329],[130.1909,31.3328]]],[[[130.1907,31.3328],[130.1906,31.3329],[130.1907,31.3329],[130.1907,31.3328]]],[[[130.1903,31.3331],[130.19,31.3328],[130.19,31.333],[130.1903,31.3331]]],[[[130.1863,31.333],[130.1863,31.333],[130.1863,31.333],[130.1863,31.333]]],[[[130.1907,31.333],[130.1907,31.333],[130.1907,31.3331],[130.1907,31.333]]],[[[130.1859,31.3331],[130.1859,31.333],[130.1859,31.333],[130.1859,31.3331]]],[[[130.186,31.3332],[130.186,31.3331],[130.186,31.3332],[130.186,31.3332]]],[[[130.1905,31.3332],[130.1906,31.3334],[130.1906,31.3333],[130.1905,31.3332]]],[[[130.1871,31.3329],[130.1869,31.3337],[130.1873,31.3334],[130.1871,31.3329]]],[[[130.1904,31.3334],[130.1902,31.3334],[130.1902,31.3334],[130.1904,31.3334]]],[[[130.1863,31.3334],[130.1864,31.3335],[130.1863,31.3333],[130.1863,31.3334]]],[[[130.1994,31.3335],[130.1993,31.3335],[130.1993,31.3335],[130.1994,31.3335]]],[[[130.1902,31.3337],[130.1902,31.3338],[130.1904,31.3336],[130.1902,31.3337]]],[[[130.1903,31.334],[130.1904,31.3339],[130.1903,31.3339],[130.1903,31.334]]],[[[130.2003,31.3554],[130.2006,31.3553],[130.2003,31.3554],[130.2003,31.3554]]],[[[130.198,31.3554],[130.1978,31.3558],[130.1981,31.3555],[130.198,31.3554]]],[[[130.1998,31.3556],[130.2,31.3557],[130.2,31.3556],[130.1998,31.3556]]],[[[130.2004,31.3562],[130.2004,31.3564],[130.2006,31.3563],[130.2004,31.3562]]],[[[130.2004,31.3566],[130.1998,31.3565],[130.2003,31.3569],[130.2004,31.3566]]],[[[130.1857,31.3662],[130.1855,31.3662],[130.1856,31.3663],[130.1857,31.3662]]],[[[130.1937,31.4221],[130.1939,31.4219],[130.1936,31.422],[130.1937,31.4221]]],[[[130.1944,31.4235],[130.1941,31.4233],[130.1943,31.4235],[130.1944,31.4235]]],[[[130.1939,31.4235],[130.194,31.4233],[130.1938,31.4233],[130.1939,31.4235]]],[[[130.1944,31.4281],[130.1941,31.4278],[130.194,31.428],[130.1944,31.4281]]],[[[130.1878,31.4281],[130.1879,31.4282],[130.1879,31.4281],[130.1878,31.4281]]],[[[130.1945,31.4282],[130.1944,31.4283],[130.1945,31.4283],[130.1945,31.4282]]],[[[130.1875,31.4282],[130.1875,31.4284],[130.1876,31.4283],[130.1875,31.4282]]],[[[130.1883,31.4285],[130.1882,31.4285],[130.1884,31.4285],[130.1883,31.4285]]],[[[130.1938,31.4288],[130.1937,31.4288],[130.1938,31.4289],[130.1938,31.4288]]],[[[130.1876,31.4289],[130.1875,31.4289],[130.1875,31.4289],[130.1876,31.4289]]],[[[130.1934,31.429],[130.1933,31.429],[130.1934,31.4291],[130.1934,31.429]]],[[[130.1913,31.4296],[130.1911,31.4296],[130.1912,31.4296],[130.1913,31.4296]]],[[[130.1923,31.4297],[130.1923,31.4298],[130.1924,31.4298],[130.1923,31.4297]]],[[[130.1928,31.4299],[130.193,31.4297],[130.1927,31.4299],[130.1928,31.4299]]],[[[130.1848,31.4309],[130.1847,31.431],[130.1848,31.431],[130.1848,31.4309]]],[[[130.1849,31.4312],[130.1849,31.4312],[130.1849,31.4312],[130.1849,31.4312]]],[[[130.1898,31.4313],[130.1897,31.4312],[130.1897,31.4314],[130.1898,31.4313]]],[[[130.1848,31.4313],[130.1847,31.4315],[130.1848,31.4315],[130.1848,31.4313]]],[[[130.1867,31.4319],[130.1866,31.4317],[130.1866,31.4319],[130.1867,31.4319]]],[[[130.1848,31.4321],[130.1847,31.4319],[130.1847,31.4321],[130.1848,31.4321]]],[[[130.1861,31.4337],[130.1865,31.4318],[130.185,31.4314],[130.1848,31.4328],[130.1861,31.4337]]],[[[130.1971,31.4335],[130.197,31.4336],[130.1971,31.4337],[130.1971,31.4335]]],[[[130.1966,31.4337],[130.1966,31.4336],[130.1965,31.4337],[130.1966,31.4337]]],[[[130.1963,31.4338],[130.1962,31.4337],[130.1963,31.4338],[130.1963,31.4338]]],[[[130.2149,31.2482],[130.2153,31.2486],[130.2155,31.2486],[130.2149,31.2482]]],[[[130.2156,31.2489],[130.2151,31.249],[130.2157,31.2491],[130.2156,31.2489]]],[[[130.2147,31.2509],[130.2149,31.251],[130.215,31.2509],[130.2147,31.2509]]],[[[130.2144,31.2524],[130.2143,31.2523],[130.2143,31.2523],[130.2144,31.2524]]],[[[130.2137,31.2526],[130.2137,31.2525],[130.2136,31.2525],[130.2137,31.2526]]],[[[130.2142,31.2527],[130.2143,31.2526],[130.2142,31.2526],[130.2142,31.2527]]],[[[130.2152,31.2528],[130.2152,31.2527],[130.2151,31.2527],[130.2152,31.2528]]],[[[130.2154,31.253],[130.2154,31.2528],[130.2153,31.2529],[130.2154,31.253]]],[[[130.2135,31.254],[130.2136,31.2539],[130.2135,31.2539],[130.2135,31.254]]],[[[130.2134,31.2544],[130.2131,31.2543],[130.213,31.2544],[130.2134,31.2544]]],[[[130.2137,31.2543],[130.214,31.2548],[130.2142,31.2546],[130.2137,31.2543]]],[[[130.2125,31.2551],[130.2125,31.2553],[130.2127,31.2552],[130.2125,31.2551]]],[[[130.2127,31.2582],[130.2129,31.2581],[130.2127,31.2581],[130.2127,31.2582]]],[[[130.2112,31.2584],[130.211,31.2583],[130.2109,31.2584],[130.2112,31.2584]]],[[[130.2116,31.2586],[130.2115,31.2585],[130.2115,31.2585],[130.2116,31.2586]]],[[[130.2112,31.2587],[130.211,31.2586],[130.211,31.2587],[130.2112,31.2587]]],[[[130.2134,31.2592],[130.2135,31.2591],[130.2134,31.2591],[130.2134,31.2592]]],[[[130.2108,31.2598],[130.2119,31.2588],[130.2103,31.2592],[130.2108,31.2598]]],[[[130.2134,31.2594],[130.2134,31.2593],[130.2134,31.2594],[130.2134,31.2594]]],[[[130.2135,31.26],[130.2133,31.2598],[130.2133,31.2599],[130.2135,31.26]]],[[[130.2137,31.26],[130.2138,31.2601],[130.2138,31.2601],[130.2137,31.26]]],[[[130.2134,31.2601],[130.2133,31.2602],[130.2134,31.2602],[130.2134,31.2601]]],[[[130.214,31.2602],[130.2139,31.2602],[130.2139,31.2602],[130.214,31.2602]]],[[[130.2137,31.2604],[130.2136,31.2604],[130.2136,31.2604],[130.2137,31.2604]]],[[[130.2141,31.2608],[130.2141,31.2609],[130.2141,31.2608],[130.2141,31.2608]]],[[[130.2139,31.2611],[130.2139,31.2611],[130.2139,31.2611],[130.2139,31.2611]]],[[[130.2157,31.2625],[130.2152,31.2626],[130.2158,31.2628],[130.2157,31.2625]]],[[[130.2147,31.2629],[130.2149,31.2633],[130.215,31.2633],[130.2147,31.2629]]],[[[130.2154,31.263],[130.2155,31.2632],[130.2157,31.2632],[130.2154,31.263]]],[[[130.2154,31.2631],[130.2153,31.2631],[130.2154,31.2632],[130.2154,31.2631]]],[[[130.2141,31.264],[130.2141,31.2643],[130.2142,31.2641],[130.2141,31.264]]],[[[130.2151,31.2651],[130.2157,31.2635],[130.2136,31.2632],[130.2151,31.2651]]],[[[130.216,31.2643],[130.216,31.2642],[130.216,31.2642],[130.216,31.2643]]],[[[130.2135,31.2641],[130.2138,31.2645],[130.2139,31.2643],[130.2135,31.2641]]],[[[130.216,31.2645],[130.216,31.2644],[130.2159,31.2644],[130.216,31.2645]]],[[[130.2142,31.2711],[130.2144,31.2712],[130.2142,31.2711],[130.2142,31.2711]]],[[[130.2148,31.2715],[130.2151,31.2716],[130.2148,31.2714],[130.2148,31.2715]]],[[[130.2129,31.2722],[130.2129,31.2723],[130.213,31.2721],[130.2129,31.2722]]],[[[130.2152,31.2747],[130.2152,31.2748],[130.2152,31.2747],[130.2152,31.2747]]],[[[130.2147,31.2755],[130.2148,31.2754],[130.2147,31.2754],[130.2147,31.2755]]],[[[130.2055,31.2763],[130.2058,31.2772],[130.2059,31.2772],[130.2055,31.2763]]],[[[130.2062,31.2778],[130.2063,31.2787],[130.2068,31.2789],[130.2062,31.2778]]],[[[130.2056,31.2788],[130.2055,31.2794],[130.2057,31.2795],[130.2056,31.2788]]],[[[130.2062,31.2798],[130.207,31.2793],[130.206,31.2788],[130.2062,31.2798]]],[[[130.2051,31.279],[130.2052,31.2797],[130.2055,31.2797],[130.2051,31.279]]],[[[130.2044,31.2795],[130.2047,31.2799],[130.2044,31.2793],[130.2044,31.2795]]],[[[130.206,31.2798],[130.2059,31.2797],[130.2059,31.2798],[130.206,31.2798]]],[[[130.2061,31.2799],[130.2061,31.2799],[130.206,31.2799],[130.2061,31.2799]]],[[[130.2047,31.28],[130.2046,31.2799],[130.2046,31.28],[130.2047,31.28]]],[[[130.2061,31.2801],[130.2062,31.28],[130.2061,31.28],[130.2061,31.2801]]],[[[130.2065,31.2801],[130.2064,31.2801],[130.2064,31.2801],[130.2065,31.2801]]],[[[130.2057,31.2802],[130.2057,31.2801],[130.2057,31.2801],[130.2057,31.2802]]],[[[130.2055,31.2802],[130.2055,31.2802],[130.2054,31.2802],[130.2055,31.2802]]],[[[130.2049,31.2804],[130.205,31.2805],[130.205,31.2804],[130.2049,31.2804]]],[[[130.205,31.2808],[130.2049,31.2807],[130.2049,31.2807],[130.205,31.2808]]],[[[130.2052,31.2809],[130.2053,31.2806],[130.2051,31.2807],[130.2052,31.2809]]],[[[130.2056,31.2805],[130.2053,31.281],[130.2053,31.2811],[130.2056,31.2805]]],[[[130.2057,31.2809],[130.2057,31.2808],[130.2057,31.2809],[130.2057,31.2809]]],[[[130.2051,31.2813],[130.2051,31.2812],[130.205,31.2812],[130.2051,31.2813]]],[[[130.2045,31.2813],[130.2047,31.2814],[130.2047,31.2812],[130.2045,31.2813]]],[[[130.2042,31.2816],[130.2038,31.2816],[130.2043,31.2817],[130.2042,31.2816]]],[[[130.2006,31.2816],[130.201,31.2817],[130.2006,31.2815],[130.2006,31.2816]]],[[[130.2002,31.2817],[130.2006,31.2822],[130.2008,31.2821],[130.2002,31.2817]]],[[[130.2032,31.2819],[130.2034,31.2821],[130.2035,31.2819],[130.2032,31.2819]]],[[[130.2025,31.2821],[130.2027,31.2821],[130.2025,31.282],[130.2025,31.2821]]],[[[130.2011,31.2823],[130.2012,31.2822],[130.2011,31.2822],[130.2011,31.2823]]],[[[130.2014,31.2824],[130.2015,31.2824],[130.2014,31.2823],[130.2014,31.2824]]],[[[130.2007,31.2831],[130.2006,31.2829],[130.2006,31.2831],[130.2007,31.2831]]],[[[130.2006,31.2834],[130.2006,31.2833],[130.2006,31.2833],[130.2006,31.2834]]],[[[130.2094,31.2837],[130.2094,31.2836],[130.2093,31.2836],[130.2094,31.2837]]],[[[130.2007,31.2838],[130.2009,31.2838],[130.2008,31.2837],[130.2007,31.2838]]],[[[130.2102,31.285],[130.2102,31.2849],[130.2101,31.285],[130.2102,31.285]]],[[[130.2106,31.285],[130.2106,31.2849],[130.2106,31.285],[130.2106,31.285]]],[[[130.2004,31.2849],[130.2007,31.285],[130.2005,31.2848],[130.2004,31.2849]]],[[[130.201,31.285],[130.2012,31.2853],[130.2013,31.2851],[130.201,31.285]]],[[[130.2007,31.2875],[130.2006,31.2874],[130.2006,31.2874],[130.2007,31.2875]]],[[[130.2007,31.2977],[130.2009,31.2976],[130.2007,31.2975],[130.2007,31.2977]]],[[[130.2003,31.2976],[130.2006,31.2978],[130.2006,31.2977],[130.2003,31.2976]]],[[[130.2152,31.3032],[130.2151,31.3031],[130.2151,31.3032],[130.2152,31.3032]]],[[[130.2145,31.3037],[130.2146,31.3035],[130.2145,31.3036],[130.2145,31.3037]]],[[[130.2162,31.3039],[130.2156,31.3039],[130.2156,31.3042],[130.2162,31.3039]]],[[[130.2149,31.304],[130.215,31.3044],[130.2151,31.304],[130.2149,31.304]]],[[[130.2161,31.3044],[130.2158,31.3047],[130.2161,31.3045],[130.2161,31.3044]]],[[[130.2055,31.3139],[130.2055,31.3138],[130.2055,31.3139],[130.2055,31.3139]]],[[[130.2042,31.3142],[130.2042,31.3142],[130.2042,31.3142],[130.2042,31.3142]]],[[[130.2048,31.3146],[130.2047,31.3145],[130.2047,31.3145],[130.2048,31.3146]]],[[[130.2049,31.3147],[130.2049,31.3147],[130.2049,31.3147],[130.2049,31.3147]]],[[[130.2047,31.3149],[130.2047,31.3148],[130.2047,31.3149],[130.2047,31.3149]]],[[[130.2036,31.3155],[130.2038,31.3154],[130.2037,31.3154],[130.2036,31.3155]]],[[[130.2041,31.3155],[130.2042,31.3154],[130.204,31.3155],[130.2041,31.3155]]],[[[130.2027,31.3158],[130.2029,31.3162],[130.203,31.3161],[130.2027,31.3158]]],[[[130.2023,31.316],[130.2023,31.3164],[130.2026,31.3164],[130.2023,31.316]]],[[[130.2058,31.3419],[130.2056,31.3424],[130.2058,31.3424],[130.2058,31.3419]]],[[[130.2077,31.3431],[130.2076,31.3432],[130.2077,31.3433],[130.2077,31.3431]]],[[[130.2092,31.3438],[130.2091,31.3438],[130.2092,31.3439],[130.2092,31.3438]]],[[[130.2027,31.3479],[130.203,31.348],[130.2028,31.3477],[130.2027,31.3479]]],[[[130.2065,31.3486],[130.2064,31.3483],[130.2064,31.3485],[130.2065,31.3486]]],[[[130.2064,31.3488],[130.2065,31.3487],[130.2063,31.3487],[130.2064,31.3488]]],[[[130.2023,31.3491],[130.2025,31.3493],[130.2026,31.349],[130.2023,31.3491]]],[[[130.2034,31.3518],[130.2037,31.3517],[130.2034,31.3514],[130.2034,31.3518]]],[[[130.2041,31.3522],[130.2039,31.3521],[130.2039,31.3522],[130.2041,31.3522]]],[[[130.2007,31.3557],[130.2004,31.3554],[130.2002,31.3556],[130.2007,31.3557]]],[[[130.2015,31.4155],[130.2007,31.4131],[130.1994,31.4134],[130.2015,31.4155]]],[[[130.2029,31.4153],[130.2034,31.4156],[130.2034,31.4154],[130.2029,31.4153]]],[[[130.2075,31.4162],[130.2072,31.4167],[130.2078,31.4164],[130.2075,31.4162]]],[[[130.2037,31.4171],[130.2039,31.4174],[130.204,31.4172],[130.2037,31.4171]]],[[[130.2046,31.4179],[130.2046,31.417],[130.2042,31.4175],[130.2046,31.4179]]],[[[130.2162,31.248],[130.216,31.2483],[130.2163,31.248],[130.2162,31.248]]],[[[130.2194,31.2496],[130.2195,31.2495],[130.2193,31.2495],[130.2194,31.2496]]],[[[130.2176,31.2499],[130.2178,31.2495],[130.2174,31.2498],[130.2176,31.2499]]],[[[130.2199,31.2497],[130.2201,31.2501],[130.2204,31.25],[130.2199,31.2497]]],[[[130.2195,31.25],[130.2196,31.2501],[130.2196,31.25],[130.2195,31.25]]],[[[130.2198,31.2502],[130.2198,31.2501],[130.2197,31.2502],[130.2198,31.2502]]],[[[130.2201,31.2503],[130.2202,31.2502],[130.2201,31.2502],[130.2201,31.2503]]],[[[130.2187,31.2503],[130.2187,31.2504],[130.2187,31.2504],[130.2187,31.2503]]],[[[130.2188,31.2506],[130.2187,31.2505],[130.2187,31.2506],[130.2188,31.2506]]],[[[130.2188,31.2508],[130.2189,31.2507],[130.2188,31.2507],[130.2188,31.2508]]],[[[130.2208,31.2512],[130.2204,31.2505],[130.2201,31.2506],[130.2208,31.2512]]],[[[130.2191,31.2509],[130.2191,31.2509],[130.2191,31.2509],[130.2191,31.2509]]],[[[130.2194,31.251],[130.2194,31.2509],[130.2193,31.251],[130.2194,31.251]]],[[[130.2199,31.251],[130.2202,31.2511],[130.2202,31.2509],[130.2199,31.251]]],[[[130.2492,31.2516],[130.249,31.2508],[130.2489,31.2516],[130.2492,31.2516]]],[[[130.2231,31.2516],[130.2233,31.2517],[130.2231,31.2515],[130.2231,31.2516]]],[[[130.2302,31.2516],[130.2301,31.2515],[130.2301,31.2517],[130.2302,31.2516]]],[[[130.2305,31.2517],[130.2306,31.2518],[130.2306,31.2517],[130.2305,31.2517]]],[[[130.2491,31.2519],[130.2492,31.2519],[130.2491,31.2518],[130.2491,31.2519]]],[[[130.2427,31.2521],[130.2428,31.2521],[130.2427,31.2519],[130.2427,31.2521]]],[[[130.2307,31.2522],[130.2308,31.2521],[130.2307,31.2521],[130.2307,31.2522]]],[[[130.2234,31.252],[130.223,31.252],[130.2235,31.2525],[130.2234,31.252]]],[[[130.2489,31.2523],[130.2491,31.2522],[130.2491,31.2521],[130.2489,31.2523]]],[[[130.2489,31.2526],[130.2488,31.2526],[130.2488,31.2526],[130.2489,31.2526]]],[[[130.2308,31.253],[130.2305,31.2522],[130.2298,31.2528],[130.2308,31.253]]],[[[130.249,31.2528],[130.2492,31.2527],[130.2491,31.2526],[130.249,31.2528]]],[[[130.2487,31.2528],[130.2488,31.2528],[130.2487,31.2528],[130.2487,31.2528]]],[[[130.2441,31.2528],[130.2444,31.2529],[130.2442,31.2528],[130.2441,31.2528]]],[[[130.244,31.253],[130.2441,31.2529],[130.244,31.2528],[130.244,31.253]]],[[[130.2484,31.2531],[130.2483,31.2531],[130.2484,31.2532],[130.2484,31.2531]]],[[[130.2496,31.2533],[130.2494,31.2533],[130.2496,31.2533],[130.2496,31.2533]]],[[[130.2221,31.2533],[130.2221,31.2532],[130.2221,31.2532],[130.2221,31.2533]]],[[[130.2486,31.2534],[130.2484,31.2534],[130.2485,31.2534],[130.2486,31.2534]]],[[[130.25,31.2536],[130.25,31.2536],[130.25,31.2536],[130.25,31.2536]]],[[[130.2483,31.2536],[130.2483,31.2536],[130.2483,31.2536],[130.2483,31.2536]]],[[[130.2479,31.2537],[130.2479,31.2537],[130.248,31.2537],[130.2479,31.2537]]],[[[130.2501,31.2538],[130.25,31.2538],[130.2501,31.2538],[130.2501,31.2538]]],[[[130.2481,31.2539],[130.2481,31.2538],[130.248,31.2539],[130.2481,31.2539]]],[[[130.2588,31.2539],[130.259,31.2537],[130.2589,31.2537],[130.2588,31.2539]]],[[[130.2331,31.2539],[130.2331,31.2538],[130.233,31.2539],[130.2331,31.2539]]],[[[130.25,31.254],[130.25,31.2539],[130.2499,31.2539],[130.25,31.254]]],[[[130.2503,31.2541],[130.2502,31.2541],[130.2503,31.2542],[130.2503,31.2541]]],[[[130.2309,31.2542],[130.231,31.2543],[130.231,31.2542],[130.2309,31.2542]]],[[[130.2327,31.2543],[130.2331,31.2542],[130.233,31.2541],[130.2327,31.2543]]],[[[130.2315,31.2543],[130.2313,31.2543],[130.2313,31.2543],[130.2315,31.2543]]],[[[130.2502,31.2544],[130.2501,31.2543],[130.2502,31.2544],[130.2502,31.2544]]],[[[130.2598,31.2543],[130.2598,31.2544],[130.2599,31.2544],[130.2598,31.2543]]],[[[130.2504,31.2543],[130.2504,31.2544],[130.2505,31.2544],[130.2504,31.2543]]],[[[130.2596,31.2547],[130.2598,31.2546],[130.2595,31.2544],[130.2596,31.2547]]],[[[130.2315,31.2548],[130.2317,31.2545],[130.2315,31.2545],[130.2315,31.2548]]],[[[130.2592,31.2549],[130.2595,31.2548],[130.2593,31.2546],[130.2592,31.2549]]],[[[130.2612,31.255],[130.2615,31.255],[130.2611,31.2549],[130.2612,31.255]]],[[[130.2599,31.2553],[130.2599,31.255],[130.2598,31.2551],[130.2599,31.2553]]],[[[130.2588,31.2553],[130.2588,31.2554],[130.2588,31.2554],[130.2588,31.2553]]],[[[130.2514,31.2553],[130.2513,31.2554],[130.2514,31.2554],[130.2514,31.2553]]],[[[130.2615,31.2555],[130.2614,31.2553],[130.2613,31.2553],[130.2615,31.2555]]],[[[130.2536,31.2555],[130.2538,31.2554],[130.2536,31.2553],[130.2536,31.2555]]],[[[130.2516,31.2557],[130.2517,31.2555],[130.2516,31.2555],[130.2516,31.2557]]],[[[130.2598,31.2557],[130.2598,31.2554],[130.2597,31.2555],[130.2598,31.2557]]],[[[130.259,31.2557],[130.2589,31.2557],[130.259,31.2557],[130.259,31.2557]]],[[[130.2591,31.2556],[130.2595,31.2558],[130.2593,31.2555],[130.2591,31.2556]]],[[[130.2525,31.2558],[130.2523,31.2556],[130.2525,31.2558],[130.2525,31.2558]]],[[[130.2415,31.2557],[130.2415,31.2558],[130.2415,31.2558],[130.2415,31.2557]]],[[[130.2566,31.256],[130.2565,31.2559],[130.2566,31.256],[130.2566,31.256]]],[[[130.2545,31.256],[130.2545,31.256],[130.2545,31.256],[130.2545,31.256]]],[[[130.2562,31.256],[130.2561,31.256],[130.2562,31.2561],[130.2562,31.256]]],[[[130.2331,31.256],[130.233,31.256],[130.233,31.2561],[130.2331,31.256]]],[[[130.2553,31.2561],[130.2552,31.2561],[130.2553,31.2562],[130.2553,31.2561]]],[[[130.233,31.2562],[130.233,31.2562],[130.233,31.2561],[130.233,31.2562]]],[[[130.2566,31.2561],[130.2566,31.2563],[130.2567,31.2563],[130.2566,31.2561]]],[[[130.2565,31.2562],[130.2564,31.2562],[130.2565,31.2563],[130.2565,31.2562]]],[[[130.2545,31.2561],[130.2543,31.2563],[130.2546,31.2563],[130.2545,31.2561]]],[[[130.2597,31.2563],[130.2593,31.2562],[130.2593,31.2564],[130.2597,31.2563]]],[[[130.2551,31.2562],[130.2551,31.2563],[130.2551,31.2563],[130.2551,31.2562]]],[[[130.2553,31.2563],[130.2552,31.2564],[130.2553,31.2564],[130.2553,31.2563]]],[[[130.2579,31.2569],[130.2579,31.257],[130.258,31.257],[130.2579,31.2569]]],[[[130.2586,31.2575],[130.2585,31.2576],[130.2586,31.2575],[130.2586,31.2575]]],[[[130.24,31.2585],[130.2399,31.2584],[130.2399,31.2586],[130.24,31.2585]]],[[[130.2404,31.2587],[130.2402,31.2588],[130.2403,31.2588],[130.2404,31.2587]]],[[[130.2399,31.2589],[130.2399,31.2588],[130.2398,31.2589],[130.2399,31.2589]]],[[[130.2396,31.259],[130.2394,31.259],[130.2396,31.2591],[130.2396,31.259]]],[[[130.2163,31.2639],[130.2164,31.2638],[130.2163,31.2638],[130.2163,31.2639]]],[[[130.2216,31.2722],[130.2216,31.2722],[130.2215,31.2722],[130.2216,31.2722]]],[[[130.223,31.2724],[130.223,31.2723],[130.2229,31.2723],[130.223,31.2724]]],[[[130.2228,31.2725],[130.2228,31.2724],[130.2227,31.2724],[130.2228,31.2725]]],[[[130.2238,31.2726],[130.224,31.2725],[130.224,31.2725],[130.2238,31.2726]]],[[[130.2232,31.2726],[130.2232,31.2725],[130.2231,31.2725],[130.2232,31.2726]]],[[[130.2172,31.2773],[130.2172,31.2776],[130.2174,31.2775],[130.2172,31.2773]]],[[[130.2174,31.2777],[130.2175,31.2778],[130.2175,31.2776],[130.2174,31.2777]]],[[[130.221,31.2826],[130.2207,31.2827],[130.2209,31.2827],[130.221,31.2826]]],[[[130.2254,31.2828],[130.2254,31.2826],[130.2253,31.2826],[130.2254,31.2828]]],[[[130.2203,31.2828],[130.2204,31.2828],[130.2203,31.2828],[130.2203,31.2828]]],[[[130.2165,31.3036],[130.2165,31.3035],[130.2164,31.3035],[130.2165,31.3036]]],[[[130.2163,31.3038],[130.2163,31.3037],[130.2163,31.3037],[130.2163,31.3038]]],[[[130.2184,31.3156],[130.2183,31.3156],[130.2184,31.3156],[130.2184,31.3156]]],[[[130.2165,31.3163],[130.2166,31.3163],[130.2165,31.3163],[130.2165,31.3163]]],[[[130.4349,31.4926],[130.4373,31.4899],[130.4408,31.4893],[130.4436,31.4855],[130.4434,31.4837],[130.4452,31.4831],[130.4459,31.4758],[130.4429,31.4758],[130.4359,31.472],[130.4334,31.4725],[130.4313,31.4702],[130.4294,31.4706],[130.4284,31.4681],[130.426,31.4676],[130.4247,31.4661],[130.4218,31.4662],[130.4185,31.458],[130.4187,31.4564],[130.4149,31.4531],[130.4097,31.4439],[130.4043,31.4426],[130.4017,31.4394],[130.3964,31.4379],[130.3955,31.4334],[130.3908,31.4294],[130.3896,31.4253],[130.3831,31.4217],[130.3842,31.4182],[130.381,31.412],[130.3743,31.4109],[130.368,31.4138],[130.3655,31.411],[130.3603,31.4121],[130.3563,31.404],[130.3408,31.3935],[130.34,31.3897],[130.3355,31.3857],[130.3361,31.3832],[130.3402,31.3803],[130.3389,31.374],[130.3369,31.3711],[130.3373,31.3692],[130.3389,31.369],[130.3388,31.3674],[130.3352,31.3619],[130.3325,31.3617],[130.3283,31.3566],[130.3284,31.3547],[130.327,31.3528],[130.3284,31.3493],[130.3272,31.3454],[130.321,31.345],[130.318,31.3411],[130.3162,31.3411],[130.3116,31.3351],[130.3091,31.3353],[130.3087,31.337],[130.3067,31.337],[130.3023,31.3397],[130.2964,31.3378],[130.2936,31.335],[130.2921,31.3309],[130.2868,31.3317],[130.285,31.3309],[130.2801,31.3243],[130.2784,31.324],[130.2751,31.3208],[130.2734,31.3176],[130.271,31.3171],[130.2686,31.3144],[130.2634,31.3137],[130.2622,31.3116],[130.2532,31.3122],[130.2513,31.3111],[130.2475,31.3131],[130.2461,31.3123],[130.2429,31.305],[130.252,31.303],[130.2571,31.2991],[130.2589,31.2957],[130.2668,31.2929],[130.2651,31.2894],[130.263,31.2887],[130.2579,31.2837],[130.2586,31.2809],[130.2512,31.2768],[130.2549,31.2699],[130.2619,31.2645],[130.2638,31.259],[130.2619,31.256],[130.26,31.256],[130.26,31.2576],[130.2582,31.258],[130.2565,31.2566],[130.2533,31.2567],[130.2515,31.2559],[130.2491,31.2531],[130.2482,31.2541],[130.2476,31.254],[130.2472,31.2546],[130.245,31.2539],[130.2438,31.2529],[130.2428,31.2516],[130.2431,31.2523],[130.2425,31.2533],[130.2413,31.2532],[130.2418,31.2558],[130.2406,31.2586],[130.2398,31.2593],[130.237,31.2596],[130.2341,31.2552],[130.2334,31.2563],[130.2321,31.2565],[130.2276,31.2512],[130.2267,31.2521],[130.2262,31.2503],[130.2251,31.2502],[130.2256,31.2521],[130.2239,31.2516],[130.2231,31.254],[130.222,31.2537],[130.2211,31.2524],[130.2196,31.2531],[130.2198,31.2514],[130.2172,31.2501],[130.2164,31.2482],[130.216,31.2497],[130.2144,31.2496],[130.2169,31.252],[130.2153,31.2522],[130.2157,31.2532],[130.2144,31.2528],[130.2153,31.2545],[130.214,31.2549],[130.2125,31.2545],[130.2135,31.2559],[130.212,31.2571],[130.2145,31.2577],[130.215,31.2593],[130.2139,31.2597],[130.2143,31.2606],[130.2141,31.2613],[130.2158,31.2623],[130.2175,31.2611],[130.2192,31.263],[130.2202,31.2622],[130.2209,31.2645],[130.2189,31.2669],[130.2209,31.2675],[130.2223,31.2665],[130.2234,31.2694],[130.2251,31.2702],[130.2244,31.2694],[130.2258,31.2667],[130.2269,31.2677],[130.2264,31.2693],[130.2273,31.2678],[130.2293,31.2681],[130.2279,31.2683],[130.2285,31.2708],[130.225,31.2726],[130.2237,31.2728],[130.2217,31.2724],[130.2205,31.2735],[130.2155,31.2714],[130.2142,31.2723],[130.2153,31.2731],[130.2154,31.2739],[130.2142,31.2738],[130.2155,31.2745],[130.2149,31.2754],[130.2173,31.2756],[130.218,31.2776],[130.2209,31.276],[130.222,31.2739],[130.2238,31.2741],[130.2241,31.2759],[130.2264,31.2774],[130.226,31.2783],[130.2267,31.2799],[130.2264,31.2785],[130.2276,31.2775],[130.2283,31.2784],[130.2274,31.2796],[130.2291,31.2784],[130.2295,31.2814],[130.2264,31.2831],[130.2228,31.2832],[130.2217,31.2822],[130.2215,31.2827],[130.2195,31.2833],[130.215,31.2825],[130.2167,31.2888],[130.2157,31.29],[130.2123,31.2896],[130.2114,31.287],[130.212,31.286],[130.2095,31.2852],[130.2096,31.284],[130.2075,31.2828],[130.2034,31.2828],[130.2026,31.284],[130.2025,31.2822],[130.2012,31.2828],[130.2006,31.2824],[130.202,31.2861],[130.1985,31.2912],[130.1993,31.2923],[130.1994,31.294],[130.2001,31.2947],[130.199,31.2947],[130.1991,31.2957],[130.2003,31.2975],[130.203,31.2961],[130.208,31.2976],[130.2109,31.2998],[130.2131,31.2991],[130.2158,31.3012],[130.2166,31.3034],[130.2184,31.3009],[130.2212,31.3016],[130.2194,31.2991],[130.2203,31.2998],[130.2219,31.2988],[130.2211,31.301],[130.2223,31.3008],[130.2263,31.3057],[130.2255,31.3087],[130.2224,31.3113],[130.2206,31.3109],[130.2212,31.3103],[130.22,31.3112],[130.2166,31.309],[130.2199,31.3123],[130.2185,31.3158],[130.2163,31.3164],[130.2143,31.3211],[130.2072,31.3219],[130.2062,31.3206],[130.2071,31.3201],[130.2039,31.3183],[130.2059,31.3157],[130.2057,31.3141],[130.2044,31.316],[130.2021,31.3167],[130.1994,31.3159],[130.1966,31.3173],[130.1908,31.316],[130.1892,31.317],[130.1885,31.3217],[130.1863,31.3223],[130.1834,31.3213],[130.1842,31.3225],[130.1834,31.3238],[130.1819,31.3232],[130.1796,31.3242],[130.1772,31.3226],[130.1769,31.3211],[130.1732,31.324],[130.1748,31.3251],[130.1746,31.3269],[130.1766,31.3271],[130.1774,31.3293],[130.1797,31.3298],[130.1809,31.3308],[130.1813,31.3296],[130.1846,31.3301],[130.1874,31.3315],[130.1876,31.3329],[130.1894,31.3313],[130.1911,31.3322],[130.1958,31.3293],[130.1999,31.3341],[130.2045,31.3347],[130.2044,31.336],[130.2065,31.3374],[130.2058,31.3418],[130.2094,31.3432],[130.2097,31.3475],[130.2078,31.3491],[130.2046,31.3497],[130.2032,31.3488],[130.203,31.35],[130.2023,31.3497],[130.2026,31.3508],[130.2037,31.3508],[130.2041,31.3523],[130.2031,31.3537],[130.2015,31.3533],[130.2015,31.3542],[130.1994,31.3534],[130.201,31.3551],[130.2012,31.3578],[130.2002,31.3586],[130.1972,31.3555],[130.1969,31.3571],[130.1953,31.3579],[130.193,31.3551],[130.1921,31.3559],[130.1896,31.355],[130.189,31.356],[130.1901,31.3564],[130.1891,31.3579],[130.19,31.3582],[130.191,31.3622],[130.1905,31.3667],[130.1891,31.3681],[130.1877,31.3683],[130.1854,31.3664],[130.1851,31.3656],[130.1839,31.3656],[130.1846,31.3663],[130.1827,31.3651],[130.1805,31.3664],[130.1794,31.3652],[130.1787,31.3659],[130.1773,31.3658],[130.177,31.3662],[130.1762,31.3664],[130.1747,31.3664],[130.1734,31.3673],[130.1737,31.3694],[130.1727,31.3724],[130.1718,31.3735],[130.1692,31.3749],[130.1639,31.3747],[130.1622,31.3779],[130.1603,31.3787],[130.1599,31.3816],[130.1587,31.3827],[130.1573,31.3836],[130.1525,31.3851],[130.1527,31.3871],[130.1514,31.3895],[130.1493,31.3899],[130.1478,31.394],[130.1471,31.3943],[130.146,31.394],[130.1469,31.395],[130.1462,31.3957],[130.1464,31.3961],[130.1463,31.3965],[130.1455,31.3976],[130.1441,31.3973],[130.1451,31.3979],[130.144,31.4004],[130.143,31.4004],[130.1436,31.4019],[130.1425,31.4039],[130.138,31.4077],[130.1355,31.4085],[130.1337,31.4085],[130.1323,31.4113],[130.1316,31.4119],[130.1288,31.4122],[130.1282,31.4136],[130.1212,31.4169],[130.1175,31.4164],[130.1119,31.4139],[130.1106,31.4129],[130.109,31.4105],[130.1087,31.409],[130.1068,31.4112],[130.1074,31.4168],[130.1098,31.4197],[130.1097,31.4216],[130.1158,31.424],[130.1195,31.4226],[130.122,31.4235],[130.1255,31.4206],[130.133,31.4191],[130.1344,31.4182],[130.1319,31.4173],[130.1329,31.4134],[130.1358,31.4132],[130.1363,31.4143],[130.1351,31.4159],[130.1338,31.4156],[130.1349,31.4179],[130.1358,31.4169],[130.1394,31.4181],[130.1421,31.4208],[130.1456,31.4275],[130.1476,31.4279],[130.1506,31.4309],[130.1549,31.4316],[130.1579,31.4392],[130.1598,31.4402],[130.1607,31.4389],[130.1629,31.4372],[130.1651,31.437],[130.1671,31.4336],[130.1679,31.4335],[130.1671,31.4323],[130.1691,31.4305],[130.1702,31.4231],[130.1715,31.4233],[130.1722,31.4222],[130.1715,31.4232],[130.1703,31.4228],[130.1716,31.4223],[130.1707,31.422],[130.171,31.4203],[130.173,31.4191],[130.1757,31.4193],[130.1795,31.4231],[130.1812,31.423],[130.1853,31.4185],[130.1829,31.4209],[130.1823,31.4205],[130.1819,31.4218],[130.1808,31.4205],[130.1842,31.4181],[130.183,31.4173],[130.1835,31.4144],[130.1868,31.4143],[130.1855,31.4139],[130.1857,31.4131],[130.1866,31.4138],[130.1858,31.413],[130.1867,31.4103],[130.1891,31.4107],[130.1877,31.4112],[130.1902,31.4139],[130.1896,31.418],[130.1911,31.4195],[130.1898,31.4215],[130.19,31.4237],[130.1865,31.4257],[130.1927,31.4295],[130.1932,31.4268],[130.1909,31.4257],[130.1905,31.4242],[130.1914,31.4191],[130.1929,31.4174],[130.1917,31.4146],[130.1929,31.4131],[130.192,31.4107],[130.1933,31.4108],[130.1939,31.4103],[130.1922,31.4105],[130.1931,31.4086],[130.1964,31.4081],[130.1989,31.4089],[130.2045,31.4059],[130.2252,31.4024],[130.2246,31.3992],[130.2256,31.399],[130.2278,31.3997],[130.2293,31.4025],[130.2307,31.403],[130.2306,31.4072],[130.2333,31.4097],[130.2512,31.4176],[130.2505,31.4125],[130.2511,31.412],[130.2521,31.4147],[130.2515,31.4163],[130.2539,31.4204],[130.2536,31.4261],[130.2548,31.4278],[130.2537,31.4261],[130.254,31.418],[130.2559,31.4181],[130.2559,31.4194],[130.2565,31.4198],[130.2566,31.4185],[130.2596,31.4198],[130.2583,31.422],[130.255,31.4201],[130.2546,31.4257],[130.2553,31.4268],[130.2551,31.4209],[130.2584,31.4221],[130.2591,31.421],[130.2615,31.4216],[130.2715,31.4268],[130.285,31.4438],[130.2892,31.4462],[130.2921,31.4536],[130.3063,31.4766],[130.313,31.4908],[130.3194,31.4893],[130.3221,31.4858],[130.3374,31.4863],[130.342,31.4846],[130.3434,31.4859],[130.3478,31.4857],[130.3459,31.4834],[130.3517,31.478],[130.3571,31.4759],[130.3608,31.4798],[130.3732,31.4785],[130.3781,31.4757],[130.3828,31.4772],[130.3864,31.4751],[130.3993,31.4779],[130.4056,31.4824],[130.4076,31.4825],[130.411,31.4868],[130.416,31.4886],[130.4208,31.4887],[130.424,31.4906],[130.433,31.4907],[130.4349,31.4926]]],[[[130.2274,31.4002],[130.2273,31.4001],[130.2272,31.4003],[130.2274,31.4002]]],[[[130.2577,31.4205],[130.2569,31.42],[130.2569,31.42],[130.2577,31.4205]]]]}},{"type":"Feature","properties":{"code":"46221","name":"志布志市","pref_code":"46","pref":"鹿児島県"},"geometry":{"type":"MultiPolygon","coordinates":[[[[131.1172,31.4253],[131.1172,31.4249],[131.117,31.4248],[131.1172,31.4253]]],[[[131.1185,31.4251],[131.1186,31.4251],[131.1186,31.4251],[131.1185,31.4251]]],[[[131.1177,31.4254],[131.1176,31.4253],[131.1175,31.4251],[131.1175,31.4254],[131.1177,31.4254]]],[[[131.1172,31.4255],[131.1173,31.4254],[131.1172,31.4254],[131.1172,31.4255]]],[[[131.1161,31.4256],[131.1161,31.4259],[131.1162,31.426],[131.1161,31.4256]]],[[[131.1161,31.4263],[131.1159,31.4262],[131.1159,31.4264],[131.1161,31.4263]]],[[[131.1135,31.4294],[131.1135,31.4294],[131.1135,31.4294],[131.1135,31.4294]]],[[[131.1166,31.4339],[131.1185,31.4301],[131.1178,31.4273],[131.1193,31.4257],[131.1169,31.4259],[131.114,31.4295],[131.1164,31.4313],[131.1166,31.4339]]],[[[131.1134,31.4298],[131.1134,31.4298],[131.1134,31.4299],[131.1134,31.4298]]],[[[131.1137,31.43],[131.1137,31.4299],[131.1137,31.4299],[131.1137,31.43]]],[[[131.1135,31.43],[131.1136,31.4301],[131.1136,31.43],[131.1135,31.43]]],[[[131.119,31.4303],[131.119,31.4305],[131.1191,31.4304],[131.119,31.4303]]],[[[131.1189,31.4309],[131.119,31.4308],[131.119,31.4307],[131.1189,31.4309]]],[[[131.1174,31.4335],[131.1173,31.4335],[131.1173,31.4335],[131.1174,31.4335]]],[[[131.1076,31.4577],[131.0875,31.4353],[131.0874,31.4354],[131.1075,31.4579],[131.1117,31.4581],[131.1076,31.4577]]],[[[131.0921,31.4581],[131.0924,31.458],[131.094,31.4568],[131.0921,31.4581]]],[[[131.0964,31.4578],[131.0971,31.4582],[131.0956,31.457],[131.0964,31.4578]]],[[[131.1078,31.4615],[131.1098,31.4657],[131.11,31.4657],[131.108,31.4615],[131.1087,31.4592],[131.1078,31.4615]]],[[[131.1095,31.4667],[131.1087,31.4658],[131.11,31.4675],[131.1095,31.4667]]],[[[130.9391,31.511],[130.9374,31.5084],[130.9378,31.5063],[130.9354,31.5044],[130.9318,31.504],[130.9298,31.5084],[130.928,31.5078],[130.9271,31.5094],[130.9278,31.51],[130.93,31.5088],[130.9331,31.5107],[130.9347,31.5138],[130.9368,31.5135],[130.9384,31.5158],[130.9391,31.511]]],[[[130.9457,31.5098],[130.944,31.5111],[130.9445,31.5116],[130.9457,31.5098]]],[[[130.9334,31.514],[130.9304,31.5108],[130.9296,31.5108],[130.9303,31.513],[130.9334,31.514]]],[[[130.9279,31.5133],[130.9248,31.5116],[130.924,31.5121],[130.9264,31.5148],[130.9279,31.5133]]],[[[130.9616,31.5187],[130.9667,31.5165],[130.9653,31.5149],[130.9592,31.5161],[130.9616,31.5187]]],[[[130.94,31.5292],[130.9411,31.5274],[130.9406,31.526],[130.943,31.5228],[130.9384,31.5267],[130.9374,31.5297],[130.94,31.5292]]],[[[130.946,31.5328],[130.9513,31.5293],[130.9456,31.5301],[130.9452,31.5315],[130.946,31.5328]]],[[[130.9562,31.5403],[130.9629,31.5402],[130.965,31.5386],[130.9638,31.5384],[130.9627,31.5351],[130.9609,31.5345],[130.9633,31.5345],[130.9606,31.5307],[130.9578,31.5338],[130.9564,31.5328],[130.9568,31.5347],[130.9539,31.5348],[130.9539,31.5362],[130.9579,31.5389],[130.9561,31.5394],[130.9562,31.5403]]],[[[131.1884,31.6246],[131.1901,31.6178],[131.1873,31.6154],[131.1852,31.6105],[131.1865,31.6052],[131.1923,31.5986],[131.1976,31.5951],[131.1986,31.591],[131.2008,31.5894],[131.2055,31.58],[131.2029,31.5712],[131.2001,31.5693],[131.2018,31.5671],[131.1997,31.5641],[131.1956,31.5628],[131.1938,31.5599],[131.1889,31.5575],[131.1954,31.5523],[131.1969,31.5495],[131.1959,31.5467],[131.1976,31.5456],[131.1989,31.5415],[131.1972,31.5387],[131.2015,31.5313],[131.2002,31.5295],[131.201,31.5269],[131.2,31.523],[131.2008,31.5177],[131.1971,31.5117],[131.189,31.5083],[131.1872,31.5087],[131.1844,31.507],[131.179,31.5062],[131.1754,31.5025],[131.1717,31.5019],[131.17,31.4999],[131.169,31.4967],[131.171,31.4941],[131.1658,31.4891],[131.1632,31.4841],[131.1645,31.4744],[131.1622,31.4669],[131.163,31.4654],[131.1603,31.4619],[131.1581,31.4633],[131.1562,31.4631],[131.1535,31.4674],[131.1523,31.4674],[131.1517,31.4664],[131.1448,31.4683],[131.1415,31.466],[131.1425,31.465],[131.1403,31.4641],[131.1398,31.4609],[131.1381,31.4607],[131.137,31.4671],[131.1354,31.4671],[131.1347,31.4685],[131.1341,31.4674],[131.133,31.4674],[131.1343,31.4688],[131.1334,31.4692],[131.1325,31.4678],[131.1325,31.4693],[131.1313,31.4702],[131.1304,31.4694],[131.1299,31.4707],[131.1254,31.4709],[131.1243,31.4733],[131.122,31.4733],[131.1213,31.4746],[131.1096,31.4731],[131.1118,31.4745],[131.1106,31.4762],[131.1087,31.4763],[131.109,31.4737],[131.1077,31.474],[131.1087,31.4715],[131.1073,31.4707],[131.1058,31.4728],[131.1038,31.4705],[131.1054,31.4683],[131.1018,31.4645],[131.1001,31.4659],[131.0997,31.4688],[131.0984,31.468],[131.0994,31.4667],[131.0973,31.465],[131.0991,31.4602],[131.0972,31.4584],[131.0949,31.457],[131.0876,31.4616],[131.0843,31.4596],[131.0852,31.4578],[131.0839,31.4562],[131.0859,31.4532],[131.0874,31.4545],[131.0896,31.451],[131.0878,31.4494],[131.0913,31.4486],[131.0877,31.4492],[131.085,31.448],[131.0782,31.4582],[131.0734,31.4556],[131.0759,31.4534],[131.0751,31.4527],[131.0729,31.4549],[131.0604,31.4462],[131.056,31.4487],[131.0504,31.4442],[131.0491,31.446],[131.0517,31.4471],[131.0508,31.4483],[131.0525,31.4492],[131.0513,31.4531],[131.0538,31.4529],[131.0545,31.456],[131.0526,31.4569],[131.0525,31.4544],[131.0484,31.4537],[131.0463,31.4568],[131.0489,31.4572],[131.0497,31.4559],[131.0522,31.4572],[131.0444,31.462],[131.0417,31.4624],[131.0324,31.4602],[131.0294,31.4653],[131.0274,31.4656],[131.0203,31.4727],[131.015,31.4719],[131.015,31.4708],[131.0097,31.4657],[131.0081,31.4592],[131.0045,31.4584],[131.0027,31.4562],[131.0027,31.454],[131.0011,31.4534],[131.0007,31.4559],[130.9989,31.4574],[130.9924,31.4545],[130.983,31.4602],[130.9819,31.4616],[130.9819,31.4643],[130.976,31.4643],[130.9732,31.4692],[130.9634,31.4742],[130.9631,31.4804],[130.9667,31.4859],[130.9684,31.4957],[130.9716,31.4971],[130.9691,31.503],[130.9657,31.5028],[130.9614,31.5008],[130.9571,31.5018],[130.9565,31.503],[130.9594,31.5036],[130.9623,31.5062],[130.9662,31.506],[130.9691,31.5108],[130.9756,31.5099],[130.9765,31.5149],[130.9718,31.5162],[130.9726,31.5196],[130.9718,31.5213],[130.9725,31.5229],[130.9745,31.5229],[130.977,31.5249],[130.9723,31.5272],[130.9706,31.5294],[130.9725,31.5314],[130.9721,31.534],[130.9743,31.5396],[130.9755,31.5384],[130.9777,31.5384],[130.9849,31.5412],[130.9875,31.5385],[130.992,31.5376],[130.9955,31.5354],[130.9962,31.5362],[130.9999,31.536],[131.0022,31.5293],[131.0073,31.531],[131.0103,31.5301],[131.0112,31.533],[131.0183,31.5352],[131.0238,31.5387],[131.0262,31.5422],[131.0257,31.5443],[131.0189,31.5458],[131.0187,31.5533],[131.0198,31.555],[131.0238,31.5564],[131.0252,31.5548],[131.0278,31.5554],[131.0298,31.5583],[131.0323,31.5593],[131.0321,31.5613],[131.0392,31.5649],[131.0387,31.5704],[131.0396,31.5718],[131.0378,31.5729],[131.0381,31.5743],[131.0362,31.575],[131.037,31.5731],[131.0357,31.5729],[131.0332,31.5771],[131.0335,31.5784],[131.0298,31.5795],[131.0296,31.5831],[131.028,31.5831],[131.0276,31.5854],[131.026,31.5834],[131.022,31.5867],[131.0209,31.5898],[131.0182,31.5902],[131.0177,31.5916],[131.0152,31.5917],[131.0146,31.5926],[131.016,31.5957],[131.0209,31.5958],[131.0228,31.5972],[131.0257,31.6047],[131.0299,31.6088],[131.0367,31.6111],[131.037,31.6074],[131.0391,31.6068],[131.0397,31.6047],[131.0423,31.6035],[131.049,31.6021],[131.0524,31.605],[131.0557,31.5998],[131.0627,31.6006],[131.0701,31.5975],[131.0789,31.5967],[131.0827,31.5935],[131.0883,31.5949],[131.0956,31.5936],[131.1008,31.595],[131.1016,31.5931],[131.1069,31.5934],[131.1093,31.5899],[131.1155,31.5951],[131.1192,31.5968],[131.122,31.5962],[131.1224,31.6038],[131.1241,31.6062],[131.1325,31.6055],[131.134,31.6063],[131.139,31.605],[131.1497,31.6112],[131.1516,31.6102],[131.1559,31.6122],[131.1553,31.6153],[131.1567,31.6191],[131.1666,31.6239],[131.1683,31.6316],[131.1699,31.6335],[131.1777,31.6307],[131.1787,31.6297],[131.1784,31.6277],[131.1802,31.6263],[131.1884,31.6246]],[[130.9949,31.4795],[130.9864,31.4791],[130.9846,31.4774],[130.9868,31.4709],[130.984,31.4692],[130.9868,31.4672],[130.9888,31.4685],[130.9917,31.4683],[130.9923,31.4673],[130.9905,31.4647],[130.991,31.464],[130.991,31.465],[130.993,31.4658],[130.9931,31.4698],[130.9949,31.4717],[130.9931,31.4705],[130.9924,31.4728],[130.9902,31.4733],[130.9905,31.4763],[130.9941,31.478],[130.9949,31.4795]]],[[[131.1208,31.4243],[131.1208,31.4244],[131.1209,31.4245],[131.1208,31.4243]]],[[[131.1202,31.4245],[131.1203,31.4246],[131.1203,31.4245],[131.1202,31.4245]]],[[[131.1214,31.4246],[131.1215,31.4245],[131.1214,31.4245],[131.1214,31.4246]]],[[[131.1209,31.4247],[131.1209,31.4246],[131.1208,31.4246],[131.1209,31.4247]]],[[[131.1207,31.4245],[131.1207,31.4248],[131.1208,31.4248],[131.1207,31.4245]]],[[[131.121,31.4248],[131.121,31.4249],[131.1211,31.4248],[131.121,31.4248]]],[[[131.1204,31.4249],[131.1204,31.4249],[131.1204,31.4249],[131.1204,31.4249]]],[[[131.12,31.4249],[131.1201,31.4249],[131.1201,31.4249],[131.12,31.4249]]],[[[131.1206,31.4249],[131.1206,31.425],[131.1206,31.4249],[131.1206,31.4249],[131.1206,31.4249]]],[[[131.1208,31.4249],[131.1209,31.4252],[131.121,31.425],[131.1208,31.4249]]],[[[131.1205,31.4251],[131.1205,31.4251],[131.1205,31.4251],[131.1205,31.4251]]],[[[131.1214,31.4252],[131.1215,31.4252],[131.1214,31.4251],[131.1214,31.4252]]],[[[131.1192,31.4253],[131.1192,31.4256],[131.1193,31.4253],[131.1192,31.4253]]],[[[131.119,31.429],[131.1192,31.4289],[131.1191,31.4287],[131.119,31.429]]],[[[131.1192,31.4297],[131.1192,31.4295],[131.1192,31.4297],[131.1192,31.4297]]],[[[131.1189,31.4299],[131.1191,31.43],[131.1192,31.4299],[131.1189,31.4299]]],[[[131.1191,31.4301],[131.1192,31.4301],[131.1191,31.4301],[131.1191,31.4301]]],[[[131.1362,31.4651],[131.1361,31.4649],[131.1361,31.4651],[131.1362,31.4651]]],[[[131.1316,31.4652],[131.1315,31.4649],[131.1314,31.465],[131.1316,31.4652]]],[[[131.1321,31.4653],[131.1319,31.4651],[131.1317,31.4652],[131.1321,31.4653]]],[[[131.1329,31.4651],[131.1328,31.4653],[131.1329,31.4652],[131.1329,31.4651]]],[[[131.1363,31.4652],[131.1361,31.4653],[131.1363,31.4654],[131.1363,31.4652]]],[[[131.1324,31.4655],[131.1323,31.4656],[131.1324,31.4656],[131.1324,31.4655]]],[[[131.1322,31.4657],[131.1323,31.4653],[131.1318,31.4654],[131.132,31.4659],[131.1327,31.4658],[131.1322,31.4657]]],[[[131.1309,31.4673],[131.1315,31.4666],[131.1319,31.4659],[131.1309,31.4673]]],[[[131.1325,31.4688],[131.1323,31.4688],[131.1325,31.4688],[131.1325,31.4688]]],[[[131.1282,31.4699],[131.128,31.4701],[131.1284,31.47],[131.1282,31.4699]]],[[[131.1277,31.4704],[131.1278,31.4704],[131.1277,31.4703],[131.1277,31.4704]]],[[[131.138,31.4602],[131.1379,31.4604],[131.138,31.4603],[131.138,31.4602]]],[[[131.1381,31.4604],[131.1384,31.4603],[131.1381,31.4603],[131.1381,31.4604]]],[[[131.1392,31.4606],[131.1391,31.4604],[131.1389,31.4603],[131.1392,31.4606]]],[[[131.1385,31.4605],[131.1386,31.4605],[131.1386,31.4605],[131.1385,31.4605]]],[[[131.1388,31.4605],[131.1388,31.4605],[131.1387,31.4605],[131.1388,31.4605]]],[[[131.1397,31.4607],[131.1397,31.4604],[131.1394,31.4606],[131.1397,31.4607]]],[[[131.1544,31.4649],[131.1543,31.4648],[131.1543,31.4649],[131.1544,31.4649]]],[[[131.154,31.4653],[131.1539,31.4652],[131.1539,31.4653],[131.154,31.4653]]],[[[131.1365,31.4652],[131.1364,31.4653],[131.1364,31.4654],[131.1365,31.4652]]],[[[131.1538,31.4653],[131.1538,31.4654],[131.1538,31.4653],[131.1538,31.4653]]],[[[131.1536,31.4656],[131.1536,31.4655],[131.1535,31.4656],[131.1536,31.4656]]],[[[131.149,31.4656],[131.149,31.4655],[131.149,31.4656],[131.149,31.4656]]],[[[131.1538,31.4657],[131.1538,31.4656],[131.1538,31.4656],[131.1538,31.4657]]],[[[131.1537,31.4659],[131.1537,31.466],[131.1538,31.466],[131.1537,31.4659]]],[[[131.1486,31.466],[131.1486,31.466],[131.1486,31.466],[131.1486,31.466]]],[[[131.1487,31.466],[131.1487,31.466],[131.1488,31.466],[131.1487,31.466]]],[[[131.1537,31.4661],[131.1536,31.4661],[131.1536,31.4661],[131.1537,31.4661]]],[[[131.1519,31.4661],[131.152,31.466],[131.1519,31.466],[131.1519,31.4661]]],[[[131.1516,31.4663],[131.1515,31.4662],[131.1515,31.4663],[131.1516,31.4663]]],[[[131.1513,31.4663],[131.1512,31.4663],[131.1512,31.4664],[131.1513,31.4663]]],[[[131.1514,31.4663],[131.1514,31.4664],[131.1515,31.4664],[131.1514,31.4663]]],[[[131.1537,31.4664],[131.1536,31.4663],[131.1536,31.4665],[131.1537,31.4664]]],[[[131.1518,31.4665],[131.1518,31.4664],[131.1518,31.4664],[131.1518,31.4665]]],[[[131.152,31.4665],[131.1521,31.4665],[131.152,31.4664],[131.152,31.4665]]],[[[131.1511,31.4666],[131.151,31.4665],[131.151,31.4666],[131.1511,31.4666]]],[[[131.1522,31.4667],[131.1522,31.4666],[131.1521,31.4667],[131.1522,31.4667]]],[[[131.1522,31.4671],[131.1521,31.467],[131.1521,31.467],[131.1522,31.4671]]],[[[131.1526,31.467],[131.1525,31.4671],[131.1526,31.4671],[131.1526,31.467]]],[[[131.1595,31.4618],[131.1594,31.4617],[131.1594,31.4618],[131.1595,31.4618]]],[[[131.1597,31.4618],[131.1598,31.4617],[131.1597,31.4617],[131.1597,31.4618]]],[[[131.1596,31.4621],[131.1596,31.4621],[131.1596,31.4621],[131.1596,31.4621]]],[[[131.1556,31.4623],[131.1556,31.4622],[131.1555,31.4622],[131.1556,31.4623]]],[[[131.1557,31.4624],[131.1559,31.4624],[131.1557,31.4624],[131.1557,31.4624]]],[[[131.1564,31.4625],[131.1564,31.4625],[131.1565,31.4625],[131.1564,31.4625]]],[[[131.1583,31.4625],[131.1583,31.4625],[131.1583,31.4625],[131.1583,31.4625]]],[[[131.1567,31.4626],[131.1567,31.4625],[131.1567,31.4625],[131.1567,31.4626]]],[[[131.1561,31.4626],[131.1561,31.4625],[131.1561,31.4625],[131.1561,31.4626]]],[[[131.1585,31.4626],[131.1585,31.4627],[131.1585,31.4627],[131.1585,31.4626]]],[[[131.1563,31.4627],[131.1564,31.4627],[131.1563,31.4627],[131.1563,31.4627]]],[[[131.1546,31.4627],[131.1547,31.4627],[131.1546,31.4627],[131.1546,31.4627]]],[[[131.1582,31.4627],[131.1582,31.4628],[131.1583,31.4628],[131.1582,31.4627]]],[[[131.1558,31.4627],[131.1558,31.4628],[131.1558,31.4627],[131.1558,31.4627]]],[[[131.1556,31.4629],[131.1556,31.463],[131.1557,31.4629],[131.1556,31.4629]]],[[[131.1571,31.463],[131.1571,31.4629],[131.157,31.4629],[131.1571,31.463]]],[[[131.1561,31.463],[131.1562,31.4629],[131.1561,31.4629],[131.1561,31.463]]],[[[131.1555,31.463],[131.1555,31.463],[131.1555,31.463],[131.1555,31.463]]],[[[131.1559,31.463],[131.1559,31.4631],[131.156,31.4631],[131.1559,31.463]]],[[[131.1549,31.4633],[131.155,31.4633],[131.1549,31.4632],[131.1549,31.4633]]],[[[131.1547,31.4634],[131.1548,31.4634],[131.1548,31.4633],[131.1547,31.4634]]],[[[131.1551,31.4635],[131.1552,31.4636],[131.1552,31.4635],[131.1551,31.4635]]],[[[131.1548,31.4645],[131.1547,31.4646],[131.1548,31.4646],[131.1548,31.4645]]],[[[131.1545,31.4646],[131.1545,31.4646],[131.1544,31.4645],[131.1545,31.4646]]],[[[131.1546,31.4648],[131.1546,31.4648],[131.1546,31.4648],[131.1546,31.4648]]]]}},{"type":"Feature","properties":{"code":"46222","name":"奄美市","pref_code":"46","pref":"鹿児島県"},"geometry":{"type":"MultiPolygon","coordinates":[[[[129.4304,28.1938],[129.4304,28.1938],[129.4304,28.1939],[129.4304,28.1938]]],[[[129.4415,28.1941],[129.4416,28.1941],[129.4416,28.194],[129.4415,28.1941]]],[[[129.4308,28.1941],[129.4308,28.1941],[129.4306,28.1942],[129.4308,28.1941]]],[[[129.4305,28.1944],[129.4305,28.1944],[129.4305,28.1943],[129.4305,28.1944]]],[[[129.4305,28.1946],[129.4307,28.1945],[129.4306,28.1945],[129.4305,28.1946]]],[[[129.4513,28.1944],[129.4512,28.1946],[129.4516,28.1948],[129.4513,28.1944]]],[[[129.4508,28.1944],[129.4497,28.1945],[129.4498,28.195],[129.4508,28.1944]]],[[[129.4511,28.1947],[129.4511,28.1947],[129.4511,28.1948],[129.4511,28.1947]]],[[[129.4415,28.1955],[129.4417,28.1944],[129.4408,28.1942],[129.4415,28.1955]]],[[[129.4495,28.1949],[129.4494,28.1948],[129.4494,28.1949],[129.4495,28.1949]]],[[[129.4394,28.195],[129.4394,28.1949],[129.4393,28.1949],[129.4394,28.195]]],[[[129.4392,28.1954],[129.4393,28.1956],[129.4396,28.1952],[129.4392,28.1954]]],[[[129.4396,28.1959],[129.4398,28.1955],[129.4395,28.1957],[129.4396,28.1959]]],[[[129.4313,28.1961],[129.4312,28.1959],[129.4312,28.1961],[129.4313,28.1961]]],[[[129.4501,28.196],[129.45,28.1961],[129.4501,28.1961],[129.4501,28.196]]],[[[129.4394,28.1961],[129.4394,28.1961],[129.4395,28.1962],[129.4394,28.1961]]],[[[129.4316,28.1961],[129.4315,28.1961],[129.4316,28.1962],[129.4316,28.1961]]],[[[129.432,28.1964],[129.432,28.1964],[129.4321,28.1964],[129.432,28.1964]]],[[[129.4416,28.1967],[129.4415,28.1969],[129.4416,28.1969],[129.4416,28.1967]]],[[[129.4502,28.1968],[129.4502,28.1969],[129.4503,28.1969],[129.4502,28.1968]]],[[[129.4323,28.1969],[129.4323,28.1969],[129.4323,28.197],[129.4323,28.1969]]],[[[129.4506,28.1972],[129.4505,28.1972],[129.4504,28.1972],[129.4506,28.1972]]],[[[129.4504,28.1973],[129.4502,28.1974],[129.4503,28.1975],[129.4504,28.1973]]],[[[129.4419,28.1974],[129.4418,28.1975],[129.442,28.1975],[129.4419,28.1974]]],[[[129.4511,28.1979],[129.4512,28.1979],[129.4512,28.1978],[129.4511,28.1979]]],[[[129.4372,28.1981],[129.4372,28.1982],[129.4372,28.1983],[129.4372,28.1981]]],[[[129.4376,28.1982],[129.4375,28.1982],[129.4375,28.1983],[129.4376,28.1982]]],[[[129.4469,28.1983],[129.4468,28.1982],[129.4468,28.1982],[129.4469,28.1983]]],[[[129.4512,28.1983],[129.4511,28.1984],[129.4512,28.1984],[129.4512,28.1983]]],[[[129.4522,28.1985],[129.4521,28.1986],[129.4521,28.1986],[129.4522,28.1985]]],[[[129.4529,28.1986],[129.4528,28.1987],[129.453,28.1987],[129.4529,28.1986]]],[[[129.452,28.1988],[129.452,28.1987],[129.4519,28.1988],[129.452,28.1988]]],[[[129.4519,28.1989],[129.4518,28.199],[129.452,28.1989],[129.4519,28.1989]]],[[[129.4525,28.2025],[129.4526,28.2025],[129.4526,28.2024],[129.4525,28.2025]]],[[[129.4539,28.204],[129.4535,28.2042],[129.4536,28.2045],[129.4539,28.204]]],[[[129.4476,28.2303],[129.4476,28.2302],[129.4466,28.2304],[129.4476,28.2303]]],[[[129.4413,28.2315],[129.4411,28.2316],[129.4414,28.2316],[129.4413,28.2315]]],[[[129.445,28.2332],[129.4461,28.2324],[129.4452,28.2319],[129.445,28.2332]]],[[[129.4521,28.2334],[129.4523,28.2333],[129.4522,28.2332],[129.4521,28.2334]]],[[[129.4517,28.2332],[129.4518,28.2333],[129.4518,28.2333],[129.4517,28.2332]]],[[[129.4397,28.2349],[129.4399,28.2348],[129.4397,28.2347],[129.4397,28.2349]]],[[[129.4221,28.2454],[129.4248,28.2453],[129.4221,28.2453],[129.4195,28.2425],[129.4221,28.2454]]],[[[129.4242,28.2487],[129.4242,28.2487],[129.4243,28.2487],[129.4242,28.2487]]],[[[129.4239,28.2489],[129.4239,28.2488],[129.4239,28.2488],[129.4239,28.2489]]],[[[129.4223,28.2491],[129.4223,28.2491],[129.4224,28.2491],[129.4223,28.2491]]],[[[129.4458,28.2548],[129.4457,28.2547],[129.4457,28.2548],[129.4458,28.2548]]],[[[129.4456,28.255],[129.4455,28.2549],[129.4455,28.255],[129.4456,28.255]]],[[[129.446,28.255],[129.4459,28.255],[129.446,28.2551],[129.446,28.255]]],[[[129.4461,28.2552],[129.4461,28.2552],[129.4459,28.2553],[129.4461,28.2552]]],[[[129.4457,28.2553],[129.4457,28.2554],[129.4458,28.2554],[129.4457,28.2553]]],[[[129.4461,28.2563],[129.446,28.2562],[129.4461,28.2563],[129.4461,28.2563]]],[[[129.4475,28.2581],[129.4473,28.258],[129.4473,28.2581],[129.4475,28.2581]]],[[[129.4477,28.2583],[129.4476,28.2584],[129.4477,28.2584],[129.4477,28.2583]]],[[[129.4475,28.2593],[129.4475,28.2593],[129.4475,28.2594],[129.4475,28.2593]]],[[[129.4478,28.2594],[129.4477,28.2593],[129.4477,28.2594],[129.4478,28.2594]]],[[[129.4478,28.2596],[129.4477,28.2595],[129.4477,28.2596],[129.4478,28.2596]]],[[[129.448,28.2597],[129.4478,28.2596],[129.4478,28.2596],[129.448,28.2597]]],[[[129.4479,28.2598],[129.4479,28.2598],[129.448,28.2598],[129.4479,28.2598]]],[[[129.4481,28.2599],[129.448,28.2599],[129.4481,28.2599],[129.4481,28.2599]]],[[[129.4491,28.2608],[129.4488,28.2609],[129.4489,28.261],[129.4491,28.2608]]],[[[129.4507,28.2615],[129.4506,28.2615],[129.4507,28.2615],[129.4507,28.2615]]],[[[129.4509,28.2617],[129.451,28.2617],[129.451,28.2616],[129.4509,28.2617]]],[[[129.4531,28.2627],[129.4529,28.2628],[129.4531,28.2629],[129.4531,28.2627]]],[[[129.4532,28.263],[129.4531,28.2631],[129.4532,28.2631],[129.4532,28.263]]],[[[129.3968,28.3864],[129.3968,28.3862],[129.3967,28.3863],[129.3968,28.3864]]],[[[129.397,28.387],[129.3969,28.3869],[129.397,28.387],[129.397,28.387]]],[[[129.4183,28.3872],[129.4179,28.3871],[129.4178,28.3872],[129.4183,28.3872]]],[[[129.4138,28.3884],[129.4138,28.3881],[129.4137,28.3881],[129.4138,28.3884]]],[[[129.4212,28.3891],[129.4211,28.389],[129.421,28.3893],[129.4212,28.3891]]],[[[129.4234,28.3898],[129.4236,28.3897],[129.4234,28.3897],[129.4234,28.3898]]],[[[129.3957,28.3912],[129.3957,28.3911],[129.3957,28.3912],[129.3957,28.3912]]],[[[129.4261,28.3914],[129.4261,28.3917],[129.4263,28.3917],[129.4261,28.3914]]],[[[129.4527,28.3937],[129.4527,28.3936],[129.4527,28.3936],[129.4527,28.3937]]],[[[129.4531,28.395],[129.4532,28.395],[129.4531,28.3949],[129.4531,28.395]]],[[[129.4532,28.4021],[129.453,28.4021],[129.4532,28.4022],[129.4532,28.4021]]],[[[129.4537,28.408],[129.4538,28.4081],[129.4538,28.408],[129.4537,28.408]]],[[[129.4529,28.4147],[129.453,28.4146],[129.4529,28.4146],[129.4529,28.4147]]],[[[129.4548,28.1983],[129.4548,28.1983],[129.455,28.1984],[129.4548,28.1983]]],[[[129.4548,28.1985],[129.4549,28.1985],[129.4549,28.1984],[129.4548,28.1985]]],[[[129.4539,28.1994],[129.454,28.1992],[129.4538,28.1993],[129.4539,28.1994]]],[[[129.4538,28.2006],[129.454,28.2006],[129.454,28.2005],[129.4538,28.2006]]],[[[129.4554,28.2045],[129.4551,28.2043],[129.4551,28.2045],[129.4554,28.2045]]],[[[129.4548,28.2044],[129.4547,28.2045],[129.4548,28.2046],[129.4548,28.2044]]],[[[129.4557,28.2051],[129.4559,28.2051],[129.4558,28.205],[129.4557,28.2051]]],[[[129.4554,28.2055],[129.4555,28.2055],[129.4555,28.2054],[129.4554,28.2055]]],[[[129.4561,28.2056],[129.456,28.2056],[129.456,28.2057],[129.4561,28.2056]]],[[[129.4551,28.2061],[129.455,28.2061],[129.4551,28.2062],[129.4551,28.2061]]],[[[129.4552,28.2062],[129.4552,28.2063],[129.4553,28.2063],[129.4552,28.2062]]],[[[129.4554,28.2065],[129.4553,28.2065],[129.4553,28.2066],[129.4554,28.2065]]],[[[129.4552,28.2067],[129.4552,28.2068],[129.4552,28.2067],[129.4552,28.2067]]],[[[129.4558,28.2074],[129.4557,28.2075],[129.4558,28.2075],[129.4558,28.2074]]],[[[129.4558,28.208],[129.4558,28.208],[129.4559,28.208],[129.4558,28.208]]],[[[129.459,28.208],[129.4591,28.2081],[129.4592,28.208],[129.459,28.208]]],[[[129.4562,28.2082],[129.4562,28.2081],[129.4562,28.2082],[129.4562,28.2082]]],[[[129.4596,28.2083],[129.4596,28.2082],[129.4595,28.2083],[129.4596,28.2083]]],[[[129.4571,28.2083],[129.457,28.2082],[129.457,28.2084],[129.4571,28.2083]]],[[[129.4561,28.2083],[129.4561,28.2083],[129.4561,28.2084],[129.4561,28.2083]]],[[[129.4563,28.2083],[129.4563,28.2084],[129.4564,28.2084],[129.4563,28.2083]]],[[[129.4565,28.2085],[129.4565,28.2085],[129.4565,28.2084],[129.4565,28.2085]]],[[[129.4598,28.2083],[129.4595,28.2085],[129.4596,28.2085],[129.4598,28.2083]]],[[[129.4592,28.2087],[129.4593,28.2087],[129.4591,28.2083],[129.4592,28.2087]]],[[[129.4572,28.2085],[129.457,28.2084],[129.4571,28.2086],[129.4572,28.2085]]],[[[129.4596,28.2088],[129.4596,28.2087],[129.4594,28.2086],[129.4596,28.2088]]],[[[129.4573,28.2088],[129.4573,28.2087],[129.4573,28.2087],[129.4573,28.2088]]],[[[129.4575,28.2088],[129.4575,28.2087],[129.4574,28.2088],[129.4575,28.2088]]],[[[129.4581,28.2088],[129.4581,28.2089],[129.4582,28.2089],[129.4581,28.2088]]],[[[129.4576,28.2089],[129.4575,28.2089],[129.4576,28.209],[129.4576,28.2089]]],[[[129.4595,28.2091],[129.4596,28.2089],[129.4594,28.2088],[129.4595,28.2091]]],[[[129.4585,28.2091],[129.4585,28.209],[129.4584,28.209],[129.4585,28.2091]]],[[[129.4577,28.209],[129.4577,28.2091],[129.4578,28.2091],[129.4577,28.209]]],[[[129.4582,28.2091],[129.4583,28.2091],[129.4583,28.2091],[129.4582,28.2091]]],[[[129.4581,28.2091],[129.458,28.2091],[129.4581,28.2092],[129.4581,28.2091]]],[[[129.4595,28.2288],[129.4594,28.2287],[129.4595,28.2288],[129.4595,28.2288]]],[[[129.4589,28.229],[129.4588,28.2291],[129.4589,28.229],[129.4589,28.229]]],[[[129.4579,28.2298],[129.4579,28.2298],[129.458,28.2298],[129.4579,28.2298]]],[[[129.4579,28.2301],[129.4579,28.2301],[129.4578,28.2301],[129.4579,28.2301]]],[[[129.458,28.2303],[129.458,28.2304],[129.458,28.2304],[129.458,28.2303]]],[[[129.4576,28.2306],[129.4576,28.2305],[129.4575,28.2306],[129.4576,28.2306]]],[[[129.4581,28.2313],[129.458,28.2313],[129.4581,28.2314],[129.4581,28.2313]]],[[[129.458,28.2315],[129.4579,28.2315],[129.4579,28.2316],[129.458,28.2315]]],[[[129.4578,28.2317],[129.4577,28.2317],[129.4577,28.2317],[129.4578,28.2317]]],[[[129.4575,28.2318],[129.4576,28.2317],[129.4575,28.2317],[129.4575,28.2318]]],[[[129.4569,28.2321],[129.4572,28.2322],[129.4571,28.232],[129.4569,28.2321]]],[[[129.4582,28.263],[129.4588,28.2632],[129.4589,28.2631],[129.4582,28.263]]],[[[129.4542,28.2642],[129.4541,28.2643],[129.4542,28.2644],[129.4542,28.2642]]],[[[129.4596,28.2655],[129.4595,28.2655],[129.4596,28.2656],[129.4596,28.2655]]],[[[129.4597,28.2668],[129.4595,28.2667],[129.4596,28.2668],[129.4597,28.2668]]],[[[129.4597,28.2701],[129.4597,28.2699],[129.4596,28.27],[129.4597,28.2701]]],[[[129.4597,28.2702],[129.4595,28.2702],[129.4595,28.2702],[129.4597,28.2702]]],[[[129.4586,28.2709],[129.4584,28.2709],[129.4585,28.2711],[129.4586,28.2709]]],[[[129.4585,28.2726],[129.4584,28.2726],[129.4584,28.2727],[129.4585,28.2726]]],[[[129.4554,28.276],[129.4554,28.2759],[129.4553,28.2759],[129.4554,28.276]]],[[[129.4549,28.2798],[129.4548,28.2799],[129.4549,28.2798],[129.4549,28.2798]]],[[[129.4548,28.28],[129.4549,28.2801],[129.455,28.2801],[129.4548,28.28]]],[[[129.4556,28.2814],[129.4555,28.2814],[129.4556,28.2815],[129.4556,28.2814]]],[[[129.4561,28.2833],[129.4561,28.2832],[129.456,28.2833],[129.4561,28.2833]]],[[[129.4564,28.2842],[129.4563,28.2842],[129.4563,28.2843],[129.4564,28.2842]]],[[[129.5531,28.3879],[129.5525,28.3824],[129.5419,28.3769],[129.5413,28.3693],[129.5401,28.3693],[129.5371,28.366],[129.535,28.3655],[129.5299,28.3667],[129.5273,28.3617],[129.5243,28.3595],[129.5243,28.3557],[129.5219,28.3539],[129.5237,28.3503],[129.5278,28.3505],[129.5284,28.35],[129.527,28.349],[129.5286,28.3493],[129.5297,28.3477],[129.5331,28.3465],[129.5339,28.3482],[129.5354,28.3486],[129.5397,28.3478],[129.5402,28.3448],[129.5433,28.3436],[129.551,28.3466],[129.5571,28.3474],[129.5625,28.3466],[129.5673,28.3478],[129.5709,28.3453],[129.5705,28.3441],[129.5716,28.345],[129.5661,28.3395],[129.5657,28.3355],[129.5639,28.3346],[129.5624,28.3328],[129.5618,28.3332],[129.5597,28.3331],[129.5577,28.3321],[129.5544,28.3345],[129.5529,28.3324],[129.553,28.332],[129.5505,28.3321],[129.5487,28.3299],[129.5459,28.3309],[129.5372,28.3307],[129.5357,28.3278],[129.5335,28.3274],[129.5327,28.3241],[129.5332,28.3226],[129.5341,28.3229],[129.535,28.3227],[129.5332,28.3225],[129.535,28.3217],[129.5338,28.3211],[129.5343,28.3204],[129.5356,28.3198],[129.5354,28.3219],[129.5361,28.3237],[129.536,28.3193],[129.5389,28.3187],[129.5409,28.3159],[129.5436,28.3163],[129.5449,28.3122],[129.5378,28.3065],[129.5338,28.3066],[129.5307,28.3044],[129.5259,28.3052],[129.5238,28.3043],[129.5227,28.3021],[129.5189,28.3007],[129.5149,28.3015],[129.5071,28.2983],[129.5,28.2983],[129.4991,28.2965],[129.4928,28.2957],[129.4918,28.2945],[129.4928,28.2934],[129.4914,28.2937],[129.4919,28.2923],[129.4909,28.2913],[129.4897,28.292],[129.4867,28.29],[129.4857,28.2893],[129.4857,28.289],[129.4856,28.2891],[129.4835,28.2892],[129.4821,28.2888],[129.4803,28.2892],[129.4761,28.2941],[129.4734,28.2937],[129.4754,28.2944],[129.4739,28.295],[129.4736,28.2942],[129.4713,28.2944],[129.4687,28.2921],[129.467,28.2964],[129.4629,28.2963],[129.4618,28.2974],[129.4578,28.2956],[129.4551,28.2922],[129.4575,28.2877],[129.4548,28.2815],[129.4545,28.2773],[129.4552,28.2752],[129.4572,28.2748],[129.4579,28.2717],[129.4599,28.2678],[129.4584,28.2645],[129.4532,28.2643],[129.4527,28.2625],[129.4489,28.2613],[129.4471,28.2594],[129.4447,28.2548],[129.445,28.253],[129.4432,28.2509],[129.4459,28.2486],[129.4439,28.2484],[129.4448,28.2477],[129.4428,28.2457],[129.4369,28.245],[129.4335,28.2484],[129.43,28.2472],[129.4275,28.249],[129.4076,28.2501],[129.4083,28.2473],[129.4108,28.2461],[129.412,28.2465],[129.4178,28.2425],[129.4225,28.2422],[129.4244,28.2441],[129.4241,28.2429],[129.4264,28.2415],[129.4289,28.2371],[129.4328,28.2391],[129.4367,28.235],[129.4396,28.2351],[129.4398,28.2322],[129.4417,28.2307],[129.4489,28.229],[129.448,28.2259],[129.4488,28.2255],[129.4501,28.2269],[129.4485,28.2302],[129.4503,28.2268],[129.45,28.229],[129.4522,28.2304],[129.4515,28.2331],[129.457,28.232],[129.4577,28.2313],[129.4574,28.2303],[129.4582,28.2289],[129.4633,28.226],[129.4658,28.2254],[129.4659,28.2248],[129.4688,28.2232],[129.4695,28.2215],[129.4724,28.2208],[129.4712,28.22],[129.4714,28.2184],[129.4728,28.2171],[129.4756,28.2167],[129.4748,28.2163],[129.4752,28.2157],[129.476,28.2154],[129.4764,28.2117],[129.4772,28.2116],[129.4764,28.2112],[129.4756,28.209],[129.475,28.21],[129.4742,28.2101],[129.4706,28.2082],[129.47,28.2095],[129.4694,28.209],[129.4701,28.2098],[129.4691,28.2125],[129.4657,28.2131],[129.465,28.2112],[129.4643,28.2115],[129.4644,28.2119],[129.4641,28.2122],[129.4639,28.2129],[129.4637,28.213],[129.4622,28.2114],[129.4611,28.2118],[129.4602,28.2115],[129.4593,28.209],[129.4581,28.2094],[129.4559,28.2083],[129.4546,28.2055],[129.4555,28.2049],[129.4514,28.2042],[129.4526,28.2021],[129.452,28.2012],[129.4531,28.2012],[129.4536,28.1996],[129.4525,28.1986],[129.4521,28.1991],[129.4513,28.1992],[129.4497,28.1978],[129.4494,28.1964],[129.4501,28.196],[129.4513,28.1953],[129.4494,28.1952],[129.4487,28.1965],[129.4477,28.1957],[129.447,28.1987],[129.4451,28.1991],[129.4418,28.1977],[129.4411,28.1968],[129.4417,28.196],[129.4414,28.1955],[129.4412,28.1953],[129.4411,28.1952],[129.4408,28.195],[129.4382,28.1981],[129.4349,28.1992],[129.4326,28.1983],[129.4308,28.1959],[129.4301,28.1934],[129.4252,28.1957],[129.4252,28.1981],[129.4217,28.2073],[129.4184,28.2094],[129.4179,28.211],[129.4163,28.2111],[129.4157,28.2135],[129.4107,28.2121],[129.4082,28.2131],[129.4069,28.2119],[129.4054,28.2122],[129.4028,28.2181],[129.3957,28.2161],[129.3895,28.212],[129.3808,28.213],[129.3766,28.207],[129.3764,28.2051],[129.3711,28.2041],[129.3695,28.2071],[129.3657,28.2103],[129.3626,28.2107],[129.3615,28.212],[129.364,28.2142],[129.3644,28.2159],[129.3634,28.216],[129.363,28.2187],[129.3601,28.22],[129.3603,28.2215],[129.359,28.2222],[129.3597,28.2232],[129.3573,28.2246],[129.3564,28.2241],[129.3555,28.2261],[129.3515,28.2262],[129.3481,28.228],[129.3452,28.2354],[129.3431,28.2368],[129.3481,28.2434],[129.3486,28.2491],[129.3502,28.2524],[129.3568,28.2565],[129.3574,28.2584],[129.3542,28.2613],[129.3589,28.2597],[129.3591,28.2614],[129.3628,28.262],[129.3666,28.2664],[129.3686,28.2662],[129.3736,28.2688],[129.3755,28.2687],[129.3771,28.2705],[129.3796,28.2705],[129.3731,28.276],[129.3691,28.2768],[129.3682,28.2784],[129.3661,28.2788],[129.3633,28.284],[129.3606,28.2842],[129.3609,28.29],[129.3598,28.2922],[129.3613,28.2941],[129.3639,28.2936],[129.3645,28.2948],[129.3675,28.2936],[129.3673,28.2954],[129.3702,28.297],[129.373,28.2956],[129.3748,28.2977],[129.3805,28.3005],[129.3839,28.3005],[129.387,28.3033],[129.3914,28.3043],[129.3948,28.3033],[129.399,28.3076],[129.4049,28.3044],[129.4052,28.3115],[129.4073,28.3149],[129.4056,28.3159],[129.4042,28.3232],[129.408,28.3247],[129.4093,28.3267],[129.4148,28.3273],[129.4169,28.3261],[129.4194,28.3289],[129.4347,28.3273],[129.4315,28.3332],[129.4307,28.3373],[129.4323,28.3379],[129.4263,28.3455],[129.4266,28.3485],[129.4243,28.3523],[129.4246,28.3563],[129.4266,28.3609],[129.4232,28.3656],[129.4225,28.3719],[129.4116,28.3754],[129.4072,28.3797],[129.4014,28.3805],[129.3976,28.3844],[129.3946,28.3856],[129.3971,28.3861],[129.405,28.3826],[129.4101,28.3838],[129.4126,28.3874],[129.4149,28.3873],[129.4154,28.3856],[129.42,28.3859],[129.4221,28.3872],[129.4225,28.3886],[129.4248,28.3884],[129.4257,28.3894],[129.4289,28.3882],[129.4319,28.3827],[129.4365,28.3815],[129.4383,28.3834],[129.4396,28.3818],[129.4416,28.3817],[129.4436,28.3832],[129.4466,28.3801],[129.4463,28.3808],[129.4493,28.3815],[129.4481,28.3832],[129.4494,28.3815],[129.45,28.3823],[129.4487,28.3841],[129.4477,28.3835],[129.4471,28.3835],[129.4466,28.3844],[129.4472,28.3836],[129.4485,28.3841],[129.4477,28.3862],[129.4458,28.3847],[129.4481,28.3866],[129.4474,28.3883],[129.4488,28.3906],[129.4515,28.3923],[129.4526,28.3933],[129.4527,28.3936],[129.4529,28.394],[129.4548,28.3993],[129.454,28.4006],[129.4562,28.411],[129.4624,28.4123],[129.4637,28.4138],[129.4638,28.4131],[129.465,28.4124],[129.4699,28.4103],[129.4709,28.4084],[129.4709,28.4083],[129.471,28.4083],[129.4709,28.4083],[129.4711,28.4081],[129.4676,28.4035],[129.4684,28.4023],[129.4669,28.4019],[129.4701,28.4025],[129.4704,28.4016],[129.4793,28.4002],[129.4813,28.4007],[129.4817,28.4034],[129.4851,28.4054],[129.486,28.4067],[129.4854,28.4082],[129.4865,28.4086],[129.4901,28.413],[129.4915,28.4096],[129.494,28.4078],[129.4948,28.4036],[129.4968,28.4031],[129.4958,28.3996],[129.5007,28.3993],[129.4976,28.3993],[129.4976,28.3982],[129.4976,28.3993],[129.4966,28.3992],[129.4966,28.3966],[129.4976,28.3976],[129.4961,28.3956],[129.4962,28.3953],[129.4972,28.3952],[129.4974,28.3952],[129.4974,28.395],[129.4963,28.3952],[129.4966,28.3936],[129.4974,28.3939],[129.4955,28.3897],[129.496,28.3838],[129.4944,28.3839],[129.496,28.3837],[129.4972,28.3826],[129.4953,28.3818],[129.4993,28.3824],[129.5012,28.3879],[129.5026,28.3877],[129.5041,28.3896],[129.5032,28.3894],[129.5046,28.3915],[129.5033,28.3921],[129.5047,28.395],[129.5055,28.3961],[129.5074,28.3956],[129.5078,28.3993],[129.5103,28.3999],[129.5149,28.3985],[129.5165,28.3993],[129.5173,28.4022],[129.5207,28.4006],[129.5229,28.401],[129.5204,28.4024],[129.52,28.4016],[129.5198,28.4014],[129.5204,28.4026],[129.5179,28.4037],[129.5173,28.4029],[129.518,28.4041],[129.5194,28.4039],[129.5188,28.4044],[129.518,28.4044],[129.516,28.4062],[129.5128,28.4062],[129.5119,28.4074],[129.5123,28.4083],[129.511,28.411],[129.5125,28.4132],[129.512,28.4148],[129.5135,28.4149],[129.5133,28.4167],[129.5146,28.4173],[129.5137,28.4194],[129.5146,28.4242],[129.5164,28.4264],[129.5184,28.4256],[129.519,28.4262],[129.5189,28.4303],[129.5162,28.4315],[129.5174,28.4329],[129.5164,28.4352],[129.5173,28.4352],[129.5178,28.4356],[129.5174,28.4371],[129.5189,28.4398],[129.5183,28.4411],[129.5216,28.4426],[129.5214,28.445],[129.5236,28.4473],[129.5251,28.4479],[129.5254,28.4458],[129.5271,28.4452],[129.5296,28.446],[129.5289,28.4463],[129.5299,28.4476],[129.5352,28.4496],[129.536,28.4509],[129.5343,28.4524],[129.5344,28.4538],[129.5398,28.4553],[129.5413,28.4595],[129.5487,28.4474],[129.5482,28.4447],[129.5501,28.4425],[129.5503,28.4386],[129.5498,28.4348],[129.5467,28.4306],[129.545,28.4257],[129.5486,28.4185],[129.5482,28.4124],[129.5432,28.4078],[129.5425,28.4051],[129.5454,28.4062],[129.548,28.4055],[129.5541,28.4079],[129.5576,28.4071],[129.5556,28.4034],[129.557,28.3981],[129.5555,28.3946],[129.5526,28.393],[129.551,28.3904],[129.5531,28.3879]]],[[[129.4539,28.4018],[129.4539,28.4018],[129.4539,28.4018],[129.4539,28.4018]]],[[[129.4553,28.4093],[129.4553,28.4093],[129.4553,28.4093],[129.4553,28.4093]]],[[[129.4548,28.4094],[129.4548,28.4096],[129.4551,28.4097],[129.4548,28.4094]]],[[[129.4563,28.4116],[129.4563,28.4115],[129.4563,28.4115],[129.4563,28.4116]]],[[[129.4564,28.4116],[129.4564,28.4116],[129.4565,28.4116],[129.4564,28.4116]]],[[[129.4562,28.4117],[129.4562,28.4116],[129.4562,28.4116],[129.4562,28.4117]]],[[[129.4561,28.4117],[129.4562,28.4117],[129.4561,28.4116],[129.4561,28.4117]]],[[[129.4563,28.4118],[129.4563,28.4117],[129.4563,28.4117],[129.4563,28.4118]]],[[[129.4546,28.412],[129.4554,28.4119],[129.4554,28.4115],[129.4546,28.412]]],[[[129.4566,28.4117],[129.4565,28.4117],[129.4565,28.4118],[129.4566,28.4117]]],[[[129.4589,28.4119],[129.4589,28.4118],[129.4588,28.4119],[129.4589,28.4119]]],[[[129.4565,28.4119],[129.4565,28.4118],[129.4565,28.4118],[129.4565,28.4119]]],[[[129.4587,28.412],[129.4588,28.412],[129.4588,28.4118],[129.4587,28.412]]],[[[129.4544,28.4131],[129.4545,28.4129],[129.4544,28.4129],[129.4544,28.4131]]],[[[129.4545,28.4143],[129.4543,28.4137],[129.454,28.4141],[129.4545,28.4143]]],[[[129.4545,28.4145],[129.4546,28.4146],[129.4546,28.4144],[129.4545,28.4145]]],[[[129.4718,28.2076],[129.4719,28.2076],[129.4718,28.2073],[129.4718,28.2076]]],[[[129.4728,28.2081],[129.473,28.208],[129.4729,28.2079],[129.4728,28.2081]]],[[[129.4707,28.2081],[129.4708,28.2081],[129.4708,28.208],[129.4707,28.2081]]],[[[129.4722,28.208],[129.4722,28.208],[129.4722,28.2081],[129.4722,28.208]]],[[[129.4728,28.2082],[129.4727,28.2082],[129.4727,28.2083],[129.4728,28.2082]]],[[[129.4725,28.2085],[129.4726,28.2085],[129.4726,28.2084],[129.4725,28.2085]]],[[[129.4732,28.2087],[129.4728,28.2085],[129.4729,28.209],[129.4732,28.2087]]],[[[129.4731,28.2089],[129.4732,28.2089],[129.4732,28.2088],[129.4731,28.2089]]],[[[129.4759,28.2089],[129.4757,28.2089],[129.4759,28.209],[129.4759,28.2089]]],[[[129.4764,28.2091],[129.4764,28.2091],[129.4763,28.2091],[129.4764,28.2091]]],[[[129.4761,28.2091],[129.476,28.2092],[129.4761,28.2093],[129.4761,28.2091]]],[[[129.4732,28.2094],[129.4732,28.2094],[129.4732,28.2094],[129.4732,28.2094]]],[[[129.474,28.2096],[129.474,28.2095],[129.4739,28.2095],[129.474,28.2096]]],[[[129.4746,28.2099],[129.4747,28.2099],[129.4746,28.2098],[129.4746,28.2099]]],[[[129.4739,28.2099],[129.474,28.2099],[129.474,28.2099],[129.4739,28.2099]]],[[[129.4623,28.21],[129.4621,28.2101],[129.4622,28.2102],[129.4623,28.21]]],[[[129.4602,28.2102],[129.4602,28.2102],[129.4602,28.2103],[129.4602,28.2102]]],[[[129.4606,28.2105],[129.4606,28.21],[129.4604,28.2102],[129.4606,28.2105]]],[[[129.4601,28.2107],[129.4603,28.2106],[129.4602,28.2104],[129.4601,28.2107]]],[[[129.4603,28.2111],[129.4604,28.2111],[129.4604,28.211],[129.4603,28.2111]]],[[[129.4659,28.2115],[129.4661,28.2115],[129.466,28.2113],[129.4659,28.2115]]],[[[129.4608,28.2115],[129.4607,28.2116],[129.4608,28.2116],[129.4608,28.2115]]],[[[129.4679,28.2119],[129.4678,28.212],[129.468,28.212],[129.4679,28.2119]]],[[[129.4759,28.2156],[129.4758,28.2156],[129.4758,28.2157],[129.4759,28.2156]]],[[[129.4755,28.2159],[129.4753,28.216],[129.4758,28.2163],[129.4755,28.2159]]],[[[129.4751,28.2162],[129.4753,28.2163],[129.4751,28.2162],[129.4751,28.2162]]],[[[129.4741,28.2173],[129.474,28.2173],[129.474,28.2173],[129.4741,28.2173]]],[[[129.4731,28.2174],[129.4732,28.2174],[129.4733,28.2173],[129.4731,28.2174]]],[[[129.4736,28.2174],[129.4735,28.2174],[129.4736,28.2175],[129.4736,28.2174]]],[[[129.4741,28.2174],[129.474,28.2174],[129.4741,28.2175],[129.4741,28.2174]]],[[[129.4758,28.2175],[129.4758,28.2175],[129.4757,28.2174],[129.4758,28.2175]]],[[[129.4752,28.2176],[129.4748,28.2174],[129.4748,28.2176],[129.4752,28.2176]]],[[[129.4754,28.2176],[129.4757,28.2176],[129.4755,28.2175],[129.4754,28.2176]]],[[[129.4722,28.2201],[129.4721,28.2201],[129.4721,28.2202],[129.4722,28.2201]]],[[[129.4726,28.2205],[129.4726,28.2204],[129.4725,28.2204],[129.4726,28.2205]]],[[[129.4726,28.2206],[129.4725,28.221],[129.4727,28.2206],[129.4726,28.2206]]],[[[129.4725,28.2213],[129.4723,28.2209],[129.4719,28.2214],[129.4725,28.2213]]],[[[129.4727,28.2213],[129.473,28.2212],[129.4727,28.2211],[129.4727,28.2213]]],[[[129.471,28.2212],[129.4708,28.2212],[129.4709,28.2214],[129.471,28.2212]]],[[[129.4711,28.2215],[129.471,28.2216],[129.4711,28.2216],[129.4711,28.2215]]],[[[129.4696,28.222],[129.4695,28.222],[129.4695,28.2221],[129.4696,28.222]]],[[[129.4697,28.2222],[129.4698,28.2222],[129.4698,28.2221],[129.4697,28.2222]]],[[[129.4695,28.2222],[129.4695,28.2222],[129.4696,28.2223],[129.4695,28.2222]]],[[[129.4698,28.2227],[129.4698,28.2228],[129.4699,28.2228],[129.4698,28.2227]]],[[[129.469,28.2228],[129.4691,28.2228],[129.469,28.2227],[129.469,28.2228]]],[[[129.4693,28.2228],[129.4692,28.2229],[129.4693,28.223],[129.4693,28.2228]]],[[[129.4691,28.223],[129.4691,28.2229],[129.469,28.223],[129.4691,28.223]]],[[[129.4689,28.2235],[129.4688,28.2235],[129.4688,28.2236],[129.4689,28.2235]]],[[[129.4683,28.2235],[129.4682,28.2236],[129.4682,28.2238],[129.4683,28.2235]]],[[[129.4687,28.2238],[129.4686,28.2237],[129.4685,28.2237],[129.4687,28.2238]]],[[[129.4688,28.2238],[129.4688,28.2238],[129.4688,28.2239],[129.4688,28.2238]]],[[[129.469,28.2239],[129.4691,28.224],[129.4692,28.2237],[129.469,28.2239]]],[[[129.4681,28.2241],[129.4679,28.224],[129.468,28.2243],[129.4681,28.2241]]],[[[129.4687,28.2244],[129.4687,28.2243],[129.4687,28.2242],[129.4687,28.2244]]],[[[129.4676,28.2245],[129.4676,28.2244],[129.4675,28.2245],[129.4676,28.2245]]],[[[129.4672,28.2246],[129.4672,28.2244],[129.4671,28.2244],[129.4672,28.2246]]],[[[129.4682,28.2246],[129.4682,28.2246],[129.4682,28.2245],[129.4682,28.2246]]],[[[129.4669,28.2247],[129.4668,28.2247],[129.4669,28.2248],[129.4669,28.2247]]],[[[129.4662,28.2247],[129.466,28.2248],[129.4661,28.2248],[129.4662,28.2247]]],[[[129.4626,28.2266],[129.4626,28.2268],[129.4627,28.2268],[129.4626,28.2266]]],[[[129.4632,28.2267],[129.4632,28.2268],[129.4634,28.2267],[129.4632,28.2267]]],[[[129.4631,28.2268],[129.4631,28.2269],[129.4632,28.2268],[129.4631,28.2268]]],[[[129.4626,28.2275],[129.4624,28.2275],[129.4625,28.2276],[129.4626,28.2275]]],[[[129.4599,28.2673],[129.46,28.2672],[129.4598,28.2672],[129.4599,28.2673]]],[[[129.4601,28.2679],[129.4602,28.268],[129.4601,28.2678],[129.4601,28.2679]]],[[[129.4601,28.27],[129.46,28.2699],[129.46,28.2701],[129.4601,28.27]]],[[[129.4601,28.2702],[129.4601,28.2702],[129.46,28.2702],[129.4601,28.2702]]],[[[129.4598,28.2703],[129.4598,28.2704],[129.46,28.2704],[129.4598,28.2703]]],[[[129.4684,28.292],[129.4683,28.2921],[129.4685,28.2924],[129.4684,28.292]]],[[[129.4707,28.4033],[129.4707,28.4033],[129.4693,28.404],[129.4707,28.4033]]],[[[129.4713,28.4077],[129.4712,28.4077],[129.4712,28.4077],[129.4713,28.4077]]],[[[129.4709,28.4085],[129.4709,28.4084],[129.4709,28.4085],[129.4709,28.4085]]],[[[129.4607,28.4127],[129.4607,28.4127],[129.4607,28.4126],[129.4607,28.4127]]],[[[129.4605,28.4131],[129.4606,28.4126],[129.4602,28.413],[129.4605,28.4131]]],[[[129.4607,28.4129],[129.4607,28.413],[129.4608,28.413],[129.4607,28.4129]]],[[[129.4644,28.4131],[129.4644,28.413],[129.4644,28.4131],[129.4644,28.4131]]],[[[129.4606,28.4131],[129.4606,28.4131],[129.4606,28.4131],[129.4606,28.4131]]],[[[129.4913,28.206],[129.4912,28.2064],[129.4915,28.2064],[129.4913,28.206]]],[[[129.4773,28.2097],[129.4771,28.2098],[129.4772,28.2099],[129.4773,28.2097]]],[[[129.4775,28.21],[129.4775,28.2102],[129.4776,28.2102],[129.4775,28.21]]],[[[129.4768,28.2099],[129.4763,28.2103],[129.4768,28.2105],[129.4768,28.2099]]],[[[129.4774,28.2108],[129.4769,28.2109],[129.477,28.2111],[129.4774,28.2108]]],[[[129.4779,28.2114],[129.4778,28.2115],[129.478,28.2115],[129.4779,28.2114]]],[[[129.4777,28.2116],[129.4776,28.2116],[129.4777,28.2117],[129.4777,28.2116]]],[[[129.4768,28.2119],[129.4768,28.212],[129.4769,28.2121],[129.4768,28.2119]]],[[[129.4772,28.212],[129.4772,28.2121],[129.4773,28.2121],[129.4772,28.212]]],[[[129.4774,28.212],[129.4775,28.2122],[129.4778,28.2121],[129.4774,28.212]]],[[[129.4772,28.2122],[129.4771,28.2121],[129.477,28.2121],[129.4772,28.2122]]],[[[129.4768,28.2122],[129.4769,28.2123],[129.4769,28.2122],[129.4768,28.2122]]],[[[129.4774,28.2125],[129.4775,28.2125],[129.4773,28.2124],[129.4774,28.2125]]],[[[129.4777,28.2125],[129.4777,28.2125],[129.4778,28.2126],[129.4777,28.2125]]],[[[129.4767,28.2126],[129.4771,28.2127],[129.4772,28.2125],[129.4767,28.2126]]],[[[129.4779,28.2127],[129.4779,28.2126],[129.4778,28.2127],[129.4779,28.2127]]],[[[129.4775,28.2126],[129.4775,28.2128],[129.4776,28.2127],[129.4775,28.2126]]],[[[129.4771,28.2128],[129.477,28.2129],[129.4771,28.213],[129.4771,28.2128]]],[[[129.4766,28.2129],[129.4768,28.2131],[129.4769,28.213],[129.4766,28.2129]]],[[[129.4765,28.2132],[129.4765,28.2133],[129.4767,28.2133],[129.4765,28.2132]]],[[[129.4769,28.2133],[129.4767,28.2133],[129.4768,28.2134],[129.4769,28.2133]]],[[[129.4772,28.2133],[129.4771,28.2133],[129.4773,28.2135],[129.4772,28.2133]]],[[[129.4765,28.2134],[129.4765,28.2134],[129.4765,28.2134],[129.4765,28.2134]]],[[[129.4766,28.2137],[129.4764,28.2138],[129.4765,28.2138],[129.4766,28.2137]]],[[[129.4767,28.214],[129.4766,28.214],[129.4767,28.214],[129.4767,28.214]]],[[[129.4769,28.2141],[129.477,28.214],[129.4769,28.2141],[129.4769,28.2141]]],[[[129.4767,28.2142],[129.4766,28.2143],[129.4768,28.2143],[129.4767,28.2142]]],[[[129.4764,28.2145],[129.4765,28.2144],[129.4765,28.2144],[129.4764,28.2145]]],[[[129.4768,28.2147],[129.4767,28.2147],[129.4766,28.2148],[129.4768,28.2147]]],[[[129.4767,28.215],[129.4766,28.2155],[129.4769,28.2154],[129.4767,28.215]]],[[[129.4765,28.2156],[129.4764,28.2155],[129.4763,28.2156],[129.4765,28.2156]]],[[[129.4834,28.2845],[129.4834,28.2843],[129.4832,28.2843],[129.4834,28.2845]]],[[[129.4837,28.2849],[129.4836,28.2848],[129.4834,28.2848],[129.4837,28.2849]]],[[[129.4838,28.285],[129.4836,28.2851],[129.4838,28.2853],[129.4838,28.285]]],[[[129.4837,28.2872],[129.4836,28.2873],[129.4837,28.2873],[129.4837,28.2872]]],[[[129.4833,28.2885],[129.4833,28.2882],[129.4832,28.2882],[129.4833,28.2885]]],[[[129.4826,28.2886],[129.4827,28.2886],[129.4827,28.2885],[129.4826,28.2886]]],[[[129.4822,28.2886],[129.4822,28.2887],[129.4823,28.2887],[129.4822,28.2886]]],[[[129.4861,28.2887],[129.486,28.2888],[129.4861,28.2888],[129.4861,28.2887]]],[[[129.4861,28.2889],[129.4861,28.289],[129.4862,28.2889],[129.4861,28.2889]]],[[[129.4807,28.2889],[129.4806,28.2889],[129.4806,28.2891],[129.4807,28.2889]]],[[[129.4852,28.289],[129.4852,28.289],[129.4853,28.2891],[129.4852,28.289]]],[[[129.4859,28.2891],[129.4859,28.2892],[129.486,28.2892],[129.4859,28.2891]]],[[[129.4864,28.2893],[129.4864,28.2894],[129.4864,28.2894],[129.4864,28.2893]]],[[[129.4878,28.2895],[129.4877,28.2895],[129.4877,28.2895],[129.4878,28.2895]]],[[[129.4881,28.2896],[129.4881,28.2895],[129.4881,28.2895],[129.4881,28.2896]]],[[[129.4881,28.2896],[129.4881,28.2897],[129.4882,28.2897],[129.4881,28.2896]]],[[[129.4879,28.2897],[129.4879,28.2897],[129.488,28.2898],[129.4879,28.2897]]],[[[129.4874,28.2898],[129.4877,28.2898],[129.4877,28.2897],[129.4874,28.2898]]],[[[129.488,28.2899],[129.4879,28.29],[129.488,28.2899],[129.488,28.2899]]],[[[129.4882,28.2899],[129.4882,28.29],[129.4883,28.29],[129.4882,28.2899]]],[[[129.4882,28.2901],[129.4882,28.2901],[129.4883,28.2901],[129.4882,28.2901]]],[[[129.4883,28.2905],[129.4883,28.2905],[129.4884,28.2905],[129.4883,28.2905]]],[[[129.4888,28.2908],[129.4887,28.2909],[129.4888,28.2909],[129.4888,28.2908]]],[[[129.4888,28.2911],[129.4887,28.2912],[129.4888,28.2912],[129.4888,28.2911]]],[[[129.4906,28.2912],[129.4905,28.2913],[129.4905,28.2913],[129.4906,28.2912]]],[[[129.4978,28.2953],[129.4978,28.2954],[129.4979,28.2954],[129.4978,28.2953]]],[[[129.497,28.2953],[129.4969,28.2953],[129.4969,28.2955],[129.497,28.2953]]],[[[129.4975,28.2954],[129.4973,28.2954],[129.4974,28.2958],[129.4975,28.2954]]],[[[129.495,28.4038],[129.495,28.4037],[129.495,28.4038],[129.495,28.4038]]],[[[129.4953,28.4046],[129.4953,28.4045],[129.4952,28.4046],[129.4953,28.4046]]],[[[129.4855,28.4064],[129.4854,28.4064],[129.4854,28.4064],[129.4855,28.4064]]],[[[129.4853,28.408],[129.4854,28.408],[129.4853,28.408],[129.4853,28.408]]],[[[129.4938,28.408],[129.4938,28.408],[129.4938,28.408],[129.4938,28.408]]],[[[129.4857,28.4087],[129.4858,28.4087],[129.4858,28.4086],[129.4857,28.4087]]],[[[129.4859,28.4087],[129.4859,28.4088],[129.486,28.4088],[129.4859,28.4087]]],[[[129.4859,28.4088],[129.4858,28.4088],[129.4858,28.4088],[129.4859,28.4088]]],[[[129.4857,28.4088],[129.4858,28.4089],[129.4857,28.4087],[129.4857,28.4088]]],[[[129.4931,28.4089],[129.4931,28.4088],[129.4931,28.4088],[129.4931,28.4089]]],[[[129.4929,28.409],[129.4929,28.4091],[129.4929,28.4091],[129.4929,28.409]]],[[[129.4914,28.4103],[129.4914,28.4103],[129.4914,28.4103],[129.4914,28.4103]]],[[[129.4889,28.4118],[129.4889,28.4119],[129.4889,28.4119],[129.4889,28.4118]]],[[[129.4908,28.4119],[129.4908,28.4119],[129.4908,28.412],[129.4908,28.4119]]],[[[129.4906,28.4122],[129.4906,28.4123],[129.4907,28.4122],[129.4906,28.4122]]],[[[129.4906,28.4123],[129.4906,28.4124],[129.4906,28.4124],[129.4906,28.4123]]],[[[129.4894,28.4127],[129.4894,28.4126],[129.4893,28.4126],[129.4894,28.4127]]],[[[129.4903,28.413],[129.4903,28.413],[129.4902,28.4131],[129.4903,28.413]]],[[[129.5197,28.2967],[129.52,28.2971],[129.5201,28.2968],[129.5197,28.2967]]],[[[129.5201,28.2973],[129.5201,28.2975],[129.5202,28.2974],[129.5201,28.2973]]],[[[129.5192,28.2983],[129.5195,28.2984],[129.5197,28.298],[129.5192,28.2983]]],[[[129.5193,28.2986],[129.5194,28.2987],[129.5194,28.2986],[129.5193,28.2986]]],[[[129.5189,28.2987],[129.5193,28.2988],[129.5193,28.2988],[129.5189,28.2987]]],[[[129.5194,28.2989],[129.5196,28.2989],[129.5196,28.2987],[129.5194,28.2989]]],[[[129.5197,28.3003],[129.5189,28.3003],[129.5197,28.3008],[129.5197,28.3003]]],[[[129.5311,28.3035],[129.5312,28.3035],[129.5312,28.3034],[129.5311,28.3035]]],[[[129.5239,28.3037],[129.524,28.3036],[129.5238,28.3034],[129.5239,28.3037]]],[[[129.5292,28.3037],[129.5292,28.3038],[129.5293,28.3038],[129.5292,28.3037]]],[[[129.5306,28.3041],[129.5306,28.304],[129.5305,28.304],[129.5306,28.3041]]],[[[129.5309,28.3041],[129.5308,28.3041],[129.5309,28.3042],[129.5309,28.3041]]],[[[129.5323,28.3048],[129.5321,28.3048],[129.5322,28.305],[129.5323,28.3048]]],[[[129.5336,28.3261],[129.5337,28.326],[129.5336,28.326],[129.5336,28.3261]]],[[[129.5363,28.3275],[129.5364,28.3274],[129.5362,28.3274],[129.5363,28.3275]]],[[[129.5366,28.3285],[129.5365,28.3285],[129.5365,28.3285],[129.5366,28.3285]]],[[[129.5367,28.3295],[129.5367,28.3294],[129.5366,28.3294],[129.5367,28.3295]]],[[[129.506,28.3994],[129.5079,28.4005],[129.5073,28.3988],[129.5032,28.3993],[129.506,28.3994]]],[[[129.51,28.4],[129.51,28.4],[129.5099,28.4],[129.51,28.4]]],[[[129.5104,28.3999],[129.5102,28.4],[129.5103,28.4001],[129.5104,28.3999]]],[[[129.5063,28.4001],[129.5063,28.4001],[129.5063,28.4001],[129.5063,28.4001]]],[[[129.5103,28.4003],[129.5103,28.4002],[129.5103,28.4002],[129.5103,28.4003]]],[[[129.5104,28.4002],[129.5104,28.4002],[129.5104,28.4003],[129.5104,28.4002]]],[[[129.5068,28.4005],[129.5068,28.4005],[129.5069,28.4005],[129.5068,28.4005]]],[[[129.507,28.4006],[129.507,28.4006],[129.507,28.4007],[129.507,28.4006]]],[[[129.5064,28.4008],[129.5065,28.4009],[129.5065,28.4009],[129.5064,28.4008]]],[[[129.517,28.4021],[129.517,28.4021],[129.5167,28.4027],[129.517,28.4021]]],[[[129.5153,28.4032],[129.5161,28.4043],[129.5157,28.4037],[129.5153,28.4032]]],[[[129.519,28.4042],[129.519,28.4042],[129.519,28.4042],[129.519,28.4042]]],[[[129.5178,28.4045],[129.5179,28.4045],[129.5178,28.4045],[129.5178,28.4045]]],[[[129.504,28.4066],[129.4975,28.4044],[129.5002,28.4059],[129.504,28.4066]]],[[[129.4983,28.4083],[129.4984,28.4083],[129.4983,28.4082],[129.4983,28.4083]]],[[[129.5121,28.4084],[129.512,28.4084],[129.512,28.4084],[129.5121,28.4084]]],[[[129.4984,28.4083],[129.4983,28.4085],[129.4988,28.4089],[129.4984,28.4083]]],[[[129.5116,28.4087],[129.5119,28.4086],[129.5118,28.4085],[129.5116,28.4087]]],[[[129.5113,28.4102],[129.5113,28.4102],[129.5113,28.4102],[129.5113,28.4102]]],[[[129.5114,28.4117],[129.5112,28.4117],[129.5114,28.4118],[129.5114,28.4117]]],[[[129.5121,28.4132],[129.5122,28.4132],[129.5121,28.4131],[129.5121,28.4132]]],[[[129.5124,28.415],[129.5124,28.4151],[129.5124,28.4151],[129.5124,28.415]]],[[[129.513,28.4167],[129.5129,28.4168],[129.513,28.4168],[129.513,28.4167]]],[[[129.5129,28.4167],[129.5124,28.4167],[129.5125,28.417],[129.5129,28.4167]]],[[[129.5134,28.4168],[129.5132,28.4168],[129.5132,28.417],[129.5134,28.4168]]],[[[129.5144,28.4239],[129.5144,28.424],[129.5144,28.424],[129.5144,28.4239]]],[[[129.5134,28.4247],[129.5134,28.4249],[129.5135,28.4248],[129.5134,28.4247]]],[[[129.5172,28.4263],[129.5173,28.4262],[129.5172,28.4263],[129.5172,28.4263]]],[[[129.5186,28.4267],[129.5187,28.4266],[129.5185,28.4266],[129.5186,28.4267]]],[[[129.5182,28.4269],[129.5183,28.4269],[129.5183,28.4268],[129.5182,28.4269]]],[[[129.5186,28.4269],[129.5186,28.427],[129.5187,28.427],[129.5186,28.4269]]],[[[129.5171,28.4354],[129.5172,28.4354],[129.5172,28.4353],[129.5171,28.4354]]],[[[129.5174,28.4385],[129.5173,28.4385],[129.5175,28.4386],[129.5174,28.4385]]],[[[129.5171,28.4386],[129.5173,28.4387],[129.5173,28.4386],[129.5171,28.4386]]],[[[129.5185,28.4393],[129.5185,28.4393],[129.5185,28.4392],[129.5185,28.4393]]],[[[129.5156,28.4394],[129.5156,28.4394],[129.5156,28.4394],[129.5156,28.4394]]],[[[129.5159,28.4396],[129.516,28.4396],[129.5161,28.4395],[129.5159,28.4396]]],[[[129.5181,28.4411],[129.518,28.4412],[129.5181,28.4412],[129.5181,28.4411]]],[[[129.5178,28.4412],[129.5178,28.4412],[129.5178,28.4412],[129.5178,28.4412]]],[[[129.5181,28.4413],[129.5181,28.4413],[129.5182,28.4412],[129.5181,28.4413]]],[[[129.518,28.4412],[129.518,28.4413],[129.518,28.4413],[129.518,28.4412]]],[[[129.5182,28.4413],[129.5182,28.4413],[129.5182,28.4413],[129.5182,28.4413]]],[[[129.5169,28.4411],[129.5165,28.4414],[129.517,28.4415],[129.5169,28.4411]]],[[[129.518,28.4414],[129.5179,28.4414],[129.518,28.4414],[129.518,28.4414]]],[[[129.5175,28.4422],[129.5174,28.442],[129.5173,28.442],[129.5175,28.4422]]],[[[129.5193,28.4421],[129.5192,28.4421],[129.5193,28.4422],[129.5193,28.4421]]],[[[129.5195,28.4422],[129.5194,28.4422],[129.5194,28.4422],[129.5195,28.4422]]],[[[129.5166,28.4424],[129.5167,28.4425],[129.5167,28.4424],[129.5166,28.4424]]],[[[129.5194,28.4432],[129.5195,28.4432],[129.5194,28.4431],[129.5194,28.4432]]],[[[129.5192,28.4434],[129.5189,28.4438],[129.5194,28.4441],[129.5192,28.4434]]],[[[129.519,28.444],[129.519,28.4441],[129.5191,28.444],[129.519,28.444]]],[[[129.5296,28.4479],[129.5298,28.4479],[129.5298,28.4477],[129.5296,28.4479]]],[[[129.52,28.4482],[129.52,28.4482],[129.5199,28.4482],[129.52,28.4482]]],[[[129.5202,28.4482],[129.5201,28.4482],[129.5201,28.4483],[129.5202,28.4482]]],[[[129.5202,28.4485],[129.5201,28.4484],[129.5199,28.4484],[129.5202,28.4485]]],[[[129.531,28.4488],[129.5309,28.4488],[129.531,28.4489],[129.531,28.4488]]],[[[129.5308,28.4489],[129.5307,28.4491],[129.5308,28.4489],[129.5308,28.4489]]],[[[129.531,28.4493],[129.5309,28.4494],[129.5311,28.4494],[129.531,28.4493]]],[[[129.5274,28.4538],[129.5274,28.4534],[129.5272,28.4535],[129.5274,28.4538]]],[[[129.5359,28.455],[129.536,28.4555],[129.5362,28.4554],[129.5359,28.455]]],[[[129.5386,28.3035],[129.5386,28.3037],[129.5387,28.3035],[129.5386,28.3035]]],[[[129.5384,28.3038],[129.5385,28.3038],[129.5384,28.3037],[129.5384,28.3038]]],[[[129.5473,28.3043],[129.5473,28.3041],[129.5471,28.3042],[129.5473,28.3043]]],[[[129.5389,28.3045],[129.539,28.3045],[129.539,28.3043],[129.5389,28.3045]]],[[[129.5378,28.3047],[129.5381,28.3051],[129.538,28.3046],[129.5378,28.3047]]],[[[129.5431,28.3053],[129.5427,28.3052],[129.5428,28.3054],[129.5431,28.3053]]],[[[129.5464,28.3058],[129.5465,28.3058],[129.5462,28.3053],[129.5464,28.3058]]],[[[129.5911,28.3216],[129.591,28.3217],[129.591,28.3218],[129.5911,28.3216]]],[[[129.5926,28.3216],[129.5926,28.3217],[129.5926,28.3217],[129.5926,28.3216]]],[[[129.5918,28.3219],[129.5918,28.322],[129.5919,28.322],[129.5918,28.3219]]],[[[129.5486,28.3297],[129.5487,28.3298],[129.5487,28.3297],[129.5486,28.3297]]],[[[129.5503,28.33],[129.5503,28.33],[129.5503,28.3301],[129.5503,28.33]]],[[[129.5496,28.33],[129.5496,28.3301],[129.5497,28.33],[129.5496,28.33]]],[[[129.5507,28.3301],[129.5507,28.3301],[129.5507,28.33],[129.5507,28.3301]]],[[[129.5501,28.3302],[129.5502,28.3302],[129.5502,28.3302],[129.5501,28.3302]]],[[[129.5504,28.3303],[129.5503,28.3304],[129.5503,28.3304],[129.5504,28.3303]]],[[[129.5506,28.3304],[129.5506,28.3304],[129.5505,28.3305],[129.5506,28.3304]]],[[[129.552,28.3317],[129.552,28.3317],[129.5521,28.3318],[129.552,28.3317]]],[[[129.5515,28.3318],[129.5514,28.3318],[129.5515,28.3319],[129.5515,28.3318]]],[[[129.5615,28.333],[129.5618,28.3329],[129.5616,28.3327],[129.5615,28.333]]],[[[129.5539,28.3328],[129.5538,28.3329],[129.5539,28.333],[129.5539,28.3328]]],[[[129.5538,28.3331],[129.5538,28.3332],[129.5539,28.3331],[129.5538,28.3331]]],[[[129.5537,28.3333],[129.5538,28.3333],[129.5538,28.3333],[129.5537,28.3333]]],[[[129.5542,28.334],[129.5542,28.334],[129.5542,28.334],[129.5542,28.334]]],[[[129.5643,28.3345],[129.5642,28.3345],[129.5643,28.3346],[129.5643,28.3345]]],[[[129.5705,28.3435],[129.5705,28.3435],[129.5706,28.3436],[129.5705,28.3435]]],[[[129.6598,28.3985],[129.6599,28.3986],[129.6599,28.3986],[129.6598,28.3985]]],[[[129.6549,28.3998],[129.6548,28.3999],[129.6548,28.3999],[129.6549,28.3998]]],[[[129.6659,28.401],[129.6661,28.401],[129.666,28.4007],[129.6659,28.401]]],[[[129.6658,28.4014],[129.6658,28.4013],[129.6658,28.4014],[129.6658,28.4014]]],[[[129.6479,28.4024],[129.6478,28.4026],[129.648,28.4027],[129.6479,28.4024]]],[[[129.6412,28.4035],[129.6413,28.4035],[129.6413,28.4034],[129.6412,28.4035]]],[[[129.6413,28.4036],[129.6413,28.4036],[129.6413,28.4036],[129.6413,28.4036]]],[[[129.6369,28.4045],[129.6369,28.4045],[129.6369,28.4046],[129.6369,28.4045]]],[[[129.6369,28.4047],[129.6369,28.4047],[129.6369,28.4047],[129.6369,28.4047]]],[[[129.6368,28.4048],[129.6368,28.4047],[129.6367,28.4047],[129.6368,28.4048]]],[[[129.6353,28.4047],[129.6354,28.405],[129.6355,28.4048],[129.6353,28.4047]]],[[[129.6363,28.4049],[129.6363,28.4049],[129.6363,28.4049],[129.6363,28.4049]]],[[[129.6354,28.405],[129.6354,28.405],[129.6354,28.405],[129.6354,28.405]]],[[[129.6352,28.4054],[129.6353,28.4055],[129.6353,28.4053],[129.6352,28.4054]]],[[[129.6348,28.4057],[129.6349,28.4057],[129.6349,28.4056],[129.6348,28.4057]]],[[[129.6473,28.4334],[129.6473,28.4334],[129.6473,28.4335],[129.6473,28.4334]]],[[[129.6471,28.4335],[129.6471,28.4336],[129.6472,28.4335],[129.6471,28.4335]]],[[[129.6466,28.4339],[129.6466,28.4339],[129.6465,28.4339],[129.6466,28.4339]]],[[[129.6464,28.4339],[129.6464,28.4339],[129.6464,28.4339],[129.6464,28.4339]]],[[[129.6465,28.434],[129.6464,28.4341],[129.6465,28.4341],[129.6465,28.434]]],[[[129.6536,28.439],[129.6534,28.439],[129.6534,28.4391],[129.6536,28.439]]],[[[129.6533,28.4392],[129.6533,28.4393],[129.6534,28.4392],[129.6533,28.4392]]],[[[129.6534,28.4395],[129.6534,28.4394],[129.6534,28.4395],[129.6534,28.4395]]],[[[129.6533,28.4399],[129.6533,28.4399],[129.6534,28.4399],[129.6533,28.4399]]],[[[129.6485,28.4481],[129.6484,28.4482],[129.6484,28.4482],[129.6485,28.4481]]],[[[129.6493,28.4482],[129.6493,28.4482],[129.6493,28.4483],[129.6493,28.4482]]],[[[129.6491,28.4482],[129.6491,28.4483],[129.6491,28.4482],[129.6491,28.4482]]],[[[129.6482,28.4492],[129.6482,28.4491],[129.6482,28.4491],[129.6482,28.4492]]],[[[129.6487,28.4507],[129.6488,28.4507],[129.6487,28.4507],[129.6487,28.4507]]],[[[129.6486,28.451],[129.6486,28.4508],[129.6484,28.4509],[129.6486,28.451]]],[[[129.6496,28.4531],[129.6495,28.4531],[129.6495,28.4532],[129.6496,28.4531]]],[[[129.6494,28.4533],[129.6493,28.4535],[129.6495,28.4534],[129.6494,28.4533]]],[[[129.5405,28.4591],[129.5406,28.4592],[129.5406,28.4591],[129.5405,28.4591]]],[[[129.5409,28.4594],[129.541,28.4595],[129.541,28.4594],[129.5409,28.4594]]],[[[129.5406,28.4594],[129.5406,28.4595],[129.5407,28.4595],[129.5406,28.4594]]],[[[129.6487,28.4596],[129.6486,28.4596],[129.6487,28.4596],[129.6487,28.4596]]],[[[129.6485,28.4597],[129.6485,28.4598],[129.6486,28.4597],[129.6485,28.4597]]],[[[129.5405,28.4595],[129.5402,28.4602],[129.5407,28.4603],[129.5405,28.4595]]],[[[129.6476,28.4669],[129.6477,28.4669],[129.6477,28.4668],[129.6476,28.4669]]],[[[129.6481,28.4672],[129.648,28.4672],[129.648,28.4672],[129.6481,28.4672]]],[[[129.6479,28.4673],[129.6478,28.4673],[129.6478,28.4673],[129.6479,28.4673]]],[[[129.6539,28.468],[129.6539,28.4681],[129.654,28.468],[129.6539,28.468]]],[[[129.648,28.4683],[129.648,28.4683],[129.648,28.4683],[129.648,28.4683]]],[[[129.6495,28.4687],[129.6496,28.4687],[129.6496,28.4686],[129.6495,28.4687]]],[[[129.6498,28.4688],[129.6498,28.4688],[129.6498,28.4689],[129.6498,28.4688]]],[[[129.6493,28.4718],[129.6497,28.4718],[129.6497,28.4715],[129.6493,28.4718]]],[[[129.6656,28.4728],[129.6656,28.4729],[129.6658,28.4728],[129.6656,28.4728]]],[[[129.6552,28.4839],[129.6553,28.4838],[129.6552,28.4838],[129.6552,28.4839]]],[[[129.6581,28.502],[129.6581,28.502],[129.6581,28.5021],[129.6581,28.502]]],[[[129.6464,28.5035],[129.6465,28.5035],[129.6465,28.5034],[129.6464,28.5035]]],[[[129.6596,28.5067],[129.6597,28.5065],[129.6595,28.5064],[129.6596,28.5067]]],[[[129.6755,28.4098],[129.6755,28.4099],[129.6755,28.4099],[129.6755,28.4098]]],[[[129.6818,28.4101],[129.6818,28.41],[129.6816,28.41],[129.6818,28.4101]]],[[[129.6749,28.4101],[129.6749,28.4101],[129.6749,28.41],[129.6749,28.4101]]],[[[129.6824,28.4102],[129.6823,28.4102],[129.6823,28.4103],[129.6824,28.4102]]],[[[129.6819,28.4103],[129.6818,28.4102],[129.6817,28.4103],[129.6819,28.4103]]],[[[129.6756,28.4103],[129.6753,28.4103],[129.6753,28.4105],[129.6756,28.4103]]],[[[129.6752,28.4105],[129.6749,28.4103],[129.6751,28.4106],[129.6752,28.4105]]],[[[129.6844,28.4116],[129.6843,28.4117],[129.6844,28.4117],[129.6844,28.4116]]],[[[129.6842,28.4117],[129.6843,28.4117],[129.6843,28.4117],[129.6842,28.4117]]],[[[129.6843,28.4118],[129.6842,28.4119],[129.6843,28.4119],[129.6843,28.4118]]],[[[129.6848,28.412],[129.685,28.4119],[129.6848,28.4118],[129.6848,28.412]]],[[[129.684,28.4119],[129.6839,28.4119],[129.684,28.412],[129.684,28.4119]]],[[[129.6845,28.4119],[129.6845,28.412],[129.6846,28.412],[129.6845,28.4119]]],[[[129.6843,28.412],[129.6843,28.412],[129.6843,28.4121],[129.6843,28.412]]],[[[129.6847,28.4122],[129.6846,28.4122],[129.6847,28.4122],[129.6847,28.4122]]],[[[129.6854,28.4123],[129.6852,28.4123],[129.6852,28.4123],[129.6854,28.4123]]],[[[129.6944,28.4131],[129.6943,28.4131],[129.6942,28.4133],[129.6944,28.4131]]],[[[129.6951,28.4133],[129.6951,28.4132],[129.695,28.4134],[129.6951,28.4133]]],[[[129.6953,28.4134],[129.6953,28.4136],[129.6953,28.4136],[129.6953,28.4134]]],[[[129.6964,28.4151],[129.6963,28.4151],[129.6964,28.4153],[129.6964,28.4151]]],[[[129.6988,28.4178],[129.6987,28.4178],[129.6989,28.418],[129.6988,28.4178]]],[[[129.6978,28.4857],[129.6983,28.4841],[129.6998,28.4821],[129.7023,28.4812],[129.7028,28.4786],[129.7041,28.4787],[129.7041,28.4765],[129.7102,28.477],[129.7126,28.475],[129.7148,28.4742],[129.7181,28.4754],[129.7192,28.4745],[129.7189,28.4723],[129.7177,28.4719],[129.7172,28.4708],[129.7171,28.464],[129.7191,28.4617],[129.7215,28.4612],[129.7221,28.458],[129.72,28.4534],[129.7139,28.4474],[129.7147,28.4471],[129.7149,28.4466],[129.714,28.4473],[129.7135,28.4464],[129.7153,28.445],[129.7143,28.4432],[129.7153,28.443],[129.7142,28.4428],[129.7155,28.4425],[129.7158,28.4449],[129.717,28.4455],[129.7159,28.4418],[129.7138,28.4409],[129.7139,28.4388],[129.7149,28.4405],[129.7127,28.4365],[129.7123,28.436],[129.7088,28.4355],[129.7125,28.436],[129.7109,28.4331],[129.7088,28.4335],[129.7111,28.433],[129.715,28.4405],[129.7155,28.441],[129.7187,28.4407],[129.719,28.4391],[129.7102,28.4218],[129.709,28.4212],[129.7055,28.4228],[129.7084,28.4296],[129.7066,28.426],[129.7053,28.4255],[129.7038,28.424],[129.7028,28.4218],[129.7036,28.4213],[129.7019,28.4207],[129.7045,28.4212],[129.6992,28.4186],[129.6945,28.4134],[129.6865,28.4135],[129.6835,28.4119],[129.682,28.4103],[129.679,28.4112],[129.671,28.4101],[129.6673,28.4068],[129.6671,28.4028],[129.6653,28.402],[129.666,28.3992],[129.6649,28.3977],[129.6605,28.3988],[129.6572,28.3981],[129.656,28.397],[129.6552,28.3984],[129.6543,28.3982],[129.6551,28.3998],[129.655,28.4007],[129.6536,28.4018],[129.6449,28.4032],[129.6427,28.4027],[129.6421,28.4036],[129.6338,28.4062],[129.6365,28.4066],[129.6397,28.4094],[129.6438,28.407],[129.6474,28.4086],[129.6469,28.4132],[129.6482,28.4146],[129.6476,28.416],[129.6487,28.4212],[129.6459,28.4244],[129.6448,28.4309],[129.6434,28.4324],[129.6472,28.4334],[129.6459,28.4287],[129.6507,28.4275],[129.6503,28.4253],[129.6519,28.422],[129.6559,28.4244],[129.6567,28.4265],[129.6557,28.4272],[129.6567,28.4266],[129.6571,28.4274],[129.6562,28.4288],[129.6558,28.4279],[129.6556,28.4278],[129.6563,28.4292],[129.6577,28.4301],[129.6585,28.4294],[129.6578,28.4302],[129.6589,28.4321],[129.6581,28.4372],[129.6564,28.4372],[129.6552,28.4393],[129.6538,28.4392],[129.6517,28.4435],[129.6507,28.444],[129.6513,28.4476],[129.6482,28.4488],[129.6521,28.4564],[129.6493,28.4594],[129.6502,28.4655],[129.6479,28.4681],[129.6537,28.4679],[129.655,28.4645],[129.6546,28.4611],[129.6595,28.4578],[129.6589,28.4551],[129.6605,28.4494],[129.6616,28.4492],[129.6609,28.4459],[129.6643,28.4425],[129.6659,28.439],[129.6705,28.4401],[129.6727,28.4423],[129.6659,28.4476],[129.6677,28.455],[129.6681,28.4553],[129.6689,28.4542],[129.6693,28.4542],[129.6693,28.4557],[129.6719,28.4562],[129.6735,28.4578],[129.6739,28.4605],[129.6722,28.4613],[129.674,28.4606],[129.6742,28.4616],[129.6719,28.4631],[129.6717,28.4619],[129.6711,28.461],[129.6716,28.4681],[129.6689,28.4691],[129.6662,28.475],[129.6564,28.4817],[129.6557,28.4886],[129.6531,28.4903],[129.6509,28.4944],[129.6461,28.4973],[129.6455,28.5003],[129.6467,28.5031],[129.648,28.5036],[129.6534,28.501],[129.6547,28.5015],[129.6535,28.5009],[129.6539,28.4997],[129.655,28.4996],[129.6548,28.501],[129.6551,28.4996],[129.6589,28.5012],[129.6594,28.5004],[129.6599,28.5059],[129.6652,28.507],[129.6645,28.5105],[129.6682,28.5144],[129.6756,28.525],[129.6763,28.5269],[129.6845,28.5283],[129.6897,28.5309],[129.6901,28.5295],[129.6908,28.528],[129.691,28.5278],[129.6903,28.525],[129.6938,28.5111],[129.6915,28.5087],[129.6902,28.503],[129.6908,28.5012],[129.6951,28.495],[129.6958,28.4927],[129.6953,28.4909],[129.6939,28.4906],[129.6937,28.4904],[129.6965,28.491],[129.6971,28.4906],[129.6949,28.4904],[129.6954,28.489],[129.6966,28.4882],[129.6984,28.4876],[129.6978,28.4857]]],[[[129.6689,28.4686],[129.669,28.4687],[129.669,28.4686],[129.6689,28.4686]]],[[[129.6692,28.4689],[129.6692,28.4688],[129.6692,28.4688],[129.6692,28.4689]]],[[[129.6689,28.4689],[129.6689,28.4688],[129.6689,28.4689],[129.6689,28.4689]]],[[[129.6679,28.4707],[129.6678,28.4706],[129.6678,28.4706],[129.6679,28.4707]]],[[[129.7024,28.4815],[129.7024,28.4814],[129.7022,28.4814],[129.7024,28.4815]]],[[[129.7025,28.4821],[129.7024,28.4822],[129.7025,28.4822],[129.7025,28.4821]]],[[[129.7018,28.4822],[129.7018,28.4822],[129.7019,28.4821],[129.7018,28.4822]]],[[[129.702,28.4826],[129.7021,28.4826],[129.702,28.4826],[129.702,28.4826]]],[[[129.7005,28.4825],[129.7005,28.4825],[129.7,28.4829],[129.7005,28.4825]]],[[[129.7018,28.4829],[129.7017,28.4829],[129.7018,28.4829],[129.7018,28.4829]]],[[[129.7022,28.4835],[129.7025,28.4833],[129.7024,28.4831],[129.7022,28.4835]]],[[[129.6997,28.4832],[129.6996,28.4831],[129.6992,28.4838],[129.6997,28.4832]]],[[[129.698,28.486],[129.6981,28.486],[129.698,28.486],[129.698,28.486]]],[[[129.6988,28.4869],[129.6988,28.487],[129.6989,28.487],[129.6988,28.4869]]],[[[129.6991,28.4875],[129.699,28.4875],[129.699,28.4875],[129.6991,28.4875]]],[[[129.6985,28.4876],[129.6985,28.4877],[129.6985,28.4877],[129.6985,28.4876]]],[[[129.6994,28.4877],[129.6994,28.4877],[129.6994,28.4877],[129.6994,28.4877]]],[[[129.6987,28.4879],[129.6988,28.4879],[129.6988,28.4879],[129.6987,28.4879]]],[[[129.6984,28.4879],[129.6983,28.488],[129.6984,28.488],[129.6984,28.4879]]],[[[129.6992,28.4879],[129.6991,28.4879],[129.6992,28.488],[129.6992,28.4879]]],[[[129.6975,28.488],[129.6974,28.488],[129.6975,28.488],[129.6975,28.488]]],[[[129.6982,28.4882],[129.6983,28.4881],[129.6982,28.4881],[129.6982,28.4882]]],[[[129.6977,28.4882],[129.6977,28.4882],[129.6977,28.4882],[129.6977,28.4882]]],[[[129.6989,28.4882],[129.6988,28.4882],[129.6988,28.4882],[129.6989,28.4882]]],[[[129.6979,28.4883],[129.6979,28.4884],[129.6979,28.4884],[129.6979,28.4883]]],[[[129.6995,28.4885],[129.6995,28.4886],[129.6996,28.4885],[129.6995,28.4885]]],[[[129.6984,28.4887],[129.6984,28.4886],[129.6984,28.4886],[129.6984,28.4887]]],[[[129.6989,28.4887],[129.6989,28.4888],[129.6989,28.4888],[129.6989,28.4887]]],[[[129.6994,28.4889],[129.6993,28.4889],[129.6993,28.4889],[129.6994,28.4889]]],[[[129.699,28.4894],[129.6989,28.4894],[129.6989,28.4895],[129.699,28.4894]]],[[[129.6983,28.4886],[129.6982,28.4886],[129.6978,28.4904],[129.6983,28.4886]]],[[[129.6982,28.4902],[129.6982,28.4902],[129.6987,28.4913],[129.6982,28.4902]]],[[[129.6977,28.4916],[129.6968,28.4918],[129.6977,28.4917],[129.6977,28.4916]]],[[[129.6924,28.5003],[129.6924,28.5002],[129.6922,28.5002],[129.6924,28.5003]]],[[[129.6906,28.5026],[129.6905,28.5026],[129.6905,28.5026],[129.6906,28.5026]]],[[[129.6903,28.5028],[129.6903,28.5028],[129.6904,28.5028],[129.6903,28.5028]]],[[[129.6907,28.5028],[129.6907,28.5028],[129.6907,28.5028],[129.6907,28.5028]]],[[[129.6913,28.507],[129.6913,28.5072],[129.6914,28.507],[129.6913,28.507]]],[[[129.692,28.5073],[129.6918,28.5073],[129.6919,28.5074],[129.692,28.5073]]],[[[129.693,28.5094],[129.693,28.5097],[129.6934,28.5097],[129.693,28.5094]]],[[[129.6919,28.5244],[129.692,28.5244],[129.692,28.5243],[129.6919,28.5244]]],[[[129.6919,28.5247],[129.692,28.5246],[129.6919,28.5246],[129.6919,28.5247]]],[[[129.6758,28.5264],[129.6759,28.5264],[129.6759,28.5263],[129.6758,28.5264]]],[[[129.6757,28.5267],[129.6757,28.5268],[129.6758,28.5268],[129.6757,28.5267]]],[[[129.6763,28.5271],[129.6763,28.5271],[129.6761,28.5269],[129.6763,28.5271]]],[[[129.6762,28.5272],[129.6762,28.5273],[129.6763,28.5272],[129.6762,28.5272]]],[[[129.6909,28.5281],[129.6909,28.528],[129.6908,28.528],[129.6909,28.5281]]],[[[129.6845,28.5289],[129.6845,28.529],[129.6845,28.5289],[129.6845,28.5289]]],[[[129.6852,28.5289],[129.6852,28.529],[129.6853,28.529],[129.6852,28.5289]]],[[[129.6856,28.5292],[129.6856,28.5293],[129.6856,28.5293],[129.6856,28.5292]]],[[[129.6914,28.5297],[129.6915,28.5298],[129.6915,28.5296],[129.6914,28.5297]]],[[[129.6902,28.53],[129.6902,28.5299],[129.6901,28.5299],[129.6902,28.53]]],[[[129.6913,28.5299],[129.6913,28.53],[129.6913,28.5299],[129.6913,28.5299]]],[[[129.6879,28.5302],[129.6878,28.5302],[129.6878,28.5303],[129.6879,28.5302]]],[[[129.6904,28.5304],[129.6903,28.5303],[129.6903,28.5304],[129.6904,28.5304]]],[[[129.7041,28.4242],[129.7043,28.4244],[129.7044,28.4244],[129.7041,28.4242]]],[[[129.7052,28.4252],[129.7053,28.4253],[129.7053,28.4252],[129.7052,28.4252]]],[[[129.7057,28.4255],[129.7057,28.4254],[129.7057,28.4254],[129.7057,28.4255]]],[[[129.7182,28.4445],[129.7192,28.4457],[129.7195,28.4455],[129.7182,28.4445]]],[[[129.7152,28.4461],[129.7148,28.4459],[129.7148,28.4459],[129.7152,28.4461]]],[[[129.7182,28.4462],[129.7178,28.4473],[129.7179,28.4473],[129.7182,28.4462]]],[[[129.718,28.4514],[129.7181,28.4515],[129.7181,28.4513],[129.718,28.4514]]],[[[129.7191,28.4516],[129.7191,28.4516],[129.7191,28.4516],[129.7191,28.4516]]],[[[129.7188,28.4516],[129.7187,28.4517],[129.7188,28.4517],[129.7188,28.4516]]],[[[129.7191,28.4521],[129.7191,28.4521],[129.7192,28.4521],[129.7191,28.4521]]],[[[129.7198,28.4528],[129.7198,28.4528],[129.7198,28.4528],[129.7198,28.4528]]],[[[129.72,28.4531],[129.7201,28.453],[129.72,28.4529],[129.72,28.4531]]],[[[129.7202,28.4529],[129.7201,28.4531],[129.7202,28.4531],[129.7202,28.4529]]],[[[129.7227,28.4579],[129.7227,28.4578],[129.7226,28.4578],[129.7227,28.4579]]],[[[129.7224,28.4588],[129.7223,28.4588],[129.7225,28.4592],[129.7224,28.4588]]],[[[129.7234,28.4596],[129.7235,28.4595],[129.7234,28.4595],[129.7234,28.4596]]],[[[129.7222,28.461],[129.7222,28.4611],[129.7222,28.461],[129.7222,28.461]]],[[[129.722,28.4612],[129.7219,28.4613],[129.722,28.4613],[129.722,28.4612]]],[[[129.7226,28.4613],[129.7225,28.4614],[129.7226,28.4614],[129.7226,28.4613]]],[[[129.7225,28.4614],[129.7224,28.4614],[129.7224,28.4615],[129.7225,28.4614]]],[[[129.7226,28.4617],[129.7226,28.4616],[129.7226,28.4617],[129.7226,28.4617]]],[[[129.7217,28.4617],[129.7217,28.4617],[129.7217,28.4617],[129.7217,28.4617]]],[[[129.7228,28.4619],[129.7227,28.4619],[129.7227,28.4619],[129.7228,28.4619]]],[[[129.7254,28.4638],[129.7252,28.4638],[129.7254,28.4641],[129.7254,28.4638]]],[[[129.7175,28.4672],[129.7175,28.4672],[129.7175,28.4672],[129.7175,28.4672]]],[[[129.7175,28.468],[129.7176,28.468],[129.7176,28.4679],[129.7175,28.468]]],[[[129.7178,28.4683],[129.7178,28.4684],[129.7178,28.4684],[129.7178,28.4683]]],[[[129.7182,28.4688],[129.7181,28.4688],[129.7181,28.4689],[129.7182,28.4688]]],[[[129.7176,28.469],[129.7176,28.4691],[129.7177,28.469],[129.7176,28.469]]],[[[129.7194,28.4692],[129.7194,28.4691],[129.7193,28.4691],[129.7194,28.4692]]],[[[129.7191,28.4692],[129.7189,28.4692],[129.7192,28.4694],[129.7191,28.4692]]],[[[129.7183,28.4694],[129.7182,28.4694],[129.7182,28.4695],[129.7183,28.4694]]],[[[129.7196,28.4696],[129.7197,28.4696],[129.7197,28.4696],[129.7196,28.4696]]],[[[129.7177,28.4696],[129.7176,28.4697],[129.7177,28.4697],[129.7177,28.4696]]],[[[129.72,28.47],[129.72,28.4699],[129.7199,28.4699],[129.72,28.47]]],[[[129.7183,28.4701],[129.7183,28.4702],[129.7184,28.4701],[129.7183,28.4701]]],[[[129.7179,28.4702],[129.7179,28.4701],[129.7179,28.4702],[129.7179,28.4702]]],[[[129.7176,28.4703],[129.7176,28.4703],[129.7176,28.4704],[129.7176,28.4703]]],[[[129.718,28.4706],[129.7179,28.4706],[129.7179,28.4706],[129.718,28.4706]]],[[[129.7183,28.4709],[129.7185,28.471],[129.7184,28.4708],[129.7183,28.4709]]],[[[129.7188,28.4711],[129.7188,28.4709],[129.7187,28.471],[129.7188,28.4711]]],[[[129.7212,28.4712],[129.7212,28.4711],[129.7212,28.4711],[129.7212,28.4712]]],[[[129.7175,28.4712],[129.7175,28.4712],[129.7175,28.4712],[129.7175,28.4712]]],[[[129.718,28.4712],[129.7181,28.4713],[129.7181,28.4712],[129.718,28.4712]]],[[[129.7199,28.4713],[129.7199,28.4713],[129.7199,28.4712],[129.7199,28.4713]]],[[[129.7185,28.4714],[129.7185,28.4714],[129.7185,28.4715],[129.7185,28.4714]]],[[[129.7184,28.4718],[129.7183,28.4718],[129.7183,28.4718],[129.7184,28.4718]]],[[[129.7198,28.475],[129.7198,28.4751],[129.72,28.4751],[129.7198,28.475]]],[[[129.7192,28.4751],[129.7193,28.4754],[129.7193,28.4752],[129.7192,28.4751]]],[[[129.7115,28.4761],[129.7115,28.4762],[129.7116,28.4761],[129.7115,28.4761]]],[[[129.7117,28.4765],[129.7116,28.4765],[129.7116,28.4766],[129.7117,28.4765]]],[[[129.7107,28.4767],[129.7107,28.4768],[129.7107,28.4768],[129.7107,28.4767]]],[[[129.711,28.4768],[129.7111,28.4769],[129.7111,28.4768],[129.711,28.4768]]],[[[129.7054,28.4769],[129.7054,28.4769],[129.7054,28.4769],[129.7054,28.4769]]],[[[129.7114,28.477],[129.7115,28.477],[129.7114,28.477],[129.7114,28.477]]],[[[129.711,28.4771],[129.711,28.4771],[129.711,28.4772],[129.711,28.4771]]],[[[129.7106,28.4771],[129.7106,28.4772],[129.7106,28.4772],[129.7106,28.4771]]],[[[129.7061,28.4771],[129.7062,28.4772],[129.7064,28.4772],[129.7061,28.4771]]],[[[129.712,28.4772],[129.7121,28.4772],[129.712,28.4772],[129.712,28.4772]]],[[[129.7112,28.4775],[129.7112,28.4775],[129.7112,28.4775],[129.7112,28.4775]]],[[[129.7098,28.4775],[129.7097,28.4775],[129.7098,28.4775],[129.7098,28.4775]]],[[[129.7105,28.4776],[129.7105,28.4776],[129.7106,28.4775],[129.7105,28.4776]]],[[[129.711,28.4777],[129.7108,28.4777],[129.7111,28.4779],[129.711,28.4777]]],[[[129.7113,28.4779],[129.7112,28.4779],[129.7113,28.4779],[129.7113,28.4779]]],[[[129.7115,28.4779],[129.7116,28.478],[129.7116,28.4779],[129.7115,28.4779]]],[[[129.7116,28.4782],[129.7116,28.4782],[129.7116,28.4782],[129.7116,28.4782]]],[[[129.7116,28.4785],[129.7115,28.4785],[129.7115,28.4785],[129.7116,28.4785]]],[[[129.7034,28.4799],[129.7033,28.48],[129.7035,28.4801],[129.7034,28.4799]]],[[[129.7153,28.5317],[129.7154,28.5315],[129.7152,28.5315],[129.7153,28.5317]]],[[[129.7223,28.5445],[129.7222,28.5443],[129.7216,28.545],[129.7223,28.5445]]],[[[129.722,28.5455],[129.7219,28.5454],[129.7218,28.5455],[129.722,28.5455]]],[[[129.7776,28.7573],[129.7776,28.7574],[129.7776,28.7574],[129.7776,28.7573]]],[[[129.7777,28.7575],[129.7776,28.7575],[129.7776,28.7575],[129.7777,28.7575]]],[[[129.7782,28.7585],[129.7783,28.7587],[129.7784,28.7585],[129.7782,28.7585]]]]}},{"type":"Feature","properties":{"code":"46223","name":"南九州市","pref_code":"46","pref":"鹿児島県"},"geometry":{"type":"MultiPolygon","coordinates":[[[[130.3725,31.2503],[130.3726,31.2502],[130.3725,31.2502],[130.3725,31.2503]]],[[[130.4078,31.2502],[130.408,31.2504],[130.408,31.2503],[130.4078,31.2502]]],[[[130.4075,31.2505],[130.4075,31.2506],[130.4076,31.2505],[130.4075,31.2505]]],[[[130.3721,31.2506],[130.3722,31.2506],[130.3722,31.2505],[130.3721,31.2506]]],[[[130.3686,31.2505],[130.3686,31.2508],[130.3687,31.2507],[130.3686,31.2505]]],[[[130.3844,31.2506],[130.3845,31.2507],[130.3845,31.2506],[130.3844,31.2506]]],[[[130.3843,31.2507],[130.3843,31.2508],[130.3844,31.2507],[130.3843,31.2507]]],[[[130.3846,31.2507],[130.3848,31.2508],[130.3848,31.2507],[130.3846,31.2507]]],[[[130.4073,31.251],[130.4074,31.251],[130.4073,31.251],[130.4073,31.251]]],[[[130.3731,31.2509],[130.3732,31.2511],[130.3732,31.2511],[130.3731,31.2509]]],[[[130.38,31.2513],[130.38,31.2514],[130.3801,31.2514],[130.38,31.2513]]],[[[130.3796,31.2513],[130.3798,31.2514],[130.3796,31.2513],[130.3796,31.2513]]],[[[130.3803,31.2515],[130.3804,31.2516],[130.3804,31.2515],[130.3803,31.2515]]],[[[130.3973,31.2517],[130.3973,31.2518],[130.3974,31.2518],[130.3973,31.2517]]],[[[130.4299,31.2453],[130.43,31.2454],[130.4301,31.2453],[130.4299,31.2453]]],[[[130.4261,31.2461],[130.4263,31.2464],[130.4263,31.2463],[130.4261,31.2461]]],[[[130.4323,31.2469],[130.4324,31.247],[130.4324,31.2469],[130.4323,31.2469]]],[[[130.4178,31.2476],[130.4179,31.2476],[130.4179,31.2475],[130.4178,31.2476]]],[[[130.4174,31.2482],[130.4175,31.2483],[130.4175,31.2482],[130.4174,31.2482]]],[[[130.4149,31.2484],[130.415,31.2485],[130.415,31.2484],[130.4149,31.2484]]],[[[130.4542,31.2489],[130.454,31.2492],[130.4541,31.2494],[130.4542,31.2489]]],[[[130.4553,31.2491],[130.4555,31.2495],[130.4559,31.2495],[130.4553,31.2491]]],[[[130.4397,31.2493],[130.4398,31.2494],[130.4399,31.2494],[130.4397,31.2493]]],[[[130.4562,31.2496],[130.4561,31.25],[130.4562,31.2499],[130.4562,31.2496]]],[[[130.451,31.2504],[130.4514,31.2502],[130.451,31.25],[130.451,31.2504]]],[[[130.4479,31.2508],[130.448,31.2506],[130.4477,31.2506],[130.4479,31.2508]]],[[[130.4445,31.2507],[130.4446,31.2508],[130.4446,31.2508],[130.4445,31.2507]]],[[[130.4469,31.475],[130.4515,31.4658],[130.457,31.4657],[130.458,31.4622],[130.4639,31.4633],[130.466,31.462],[130.4695,31.4623],[130.4693,31.4593],[130.4724,31.4581],[130.4838,31.461],[130.4829,31.4538],[130.4864,31.446],[130.4837,31.4367],[130.4872,31.425],[130.4906,31.4195],[130.4935,31.4197],[130.4939,31.418],[130.496,31.4179],[130.497,31.4161],[130.4972,31.4131],[130.4951,31.411],[130.4989,31.4099],[130.5024,31.4073],[130.503,31.4053],[130.5073,31.4047],[130.5085,31.4034],[130.5072,31.3981],[130.5101,31.3955],[130.5105,31.3926],[130.5087,31.3866],[130.5072,31.3861],[130.5074,31.381],[130.5057,31.3785],[130.5074,31.3715],[130.5057,31.3684],[130.5057,31.3653],[130.5015,31.3638],[130.4951,31.3591],[130.4901,31.3499],[130.4902,31.3459],[130.4944,31.3392],[130.4969,31.3381],[130.4998,31.3388],[130.5015,31.3376],[130.5009,31.3339],[130.5023,31.3326],[130.5051,31.3323],[130.5054,31.3309],[130.5078,31.3299],[130.518,31.3313],[130.5215,31.328],[130.5225,31.3238],[130.5279,31.3226],[130.5281,31.3111],[130.5322,31.3079],[130.5365,31.3011],[130.5397,31.2981],[130.5358,31.2868],[130.5377,31.2859],[130.5374,31.2833],[130.5406,31.2805],[130.5411,31.2762],[130.54,31.2752],[130.5419,31.2708],[130.5437,31.2692],[130.5442,31.2653],[130.5392,31.259],[130.5401,31.2565],[130.5368,31.2499],[130.5362,31.2458],[130.5314,31.2392],[130.532,31.2356],[130.5332,31.2352],[130.5314,31.2312],[130.5322,31.2283],[130.5306,31.2253],[130.5275,31.2234],[130.527,31.2214],[130.5111,31.216],[130.5086,31.2134],[130.5051,31.2182],[130.5033,31.2189],[130.5016,31.2224],[130.4863,31.2371],[130.4745,31.2452],[130.4595,31.2513],[130.4575,31.2512],[130.4565,31.2498],[130.4563,31.2501],[130.4546,31.2502],[130.4505,31.2522],[130.4485,31.2512],[130.4475,31.2523],[130.4464,31.2518],[130.4454,31.2529],[130.4442,31.2526],[130.4434,31.2505],[130.4414,31.2507],[130.4414,31.2494],[130.4411,31.2491],[130.4386,31.25],[130.4392,31.2511],[130.4401,31.2502],[130.4411,31.251],[130.4406,31.2519],[130.439,31.2521],[130.4384,31.2509],[130.4356,31.2535],[130.4369,31.2515],[130.4361,31.2505],[130.4369,31.2504],[130.4347,31.249],[130.4352,31.2478],[130.4338,31.2489],[130.4342,31.2458],[130.4324,31.2472],[130.4312,31.2465],[130.4309,31.2475],[130.4303,31.2463],[130.4303,31.2472],[130.4293,31.2467],[130.4298,31.2476],[130.4281,31.2485],[130.4272,31.2474],[130.4272,31.249],[130.4256,31.2495],[130.4247,31.249],[130.4253,31.2475],[130.4234,31.2468],[130.4187,31.2485],[130.4181,31.2476],[130.4185,31.25],[130.4148,31.2488],[130.416,31.2504],[130.4153,31.2511],[130.4143,31.2499],[130.4131,31.2502],[130.4132,31.2484],[130.4066,31.2517],[130.4049,31.25],[130.4055,31.2521],[130.4022,31.2548],[130.4035,31.2517],[130.4019,31.2517],[130.4014,31.2503],[130.4005,31.2524],[130.4,31.2509],[130.3989,31.2509],[130.3953,31.2535],[130.3948,31.2512],[130.3938,31.2516],[130.3921,31.2533],[130.3931,31.2542],[130.3911,31.2556],[130.3914,31.2533],[130.3904,31.255],[130.3898,31.2553],[130.3895,31.2549],[130.391,31.2537],[130.391,31.2518],[130.3894,31.251],[130.3851,31.2522],[130.3846,31.2513],[130.3838,31.2509],[130.3851,31.2529],[130.3839,31.2539],[130.3845,31.2527],[130.383,31.2517],[130.3833,31.2508],[130.382,31.2528],[130.38,31.2519],[130.3777,31.2525],[130.3757,31.2512],[130.3738,31.252],[130.3722,31.2507],[130.3686,31.2519],[130.3688,31.2538],[130.3667,31.2561],[130.3677,31.2597],[130.3669,31.2619],[130.3678,31.2633],[130.3673,31.2732],[130.3655,31.2757],[130.3645,31.2842],[130.363,31.286],[130.3655,31.2902],[130.364,31.2913],[130.3626,31.2959],[130.364,31.2973],[130.3633,31.2994],[130.3641,31.3012],[130.3761,31.3081],[130.3715,31.3143],[130.3702,31.3195],[130.3655,31.317],[130.3653,31.3149],[130.3627,31.3121],[130.3617,31.3119],[130.358,31.315],[130.352,31.3102],[130.3481,31.3089],[130.3423,31.3106],[130.3402,31.3094],[130.3353,31.3104],[130.3331,31.3089],[130.3314,31.3091],[130.3276,31.3139],[130.3265,31.32],[130.321,31.3233],[130.3116,31.3351],[130.3162,31.3411],[130.318,31.3411],[130.321,31.345],[130.3272,31.3454],[130.3284,31.3493],[130.327,31.3528],[130.3284,31.3547],[130.3283,31.3566],[130.3325,31.3617],[130.335,31.3618],[130.3381,31.3654],[130.3389,31.369],[130.3373,31.3692],[130.3369,31.3711],[130.3389,31.374],[130.3402,31.3803],[130.3361,31.3832],[130.3355,31.3859],[130.34,31.3897],[130.341,31.3937],[130.3563,31.404],[130.3603,31.4121],[130.3655,31.411],[130.368,31.4138],[130.3743,31.4109],[130.381,31.412],[130.3842,31.4182],[130.3831,31.4217],[130.3896,31.4253],[130.3908,31.4294],[130.3955,31.4334],[130.3964,31.4379],[130.4017,31.4394],[130.4043,31.4426],[130.4097,31.4439],[130.4149,31.4531],[130.4187,31.4564],[130.4185,31.458],[130.4218,31.4662],[130.4247,31.4661],[130.426,31.4676],[130.4284,31.4681],[130.4294,31.4706],[130.4313,31.4702],[130.4334,31.4725],[130.4359,31.472],[130.4429,31.4758],[130.4469,31.475]]]]}},{"type":"Feature","properties":{"code":"46225","name":"姶良市","pref_code":"46","pref":"鹿児島県"},"geometry":{"type":"Polygon","coordinates":[[[130.5923,31.8771],[130.5984,31.8785],[130.6063,31.8781],[130.6061,31.8747],[130.614,31.8666],[130.6195,31.8669],[130.623,31.8648],[130.625,31.8661],[130.6261,31.8657],[130.6268,31.8605],[130.6332,31.8538],[130.6329,31.8486],[130.6357,31.8461],[130.6341,31.8422],[130.6348,31.8402],[130.6363,31.84],[130.6368,31.837],[130.636,31.8339],[130.6375,31.8251],[130.6365,31.824],[130.6406,31.8221],[130.6415,31.8192],[130.6464,31.8181],[130.6508,31.8117],[130.6509,31.8087],[130.6523,31.8083],[130.6527,31.8068],[130.6552,31.8065],[130.6568,31.8024],[130.6621,31.803],[130.666,31.8005],[130.6676,31.8013],[130.6767,31.7991],[130.6805,31.7998],[130.6835,31.7987],[130.6841,31.7966],[130.6831,31.7941],[130.6841,31.7932],[130.6885,31.7945],[130.6964,31.7935],[130.6978,31.7908],[130.6962,31.7897],[130.6962,31.7876],[130.6932,31.7832],[130.6952,31.7795],[130.6923,31.7781],[130.6911,31.7743],[130.6934,31.7737],[130.6937,31.7713],[130.7001,31.7746],[130.7011,31.7742],[130.6994,31.7704],[130.6959,31.7684],[130.6942,31.7644],[130.6928,31.7637],[130.6936,31.7634],[130.6886,31.7628],[130.6943,31.7626],[130.6957,31.7595],[130.6975,31.7591],[130.7013,31.7627],[130.7064,31.7633],[130.7131,31.7601],[130.7135,31.7612],[130.7172,31.7616],[130.7232,31.7591],[130.721,31.759],[130.7182,31.7572],[130.7152,31.7542],[130.7157,31.7518],[130.7127,31.749],[130.7104,31.7501],[130.7122,31.7522],[130.712,31.754],[130.7095,31.7561],[130.7085,31.7546],[130.7066,31.7547],[130.7042,31.7519],[130.7012,31.7508],[130.7019,31.7502],[130.7009,31.7484],[130.7001,31.7494],[130.6973,31.749],[130.6955,31.7508],[130.6929,31.7507],[130.6896,31.7545],[130.686,31.7516],[130.6857,31.7481],[130.6824,31.745],[130.6802,31.736],[130.6785,31.7357],[130.6784,31.734],[130.6756,31.7327],[130.6722,31.728],[130.6697,31.7296],[130.6689,31.7286],[130.6697,31.7296],[130.6689,31.7299],[130.6629,31.729],[130.6629,31.7272],[130.6626,31.7285],[130.6603,31.7286],[130.6465,31.7205],[130.6364,31.7115],[130.637,31.7123],[130.6335,31.7111],[130.6305,31.7119],[130.6279,31.7139],[130.6197,31.7056],[130.6172,31.7],[130.6173,31.7016],[130.6147,31.6978],[130.6151,31.6967],[130.6142,31.6967],[130.6152,31.6919],[130.6112,31.6872],[130.6094,31.6807],[130.6114,31.6729],[130.605,31.6737],[130.6052,31.6752],[130.6025,31.6771],[130.5986,31.678],[130.5996,31.6824],[130.6015,31.6853],[130.5991,31.6898],[130.5934,31.6912],[130.592,31.6931],[130.587,31.6943],[130.5832,31.6972],[130.58,31.6972],[130.5778,31.7009],[130.5698,31.7041],[130.5684,31.7068],[130.5652,31.7085],[130.5644,31.7116],[130.5651,31.7131],[130.5626,31.7161],[130.5634,31.717],[130.5629,31.7187],[130.5676,31.7185],[130.5725,31.7207],[130.5736,31.7247],[130.5723,31.7268],[130.5739,31.7269],[130.5735,31.7286],[130.5751,31.7279],[130.5821,31.7298],[130.5842,31.7275],[130.5864,31.7288],[130.5868,31.7306],[130.585,31.7314],[130.5834,31.737],[130.5849,31.7402],[130.5839,31.7402],[130.583,31.7421],[130.577,31.7437],[130.5741,31.7472],[130.5683,31.7463],[130.5636,31.7492],[130.5618,31.7482],[130.5564,31.7498],[130.5523,31.7494],[130.5499,31.7513],[130.5467,31.7495],[130.5399,31.7524],[130.538,31.7513],[130.5365,31.7525],[130.5312,31.7523],[130.5265,31.7495],[130.5238,31.7493],[130.5203,31.746],[130.5171,31.7467],[130.5142,31.7455],[130.5082,31.7456],[130.5015,31.7442],[130.5008,31.7375],[130.5019,31.7343],[130.5061,31.7294],[130.5007,31.7263],[130.4983,31.723],[130.4963,31.7246],[130.4946,31.7239],[130.4931,31.7253],[130.489,31.7235],[130.4857,31.7275],[130.4837,31.727],[130.4834,31.7288],[130.4761,31.728],[130.4731,31.7306],[130.4724,31.7328],[130.4761,31.7366],[130.4809,31.7394],[130.4807,31.7425],[130.4833,31.7481],[130.4872,31.7488],[130.4967,31.7577],[130.5018,31.7589],[130.5031,31.7605],[130.5025,31.7638],[130.5062,31.7707],[130.5023,31.7738],[130.5045,31.7769],[130.5025,31.7798],[130.5019,31.7831],[130.5034,31.7849],[130.5012,31.7878],[130.5022,31.7894],[130.5015,31.7914],[130.5125,31.797],[130.5149,31.7966],[130.5184,31.7999],[130.5176,31.8023],[130.5186,31.8048],[130.5148,31.8089],[130.5185,31.8095],[130.5214,31.8126],[130.5201,31.8148],[130.5221,31.8188],[130.5205,31.821],[130.52,31.8248],[130.5227,31.8269],[130.5245,31.8313],[130.5282,31.8297],[130.5308,31.832],[130.5351,31.8337],[130.5333,31.8382],[130.534,31.8398],[130.5394,31.8449],[130.5431,31.8447],[130.5446,31.8492],[130.5534,31.8545],[130.5545,31.8563],[130.5579,31.8561],[130.5614,31.8592],[130.5634,31.857],[130.5668,31.8564],[130.5727,31.8579],[130.5746,31.8572],[130.5797,31.8638],[130.5808,31.8669],[130.5825,31.8674],[130.5816,31.8699],[130.5828,31.8723],[130.5888,31.8757],[130.59,31.8783],[130.5895,31.8799],[130.5923,31.8771]]]}},{"type":"Feature","properties":{"code":"46303","name":"三島村","pref_code":"46","pref":"鹿児島県"},"geometry":{"type":"MultiPolygon","coordinates":[[[[129.9292,30.8105],[129.9292,30.8107],[129.9293,30.8105],[129.9292,30.8105]]],[[[129.9293,30.8109],[129.9294,30.8108],[129.9293,30.8108],[129.9293,30.8109]]],[[[129.9305,30.8117],[129.9305,30.8116],[129.9305,30.8116],[129.9305,30.8117]]],[[[129.9305,30.8119],[129.9307,30.8119],[129.9305,30.8118],[129.9305,30.8119]]],[[[129.9342,30.812],[129.9343,30.8122],[129.9343,30.812],[129.9342,30.812]]],[[[129.9255,30.8131],[129.9256,30.8131],[129.9256,30.8131],[129.9255,30.8131]]],[[[129.9267,30.813],[129.9266,30.8134],[129.9268,30.8134],[129.9267,30.813]]],[[[129.9257,30.8133],[129.9258,30.8136],[129.9258,30.8133],[129.9257,30.8133]]],[[[129.9255,30.8134],[129.9256,30.8135],[129.9256,30.8134],[129.9255,30.8134]]],[[[129.9239,30.8138],[129.9239,30.8137],[129.9238,30.8137],[129.9239,30.8138]]],[[[129.9207,30.8147],[129.9208,30.8148],[129.9208,30.8147],[129.9207,30.8147]]],[[[129.9208,30.8149],[129.9209,30.8149],[129.9209,30.8148],[129.9208,30.8149]]],[[[129.9229,30.8147],[129.9228,30.8152],[129.9229,30.8152],[129.9229,30.8147]]],[[[129.9184,30.8156],[129.9184,30.8155],[129.9184,30.8155],[129.9184,30.8156]]],[[[129.9221,30.8156],[129.9222,30.8157],[129.9222,30.8156],[129.9221,30.8156]]],[[[129.918,30.8157],[129.9181,30.8156],[129.918,30.8156],[129.918,30.8157]]],[[[129.9186,30.8156],[129.9186,30.816],[129.9189,30.816],[129.9186,30.8156]]],[[[129.9161,30.8166],[129.9159,30.8161],[129.9155,30.8167],[129.9161,30.8166]]],[[[129.9186,30.8165],[129.9188,30.8166],[129.9187,30.8165],[129.9186,30.8165]]],[[[129.917,30.8178],[129.917,30.8177],[129.9169,30.8177],[129.917,30.8178]]],[[[129.9135,30.8224],[129.9136,30.8223],[129.9135,30.8223],[129.9135,30.8224]]],[[[129.9117,30.8229],[129.9117,30.8228],[129.9117,30.8228],[129.9117,30.8229]]],[[[129.9105,30.8232],[129.9106,30.8232],[129.9106,30.8231],[129.9105,30.8232]]],[[[129.9113,30.8235],[129.9114,30.8235],[129.9113,30.8235],[129.9113,30.8235]]],[[[129.91,30.8236],[129.91,30.8235],[129.91,30.8235],[129.91,30.8236]]],[[[129.9106,30.8263],[129.9108,30.8263],[129.9105,30.8261],[129.9106,30.8263]]],[[[129.9109,30.8263],[129.911,30.8263],[129.9109,30.8262],[129.9109,30.8263]]],[[[129.9108,30.8291],[129.9109,30.8291],[129.9109,30.8291],[129.9108,30.8291]]],[[[129.9105,30.8293],[129.9106,30.8294],[129.9106,30.8293],[129.9105,30.8293]]],[[[129.9103,30.8294],[129.9104,30.8294],[129.9104,30.8294],[129.9103,30.8294]]],[[[129.9085,30.8303],[129.9087,30.8305],[129.9087,30.8303],[129.9085,30.8303]]],[[[129.9056,30.8307],[129.9057,30.8307],[129.9057,30.8307],[129.9056,30.8307]]],[[[129.9394,30.8516],[129.94,30.8477],[129.9426,30.8449],[129.9459,30.8434],[129.9484,30.8435],[129.949,30.8425],[129.9498,30.8431],[129.9519,30.8422],[129.9537,30.8385],[129.9554,30.8376],[129.9578,30.8379],[129.9557,30.8374],[129.9561,30.8365],[129.9637,30.8355],[129.9649,30.8323],[129.9633,30.8287],[129.9641,30.8284],[129.954,30.8203],[129.9527,30.8181],[129.9518,30.818],[129.9493,30.8171],[129.9476,30.816],[129.9461,30.816],[129.941,30.8144],[129.9374,30.8122],[129.9319,30.8125],[129.9301,30.8118],[129.9228,30.8159],[129.9178,30.8171],[129.9156,30.8197],[129.9138,30.8187],[129.9116,30.8193],[129.9144,30.8216],[129.9131,30.8231],[129.9112,30.8238],[129.9101,30.8233],[129.9119,30.8249],[129.911,30.8254],[129.912,30.8276],[129.911,30.8292],[129.9085,30.8314],[129.9065,30.8315],[129.9073,30.8294],[129.9044,30.8321],[129.9054,30.8335],[129.9043,30.8347],[129.9045,30.8366],[129.9055,30.8369],[129.9049,30.8388],[129.9135,30.8387],[129.9155,30.8393],[129.9215,30.8447],[129.9208,30.8467],[129.9226,30.8463],[129.925,30.8493],[129.9331,30.849],[129.9394,30.8516]]],[[[129.9042,30.8331],[129.9043,30.8331],[129.9042,30.8331],[129.9042,30.8331]]],[[[129.9043,30.8332],[129.9044,30.8332],[129.9043,30.8332],[129.9043,30.8332]]],[[[129.9047,30.8334],[129.9048,30.8334],[129.9046,30.8334],[129.9047,30.8334]]],[[[129.9135,30.8391],[129.9136,30.8391],[129.9135,30.839],[129.9135,30.8391]]],[[[129.9136,30.8391],[129.9137,30.8392],[129.9137,30.8391],[129.9136,30.8391]]],[[[129.9111,30.8392],[129.9113,30.8395],[129.9113,30.8393],[129.9111,30.8392]]],[[[129.9105,30.8394],[129.9106,30.8394],[129.9106,30.8394],[129.9105,30.8394]]],[[[129.9146,30.8395],[129.9147,30.8396],[129.9147,30.8395],[129.9146,30.8395]]],[[[129.9168,30.8415],[129.9169,30.8415],[129.9169,30.8414],[129.9168,30.8415]]],[[[129.9185,30.8433],[129.9185,30.8433],[129.9185,30.8432],[129.9185,30.8433]]],[[[129.9206,30.8446],[129.9207,30.8445],[129.9206,30.8444],[129.9206,30.8446]]],[[[129.9207,30.8449],[129.9208,30.8449],[129.9207,30.8448],[129.9207,30.8449]]],[[[129.9241,30.8486],[129.9242,30.8488],[129.9241,30.8486],[129.9241,30.8486]]],[[[129.9384,30.8106],[129.9377,30.811],[129.9378,30.8112],[129.9384,30.8106]]],[[[129.9392,30.8108],[129.9395,30.8107],[129.9392,30.8106],[129.9392,30.8108]]],[[[129.9374,30.8119],[129.9375,30.8119],[129.9374,30.8119],[129.9374,30.8119]]],[[[129.9368,30.812],[129.9368,30.812],[129.9368,30.812],[129.9368,30.812]]],[[[129.937,30.812],[129.937,30.812],[129.9369,30.812],[129.937,30.812]]],[[[129.9393,30.8133],[129.9394,30.8133],[129.9393,30.8133],[129.9393,30.8133]]],[[[129.94,30.8135],[129.9401,30.8135],[129.94,30.8135],[129.94,30.8135]]],[[[129.9407,30.8141],[129.9407,30.8141],[129.9407,30.814],[129.9407,30.8141]]],[[[129.9408,30.8142],[129.9409,30.8143],[129.9409,30.8142],[129.9408,30.8142]]],[[[129.9431,30.8149],[129.9432,30.815],[129.9432,30.8149],[129.9431,30.8149]]],[[[129.9451,30.8156],[129.9451,30.8156],[129.9451,30.8156],[129.9451,30.8156]]],[[[129.9462,30.8158],[129.9463,30.8159],[129.9463,30.8158],[129.9462,30.8158]]],[[[129.9482,30.8163],[129.9483,30.8163],[129.9482,30.8163],[129.9482,30.8163]]],[[[129.949,30.8166],[129.949,30.8166],[129.949,30.8166],[129.949,30.8166]]],[[[129.9536,30.8166],[129.9532,30.8169],[129.9537,30.8169],[129.9536,30.8166]]],[[[129.9494,30.817],[129.9495,30.8169],[129.9494,30.8169],[129.9494,30.817]]],[[[129.953,30.8169],[129.9531,30.817],[129.9531,30.8169],[129.953,30.8169]]],[[[129.9499,30.8171],[129.95,30.8172],[129.95,30.8172],[129.9499,30.8171]]],[[[129.9502,30.8173],[129.9502,30.8173],[129.9502,30.8173],[129.9502,30.8173]]],[[[129.9507,30.8174],[129.9508,30.8175],[129.9508,30.8175],[129.9507,30.8174]]],[[[129.952,30.8179],[129.9521,30.8179],[129.952,30.8179],[129.952,30.8179]]],[[[129.9531,30.8179],[129.9532,30.818],[129.9531,30.8179],[129.9531,30.8179]]],[[[129.9534,30.818],[129.9535,30.8181],[129.9535,30.818],[129.9534,30.818]]],[[[129.9535,30.8192],[129.9535,30.8192],[129.9535,30.8192],[129.9535,30.8192]]],[[[129.9549,30.8209],[129.955,30.8208],[129.9549,30.8208],[129.9549,30.8209]]],[[[129.9555,30.8212],[129.9556,30.8213],[129.9556,30.8212],[129.9555,30.8212]]],[[[129.9577,30.8229],[129.9578,30.8228],[129.9577,30.8228],[129.9577,30.8229]]],[[[129.9554,30.8379],[129.9555,30.8378],[129.9554,30.8378],[129.9554,30.8379]]],[[[129.9555,30.8379],[129.9556,30.8379],[129.9556,30.8379],[129.9555,30.8379]]],[[[129.9548,30.8382],[129.955,30.8382],[129.955,30.8382],[129.9548,30.8382]]],[[[129.9544,30.8384],[129.9545,30.8385],[129.9545,30.8385],[129.9544,30.8384]]],[[[129.9532,30.8398],[129.9533,30.8399],[129.9533,30.8398],[129.9532,30.8398]]],[[[129.9572,30.8401],[129.9578,30.84],[129.9572,30.8399],[129.9572,30.8401]]],[[[129.9533,30.8401],[129.9533,30.84],[129.9533,30.84],[129.9533,30.8401]]],[[[129.9518,30.8425],[129.9519,30.8425],[129.9519,30.8424],[129.9518,30.8425]]],[[[129.9471,30.8438],[129.9472,30.8438],[129.9471,30.8438],[129.9471,30.8438]]],[[[129.9473,30.8439],[129.9475,30.8438],[129.9473,30.8438],[129.9473,30.8439]]],[[[129.9471,30.8439],[129.9472,30.844],[129.9472,30.844],[129.9471,30.8439]]],[[[129.9469,30.8442],[129.947,30.8444],[129.9471,30.8442],[129.9469,30.8442]]],[[[129.9442,30.8443],[129.9443,30.8443],[129.9443,30.8443],[129.9442,30.8443]]],[[[129.9438,30.8445],[129.9439,30.8446],[129.9438,30.8445],[129.9438,30.8445]]],[[[129.9417,30.8461],[129.9418,30.8464],[129.9419,30.8464],[129.9417,30.8461]]],[[[129.9413,30.8468],[129.9413,30.8467],[129.9413,30.8467],[129.9413,30.8468]]],[[[129.9411,30.8468],[129.9412,30.8469],[129.9412,30.8468],[129.9411,30.8468]]],[[[129.9378,30.8511],[129.9379,30.8511],[129.9378,30.851],[129.9378,30.8511]]],[[[129.9383,30.8513],[129.9384,30.8513],[129.9384,30.8512],[129.9383,30.8513]]],[[[130.1034,30.7486],[130.1035,30.7486],[130.1034,30.7486],[130.1034,30.7486]]],[[[130.1026,30.7503],[130.1034,30.7505],[130.1026,30.7499],[130.1026,30.7503]]],[[[130.1008,30.7506],[130.1017,30.7503],[130.1009,30.7501],[130.1008,30.7506]]],[[[130.1021,30.7506],[130.1025,30.7506],[130.1022,30.7502],[130.1021,30.7506]]],[[[130.2627,30.7797],[130.2625,30.7802],[130.2628,30.7797],[130.2627,30.7797]]],[[[130.2618,30.7806],[130.2618,30.781],[130.262,30.7808],[130.2618,30.7806]]],[[[130.2622,30.7813],[130.2621,30.7811],[130.2621,30.7813],[130.2622,30.7813]]],[[[130.2613,30.7834],[130.2614,30.7833],[130.2613,30.7834],[130.2613,30.7834]]],[[[129.9598,30.8228],[129.9596,30.8229],[129.9598,30.8228],[129.9598,30.8228]]],[[[129.9585,30.8235],[129.9586,30.8234],[129.9585,30.8234],[129.9585,30.8235]]],[[[129.959,30.8239],[129.9591,30.8239],[129.959,30.8238],[129.959,30.8239]]],[[[129.9639,30.8291],[129.964,30.8291],[129.9639,30.8291],[129.9639,30.8291]]],[[[129.964,30.8292],[129.9641,30.8291],[129.964,30.8291],[129.964,30.8292]]],[[[129.9657,30.8294],[129.9653,30.8296],[129.9658,30.8295],[129.9657,30.8294]]],[[[129.9669,30.8299],[129.966,30.8295],[129.9659,30.8295],[129.9669,30.8299]]],[[[129.9651,30.8298],[129.9652,30.8298],[129.9651,30.8297],[129.9651,30.8298]]],[[[129.9652,30.83],[129.9653,30.83],[129.9652,30.83],[129.9652,30.83]]],[[[129.9653,30.8302],[129.9654,30.8302],[129.9653,30.8302],[129.9653,30.8302]]],[[[129.9648,30.8304],[129.9648,30.8303],[129.9648,30.8303],[129.9648,30.8304]]],[[[129.9655,30.8305],[129.9656,30.8304],[129.9655,30.8305],[129.9655,30.8305]]],[[[129.9659,30.8305],[129.9661,30.8307],[129.9659,30.8304],[129.9659,30.8305]]],[[[129.965,30.8306],[129.9651,30.8306],[129.9651,30.8306],[129.965,30.8306]]],[[[129.965,30.8308],[129.9651,30.8307],[129.965,30.8307],[129.965,30.8308]]],[[[129.9649,30.8312],[129.9649,30.8311],[129.9649,30.8311],[129.9649,30.8312]]],[[[129.9651,30.8313],[129.9654,30.8313],[129.9651,30.8312],[129.9651,30.8313]]],[[[129.965,30.8314],[129.965,30.8314],[129.965,30.8314],[129.965,30.8314]]],[[[129.9655,30.8315],[129.9655,30.8314],[129.9654,30.8315],[129.9655,30.8315]]],[[[129.9648,30.8317],[129.9649,30.8317],[129.9648,30.8317],[129.9648,30.8317]]],[[[129.9649,30.8318],[129.965,30.8318],[129.965,30.8318],[129.9649,30.8318]]],[[[129.965,30.832],[129.9651,30.832],[129.965,30.8319],[129.965,30.832]]],[[[129.9658,30.833],[129.9651,30.833],[129.9651,30.833],[129.9658,30.833]]],[[[129.9649,30.8332],[129.9649,30.8332],[129.9649,30.8332],[129.9649,30.8332]]],[[[129.9649,30.8335],[129.965,30.8334],[129.9649,30.8334],[129.9649,30.8335]]],[[[129.9647,30.8336],[129.9648,30.8335],[129.9647,30.8336],[129.9647,30.8336]]],[[[129.9649,30.8337],[129.965,30.8336],[129.9649,30.8336],[129.9649,30.8337]]],[[[129.9648,30.8339],[129.9649,30.8339],[129.9648,30.8338],[129.9648,30.8339]]],[[[129.9646,30.8344],[129.9647,30.8344],[129.9647,30.8344],[129.9646,30.8344]]],[[[129.9644,30.8351],[129.9644,30.8351],[129.9644,30.835],[129.9644,30.8351]]],[[[129.9639,30.8357],[129.964,30.8356],[129.9639,30.8356],[129.9639,30.8357]]],[[[129.9635,30.8358],[129.9636,30.8358],[129.9635,30.8357],[129.9635,30.8358]]],[[[129.9633,30.8359],[129.9634,30.8358],[129.9633,30.8358],[129.9633,30.8359]]],[[[129.964,30.836],[129.9641,30.8359],[129.964,30.836],[129.964,30.836]]],[[[129.9616,30.8361],[129.9617,30.836],[129.9616,30.8361],[129.9616,30.8361]]],[[[129.9623,30.8361],[129.9623,30.8361],[129.9623,30.836],[129.9623,30.8361]]],[[[129.9631,30.8362],[129.9632,30.8362],[129.9632,30.8361],[129.9631,30.8362]]],[[[129.9588,30.8386],[129.9599,30.8367],[129.9586,30.8385],[129.9588,30.8386]]],[[[130.3179,30.7238],[130.318,30.7237],[130.3179,30.7238],[130.3179,30.7238]]],[[[130.3178,30.7238],[130.3178,30.7238],[130.3178,30.7238],[130.3178,30.7238]]],[[[130.3181,30.724],[130.3181,30.724],[130.3181,30.7239],[130.3181,30.724]]],[[[130.3183,30.7241],[130.3183,30.724],[130.3183,30.724],[130.3183,30.7241]]],[[[130.3182,30.7241],[130.3182,30.7241],[130.3182,30.7241],[130.3182,30.7241]]],[[[130.3181,30.725],[130.3181,30.7249],[130.318,30.7249],[130.3181,30.725]]],[[[130.3183,30.725],[130.3184,30.7251],[130.3184,30.725],[130.3183,30.725]]],[[[130.3181,30.7252],[130.3182,30.7253],[130.3182,30.7251],[130.3181,30.7252]]],[[[130.3176,30.7253],[130.3177,30.7253],[130.3176,30.7253],[130.3176,30.7253]]],[[[130.318,30.7253],[130.318,30.7253],[130.3179,30.7253],[130.318,30.7253]]],[[[130.3185,30.7257],[130.3186,30.7256],[130.3185,30.7256],[130.3185,30.7257]]],[[[130.3171,30.7257],[130.3171,30.7257],[130.3171,30.7257],[130.3171,30.7257]]],[[[130.3181,30.7258],[130.3181,30.7257],[130.3181,30.7258],[130.3181,30.7258]]],[[[130.3179,30.7259],[130.318,30.7259],[130.318,30.7258],[130.3179,30.7259]]],[[[130.3177,30.726],[130.3177,30.7259],[130.3177,30.726],[130.3177,30.726]]],[[[130.3169,30.7263],[130.3169,30.7263],[130.317,30.7262],[130.3169,30.7263]]],[[[130.3161,30.7272],[130.3162,30.7273],[130.3162,30.7272],[130.3161,30.7272]]],[[[130.3165,30.7662],[130.3167,30.7663],[130.3167,30.7661],[130.3165,30.7662]]],[[[130.3173,30.766],[130.3169,30.7662],[130.3173,30.7665],[130.3173,30.766]]],[[[130.3177,30.7668],[130.3178,30.7667],[130.3177,30.7667],[130.3177,30.7668]]],[[[130.3168,30.7669],[130.317,30.7669],[130.3169,30.7667],[130.3168,30.7669]]],[[[130.2808,30.772],[130.2807,30.7721],[130.2808,30.7721],[130.2808,30.772]]],[[[130.2795,30.7729],[130.2796,30.7727],[130.2795,30.7727],[130.2795,30.7729]]],[[[130.2757,30.7754],[130.2758,30.7758],[130.2761,30.7754],[130.2757,30.7754]]],[[[130.2793,30.7785],[130.2788,30.7779],[130.2787,30.778],[130.2793,30.7785]]],[[[130.2861,30.7787],[130.2862,30.7786],[130.2861,30.7786],[130.2861,30.7787]]],[[[130.2854,30.7787],[130.2854,30.7789],[130.2855,30.7787],[130.2854,30.7787]]],[[[130.2932,30.7797],[130.2934,30.7799],[130.2932,30.7797],[130.2932,30.7797]]],[[[130.2994,30.7806],[130.2997,30.7806],[130.2994,30.7804],[130.2994,30.7806]]],[[[130.2628,30.7808],[130.2629,30.7807],[130.2628,30.7806],[130.2628,30.7808]]],[[[130.2659,30.7873],[130.2655,30.7878],[130.266,30.7876],[130.2659,30.7873]]],[[[130.265,30.79],[130.2648,30.7899],[130.2648,30.79],[130.265,30.79]]],[[[130.3026,30.8084],[130.3058,30.8047],[130.3088,30.8032],[130.3126,30.803],[130.3154,30.8013],[130.3206,30.7953],[130.3218,30.7924],[130.3215,30.7921],[130.3211,30.789],[130.3191,30.7845],[130.3171,30.7827],[130.3112,30.7806],[130.305,30.7823],[130.3005,30.7805],[130.2976,30.7813],[130.2882,30.7787],[130.2843,30.7793],[130.2812,30.7783],[130.2803,30.7793],[130.2785,30.7787],[130.2803,30.7794],[130.2796,30.781],[130.2788,30.7811],[130.2793,30.7805],[130.2778,30.7801],[130.2784,30.7813],[130.276,30.7804],[130.2794,30.7735],[130.2778,30.7724],[130.2765,30.7735],[130.2762,30.7767],[130.275,30.7778],[130.2757,30.7784],[130.2742,30.7802],[130.2717,30.7788],[130.2652,30.7791],[130.2618,30.782],[130.2616,30.7831],[130.2646,30.7847],[130.2656,30.7872],[130.2671,30.7877],[130.2649,30.7888],[130.2661,30.7928],[130.2697,30.7934],[130.2718,30.7912],[130.2733,30.7924],[130.2761,30.7917],[130.279,30.7934],[130.2821,30.7973],[130.2914,30.8026],[130.2924,30.804],[130.2965,30.8049],[130.3026,30.8084]]],[[[130.2648,30.7904],[130.2652,30.7906],[130.2649,30.7904],[130.2648,30.7904]]],[[[130.2652,30.791],[130.2652,30.7908],[130.2651,30.7909],[130.2652,30.791]]],[[[130.2792,30.7941],[130.2792,30.794],[130.2792,30.794],[130.2792,30.7941]]],[[[130.2817,30.7976],[130.2816,30.7975],[130.2815,30.7976],[130.2817,30.7976]]],[[[130.287,30.8003],[130.2869,30.8002],[130.2869,30.8003],[130.287,30.8003]]],[[[130.2885,30.8013],[130.2886,30.8015],[130.2886,30.8013],[130.2885,30.8013]]],[[[130.2906,30.8031],[130.2904,30.8032],[130.2906,30.8032],[130.2906,30.8031]]],[[[130.2915,30.8041],[130.2915,30.804],[130.2913,30.8039],[130.2915,30.8041]]],[[[130.2918,30.8042],[130.2919,30.8043],[130.292,30.8042],[130.2918,30.8042]]],[[[130.2985,30.8063],[130.2985,30.8062],[130.2985,30.8062],[130.2985,30.8063]]],[[[130.3029,30.8088],[130.303,30.8088],[130.303,30.8087],[130.3029,30.8088]]],[[[130.3176,30.8128],[130.3178,30.8128],[130.3178,30.8126],[130.3176,30.8128]]],[[[130.3176,30.8131],[130.3179,30.8131],[130.3176,30.813],[130.3176,30.8131]]],[[[130.3218,30.7921],[130.3217,30.792],[130.3217,30.7921],[130.3218,30.7921]]],[[[130.442,30.7998],[130.4421,30.7999],[130.4422,30.7998],[130.442,30.7998]]],[[[130.4417,30.7999],[130.4417,30.8],[130.4418,30.7999],[130.4417,30.7999]]],[[[130.4425,30.8001],[130.4428,30.8001],[130.4425,30.8],[130.4425,30.8001]]],[[[130.4416,30.8003],[130.4417,30.8002],[130.4416,30.8002],[130.4416,30.8003]]],[[[130.4433,30.8003],[130.4435,30.8003],[130.4434,30.8002],[130.4433,30.8003]]],[[[130.4438,30.8003],[130.4439,30.8003],[130.4438,30.8003],[130.4438,30.8003]]],[[[130.4441,30.8007],[130.4442,30.8006],[130.4441,30.8006],[130.4441,30.8007]]],[[[130.4402,30.8007],[130.4403,30.8006],[130.4402,30.8006],[130.4402,30.8007]]],[[[130.4398,30.8008],[130.4399,30.8009],[130.4399,30.8008],[130.4398,30.8008]]],[[[130.4439,30.8009],[130.444,30.8009],[130.444,30.8008],[130.4439,30.8009]]],[[[130.4397,30.801],[130.4399,30.8012],[130.4398,30.801],[130.4397,30.801]]],[[[130.4386,30.8011],[130.4386,30.8013],[130.4387,30.8012],[130.4386,30.8011]]],[[[130.445,30.8013],[130.445,30.8015],[130.4452,30.8014],[130.445,30.8013]]],[[[130.4444,30.8015],[130.4445,30.8014],[130.4444,30.8014],[130.4444,30.8015]]],[[[130.445,30.8016],[130.4451,30.8017],[130.4452,30.8016],[130.445,30.8016]]],[[[130.4446,30.8016],[130.4446,30.8018],[130.4447,30.8017],[130.4446,30.8016]]],[[[130.4445,30.8019],[130.445,30.802],[130.445,30.8019],[130.4445,30.8019]]],[[[130.3394,30.8026],[130.3395,30.8025],[130.3394,30.8026],[130.3394,30.8026]]],[[[130.3397,30.8026],[130.3396,30.8027],[130.3398,30.8026],[130.3397,30.8026]]],[[[130.4326,30.8036],[130.4328,30.8037],[130.4326,30.8035],[130.4326,30.8036]]],[[[130.3389,30.8046],[130.3427,30.8039],[130.3392,30.8027],[130.3381,30.8035],[130.3389,30.8046]]],[[[130.4453,30.8046],[130.4454,30.8046],[130.4453,30.8045],[130.4453,30.8046]]],[[[130.4455,30.8045],[130.4456,30.8046],[130.4457,30.8046],[130.4455,30.8045]]],[[[130.4212,30.8058],[130.421,30.8056],[130.4208,30.8058],[130.4212,30.8058]]],[[[130.401,30.8068],[130.4011,30.8068],[130.401,30.8067],[130.401,30.8068]]],[[[130.4,30.807],[130.4002,30.8073],[130.4001,30.8069],[130.4,30.807]]],[[[130.3999,30.8073],[130.4,30.8073],[130.3999,30.8073],[130.3999,30.8073]]],[[[130.4154,30.8082],[130.4154,30.8084],[130.4155,30.8083],[130.4154,30.8082]]],[[[130.4156,30.8085],[130.4158,30.8085],[130.4158,30.8085],[130.4156,30.8085]]],[[[130.4137,30.8086],[130.4138,30.8087],[130.4138,30.8086],[130.4137,30.8086]]],[[[130.4142,30.8086],[130.4144,30.8088],[130.4145,30.8086],[130.4142,30.8086]]],[[[130.4147,30.8088],[130.4148,30.8087],[130.4147,30.8087],[130.4147,30.8088]]],[[[130.4464,30.8088],[130.4466,30.8088],[130.4466,30.8088],[130.4464,30.8088]]],[[[130.4459,30.8088],[130.4461,30.8089],[130.4461,30.8089],[130.4459,30.8088]]],[[[130.4123,30.809],[130.4124,30.8092],[130.4126,30.809],[130.4123,30.809]]],[[[130.4131,30.8094],[130.413,30.809],[130.4126,30.8092],[130.4131,30.8094]]],[[[130.4107,30.8092],[130.4108,30.8095],[130.4109,30.8094],[130.4107,30.8092]]],[[[130.3963,30.8098],[130.3965,30.8097],[130.3963,30.8097],[130.3963,30.8098]]],[[[130.4278,30.8195],[130.4269,30.8177],[130.4278,30.8162],[130.4311,30.8155],[130.438,30.811],[130.4445,30.8109],[130.446,30.8099],[130.4441,30.8012],[130.4419,30.8002],[130.4337,30.8043],[130.4324,30.8036],[130.4205,30.8061],[130.4175,30.8074],[130.4173,30.8089],[130.4145,30.8089],[130.4139,30.8099],[130.4123,30.8093],[130.4117,30.8103],[130.4064,30.8077],[130.4012,30.8068],[130.3996,30.808],[130.398,30.8071],[130.3962,30.8079],[130.3976,30.8109],[130.4001,30.8097],[130.405,30.8096],[130.407,30.8107],[130.4077,30.8122],[130.4067,30.8137],[130.407,30.8163],[130.4099,30.8185],[130.4148,30.8177],[130.4159,30.8157],[130.4196,30.8175],[130.4166,30.8157],[130.4199,30.8146],[130.426,30.8195],[130.4278,30.8195]]],[[[130.3186,30.8133],[130.3185,30.8127],[130.3183,30.813],[130.3186,30.8133]]],[[[130.3235,30.815],[130.3232,30.8145],[130.323,30.815],[130.3235,30.815]]],[[[130.3246,30.815],[130.3247,30.8149],[130.3245,30.815],[130.3246,30.815]]],[[[130.3234,30.8154],[130.3236,30.8153],[130.3233,30.8153],[130.3234,30.8154]]],[[[130.4209,30.8186],[130.4228,30.8173],[130.4208,30.8185],[130.4209,30.8186]]]]}},{"type":"Feature","properties":{"code":"46304","name":"十島村","pref_code":"46","pref":"鹿児島県"},"geometry":{"type":"MultiPolygon","coordinates":[[[[128.978,28.7929],[128.9781,28.7927],[128.978,28.7928],[128.978,28.7929]]],[[[128.9795,28.793],[128.9794,28.793],[128.9795,28.7931],[128.9795,28.793]]],[[[129.0018,28.7931],[129.0021,28.7931],[129.0019,28.7929],[129.0018,28.7931]]],[[[128.9762,28.7951],[128.9761,28.7953],[128.9762,28.7953],[128.9762,28.7951]]],[[[128.9938,28.8071],[129.0004,28.805],[129.0035,28.7996],[129.0019,28.7938],[128.9956,28.7914],[128.9854,28.797],[128.9835,28.7958],[128.9834,28.794],[128.9783,28.7931],[128.9742,28.7977],[128.9724,28.8017],[128.974,28.8018],[128.9749,28.8029],[128.9785,28.8009],[128.9802,28.8014],[128.9811,28.7995],[128.9847,28.7983],[128.9872,28.8021],[128.9939,28.8063],[128.9938,28.8071]]],[[[129.0041,28.8004],[129.0042,28.8004],[129.0041,28.8003],[129.0041,28.8004]]],[[[128.9741,28.8025],[128.9739,28.8022],[128.974,28.8025],[128.9741,28.8025]]],[[[128.9734,28.8024],[128.9735,28.8024],[128.9734,28.8024],[128.9734,28.8024]]],[[[128.9743,28.803],[128.9743,28.8029],[128.9743,28.8029],[128.9743,28.803]]],[[[128.9926,28.8063],[128.9928,28.8062],[128.9927,28.8062],[128.9926,28.8063]]],[[[128.9929,28.8063],[128.9931,28.8065],[128.9931,28.8063],[128.9929,28.8063]]],[[[129.0033,28.8357],[129.0026,28.8348],[129.0038,28.8295],[129.006,28.8284],[129.001,28.8277],[128.9974,28.8296],[128.9986,28.8308],[128.9968,28.8336],[128.9978,28.8338],[128.9978,28.8351],[129.0005,28.8352],[129.0016,28.8367],[129.0033,28.8357]]],[[[128.9972,28.8355],[128.9969,28.8352],[128.9968,28.8354],[128.9972,28.8355]]],[[[129.2197,29.1261],[129.2199,29.1262],[129.2199,29.1261],[129.2197,29.1261]]],[[[129.1983,29.1374],[129.1986,29.1367],[129.1977,29.1373],[129.1983,29.1374]]],[[[129.1981,29.159],[129.2052,29.1584],[129.2038,29.1578],[129.2038,29.1563],[129.2062,29.1565],[129.2066,29.1556],[129.2096,29.1568],[129.2092,29.1577],[129.2073,29.1568],[129.2055,29.1572],[129.2118,29.1591],[129.2157,29.1587],[129.2161,29.1579],[129.2186,29.1586],[129.222,29.1559],[129.2222,29.1497],[129.2191,29.1474],[129.2204,29.1461],[129.2204,29.1457],[129.2187,29.1476],[129.2174,29.1468],[129.2196,29.1403],[129.2187,29.1357],[129.2223,29.1295],[129.2204,29.1268],[129.2134,29.131],[129.2113,29.1337],[129.2004,29.1387],[129.1867,29.1527],[129.1886,29.1564],[129.1892,29.1559],[129.1898,29.156],[129.1981,29.159]]],[[[129.2202,29.1444],[129.2201,29.1446],[129.2204,29.1445],[129.2202,29.1444]]],[[[129.1862,29.1524],[129.1864,29.1524],[129.1864,29.1523],[129.1862,29.1524]]],[[[129.1862,29.1528],[129.1862,29.1527],[129.1861,29.1528],[129.1862,29.1528]]],[[[129.1891,29.1565],[129.1889,29.1563],[129.1889,29.1564],[129.1891,29.1565]]],[[[129.2055,29.1601],[129.2049,29.1591],[129.2047,29.1593],[129.2055,29.1601]]],[[[129.2081,29.1594],[129.2076,29.1604],[129.2084,29.1594],[129.2081,29.1594]]],[[[129.3297,29.2188],[129.3295,29.2191],[129.3297,29.2191],[129.3297,29.2188]]],[[[129.3292,29.2195],[129.329,29.2189],[129.3288,29.2193],[129.3292,29.2195]]],[[[129.3651,29.2232],[129.365,29.2231],[129.365,29.2232],[129.3651,29.2232]]],[[[129.3271,29.2288],[129.3298,29.228],[129.3279,29.2273],[129.3307,29.2279],[129.3313,29.2269],[129.3316,29.2245],[129.3292,29.22],[129.3269,29.218],[129.3241,29.219],[129.3233,29.2184],[129.3238,29.2191],[129.322,29.2213],[129.3208,29.2189],[129.3208,29.2214],[129.3193,29.2225],[129.3191,29.2247],[129.3225,29.2275],[129.3271,29.2288]]],[[[129.3563,29.2261],[129.3563,29.2264],[129.3565,29.2263],[129.3563,29.2261]]],[[[129.3639,29.2268],[129.3635,29.2272],[129.364,29.2272],[129.3639,29.2268]]],[[[129.3645,29.2272],[129.3646,29.2274],[129.3646,29.2274],[129.3645,29.2272]]],[[[129.3582,29.2273],[129.3574,29.2275],[129.3579,29.2279],[129.3582,29.2273]]],[[[129.3433,29.2302],[129.3486,29.2302],[129.3487,29.2271],[129.3438,29.2249],[129.3426,29.2283],[129.3433,29.2302]]],[[[129.3586,29.2284],[129.3586,29.2288],[129.3588,29.2288],[129.3586,29.2284]]],[[[129.5349,29.6968],[129.5392,29.6945],[129.5382,29.688],[129.5404,29.6884],[129.5382,29.688],[129.5398,29.6858],[129.5393,29.6836],[129.538,29.6836],[129.5384,29.6813],[129.5368,29.6799],[129.5374,29.678],[129.5362,29.6763],[129.5334,29.6782],[129.5336,29.6799],[129.532,29.6807],[129.532,29.6796],[129.5324,29.6801],[129.5332,29.6797],[129.5325,29.68],[129.5312,29.6773],[129.5315,29.6807],[129.5265,29.6833],[129.5252,29.6859],[129.5264,29.6909],[129.5298,29.6946],[129.5292,29.6955],[129.5349,29.6968]]],[[[129.532,29.8963],[129.5314,29.896],[129.5322,29.8965],[129.532,29.8963]]],[[[129.5314,29.9026],[129.5315,29.902],[129.5309,29.9025],[129.5314,29.9026]]],[[[129.5306,29.9026],[129.5305,29.9022],[129.5303,29.9023],[129.5306,29.9026]]],[[[129.5308,29.906],[129.5307,29.906],[129.5307,29.906],[129.5308,29.906]]],[[[129.5308,29.9068],[129.5307,29.9069],[129.5307,29.9069],[129.5308,29.9068]]],[[[129.5307,29.9102],[129.5307,29.9101],[129.5306,29.9102],[129.5307,29.9102]]],[[[129.5306,29.9104],[129.5306,29.9103],[129.5306,29.9104],[129.5306,29.9104]]],[[[129.529,29.9119],[129.5284,29.9125],[129.5289,29.9125],[129.529,29.9119]]],[[[129.5342,29.9148],[129.5341,29.9148],[129.5341,29.9148],[129.5342,29.9148]]],[[[129.5343,29.9148],[129.5344,29.915],[129.5345,29.9148],[129.5343,29.9148]]],[[[129.5322,29.9152],[129.5321,29.9151],[129.5321,29.9151],[129.5322,29.9152]]],[[[129.5319,29.9153],[129.5321,29.9154],[129.5321,29.9153],[129.5319,29.9153]]],[[[129.6183,29.4469],[129.6183,29.4468],[129.6182,29.4469],[129.6183,29.4469]]],[[[129.6211,29.4491],[129.6212,29.4488],[129.6208,29.449],[129.6211,29.4491]]],[[[129.5875,29.459],[129.5877,29.4591],[129.5877,29.459],[129.5875,29.459]]],[[[129.5942,29.4771],[129.5987,29.4756],[129.6009,29.4764],[129.6016,29.4743],[129.6103,29.4715],[129.6097,29.4708],[129.6113,29.4694],[129.6108,29.4681],[129.6123,29.4627],[129.6159,29.4578],[129.6192,29.4555],[129.6202,29.4496],[129.618,29.4471],[129.6129,29.4452],[129.6077,29.446],[129.6,29.4447],[129.5937,29.4463],[129.596,29.4538],[129.5922,29.4551],[129.5951,29.4544],[129.5952,29.4554],[129.5952,29.4544],[129.596,29.4539],[129.5959,29.4553],[129.5944,29.457],[129.5904,29.4577],[129.5858,29.4606],[129.5851,29.4605],[129.584,29.463],[129.5858,29.4636],[129.5883,29.4694],[129.5937,29.4739],[129.5942,29.4771]]],[[[129.5837,29.4624],[129.5836,29.4623],[129.5836,29.4624],[129.5837,29.4624]]],[[[129.5855,29.4638],[129.5856,29.4637],[129.5855,29.4637],[129.5855,29.4638]]],[[[129.61,29.4723],[129.6104,29.472],[129.6099,29.4721],[129.61,29.4723]]],[[[129.6104,29.4739],[129.6113,29.4731],[129.6102,29.4735],[129.6104,29.4739]]],[[[129.5944,29.4782],[129.5944,29.4774],[129.5937,29.4783],[129.5944,29.4782]]],[[[129.7345,29.6277],[129.7347,29.6277],[129.7347,29.6276],[129.7345,29.6277]]],[[[129.7393,29.6724],[129.743,29.6694],[129.7431,29.6663],[129.742,29.6624],[129.7395,29.6591],[129.738,29.6506],[129.7403,29.6463],[129.7383,29.639],[129.739,29.6377],[129.7343,29.6323],[129.7333,29.6293],[129.7343,29.6282],[129.7235,29.6228],[129.7213,29.6211],[129.7213,29.6198],[129.7186,29.6192],[129.7174,29.6162],[129.7117,29.6126],[129.7121,29.6124],[129.7121,29.6115],[129.7116,29.6124],[129.7109,29.6101],[129.7144,29.6113],[129.7132,29.6099],[129.7111,29.61],[129.7125,29.6062],[129.712,29.605],[129.7094,29.6046],[129.706,29.602],[129.6977,29.6031],[129.6965,29.609],[129.6949,29.61],[129.6963,29.6092],[129.6969,29.61],[129.6967,29.609],[129.6973,29.6105],[129.6917,29.6167],[129.6893,29.6224],[129.6893,29.629],[129.6871,29.6298],[129.6902,29.6329],[129.6903,29.6349],[129.6892,29.6352],[129.6885,29.6382],[129.684,29.6418],[129.6852,29.6449],[129.6874,29.6455],[129.6869,29.6463],[129.6886,29.6471],[129.6887,29.6485],[129.6844,29.6505],[129.6836,29.652],[129.6843,29.6536],[129.6865,29.6543],[129.688,29.6536],[129.6875,29.6552],[129.6889,29.6568],[129.6928,29.6567],[129.6931,29.6601],[129.6975,29.6582],[129.6996,29.6586],[129.7039,29.6643],[129.7122,29.6679],[129.7181,29.6684],[129.7214,29.6702],[129.729,29.6676],[129.731,29.6703],[129.7357,29.6717],[129.7393,29.6724]]],[[[129.7401,29.672],[129.7404,29.6723],[129.7404,29.6721],[129.7401,29.672]]],[[[129.7398,29.6741],[129.7401,29.6743],[129.74,29.674],[129.7398,29.6741]]],[[[129.5391,29.6748],[129.5393,29.6744],[129.5386,29.6745],[129.5391,29.6748]]],[[[129.7399,29.6748],[129.7401,29.6747],[129.7399,29.6746],[129.7399,29.6748]]],[[[129.5376,29.6751],[129.5376,29.675],[129.5376,29.6751],[129.5376,29.6751]]],[[[129.5398,29.6756],[129.5401,29.675],[129.5388,29.6749],[129.5398,29.6756]]],[[[129.5386,29.6748],[129.5388,29.6756],[129.5392,29.6756],[129.5386,29.6748]]],[[[129.5384,29.6759],[129.5383,29.675],[129.5377,29.6751],[129.5384,29.6759]]],[[[129.5365,29.6761],[129.5379,29.6755],[129.5361,29.6751],[129.5365,29.6761]]],[[[129.5393,29.6807],[129.5389,29.6805],[129.5388,29.6806],[129.5393,29.6807]]],[[[129.538,29.6808],[129.5381,29.6807],[129.5379,29.6807],[129.538,29.6808]]],[[[129.5399,29.6838],[129.5395,29.6843],[129.5398,29.6846],[129.5399,29.6838]]],[[[129.6183,29.8748],[129.6183,29.8752],[129.6185,29.875],[129.6183,29.8748]]],[[[129.6214,29.8764],[129.6214,29.8763],[129.6213,29.8763],[129.6214,29.8764]]],[[[129.6186,29.8768],[129.6186,29.8768],[129.6185,29.8768],[129.6186,29.8768]]],[[[129.6185,29.877],[129.6186,29.877],[129.6185,29.877],[129.6185,29.877]]],[[[129.6223,29.884],[129.6243,29.8824],[129.6237,29.8819],[129.6237,29.8807],[129.6226,29.8801],[129.6229,29.8781],[129.6198,29.8757],[129.6183,29.8778],[129.618,29.8814],[129.6186,29.8821],[129.6187,29.8831],[129.6223,29.884]]],[[[129.6178,29.881],[129.6179,29.8809],[129.6179,29.8809],[129.6178,29.881]]],[[[129.6183,29.8818],[129.6182,29.8817],[129.6182,29.8818],[129.6183,29.8818]]],[[[129.6239,29.8819],[129.624,29.8818],[129.6239,29.8818],[129.6239,29.8819]]],[[[129.6243,29.8821],[129.6243,29.8819],[129.6242,29.8819],[129.6243,29.8821]]],[[[129.6248,29.8826],[129.6248,29.8825],[129.6246,29.8826],[129.6248,29.8826]]],[[[129.6199,29.8836],[129.6199,29.8836],[129.6199,29.8836],[129.6199,29.8836]]],[[[129.6201,29.8837],[129.62,29.8837],[129.62,29.8837],[129.6201,29.8837]]],[[[129.6232,29.8842],[129.6233,29.8841],[129.6232,29.8842],[129.6232,29.8842]]],[[[129.5407,29.8946],[129.5407,29.8945],[129.5407,29.8946],[129.5407,29.8946]]],[[[129.5384,29.8949],[129.5384,29.8948],[129.5384,29.8948],[129.5384,29.8949]]],[[[129.5347,29.895],[129.5349,29.895],[129.5347,29.8949],[129.5347,29.895]]],[[[129.5542,29.8974],[129.5544,29.8973],[129.5542,29.8972],[129.5542,29.8974]]],[[[129.5527,29.8996],[129.553,29.8996],[129.553,29.8995],[129.5527,29.8996]]],[[[129.5525,29.8998],[129.5525,29.8997],[129.5525,29.8998],[129.5525,29.8998]]],[[[129.5371,29.9163],[129.5375,29.9142],[129.5397,29.9142],[129.5396,29.9126],[129.5411,29.9132],[129.5434,29.9124],[129.5437,29.9109],[129.5445,29.9117],[129.5459,29.9104],[129.5484,29.9105],[129.548,29.9095],[129.5489,29.9084],[129.5536,29.9043],[129.5517,29.9026],[129.5524,29.8997],[129.5545,29.8978],[129.5532,29.896],[129.5536,29.895],[129.5526,29.8939],[129.5481,29.8929],[129.5476,29.8943],[129.545,29.8946],[129.5428,29.8925],[129.5412,29.8953],[129.54,29.8941],[129.5386,29.8951],[129.5349,29.8952],[129.5346,29.895],[129.5346,29.8944],[129.5343,29.8943],[129.5323,29.8966],[129.5312,29.8967],[129.532,29.8999],[129.5317,29.9029],[129.5307,29.9036],[129.5313,29.9092],[129.5305,29.9107],[129.5301,29.9111],[129.5318,29.9133],[129.531,29.9145],[129.5351,29.9143],[129.5371,29.9163]]],[[[129.551,29.9069],[129.551,29.9069],[129.551,29.9069],[129.551,29.9069]]],[[[129.5486,29.9093],[129.5486,29.9094],[129.5486,29.9093],[129.5486,29.9093]]],[[[129.7426,29.6641],[129.7429,29.664],[129.7427,29.6639],[129.7426,29.6641]]],[[[129.8699,29.8169],[129.8696,29.8166],[129.8696,29.8168],[129.8699,29.8169]]],[[[129.8702,29.817],[129.8702,29.8169],[129.8701,29.8169],[129.8702,29.817]]],[[[129.8692,29.8172],[129.8691,29.8172],[129.8692,29.8172],[129.8692,29.8172]]],[[[129.8683,29.8173],[129.8682,29.8173],[129.8683,29.8173],[129.8683,29.8173]]],[[[129.8675,29.8174],[129.8674,29.8175],[129.8675,29.8175],[129.8675,29.8174]]],[[[129.8678,29.8177],[129.8678,29.8176],[129.8678,29.8177],[129.8678,29.8177]]],[[[129.8529,29.8359],[129.8527,29.8364],[129.8527,29.8346],[129.8529,29.8359]]],[[[129.853,29.8365],[129.8527,29.837],[129.8528,29.837],[129.853,29.8365]]],[[[129.8518,29.8382],[129.8525,29.8368],[129.8517,29.8382],[129.8518,29.8382]]],[[[129.8382,29.8477],[129.8381,29.8476],[129.8381,29.8477],[129.8382,29.8477]]],[[[129.8376,29.8496],[129.8375,29.8496],[129.8375,29.8497],[129.8376,29.8496]]],[[[129.8376,29.8502],[129.8375,29.8503],[129.8376,29.8503],[129.8376,29.8502]]],[[[129.8687,29.8768],[129.8686,29.8768],[129.8686,29.8769],[129.8687,29.8768]]],[[[129.8694,29.877],[129.8693,29.877],[129.8694,29.8771],[129.8694,29.877]]],[[[129.8692,29.8771],[129.8691,29.877],[129.8691,29.8771],[129.8692,29.8771]]],[[[129.845,29.8796],[129.845,29.8795],[129.845,29.8795],[129.845,29.8796]]],[[[129.8631,29.8818],[129.8632,29.8821],[129.8634,29.8819],[129.8631,29.8818]]],[[[129.85,29.882],[129.8499,29.8819],[129.85,29.882],[129.85,29.882]]],[[[129.8636,29.8823],[129.8636,29.8822],[129.8636,29.8823],[129.8636,29.8823]]],[[[129.8627,29.8823],[129.8627,29.8821],[129.8625,29.8822],[129.8627,29.8823]]],[[[129.85,29.8822],[129.8502,29.8822],[129.8502,29.8821],[129.85,29.8822]]],[[[129.8622,29.8826],[129.8621,29.8825],[129.8622,29.8826],[129.8622,29.8826]]],[[[129.865,29.8827],[129.865,29.8825],[129.8649,29.8826],[129.865,29.8827]]],[[[129.8641,29.8826],[129.8639,29.8826],[129.864,29.8827],[129.8641,29.8826]]],[[[129.8589,29.8829],[129.8586,29.883],[129.8589,29.883],[129.8589,29.8829]]],[[[129.8593,29.8832],[129.8594,29.8831],[129.8593,29.8831],[129.8593,29.8832]]],[[[129.8646,29.8836],[129.8653,29.8828],[129.8636,29.8829],[129.8646,29.8836]]],[[[129.8592,29.8832],[129.8591,29.8831],[129.8591,29.8832],[129.8592,29.8832]]],[[[129.8597,29.8832],[129.8596,29.8832],[129.8596,29.8832],[129.8597,29.8832]]],[[[129.8602,29.8833],[129.8601,29.8833],[129.8601,29.8833],[129.8602,29.8833]]],[[[129.854,29.8834],[129.8539,29.8833],[129.8539,29.8834],[129.854,29.8834]]],[[[129.8593,29.8833],[129.8593,29.8834],[129.8593,29.8834],[129.8593,29.8833]]],[[[129.8535,29.8834],[129.8534,29.8834],[129.8535,29.8834],[129.8535,29.8834]]],[[[129.8541,29.8834],[129.854,29.8834],[129.854,29.8835],[129.8541,29.8834]]],[[[129.8538,29.8835],[129.8537,29.8835],[129.8537,29.8835],[129.8538,29.8835]]],[[[129.8593,29.8835],[129.8596,29.8836],[129.8596,29.8835],[129.8593,29.8835]]],[[[129.8535,29.8836],[129.8534,29.8836],[129.8535,29.8836],[129.8535,29.8836]]],[[[129.8527,29.8837],[129.8527,29.8835],[129.8527,29.8836],[129.8527,29.8837]]],[[[129.8537,29.8838],[129.8536,29.8837],[129.8536,29.8838],[129.8537,29.8838]]],[[[129.8648,29.8838],[129.8649,29.8837],[129.8648,29.8838],[129.8648,29.8838]]],[[[129.8597,29.8838],[129.8597,29.8838],[129.8598,29.8838],[129.8597,29.8838]]],[[[129.854,29.8839],[129.8539,29.8838],[129.8539,29.8839],[129.854,29.8839]]],[[[129.8528,29.8839],[129.8527,29.8838],[129.8527,29.8839],[129.8528,29.8839]]],[[[129.8596,29.884],[129.8595,29.8839],[129.8595,29.884],[129.8596,29.884]]],[[[129.9075,29.8124],[129.9075,29.8122],[129.9074,29.8123],[129.9075,29.8124]]],[[[129.9065,29.8133],[129.907,29.8118],[129.9061,29.8113],[129.9049,29.8121],[129.9065,29.8133]]],[[[129.8733,29.8158],[129.8734,29.816],[129.8734,29.8157],[129.8733,29.8158]]],[[[129.8781,29.816],[129.8781,29.8158],[129.878,29.8159],[129.8781,29.816]]],[[[129.8784,29.816],[129.8783,29.816],[129.8784,29.816],[129.8784,29.816]]],[[[129.9068,29.8162],[129.9063,29.816],[129.9063,29.8162],[129.9068,29.8162]]],[[[129.8726,29.8162],[129.8726,29.8162],[129.8725,29.8162],[129.8726,29.8162]]],[[[129.8717,29.8165],[129.8717,29.8164],[129.8716,29.8165],[129.8717,29.8165]]],[[[129.8802,29.8167],[129.8802,29.8166],[129.8802,29.8167],[129.8802,29.8167]]],[[[129.8793,29.8167],[129.8794,29.8166],[129.8793,29.8166],[129.8793,29.8167]]],[[[129.8712,29.8167],[129.8712,29.8166],[129.8711,29.8167],[129.8712,29.8167]]],[[[129.8707,29.8169],[129.8708,29.8168],[129.8707,29.8169],[129.8707,29.8169]]],[[[129.9043,29.8173],[129.9044,29.8171],[129.9043,29.8173],[129.9043,29.8173]]],[[[129.8799,29.8173],[129.8798,29.8173],[129.8799,29.8173],[129.8799,29.8173]]],[[[129.9044,29.8176],[129.9044,29.8175],[129.9044,29.8176],[129.9044,29.8176]]],[[[129.9159,29.8187],[129.9162,29.8192],[129.9162,29.8185],[129.9159,29.8187]]],[[[129.9104,29.8197],[129.9113,29.8188],[129.9104,29.8186],[129.9104,29.8197]]],[[[129.8915,29.8221],[129.8916,29.8221],[129.8915,29.8221],[129.8915,29.8221]]],[[[129.9156,29.8265],[129.9156,29.8263],[129.9156,29.8264],[129.9156,29.8265]]],[[[129.916,29.8265],[129.9159,29.8266],[129.916,29.8266],[129.916,29.8265]]],[[[129.9134,29.83],[129.9136,29.83],[129.9135,29.8299],[129.9134,29.83]]],[[[129.9074,29.8337],[129.9074,29.8341],[129.9076,29.8339],[129.9074,29.8337]]],[[[129.8506,29.8836],[129.8576,29.8817],[129.8591,29.8829],[129.8635,29.8816],[129.867,29.8831],[129.8681,29.8814],[129.8684,29.8768],[129.8848,29.8732],[129.8886,29.8693],[129.8928,29.8697],[129.893,29.8682],[129.8903,29.864],[129.892,29.8629],[129.8952,29.8632],[129.8971,29.8604],[129.8963,29.8575],[129.8941,29.8566],[129.8934,29.8536],[129.8952,29.8441],[129.9052,29.8347],[129.9131,29.8299],[129.9144,29.827],[129.915,29.8272],[129.9153,29.826],[129.9175,29.8249],[129.9173,29.8241],[129.9184,29.8237],[129.9177,29.8198],[129.9144,29.8211],[129.9086,29.8209],[129.9068,29.8188],[129.9044,29.8182],[129.9023,29.8212],[129.8957,29.8224],[129.8883,29.8223],[129.8837,29.8204],[129.8791,29.8168],[129.8749,29.8162],[129.868,29.8178],[129.8674,29.8175],[129.8667,29.8189],[129.8602,29.8223],[129.853,29.8326],[129.8534,29.836],[129.852,29.8388],[129.8496,29.838],[129.8512,29.8393],[129.8502,29.8405],[129.8475,29.8405],[129.8495,29.8413],[129.8462,29.8418],[129.848,29.8378],[129.8478,29.8372],[129.8461,29.8418],[129.8441,29.8418],[129.8424,29.8428],[129.8422,29.8449],[129.8399,29.8463],[129.8407,29.845],[129.8398,29.8455],[129.8376,29.8491],[129.8384,29.8524],[129.8378,29.8543],[129.8352,29.8555],[129.8355,29.8574],[129.837,29.8579],[129.8341,29.86],[129.8354,29.8663],[129.8395,29.8687],[129.8388,29.8704],[129.8399,29.8716],[129.8389,29.8723],[129.8415,29.8754],[129.8406,29.8765],[129.8456,29.8789],[129.8462,29.8815],[129.8498,29.8814],[129.8505,29.8822],[129.8506,29.8836]]],[[[129.8941,29.8559],[129.894,29.8559],[129.8941,29.8559],[129.8941,29.8559]]],[[[129.8944,29.8564],[129.8942,29.8564],[129.8943,29.8565],[129.8944,29.8564]]],[[[129.8928,29.8698],[129.8929,29.8704],[129.8931,29.87],[129.8928,29.8698]]],[[[129.9147,29.9568],[129.9147,29.9567],[129.9146,29.9568],[129.9147,29.9568]]],[[[129.9102,29.9597],[129.9103,29.9597],[129.9103,29.9596],[129.9102,29.9597]]],[[[129.9099,29.9597],[129.9098,29.9598],[129.91,29.9598],[129.9099,29.9597]]],[[[129.9089,29.96],[129.9091,29.9599],[129.9089,29.9599],[129.9089,29.96]]],[[[129.9092,29.9601],[129.9096,29.9603],[129.9097,29.9602],[129.9092,29.9601]]],[[[129.9087,29.9605],[129.9088,29.9604],[129.9086,29.9604],[129.9087,29.9605]]],[[[129.9057,29.9686],[129.9054,29.9685],[129.9054,29.9686],[129.9057,29.9686]]],[[[129.9045,29.9727],[129.9047,29.9728],[129.9048,29.9727],[129.9045,29.9727]]],[[[129.9045,29.973],[129.9046,29.9729],[129.9045,29.9729],[129.9045,29.973]]],[[[129.9034,29.9728],[129.9031,29.973],[129.9036,29.973],[129.9034,29.9728]]],[[[129.9044,29.9733],[129.9046,29.9731],[129.9044,29.9732],[129.9044,29.9733]]],[[[129.9016,29.9731],[129.9011,29.9731],[129.9015,29.9734],[129.9016,29.9731]]],[[[129.8994,29.9743],[129.8995,29.9745],[129.8996,29.9743],[129.8994,29.9743]]],[[[129.9114,29.9921],[129.911,29.9929],[129.9115,29.9923],[129.9114,29.9921]]],[[[129.9122,29.9951],[129.9107,29.9939],[129.9106,29.9941],[129.9122,29.9951]]],[[[129.9083,30.0004],[129.9079,30.0003],[129.9079,30.0004],[129.9083,30.0004]]],[[[129.9084,30.0005],[129.9085,30.0004],[129.9084,30.0005],[129.9084,30.0005]]],[[[129.908,30.0013],[129.908,30.0012],[129.9079,30.0013],[129.908,30.0013]]],[[[129.9087,30.002],[129.9084,30.0009],[129.9082,30.0019],[129.9087,30.002]]],[[[129.9188,29.8176],[129.9188,29.8168],[129.918,29.8176],[129.9188,29.8176]]],[[[129.916,29.8184],[129.9162,29.8183],[129.916,29.8182],[129.916,29.8184]]],[[[129.9167,29.8188],[129.9168,29.8188],[129.9168,29.8187],[129.9167,29.8188]]],[[[129.9179,29.8189],[129.9178,29.8189],[129.9178,29.819],[129.9179,29.8189]]],[[[129.9174,29.8192],[129.9173,29.8192],[129.9174,29.8192],[129.9174,29.8192]]],[[[129.9173,29.8194],[129.9172,29.8194],[129.9173,29.8194],[129.9173,29.8194]]],[[[129.916,29.8194],[129.9163,29.8195],[129.9162,29.8194],[129.916,29.8194]]],[[[129.9181,29.8196],[129.9178,29.8197],[129.9182,29.8199],[129.9181,29.8196]]],[[[129.9185,29.8198],[129.9185,29.8196],[129.9185,29.8197],[129.9185,29.8198]]],[[[129.9189,29.8237],[129.9189,29.8236],[129.9188,29.8237],[129.9189,29.8237]]],[[[129.9186,29.8238],[129.9184,29.8238],[129.9185,29.8238],[129.9186,29.8238]]],[[[129.9178,29.8242],[129.9178,29.8241],[129.9177,29.8242],[129.9178,29.8242]]],[[[129.9309,29.9482],[129.931,29.9481],[129.9309,29.9481],[129.9309,29.9482]]],[[[129.9308,29.9486],[129.9309,29.9486],[129.9309,29.9486],[129.9308,29.9486]]],[[[129.9351,29.9491],[129.9352,29.949],[129.9351,29.949],[129.9351,29.9491]]],[[[129.9374,29.9497],[129.9375,29.9497],[129.9374,29.9497],[129.9374,29.9497]]],[[[129.9292,29.9501],[129.9292,29.95],[129.9292,29.95],[129.9292,29.9501]]],[[[129.9286,29.9501],[129.9285,29.9501],[129.9285,29.9501],[129.9286,29.9501]]],[[[129.9283,29.9504],[129.9282,29.9504],[129.9282,29.9504],[129.9283,29.9504]]],[[[129.9452,29.9518],[129.9453,29.9517],[129.9452,29.9517],[129.9452,29.9518]]],[[[129.9448,29.9517],[129.945,29.952],[129.945,29.9518],[129.9448,29.9517]]],[[[129.9451,29.9526],[129.9453,29.9525],[129.9451,29.9525],[129.9451,29.9526]]],[[[129.9165,29.9562],[129.9165,29.9561],[129.9165,29.9561],[129.9165,29.9562]]],[[[129.9461,29.9565],[129.9461,29.9565],[129.9461,29.9565],[129.9461,29.9565]]],[[[129.9456,29.9618],[129.9458,29.9618],[129.9457,29.9617],[129.9456,29.9618]]],[[[129.9458,29.9633],[129.9459,29.9633],[129.9459,29.9632],[129.9458,29.9633]]],[[[129.9447,29.9641],[129.9449,29.9641],[129.9449,29.9641],[129.9447,29.9641]]],[[[129.9461,29.9662],[129.9458,29.9668],[129.9462,29.9668],[129.9461,29.9662]]],[[[129.9423,29.9698],[129.9426,29.9698],[129.9424,29.9696],[129.9423,29.9698]]],[[[129.9419,29.97],[129.9419,29.9699],[129.9418,29.97],[129.9419,29.97]]],[[[129.9382,29.9709],[129.9383,29.9708],[129.9382,29.9709],[129.9382,29.9709]]],[[[129.938,29.9711],[129.938,29.971],[129.938,29.9711],[129.938,29.9711]]],[[[129.9381,29.9711],[129.9382,29.9711],[129.9381,29.971],[129.9381,29.9711]]],[[[129.9383,29.9713],[129.9383,29.9713],[129.9383,29.9713],[129.9383,29.9713]]],[[[129.9403,29.9712],[129.94,29.9715],[129.9402,29.9716],[129.9403,29.9712]]],[[[129.9382,29.9714],[129.9382,29.9714],[129.9382,29.9714],[129.9382,29.9714]]],[[[129.9169,30.0071],[129.9171,30.0041],[129.9199,29.9989],[129.9201,29.9953],[129.9233,29.9878],[129.9298,29.9815],[129.934,29.9731],[129.9368,29.9709],[129.9412,29.97],[129.945,29.9671],[129.9446,29.9631],[129.9472,29.9594],[129.9442,29.9526],[129.9427,29.9515],[129.9345,29.949],[129.9288,29.9502],[129.922,29.9556],[129.9177,29.9554],[129.9165,29.9564],[129.9137,29.9575],[129.9118,29.9588],[129.9115,29.9605],[129.9102,29.9599],[129.9098,29.9605],[129.9088,29.9605],[129.9096,29.9613],[129.9087,29.9618],[129.9071,29.9616],[129.9074,29.9639],[129.9047,29.9647],[129.9072,29.9662],[129.9058,29.9689],[129.9065,29.9726],[129.9017,29.9743],[129.9009,29.974],[129.9009,29.9757],[129.8995,29.9767],[129.9022,29.9779],[129.9053,29.9816],[129.9041,29.9855],[129.9081,29.9865],[129.9121,29.9902],[129.9125,29.9909],[129.912,29.992],[129.9121,29.9926],[129.9133,29.9907],[129.9146,29.9915],[129.9138,29.9923],[129.9143,29.9931],[129.9149,29.992],[129.9145,29.9947],[129.9133,29.9958],[129.9139,29.9938],[129.9133,29.993],[129.9132,29.9959],[129.9092,30.0018],[129.912,30.0058],[129.9169,30.0071]]],[[[129.9281,29.9834],[129.9282,29.9833],[129.9281,29.9833],[129.9281,29.9834]]],[[[129.9177,30.0074],[129.9184,30.0064],[129.9176,30.0067],[129.9177,30.0074]]],[[[129.9172,30.0071],[129.9172,30.007],[129.9172,30.0071],[129.9172,30.0071]]],[[[129.9172,30.0075],[129.9172,30.0074],[129.9172,30.0074],[129.9172,30.0075]]],[[[129.9173,30.0079],[129.9174,30.0078],[129.9173,30.0079],[129.9173,30.0079]]],[[[129.9179,30.008],[129.9179,30.0079],[129.9178,30.0079],[129.9179,30.008]]],[[[129.9166,30.0079],[129.9167,30.0079],[129.9166,30.0079],[129.9166,30.0079]]],[[[129.9167,30.0084],[129.9168,30.0083],[129.9167,30.0083],[129.9167,30.0084]]],[[[129.9462,29.957],[129.9462,29.9569],[129.9462,29.9569],[129.9462,29.957]]],[[[129.9473,29.9594],[129.9475,29.9594],[129.9474,29.9593],[129.9473,29.9594]]],[[[129.9478,29.9599],[129.9479,29.9599],[129.9478,29.9599],[129.9478,29.9599]]],[[[129.9487,29.9598],[129.9489,29.96],[129.949,29.96],[129.9487,29.9598]]],[[[129.9471,29.96],[129.9472,29.96],[129.9471,29.96],[129.9471,29.96]]],[[[129.9496,29.96],[129.9494,29.9603],[129.9495,29.9602],[129.9496,29.96]]],[[[129.9467,29.9608],[129.9466,29.9608],[129.9466,29.9608],[129.9467,29.9608]]],[[[129.9465,29.9662],[129.9466,29.9661],[129.9465,29.9662],[129.9465,29.9662]]],[[[130.055,30.0374],[130.0551,30.0373],[130.0549,30.0373],[130.055,30.0374]]],[[[130.0548,30.0396],[130.0551,30.0398],[130.0552,30.0395],[130.0548,30.0396]]],[[[130.0531,30.0414],[130.0532,30.0414],[130.0531,30.0413],[130.0531,30.0414]]],[[[130.0622,30.0418],[130.0623,30.042],[130.0624,30.0419],[130.0622,30.0418]]],[[[130.0522,30.0425],[130.0526,30.0419],[130.052,30.0424],[130.0522,30.0425]]],[[[130.0508,30.0426],[130.0501,30.0421],[130.0499,30.0421],[130.0505,30.0428],[130.0508,30.0426]]],[[[130.0497,30.0426],[130.0498,30.0425],[130.0498,30.0425],[130.0497,30.0426]]],[[[130.0626,30.0425],[130.0621,30.0428],[130.0626,30.0428],[130.0626,30.0425]]],[[[130.0519,30.0428],[130.052,30.0427],[130.052,30.0427],[130.0519,30.0428]]],[[[130.0499,30.0427],[130.0504,30.0429],[130.0499,30.0426],[130.0499,30.0427]]],[[[130.0492,30.0429],[130.0494,30.043],[130.0494,30.0429],[130.0492,30.0429]]],[[[130.0629,30.0433],[130.0629,30.0432],[130.0628,30.0433],[130.0629,30.0433]]],[[[130.0622,30.0433],[130.0624,30.0432],[130.0622,30.0433],[130.0622,30.0433]]],[[[130.0623,30.0436],[130.0624,30.0435],[130.0623,30.0435],[130.0623,30.0436]]],[[[130.0509,30.0436],[130.0507,30.0435],[130.0507,30.0436],[130.0509,30.0436]]],[[[130.0629,30.0437],[130.063,30.0435],[130.0628,30.0436],[130.0629,30.0437]]],[[[130.0623,30.0437],[130.0624,30.0439],[130.0625,30.0438],[130.0623,30.0437]]],[[[130.0628,30.0439],[130.063,30.0439],[130.063,30.0438],[130.0628,30.0439]]],[[[130.0638,30.0438],[130.064,30.044],[130.0639,30.0438],[130.0638,30.0438]]],[[[130.0631,30.0443],[130.0632,30.0442],[130.0631,30.0443],[130.0631,30.0443]]],[[[130.0635,30.0444],[130.0636,30.0443],[130.0635,30.0442],[130.0635,30.0444]]],[[[130.0632,30.0445],[130.0632,30.0444],[130.0632,30.0445],[130.0632,30.0445]]],[[[130.0624,30.0445],[130.0626,30.0444],[130.0624,30.0444],[130.0624,30.0445]]],[[[130.063,30.0447],[130.0632,30.0446],[130.0631,30.0446],[130.063,30.0447]]],[[[130.0629,30.0453],[130.0631,30.0453],[130.0629,30.0451],[130.0629,30.0453]]],[[[130.0672,30.0523],[130.0672,30.0525],[130.0674,30.0524],[130.0672,30.0523]]],[[[130.0597,30.0528],[130.0601,30.053],[130.06,30.0527],[130.0597,30.0528]]],[[[130.0665,30.0538],[130.0666,30.0537],[130.0665,30.0537],[130.0665,30.0538]]],[[[130.0668,30.0537],[130.0672,30.0538],[130.0669,30.0536],[130.0668,30.0537]]],[[[130.0674,30.0546],[130.0674,30.0545],[130.0674,30.0545],[130.0674,30.0546]]],[[[130.0681,30.056],[130.0683,30.056],[130.0682,30.0559],[130.0681,30.056]]],[[[130.0679,30.0561],[130.0678,30.0562],[130.0679,30.0563],[130.0679,30.0561]]],[[[130.0686,30.0563],[130.0685,30.0563],[130.0685,30.0564],[130.0686,30.0563]]]]}},{"type":"Feature","properties":{"code":"46404","name":"長島町","pref_code":"46","pref":"鹿児島県"},"geometry":{"type":"MultiPolygon","coordinates":[[[[130.1183,32.1169],[130.1184,32.1169],[130.1183,32.1168],[130.1183,32.1169]]],[[[130.1187,32.117],[130.1188,32.117],[130.1187,32.1169],[130.1187,32.117]]],[[[130.1187,32.1173],[130.1188,32.1174],[130.1188,32.1173],[130.1187,32.1173]]],[[[130.1178,32.1199],[130.1176,32.1199],[130.1178,32.1201],[130.1178,32.1199]]],[[[130.1182,32.1202],[130.1181,32.1202],[130.1182,32.1203],[130.1182,32.1202]]],[[[130.118,32.1206],[130.118,32.1208],[130.1182,32.1206],[130.118,32.1206]]],[[[130.112,32.1246],[130.112,32.1246],[130.112,32.1245],[130.112,32.1246]]],[[[130.1121,32.1248],[130.1119,32.125],[130.1122,32.1249],[130.1121,32.1248]]],[[[130.1125,32.1289],[130.1125,32.1289],[130.1125,32.1289],[130.1125,32.1289]]],[[[130.1113,32.1319],[130.1113,32.1319],[130.1113,32.1319],[130.1113,32.1319]]],[[[130.1122,32.1328],[130.1122,32.1328],[130.1122,32.1327],[130.1122,32.1328]]],[[[130.116,32.1387],[130.116,32.1386],[130.1159,32.1387],[130.116,32.1387]]],[[[130.1121,32.1397],[130.1121,32.1397],[130.1122,32.1397],[130.1121,32.1397]]],[[[130.1118,32.1399],[130.1118,32.1399],[130.1118,32.1398],[130.1118,32.1399]]],[[[130.1121,32.1399],[130.1121,32.1399],[130.1121,32.1399],[130.1121,32.1399]]],[[[130.1124,32.1406],[130.1124,32.1406],[130.1124,32.1407],[130.1124,32.1406]]],[[[130.1124,32.1408],[130.1123,32.1408],[130.1124,32.1409],[130.1124,32.1408]]],[[[130.1129,32.1414],[130.1126,32.1414],[130.1129,32.1417],[130.1129,32.1414]]],[[[130.1131,32.1422],[130.1131,32.1423],[130.1131,32.1422],[130.1131,32.1422]]],[[[130.1132,32.1442],[130.1132,32.1442],[130.1134,32.1442],[130.1132,32.1442]]],[[[130.1126,32.1566],[130.1127,32.1567],[130.1133,32.1563],[130.1126,32.1566]]],[[[130.112,32.1573],[130.1123,32.1581],[130.1121,32.1573],[130.112,32.1573]]],[[[130.0991,32.176],[130.099,32.1761],[130.0991,32.1761],[130.0991,32.176]]],[[[130.0982,32.176],[130.0982,32.1761],[130.0982,32.176],[130.0982,32.176]]],[[[130.0983,32.1761],[130.0983,32.1761],[130.0983,32.1761],[130.0983,32.1761]]],[[[130.0982,32.1763],[130.0984,32.1764],[130.0982,32.1763],[130.0982,32.1763]]],[[[130.0987,32.1764],[130.0988,32.1764],[130.0986,32.1763],[130.0987,32.1764]]],[[[130.0975,32.1766],[130.0976,32.1766],[130.0975,32.1766],[130.0975,32.1766]]],[[[130.0974,32.1769],[130.0975,32.177],[130.0974,32.1769],[130.0974,32.1769]]],[[[130.0962,32.1773],[130.0963,32.1773],[130.0963,32.1772],[130.0962,32.1773]]],[[[130.0964,32.1774],[130.0965,32.1775],[130.0965,32.1774],[130.0964,32.1774]]],[[[130.0967,32.1778],[130.0967,32.1778],[130.0967,32.1778],[130.0967,32.1778]]],[[[130.0969,32.1779],[130.097,32.1779],[130.0969,32.1778],[130.0969,32.1779]]],[[[130.0974,32.1779],[130.0974,32.1779],[130.0974,32.1779],[130.0974,32.1779]]],[[[130.0924,32.1799],[130.0924,32.1799],[130.092,32.18],[130.0924,32.1799]]],[[[130.091,32.1799],[130.0912,32.1801],[130.0911,32.1799],[130.091,32.1799]]],[[[130.0931,32.1799],[130.0934,32.1801],[130.0934,32.1799],[130.0931,32.1799]]],[[[130.0913,32.18],[130.0915,32.1801],[130.0914,32.18],[130.0913,32.18]]],[[[130.095,32.1802],[130.0948,32.1802],[130.0949,32.1803],[130.095,32.1802]]],[[[130.0953,32.1803],[130.0953,32.1804],[130.0953,32.1803],[130.0953,32.1803]]],[[[130.0954,32.1804],[130.0954,32.1804],[130.0955,32.1804],[130.0954,32.1804]]],[[[130.0942,32.1883],[130.0943,32.1884],[130.0944,32.1884],[130.0942,32.1883]]],[[[130.1082,32.1962],[130.1081,32.1961],[130.1077,32.1962],[130.1082,32.1962]]],[[[130.1079,32.1964],[130.1079,32.1966],[130.1081,32.1965],[130.1079,32.1964]]],[[[130.1069,32.2031],[130.1069,32.203],[130.1068,32.203],[130.1069,32.2031]]],[[[130.1061,32.2122],[130.1061,32.2122],[130.1061,32.2122],[130.1061,32.2122]]],[[[130.11,32.2165],[130.11,32.2165],[130.11,32.2165],[130.11,32.2165]]],[[[130.1101,32.2167],[130.1101,32.2167],[130.11,32.2167],[130.1101,32.2167]]],[[[130.1579,32.0863],[130.1569,32.0858],[130.1566,32.0879],[130.1577,32.0879],[130.1579,32.0863]]],[[[130.1561,32.0891],[130.156,32.0892],[130.1562,32.0892],[130.1561,32.0891]]],[[[130.1505,32.0908],[130.1507,32.0909],[130.1506,32.0908],[130.1505,32.0908]]],[[[130.1538,32.0913],[130.1539,32.0913],[130.1539,32.0912],[130.1538,32.0913]]],[[[130.154,32.0918],[130.154,32.0917],[130.1539,32.0917],[130.154,32.0918]]],[[[130.1527,32.0923],[130.1528,32.0924],[130.153,32.0923],[130.1527,32.0923]]],[[[130.1524,32.0926],[130.1525,32.0926],[130.1523,32.0926],[130.1524,32.0926]]],[[[130.1528,32.0929],[130.1528,32.0929],[130.1527,32.0929],[130.1528,32.0929]]],[[[130.1491,32.0965],[130.1492,32.0965],[130.1491,32.0964],[130.1491,32.0965]]],[[[130.1491,32.0977],[130.1492,32.0977],[130.1492,32.0976],[130.1491,32.0977]]],[[[130.1497,32.0988],[130.1498,32.0988],[130.1497,32.0988],[130.1497,32.0988]]],[[[130.1499,32.1001],[130.1498,32.1],[130.1498,32.1],[130.1499,32.1001]]],[[[130.1488,32.1021],[130.1488,32.1021],[130.1488,32.1021],[130.1488,32.1021]]],[[[130.1496,32.1024],[130.1496,32.1021],[130.1494,32.1023],[130.1496,32.1024]]],[[[130.1486,32.1022],[130.1486,32.1024],[130.1486,32.1022],[130.1486,32.1022]]],[[[130.1489,32.1023],[130.1489,32.1023],[130.1489,32.1023],[130.1489,32.1023]]],[[[130.1488,32.1025],[130.1487,32.1025],[130.1487,32.1026],[130.1488,32.1025]]],[[[130.1489,32.103],[130.1489,32.1028],[130.1486,32.1027],[130.1489,32.103]]],[[[130.1358,32.1059],[130.1357,32.1058],[130.1357,32.106],[130.1358,32.1059]]],[[[130.1431,32.1072],[130.1432,32.1072],[130.1431,32.1072],[130.1431,32.1072]]],[[[130.1428,32.1072],[130.1427,32.1073],[130.1429,32.1073],[130.1428,32.1072]]],[[[130.1311,32.1093],[130.1311,32.1093],[130.1311,32.1092],[130.1311,32.1093]]],[[[130.132,32.1094],[130.1319,32.1093],[130.1319,32.1094],[130.132,32.1094]]],[[[130.1304,32.1103],[130.1303,32.1103],[130.1304,32.1104],[130.1304,32.1103]]],[[[130.126,32.1151],[130.1261,32.1153],[130.1261,32.1151],[130.126,32.1151]]],[[[130.1234,32.1155],[130.1235,32.1156],[130.1235,32.1154],[130.1234,32.1155]]],[[[130.1251,32.1159],[130.125,32.116],[130.1251,32.116],[130.1251,32.1159]]],[[[130.1193,32.1176],[130.1193,32.1177],[130.1193,32.1176],[130.1193,32.1176]]],[[[130.1897,32.2031],[130.1902,32.1993],[130.1919,32.1998],[130.1906,32.1994],[130.1915,32.1976],[130.1932,32.1993],[130.1925,32.2002],[130.1968,32.1976],[130.2005,32.1976],[130.2,32.1957],[130.1941,32.191],[130.1899,32.1889],[130.1906,32.1895],[130.1878,32.1895],[130.1888,32.187],[130.1822,32.1767],[130.1833,32.1772],[130.1843,32.177],[130.1833,32.1772],[130.1825,32.1766],[130.1838,32.1759],[130.1868,32.1771],[130.1861,32.173],[130.1862,32.1714],[130.1875,32.1712],[130.1866,32.1693],[130.1875,32.1671],[130.1859,32.1643],[130.1906,32.1647],[130.1912,32.1644],[130.1897,32.1634],[130.1905,32.1629],[130.1943,32.1643],[130.194,32.169],[130.1952,32.1715],[130.1976,32.171],[130.1977,32.167],[130.2045,32.1697],[130.2053,32.1687],[130.2026,32.1653],[130.2085,32.16],[130.2098,32.1551],[130.2085,32.1521],[130.2053,32.1488],[130.193,32.1475],[130.1866,32.1428],[130.1847,32.1394],[130.1795,32.1373],[130.1774,32.128],[130.1762,32.1282],[130.1761,32.1301],[130.1737,32.133],[130.1741,32.1367],[130.1715,32.1332],[130.1711,32.1338],[130.1721,32.1301],[130.1738,32.1298],[130.1741,32.1259],[130.1761,32.1236],[130.1785,32.1234],[130.1769,32.1191],[130.1779,32.1176],[130.1755,32.1182],[130.1767,32.116],[130.1753,32.1143],[130.1756,32.1127],[130.1737,32.1105],[130.1704,32.1097],[130.1728,32.1084],[130.172,32.1057],[130.1707,32.1058],[130.1701,32.1039],[130.1675,32.1054],[130.1694,32.1029],[130.1683,32.1015],[130.1697,32.102],[130.1668,32.0976],[130.1688,32.0942],[130.1633,32.0903],[130.1595,32.0913],[130.1572,32.0895],[130.1545,32.0906],[130.1543,32.0928],[130.1529,32.0933],[130.1507,32.0925],[130.1508,32.0935],[130.1484,32.094],[130.1507,32.0998],[130.1501,32.102],[130.1477,32.105],[130.1418,32.1085],[130.1408,32.1083],[130.1414,32.1071],[130.141,32.1068],[130.1408,32.1082],[130.1399,32.1079],[130.1397,32.1068],[130.1411,32.1063],[130.1388,32.105],[130.1373,32.1065],[130.136,32.106],[130.1352,32.1079],[130.1308,32.1106],[130.1313,32.1117],[130.1285,32.1151],[130.1254,32.1155],[130.125,32.1171],[130.1232,32.118],[130.1224,32.1172],[130.1217,32.1186],[130.1226,32.1167],[130.1207,32.1183],[130.119,32.1181],[130.1175,32.1232],[130.1111,32.1258],[130.1134,32.1272],[130.1131,32.1307],[130.1167,32.1382],[130.114,32.1409],[130.1137,32.1431],[130.1115,32.1428],[130.1144,32.1445],[130.1144,32.1464],[130.1149,32.1445],[130.1153,32.1477],[130.117,32.1495],[130.1135,32.1569],[130.1147,32.1559],[130.1156,32.1571],[130.1126,32.1581],[130.11,32.1608],[130.1078,32.161],[130.1094,32.164],[130.1094,32.168],[130.1082,32.1681],[130.1064,32.1695],[130.109,32.1681],[130.1093,32.1698],[130.107,32.1699],[130.1097,32.17],[130.1083,32.1702],[130.1044,32.1741],[130.0978,32.173],[130.0998,32.175],[130.0992,32.1773],[130.0967,32.1773],[130.0983,32.178],[130.0976,32.1808],[130.0907,32.1806],[130.0942,32.1844],[130.0967,32.1848],[130.0973,32.1867],[130.0948,32.1878],[130.095,32.1888],[130.0965,32.1882],[130.1016,32.1897],[130.1027,32.188],[130.1036,32.1891],[130.1067,32.1892],[130.1093,32.188],[130.1088,32.1891],[130.1097,32.1902],[130.1076,32.1895],[130.1015,32.1928],[130.0977,32.193],[130.098,32.1942],[130.1011,32.195],[130.1066,32.193],[130.1142,32.1939],[130.113,32.1957],[130.1096,32.1962],[130.1071,32.1987],[130.1087,32.1997],[130.1138,32.1989],[130.1167,32.2003],[130.1176,32.1995],[130.1219,32.2004],[130.1218,32.2011],[130.1157,32.2015],[130.1155,32.2031],[130.1125,32.2018],[130.1055,32.2037],[130.105,32.2045],[130.1061,32.2059],[130.1119,32.2073],[130.1106,32.2086],[130.1109,32.21],[130.1056,32.2097],[130.1065,32.2121],[130.1057,32.2138],[130.1068,32.2148],[130.1085,32.2144],[130.1101,32.2163],[130.1154,32.2159],[130.1191,32.215],[130.1207,32.2123],[130.1229,32.2123],[130.1246,32.214],[130.1242,32.2131],[130.1293,32.2109],[130.1287,32.2127],[130.1274,32.2131],[130.1278,32.215],[130.1257,32.2159],[130.1278,32.2165],[130.13,32.2148],[130.1314,32.2164],[130.1346,32.214],[130.1383,32.2136],[130.141,32.2121],[130.1435,32.2095],[130.1427,32.2079],[130.1453,32.2075],[130.1433,32.2063],[130.15,32.2043],[130.1508,32.2026],[130.1516,32.2035],[130.1524,32.203],[130.1553,32.1971],[130.1565,32.1981],[130.1556,32.2003],[130.1563,32.2027],[130.1589,32.2045],[130.1553,32.204],[130.1555,32.2049],[130.1492,32.208],[130.1484,32.2092],[130.149,32.2126],[130.1455,32.2171],[130.1543,32.2139],[130.1542,32.2157],[130.1558,32.2169],[130.152,32.218],[130.154,32.2192],[130.1532,32.2203],[130.1547,32.2208],[130.1523,32.2222],[130.1552,32.2214],[130.1561,32.2224],[130.1533,32.2233],[130.1542,32.226],[130.1525,32.2273],[130.1556,32.2284],[130.1549,32.2276],[130.1557,32.2263],[130.1586,32.2267],[130.1585,32.2222],[130.1596,32.2219],[130.1586,32.2213],[130.1612,32.2205],[130.1591,32.2201],[130.1599,32.2187],[130.1617,32.2189],[130.1604,32.2153],[130.1617,32.2153],[130.1601,32.2147],[130.1645,32.2123],[130.1643,32.2154],[130.1658,32.2177],[130.1677,32.2176],[130.1655,32.2204],[130.1637,32.2204],[130.164,32.2219],[130.1666,32.2249],[130.1695,32.2246],[130.1693,32.2251],[130.1708,32.2253],[130.1734,32.2292],[130.1772,32.2278],[130.1763,32.2276],[130.1764,32.2252],[130.1747,32.2253],[130.1745,32.2246],[130.1765,32.2248],[130.1751,32.2233],[130.1764,32.2227],[130.1764,32.2212],[130.1753,32.2209],[130.1787,32.2206],[130.1842,32.2166],[130.1867,32.2128],[130.1852,32.2094],[130.1881,32.2059],[130.1866,32.2038],[130.1897,32.2031]]],[[[130.1638,32.2135],[130.164,32.2135],[130.1639,32.2131],[130.1638,32.2135]]],[[[130.1264,32.2143],[130.1263,32.2144],[130.1265,32.2144],[130.1264,32.2143]]],[[[130.1265,32.2147],[130.1263,32.2148],[130.1265,32.2149],[130.1265,32.2147]]],[[[130.1257,32.2151],[130.126,32.2151],[130.1259,32.2144],[130.1257,32.2151]]],[[[130.1252,32.2151],[130.1244,32.2145],[130.1251,32.2152],[130.1252,32.2151]]],[[[130.1344,32.2154],[130.1347,32.2154],[130.1344,32.2151],[130.1344,32.2154]]],[[[130.1254,32.2158],[130.125,32.2158],[130.1243,32.2158],[130.1254,32.2158]]],[[[130.1541,32.2288],[130.1542,32.2289],[130.1541,32.2288],[130.1541,32.2288]]],[[[130.1542,32.2289],[130.1543,32.229],[130.1543,32.2289],[130.1542,32.2289]]],[[[130.1542,32.2292],[130.1542,32.2292],[130.1542,32.2292],[130.1542,32.2292]]],[[[130.161,32.231],[130.161,32.231],[130.161,32.2309],[130.161,32.231]]],[[[130.1585,32.2437],[130.1586,32.2437],[130.1585,32.2437],[130.1585,32.2437]]],[[[130.1588,32.2437],[130.1587,32.2437],[130.1587,32.2438],[130.1588,32.2437]]],[[[130.1584,32.2439],[130.1585,32.244],[130.1585,32.2439],[130.1584,32.2439]]],[[[130.1587,32.244],[130.1588,32.244],[130.1588,32.2439],[130.1587,32.244]]],[[[130.1596,32.2448],[130.1596,32.2448],[130.1595,32.2447],[130.1596,32.2448]]],[[[130.1588,32.245],[130.159,32.2452],[130.1589,32.245],[130.1588,32.245]]],[[[130.1585,32.2457],[130.1586,32.2457],[130.1586,32.2456],[130.1585,32.2457]]],[[[130.1585,32.2454],[130.1592,32.2466],[130.1591,32.2454],[130.1585,32.2454]]],[[[130.165,32.0887],[130.165,32.0882],[130.1643,32.0876],[130.165,32.0887]]],[[[130.1652,32.0898],[130.1653,32.0898],[130.1652,32.0898],[130.1652,32.0898]]],[[[130.165,32.0899],[130.165,32.0898],[130.1648,32.0898],[130.165,32.0899]]],[[[130.1652,32.0902],[130.1653,32.0901],[130.1652,32.09],[130.1652,32.0902]]],[[[130.1666,32.0913],[130.1665,32.0914],[130.1666,32.0915],[130.1666,32.0913]]],[[[130.167,32.0914],[130.167,32.0915],[130.1671,32.0915],[130.167,32.0914]]],[[[130.1676,32.0921],[130.1677,32.0921],[130.1678,32.0919],[130.1676,32.0921]]],[[[130.1699,32.1025],[130.1701,32.1033],[130.17,32.1024],[130.1699,32.1025]]],[[[130.1715,32.1045],[130.1713,32.1045],[130.1713,32.1046],[130.1715,32.1045]]],[[[130.1764,32.1144],[130.1765,32.1145],[130.1766,32.1144],[130.1764,32.1144]]],[[[130.1762,32.1146],[130.1762,32.1146],[130.1763,32.1145],[130.1762,32.1146]]],[[[130.1775,32.2249],[130.1766,32.2246],[130.1775,32.225],[130.1775,32.2249]]],[[[130.1701,32.2258],[130.1704,32.2258],[130.1701,32.2256],[130.1701,32.2258]]],[[[130.1813,32.226],[130.1819,32.2256],[130.1821,32.2244],[130.1791,32.2234],[130.1819,32.2251],[130.1784,32.2247],[130.1785,32.2268],[130.1824,32.2283],[130.1813,32.226]]],[[[130.1683,32.2265],[130.1682,32.2265],[130.1682,32.2266],[130.1683,32.2265]]],[[[130.1707,32.2269],[130.1707,32.227],[130.1707,32.2271],[130.1707,32.2269]]],[[[130.1641,32.228],[130.1642,32.2281],[130.1642,32.228],[130.1641,32.228]]],[[[130.1643,32.2283],[130.1643,32.2283],[130.1642,32.2283],[130.1643,32.2283]]],[[[130.1658,32.2283],[130.1658,32.2283],[130.1658,32.2283],[130.1658,32.2283]]],[[[130.1656,32.2284],[130.1657,32.2284],[130.1656,32.2283],[130.1656,32.2284]]],[[[130.1827,32.2284],[130.1827,32.2284],[130.1827,32.2283],[130.1827,32.2284]]],[[[130.1829,32.2284],[130.1829,32.2285],[130.1829,32.2284],[130.1829,32.2284]]],[[[130.1643,32.2285],[130.1643,32.2285],[130.1643,32.2285],[130.1643,32.2285]]],[[[130.1658,32.2286],[130.1658,32.2285],[130.1658,32.2285],[130.1658,32.2286]]],[[[130.1832,32.2286],[130.1832,32.2286],[130.1831,32.2285],[130.1832,32.2286]]],[[[130.1656,32.2286],[130.1657,32.2287],[130.1657,32.2286],[130.1656,32.2286]]],[[[130.1829,32.2287],[130.1829,32.2287],[130.1829,32.2287],[130.1829,32.2287]]],[[[130.1831,32.2288],[130.1832,32.2288],[130.1832,32.2287],[130.1831,32.2288]]],[[[130.1659,32.2289],[130.1659,32.2288],[130.1658,32.2289],[130.1659,32.2289]]],[[[130.1663,32.2289],[130.1663,32.2289],[130.1663,32.2289],[130.1663,32.2289]]],[[[130.1663,32.2293],[130.1662,32.2294],[130.1664,32.2293],[130.1663,32.2293]]],[[[130.172,32.2308],[130.172,32.2309],[130.1721,32.2309],[130.172,32.2308]]],[[[130.1763,32.2327],[130.1764,32.2328],[130.1765,32.2327],[130.1763,32.2327]]],[[[130.1765,32.233],[130.1767,32.2337],[130.1779,32.2334],[130.1765,32.233]]],[[[130.178,32.2337],[130.1781,32.2336],[130.178,32.2336],[130.178,32.2337]]],[[[130.1761,32.2373],[130.1762,32.2374],[130.1761,32.2373],[130.1761,32.2373]]],[[[130.166,32.2461],[130.166,32.246],[130.1659,32.2462],[130.166,32.2461]]],[[[130.1843,32.2528],[130.1828,32.2538],[130.1826,32.2527],[130.179,32.2513],[130.1781,32.249],[130.1756,32.248],[130.1769,32.2452],[130.1755,32.2428],[130.1762,32.2428],[130.1768,32.2424],[130.1755,32.2408],[130.1763,32.2404],[130.1773,32.2421],[130.178,32.2415],[130.1738,32.2356],[130.1752,32.235],[130.174,32.2347],[130.1752,32.2336],[130.1727,32.2326],[130.1732,32.2314],[130.1718,32.2312],[130.1719,32.2298],[130.168,32.2311],[130.17,32.2296],[130.1705,32.226],[130.1684,32.2267],[130.169,32.2284],[130.1675,32.2306],[130.1656,32.229],[130.1662,32.2312],[130.1638,32.2298],[130.164,32.2282],[130.1615,32.2281],[130.163,32.2298],[130.1612,32.2309],[130.1637,32.2324],[130.162,32.233],[130.1589,32.2392],[130.159,32.245],[130.1603,32.2441],[130.1613,32.2439],[130.1635,32.2409],[130.1652,32.2406],[130.1646,32.2392],[130.1678,32.2398],[130.1656,32.2448],[130.1681,32.2477],[130.1672,32.2497],[130.1694,32.2492],[130.1691,32.251],[130.1713,32.2538],[130.1713,32.256],[130.1733,32.2574],[130.1758,32.2541],[130.1783,32.2549],[130.1785,32.2569],[130.1849,32.2604],[130.1836,32.2616],[130.1839,32.2634],[130.1881,32.2642],[130.1858,32.2683],[130.1869,32.2689],[130.1899,32.268],[130.1889,32.2659],[130.1903,32.2649],[130.1893,32.2636],[130.1898,32.2614],[130.1882,32.2604],[130.188,32.2582],[130.1864,32.2571],[130.1874,32.2581],[130.1864,32.2587],[130.1842,32.2574],[130.1861,32.2569],[130.1835,32.2556],[130.1854,32.2548],[130.1843,32.2528]]],[[[130.1794,32.2493],[130.1793,32.2492],[130.1793,32.2493],[130.1794,32.2493]]],[[[130.1795,32.2492],[130.1795,32.2493],[130.1795,32.2492],[130.1795,32.2492]]],[[[130.1791,32.2493],[130.179,32.2492],[130.1789,32.2494],[130.1791,32.2493]]],[[[130.1796,32.2494],[130.1796,32.2494],[130.1796,32.2493],[130.1796,32.2494]]],[[[130.183,32.2523],[130.1833,32.2523],[130.1831,32.252],[130.183,32.2523]]],[[[130.1828,32.2528],[130.1829,32.2528],[130.1828,32.2527],[130.1828,32.2528]]],[[[130.1815,32.2608],[130.1812,32.2606],[130.1814,32.2608],[130.1815,32.2608]]],[[[130.1792,32.2615],[130.1806,32.2628],[130.1795,32.2656],[130.1816,32.2648],[130.1815,32.2619],[130.1792,32.2615]]],[[[130.1793,32.2654],[130.1791,32.2654],[130.1793,32.2655],[130.1793,32.2654]]],[[[130.1796,32.2677],[130.1795,32.2677],[130.1798,32.2683],[130.1796,32.2677]]],[[[130.2003,32.1712],[130.2001,32.1713],[130.2004,32.1713],[130.2003,32.1712]]],[[[130.1954,32.1723],[130.1956,32.1723],[130.1954,32.172],[130.1954,32.1723]]],[[[130.1986,32.1742],[130.1987,32.1753],[130.199,32.1744],[130.1986,32.1742]]],[[[130.2059,32.2187],[130.2062,32.2189],[130.2062,32.2186],[130.2059,32.2187]]],[[[130.2144,32.2224],[130.2143,32.2224],[130.2143,32.2224],[130.2144,32.2224]]],[[[130.2142,32.2227],[130.2143,32.2228],[130.2142,32.2227],[130.2142,32.2227]]],[[[130.2146,32.2228],[130.2146,32.2229],[130.2147,32.2229],[130.2146,32.2228]]],[[[130.2036,32.2055],[130.2065,32.2104],[130.2058,32.2113],[130.2077,32.2104],[130.208,32.2125],[130.1973,32.2171],[130.1975,32.2148],[130.2023,32.2097],[130.2009,32.2082],[130.1949,32.2138],[130.1962,32.2166],[130.1906,32.2181],[130.1873,32.2214],[130.189,32.224],[130.1896,32.2227],[130.1923,32.2221],[130.194,32.2255],[130.1935,32.2269],[130.1952,32.226],[130.1973,32.2268],[130.1974,32.2304],[130.1949,32.2332],[130.1946,32.2383],[130.1929,32.2412],[130.1943,32.2444],[130.2016,32.2396],[130.2006,32.236],[130.203,32.2327],[130.2011,32.2301],[130.2036,32.2261],[130.2095,32.2249],[130.2093,32.2224],[130.2047,32.2183],[130.2072,32.2171],[130.2069,32.2186],[130.2115,32.2207],[130.212,32.2156],[130.2103,32.2103],[130.2062,32.2059],[130.2049,32.206],[130.2054,32.2044],[130.2036,32.2055]]],[[[130.2179,32.2275],[130.2203,32.2275],[130.2182,32.2251],[130.216,32.2238],[130.2179,32.2275]]],[[[130.2115,32.2267],[130.2107,32.2255],[130.21,32.2265],[130.2115,32.2267]]],[[[130.1834,32.2287],[130.1834,32.2286],[130.1833,32.2287],[130.1834,32.2287]]],[[[130.1837,32.2292],[130.1837,32.2293],[130.1837,32.2292],[130.1837,32.2292]]],[[[130.184,32.2288],[130.1836,32.2288],[130.1839,32.2302],[130.1847,32.2302],[130.184,32.2288]]],[[[130.1856,32.2417],[130.182,32.2397],[130.1809,32.2404],[130.1825,32.2431],[130.1874,32.2438],[130.1856,32.2417]]],[[[130.2139,32.2419],[130.2139,32.2418],[130.2138,32.2419],[130.2139,32.2419]]],[[[130.2139,32.2419],[130.214,32.242],[130.214,32.2419],[130.2139,32.2419]]],[[[130.2139,32.2425],[130.2137,32.2419],[130.2128,32.2425],[130.2135,32.2432],[130.2139,32.2425]]],[[[130.1876,32.2437],[130.1876,32.2438],[130.1877,32.2438],[130.1876,32.2437]]],[[[130.194,32.2455],[130.1935,32.2454],[130.1927,32.2464],[130.1947,32.2476],[130.194,32.2455]]],[[[130.215,32.2493],[130.2155,32.2473],[130.2152,32.2472],[130.215,32.2493]]],[[[130.2093,32.2503],[130.2091,32.2504],[130.2094,32.2504],[130.2093,32.2503]]],[[[130.2086,32.2517],[130.2085,32.2519],[130.2087,32.2518],[130.2086,32.2517]]],[[[130.1848,32.2528],[130.1849,32.2529],[130.1849,32.2528],[130.1848,32.2528]]],[[[130.1835,32.2529],[130.1835,32.2529],[130.1835,32.2529],[130.1835,32.2529]]],[[[130.1858,32.2538],[130.1857,32.2537],[130.1854,32.2538],[130.1858,32.2538]]],[[[130.1852,32.2538],[130.1852,32.2538],[130.1852,32.2538],[130.1852,32.2538]]],[[[130.1864,32.2562],[130.1869,32.2567],[130.1865,32.2561],[130.1864,32.2562]]],[[[130.2074,32.2591],[130.2074,32.2592],[130.2077,32.2593],[130.2074,32.2591]]],[[[130.1897,32.261],[130.1898,32.2612],[130.1898,32.261],[130.1897,32.261]]],[[[130.1909,32.2635],[130.1908,32.2634],[130.1905,32.2635],[130.1909,32.2635]]],[[[130.1912,32.2637],[130.1912,32.2638],[130.1912,32.2637],[130.1912,32.2637]]],[[[130.1917,32.2639],[130.1917,32.2639],[130.1918,32.264],[130.1917,32.2639]]],[[[130.1925,32.2642],[130.1925,32.264],[130.192,32.2641],[130.1925,32.2642]]],[[[130.2123,32.2719],[130.2124,32.272],[130.213,32.2717],[130.2123,32.2719]]],[[[130.2115,32.2717],[130.2111,32.272],[130.2112,32.2722],[130.2115,32.2717]]],[[[130.2107,32.2721],[130.2108,32.2722],[130.2109,32.2721],[130.2107,32.2721]]],[[[130.2104,32.2722],[130.2104,32.2722],[130.2106,32.2722],[130.2104,32.2722]]],[[[130.1893,32.2764],[130.1896,32.2767],[130.1897,32.2761],[130.1893,32.2764]]],[[[130.2126,32.2765],[130.2126,32.2767],[130.2127,32.2765],[130.2126,32.2765]]],[[[130.1879,32.2767],[130.1878,32.2766],[130.1877,32.2768],[130.1879,32.2767]]],[[[130.2137,32.2798],[130.2136,32.2797],[130.2135,32.2799],[130.2137,32.2798]]],[[[130.2079,32.28],[130.2086,32.28],[130.2079,32.2798],[130.2079,32.28]]],[[[130.1916,32.2801],[130.1914,32.2801],[130.1916,32.2803],[130.1916,32.2801]]],[[[130.2138,32.2815],[130.2139,32.2815],[130.2139,32.2814],[130.2138,32.2815]]],[[[130.2142,32.2823],[130.214,32.2822],[130.214,32.2824],[130.2142,32.2823]]],[[[130.2141,32.2837],[130.2142,32.2837],[130.2142,32.2836],[130.2141,32.2837]]],[[[130.2145,32.2837],[130.2144,32.2838],[130.2145,32.2838],[130.2145,32.2837]]],[[[130.2154,32.2862],[130.2152,32.2862],[130.2153,32.2863],[130.2154,32.2862]]],[[[130.2273,32.2459],[130.2274,32.2459],[130.2272,32.2458],[130.2273,32.2459]]],[[[130.2277,32.2459],[130.2276,32.246],[130.2277,32.2459],[130.2277,32.2459]]],[[[130.2287,32.2467],[130.2288,32.2467],[130.2287,32.2467],[130.2287,32.2467]]],[[[130.2292,32.2469],[130.2293,32.2469],[130.2292,32.2468],[130.2292,32.2469]]],[[[130.2298,32.247],[130.2299,32.2471],[130.2298,32.247],[130.2298,32.247]]],[[[130.2302,32.247],[130.2302,32.247],[130.2301,32.2471],[130.2302,32.247]]],[[[130.2264,32.2485],[130.2264,32.2486],[130.2264,32.2485],[130.2264,32.2485]]],[[[130.2251,32.2484],[130.2254,32.2488],[130.2263,32.2484],[130.2251,32.2484]]],[[[130.2264,32.2487],[130.2264,32.2487],[130.2263,32.2487],[130.2264,32.2487]]],[[[130.2282,32.2468],[130.2272,32.246],[130.2271,32.2492],[130.2232,32.251],[130.2224,32.2544],[130.2297,32.2505],[130.2303,32.2473],[130.2282,32.2468]]],[[[130.2301,32.2503],[130.2301,32.2503],[130.23,32.2503],[130.2301,32.2503]]],[[[130.243,32.2533],[130.243,32.2533],[130.2429,32.2533],[130.243,32.2533]]],[[[130.2429,32.2534],[130.2428,32.2533],[130.2428,32.2534],[130.2429,32.2534]]],[[[130.2428,32.2535],[130.2429,32.2535],[130.2429,32.2534],[130.2428,32.2535]]],[[[130.243,32.2536],[130.243,32.2536],[130.243,32.2535],[130.243,32.2536]]],[[[130.2205,32.2562],[130.2208,32.2562],[130.2206,32.256],[130.2205,32.2562]]],[[[130.2312,32.2568],[130.2312,32.2566],[130.2311,32.2567],[130.2312,32.2568]]],[[[130.24,32.2648],[130.24,32.2649],[130.2401,32.2648],[130.24,32.2648]]],[[[130.2587,32.274],[130.2587,32.2738],[130.2585,32.274],[130.2587,32.274]]],[[[130.2602,32.2784],[130.2582,32.2775],[130.2578,32.2762],[130.2603,32.2742],[130.2566,32.2754],[130.2532,32.2747],[130.2526,32.272],[130.2505,32.2724],[130.2475,32.2712],[130.2483,32.2707],[130.2477,32.2711],[130.2468,32.2695],[130.2487,32.2704],[130.2473,32.2692],[130.2485,32.2675],[130.2465,32.2678],[130.2437,32.266],[130.2418,32.2665],[130.2412,32.2652],[130.2384,32.2648],[130.2377,32.2627],[130.2351,32.2624],[130.2381,32.2596],[130.2408,32.2589],[130.2424,32.2533],[130.2391,32.2558],[130.2313,32.2569],[130.2307,32.2584],[130.232,32.2582],[130.227,32.2602],[130.2285,32.2604],[130.2301,32.2631],[130.2277,32.2623],[130.228,32.2616],[130.2278,32.2611],[130.2277,32.2623],[130.2237,32.2605],[130.2264,32.2601],[130.222,32.2599],[130.2201,32.2564],[130.2159,32.2551],[130.2161,32.252],[130.2147,32.2501],[130.2134,32.2524],[130.2142,32.2536],[130.2095,32.2549],[130.211,32.2579],[130.2132,32.2589],[130.212,32.2605],[130.2142,32.2634],[130.2137,32.2659],[130.2145,32.2689],[130.2135,32.2714],[130.2147,32.2715],[130.215,32.273],[130.2127,32.2741],[130.2125,32.2756],[130.2135,32.2775],[130.2144,32.2759],[130.2153,32.2768],[130.2149,32.2761],[130.2164,32.2755],[130.2179,32.2775],[130.2163,32.2786],[130.2138,32.2779],[130.2164,32.2806],[130.2137,32.28],[130.2146,32.2839],[130.216,32.2839],[130.2186,32.2876],[130.2201,32.2877],[130.2189,32.2888],[130.2206,32.2905],[130.2201,32.2918],[130.2229,32.2916],[130.2231,32.292],[130.2219,32.2927],[130.222,32.2929],[130.2217,32.2932],[130.2217,32.2935],[130.224,32.2931],[130.2255,32.2902],[130.2294,32.2886],[130.2311,32.2906],[130.2289,32.2919],[130.2298,32.2924],[130.233,32.2911],[130.2339,32.2922],[130.2342,32.2906],[130.2351,32.2908],[130.2363,32.2917],[130.2348,32.2934],[130.234,32.2925],[130.235,32.2938],[130.2334,32.2956],[130.2341,32.2961],[130.2313,32.2961],[130.2305,32.298],[130.2289,32.2976],[130.2292,32.2986],[130.2321,32.2974],[130.2334,32.3009],[130.235,32.2995],[130.2385,32.3002],[130.2382,32.301],[130.2402,32.3008],[130.2407,32.3018],[130.2434,32.3005],[130.2457,32.302],[130.2476,32.3006],[130.2478,32.3019],[130.247,32.3019],[130.2497,32.3043],[130.2545,32.3049],[130.2529,32.3061],[130.254,32.3063],[130.2539,32.3073],[130.256,32.3064],[130.2575,32.3081],[130.257,32.3059],[130.2536,32.3029],[130.2541,32.3008],[130.2558,32.301],[130.2573,32.2994],[130.2675,32.2958],[130.2651,32.2923],[130.2691,32.2828],[130.2689,32.2799],[130.2625,32.2801],[130.2599,32.2813],[130.2599,32.2803],[130.2597,32.2801],[130.2588,32.2809],[130.2579,32.2798],[130.2588,32.2791],[130.2596,32.2798],[130.2602,32.2784]]],[[[130.2598,32.2795],[130.2602,32.28],[130.2598,32.2795],[130.2598,32.2795]]],[[[130.2184,32.2923],[130.2188,32.2918],[130.2183,32.2922],[130.2184,32.2923]]],[[[130.2273,32.293],[130.227,32.293],[130.2272,32.2932],[130.2273,32.293]]],[[[130.2279,32.2931],[130.2278,32.2932],[130.228,32.2932],[130.2279,32.2931]]],[[[130.224,32.2937],[130.2238,32.2938],[130.224,32.2939],[130.224,32.2937]]],[[[130.2285,32.2948],[130.2285,32.294],[130.2283,32.2948],[130.2285,32.2948]]],[[[130.2668,32.2948],[130.2669,32.2948],[130.2669,32.2946],[130.2668,32.2948]]],[[[130.2677,32.2956],[130.2676,32.2957],[130.2677,32.2957],[130.2677,32.2956]]],[[[130.2677,32.2958],[130.2676,32.2958],[130.2676,32.2959],[130.2677,32.2958]]],[[[130.264,32.2974],[130.2641,32.2974],[130.2641,32.2974],[130.264,32.2974]]],[[[130.2306,32.2977],[130.2305,32.2977],[130.2305,32.2978],[130.2306,32.2977]]],[[[130.2636,32.2978],[130.2636,32.2978],[130.2635,32.2978],[130.2636,32.2978]]],[[[130.2626,32.298],[130.2626,32.298],[130.2626,32.2979],[130.2626,32.298]]],[[[130.2338,32.301],[130.2337,32.3012],[130.2339,32.3011],[130.2338,32.301]]],[[[130.2353,32.3034],[130.2333,32.302],[130.2332,32.3039],[130.2355,32.3041],[130.2353,32.3034]]],[[[130.231,32.3032],[130.2317,32.3034],[130.2321,32.3027],[130.231,32.3032]]],[[[130.2543,32.3033],[130.2544,32.3034],[130.2544,32.3032],[130.2543,32.3033]]],[[[130.2551,32.304],[130.2552,32.304],[130.2551,32.3039],[130.2551,32.304]]],[[[130.2562,32.3047],[130.2563,32.3046],[130.2562,32.3046],[130.2562,32.3047]]],[[[130.2565,32.3048],[130.2565,32.3047],[130.2564,32.3048],[130.2565,32.3048]]],[[[130.2564,32.3049],[130.2565,32.305],[130.2564,32.3049],[130.2564,32.3049]]],[[[130.245,32.307],[130.246,32.3079],[130.2459,32.3067],[130.245,32.307]]],[[[130.2575,32.3085],[130.2576,32.3085],[130.2576,32.3084],[130.2575,32.3085]]],[[[130.2508,32.3098],[130.2508,32.3096],[130.2506,32.3098],[130.2508,32.3098]]],[[[130.2504,32.3098],[130.2504,32.3099],[130.2506,32.3099],[130.2504,32.3098]]],[[[130.2493,32.3105],[130.2496,32.3106],[130.25,32.31],[130.2493,32.3105]]]]}},{"type":"Feature","properties":{"code":"46468","name":"大崎町","pref_code":"46","pref":"鹿児島県"},"geometry":{"type":"MultiPolygon","coordinates":[[[[130.9942,31.4801],[130.9942,31.478],[130.9905,31.4761],[130.9903,31.473],[130.9924,31.4728],[130.9931,31.4705],[130.9949,31.4718],[130.9931,31.4698],[130.993,31.4658],[130.991,31.465],[130.991,31.464],[130.9905,31.4647],[130.9923,31.4673],[130.9917,31.4683],[130.9888,31.4685],[130.9868,31.4672],[130.984,31.4692],[130.9868,31.4709],[130.9846,31.4774],[130.9864,31.4791],[130.9942,31.4801]]],[[[130.926,31.5517],[130.9284,31.549],[130.9296,31.5496],[130.9324,31.5481],[130.9347,31.5432],[130.9383,31.5414],[130.9386,31.5402],[130.9439,31.5408],[130.9444,31.5392],[130.9461,31.5394],[130.9484,31.5371],[130.948,31.5359],[130.9494,31.5358],[130.9497,31.5344],[130.9521,31.5345],[130.9539,31.5362],[130.9539,31.5348],[130.9568,31.5347],[130.9564,31.5328],[130.9578,31.5338],[130.9596,31.5312],[130.9619,31.5302],[130.9652,31.5313],[130.9659,31.5329],[130.9682,31.5327],[130.9681,31.5309],[130.9694,31.5307],[130.9697,31.5319],[130.97,31.5309],[130.9707,31.5328],[130.9685,31.534],[130.9677,31.5394],[130.9716,31.5403],[130.9743,31.5396],[130.9721,31.534],[130.9725,31.5314],[130.9706,31.5294],[130.9723,31.5272],[130.977,31.5249],[130.9745,31.5229],[130.9725,31.5229],[130.9718,31.5213],[130.9726,31.5196],[130.9718,31.5162],[130.9765,31.5149],[130.9756,31.5099],[130.9691,31.5108],[130.9662,31.506],[130.9623,31.5062],[130.9594,31.5036],[130.9565,31.503],[130.9571,31.5018],[130.9614,31.5008],[130.9657,31.5028],[130.9691,31.503],[130.9716,31.4971],[130.9684,31.4957],[130.9667,31.4859],[130.9631,31.4804],[130.9635,31.474],[130.9732,31.4692],[130.976,31.4643],[130.9819,31.4643],[130.9819,31.4616],[130.983,31.4602],[130.9924,31.4545],[130.9989,31.4574],[131.0007,31.4559],[131.0011,31.4534],[131.0027,31.454],[131.0027,31.4562],[131.0045,31.4584],[131.0081,31.4592],[131.0097,31.4657],[131.015,31.4708],[131.015,31.4719],[131.0203,31.4727],[131.0274,31.4656],[131.0294,31.4653],[131.0324,31.4602],[131.0417,31.4624],[131.0444,31.462],[131.0522,31.4572],[131.0497,31.4559],[131.0489,31.4572],[131.0463,31.4568],[131.0484,31.4537],[131.0525,31.4544],[131.0526,31.4569],[131.0545,31.456],[131.0538,31.4529],[131.0513,31.4531],[131.0525,31.4492],[131.0508,31.4483],[131.0517,31.4471],[131.0491,31.446],[131.0499,31.4444],[131.0545,31.4466],[131.056,31.4487],[131.0604,31.4462],[131.041,31.4265],[131.0294,31.4104],[131.0204,31.395],[131.0093,31.3967],[131.0037,31.3993],[130.9839,31.3968],[130.976,31.4046],[130.9652,31.4099],[130.9617,31.4184],[130.9596,31.4358],[130.9575,31.4365],[130.9548,31.441],[130.948,31.4557],[130.9452,31.4644],[130.9402,31.4664],[130.9285,31.4675],[130.9235,31.4691],[130.9162,31.4679],[130.9146,31.4698],[130.9154,31.4712],[130.9097,31.4741],[130.9103,31.4756],[130.9078,31.4808],[130.9035,31.4823],[130.9026,31.4842],[130.901,31.4847],[130.9003,31.4992],[130.9025,31.5023],[130.9154,31.5023],[130.9241,31.5114],[130.9194,31.5146],[130.92,31.5178],[130.9174,31.5214],[130.9193,31.5232],[130.9208,31.5302],[130.9199,31.5327],[130.9205,31.5346],[130.9168,31.5379],[130.9164,31.5429],[130.9201,31.5507],[130.9246,31.5518],[130.926,31.5535],[130.926,31.5517]],[[130.9456,31.5301],[130.9503,31.529],[130.9513,31.5293],[130.9505,31.5308],[130.946,31.5328],[130.9456,31.5301]],[[130.941,31.5279],[130.9374,31.5296],[130.9384,31.5267],[130.943,31.5228],[130.9406,31.526],[130.941,31.5279]],[[130.9592,31.5162],[130.9653,31.5149],[130.9667,31.5165],[130.9616,31.5187],[130.9592,31.5162]],[[130.9384,31.5158],[130.9368,31.5135],[130.9347,31.5138],[130.9331,31.5107],[130.93,31.5088],[130.9278,31.51],[130.9271,31.5094],[130.928,31.5078],[130.9298,31.5084],[130.9318,31.504],[130.9354,31.5044],[130.9378,31.5063],[130.9374,31.5084],[130.9391,31.5108],[130.9392,31.5147],[130.9384,31.5158]],[[130.944,31.5111],[130.9457,31.5099],[130.9444,31.5116],[130.944,31.5111]],[[130.9295,31.5108],[130.9315,31.5129],[130.9334,31.514],[130.9303,31.513],[130.9295,31.5108]],[[130.9279,31.514],[130.9264,31.5148],[130.924,31.5121],[130.9248,31.5116],[130.9279,31.514]]]]}},{"type":"Feature","properties":{"code":"46482","name":"東串良町","pref_code":"46","pref":"鹿児島県"},"geometry":{"type":"MultiPolygon","coordinates":[[[[131.025,31.3658],[131.0254,31.3632],[131.0234,31.3631],[131.0229,31.3615],[131.0232,31.3631],[131.0204,31.3644],[131.0208,31.3694],[131.0224,31.3721],[131.0219,31.3764],[131.0324,31.3777],[131.0346,31.375],[131.0354,31.3679],[131.0284,31.3673],[131.0285,31.3661],[131.025,31.3658]]],[[[130.9565,31.4379],[130.9596,31.4358],[130.9617,31.4184],[130.9652,31.4099],[130.976,31.4046],[130.9839,31.3968],[131.0037,31.3993],[131.0093,31.3967],[131.0204,31.395],[131.0173,31.3833],[131.0175,31.3817],[131.0193,31.3816],[131.0192,31.381],[131.0167,31.3816],[131.0161,31.3803],[131.0174,31.3737],[131.0153,31.3693],[131.016,31.3651],[131.0178,31.3648],[131.018,31.3636],[131.0156,31.364],[131.0147,31.3608],[131.0173,31.3616],[131.0194,31.3637],[131.0164,31.3589],[131.0132,31.3587],[131.0104,31.3613],[131.0082,31.3595],[130.9983,31.3565],[130.9866,31.3574],[130.985,31.3554],[130.9859,31.3526],[130.9802,31.3501],[130.9769,31.3518],[130.9789,31.3584],[130.9756,31.3605],[130.9746,31.3575],[130.9752,31.3538],[130.9728,31.3532],[130.9711,31.3541],[130.9701,31.3602],[130.9757,31.3634],[130.977,31.3669],[130.9752,31.3667],[130.975,31.3645],[130.9729,31.363],[130.9713,31.3667],[130.9687,31.3683],[130.9677,31.371],[130.9652,31.3733],[130.965,31.3747],[130.9699,31.3764],[130.9721,31.3803],[130.9694,31.3791],[130.9656,31.3808],[130.9636,31.3794],[130.9618,31.3807],[130.9607,31.388],[130.9624,31.3955],[130.9592,31.3991],[130.9585,31.4023],[130.9598,31.4081],[130.9552,31.4109],[130.9526,31.4181],[130.9527,31.4202],[130.9556,31.4256],[130.9545,31.4298],[130.955,31.433],[130.9537,31.4351],[130.9565,31.4379]]]]}},{"type":"Feature","properties":{"code":"46490","name":"錦江町","pref_code":"46","pref":"鹿児島県"},"geometry":{"type":"MultiPolygon","coordinates":[[[[130.8613,31.2991],[130.8652,31.295],[130.8673,31.2943],[130.8682,31.2902],[130.8631,31.282],[130.8637,31.2779],[130.8597,31.2741],[130.8608,31.2721],[130.8675,31.2691],[130.8702,31.2709],[130.8731,31.2693],[130.8743,31.2697],[130.8774,31.2659],[130.8771,31.2647],[130.8789,31.2616],[130.8831,31.2582],[130.8878,31.2506],[130.8898,31.2491],[130.8994,31.252],[130.9029,31.2472],[130.9044,31.2417],[130.9121,31.2385],[130.9165,31.2309],[130.9192,31.2307],[130.9204,31.2293],[130.9247,31.2293],[130.9262,31.2278],[130.9255,31.2246],[130.9274,31.2209],[130.9227,31.2149],[130.9194,31.2133],[130.9157,31.2084],[130.9129,31.2069],[130.9106,31.2039],[130.9106,31.1998],[130.9156,31.1947],[130.9185,31.1964],[130.9223,31.1956],[130.9233,31.1968],[130.9254,31.1964],[130.9262,31.1947],[130.9317,31.1955],[130.933,31.1934],[130.9386,31.1919],[130.9384,31.1887],[130.9416,31.1883],[130.9449,31.1857],[130.942,31.1838],[130.9376,31.1772],[130.9316,31.1754],[130.9305,31.1726],[130.9284,31.1718],[130.9285,31.1701],[130.9196,31.1646],[130.9171,31.1648],[130.9167,31.1614],[130.9074,31.1558],[130.9073,31.1537],[130.9101,31.1493],[130.8974,31.1433],[130.8968,31.1415],[130.8931,31.1408],[130.8928,31.1395],[130.8939,31.1386],[130.8905,31.1351],[130.8871,31.1342],[130.8869,31.1321],[130.8853,31.1309],[130.8749,31.1288],[130.8727,31.1277],[130.8714,31.1253],[130.8685,31.1253],[130.8633,31.1217],[130.8594,31.123],[130.8564,31.1261],[130.8438,31.1264],[130.8428,31.1286],[130.8389,31.1289],[130.8344,31.1327],[130.8319,31.1372],[130.8337,31.138],[130.8345,31.1413],[130.8373,31.1439],[130.8419,31.1468],[130.8434,31.146],[130.8459,31.1477],[130.8456,31.1557],[130.8447,31.1565],[130.8398,31.1538],[130.8357,31.1545],[130.8378,31.1564],[130.8431,31.1584],[130.8386,31.16],[130.8352,31.1591],[130.8358,31.1621],[130.8331,31.1649],[130.8318,31.1681],[130.8333,31.1718],[130.8282,31.1751],[130.8208,31.1871],[130.8155,31.1867],[130.8146,31.1888],[130.8154,31.1908],[130.8126,31.1958],[130.8074,31.1976],[130.8086,31.2001],[130.808,31.2064],[130.8139,31.2049],[130.816,31.2027],[130.8179,31.2036],[130.8225,31.2032],[130.8227,31.2015],[130.8253,31.1998],[130.8256,31.2013],[130.8239,31.2036],[130.8291,31.2087],[130.8314,31.2126],[130.8397,31.2099],[130.8428,31.2131],[130.847,31.2135],[130.847,31.2145],[130.8496,31.2153],[130.848,31.218],[130.8486,31.2239],[130.846,31.2254],[130.8419,31.234],[130.841,31.2335],[130.839,31.2349],[130.8395,31.2381],[130.838,31.2384],[130.8379,31.2405],[130.8338,31.2409],[130.8335,31.242],[130.8319,31.2419],[130.8305,31.2438],[130.829,31.2439],[130.8248,31.2415],[130.8213,31.2371],[130.8212,31.2333],[130.8193,31.2281],[130.8196,31.2248],[130.8182,31.2234],[130.8143,31.223],[130.8133,31.2249],[130.8106,31.2262],[130.8099,31.231],[130.8034,31.2353],[130.7978,31.233],[130.7974,31.2313],[130.7942,31.2314],[130.7932,31.2289],[130.7896,31.2327],[130.7875,31.2296],[130.78,31.2296],[130.7747,31.2245],[130.7686,31.2249],[130.7677,31.2253],[130.7684,31.2259],[130.7685,31.2261],[130.7684,31.226],[130.7687,31.2264],[130.7687,31.2264],[130.7686,31.2261],[130.7686,31.2262],[130.7688,31.2265],[130.7689,31.2272],[130.7688,31.2278],[130.7687,31.2279],[130.7686,31.2282],[130.7686,31.2282],[130.7686,31.2283],[130.7682,31.2284],[130.7686,31.2301],[130.7724,31.2354],[130.7729,31.2387],[130.782,31.2442],[130.7818,31.245],[130.7833,31.2468],[130.7837,31.2471],[130.7819,31.2449],[130.7839,31.2456],[130.7834,31.2462],[130.7844,31.2455],[130.7839,31.2465],[130.7845,31.2458],[130.7861,31.2473],[130.7863,31.2472],[130.7866,31.2474],[130.7881,31.2487],[130.79,31.2519],[130.7886,31.2526],[130.7898,31.2524],[130.7903,31.2539],[130.7886,31.2554],[130.7877,31.2529],[130.7885,31.2554],[130.7874,31.2593],[130.7901,31.2681],[130.789,31.2683],[130.7902,31.2682],[130.7912,31.2697],[130.7904,31.2728],[130.793,31.2778],[130.7917,31.2789],[130.7923,31.283],[130.7952,31.2863],[130.7943,31.2879],[130.7957,31.2936],[130.793,31.2957],[130.7976,31.2994],[130.8045,31.2995],[130.8065,31.3061],[130.8095,31.3097],[130.8119,31.3102],[130.8193,31.3077],[130.8239,31.3073],[130.8266,31.309],[130.8348,31.3084],[130.8404,31.3058],[130.8454,31.3007],[130.8613,31.2991]]],[[[130.7688,31.2271],[130.7688,31.2266],[130.7687,31.2266],[130.7688,31.2271]]],[[[130.7687,31.2277],[130.7688,31.2277],[130.7688,31.2273],[130.7687,31.2277]]],[[[130.7687,31.2278],[130.7686,31.2282],[130.7686,31.2282],[130.7687,31.2278]]],[[[130.7681,31.2304],[130.7679,31.2304],[130.7679,31.2307],[130.7681,31.2304]]],[[[130.7864,31.2473],[130.7863,31.2473],[130.7862,31.2474],[130.7864,31.2473]]],[[[130.7864,31.2524],[130.7868,31.2511],[130.7866,31.2508],[130.7864,31.2524]]]]}},{"type":"Feature","properties":{"code":"46491","name":"南大隅町","pref_code":"46","pref":"鹿児島県"},"geometry":{"type":"MultiPolygon","coordinates":[[[[130.6588,30.9908],[130.6587,30.9911],[130.6589,30.9911],[130.6588,30.9908]]],[[[130.6617,30.9915],[130.6615,30.9908],[130.6613,30.9912],[130.6617,30.9915]]],[[[130.6604,30.9912],[130.6606,30.9911],[130.6604,30.9911],[130.6604,30.9912]]],[[[130.6603,30.9915],[130.6605,30.9915],[130.6603,30.9915],[130.6603,30.9915]]],[[[130.6609,30.9916],[130.6612,30.9917],[130.661,30.9915],[130.6609,30.9916]]],[[[130.6578,30.992],[130.6579,30.9922],[130.658,30.9921],[130.6578,30.992]]],[[[130.6605,30.9933],[130.6601,30.9925],[130.6606,30.9918],[130.6584,30.9918],[130.6605,30.9933]]],[[[130.6604,30.9924],[130.6605,30.9925],[130.6606,30.9923],[130.6604,30.9924]]],[[[130.6609,30.9924],[130.6611,30.9927],[130.6611,30.9926],[130.6609,30.9924]]],[[[130.6595,30.9943],[130.6597,30.9945],[130.6598,30.9943],[130.6595,30.9943]]],[[[130.6592,30.9944],[130.6594,30.9945],[130.6595,30.9945],[130.6592,30.9944]]],[[[130.6592,30.9948],[130.6594,30.9947],[130.6592,30.9947],[130.6592,30.9948]]],[[[130.6592,30.9956],[130.6589,30.9954],[130.6587,30.9955],[130.6592,30.9956]]],[[[130.6617,30.9965],[130.6618,30.9964],[130.6617,30.9964],[130.6617,30.9965]]],[[[130.6616,30.9967],[130.6618,30.9967],[130.6617,30.9966],[130.6616,30.9967]]],[[[130.6574,30.9968],[130.6575,30.9967],[130.6574,30.9967],[130.6574,30.9968]]],[[[130.6617,30.9972],[130.6618,30.9971],[130.6617,30.9971],[130.6617,30.9972]]],[[[130.6619,30.9973],[130.6621,30.9973],[130.662,30.9972],[130.6619,30.9973]]],[[[130.6567,30.9992],[130.6572,30.9987],[130.6565,30.9989],[130.6567,30.9992]]],[[[130.6576,31.0],[130.6577,31.0001],[130.6577,31.0],[130.6576,31.0]]],[[[130.6575,31.0005],[130.6572,31.0003],[130.6572,31.0005],[130.6575,31.0005]]],[[[130.6564,31.0008],[130.6565,31.0011],[130.6566,31.0011],[130.6564,31.0008]]],[[[130.6561,31.0013],[130.6563,31.0012],[130.6561,31.0012],[130.6561,31.0013]]],[[[130.6602,31.0083],[130.6604,31.0084],[130.6604,31.0084],[130.6602,31.0083]]],[[[130.661,31.0089],[130.6611,31.0087],[130.661,31.0087],[130.661,31.0089]]],[[[130.6604,31.0694],[130.6605,31.0693],[130.6604,31.0693],[130.6604,31.0694]]],[[[130.6568,31.0692],[130.6568,31.0695],[130.6569,31.0695],[130.6568,31.0692]]],[[[130.6535,31.0694],[130.6537,31.0696],[130.6538,31.0694],[130.6535,31.0694]]],[[[130.6532,31.0697],[130.6534,31.0697],[130.6534,31.0696],[130.6532,31.0697]]],[[[130.6602,31.0698],[130.6604,31.0698],[130.6603,31.0697],[130.6602,31.0698]]],[[[130.6566,31.07],[130.6568,31.0699],[130.6567,31.0698],[130.6566,31.07]]],[[[130.6606,31.07],[130.6607,31.07],[130.6606,31.0699],[130.6606,31.07]]],[[[130.6584,31.0701],[130.6587,31.0705],[130.6585,31.07],[130.6584,31.0701]]],[[[130.6574,31.0703],[130.6573,31.0702],[130.6573,31.0704],[130.6574,31.0703]]],[[[130.6566,31.0701],[130.6569,31.0704],[130.6566,31.07],[130.6566,31.0701]]],[[[130.6574,31.0708],[130.657,31.0706],[130.657,31.0708],[130.6574,31.0708]]],[[[130.659,31.0707],[130.6586,31.0711],[130.659,31.071],[130.659,31.0707]]],[[[130.6576,31.0747],[130.6574,31.0747],[130.6575,31.0748],[130.6576,31.0747]]],[[[130.6554,31.0749],[130.6552,31.075],[130.6554,31.075],[130.6554,31.0749]]],[[[130.6552,31.0752],[130.6554,31.0752],[130.6553,31.0752],[130.6552,31.0752]]],[[[130.6564,31.0752],[130.6557,31.0752],[130.6564,31.0755],[130.6564,31.0752]]],[[[130.6573,31.0752],[130.6575,31.0757],[130.6577,31.0756],[130.6573,31.0752]]],[[[130.6565,31.0758],[130.6557,31.0756],[130.6565,31.0761],[130.6565,31.0758]]],[[[130.6573,31.0759],[130.6572,31.0758],[130.6572,31.0759],[130.6573,31.0759]]],[[[130.6577,31.0759],[130.658,31.0758],[130.6577,31.0758],[130.6577,31.0759]]],[[[130.6574,31.0761],[130.6573,31.0764],[130.6574,31.0764],[130.6574,31.0761]]],[[[130.6619,30.9921],[130.6621,30.992],[130.6619,30.992],[130.6619,30.9921]]],[[[130.6725,30.9952],[130.6728,30.9953],[130.6728,30.9953],[130.6725,30.9952]]],[[[130.673,30.9954],[130.6731,30.9953],[130.6729,30.9953],[130.673,30.9954]]],[[[130.662,30.9968],[130.6622,30.9968],[130.6622,30.9967],[130.662,30.9968]]],[[[130.6736,30.9982],[130.6733,30.9957],[130.6704,30.9964],[130.6707,30.9973],[130.6736,30.9982]]],[[[130.6672,30.9972],[130.6672,30.9971],[130.6672,30.9971],[130.6672,30.9972]]],[[[130.6676,30.9974],[130.6677,30.9973],[130.6675,30.9973],[130.6676,30.9974]]],[[[130.662,30.9977],[130.6621,30.9976],[130.662,30.9976],[130.662,30.9977]]],[[[130.6641,30.9977],[130.6642,30.9976],[130.6642,30.9975],[130.6641,30.9977]]],[[[130.6674,30.9975],[130.6677,30.9977],[130.6675,30.9975],[130.6674,30.9975]]],[[[130.6623,30.9978],[130.6624,30.9977],[130.6623,30.9977],[130.6623,30.9978]]],[[[130.6637,30.9979],[130.6639,30.9978],[130.6637,30.9978],[130.6637,30.9979]]],[[[130.6627,30.9979],[130.6629,30.9979],[130.6628,30.9978],[130.6627,30.9979]]],[[[130.6688,31.0079],[130.6689,31.0074],[130.6686,31.0076],[130.6688,31.0079]]],[[[130.6701,31.0235],[130.6702,31.0234],[130.6701,31.0235],[130.6701,31.0235]]],[[[130.6702,31.0237],[130.6703,31.0236],[130.6702,31.0237],[130.6702,31.0237]]],[[[130.6709,31.0266],[130.6713,31.0268],[130.671,31.0265],[130.6709,31.0266]]],[[[130.6756,31.0336],[130.6758,31.0334],[130.6757,31.0334],[130.6756,31.0336]]],[[[130.676,31.0372],[130.6762,31.0372],[130.6761,31.0371],[130.676,31.0372]]],[[[130.6765,31.0414],[130.6766,31.0417],[130.6767,31.0416],[130.6765,31.0414]]],[[[130.6745,31.0448],[130.6747,31.0447],[130.6746,31.0446],[130.6745,31.0448]]],[[[130.6742,31.045],[130.6744,31.045],[130.6744,31.0449],[130.6742,31.045]]],[[[130.6746,31.045],[130.6748,31.0451],[130.6747,31.045],[130.6746,31.045]]],[[[130.6752,31.0468],[130.6753,31.047],[130.6752,31.0468],[130.6752,31.0468]]],[[[130.6755,31.0478],[130.6757,31.0477],[130.6756,31.0477],[130.6755,31.0478]]],[[[130.6765,31.0535],[130.6766,31.0535],[130.6765,31.0534],[130.6765,31.0535]]],[[[130.6731,31.0555],[130.6733,31.0556],[130.6733,31.0555],[130.6731,31.0555]]],[[[130.6751,31.0602],[130.6754,31.0603],[130.6752,31.0601],[130.6751,31.0602]]],[[[130.6746,31.0607],[130.6748,31.061],[130.6749,31.0609],[130.6746,31.0607]]],[[[130.6757,31.0627],[130.6758,31.0626],[130.6757,31.0626],[130.6757,31.0627]]],[[[130.676,31.0627],[130.6762,31.063],[130.6763,31.063],[130.676,31.0627]]],[[[130.6765,31.063],[130.6766,31.063],[130.6765,31.0629],[130.6765,31.063]]],[[[130.673,31.0632],[130.6731,31.0631],[130.673,31.0631],[130.673,31.0632]]],[[[130.6721,31.0637],[130.6721,31.0636],[130.6721,31.0636],[130.6721,31.0637]]],[[[130.6713,31.0661],[130.6714,31.066],[130.6713,31.066],[130.6713,31.0661]]],[[[130.6715,31.0662],[130.6717,31.0663],[130.6716,31.0662],[130.6715,31.0662]]],[[[130.6688,31.067],[130.6687,31.0674],[130.669,31.0674],[130.6688,31.067]]],[[[130.6692,31.0677],[130.6693,31.0675],[130.6692,31.0675],[130.6692,31.0677]]],[[[130.668,31.0681],[130.6681,31.068],[130.668,31.068],[130.668,31.0681]]],[[[130.6678,31.0681],[130.6679,31.0681],[130.6679,31.068],[130.6678,31.0681]]],[[[130.6675,31.0682],[130.6677,31.0682],[130.6676,31.0681],[130.6675,31.0682]]],[[[130.664,31.0682],[130.6642,31.0683],[130.6641,31.0681],[130.664,31.0682]]],[[[130.6629,31.0683],[130.6629,31.0687],[130.6632,31.0687],[130.6629,31.0683]]],[[[130.6635,31.0689],[130.6637,31.069],[130.6637,31.0688],[130.6635,31.0689]]],[[[130.6638,31.0692],[130.6639,31.0692],[130.6638,31.0691],[130.6638,31.0692]]],[[[130.662,31.0696],[130.6625,31.0699],[130.6626,31.0699],[130.662,31.0696]]],[[[130.6884,31.0138],[130.6886,31.0139],[130.6884,31.0138],[130.6884,31.0138]]],[[[130.6885,31.0155],[130.6888,31.0157],[130.6886,31.0155],[130.6885,31.0155]]],[[[130.6872,31.0194],[130.6873,31.0193],[130.6872,31.0193],[130.6872,31.0194]]],[[[130.6919,31.0223],[130.6922,31.0223],[130.6921,31.0222],[130.6919,31.0223]]],[[[130.6847,31.0219],[130.6847,31.0227],[130.6848,31.0219],[130.6847,31.0219]]],[[[130.6904,31.0227],[130.6905,31.0227],[130.6905,31.0226],[130.6904,31.0227]]],[[[130.6971,31.0228],[130.6972,31.0227],[130.6971,31.0227],[130.6971,31.0228]]],[[[130.6978,31.0228],[130.6979,31.0227],[130.6978,31.0228],[130.6978,31.0228]]],[[[130.6967,31.0228],[130.6969,31.0228],[130.6966,31.0227],[130.6967,31.0228]]],[[[130.6973,31.0229],[130.6975,31.023],[130.6975,31.0228],[130.6973,31.0229]]],[[[130.6975,31.0231],[130.6976,31.0232],[130.6977,31.0231],[130.6975,31.0231]]],[[[130.7026,31.0275],[130.7029,31.0274],[130.7025,31.0274],[130.7026,31.0275]]],[[[130.7005,31.0278],[130.7007,31.0277],[130.7005,31.0276],[130.7005,31.0278]]],[[[130.7049,31.0279],[130.7051,31.0278],[130.7049,31.0279],[130.7049,31.0279]]],[[[130.7142,31.0282],[130.7144,31.0283],[130.7142,31.0282],[130.7142,31.0282]]],[[[130.7066,31.0286],[130.7065,31.0289],[130.7068,31.0289],[130.7066,31.0286]]],[[[130.7118,31.0289],[130.7119,31.0288],[130.7118,31.0288],[130.7118,31.0289]]],[[[130.7133,31.0289],[130.7134,31.0289],[130.7132,31.0289],[130.7133,31.0289]]],[[[130.7132,31.0291],[130.7133,31.0291],[130.7133,31.029],[130.7132,31.0291]]],[[[130.7139,31.0291],[130.714,31.0292],[130.7139,31.0291],[130.7139,31.0291]]],[[[130.7078,31.0308],[130.708,31.0307],[130.7078,31.0307],[130.7078,31.0308]]],[[[130.7085,31.031],[130.709,31.0308],[130.7083,31.031],[130.7085,31.031]]],[[[130.7104,31.031],[130.7105,31.0309],[130.7104,31.0308],[130.7104,31.031]]],[[[130.7095,31.031],[130.7097,31.0309],[130.7096,31.0309],[130.7095,31.031]]],[[[130.7168,31.0367],[130.717,31.0369],[130.7169,31.0367],[130.7168,31.0367]]],[[[130.7166,31.0369],[130.7167,31.0368],[130.7166,31.0368],[130.7166,31.0369]]],[[[130.6769,31.0397],[130.6769,31.0395],[130.6768,31.0395],[130.6769,31.0397]]],[[[130.7169,31.0399],[130.7171,31.0398],[130.717,31.0398],[130.7169,31.0399]]],[[[130.6766,31.042],[130.6769,31.042],[130.6769,31.042],[130.6766,31.042]]],[[[130.7168,31.0423],[130.7168,31.0422],[130.7167,31.0422],[130.7168,31.0423]]],[[[130.717,31.0425],[130.7171,31.0424],[130.717,31.0424],[130.717,31.0425]]],[[[130.6767,31.0537],[130.6768,31.0537],[130.6767,31.0536],[130.6767,31.0537]]],[[[130.7027,31.1038],[130.7027,31.1036],[130.7026,31.1036],[130.7027,31.1038]]],[[[130.7032,31.1044],[130.7032,31.1043],[130.7031,31.1043],[130.7032,31.1044]]],[[[130.7027,31.1045],[130.7028,31.1046],[130.7028,31.1045],[130.7027,31.1045]]],[[[130.703,31.1046],[130.703,31.1045],[130.7029,31.1046],[130.703,31.1046]]],[[[130.7033,31.1046],[130.7032,31.1047],[130.7034,31.1047],[130.7033,31.1046]]],[[[130.7088,31.1097],[130.7088,31.1097],[130.7088,31.1097],[130.7088,31.1097]]],[[[130.709,31.11],[130.709,31.1099],[130.7089,31.1099],[130.709,31.11]]],[[[130.7092,31.1102],[130.7093,31.1103],[130.7093,31.1103],[130.7092,31.1102]]],[[[130.7096,31.1105],[130.7097,31.1105],[130.7097,31.1104],[130.7096,31.1105]]],[[[130.7136,31.1146],[130.7136,31.1146],[130.7135,31.1146],[130.7136,31.1146]]],[[[130.7135,31.1148],[130.7134,31.1149],[130.7135,31.1149],[130.7135,31.1148]]],[[[130.7138,31.1149],[130.7138,31.1148],[130.7137,31.1149],[130.7138,31.1149]]],[[[130.7141,31.1151],[130.7142,31.1151],[130.7141,31.115],[130.7141,31.1151]]],[[[130.7165,31.1155],[130.7162,31.1156],[130.7166,31.1156],[130.7165,31.1155]]],[[[130.7174,31.0276],[130.7175,31.0275],[130.7174,31.0274],[130.7174,31.0276]]],[[[130.7176,31.028],[130.7176,31.0279],[130.7175,31.0279],[130.7176,31.028]]],[[[130.7185,31.03],[130.7186,31.0303],[130.7186,31.0301],[130.7185,31.03]]],[[[130.7179,31.0307],[130.718,31.0302],[130.7177,31.0302],[130.7179,31.0307]]],[[[130.7174,31.0311],[130.7175,31.031],[130.7174,31.031],[130.7174,31.0311]]],[[[130.7176,31.0313],[130.7176,31.0312],[130.7176,31.0312],[130.7176,31.0313]]],[[[130.7175,31.0315],[130.7176,31.0314],[130.7175,31.0314],[130.7175,31.0315]]],[[[130.7191,31.0318],[130.7188,31.0327],[130.719,31.0327],[130.7191,31.0318]]],[[[130.7197,31.0329],[130.7194,31.0325],[130.7194,31.0321],[130.7193,31.0328],[130.7197,31.0329]]],[[[130.72,31.033],[130.7201,31.0329],[130.7199,31.0329],[130.72,31.033]]],[[[130.7194,31.0332],[130.7192,31.033],[130.7193,31.0332],[130.7194,31.0332]]],[[[130.7189,31.0331],[130.7191,31.0333],[130.7191,31.0331],[130.7189,31.0331]]],[[[130.7192,31.0336],[130.7194,31.0338],[130.7195,31.0337],[130.7192,31.0336]]],[[[130.7187,31.034],[130.719,31.0341],[130.719,31.0338],[130.7187,31.034]]],[[[130.7194,31.034],[130.7193,31.0342],[130.7195,31.0341],[130.7194,31.034]]],[[[130.7188,31.0344],[130.719,31.0345],[130.7191,31.0344],[130.7188,31.0344]]],[[[130.7194,31.0349],[130.7193,31.0365],[130.7194,31.0365],[130.7194,31.0349]]],[[[130.7201,31.0364],[130.7202,31.0362],[130.7201,31.0362],[130.7201,31.0364]]],[[[130.7206,31.0366],[130.7207,31.0365],[130.7206,31.0366],[130.7206,31.0366]]],[[[130.72,31.0366],[130.7202,31.0366],[130.7201,31.0365],[130.72,31.0366]]],[[[130.7209,31.0368],[130.7211,31.0369],[130.721,31.0367],[130.7209,31.0368]]],[[[130.7204,31.0369],[130.7206,31.0368],[130.7205,31.0368],[130.7204,31.0369]]],[[[130.7197,31.0371],[130.7199,31.037],[130.7198,31.037],[130.7197,31.0371]]],[[[130.7208,31.0373],[130.721,31.0373],[130.7209,31.0372],[130.7208,31.0373]]],[[[130.7198,31.0374],[130.72,31.0373],[130.7198,31.0373],[130.7198,31.0374]]],[[[130.7193,31.038],[130.7187,31.0372],[130.7191,31.0385],[130.7193,31.038]]],[[[130.7199,31.0384],[130.7196,31.0374],[130.7195,31.0384],[130.7199,31.0384]]],[[[130.7178,31.0433],[130.7181,31.0437],[130.7181,31.0436],[130.7178,31.0433]]],[[[130.7194,31.0447],[130.7195,31.0448],[130.7196,31.0447],[130.7194,31.0447]]],[[[130.719,31.0448],[130.7191,31.0451],[130.7193,31.0448],[130.719,31.0448]]],[[[130.7268,31.0456],[130.7263,31.0453],[130.7262,31.0456],[130.7268,31.0456]]],[[[130.7274,31.0465],[130.7276,31.0464],[130.7275,31.0464],[130.7274,31.0465]]],[[[130.7298,31.0465],[130.73,31.0468],[130.7301,31.0465],[130.7298,31.0465]]],[[[130.7292,31.0469],[130.7295,31.0469],[130.7291,31.0468],[130.7292,31.0469]]],[[[130.7297,31.047],[130.7297,31.0469],[130.7296,31.0468],[130.7297,31.047]]],[[[130.7302,31.047],[130.7303,31.047],[130.7302,31.047],[130.7302,31.047]]],[[[130.73,31.0472],[130.7301,31.047],[130.7299,31.047],[130.73,31.0472]]],[[[130.7304,31.0471],[130.7304,31.0474],[130.7306,31.0472],[130.7304,31.0471]]],[[[130.7315,31.0479],[130.7316,31.0478],[130.7315,31.0478],[130.7315,31.0479]]],[[[130.7321,31.0482],[130.7323,31.0483],[130.7324,31.0482],[130.7321,31.0482]]],[[[130.7361,31.0499],[130.7361,31.0504],[130.7364,31.0502],[130.7361,31.0499]]],[[[130.7421,31.0517],[130.7425,31.0518],[130.7421,31.0517],[130.7421,31.0517]]],[[[130.7442,31.0529],[130.7444,31.053],[130.7443,31.0528],[130.7442,31.0529]]],[[[130.7184,31.1153],[130.7184,31.1152],[130.7183,31.1152],[130.7184,31.1153]]],[[[130.7186,31.1153],[130.7187,31.1152],[130.7186,31.1152],[130.7186,31.1153]]],[[[130.7481,31.1406],[130.7481,31.1405],[130.748,31.1406],[130.7481,31.1406]]],[[[130.7488,31.141],[130.7487,31.141],[130.7488,31.141],[130.7488,31.141]]],[[[130.7489,31.1412],[130.7489,31.1412],[130.7489,31.1412],[130.7489,31.1412]]],[[[130.749,31.1418],[130.7489,31.1418],[130.7489,31.1418],[130.749,31.1418]]],[[[130.7491,31.1422],[130.749,31.1422],[130.749,31.1422],[130.7491,31.1422]]],[[[130.7491,31.1424],[130.7491,31.1424],[130.7491,31.1424],[130.7491,31.1424]]],[[[130.7499,31.1437],[130.7499,31.1436],[130.7498,31.1437],[130.7499,31.1437]]],[[[130.75,31.1438],[130.7499,31.1439],[130.75,31.1438],[130.75,31.1438]]],[[[130.75,31.1441],[130.75,31.1441],[130.75,31.1441],[130.75,31.1441]]],[[[130.7499,31.1442],[130.75,31.1443],[130.75,31.1443],[130.7499,31.1442]]],[[[130.7503,31.1447],[130.7502,31.1447],[130.7503,31.1447],[130.7503,31.1447]]],[[[130.7504,31.1448],[130.7503,31.1449],[130.7504,31.1449],[130.7504,31.1448]]],[[[130.7511,31.1464],[130.7511,31.1463],[130.7511,31.1462],[130.7511,31.1464]]],[[[130.7512,31.1466],[130.7511,31.1465],[130.7511,31.1465],[130.7512,31.1466]]],[[[130.7513,31.1469],[130.7513,31.1468],[130.7513,31.1469],[130.7513,31.1469]]],[[[130.7517,31.1474],[130.7516,31.1474],[130.7517,31.1474],[130.7517,31.1474]]],[[[130.7517,31.1476],[130.7517,31.1476],[130.7517,31.1476],[130.7517,31.1476]]],[[[130.7518,31.149],[130.7518,31.149],[130.7517,31.149],[130.7518,31.149]]],[[[130.7519,31.1498],[130.7521,31.1498],[130.752,31.1497],[130.7519,31.1498]]],[[[130.7524,31.1499],[130.7524,31.1499],[130.7524,31.1499],[130.7524,31.1499]]],[[[130.7531,31.1507],[130.7531,31.1507],[130.7531,31.1506],[130.7531,31.1507]]],[[[130.7535,31.1517],[130.7534,31.1517],[130.7534,31.1517],[130.7535,31.1517]]],[[[130.7533,31.1519],[130.7533,31.1519],[130.7532,31.1519],[130.7533,31.1519]]],[[[130.7535,31.1536],[130.7535,31.1535],[130.7535,31.1536],[130.7535,31.1536]]],[[[130.7537,31.1539],[130.7538,31.1538],[130.7537,31.1538],[130.7537,31.1539]]],[[[130.7538,31.1542],[130.7538,31.1541],[130.7538,31.1541],[130.7538,31.1542]]],[[[130.7544,31.155],[130.7543,31.1549],[130.7543,31.155],[130.7544,31.155]]],[[[130.756,31.1568],[130.7559,31.1568],[130.756,31.1569],[130.756,31.1568]]],[[[130.756,31.1571],[130.7559,31.1571],[130.756,31.1571],[130.756,31.1571]]],[[[130.7562,31.1579],[130.7561,31.158],[130.7562,31.158],[130.7562,31.1579]]],[[[130.7563,31.1583],[130.7564,31.1583],[130.7563,31.1582],[130.7563,31.1583]]],[[[130.7563,31.1585],[130.7562,31.1585],[130.7562,31.1585],[130.7563,31.1585]]],[[[130.7561,31.1601],[130.7563,31.16],[130.7562,31.1599],[130.7561,31.1601]]],[[[130.7558,31.1963],[130.7559,31.1965],[130.756,31.1965],[130.7558,31.1963]]],[[[130.7532,31.2023],[130.7534,31.2023],[130.7533,31.2022],[130.7532,31.2023]]],[[[130.753,31.2026],[130.7531,31.2028],[130.7531,31.2026],[130.753,31.2026]]],[[[130.7524,31.2029],[130.7525,31.2028],[130.7524,31.2028],[130.7524,31.2029]]],[[[130.7542,31.2072],[130.7537,31.2069],[130.7535,31.2075],[130.7542,31.2072]]],[[[130.7537,31.2097],[130.7538,31.2099],[130.7538,31.2099],[130.7537,31.2097]]],[[[130.7536,31.21],[130.7534,31.2101],[130.7536,31.2101],[130.7536,31.21]]],[[[130.7538,31.2102],[130.7541,31.2104],[130.7538,31.2102],[130.7538,31.2102]]],[[[130.7547,31.2132],[130.7549,31.2134],[130.7547,31.2131],[130.7547,31.2132]]],[[[130.7562,31.2149],[130.7565,31.2147],[130.7562,31.2147],[130.7562,31.2149]]],[[[130.7565,31.2151],[130.7561,31.2149],[130.7565,31.2152],[130.7565,31.2151]]],[[[130.7573,31.2158],[130.7571,31.2157],[130.757,31.2158],[130.7573,31.2158]]],[[[130.7568,31.2179],[130.7574,31.2168],[130.7565,31.2178],[130.7568,31.2179]]],[[[130.7557,31.2185],[130.7565,31.2171],[130.7554,31.2183],[130.7557,31.2185]]],[[[130.7623,31.0563],[130.7636,31.0563],[130.7641,31.0563],[130.7636,31.056],[130.7623,31.0563]]],[[[130.762,31.0565],[130.7621,31.0563],[130.762,31.0563],[130.762,31.0565]]],[[[130.7767,31.0659],[130.7765,31.0661],[130.7768,31.066],[130.7767,31.0659]]],[[[130.7789,31.0665],[130.7789,31.0664],[130.7788,31.0664],[130.7789,31.0665]]],[[[130.7807,31.0676],[130.7808,31.0675],[130.7807,31.0675],[130.7807,31.0676]]],[[[130.7815,31.0682],[130.7816,31.0681],[130.7815,31.0681],[130.7815,31.0682]]],[[[130.7849,31.0712],[130.7847,31.0716],[130.7851,31.0714],[130.7849,31.0712]]],[[[130.7927,31.0754],[130.7929,31.0753],[130.7928,31.0752],[130.7927,31.0754]]],[[[130.7932,31.0756],[130.7933,31.0755],[130.7931,31.0755],[130.7932,31.0756]]],[[[130.7932,31.0766],[130.7934,31.0766],[130.7933,31.0765],[130.7932,31.0766]]],[[[130.7934,31.0787],[130.7929,31.0786],[130.7928,31.0786],[130.7934,31.0787]]],[[[130.7928,31.0792],[130.793,31.079],[130.7928,31.0791],[130.7928,31.0792]]],[[[130.7929,31.0799],[130.7932,31.08],[130.7932,31.08],[130.7929,31.0799]]],[[[130.8077,31.0808],[130.8076,31.0806],[130.8076,31.0807],[130.8077,31.0808]]],[[[130.808,31.084],[130.8076,31.0839],[130.8076,31.0841],[130.808,31.084]]],[[[130.8269,31.0886],[130.8269,31.0882],[130.8265,31.0885],[130.8269,31.0886]]],[[[130.8247,31.0885],[130.8248,31.0884],[130.8247,31.0884],[130.8247,31.0885]]],[[[130.8183,31.0884],[130.818,31.0887],[130.8184,31.0887],[130.8183,31.0884]]],[[[130.8206,31.0887],[130.8205,31.0885],[130.8205,31.0887],[130.8206,31.0887]]],[[[130.8276,31.089],[130.8278,31.089],[130.8277,31.0889],[130.8276,31.089]]],[[[130.8285,31.0895],[130.8284,31.0894],[130.8282,31.0895],[130.8285,31.0895]]],[[[130.8447,31.0897],[130.8447,31.0897],[130.8446,31.0897],[130.8447,31.0897]]],[[[130.8398,31.0911],[130.8399,31.091],[130.8399,31.091],[130.8398,31.0911]]],[[[130.838,31.0913],[130.8382,31.0912],[130.8383,31.0912],[130.838,31.0913]]],[[[130.8379,31.0913],[130.8378,31.0913],[130.8378,31.0913],[130.8379,31.0913]]],[[[130.8366,31.0915],[130.8368,31.0915],[130.8367,31.0914],[130.8366,31.0915]]],[[[130.8393,31.0916],[130.8393,31.0915],[130.8393,31.0915],[130.8393,31.0916]]],[[[130.8536,31.0917],[130.8537,31.0918],[130.8538,31.0917],[130.8536,31.0917]]],[[[130.8595,31.0933],[130.8595,31.0933],[130.8594,31.0933],[130.8595,31.0933]]],[[[130.8591,31.0935],[130.8591,31.0935],[130.8591,31.0935],[130.8591,31.0935]]],[[[130.8646,31.0942],[130.8646,31.0943],[130.8647,31.0943],[130.8646,31.0942]]],[[[130.8648,31.0942],[130.865,31.0944],[130.8651,31.0942],[130.8648,31.0942]]],[[[130.8661,31.0949],[130.866,31.0948],[130.866,31.0949],[130.8661,31.0949]]],[[[130.8665,31.0952],[130.8665,31.0951],[130.8665,31.0951],[130.8665,31.0952]]],[[[130.8297,31.2434],[130.8335,31.242],[130.8338,31.2409],[130.8379,31.2405],[130.838,31.2384],[130.8395,31.2381],[130.839,31.2349],[130.841,31.2335],[130.8419,31.234],[130.846,31.2254],[130.8486,31.2239],[130.848,31.218],[130.8496,31.2153],[130.847,31.2145],[130.847,31.2135],[130.8428,31.2131],[130.8397,31.2099],[130.8314,31.2126],[130.8291,31.2087],[130.8239,31.2036],[130.8256,31.2013],[130.8253,31.1998],[130.8227,31.2015],[130.8225,31.2032],[130.8179,31.2036],[130.816,31.2027],[130.8139,31.2049],[130.808,31.2064],[130.8086,31.2001],[130.8074,31.1977],[130.8126,31.1958],[130.8154,31.1908],[130.8146,31.1888],[130.8155,31.1867],[130.8208,31.1871],[130.8282,31.1751],[130.8333,31.1718],[130.8318,31.1681],[130.8331,31.1649],[130.8358,31.1621],[130.8352,31.1591],[130.8386,31.16],[130.8431,31.1584],[130.8353,31.1549],[130.8398,31.1538],[130.8447,31.1565],[130.8456,31.1557],[130.8459,31.1477],[130.8434,31.146],[130.8419,31.1468],[130.8373,31.1439],[130.8346,31.1414],[130.8337,31.138],[130.832,31.1365],[130.8376,31.1296],[130.8427,31.1287],[130.8438,31.1264],[130.8564,31.1261],[130.8594,31.123],[130.8629,31.1217],[130.8685,31.1253],[130.8714,31.1253],[130.8727,31.1277],[130.8749,31.1288],[130.8822,31.1299],[130.8846,31.1275],[130.8841,31.1257],[130.8859,31.1252],[130.8855,31.1234],[130.8927,31.1226],[130.8973,31.1197],[130.9011,31.1132],[130.8994,31.1102],[130.8937,31.1084],[130.8837,31.1029],[130.8773,31.0988],[130.8777,31.0982],[130.8739,31.095],[130.8661,31.0953],[130.8623,31.0934],[130.8587,31.0936],[130.8556,31.0917],[130.8529,31.092],[130.8474,31.089],[130.8394,31.0916],[130.8369,31.0915],[130.8337,31.0934],[130.8305,31.0938],[130.8277,31.0919],[130.8286,31.0898],[130.8277,31.0896],[130.8273,31.0887],[130.8222,31.0885],[130.822,31.0873],[130.8201,31.0892],[130.8149,31.0881],[130.8129,31.0892],[130.8085,31.0875],[130.8067,31.0833],[130.8074,31.0803],[130.8022,31.084],[130.7978,31.0837],[130.7985,31.0816],[130.7929,31.0823],[130.7926,31.0786],[130.7946,31.0776],[130.7931,31.0769],[130.7926,31.0752],[130.793,31.0741],[130.7918,31.0732],[130.7898,31.0742],[130.7835,31.0715],[130.7824,31.0686],[130.7814,31.0685],[130.7778,31.066],[130.7736,31.0671],[130.7663,31.0654],[130.7644,31.064],[130.7642,31.0623],[130.7625,31.0622],[130.7611,31.0607],[130.7607,31.058],[130.7619,31.0575],[130.761,31.0573],[130.7619,31.0568],[130.7613,31.0554],[130.759,31.0553],[130.7585,31.0571],[130.7529,31.059],[130.7547,31.0588],[130.7549,31.0598],[130.7536,31.0592],[130.7544,31.0604],[130.7528,31.0613],[130.7454,31.0598],[130.7427,31.0555],[130.7438,31.0534],[130.7431,31.0524],[130.7366,31.051],[130.7346,31.0487],[130.7328,31.0491],[130.7289,31.047],[130.7279,31.0476],[130.7269,31.0459],[130.7244,31.046],[130.722,31.0443],[130.7194,31.0459],[130.7166,31.0451],[130.7175,31.0435],[130.7154,31.0409],[130.7168,31.0399],[130.7166,31.0371],[130.7157,31.0364],[130.7149,31.0378],[130.7131,31.0368],[130.7154,31.0356],[130.7154,31.0337],[130.7164,31.0351],[130.7188,31.0335],[130.7185,31.0316],[130.7171,31.0321],[130.7176,31.0304],[130.7159,31.0298],[130.7172,31.0281],[130.7168,31.0267],[130.7148,31.0276],[130.7143,31.0294],[130.7119,31.0291],[130.7106,31.0312],[130.7077,31.0314],[130.7063,31.0292],[130.7033,31.0275],[130.7036,31.0281],[130.7011,31.0275],[130.7013,31.0278],[130.6994,31.0282],[130.6997,31.0268],[130.6975,31.0248],[130.6976,31.0235],[130.6938,31.0222],[130.6868,31.0236],[130.6893,31.0235],[130.6903,31.0246],[130.6891,31.0254],[130.6841,31.0255],[130.6836,31.024],[130.6842,31.0238],[130.6845,31.0234],[130.6836,31.024],[130.6833,31.0216],[130.6861,31.0209],[130.6871,31.0196],[130.6868,31.0176],[130.6886,31.016],[130.6878,31.013],[130.6834,31.0075],[130.6834,31.0067],[130.6848,31.0072],[130.6831,31.0064],[130.6829,31.0039],[130.6809,31.0034],[130.681,31.0049],[130.6791,31.0054],[130.6772,31.008],[130.6753,31.0063],[130.6735,31.0073],[130.6753,31.0071],[130.6747,31.0093],[130.6687,31.0087],[130.6665,31.0047],[130.6678,31.0023],[130.6672,30.9975],[130.6626,30.9981],[130.6617,30.9975],[130.6614,30.9965],[130.6629,30.9951],[130.6601,30.9944],[130.6598,30.996],[130.6575,30.9963],[130.6589,30.9985],[130.6572,31.0014],[130.6554,31.0023],[130.6575,31.0041],[130.6568,31.0071],[130.6599,31.0073],[130.6612,31.0081],[130.6623,31.0105],[130.665,31.0117],[130.6644,31.0129],[130.6623,31.0134],[130.6645,31.0143],[130.6635,31.0153],[130.6665,31.0163],[130.6658,31.0175],[130.6678,31.0193],[130.6671,31.0208],[130.6684,31.0227],[130.6693,31.0228],[130.6722,31.0244],[130.6712,31.0262],[130.675,31.0294],[130.6748,31.0321],[130.6769,31.0341],[130.6772,31.0363],[130.676,31.0376],[130.6781,31.0391],[130.6772,31.0403],[130.6792,31.0423],[130.6782,31.0418],[130.6775,31.0435],[130.6743,31.0425],[130.676,31.0443],[130.6747,31.0445],[130.6751,31.0458],[130.6744,31.0463],[130.6751,31.0463],[130.6764,31.0478],[130.6755,31.0481],[130.6765,31.0497],[130.6755,31.0507],[130.6789,31.0533],[130.6771,31.054],[130.6757,31.0533],[130.6753,31.0567],[130.6735,31.0558],[130.6727,31.0573],[130.6749,31.0586],[130.6762,31.0578],[130.6778,31.0602],[130.6768,31.0594],[130.6755,31.0609],[130.6782,31.062],[130.6765,31.0622],[130.6773,31.0632],[130.6762,31.0637],[130.6745,31.0628],[130.674,31.0637],[130.6726,31.0635],[130.6743,31.0657],[130.6716,31.0669],[130.6697,31.0662],[130.6693,31.0685],[130.6668,31.069],[130.6651,31.0677],[130.6655,31.0691],[130.6645,31.0682],[130.6639,31.0699],[130.6618,31.0704],[130.6609,31.0697],[130.6607,31.0708],[130.6584,31.0714],[130.6565,31.071],[130.6544,31.0695],[130.6532,31.0706],[130.6579,31.0739],[130.6585,31.076],[130.6629,31.0793],[130.6679,31.0852],[130.6725,31.0872],[130.6826,31.0887],[130.6857,31.0908],[130.6864,31.0932],[130.6853,31.095],[130.6875,31.0971],[130.6917,31.0973],[130.6893,31.0966],[130.6921,31.096],[130.6946,31.0988],[130.6995,31.0998],[130.7141,31.1149],[130.7231,31.1148],[130.7281,31.1167],[130.7307,31.1166],[130.7356,31.1211],[130.737,31.1248],[130.7413,31.1303],[130.7444,31.1317],[130.7537,31.151],[130.7542,31.1546],[130.7561,31.1568],[130.7566,31.1585],[130.7565,31.1612],[130.7587,31.1645],[130.759,31.1685],[130.7668,31.1806],[130.7663,31.1843],[130.7655,31.1846],[130.7653,31.1849],[130.7663,31.1853],[130.7656,31.1873],[130.7642,31.1874],[130.7652,31.1879],[130.7623,31.193],[130.7618,31.1928],[130.7614,31.193],[130.7604,31.1936],[130.7622,31.1932],[130.7603,31.1952],[130.7588,31.195],[130.7592,31.1961],[130.7561,31.1969],[130.7564,31.198],[130.7549,31.1982],[130.7557,31.1993],[130.7536,31.2001],[130.7544,31.2018],[130.7533,31.2037],[130.7547,31.2066],[130.7537,31.208],[130.755,31.2092],[130.7542,31.2107],[130.7534,31.2106],[130.7537,31.212],[130.756,31.2133],[130.7558,31.2146],[130.7563,31.2142],[130.7586,31.2174],[130.7611,31.216],[130.7615,31.2141],[130.7634,31.2156],[130.7571,31.2187],[130.7611,31.2171],[130.762,31.2186],[130.7611,31.2192],[130.7621,31.2187],[130.762,31.22],[130.7638,31.2203],[130.7677,31.2253],[130.7747,31.2245],[130.78,31.2296],[130.7875,31.2296],[130.7896,31.2327],[130.7932,31.2289],[130.7942,31.2314],[130.7974,31.2313],[130.7978,31.233],[130.8022,31.2352],[130.8048,31.2351],[130.8099,31.231],[130.8106,31.2262],[130.8133,31.2249],[130.8143,31.223],[130.8185,31.2235],[130.8196,31.2248],[130.8193,31.2281],[130.8216,31.2379],[130.8269,31.2432],[130.8297,31.2434]]],[[[130.7606,31.1937],[130.7609,31.1938],[130.7609,31.1937],[130.7606,31.1937]]],[[[130.758,31.1962],[130.7582,31.1962],[130.7581,31.1961],[130.758,31.1962]]],[[[130.7575,31.1963],[130.757,31.1963],[130.7575,31.1963],[130.7575,31.1963]]],[[[130.7581,31.2169],[130.7581,31.217],[130.7581,31.2169],[130.7581,31.2169]]],[[[130.7582,31.217],[130.7582,31.2169],[130.7582,31.2169],[130.7582,31.217]]],[[[130.7581,31.217],[130.7582,31.2171],[130.7581,31.217],[130.7581,31.217]]],[[[130.7584,31.2174],[130.7585,31.2173],[130.7582,31.2173],[130.7584,31.2174]]]]}},{"type":"Feature","properties":{"code":"46492","name":"肝付町","pref_code":"46","pref":"鹿児島県"},"geometry":{"type":"MultiPolygon","coordinates":[[[[130.9134,31.1127],[130.9133,31.1129],[130.9135,31.1128],[130.9134,31.1127]]],[[[130.9143,31.113],[130.9141,31.1132],[130.9143,31.1132],[130.9143,31.113]]],[[[130.9288,31.1231],[130.9289,31.1228],[130.9284,31.123],[130.9288,31.1231]]],[[[130.9269,31.1233],[130.9268,31.1236],[130.9269,31.1233],[130.9269,31.1233]]],[[[130.927,31.1236],[130.9271,31.1238],[130.9271,31.1235],[130.927,31.1236]]],[[[130.9339,31.125],[130.9337,31.1252],[130.934,31.1253],[130.9339,31.125]]],[[[130.9346,31.1257],[130.9346,31.1255],[130.9345,31.1255],[130.9346,31.1257]]],[[[130.9386,31.1272],[130.9385,31.1271],[130.9384,31.1272],[130.9386,31.1272]]],[[[130.9389,31.1272],[130.9389,31.1273],[130.939,31.1273],[130.9389,31.1272]]],[[[130.9436,31.1297],[130.9436,31.13],[130.9439,31.1299],[130.9436,31.1297]]],[[[130.9442,31.1298],[130.944,31.1301],[130.9442,31.1301],[130.9442,31.1298]]],[[[130.9628,31.138],[130.9622,31.1376],[130.9618,31.1378],[130.9628,31.138]]],[[[130.9795,31.1686],[130.9796,31.1684],[130.9795,31.1685],[130.9795,31.1686]]],[[[130.9946,31.1685],[130.9943,31.1685],[130.9943,31.1686],[130.9946,31.1685]]],[[[130.9819,31.1685],[130.9818,31.1688],[130.9819,31.1688],[130.9819,31.1685]]],[[[130.9853,31.1792],[130.9853,31.1791],[130.9852,31.1792],[130.9853,31.1792]]],[[[130.9854,31.1793],[130.9856,31.1792],[130.9855,31.1792],[130.9854,31.1793]]],[[[130.9855,31.1798],[130.9855,31.1797],[130.9854,31.1797],[130.9855,31.1798]]],[[[130.9859,31.1806],[130.986,31.1807],[130.986,31.1806],[130.9859,31.1806]]],[[[130.986,31.1808],[130.9859,31.1807],[130.9859,31.1808],[130.986,31.1808]]],[[[130.9909,31.183],[130.9907,31.1829],[130.9907,31.183],[130.9909,31.183]]],[[[130.9947,31.1842],[130.9947,31.1845],[130.9949,31.1844],[130.9947,31.1842]]],[[[131.0,31.1873],[131.0002,31.1873],[131.0,31.1872],[131.0,31.1873]]],[[[131.0036,31.1914],[131.0028,31.1911],[131.0038,31.1917],[131.0036,31.1914]]],[[[131.0038,31.1922],[131.0031,31.1916],[131.0037,31.1926],[131.0038,31.1922]]],[[[131.0027,31.1935],[131.0028,31.1937],[131.0029,31.1937],[131.0027,31.1935]]],[[[131.0059,31.1972],[131.0054,31.1972],[131.0059,31.1974],[131.0059,31.1972]]],[[[131.011,31.1998],[131.0106,31.1997],[131.0105,31.1998],[131.011,31.1998]]],[[[131.011,31.2009],[131.0109,31.2],[131.0103,31.2006],[131.011,31.2009]]],[[[131.0073,31.2014],[131.0074,31.2014],[131.0073,31.2013],[131.0073,31.2014]]],[[[131.0114,31.2019],[131.0117,31.2015],[131.0111,31.2018],[131.0114,31.2019]]],[[[131.0113,31.202],[131.0113,31.2019],[131.0113,31.202],[131.0113,31.202]]],[[[131.0094,31.2068],[131.0093,31.2067],[131.0093,31.2068],[131.0094,31.2068]]],[[[131.0094,31.2071],[131.0092,31.2071],[131.0093,31.2072],[131.0094,31.2071]]],[[[131.01,31.2102],[131.0099,31.2096],[131.0095,31.21],[131.01,31.2102]]],[[[131.018,31.2278],[131.018,31.2277],[131.0179,31.2278],[131.018,31.2278]]],[[[131.0191,31.2279],[131.0193,31.2279],[131.0191,31.2279],[131.0191,31.2279]]],[[[131.0187,31.228],[131.0187,31.2279],[131.0186,31.2279],[131.0187,31.228]]],[[[131.0184,31.2279],[131.0183,31.2279],[131.0184,31.228],[131.0184,31.2279]]],[[[130.8956,31.3962],[130.9022,31.3941],[130.9024,31.3922],[130.9081,31.3901],[130.9085,31.3846],[130.9056,31.3781],[130.9077,31.3728],[130.9143,31.3674],[130.9241,31.3637],[130.9256,31.3606],[130.9265,31.3624],[130.9288,31.3617],[130.9294,31.3585],[130.9332,31.359],[130.9352,31.3578],[130.9357,31.3591],[130.9409,31.3608],[130.9437,31.3601],[130.9449,31.3612],[130.9425,31.3639],[130.9454,31.3639],[130.9462,31.3664],[130.9495,31.3626],[130.9503,31.3645],[130.9523,31.3646],[130.9517,31.361],[130.9526,31.3623],[130.9576,31.3645],[130.9593,31.3679],[130.9604,31.3638],[130.9632,31.3627],[130.9642,31.3636],[130.9615,31.3663],[130.9651,31.3663],[130.9677,31.3648],[130.969,31.3681],[130.9713,31.3667],[130.9729,31.363],[130.975,31.3645],[130.9752,31.3667],[130.9767,31.3672],[130.9757,31.3634],[130.9705,31.3607],[130.97,31.3592],[130.9706,31.355],[130.9728,31.3532],[130.9754,31.3541],[130.9746,31.3575],[130.9756,31.3605],[130.9789,31.3584],[130.9766,31.3529],[130.9787,31.3503],[130.9813,31.3502],[130.9855,31.3523],[130.985,31.3554],[130.9859,31.3571],[130.9983,31.3565],[131.0082,31.3595],[131.0104,31.3613],[131.0131,31.3587],[131.0164,31.3589],[131.0183,31.3579],[131.0182,31.3568],[131.021,31.3553],[131.0233,31.3544],[131.0356,31.3518],[131.0352,31.3525],[131.0342,31.3526],[131.0333,31.353],[131.0331,31.3535],[131.0443,31.349],[131.0479,31.3486],[131.0521,31.3453],[131.0586,31.3437],[131.0625,31.3413],[131.0672,31.3413],[131.0681,31.3404],[131.0713,31.3401],[131.0683,31.3416],[131.0694,31.3416],[131.0712,31.3405],[131.0714,31.3399],[131.0758,31.3407],[131.0768,31.3387],[131.0796,31.3384],[131.0824,31.3365],[131.0863,31.3367],[131.0984,31.3323],[131.1056,31.3335],[131.1054,31.3331],[131.1088,31.3305],[131.1066,31.3284],[131.1043,31.328],[131.1035,31.3263],[131.1038,31.3251],[131.1052,31.3228],[131.1049,31.3225],[131.1051,31.3223],[131.1045,31.3222],[131.1027,31.3193],[131.1028,31.3183],[131.1073,31.3157],[131.1044,31.3131],[131.1053,31.3115],[131.1001,31.3108],[131.0969,31.3071],[131.0911,31.3054],[131.09,31.3039],[131.0886,31.3005],[131.0879,31.3002],[131.0864,31.2972],[131.0844,31.2956],[131.0731,31.2919],[131.0739,31.2847],[131.0762,31.2798],[131.0772,31.279],[131.0784,31.28],[131.0822,31.2783],[131.0795,31.2793],[131.0782,31.278],[131.0796,31.2771],[131.0804,31.2779],[131.0798,31.2772],[131.0813,31.2763],[131.0821,31.2772],[131.0821,31.2756],[131.0836,31.275],[131.0797,31.2738],[131.0794,31.2729],[131.0769,31.2716],[131.077,31.2714],[131.0841,31.274],[131.0849,31.2755],[131.0841,31.2757],[131.0845,31.2765],[131.0832,31.2774],[131.083,31.2776],[131.0828,31.2789],[131.0833,31.2773],[131.0863,31.276],[131.0899,31.2764],[131.0912,31.2782],[131.0893,31.2779],[131.0903,31.2787],[131.0915,31.2781],[131.0915,31.2789],[131.0945,31.2792],[131.0975,31.2775],[131.1033,31.2774],[131.1053,31.276],[131.1082,31.2759],[131.1204,31.2821],[131.1214,31.2863],[131.1227,31.2871],[131.127,31.2863],[131.1305,31.284],[131.1308,31.2842],[131.1309,31.285],[131.1311,31.2841],[131.1304,31.2838],[131.1304,31.2834],[131.1322,31.2812],[131.1299,31.2794],[131.1297,31.2769],[131.1249,31.2748],[131.125,31.2736],[131.122,31.271],[131.1208,31.2716],[131.1187,31.2713],[131.1181,31.2692],[131.117,31.2694],[131.1156,31.2677],[131.1129,31.2677],[131.1111,31.2668],[131.111,31.2618],[131.1097,31.2614],[131.1096,31.2607],[131.109,31.2608],[131.1081,31.2595],[131.1059,31.2597],[131.1034,31.258],[131.1031,31.2582],[131.1002,31.2578],[131.0961,31.2551],[131.096,31.2539],[131.0947,31.2541],[131.0882,31.2499],[131.0862,31.2504],[131.0866,31.2491],[131.085,31.2484],[131.0838,31.2472],[131.0839,31.2447],[131.08,31.2447],[131.0783,31.2422],[131.0769,31.2423],[131.0762,31.24],[131.077,31.2384],[131.0751,31.2377],[131.0726,31.2337],[131.0701,31.2325],[131.0695,31.2303],[131.0679,31.23],[131.0655,31.2274],[131.0564,31.2273],[131.052,31.2262],[131.0512,31.2254],[131.052,31.2252],[131.0505,31.2254],[131.0493,31.2242],[131.0486,31.2245],[131.0497,31.225],[131.0441,31.2275],[131.043,31.2272],[131.0422,31.2284],[131.0354,31.2257],[131.029,31.2279],[131.0265,31.227],[131.0238,31.2283],[131.017,31.2282],[131.0068,31.2172],[131.0069,31.2136],[131.01,31.2106],[131.0092,31.21],[131.0096,31.2094],[131.009,31.2093],[131.0097,31.2088],[131.0084,31.208],[131.01,31.2051],[131.0045,31.199],[131.005,31.1971],[131.0023,31.1936],[131.0033,31.1928],[131.0025,31.1903],[131.0033,31.1898],[131.0022,31.1892],[131.0029,31.1887],[131.0007,31.1876],[130.9984,31.1879],[130.9966,31.1856],[130.9939,31.185],[130.9954,31.186],[130.9948,31.1862],[130.9895,31.1833],[130.9886,31.1817],[130.9861,31.1812],[130.985,31.1797],[130.9852,31.1784],[130.9875,31.1759],[130.987,31.1734],[130.9924,31.1725],[130.9953,31.1707],[130.9953,31.1691],[130.9905,31.1687],[130.9881,31.1692],[130.9886,31.1698],[130.9825,31.1685],[130.9818,31.1693],[130.9777,31.1689],[130.9726,31.1665],[130.9717,31.1602],[130.9778,31.1583],[130.9789,31.1569],[130.9797,31.1554],[130.9787,31.1509],[130.9756,31.1489],[130.9746,31.1466],[130.9733,31.1468],[130.9727,31.1449],[130.9652,31.1414],[130.9625,31.1382],[130.9608,31.1373],[130.9599,31.1382],[130.9582,31.1366],[130.9575,31.1374],[130.9544,31.1347],[130.9478,31.1329],[130.9421,31.1298],[130.9401,31.1275],[130.939,31.1277],[130.9369,31.127],[130.9355,31.1256],[130.935,31.1261],[130.9298,31.1251],[130.9284,31.1233],[130.9271,31.1242],[130.9228,31.1252],[130.9208,31.1249],[130.9191,31.1234],[130.9204,31.1212],[130.9185,31.1186],[130.9195,31.1174],[130.917,31.1159],[130.9178,31.1154],[130.917,31.1145],[130.9154,31.1144],[130.9155,31.1129],[130.9141,31.1136],[130.9108,31.1125],[130.9011,31.1132],[130.8957,31.1212],[130.8855,31.1235],[130.8859,31.1252],[130.8841,31.1257],[130.8846,31.1275],[130.8822,31.1299],[130.8867,31.1319],[130.8874,31.1344],[130.8906,31.1352],[130.8923,31.138],[130.8939,31.1386],[130.8928,31.1395],[130.8931,31.1408],[130.8968,31.1415],[130.8974,31.1433],[130.9101,31.1493],[130.9073,31.1537],[130.9074,31.1558],[130.9167,31.1614],[130.9171,31.1648],[130.9196,31.1646],[130.9285,31.1701],[130.9284,31.1718],[130.9305,31.1726],[130.9316,31.1754],[130.9376,31.1772],[130.942,31.1838],[130.9449,31.1853],[130.9416,31.1883],[130.9384,31.1887],[130.9385,31.192],[130.933,31.1934],[130.9317,31.1955],[130.9262,31.1947],[130.9254,31.1964],[130.9233,31.1968],[130.9223,31.1956],[130.9185,31.1964],[130.9156,31.1947],[130.9105,31.1998],[130.9106,31.2039],[130.9129,31.2069],[130.9157,31.2084],[130.9194,31.2133],[130.9227,31.2149],[130.9274,31.2209],[130.9255,31.2246],[130.9258,31.2274],[130.9356,31.2338],[130.9367,31.2387],[130.9384,31.2411],[130.9386,31.2458],[130.9353,31.2512],[130.9316,31.2545],[130.9329,31.2613],[130.9297,31.2666],[130.9263,31.2794],[130.925,31.2803],[130.9308,31.2872],[130.9279,31.2945],[130.9249,31.2974],[130.9252,31.3054],[130.9195,31.3117],[130.917,31.317],[130.9165,31.3223],[130.9174,31.3259],[130.9156,31.3353],[130.9167,31.3379],[130.9152,31.3419],[130.916,31.3496],[130.9145,31.3586],[130.913,31.3617],[130.9114,31.3607],[130.9062,31.3614],[130.9039,31.3644],[130.904,31.3688],[130.8974,31.3733],[130.8968,31.3752],[130.8948,31.3882],[130.8956,31.3962]]],[[[131.0475,31.2255],[131.047,31.2255],[131.0475,31.2256],[131.0475,31.2255]]],[[[131.053,31.2258],[131.0529,31.2259],[131.0531,31.2259],[131.053,31.2258]]],[[[131.054,31.226],[131.054,31.2263],[131.0541,31.226],[131.054,31.226]]],[[[131.0453,31.2264],[131.0451,31.2266],[131.0454,31.2265],[131.0453,31.2264]]],[[[131.0625,31.2268],[131.0625,31.2269],[131.0625,31.2268],[131.0625,31.2268]]],[[[131.0633,31.2267],[131.0633,31.227],[131.0634,31.2269],[131.0633,31.2267]]],[[[131.0584,31.2269],[131.0586,31.2269],[131.0586,31.2269],[131.0584,31.2269]]],[[[131.062,31.227],[131.0622,31.2269],[131.0622,31.2269],[131.062,31.227]]],[[[131.0302,31.2269],[131.0298,31.2271],[131.0302,31.2271],[131.0302,31.2269]]],[[[131.0573,31.2271],[131.0573,31.227],[131.0572,31.227],[131.0573,31.2271]]],[[[131.0647,31.2273],[131.0641,31.2268],[131.0635,31.227],[131.0647,31.2273]]],[[[131.058,31.2271],[131.058,31.227],[131.0579,31.2271],[131.058,31.2271]]],[[[131.057,31.2272],[131.057,31.2271],[131.0569,31.2271],[131.057,31.2272]]],[[[131.0575,31.2273],[131.0577,31.2272],[131.0577,31.2271],[131.0575,31.2273]]],[[[131.0202,31.2276],[131.0203,31.2275],[131.0202,31.2276],[131.0202,31.2276]]],[[[131.0658,31.2276],[131.0659,31.2275],[131.0658,31.2275],[131.0658,31.2276]]],[[[131.0203,31.2278],[131.0202,31.2277],[131.0202,31.2278],[131.0203,31.2278]]],[[[131.0289,31.2278],[131.0289,31.2277],[131.0288,31.2278],[131.0289,31.2278]]],[[[131.0244,31.2279],[131.0244,31.2278],[131.0243,31.2278],[131.0244,31.2279]]],[[[131.0215,31.2279],[131.0214,31.2278],[131.0214,31.2279],[131.0215,31.2279]]],[[[131.0204,31.2279],[131.0205,31.228],[131.0206,31.2279],[131.0204,31.2279]]],[[[131.0221,31.228],[131.0222,31.2279],[131.0221,31.2279],[131.0221,31.228]]],[[[131.0229,31.228],[131.0228,31.228],[131.0228,31.228],[131.0229,31.228]]],[[[131.0227,31.228],[131.0226,31.228],[131.0226,31.228],[131.0227,31.228]]],[[[131.0213,31.2281],[131.0212,31.228],[131.0212,31.2281],[131.0213,31.2281]]],[[[131.0673,31.2288],[131.0672,31.2287],[131.0671,31.2287],[131.0673,31.2288]]],[[[131.0708,31.2298],[131.0701,31.2292],[131.0698,31.2295],[131.0708,31.2298]]],[[[131.0748,31.2371],[131.0748,31.2369],[131.0747,31.237],[131.0748,31.2371]]],[[[131.0767,31.2381],[131.0769,31.2381],[131.0767,31.2381],[131.0767,31.2381]]],[[[131.0786,31.2423],[131.0788,31.2424],[131.0787,31.2423],[131.0786,31.2423]]],[[[131.0842,31.2448],[131.0843,31.2447],[131.0842,31.2447],[131.0842,31.2448]]],[[[131.0836,31.2795],[131.0833,31.2795],[131.0824,31.2799],[131.0836,31.2795]]],[[[131.0684,31.3412],[131.0682,31.3408],[131.0681,31.3408],[131.0684,31.3412]]],[[[131.0517,31.3461],[131.0517,31.3462],[131.0517,31.3461],[131.0517,31.3461]]],[[[131.0516,31.3461],[131.0516,31.3462],[131.0516,31.3462],[131.0516,31.3461]]],[[[131.0493,31.3479],[131.0493,31.3479],[131.0493,31.3479],[131.0493,31.3479]]],[[[131.0492,31.3483],[131.0493,31.3483],[131.0492,31.3483],[131.0492,31.3483]]],[[[131.0318,31.3536],[131.0317,31.3537],[131.0325,31.354],[131.0318,31.3536]]],[[[131.0194,31.3561],[131.0194,31.3563],[131.0195,31.3562],[131.0194,31.3561]]],[[[131.0358,31.364],[131.0254,31.3632],[131.025,31.3658],[131.0285,31.3661],[131.0284,31.3673],[131.0354,31.3679],[131.0358,31.364]]],[[[131.0845,31.2449],[131.0847,31.2449],[131.0845,31.2448],[131.0845,31.2449]]],[[[131.0852,31.2477],[131.0848,31.248],[131.0855,31.2482],[131.0852,31.2477]]],[[[131.0918,31.2516],[131.0911,31.2511],[131.0909,31.2511],[131.0918,31.2516]]],[[[131.0924,31.2517],[131.0922,31.2518],[131.0925,31.2519],[131.0924,31.2517]]],[[[131.0927,31.252],[131.0927,31.2519],[131.0926,31.2519],[131.0927,31.252]]],[[[131.0935,31.2526],[131.0938,31.2526],[131.0935,31.2525],[131.0935,31.2526]]],[[[131.0946,31.2531],[131.0945,31.2532],[131.0947,31.2532],[131.0946,31.2531]]],[[[131.0967,31.2551],[131.0967,31.255],[131.0966,31.255],[131.0967,31.2551]]],[[[131.0996,31.2572],[131.0996,31.2571],[131.0996,31.2571],[131.0996,31.2572]]],[[[131.1,31.2575],[131.1001,31.2575],[131.1,31.2575],[131.1,31.2575]]],[[[131.1024,31.2578],[131.1024,31.2578],[131.1023,31.2578],[131.1024,31.2578]]],[[[131.1042,31.258],[131.1043,31.2578],[131.1041,31.2579],[131.1042,31.258]]],[[[131.1028,31.2579],[131.1028,31.258],[131.1028,31.2579],[131.1028,31.2579]]],[[[131.104,31.2582],[131.1043,31.2583],[131.1039,31.2581],[131.104,31.2582]]],[[[131.1056,31.2588],[131.1047,31.2581],[131.1044,31.2581],[131.1056,31.2588]]],[[[131.106,31.259],[131.1059,31.259],[131.1059,31.2591],[131.106,31.259]]],[[[131.106,31.2594],[131.1058,31.2593],[131.106,31.2594],[131.106,31.2594]]],[[[131.1063,31.2594],[131.1062,31.2595],[131.1063,31.2595],[131.1063,31.2594]]],[[[131.1041,31.2773],[131.1041,31.2772],[131.104,31.2772],[131.1041,31.2773]]],[[[131.1035,31.2775],[131.1036,31.2775],[131.1035,31.2774],[131.1035,31.2775]]],[[[131.0852,31.2961],[131.0853,31.2961],[131.0852,31.2961],[131.0852,31.2961]]],[[[131.0877,31.2992],[131.0876,31.2993],[131.0877,31.2993],[131.0877,31.2992]]],[[[131.0878,31.2996],[131.0878,31.2996],[131.0878,31.2996],[131.0878,31.2996]]],[[[131.088,31.2999],[131.0879,31.2998],[131.0879,31.2999],[131.088,31.2999]]],[[[131.0881,31.3001],[131.0881,31.3001],[131.0881,31.3001],[131.0881,31.3001]]],[[[131.089,31.301],[131.0889,31.301],[131.0889,31.301],[131.089,31.301]]],[[[131.089,31.3013],[131.089,31.3013],[131.089,31.3013],[131.089,31.3013]]],[[[131.1031,31.3195],[131.1031,31.3196],[131.1031,31.3195],[131.1031,31.3195]]],[[[131.1036,31.3204],[131.1035,31.3203],[131.1035,31.3203],[131.1036,31.3204]]],[[[131.1043,31.3213],[131.1043,31.3212],[131.1043,31.3213],[131.1043,31.3213]]],[[[131.1045,31.3216],[131.1045,31.3216],[131.1045,31.3217],[131.1045,31.3216]]],[[[131.1046,31.3217],[131.1046,31.3218],[131.1046,31.3218],[131.1046,31.3217]]],[[[131.1051,31.3227],[131.1051,31.3226],[131.1051,31.3227],[131.1051,31.3227]]],[[[131.1053,31.3234],[131.1053,31.3233],[131.1053,31.3233],[131.1053,31.3234]]],[[[131.1043,31.3248],[131.1043,31.3248],[131.1043,31.3248],[131.1043,31.3248]]],[[[131.1043,31.3268],[131.1044,31.3267],[131.1043,31.3267],[131.1043,31.3268]]],[[[131.1071,31.3284],[131.1069,31.3278],[131.1066,31.328],[131.1071,31.3284]]],[[[131.1071,31.3287],[131.107,31.3285],[131.107,31.3285],[131.1071,31.3287]]],[[[131.1061,31.3332],[131.1058,31.3331],[131.106,31.3332],[131.1061,31.3332]]],[[[131.1059,31.3337],[131.106,31.3336],[131.1059,31.3336],[131.1059,31.3337]]],[[[131.1082,31.2591],[131.1082,31.2589],[131.108,31.259],[131.1082,31.2591]]],[[[131.108,31.2592],[131.1079,31.2592],[131.1079,31.2592],[131.108,31.2592]]],[[[131.1102,31.26],[131.1103,31.2603],[131.1104,31.2601],[131.1102,31.26]]],[[[131.1088,31.2603],[131.1089,31.2603],[131.1089,31.2603],[131.1088,31.2603]]],[[[131.1116,31.265],[131.1117,31.265],[131.1116,31.2649],[131.1116,31.265]]],[[[131.1127,31.2668],[131.1126,31.2669],[131.1128,31.2668],[131.1127,31.2668]]],[[[131.1143,31.2674],[131.1143,31.2673],[131.1142,31.2673],[131.1143,31.2674]]],[[[131.1145,31.2673],[131.1147,31.2674],[131.1147,31.2673],[131.1145,31.2673]]],[[[131.1149,31.2676],[131.1148,31.2675],[131.1148,31.2675],[131.1149,31.2676]]],[[[131.117,31.2685],[131.1164,31.2675],[131.1162,31.2675],[131.117,31.2685]]],[[[131.1167,31.2689],[131.1168,31.2688],[131.1167,31.2688],[131.1167,31.2689]]],[[[131.1187,31.2707],[131.1187,31.2706],[131.1187,31.2707],[131.1187,31.2707]]],[[[131.1196,31.2708],[131.1197,31.2708],[131.1197,31.2707],[131.1196,31.2708]]],[[[131.1209,31.2709],[131.121,31.2709],[131.1209,31.2709],[131.1209,31.2709]]],[[[131.1203,31.2709],[131.1207,31.271],[131.1205,31.2708],[131.1203,31.2709]]],[[[131.1189,31.2711],[131.119,31.271],[131.1189,31.271],[131.1189,31.2711]]],[[[131.1207,31.2713],[131.1208,31.2711],[131.1207,31.2711],[131.1207,31.2713]]],[[[131.1273,31.2745],[131.1272,31.2743],[131.1272,31.2745],[131.1273,31.2745]]],[[[131.1265,31.2747],[131.1263,31.2746],[131.1263,31.2747],[131.1265,31.2747]]],[[[131.127,31.2748],[131.127,31.2747],[131.1269,31.2747],[131.127,31.2748]]],[[[131.1272,31.2752],[131.1274,31.2751],[131.1272,31.2751],[131.1272,31.2752]]],[[[131.1291,31.2766],[131.1289,31.2761],[131.1287,31.2762],[131.1291,31.2766]]],[[[131.1302,31.2782],[131.1303,31.2781],[131.1301,31.2781],[131.1302,31.2782]]],[[[131.1299,31.2785],[131.1298,31.2783],[131.1298,31.2783],[131.1299,31.2785]]],[[[131.1303,31.2786],[131.1303,31.2788],[131.1305,31.2786],[131.1303,31.2786]]],[[[131.1303,31.2794],[131.1302,31.2793],[131.1302,31.2794],[131.1303,31.2794]]],[[[131.1306,31.2795],[131.1305,31.2794],[131.1305,31.2795],[131.1306,31.2795]]],[[[131.1148,31.2801],[131.1148,31.28],[131.1147,31.2801],[131.1148,31.2801]]],[[[131.132,31.28],[131.1318,31.2801],[131.132,31.2801],[131.132,31.28]]],[[[131.1149,31.2802],[131.115,31.2802],[131.115,31.2801],[131.1149,31.2802]]],[[[131.132,31.2803],[131.132,31.2802],[131.1319,31.2803],[131.132,31.2803]]],[[[131.1324,31.2811],[131.1325,31.2809],[131.1324,31.2809],[131.1324,31.2811]]],[[[131.1312,31.2834],[131.1312,31.2833],[131.1311,31.2834],[131.1312,31.2834]]],[[[131.1307,31.2837],[131.1307,31.2836],[131.1306,31.2836],[131.1307,31.2837]]],[[[131.1313,31.2841],[131.1316,31.2842],[131.1315,31.2841],[131.1313,31.2841]]],[[[131.1305,31.2842],[131.1306,31.2844],[131.1306,31.2842],[131.1305,31.2842]]],[[[131.1076,31.3287],[131.1076,31.3284],[131.1075,31.3286],[131.1076,31.3287]]],[[[131.1083,31.331],[131.1084,31.3311],[131.1083,31.3309],[131.1083,31.331]]]]}},{"type":"Feature","properties":{"code":"46501","name":"中種子町","pref_code":"46","pref":"鹿児島県"},"geometry":{"type":"MultiPolygon","coordinates":[[[[130.8857,30.4889],[130.8857,30.4888],[130.885,30.4889],[130.8857,30.4889]]],[[[130.8884,30.4912],[130.8882,30.4909],[130.8882,30.4916],[130.8884,30.4912]]],[[[130.9227,30.5334],[130.9228,30.5334],[130.9232,30.5332],[130.9227,30.5334]]],[[[130.9473,30.5963],[130.9455,30.5981],[130.9475,30.5965],[130.9473,30.5963]]],[[[130.95,30.598],[130.95,30.5981],[130.95,30.5981],[130.95,30.598]]],[[[130.9439,30.5987],[130.9438,30.5988],[130.946,30.6009],[130.9439,30.5987]]],[[[130.9494,30.6048],[130.9494,30.6048],[130.9494,30.6047],[130.9494,30.6048]]],[[[130.9494,30.6048],[130.9493,30.6047],[130.9493,30.6047],[130.9494,30.6048]]],[[[130.9494,30.6049],[130.9494,30.605],[130.9494,30.605],[130.9494,30.6049]]],[[[130.9493,30.6049],[130.9493,30.605],[130.9494,30.6049],[130.9493,30.6049]]],[[[130.9494,30.605],[130.9495,30.605],[130.9494,30.605],[130.9494,30.605]]],[[[130.9492,30.6051],[130.9492,30.6051],[130.9493,30.6051],[130.9492,30.6051]]],[[[130.9494,30.6051],[130.9494,30.6051],[130.9494,30.6051],[130.9494,30.6051]]],[[[130.9494,30.6053],[130.9494,30.6052],[130.9494,30.6052],[130.9494,30.6053]]],[[[130.9495,30.6053],[130.9495,30.6053],[130.9495,30.6053],[130.9494,30.6053],[130.9495,30.6053]]],[[[130.9494,30.6053],[130.9495,30.6053],[130.9495,30.6053],[130.9494,30.6053]]],[[[130.9493,30.6053],[130.9493,30.6054],[130.9494,30.6054],[130.9493,30.6053]]],[[[130.9494,30.6054],[130.9494,30.6054],[130.9494,30.6054],[130.9494,30.6054]]],[[[130.9494,30.6055],[130.9495,30.6055],[130.9494,30.6055],[130.9494,30.6055]]],[[[130.9493,30.6055],[130.9492,30.6055],[130.9493,30.6055],[130.9493,30.6055]]],[[[130.9494,30.6056],[130.9494,30.6055],[130.9493,30.6055],[130.9494,30.6056]]],[[[130.9492,30.6056],[130.9492,30.6056],[130.9493,30.6056],[130.9492,30.6056]]],[[[130.9492,30.6057],[130.9491,30.6057],[130.9491,30.6057],[130.9492,30.6057]]],[[[130.9493,30.6057],[130.9493,30.6058],[130.9493,30.6058],[130.9493,30.6057]]],[[[130.9491,30.6058],[130.9492,30.6058],[130.9492,30.6058],[130.9491,30.6058]]],[[[130.9492,30.6059],[130.9492,30.6059],[130.9492,30.6058],[130.9492,30.6059]]],[[[130.9491,30.6059],[130.9491,30.6059],[130.9491,30.6059],[130.9491,30.6059]]],[[[130.9492,30.606],[130.9492,30.606],[130.9492,30.606],[130.9492,30.606]]],[[[130.9491,30.606],[130.9491,30.606],[130.9491,30.606],[130.9491,30.606]]],[[[130.9492,30.606],[130.9492,30.606],[130.9492,30.606],[130.9492,30.606]]],[[[130.9491,30.606],[130.9491,30.6061],[130.9491,30.606],[130.9491,30.606]]],[[[130.9492,30.6061],[130.9492,30.6061],[130.9492,30.6061],[130.9492,30.6061]]],[[[130.9492,30.6062],[130.9492,30.6061],[130.9492,30.6061],[130.9492,30.6062]]],[[[130.9498,30.6072],[130.9498,30.6072],[130.9498,30.6072],[130.9498,30.6072]]],[[[130.9497,30.6079],[130.9496,30.6078],[130.9496,30.6079],[130.9497,30.6079]]],[[[130.9497,30.6079],[130.9497,30.6079],[130.9497,30.6079],[130.9497,30.6079]]],[[[130.9497,30.608],[130.9497,30.608],[130.9497,30.6079],[130.9497,30.608]]],[[[130.9488,30.6091],[130.9487,30.609],[130.9487,30.609],[130.9488,30.6091]]],[[[130.9488,30.6092],[130.9488,30.6092],[130.9488,30.6092],[130.9488,30.6092]]],[[[130.9485,30.6092],[130.9484,30.6092],[130.9484,30.6093],[130.9485,30.6092]]],[[[130.9492,30.6093],[130.9491,30.6093],[130.9492,30.6093],[130.9492,30.6093]]],[[[130.9489,30.6094],[130.9489,30.6094],[130.9489,30.6094],[130.9489,30.6094]]],[[[130.9494,30.6096],[130.9493,30.6096],[130.9493,30.6096],[130.9494,30.6096]]],[[[130.9489,30.6098],[130.9489,30.61],[130.9489,30.61],[130.9489,30.6098]]],[[[130.9487,30.6099],[130.9488,30.6099],[130.9487,30.6099],[130.9487,30.6099]]],[[[130.9494,30.6102],[130.9493,30.6102],[130.9494,30.6103],[130.9494,30.6102]]],[[[130.9492,30.6106],[130.9492,30.6103],[130.9491,30.6103],[130.9492,30.6106]]],[[[130.9493,30.6106],[130.9494,30.6106],[130.9493,30.6103],[130.9493,30.6106]]],[[[130.9493,30.6109],[130.9493,30.6109],[130.9493,30.6109],[130.9493,30.6109]]],[[[130.9498,30.611],[130.9497,30.6111],[130.9498,30.611],[130.9498,30.611]]],[[[130.9494,30.6112],[130.9494,30.6113],[130.9495,30.6112],[130.9494,30.6112]]],[[[130.9499,30.6114],[130.9497,30.6114],[130.9499,30.6115],[130.9499,30.6114]]],[[[130.9497,30.6115],[130.9497,30.6114],[130.9497,30.6114],[130.9497,30.6115]]],[[[130.9496,30.6115],[130.9495,30.6115],[130.9495,30.6115],[130.9496,30.6115]]],[[[130.9498,30.6116],[130.9498,30.6116],[130.9498,30.6116],[130.9498,30.6116]]],[[[130.9496,30.6118],[130.9497,30.6119],[130.9497,30.6119],[130.9496,30.6118]]],[[[130.9499,30.6121],[130.9499,30.6122],[130.9498,30.6118],[130.9499,30.6121]]],[[[130.9497,30.612],[130.9498,30.6121],[130.9498,30.612],[130.9497,30.612]]],[[[130.9498,30.6122],[130.9498,30.6122],[130.9498,30.6122],[130.9498,30.6122]]],[[[130.9501,30.6134],[130.9502,30.6134],[130.9502,30.6134],[130.9501,30.6134]]],[[[130.9497,30.6165],[130.9497,30.6165],[130.9497,30.6165],[130.9497,30.6165]]],[[[130.9501,30.6165],[130.95,30.6165],[130.9501,30.6165],[130.9501,30.6165]]],[[[130.9502,30.6166],[130.9502,30.6166],[130.9501,30.6166],[130.9502,30.6166]]],[[[130.95,30.6168],[130.95,30.6169],[130.9501,30.6169],[130.95,30.6168]]],[[[130.95,30.617],[130.95,30.617],[130.95,30.617],[130.95,30.617]]],[[[130.9502,30.617],[130.9501,30.617],[130.9502,30.6171],[130.9502,30.617]]],[[[130.9501,30.617],[130.95,30.6171],[130.9502,30.6171],[130.9501,30.617]]],[[[130.9499,30.6171],[130.9499,30.617],[130.9498,30.617],[130.9499,30.6171]]],[[[130.9498,30.6185],[130.9497,30.6184],[130.9497,30.6184],[130.9498,30.6185]]],[[[130.9497,30.619],[130.9496,30.619],[130.9497,30.6191],[130.9497,30.619]]],[[[130.9492,30.624],[130.9488,30.6238],[130.9488,30.6239],[130.9492,30.624]]],[[[130.9491,30.6242],[130.9492,30.6243],[130.9489,30.6241],[130.9491,30.6242]]],[[[130.9495,30.6275],[130.9494,30.6277],[130.9497,30.6277],[130.9495,30.6275]]],[[[130.9517,30.5952],[130.9516,30.5952],[130.9516,30.5953],[130.9517,30.5952]]],[[[130.9517,30.5953],[130.9517,30.5954],[130.9518,30.5953],[130.9517,30.5953]]],[[[130.9515,30.5955],[130.9515,30.5955],[130.9515,30.5954],[130.9515,30.5955]]],[[[130.952,30.5955],[130.952,30.5955],[130.952,30.5955],[130.952,30.5955]]],[[[130.952,30.5955],[130.952,30.5955],[130.952,30.5955],[130.952,30.5955]]],[[[130.9516,30.5955],[130.9517,30.5955],[130.9517,30.5955],[130.9516,30.5955]]],[[[130.9516,30.5956],[130.9516,30.5956],[130.9516,30.5956],[130.9516,30.5956]]],[[[130.9518,30.5955],[130.9517,30.5956],[130.9517,30.5957],[130.9518,30.5955]]],[[[130.9516,30.5956],[130.9517,30.5956],[130.9516,30.5956],[130.9516,30.5956]]],[[[130.9513,30.5957],[130.9513,30.5956],[130.9513,30.5956],[130.9513,30.5957]]],[[[130.9516,30.5957],[130.9517,30.5958],[130.9516,30.5957],[130.9516,30.5957]]],[[[130.9515,30.5958],[130.9516,30.5958],[130.9516,30.5958],[130.9515,30.5958]]],[[[130.9514,30.5957],[130.9514,30.5958],[130.9514,30.5958],[130.9514,30.5957]]],[[[130.9515,30.5959],[130.9515,30.5959],[130.9515,30.5959],[130.9515,30.5959]]],[[[130.9514,30.5961],[130.9513,30.596],[130.9513,30.5961],[130.9514,30.5961]]],[[[130.9514,30.5962],[130.9514,30.5961],[130.9514,30.5961],[130.9514,30.5962]]],[[[130.9513,30.5962],[130.9513,30.5962],[130.9514,30.5962],[130.9513,30.5962]]],[[[130.9507,30.5964],[130.9507,30.5964],[130.9507,30.5964],[130.9507,30.5964]]],[[[130.9503,30.5965],[130.9503,30.5965],[130.9503,30.5964],[130.9503,30.5965]]],[[[130.9506,30.5965],[130.9506,30.5965],[130.9506,30.5965],[130.9506,30.5965]]],[[[130.9502,30.5966],[130.9502,30.5966],[130.9502,30.5965],[130.9502,30.5966]]],[[[130.9506,30.5966],[130.9506,30.5965],[130.9506,30.5966],[130.9506,30.5966]]],[[[130.9502,30.5967],[130.9502,30.5968],[130.9502,30.5968],[130.9502,30.5967]]],[[[130.9503,30.5968],[130.9503,30.5968],[130.9503,30.5967],[130.9503,30.5968]]],[[[130.9502,30.5969],[130.9502,30.5969],[130.9502,30.597],[130.9502,30.5969]]],[[[130.9505,30.597],[130.9505,30.597],[130.9506,30.5969],[130.9505,30.597]]],[[[130.9505,30.597],[130.9506,30.5971],[130.9505,30.597],[130.9505,30.597]]],[[[130.9506,30.5971],[130.9506,30.5971],[130.9506,30.5971],[130.9506,30.5971]]],[[[130.9506,30.5972],[130.9506,30.5972],[130.9506,30.5972],[130.9506,30.5972]]],[[[130.9503,30.5973],[130.9504,30.5972],[130.9503,30.5972],[130.9503,30.5973]]],[[[130.9506,30.5973],[130.9506,30.5972],[130.9506,30.5972],[130.9506,30.5973]]],[[[130.9504,30.5979],[130.9504,30.598],[130.9504,30.5979],[130.9504,30.5979]]],[[[130.9504,30.598],[130.9504,30.5981],[130.9504,30.5981],[130.9504,30.598]]],[[[130.9511,30.5983],[130.9511,30.5983],[130.9511,30.5983],[130.9511,30.5983]]],[[[130.951,30.5984],[130.951,30.5984],[130.951,30.5983],[130.951,30.5984]]],[[[130.9508,30.5985],[130.9508,30.5985],[130.9508,30.5985],[130.9508,30.5985]]],[[[130.9507,30.5989],[130.9507,30.5989],[130.9508,30.5989],[130.9507,30.5989]]],[[[130.9511,30.5989],[130.9511,30.599],[130.9511,30.599],[130.9511,30.5989]]],[[[130.9508,30.5991],[130.9508,30.599],[130.9508,30.599],[130.9508,30.5991]]],[[[130.9506,30.5992],[130.9506,30.5992],[130.9506,30.5991],[130.9506,30.5992]]],[[[130.951,30.5992],[130.951,30.5991],[130.951,30.5992],[130.951,30.5992]]],[[[130.9511,30.5992],[130.9511,30.5991],[130.9511,30.5992],[130.9511,30.5992]]],[[[130.9508,30.5992],[130.9508,30.5992],[130.9508,30.5992],[130.9508,30.5992]]],[[[130.9509,30.5993],[130.9509,30.5992],[130.9509,30.5992],[130.9509,30.5993]]],[[[130.9509,30.5993],[130.9509,30.5993],[130.9509,30.5993],[130.9509,30.5993]]],[[[130.9508,30.5994],[130.9508,30.5994],[130.9508,30.5994],[130.9508,30.5994]]],[[[130.9507,30.5994],[130.9507,30.5994],[130.9507,30.5994],[130.9507,30.5994]]],[[[130.9508,30.5997],[130.9508,30.5997],[130.9507,30.5996],[130.9508,30.5997]]],[[[130.951,30.5998],[130.951,30.5997],[130.951,30.5998],[130.951,30.5998]]],[[[130.9511,30.6],[130.9511,30.6],[130.9511,30.6],[130.9511,30.6]]],[[[130.9507,30.6007],[130.9507,30.6007],[130.9507,30.6007],[130.9507,30.6007]]],[[[130.9509,30.6007],[130.9509,30.6007],[130.9509,30.6007],[130.9509,30.6007]]],[[[130.951,30.6008],[130.951,30.6009],[130.9511,30.6008],[130.951,30.6008]]],[[[130.9511,30.6008],[130.9511,30.6008],[130.9511,30.6009],[130.9511,30.6008]]],[[[130.951,30.601],[130.9511,30.601],[130.951,30.6009],[130.951,30.601]]],[[[130.9508,30.601],[130.9508,30.601],[130.9508,30.601],[130.9508,30.601]]],[[[130.9509,30.6016],[130.9509,30.6016],[130.9509,30.6016],[130.9509,30.6016]]],[[[130.9506,30.6126],[130.9506,30.6126],[130.9506,30.6126],[130.9506,30.6126]]],[[[130.9506,30.6126],[130.9506,30.6126],[130.9506,30.6127],[130.9506,30.6126]]],[[[130.9504,30.6127],[130.9505,30.6127],[130.9505,30.6127],[130.9504,30.6127]]],[[[130.9505,30.6128],[130.9505,30.6128],[130.9505,30.6128],[130.9505,30.6128]]],[[[130.9507,30.6128],[130.9507,30.6128],[130.9507,30.6129],[130.9507,30.6128]]],[[[130.9502,30.6129],[130.9502,30.6129],[130.9502,30.6129],[130.9502,30.6129]]],[[[130.9505,30.613],[130.9505,30.613],[130.9505,30.613],[130.9505,30.613]]],[[[130.9503,30.6135],[130.9503,30.6136],[130.9503,30.6134],[130.9503,30.6135]]],[[[130.9504,30.6137],[130.9505,30.6137],[130.9505,30.6135],[130.9504,30.6137]]],[[[130.9505,30.6139],[130.9505,30.6139],[130.9506,30.6138],[130.9505,30.6139]]],[[[130.9506,30.6142],[130.9506,30.6143],[130.9507,30.6142],[130.9506,30.6142]]],[[[130.9507,30.6143],[130.9506,30.6143],[130.9507,30.6143],[130.9507,30.6143]]],[[[130.9506,30.6145],[130.9506,30.6145],[130.9506,30.6144],[130.9506,30.6145]]],[[[130.9508,30.6154],[130.9508,30.6153],[130.9507,30.6153],[130.9508,30.6154]]],[[[130.9503,30.6171],[130.9503,30.6169],[130.9501,30.6168],[130.9502,30.6169],[130.9503,30.6171]]],[[[130.9502,30.6169],[130.9502,30.617],[130.9502,30.6169],[130.9502,30.6169]]],[[[130.9619,30.4565],[130.9619,30.4565],[130.9619,30.4565],[130.9619,30.4565]]],[[[130.9616,30.4567],[130.9616,30.4567],[130.9616,30.4567],[130.9616,30.4567]]],[[[130.9619,30.4568],[130.9619,30.4567],[130.9619,30.4567],[130.9619,30.4568]]],[[[130.9615,30.4568],[130.9615,30.4568],[130.9616,30.4568],[130.9615,30.4568]]],[[[130.9617,30.4568],[130.9616,30.4568],[130.9616,30.4568],[130.9617,30.4568]]],[[[130.9618,30.4569],[130.9619,30.457],[130.9619,30.4569],[130.9618,30.4569]]],[[[130.9617,30.457],[130.9618,30.457],[130.9617,30.4568],[130.9617,30.457]]],[[[130.9616,30.457],[130.9616,30.457],[130.9616,30.457],[130.9616,30.457]]],[[[130.9618,30.4571],[130.9618,30.4571],[130.9618,30.4571],[130.9618,30.4571]]],[[[130.9619,30.4571],[130.9619,30.4571],[130.9619,30.4571],[130.9619,30.4571]]],[[[130.9617,30.4573],[130.9617,30.4572],[130.9617,30.4573],[130.9617,30.4573]]],[[[130.9618,30.4573],[130.9618,30.4573],[130.9619,30.4573],[130.9618,30.4573]]],[[[130.9619,30.4574],[130.9618,30.4574],[130.9618,30.4574],[130.9619,30.4574]]],[[[130.9616,30.4574],[130.9616,30.4574],[130.9618,30.4574],[130.9616,30.4574]]],[[[130.9619,30.4574],[130.9619,30.4575],[130.9619,30.4575],[130.9619,30.4574]]],[[[130.9616,30.4605],[130.9615,30.4603],[130.9616,30.4605],[130.9616,30.4605]]],[[[130.9613,30.4605],[130.9616,30.4607],[130.9614,30.4602],[130.9613,30.4605]]],[[[130.9598,30.4605],[130.9597,30.4606],[130.9597,30.4606],[130.9598,30.4605]]],[[[130.9609,30.4609],[130.9608,30.4608],[130.9608,30.4609],[130.9609,30.4609]]],[[[130.9659,30.4607],[130.9668,30.4619],[130.9661,30.4605],[130.9659,30.4607]]],[[[130.9607,30.4613],[130.9607,30.4613],[130.9607,30.4613],[130.9607,30.4613]]],[[[130.9752,30.4614],[130.9754,30.4614],[130.9753,30.4613],[130.9752,30.4614]]],[[[130.9639,30.462],[130.964,30.4619],[130.964,30.4618],[130.9639,30.462]]],[[[130.9699,30.4636],[130.9699,30.4634],[130.9698,30.4634],[130.9699,30.4636]]],[[[130.9699,30.4639],[130.9699,30.4638],[130.9696,30.4639],[130.9699,30.4639]]],[[[130.9695,30.4684],[130.9696,30.4686],[130.9696,30.4685],[130.9695,30.4684]]],[[[130.97,30.4687],[130.9698,30.4687],[130.97,30.4687],[130.97,30.4687]]],[[[130.9682,30.4857],[130.9687,30.4863],[130.9686,30.4856],[130.9682,30.4857]]],[[[130.9694,30.4873],[130.9695,30.4872],[130.9695,30.4872],[130.9694,30.4873]]],[[[130.9699,30.4877],[130.9698,30.4877],[130.9699,30.4878],[130.9699,30.4877]]],[[[130.9716,30.4901],[130.9718,30.4904],[130.972,30.4903],[130.9716,30.4901]]],[[[130.9745,30.492],[130.9746,30.492],[130.9746,30.4919],[130.9745,30.492]]],[[[130.9746,30.4922],[130.9747,30.4922],[130.9747,30.4922],[130.9746,30.4922]]],[[[130.9746,30.4923],[130.9745,30.4923],[130.9745,30.4924],[130.9746,30.4923]]],[[[130.9748,30.4924],[130.9747,30.4926],[130.9748,30.4925],[130.9748,30.4924]]],[[[130.9748,30.4928],[130.9748,30.4928],[130.9748,30.4928],[130.9748,30.4928]]],[[[130.9746,30.493],[130.9745,30.4932],[130.9746,30.4932],[130.9746,30.493]]],[[[130.9747,30.4931],[130.9746,30.4932],[130.9748,30.4931],[130.9747,30.4931]]],[[[130.9766,30.4932],[130.9766,30.4932],[130.9766,30.4931],[130.9766,30.4932]]],[[[130.9747,30.4932],[130.9749,30.4931],[130.9748,30.4931],[130.9747,30.4932]]],[[[130.9748,30.4933],[130.9748,30.4932],[130.9748,30.4933],[130.9748,30.4933]]],[[[130.9766,30.4932],[130.9765,30.4932],[130.9766,30.4934],[130.9766,30.4932]]],[[[130.9749,30.4933],[130.9749,30.4933],[130.9749,30.4933],[130.9749,30.4933]]],[[[130.9751,30.4933],[130.9751,30.4933],[130.975,30.4934],[130.9751,30.4933]]],[[[130.9763,30.4939],[130.9767,30.494],[130.9758,30.4936],[130.9763,30.4939]]],[[[130.9754,30.4938],[130.9756,30.4939],[130.9756,30.4937],[130.9754,30.4938]]],[[[130.9759,30.4938],[130.976,30.4941],[130.9761,30.494],[130.9759,30.4938]]],[[[130.9764,30.4941],[130.9762,30.4941],[130.9764,30.4942],[130.9764,30.4941]]],[[[130.9765,30.4945],[130.9764,30.4945],[130.9765,30.4946],[130.9765,30.4945]]],[[[130.9762,30.495],[130.9762,30.4949],[130.9761,30.4949],[130.9762,30.495]]],[[[130.9762,30.4951],[130.9762,30.4951],[130.9762,30.4951],[130.9762,30.4951]]],[[[130.9763,30.4951],[130.9764,30.4952],[130.9764,30.4951],[130.9763,30.4951]]],[[[130.9762,30.4952],[130.9762,30.4952],[130.9762,30.4952],[130.9762,30.4952]]],[[[130.9765,30.4957],[130.9766,30.4958],[130.9766,30.4958],[130.9765,30.4957]]],[[[130.9763,30.4958],[130.9764,30.4958],[130.9763,30.4958],[130.9763,30.4958]]],[[[130.9767,30.4966],[130.9765,30.496],[130.9763,30.496],[130.9767,30.4966]]],[[[131.0275,30.5911],[131.0289,30.5878],[131.0329,30.5875],[131.0321,30.5839],[131.0334,30.5806],[131.0348,30.5798],[131.0338,30.5782],[131.0349,30.5775],[131.0342,30.5774],[131.0341,30.5759],[131.035,30.5751],[131.0341,30.5734],[131.0333,30.5743],[131.0323,30.5737],[131.0342,30.5714],[131.033,30.5709],[131.0323,30.5703],[131.0333,30.5688],[131.0316,30.5674],[131.0327,30.5665],[131.0332,30.5671],[131.0329,30.5667],[131.0332,30.5664],[131.0344,30.5673],[131.0346,30.5663],[131.0315,30.5651],[131.0307,30.5641],[131.0285,30.5646],[131.0282,30.5635],[131.0294,30.5636],[131.0271,30.5612],[131.0278,30.5596],[131.0297,30.5586],[131.028,30.5565],[131.0279,30.5558],[131.0284,30.5549],[131.0274,30.5552],[131.0277,30.5557],[131.027,30.556],[131.0272,30.5567],[131.0264,30.5574],[131.025,30.5577],[131.0221,30.5543],[131.0221,30.5541],[131.0223,30.554],[131.0224,30.5538],[131.0223,30.5538],[131.0223,30.5537],[131.0224,30.5537],[131.0224,30.5537],[131.0224,30.5536],[131.0229,30.553],[131.0213,30.5536],[131.0204,30.5538],[131.0183,30.5531],[131.0136,30.5485],[131.0127,30.5486],[131.0126,30.5491],[131.0122,30.5493],[131.0078,30.5508],[131.0068,30.5507],[131.0073,30.5498],[131.0054,30.5511],[130.9997,30.5484],[130.9993,30.5481],[130.9987,30.5465],[130.9976,30.5447],[130.9972,30.5436],[130.9969,30.5415],[130.9958,30.5401],[130.9958,30.5335],[130.9942,30.5292],[130.9921,30.53],[130.9895,30.5285],[130.981,30.519],[130.979,30.5151],[130.9794,30.513],[130.9794,30.5128],[130.9792,30.5119],[130.9793,30.511],[130.9791,30.511],[130.9795,30.5106],[130.9791,30.509],[130.9794,30.5084],[130.9789,30.5088],[130.9775,30.507],[130.9789,30.5018],[130.9786,30.5017],[130.9787,30.5016],[130.9781,30.5013],[130.9778,30.5003],[130.9766,30.4993],[130.9774,30.497],[130.9766,30.4975],[130.9759,30.4953],[130.9761,30.4945],[130.9723,30.4917],[130.9688,30.4868],[130.9645,30.4833],[130.9627,30.4797],[130.9648,30.4747],[130.9694,30.4695],[130.9689,30.4629],[130.9645,30.4629],[130.9675,30.4633],[130.9677,30.4648],[130.9647,30.4636],[130.9637,30.4644],[130.9629,30.4638],[130.9637,30.4627],[130.9628,30.4638],[130.9614,30.4633],[130.9589,30.46],[130.9591,30.4576],[130.9615,30.4567],[130.9614,30.4543],[130.9631,30.4524],[130.9603,30.452],[130.9592,30.45],[130.9528,30.4476],[130.9519,30.4491],[130.9465,30.4513],[130.9413,30.4456],[130.9353,30.4488],[130.923,30.4437],[130.9166,30.4452],[130.9063,30.4517],[130.9035,30.4584],[130.9035,30.4626],[130.902,30.4672],[130.8978,30.4708],[130.8956,30.4702],[130.8908,30.4717],[130.8867,30.475],[130.8871,30.4773],[130.8829,30.4794],[130.8814,30.4816],[130.8831,30.4829],[130.8818,30.4844],[130.8823,30.4866],[130.8907,30.4911],[130.8888,30.4914],[130.8961,30.494],[130.9026,30.5018],[130.911,30.5147],[130.9162,30.5202],[130.9275,30.5381],[130.9425,30.5663],[130.9441,30.5672],[130.9436,30.5682],[130.9499,30.5818],[130.9534,30.5929],[130.9533,30.5937],[130.952,30.5956],[130.9519,30.5955],[130.9517,30.5959],[130.9507,30.597],[130.9513,30.5987],[130.9513,30.6006],[130.9508,30.6023],[130.9498,30.6018],[130.9493,30.6028],[130.9499,30.6019],[130.9506,30.6022],[130.9496,30.603],[130.95,30.6043],[130.9467,30.6009],[130.9479,30.6034],[130.9498,30.6045],[130.9499,30.6087],[130.9495,30.6097],[130.949,30.6096],[130.9498,30.6105],[130.9501,30.6115],[130.9498,30.6117],[130.9508,30.6127],[130.951,30.6139],[130.951,30.616],[130.9504,30.6171],[130.95,30.6172],[130.9502,30.6179],[130.95,30.6186],[130.9497,30.6186],[130.95,30.6206],[130.9493,30.6219],[130.9498,30.6232],[130.9494,30.6245],[130.9491,30.6244],[130.9507,30.6285],[130.9498,30.6297],[130.95,30.6285],[130.9495,30.6281],[130.9497,30.63],[130.9506,30.6299],[130.9505,30.633],[130.9492,30.6356],[130.9568,30.6386],[130.9682,30.6389],[130.9752,30.6437],[130.9803,30.6422],[130.9793,30.6402],[130.9804,30.6389],[130.9792,30.6366],[130.9795,30.6289],[130.9819,30.6249],[130.9879,30.6227],[130.9839,30.6177],[130.9853,30.6148],[130.9888,30.6134],[130.9896,30.6118],[130.9935,30.6108],[130.9959,30.6086],[130.9984,30.6088],[131.0055,30.6066],[131.0087,30.6028],[131.0214,30.5973],[131.0238,30.5949],[131.0238,30.5935],[131.0275,30.5911]]],[[[130.9531,30.5935],[130.9531,30.5934],[130.9531,30.5934],[130.9531,30.5935]]],[[[130.9532,30.5935],[130.9531,30.5934],[130.9531,30.5935],[130.9532,30.5935]]],[[[130.9531,30.5935],[130.9531,30.5935],[130.9531,30.5935],[130.9531,30.5935]]],[[[130.9528,30.5941],[130.9528,30.5941],[130.9528,30.5941],[130.9528,30.5941]]],[[[130.9528,30.5942],[130.9528,30.5942],[130.9528,30.5942],[130.9528,30.5942]]],[[[130.9528,30.5943],[130.9527,30.5943],[130.9527,30.5943],[130.9528,30.5943]]],[[[130.9525,30.5944],[130.9524,30.5943],[130.9524,30.5943],[130.9525,30.5944]]],[[[130.9524,30.5944],[130.9525,30.5944],[130.9524,30.5944],[130.9524,30.5944]]],[[[130.9524,30.5946],[130.9524,30.5946],[130.9524,30.5946],[130.9524,30.5946]]],[[[130.9526,30.5946],[130.9525,30.5946],[130.9525,30.5946],[130.9526,30.5946]]],[[[130.9525,30.5946],[130.9525,30.5946],[130.9525,30.5947],[130.9525,30.5946]]],[[[130.9522,30.5948],[130.9522,30.5948],[130.9522,30.5948],[130.9522,30.5948]]],[[[130.9522,30.5948],[130.9522,30.5948],[130.9522,30.5948],[130.9522,30.5948],[130.9522,30.5948]]],[[[130.9523,30.5949],[130.9523,30.5948],[130.9523,30.5949],[130.9523,30.5949]]],[[[130.9522,30.595],[130.9523,30.595],[130.9523,30.5949],[130.9522,30.595]]],[[[130.952,30.5954],[130.9521,30.5954],[130.9521,30.5954],[130.952,30.5954]]],[[[130.977,30.4939],[130.9769,30.4939],[130.977,30.494],[130.977,30.4939]]],[[[130.9769,30.4942],[130.9768,30.4941],[130.9769,30.4942],[130.9769,30.4942]]],[[[130.9775,30.4962],[130.9773,30.4961],[130.9773,30.4962],[130.9775,30.4962]]],[[[130.9772,30.4964],[130.9769,30.496],[130.977,30.4964],[130.9772,30.4964]]],[[[130.9773,30.4962],[130.9774,30.4962],[130.9774,30.4962],[130.9773,30.4962]]],[[[130.9783,30.4964],[130.9783,30.4964],[130.9782,30.4963],[130.9783,30.4964]]],[[[130.9786,30.4965],[130.9785,30.4965],[130.9785,30.4965],[130.9786,30.4965]]],[[[130.9789,30.4967],[130.9789,30.4967],[130.9789,30.4967],[130.9789,30.4967]]],[[[130.9785,30.4968],[130.9786,30.4968],[130.9785,30.4968],[130.9785,30.4968]]],[[[130.9779,30.4969],[130.9779,30.4969],[130.9779,30.4969],[130.9779,30.4969]]],[[[130.9784,30.497],[130.9784,30.497],[130.9783,30.4969],[130.9784,30.497]]],[[[130.9779,30.497],[130.9779,30.497],[130.9779,30.497],[130.9779,30.497]]],[[[130.9779,30.4971],[130.9777,30.4973],[130.9778,30.4972],[130.9779,30.4971]]],[[[130.9787,30.4972],[130.9787,30.4971],[130.9787,30.4972],[130.9787,30.4972]]],[[[130.9787,30.4974],[130.9788,30.4974],[130.9787,30.4973],[130.9787,30.4974]]],[[[130.9781,30.4977],[130.9781,30.4977],[130.9782,30.4977],[130.9781,30.4977]]],[[[130.9776,30.4995],[130.9777,30.4996],[130.9777,30.4995],[130.9776,30.4995]]],[[[130.9775,30.4996],[130.9776,30.4995],[130.9775,30.4995],[130.9775,30.4996]]],[[[130.9777,30.4996],[130.9777,30.4996],[130.9777,30.4996],[130.9777,30.4996]]],[[[130.9781,30.4996],[130.9782,30.4996],[130.9781,30.4996],[130.9781,30.4996],[130.9781,30.4996],[130.9782,30.4997],[130.9781,30.4996]]],[[[130.9777,30.4997],[130.9777,30.4996],[130.9777,30.4997],[130.9777,30.4997]]],[[[130.978,30.4998],[130.9781,30.4997],[130.978,30.4996],[130.978,30.4998]]],[[[130.9782,30.4998],[130.9782,30.4998],[130.9782,30.4998],[130.9782,30.4998]]],[[[130.9783,30.4998],[130.9783,30.4998],[130.9783,30.4998],[130.9783,30.4998]]],[[[130.9788,30.5001],[130.9788,30.5001],[130.9789,30.5002],[130.9788,30.5001]]],[[[130.9782,30.5003],[130.9782,30.5004],[130.9783,30.5003],[130.9782,30.5003]]],[[[130.9781,30.5006],[130.978,30.5006],[130.978,30.5006],[130.9781,30.5006]]],[[[130.9786,30.5008],[130.9786,30.5008],[130.9786,30.5008],[130.9786,30.5008]]],[[[130.9782,30.5009],[130.9782,30.5008],[130.9781,30.5009],[130.9782,30.5009]]],[[[130.9784,30.501],[130.9785,30.501],[130.9784,30.501],[130.9784,30.501]]],[[[130.9788,30.501],[130.9789,30.501],[130.9788,30.501],[130.9788,30.501]]],[[[130.9786,30.5014],[130.9786,30.5014],[130.9788,30.5014],[130.9786,30.5014]]],[[[130.9789,30.5015],[130.9789,30.5014],[130.9789,30.5015],[130.9789,30.5015]]],[[[130.9789,30.5015],[130.9789,30.5015],[130.9789,30.5015],[130.9789,30.5015]]],[[[130.979,30.5015],[130.9789,30.5016],[130.979,30.5016],[130.979,30.5015]]],[[[130.9794,30.5017],[130.9794,30.5016],[130.9794,30.5017],[130.9794,30.5017]]],[[[130.9789,30.5016],[130.9786,30.5015],[130.9791,30.5018],[130.9789,30.5016]]],[[[130.9787,30.5017],[130.9787,30.5017],[130.9787,30.5016],[130.9787,30.5017]]],[[[130.979,30.502],[130.979,30.5019],[130.979,30.5019],[130.979,30.502]]],[[[130.9791,30.5022],[130.9791,30.5022],[130.9795,30.5023],[130.9791,30.5022]]],[[[130.9781,30.5052],[130.9782,30.5051],[130.9782,30.5051],[130.9781,30.5052]]],[[[130.9788,30.5053],[130.9789,30.5053],[130.9789,30.5053],[130.9788,30.5053]]],[[[130.9781,30.5053],[130.9781,30.5053],[130.9781,30.5053],[130.9781,30.5053]]],[[[130.9784,30.5056],[130.9783,30.5056],[130.9783,30.5056],[130.9784,30.5056]]],[[[130.9788,30.5063],[130.9788,30.5062],[130.9787,30.5063],[130.9788,30.5063]]],[[[130.9786,30.5063],[130.9787,30.5063],[130.9787,30.5063],[130.9786,30.5063]]],[[[130.9778,30.5069],[130.9778,30.507],[130.9778,30.507],[130.9778,30.5069]]],[[[130.9778,30.5071],[130.9778,30.5071],[130.9778,30.5071],[130.9778,30.5071]]],[[[130.9786,30.5071],[130.9786,30.5071],[130.9785,30.5071],[130.9786,30.5071]]],[[[130.978,30.5072],[130.978,30.5072],[130.9781,30.5071],[130.978,30.5072]]],[[[130.9784,30.5073],[130.9784,30.5073],[130.9784,30.5073],[130.9784,30.5073]]],[[[130.9782,30.5073],[130.9783,30.5073],[130.9783,30.5073],[130.9782,30.5073]]],[[[130.9783,30.5074],[130.9783,30.5074],[130.9782,30.5074],[130.9783,30.5074]]],[[[130.9786,30.5074],[130.9786,30.5074],[130.9786,30.5074],[130.9786,30.5074]]],[[[130.979,30.5074],[130.979,30.5074],[130.979,30.5074],[130.979,30.5074]]],[[[130.9783,30.5074],[130.9783,30.5074],[130.9784,30.5074],[130.9783,30.5074]]],[[[130.978,30.5075],[130.9779,30.5074],[130.9779,30.5075],[130.978,30.5075]]],[[[130.9787,30.5075],[130.9788,30.5075],[130.9787,30.5075],[130.9787,30.5075]]],[[[130.9785,30.5075],[130.9785,30.5075],[130.9785,30.5075],[130.9785,30.5075]]],[[[130.9783,30.5076],[130.9783,30.5076],[130.9783,30.5076],[130.9783,30.5076]]],[[[130.9781,30.5077],[130.9781,30.5077],[130.9782,30.5076],[130.9781,30.5077]]],[[[130.9786,30.5078],[130.9787,30.5078],[130.9786,30.5077],[130.9786,30.5078]]],[[[130.9788,30.5081],[130.9788,30.5081],[130.9788,30.5081],[130.9788,30.5081]]],[[[130.9793,30.5082],[130.9793,30.5083],[130.9793,30.5082],[130.9793,30.5082]]],[[[130.9792,30.5084],[130.9793,30.5084],[130.9792,30.5084],[130.9792,30.5084]]],[[[130.9788,30.5085],[130.9789,30.5085],[130.9788,30.5085],[130.9788,30.5085]]],[[[130.9793,30.5086],[130.9794,30.5086],[130.9794,30.5086],[130.9793,30.5086]]],[[[130.9794,30.5087],[130.9794,30.5087],[130.9794,30.5087],[130.9794,30.5087]]],[[[130.9793,30.509],[130.9793,30.5089],[130.9793,30.509],[130.9793,30.509]]],[[[130.9794,30.5097],[130.9794,30.5096],[130.9793,30.5097],[130.9794,30.5097]]],[[[130.9794,30.5147],[130.9794,30.5146],[130.9792,30.5146],[130.9794,30.5147]]],[[[130.9792,30.5147],[130.9792,30.5147],[130.9792,30.5146],[130.9792,30.5147]]],[[[130.9793,30.5148],[130.9793,30.5147],[130.9792,30.5147],[130.9793,30.5148]]],[[[130.9797,30.5013],[130.9798,30.5013],[130.9797,30.5012],[130.9797,30.5013]]],[[[130.9803,30.5016],[130.9804,30.5016],[130.9803,30.5016],[130.9803,30.5016]]],[[[130.9802,30.5016],[130.9802,30.5016],[130.9802,30.5017],[130.9802,30.5016]]],[[[130.9795,30.5016],[130.9794,30.5017],[130.9795,30.5017],[130.9795,30.5016]]],[[[130.9798,30.5016],[130.9797,30.5017],[130.9798,30.5017],[130.9798,30.5016]]],[[[130.9795,30.5017],[130.9794,30.5018],[130.9795,30.5018],[130.9795,30.5017]]],[[[130.9795,30.5019],[130.9794,30.5018],[130.9794,30.5019],[130.9795,30.5019]]],[[[130.9803,30.502],[130.9803,30.5019],[130.9803,30.5019],[130.9803,30.502]]],[[[130.9795,30.5019],[130.9795,30.502],[130.9795,30.502],[130.9795,30.5019]]],[[[130.98,30.5022],[130.9799,30.5022],[130.9799,30.5022],[130.98,30.5022]]],[[[130.9796,30.5024],[130.9795,30.5024],[130.9796,30.5024],[130.9796,30.5024]]],[[[130.9797,30.5025],[130.9797,30.5024],[130.9797,30.5024],[130.9797,30.5025]]],[[[130.9803,30.5025],[130.9803,30.5025],[130.9803,30.5025],[130.9803,30.5025]]],[[[130.9805,30.5026],[130.9804,30.5026],[130.9806,30.5026],[130.9805,30.5026]]],[[[130.9799,30.5026],[130.9798,30.5026],[130.98,30.5027],[130.9799,30.5026]]],[[[130.9807,30.5034],[130.9807,30.5034],[130.9807,30.5034],[130.9807,30.5034]]],[[[130.9811,30.5036],[130.9808,30.5035],[130.9808,30.5035],[130.9811,30.5036]]],[[[130.9807,30.5036],[130.9806,30.5037],[130.9808,30.5037],[130.9807,30.5036]]],[[[130.9811,30.5038],[130.9811,30.5038],[130.9811,30.5038],[130.9811,30.5038]]],[[[130.9795,30.5084],[130.9796,30.5084],[130.9794,30.5083],[130.9795,30.5084]]],[[[130.9795,30.5085],[130.9794,30.5083],[130.9793,30.5083],[130.9794,30.5084],[130.9795,30.5085]]],[[[130.9796,30.5085],[130.9796,30.5085],[130.9796,30.5085],[130.9796,30.5085]]],[[[130.9795,30.5087],[130.9794,30.5087],[130.9795,30.5087],[130.9795,30.5087]]],[[[130.9796,30.5087],[130.9796,30.5088],[130.9796,30.5087],[130.9796,30.5087]]],[[[130.9796,30.5087],[130.9795,30.5087],[130.9795,30.5088],[130.9796,30.5087]]],[[[130.9796,30.5088],[130.9796,30.5088],[130.9796,30.5088],[130.9796,30.5088]]],[[[130.9797,30.5088],[130.9797,30.5088],[130.9797,30.5088],[130.9797,30.5088]]],[[[130.9795,30.5088],[130.9795,30.5088],[130.9795,30.5088],[130.9795,30.5088]]],[[[130.9796,30.5089],[130.9796,30.5089],[130.9796,30.5089],[130.9796,30.5089]]],[[[130.9797,30.509],[130.9797,30.5089],[130.9797,30.509],[130.9797,30.509]]],[[[130.9795,30.509],[130.9794,30.509],[130.9795,30.509],[130.9795,30.509]]],[[[130.9795,30.5091],[130.9795,30.5091],[130.9795,30.509],[130.9795,30.5091]]],[[[130.9797,30.5093],[130.9796,30.5093],[130.9797,30.5093],[130.9797,30.5093]]],[[[130.9796,30.5093],[130.9796,30.5093],[130.9796,30.5094],[130.9796,30.5093]]],[[[130.9794,30.5094],[130.9796,30.5094],[130.9793,30.5093],[130.9792,30.5094],[130.9794,30.5094]]],[[[130.9798,30.5094],[130.9799,30.5094],[130.9799,30.5094],[130.9798,30.5094]]],[[[130.9796,30.5094],[130.9796,30.5094],[130.9797,30.5094],[130.9796,30.5094]]],[[[130.9798,30.5094],[130.9798,30.5094],[130.9798,30.5094],[130.9798,30.5094]]],[[[130.9794,30.5095],[130.9794,30.5096],[130.9795,30.5096],[130.9794,30.5095]]],[[[130.98,30.5097],[130.98,30.5097],[130.98,30.5097],[130.98,30.5097]]],[[[130.9796,30.5101],[130.9796,30.5101],[130.9796,30.5101],[130.9796,30.5101]]],[[[130.9797,30.5101],[130.9797,30.5101],[130.9797,30.5101],[130.9797,30.5101]]],[[[130.9799,30.5101],[130.9798,30.5101],[130.9798,30.5101],[130.9799,30.5101]]],[[[130.9798,30.5103],[130.9798,30.5103],[130.9798,30.5103],[130.9798,30.5103]]],[[[130.98,30.5104],[130.9799,30.5104],[130.9799,30.5105],[130.98,30.5104]]],[[[130.9801,30.5105],[130.98,30.5105],[130.9801,30.5105],[130.9801,30.5105]]],[[[130.9796,30.5106],[130.9799,30.5107],[130.9798,30.5104],[130.9796,30.5106]]],[[[130.98,30.5106],[130.98,30.5106],[130.98,30.5106],[130.98,30.5106]]],[[[130.9801,30.5108],[130.9801,30.5108],[130.9801,30.5108],[130.9801,30.5108]]],[[[130.9797,30.5111],[130.9797,30.5111],[130.9797,30.5111],[130.9797,30.5111]]],[[[130.9796,30.5112],[130.9796,30.5111],[130.9796,30.5112],[130.9796,30.5112]]],[[[130.9795,30.5115],[130.9794,30.5115],[130.9795,30.5115],[130.9795,30.5115]]],[[[130.9795,30.5121],[130.9795,30.5121],[130.9795,30.5121],[130.9795,30.5121]]],[[[130.9796,30.5122],[130.9795,30.5121],[130.9796,30.5122],[130.9796,30.5122]]],[[[130.9797,30.5123],[130.9798,30.5123],[130.9796,30.5122],[130.9797,30.5123]]],[[[130.9801,30.5127],[130.9801,30.5127],[130.9801,30.5127],[130.9801,30.5127]]],[[[130.9795,30.5128],[130.9795,30.5128],[130.9794,30.5128],[130.9795,30.5128]]],[[[130.9795,30.5128],[130.9795,30.5128],[130.9795,30.5129],[130.9795,30.5128]]],[[[130.9798,30.5129],[130.9799,30.5129],[130.9798,30.5129],[130.9798,30.5129]]],[[[130.9799,30.513],[130.9799,30.513],[130.9799,30.513],[130.9799,30.513]]],[[[130.9797,30.513],[130.9797,30.513],[130.9797,30.513],[130.9797,30.513]]],[[[130.98,30.5131],[130.9799,30.5131],[130.98,30.5131],[130.98,30.5131]]],[[[130.9796,30.5131],[130.9796,30.5131],[130.9796,30.5131],[130.9796,30.5131]]],[[[130.9802,30.5134],[130.9801,30.5133],[130.9802,30.5134],[130.9802,30.5134]]],[[[130.9805,30.5136],[130.9805,30.5135],[130.9804,30.5135],[130.9805,30.5136]]],[[[130.9803,30.5137],[130.9803,30.5137],[130.9801,30.5135],[130.9803,30.5137]]],[[[130.98,30.5136],[130.9799,30.5135],[130.98,30.5136],[130.98,30.5136]]],[[[130.9801,30.5136],[130.9801,30.5136],[130.9801,30.5136],[130.9801,30.5136]]],[[[130.9795,30.5138],[130.9795,30.5138],[130.9795,30.5138],[130.9795,30.5138]]],[[[130.9794,30.514],[130.9795,30.5139],[130.9794,30.5138],[130.9794,30.514]]],[[[130.9797,30.514],[130.9797,30.514],[130.9797,30.514],[130.9797,30.514]]],[[[130.9795,30.5148],[130.9795,30.5148],[130.9795,30.5148],[130.9795,30.5148]]],[[[130.9795,30.515],[130.9795,30.515],[130.9795,30.515],[130.9795,30.515]]],[[[130.9812,30.5022],[130.9811,30.5021],[130.9811,30.5022],[130.9812,30.5022]]],[[[130.9964,30.537],[130.9964,30.537],[130.9963,30.537],[130.9964,30.537]]],[[[130.996,30.5372],[130.996,30.5372],[130.9959,30.5371],[130.996,30.5372]]],[[[130.9958,30.5371],[130.9958,30.5372],[130.9959,30.5372],[130.9958,30.5371]]],[[[130.9967,30.5393],[130.9967,30.5393],[130.9967,30.5393],[130.9967,30.5393]]],[[[130.9966,30.5394],[130.9966,30.5394],[130.9966,30.5394],[130.9966,30.5394]]],[[[130.9964,30.5407],[130.9964,30.5408],[130.9964,30.5407],[130.9964,30.5407]]],[[[130.9965,30.5408],[130.9965,30.5407],[130.9965,30.5408],[130.9965,30.5408]]],[[[130.997,30.5412],[130.9971,30.5412],[130.9971,30.5412],[130.997,30.5412]]],[[[130.9972,30.5415],[130.9972,30.5415],[130.9972,30.5415],[130.9972,30.5415]]],[[[130.9981,30.5441],[130.998,30.5441],[130.998,30.5442],[130.9981,30.5441]]],[[[130.9981,30.5441],[130.9982,30.5442],[130.9982,30.5441],[130.9981,30.5441]]],[[[130.9982,30.5442],[130.9982,30.5442],[130.9982,30.5442],[130.9982,30.5442]]],[[[130.9979,30.5446],[130.9979,30.5446],[130.9979,30.5446],[130.9979,30.5446]]],[[[130.998,30.5447],[130.998,30.5446],[130.998,30.5446],[130.998,30.5447]]],[[[130.9978,30.5447],[130.9976,30.5447],[130.9978,30.5448],[130.9978,30.5447]]],[[[130.9978,30.5448],[130.9979,30.5448],[130.9979,30.5448],[130.9978,30.5448]]],[[[130.9983,30.5449],[130.9983,30.5449],[130.9983,30.5449],[130.9983,30.5449]]],[[[130.9981,30.545],[130.9981,30.545],[130.9981,30.545],[130.9981,30.545]]],[[[130.9983,30.5451],[130.9983,30.545],[130.9983,30.545],[130.9983,30.5451]]],[[[130.9982,30.5451],[130.9982,30.5451],[130.9982,30.5451],[130.9982,30.5451]]],[[[131.0132,30.5452],[131.0135,30.5452],[131.0134,30.5451],[131.0132,30.5452]]],[[[130.9984,30.5452],[130.9984,30.5452],[130.9984,30.5452],[130.9984,30.5452]]],[[[130.9982,30.5453],[130.9982,30.5453],[130.9981,30.5453],[130.9982,30.5453]]],[[[131.0132,30.5459],[131.0131,30.5458],[131.0131,30.5458],[131.0132,30.5459]]],[[[131.0137,30.546],[131.0135,30.546],[131.0135,30.5461],[131.0137,30.546]]],[[[131.0133,30.5476],[131.0133,30.5475],[131.0133,30.5475],[131.0133,30.5476]]],[[[131.014,30.5479],[131.014,30.5478],[131.014,30.5478],[131.014,30.5479]]],[[[131.0139,30.5479],[131.0138,30.5479],[131.0138,30.5479],[131.0139,30.5479]]],[[[131.0211,30.5479],[131.021,30.548],[131.0211,30.5479],[131.0211,30.5479]]],[[[131.0138,30.5479],[131.0138,30.5479],[131.0138,30.548],[131.0138,30.5479]]],[[[131.0134,30.548],[131.0134,30.548],[131.0134,30.548],[131.0134,30.548]]],[[[131.0133,30.548],[131.0134,30.548],[131.0134,30.548],[131.0133,30.548]]],[[[131.015,30.5481],[131.0151,30.5479],[131.015,30.5481],[131.015,30.5481]]],[[[131.0141,30.548],[131.0138,30.548],[131.0142,30.5481],[131.0141,30.548]]],[[[131.0138,30.548],[131.0137,30.548],[131.0137,30.5481],[131.0138,30.548]]],[[[131.0142,30.5481],[131.0143,30.5481],[131.0143,30.548],[131.0142,30.5481]]],[[[131.0143,30.5481],[131.0143,30.5481],[131.0143,30.5481],[131.0143,30.5481]]],[[[131.0211,30.548],[131.0204,30.5485],[131.0206,30.5487],[131.0211,30.548]]],[[[131.0211,30.5483],[131.0212,30.5484],[131.0212,30.5483],[131.0211,30.5483]]],[[[131.0133,30.5484],[131.0134,30.5484],[131.0133,30.5484],[131.0133,30.5484]]],[[[131.0021,30.5485],[131.0021,30.5484],[131.0019,30.5484],[131.0021,30.5485]]],[[[131.009,30.5484],[131.009,30.5485],[131.009,30.5484],[131.009,30.5484]]],[[[131.0092,30.5484],[131.0092,30.5485],[131.0093,30.5485],[131.0092,30.5484]]],[[[131.0093,30.5485],[131.0093,30.5485],[131.0093,30.5485],[131.0093,30.5485]]],[[[131.0089,30.5486],[131.0089,30.5485],[131.0088,30.5485],[131.0089,30.5486]]],[[[131.0127,30.5486],[131.0127,30.5486],[131.0127,30.5486],[131.0127,30.5486]]],[[[131.0091,30.5486],[131.0091,30.5485],[131.0091,30.5486],[131.0091,30.5486]]],[[[131.0126,30.5486],[131.0126,30.5486],[131.0126,30.5486],[131.0126,30.5486]]],[[[131.0213,30.5487],[131.0213,30.5488],[131.0213,30.5487],[131.0213,30.5487]]],[[[131.0213,30.5489],[131.0212,30.5489],[131.0211,30.549],[131.0213,30.5489]]],[[[131.021,30.549],[131.021,30.5491],[131.0211,30.5491],[131.021,30.549]]],[[[131.0209,30.549],[131.0209,30.549],[131.0209,30.5491],[131.0209,30.549]]],[[[131.0125,30.5491],[131.0125,30.5491],[131.0125,30.5491],[131.0125,30.5491]]],[[[131.0126,30.5491],[131.0126,30.5491],[131.0126,30.5491],[131.0126,30.5491]]],[[[131.0211,30.5492],[131.0212,30.5492],[131.0211,30.5491],[131.0211,30.5492]]],[[[131.017,30.5493],[131.0169,30.5492],[131.0169,30.5494],[131.017,30.5493]]],[[[131.0116,30.5493],[131.0116,30.5493],[131.0116,30.5493],[131.0116,30.5493]]],[[[131.017,30.5493],[131.0169,30.5493],[131.0169,30.5494],[131.017,30.5493]]],[[[131.0114,30.5494],[131.0113,30.5494],[131.0114,30.5494],[131.0114,30.5494]]],[[[131.0087,30.5502],[131.0086,30.5498],[131.0067,30.5486],[131.0087,30.5502]]],[[[131.0086,30.5495],[131.0086,30.5495],[131.0086,30.5495],[131.0086,30.5495]]],[[[131.0095,30.5496],[131.0094,30.5496],[131.0095,30.5496],[131.0095,30.5496]]],[[[131.0094,30.5497],[131.0094,30.5497],[131.0094,30.5496],[131.0094,30.5497]]],[[[131.01,30.5499],[131.0099,30.5498],[131.0097,30.5498],[131.01,30.5499]]],[[[131.0096,30.5499],[131.0095,30.5498],[131.0095,30.5498],[131.0096,30.5499]]],[[[131.0094,30.5499],[131.0095,30.5499],[131.0094,30.5499],[131.0094,30.5499]]],[[[131.0093,30.55],[131.0094,30.5499],[131.0093,30.5499],[131.0093,30.55]]],[[[131.0089,30.55],[131.009,30.55],[131.009,30.5499],[131.0089,30.55]]],[[[131.0189,30.5503],[131.0188,30.5503],[131.0188,30.5503],[131.0189,30.5503]]],[[[131.0193,30.5504],[131.0193,30.5504],[131.0194,30.5504],[131.0193,30.5504]]],[[[131.021,30.5534],[131.0209,30.5535],[131.0209,30.5535],[131.021,30.5534]]],[[[131.0213,30.5535],[131.0212,30.5536],[131.0213,30.5536],[131.0213,30.5535]]],[[[131.0239,30.5536],[131.0239,30.5535],[131.0238,30.5535],[131.0239,30.5536]]],[[[131.0242,30.5536],[131.0241,30.5536],[131.0241,30.5536],[131.0242,30.5536]]],[[[131.0237,30.5537],[131.0237,30.5537],[131.0237,30.5537],[131.0237,30.5537]]],[[[131.0225,30.5537],[131.0225,30.5537],[131.0225,30.5537],[131.0225,30.5537]]],[[[131.0226,30.5538],[131.0226,30.5537],[131.0225,30.5538],[131.0226,30.5538]]],[[[131.0225,30.5538],[131.0225,30.5538],[131.0225,30.5538],[131.0225,30.5538]]],[[[131.0237,30.5539],[131.0238,30.5538],[131.0237,30.5538],[131.0237,30.5539]]],[[[131.0243,30.5539],[131.0242,30.5539],[131.0243,30.5539],[131.0243,30.5539]]],[[[131.0224,30.554],[131.0224,30.5539],[131.0224,30.5539],[131.0224,30.554]]],[[[131.0223,30.554],[131.0223,30.554],[131.0223,30.554],[131.0223,30.554]]],[[[131.0223,30.5541],[131.0223,30.5541],[131.0223,30.554],[131.0223,30.5541]]],[[[131.0236,30.5542],[131.0236,30.5539],[131.0236,30.5541],[131.0236,30.5542]]],[[[131.0223,30.5541],[131.0223,30.5541],[131.0223,30.5541],[131.0223,30.5541]]],[[[131.0284,30.5541],[131.0282,30.5544],[131.0284,30.5545],[131.0284,30.5541]]],[[[131.0228,30.5544],[131.0229,30.5544],[131.0228,30.5543],[131.0228,30.5544]]],[[[131.0227,30.5543],[131.0226,30.5543],[131.0227,30.5544],[131.0227,30.5543]]],[[[131.0286,30.5544],[131.0288,30.5544],[131.0286,30.5543],[131.0286,30.5544]]],[[[131.0286,30.5546],[131.0287,30.5544],[131.0286,30.5545],[131.0286,30.5546]]],[[[131.0238,30.5545],[131.0238,30.5545],[131.0237,30.5547],[131.0238,30.5545]]],[[[131.0277,30.5546],[131.0277,30.5547],[131.0277,30.5546],[131.0277,30.5546]]],[[[131.0278,30.5547],[131.0279,30.5546],[131.0278,30.5546],[131.0278,30.5547]]],[[[131.0275,30.5547],[131.0275,30.5545],[131.0273,30.5546],[131.0275,30.5547]]],[[[131.0231,30.5547],[131.0231,30.5546],[131.0231,30.5546],[131.0231,30.5547]]],[[[131.0225,30.5547],[131.0226,30.5547],[131.0225,30.5547],[131.0225,30.5547]]],[[[131.0226,30.5547],[131.0226,30.5547],[131.0226,30.5548],[131.0226,30.5547]]],[[[131.0282,30.5547],[131.0282,30.5548],[131.0282,30.5547],[131.0282,30.5547]]],[[[131.0226,30.5548],[131.0226,30.5548],[131.0226,30.5548],[131.0226,30.5548]]],[[[131.0229,30.5548],[131.0232,30.5547],[131.0232,30.5547],[131.0229,30.5548]]],[[[131.0237,30.5548],[131.0237,30.5547],[131.0235,30.5549],[131.0237,30.5548]]],[[[131.0272,30.5547],[131.0273,30.5549],[131.0273,30.5547],[131.0272,30.5547]]],[[[131.0281,30.5548],[131.0281,30.5548],[131.0281,30.5548],[131.0281,30.5548]]],[[[131.0231,30.5548],[131.0232,30.5548],[131.0231,30.5548],[131.0231,30.5548]]],[[[131.0274,30.5549],[131.0273,30.5549],[131.0274,30.5549],[131.0274,30.5549]]],[[[131.0233,30.555],[131.0233,30.5549],[131.0233,30.5549],[131.0233,30.555]]],[[[131.0232,30.555],[131.0233,30.555],[131.0232,30.5549],[131.0232,30.555]]],[[[131.0232,30.555],[131.0232,30.555],[131.0233,30.555],[131.0232,30.555]]],[[[131.0274,30.555],[131.0274,30.555],[131.0273,30.5551],[131.0274,30.555]]],[[[131.0232,30.5552],[131.0233,30.5552],[131.0232,30.5551],[131.0232,30.5552]]],[[[131.0285,30.5553],[131.0285,30.5553],[131.0285,30.5553],[131.0285,30.5553]]],[[[131.0241,30.5554],[131.0242,30.5554],[131.0242,30.5553],[131.0241,30.5554]]],[[[131.0285,30.5554],[131.0285,30.5554],[131.0285,30.5553],[131.0285,30.5554]]],[[[131.0241,30.5554],[131.0242,30.5554],[131.0241,30.5554],[131.0241,30.5554]]],[[[131.0241,30.5555],[131.0242,30.5555],[131.0241,30.5555],[131.0241,30.5555]]],[[[131.0237,30.5556],[131.0237,30.5556],[131.0237,30.5556],[131.0237,30.5556]]],[[[131.0283,30.5557],[131.0282,30.5556],[131.0282,30.5557],[131.0283,30.5557]]],[[[131.0237,30.5556],[131.0236,30.5557],[131.0237,30.5557],[131.0237,30.5556]]],[[[131.0241,30.5557],[131.024,30.5557],[131.0241,30.5558],[131.0241,30.5557]]],[[[131.0282,30.5558],[131.0282,30.5558],[131.0282,30.5558],[131.0282,30.5558]]],[[[131.0281,30.5558],[131.0281,30.5558],[131.0281,30.5558],[131.0281,30.5558]]],[[[131.0236,30.5559],[131.0236,30.556],[131.0236,30.5557],[131.0236,30.5559]]],[[[131.0238,30.556],[131.024,30.5559],[131.0238,30.5558],[131.0238,30.556]]],[[[131.0271,30.556],[131.0271,30.556],[131.0271,30.556],[131.0271,30.556]]],[[[131.0284,30.556],[131.0284,30.556],[131.0285,30.556],[131.0284,30.556]]],[[[131.024,30.556],[131.024,30.556],[131.0239,30.556],[131.024,30.556]]],[[[131.028,30.5561],[131.028,30.556],[131.028,30.5561],[131.028,30.5561]]],[[[131.028,30.556],[131.028,30.5561],[131.028,30.556],[131.028,30.556]]],[[[131.0281,30.5561],[131.0281,30.5561],[131.0281,30.5561],[131.0281,30.5561]]],[[[131.026,30.5566],[131.026,30.5567],[131.026,30.5566],[131.026,30.5566]]],[[[131.0269,30.5567],[131.0269,30.5567],[131.027,30.5567],[131.0269,30.5567]]],[[[131.0265,30.5567],[131.0265,30.5567],[131.0265,30.5567],[131.0265,30.5567]]],[[[131.0248,30.5571],[131.0249,30.5571],[131.0248,30.557],[131.0248,30.5571]]],[[[131.0261,30.5572],[131.0262,30.5572],[131.0262,30.5569],[131.0261,30.5572]]],[[[131.0248,30.5572],[131.0248,30.5572],[131.0248,30.5572],[131.0248,30.5572]]],[[[131.0281,30.5595],[131.0281,30.5595],[131.0281,30.5595],[131.0281,30.5595]]],[[[131.0278,30.5597],[131.0278,30.5597],[131.0277,30.5597],[131.0278,30.5597]]],[[[131.0278,30.5598],[131.0278,30.5598],[131.0278,30.5598],[131.0278,30.5598]]],[[[131.0284,30.5598],[131.0283,30.5598],[131.0284,30.5599],[131.0284,30.5598]]],[[[131.0277,30.5599],[131.0277,30.5599],[131.0277,30.5599],[131.0277,30.5599]]],[[[131.0277,30.56],[131.0277,30.56],[131.0277,30.56],[131.0277,30.56]]],[[[131.0276,30.56],[131.0276,30.56],[131.0276,30.56],[131.0276,30.56]]],[[[131.0279,30.5602],[131.0279,30.5602],[131.0279,30.5602],[131.0279,30.5602]]],[[[131.0281,30.5603],[131.0281,30.5603],[131.0281,30.5602],[131.0281,30.5603]]],[[[131.0279,30.5603],[131.0279,30.5604],[131.028,30.5604],[131.0279,30.5603]]],[[[131.0308,30.555],[131.0309,30.5551],[131.0311,30.5551],[131.0308,30.555]]],[[[131.0325,30.5552],[131.0326,30.5553],[131.0326,30.5552],[131.0325,30.5552]]],[[[131.0307,30.5552],[131.0308,30.5555],[131.031,30.5553],[131.0307,30.5552]]],[[[131.0324,30.5552],[131.0326,30.5557],[131.0327,30.5555],[131.0324,30.5552]]],[[[131.0325,30.5555],[131.0323,30.5555],[131.0325,30.5556],[131.0325,30.5555]]],[[[131.0323,30.5557],[131.0322,30.5556],[131.0322,30.5556],[131.0323,30.5557]]],[[[131.0308,30.5558],[131.0309,30.5557],[131.0308,30.5556],[131.0308,30.5558]]],[[[131.0305,30.5559],[131.0306,30.5559],[131.0305,30.5558],[131.0305,30.5559]]],[[[131.0307,30.5559],[131.0307,30.5561],[131.031,30.556],[131.0307,30.5559]]],[[[131.0322,30.5561],[131.0324,30.556],[131.0324,30.556],[131.0322,30.5561]]],[[[131.0325,30.5561],[131.0322,30.5562],[131.0322,30.5562],[131.0325,30.5561]]],[[[131.0292,30.5562],[131.0291,30.5562],[131.0292,30.5562],[131.0292,30.5562]]],[[[131.0333,30.5562],[131.0333,30.5562],[131.0332,30.5562],[131.0333,30.5562]]],[[[131.0311,30.556],[131.0302,30.5563],[131.0311,30.5563],[131.0316,30.5564],[131.0311,30.556]]],[[[131.0334,30.5562],[131.0333,30.5562],[131.0334,30.5562],[131.0334,30.5562]]],[[[131.0327,30.5564],[131.0327,30.5564],[131.0327,30.5564],[131.0327,30.5564]]],[[[131.0288,30.5567],[131.0289,30.5567],[131.0288,30.5567],[131.0288,30.5567]]],[[[131.0326,30.5567],[131.0326,30.5569],[131.0328,30.5568],[131.0326,30.5567]]],[[[131.03,30.5566],[131.0301,30.5569],[131.0301,30.5568],[131.03,30.5566]]],[[[131.0319,30.5568],[131.0315,30.5568],[131.0317,30.557],[131.0319,30.5568]]],[[[131.0291,30.557],[131.0289,30.557],[131.0291,30.5572],[131.0291,30.557]]],[[[131.0304,30.5571],[131.0306,30.5572],[131.0305,30.557],[131.0304,30.5571]]],[[[131.0307,30.5572],[131.0306,30.5571],[131.0306,30.5571],[131.0307,30.5572]]],[[[131.0302,30.5571],[131.0305,30.5577],[131.0305,30.5575],[131.0302,30.5571]]],[[[131.0297,30.5575],[131.0298,30.5575],[131.0297,30.5575],[131.0297,30.5575]]],[[[131.0296,30.5584],[131.0297,30.5581],[131.0296,30.5581],[131.0296,30.5584]]],[[[131.0298,30.5586],[131.0298,30.5585],[131.0298,30.5586],[131.0298,30.5586]]],[[[131.029,30.5591],[131.029,30.5591],[131.029,30.5591],[131.029,30.5591]]],[[[131.0299,30.5593],[131.0298,30.5593],[131.0299,30.5593],[131.0299,30.5593]]],[[[131.0289,30.5593],[131.0289,30.5593],[131.0289,30.5593],[131.0289,30.5593]]],[[[131.0298,30.5593],[131.0294,30.5592],[131.0296,30.5595],[131.0298,30.5593]]],[[[131.0289,30.5594],[131.0289,30.5594],[131.0289,30.5594],[131.0289,30.5594]]],[[[131.03,30.5596],[131.0298,30.5596],[131.0299,30.5598],[131.03,30.5596]]],[[[131.0301,30.5598],[131.0302,30.5599],[131.0302,30.5599],[131.0301,30.5598]]],[[[131.0299,30.5599],[131.0299,30.5599],[131.0299,30.5599],[131.0299,30.5599]]],[[[131.0291,30.5602],[131.0291,30.5602],[131.0291,30.5601],[131.0291,30.5602]]],[[[131.0291,30.5603],[131.0291,30.5603],[131.0291,30.5603],[131.0291,30.5603]]],[[[131.029,30.5603],[131.0293,30.5605],[131.0293,30.5604],[131.029,30.5603]]],[[[131.0321,30.5628],[131.0323,30.5626],[131.0322,30.5627],[131.0319,30.5628],[131.0321,30.5628]]],[[[131.0313,30.563],[131.0314,30.563],[131.0312,30.5629],[131.0313,30.563]]],[[[131.0306,30.564],[131.0314,30.5634],[131.0306,30.563],[131.0306,30.564]]],[[[131.0306,30.5639],[131.0306,30.5638],[131.0306,30.5639],[131.0306,30.5639]]],[[[131.0305,30.5639],[131.0304,30.5639],[131.0305,30.5641],[131.0305,30.5639]]],[[[131.0311,30.5644],[131.0311,30.5644],[131.0311,30.5644],[131.0311,30.5644]]],[[[131.0311,30.5645],[131.0311,30.5646],[131.0311,30.5646],[131.0311,30.5645]]],[[[131.0312,30.5646],[131.0312,30.5646],[131.0312,30.5647],[131.0312,30.5646]]],[[[131.0324,30.5646],[131.0325,30.5648],[131.0326,30.5648],[131.0324,30.5646]]],[[[131.032,30.5648],[131.0321,30.5649],[131.032,30.5648],[131.032,30.5648]]],[[[131.0321,30.5649],[131.0321,30.5649],[131.0321,30.5648],[131.0321,30.5649]]],[[[131.0334,30.5652],[131.0335,30.565],[131.0333,30.565],[131.0334,30.5652]]],[[[131.0329,30.5656],[131.0328,30.5655],[131.0329,30.5656],[131.0329,30.5656]]],[[[131.0326,30.5668],[131.0327,30.5668],[131.0326,30.5666],[131.0326,30.5668]]],[[[131.033,30.5667],[131.033,30.5667],[131.033,30.5667],[131.033,30.5667]]],[[[131.0331,30.5668],[131.0331,30.5669],[131.0331,30.5669],[131.0331,30.5668]]],[[[131.0332,30.5671],[131.0332,30.5671],[131.0332,30.5671],[131.0332,30.5671]]],[[[131.0326,30.5677],[131.0327,30.5677],[131.0326,30.5677],[131.0326,30.5677]]],[[[131.0326,30.5677],[131.0326,30.5677],[131.0326,30.5677],[131.0326,30.5677]]],[[[131.0327,30.5677],[131.0327,30.5677],[131.0327,30.5677],[131.0327,30.5677]]],[[[131.0333,30.5707],[131.0335,30.5707],[131.0333,30.5706],[131.0333,30.5707]]],[[[131.033,30.5707],[131.033,30.5707],[131.0331,30.5706],[131.033,30.5707]]],[[[131.0334,30.5817],[131.0334,30.5817],[131.0334,30.5817],[131.0334,30.5817]]],[[[131.0333,30.5818],[131.0333,30.5818],[131.0333,30.5818],[131.0333,30.5818]]],[[[131.0329,30.5824],[131.0329,30.5823],[131.0329,30.5824],[131.0329,30.5824]]],[[[131.033,30.5825],[131.0329,30.5825],[131.033,30.5825],[131.033,30.5825]]],[[[131.0331,30.5825],[131.0331,30.5825],[131.0331,30.5825],[131.0331,30.5825]]],[[[131.0331,30.5827],[131.0331,30.5826],[131.0331,30.5827],[131.0331,30.5827]]],[[[131.033,30.5827],[131.033,30.5827],[131.033,30.5827],[131.033,30.5827]]],[[[131.0331,30.5827],[131.0331,30.5827],[131.0331,30.5827],[131.0331,30.5827]]],[[[131.033,30.5828],[131.033,30.5827],[131.0329,30.5827],[131.033,30.5828]]],[[[131.0331,30.5828],[131.0331,30.5829],[131.0331,30.5828],[131.0331,30.5828]]],[[[131.033,30.5829],[131.033,30.5828],[131.033,30.5829],[131.033,30.5829]]],[[[131.0329,30.583],[131.0328,30.583],[131.0329,30.583],[131.0329,30.583]]],[[[131.0331,30.583],[131.0331,30.583],[131.0331,30.583],[131.0331,30.583]]],[[[131.0384,30.5556],[131.0387,30.5551],[131.038,30.5554],[131.0384,30.5556]]],[[[131.0345,30.556],[131.0347,30.5559],[131.0346,30.5557],[131.0345,30.556]]],[[[131.0346,30.5557],[131.0352,30.5563],[131.0352,30.5556],[131.0346,30.5557]]],[[[131.0334,30.556],[131.0334,30.5561],[131.0334,30.556],[131.0334,30.556]]],[[[131.035,30.5561],[131.0351,30.5564],[131.0351,30.5562],[131.035,30.5561]]],[[[131.034,30.557],[131.0339,30.5567],[131.0337,30.5568],[131.034,30.557]]],[[[131.0356,30.5581],[131.0355,30.5577],[131.0354,30.5577],[131.0356,30.5581]]],[[[131.0337,30.5619],[131.0337,30.5621],[131.0337,30.5619],[131.0337,30.5619]]],[[[131.0341,30.5646],[131.0341,30.5646],[131.0341,30.5646],[131.0341,30.5646]]],[[[131.0344,30.5646],[131.0344,30.5646],[131.0344,30.5646],[131.0344,30.5646]]],[[[131.0343,30.5647],[131.0343,30.5647],[131.0343,30.5647],[131.0343,30.5647]]],[[[131.034,30.5646],[131.0339,30.5648],[131.034,30.5648],[131.0343,30.5647],[131.034,30.5646]]],[[[131.0344,30.5648],[131.0344,30.5648],[131.0344,30.5648],[131.0344,30.5648]]],[[[131.0344,30.5648],[131.0344,30.5648],[131.0343,30.5648],[131.0344,30.5648]]],[[[131.0344,30.5649],[131.0344,30.5648],[131.0344,30.5649],[131.0344,30.5649]]],[[[131.0341,30.5651],[131.034,30.5649],[131.0339,30.5649],[131.0341,30.5651]]],[[[131.0333,30.5654],[131.0335,30.5653],[131.0334,30.5652],[131.0333,30.5654]]],[[[131.0362,30.5659],[131.0361,30.5657],[131.0361,30.5657],[131.0362,30.5659]]],[[[131.0336,30.5683],[131.0335,30.5683],[131.0336,30.5684],[131.0336,30.5683]]],[[[131.0337,30.5684],[131.0337,30.5684],[131.0336,30.5684],[131.0337,30.5684]]],[[[131.0343,30.5685],[131.0343,30.5684],[131.0342,30.5685],[131.0343,30.5685]]],[[[131.0345,30.5707],[131.0344,30.5706],[131.0345,30.5707],[131.0345,30.5707]]],[[[131.0345,30.5707],[131.0347,30.571],[131.0349,30.5709],[131.0345,30.5707]]],[[[131.0345,30.5709],[131.0345,30.5709],[131.0345,30.5709],[131.0345,30.5709]]],[[[131.0344,30.5711],[131.0344,30.5711],[131.0344,30.571],[131.0344,30.5711]]],[[[131.0347,30.5711],[131.0346,30.5711],[131.0347,30.5712],[131.0347,30.5711]]],[[[131.0345,30.5723],[131.034,30.5718],[131.0342,30.5723],[131.0345,30.5723]]],[[[131.0361,30.574],[131.0361,30.5739],[131.036,30.5739],[131.0361,30.574]]],[[[131.036,30.5742],[131.036,30.574],[131.0358,30.5742],[131.036,30.5742]]],[[[131.0348,30.5744],[131.0348,30.5744],[131.0348,30.5744],[131.0348,30.5744]]],[[[131.0352,30.5744],[131.0352,30.5745],[131.0353,30.5744],[131.0352,30.5744]]],[[[131.0381,30.5749],[131.038,30.575],[131.0382,30.5749],[131.0381,30.5749]]],[[[131.0346,30.5756],[131.0346,30.5756],[131.0346,30.5756],[131.0346,30.5756]]],[[[131.0347,30.5758],[131.0347,30.5758],[131.0347,30.5758],[131.0347,30.5758]]],[[[131.0348,30.576],[131.0349,30.576],[131.0349,30.576],[131.0348,30.576]]],[[[131.0351,30.5763],[131.035,30.5761],[131.035,30.5763],[131.0351,30.5763]]],[[[131.0368,30.5765],[131.0369,30.5763],[131.0367,30.5762],[131.0368,30.5765]]],[[[131.0343,30.5767],[131.0343,30.5767],[131.0344,30.5768],[131.0343,30.5767]]],[[[131.0363,30.5769],[131.0363,30.5769],[131.0363,30.5769],[131.0363,30.5769]]],[[[131.0348,30.577],[131.0347,30.5768],[131.0347,30.5769],[131.0348,30.577]]],[[[131.0362,30.577],[131.0362,30.577],[131.0362,30.577],[131.0362,30.577]]],[[[131.0345,30.5771],[131.0345,30.5771],[131.0345,30.5771],[131.0345,30.5771]]],[[[131.0345,30.5771],[131.0347,30.577],[131.0345,30.577],[131.0345,30.5771],[131.0345,30.5771]]],[[[131.0344,30.5771],[131.0344,30.5771],[131.0344,30.5771],[131.0344,30.5771]]],[[[131.0344,30.5772],[131.0344,30.5772],[131.0344,30.5772],[131.0344,30.5772]]],[[[131.035,30.5775],[131.0351,30.5774],[131.035,30.5774],[131.035,30.5775]]],[[[131.0355,30.5784],[131.0355,30.5784],[131.0354,30.5784],[131.0355,30.5784]]],[[[131.0354,30.5784],[131.0354,30.5784],[131.0353,30.5784],[131.0354,30.5784]]],[[[131.0349,30.5786],[131.0348,30.5786],[131.0348,30.5786],[131.0349,30.5786]]],[[[131.0361,30.5792],[131.0363,30.5792],[131.0363,30.5791],[131.0361,30.5792]]],[[[131.0351,30.5792],[131.0351,30.5792],[131.0351,30.5793],[131.0351,30.5792]]],[[[131.035,30.5793],[131.0351,30.5793],[131.0351,30.5792],[131.035,30.5793]]],[[[131.0359,30.5793],[131.036,30.5796],[131.0361,30.5794],[131.0359,30.5793]]],[[[131.0354,30.5798],[131.0355,30.5797],[131.0354,30.5797],[131.0354,30.5798]]],[[[131.0365,30.5805],[131.0367,30.5801],[131.0364,30.5799],[131.0365,30.5805]]],[[[131.0381,30.5805],[131.0377,30.5804],[131.0378,30.5804],[131.038,30.5806],[131.0381,30.5805]]],[[[131.0378,30.5804],[131.0377,30.5804],[131.0377,30.5806],[131.0378,30.5804]]],[[[131.0377,30.5808],[131.0378,30.5806],[131.0377,30.5806],[131.0377,30.5808]]],[[[131.036,30.581],[131.0361,30.581],[131.036,30.5809],[131.036,30.581]]],[[[131.0342,30.5813],[131.0343,30.5813],[131.0342,30.5812],[131.0342,30.5813]]],[[[131.0379,30.5814],[131.0379,30.5814],[131.038,30.5812],[131.0379,30.5814]]],[[[131.0383,30.5815],[131.0382,30.5815],[131.0383,30.5816],[131.0383,30.5815]]],[[[131.0371,30.5815],[131.0371,30.5816],[131.0371,30.5816],[131.0371,30.5815]]],[[[131.0379,30.5818],[131.038,30.5815],[131.0378,30.5817],[131.0379,30.5818]]],[[[131.0337,30.5822],[131.0337,30.5822],[131.0337,30.5822],[131.0337,30.5822]]],[[[131.0339,30.5823],[131.0339,30.5823],[131.0339,30.5822],[131.0339,30.5823]]]]}},{"type":"Feature","properties":{"code":"46502","name":"南種子町","pref_code":"46","pref":"鹿児島県"},"geometry":{"type":"MultiPolygon","coordinates":[[[[130.8579,30.368],[130.8579,30.368],[130.8579,30.368],[130.8579,30.368]]],[[[130.8578,30.368],[130.8578,30.368],[130.8578,30.368],[130.8578,30.368]]],[[[130.8579,30.368],[130.8579,30.368],[130.8578,30.368],[130.8579,30.368]]],[[[130.8579,30.3681],[130.858,30.3681],[130.858,30.368],[130.8579,30.3681]]],[[[130.8582,30.3682],[130.858,30.3681],[130.8582,30.3682],[130.8582,30.3682]]],[[[130.8581,30.3683],[130.858,30.3681],[130.858,30.3682],[130.8577,30.3681],[130.8581,30.3683]]],[[[130.8576,30.3682],[130.8577,30.3683],[130.8576,30.3681],[130.8576,30.3682]]],[[[130.8577,30.3684],[130.8576,30.3682],[130.8575,30.3682],[130.8577,30.3684]]],[[[130.8578,30.3683],[130.8577,30.3682],[130.8578,30.3683],[130.8578,30.3683]]],[[[130.8581,30.3683],[130.8582,30.3684],[130.8581,30.3683],[130.8581,30.3683]]],[[[130.8576,30.3684],[130.8576,30.3684],[130.8575,30.3683],[130.8576,30.3684]]],[[[130.858,30.3683],[130.8579,30.3683],[130.8579,30.3684],[130.858,30.3685],[130.858,30.3683]]],[[[130.8582,30.3684],[130.8581,30.3684],[130.8582,30.3685],[130.8582,30.3684]]],[[[130.858,30.3684],[130.8581,30.3685],[130.8581,30.3685],[130.858,30.3684]]],[[[130.8578,30.3685],[130.8581,30.3685],[130.8579,30.3684],[130.8578,30.3685]]],[[[130.8581,30.3685],[130.8582,30.3685],[130.8581,30.3685],[130.8581,30.3685]]],[[[130.8575,30.3685],[130.8575,30.3685],[130.8574,30.3685],[130.8575,30.3685]]],[[[130.8575,30.3686],[130.8576,30.3686],[130.8575,30.3685],[130.8575,30.3686]]],[[[130.8576,30.3686],[130.8576,30.3686],[130.8576,30.3686],[130.8576,30.3686]]],[[[130.8571,30.3686],[130.8571,30.3686],[130.8571,30.3686],[130.8571,30.3686]]],[[[130.8572,30.3686],[130.8572,30.3686],[130.8572,30.3686],[130.8572,30.3686]]],[[[130.8576,30.3686],[130.8576,30.3687],[130.8577,30.3686],[130.8576,30.3686]]],[[[130.857,30.3687],[130.8571,30.3687],[130.8571,30.3687],[130.857,30.3687]]],[[[130.8574,30.3688],[130.8573,30.3687],[130.8573,30.3688],[130.8574,30.3688]]],[[[130.8571,30.3688],[130.8571,30.3687],[130.857,30.3687],[130.8571,30.3688]]],[[[130.8576,30.3688],[130.8575,30.3688],[130.8575,30.3688],[130.8576,30.3688]]],[[[130.8578,30.3688],[130.8578,30.3688],[130.8578,30.3688],[130.8578,30.3688]]],[[[130.8573,30.369],[130.8574,30.3689],[130.8572,30.3688],[130.8573,30.369]]],[[[130.8577,30.369],[130.8577,30.3688],[130.8576,30.369],[130.8577,30.369]]],[[[130.857,30.3689],[130.8571,30.369],[130.8571,30.369],[130.857,30.3689]]],[[[130.8575,30.369],[130.8575,30.3689],[130.8574,30.369],[130.8575,30.369]]],[[[130.8576,30.369],[130.8576,30.369],[130.8576,30.369],[130.8576,30.369]]],[[[130.8575,30.3691],[130.8575,30.369],[130.8575,30.3691],[130.8575,30.3691]]],[[[130.8578,30.3691],[130.8579,30.3691],[130.8576,30.369],[130.8575,30.3691],[130.8578,30.3691]]],[[[130.8572,30.3691],[130.8574,30.3691],[130.8574,30.3691],[130.8572,30.3691]]],[[[130.8574,30.3691],[130.8575,30.3692],[130.8574,30.3691],[130.8574,30.3691]]],[[[130.8571,30.3693],[130.857,30.3692],[130.857,30.3691],[130.8571,30.3693]]],[[[130.8573,30.3693],[130.8573,30.3694],[130.8573,30.3694],[130.8573,30.3693]]],[[[130.8573,30.3694],[130.8573,30.3694],[130.8573,30.3694],[130.8573,30.3694]]],[[[130.8574,30.3694],[130.8574,30.3694],[130.8575,30.3694],[130.8574,30.3694]]],[[[130.8566,30.3694],[130.8567,30.3695],[130.8568,30.3695],[130.8566,30.3694]]],[[[130.8572,30.3695],[130.8572,30.3695],[130.8572,30.3695],[130.8572,30.3695]]],[[[130.8573,30.3696],[130.8573,30.3697],[130.8573,30.3696],[130.8573,30.3696]]],[[[130.8576,30.3698],[130.8577,30.3697],[130.8573,30.3695],[130.8576,30.3698]]],[[[130.8572,30.3697],[130.8575,30.3698],[130.8575,30.3698],[130.8572,30.3697]]],[[[130.8573,30.3698],[130.8573,30.3699],[130.8574,30.3699],[130.8573,30.3698]]],[[[130.8576,30.3699],[130.8576,30.3699],[130.8575,30.3699],[130.8576,30.3699]]],[[[130.8577,30.37],[130.8578,30.3699],[130.8577,30.3699],[130.8577,30.37]]],[[[130.8568,30.37],[130.8568,30.37],[130.8568,30.37],[130.8568,30.37]]],[[[130.8567,30.3701],[130.8567,30.3701],[130.8567,30.3701],[130.8567,30.3701]]],[[[130.857,30.3701],[130.857,30.3701],[130.8571,30.3701],[130.857,30.3701]]],[[[130.8572,30.3702],[130.8573,30.3702],[130.8572,30.3701],[130.8572,30.3702]]],[[[130.8567,30.3703],[130.8567,30.3703],[130.8566,30.3702],[130.8566,30.3702],[130.8567,30.3703]]],[[[130.8571,30.3702],[130.857,30.3702],[130.8571,30.3703],[130.8571,30.3702]]],[[[130.8578,30.3703],[130.8578,30.3702],[130.8577,30.3703],[130.8578,30.3703]]],[[[130.8573,30.3703],[130.8572,30.3703],[130.8573,30.3703],[130.8573,30.3703]]],[[[130.8575,30.3705],[130.8574,30.3702],[130.8572,30.3702],[130.8575,30.3705]]],[[[130.8579,30.3704],[130.8579,30.3704],[130.8579,30.3703],[130.8579,30.3704]]],[[[130.8574,30.3704],[130.8574,30.3704],[130.8573,30.3704],[130.8574,30.3704]]],[[[130.8578,30.3704],[130.8579,30.3704],[130.8578,30.3704],[130.8578,30.3704]]],[[[130.8578,30.3705],[130.8578,30.3704],[130.8577,30.3705],[130.8578,30.3705]]],[[[130.8578,30.3705],[130.8578,30.3705],[130.8578,30.3705],[130.8578,30.3705]]],[[[130.8574,30.3705],[130.8575,30.3705],[130.8575,30.3705],[130.8574,30.3705]]],[[[130.8574,30.3705],[130.8574,30.3706],[130.8574,30.3705],[130.8574,30.3705]]],[[[130.8574,30.3708],[130.8572,30.3708],[130.8574,30.3709],[130.8574,30.3708]]],[[[130.8563,30.3708],[130.8563,30.3709],[130.8563,30.3708],[130.8563,30.3708]]],[[[130.8574,30.371],[130.8572,30.3708],[130.8572,30.3708],[130.8574,30.371]]],[[[130.8571,30.3709],[130.8572,30.3711],[130.8572,30.3709],[130.8571,30.3709]]],[[[130.8569,30.371],[130.8569,30.371],[130.857,30.371],[130.8569,30.371]]],[[[130.8569,30.3711],[130.857,30.3711],[130.8569,30.371],[130.8569,30.3711]]],[[[130.8568,30.3711],[130.8566,30.3711],[130.8567,30.3711],[130.8568,30.3711]]],[[[130.857,30.3712],[130.857,30.3711],[130.857,30.3712],[130.857,30.3712]]],[[[130.8571,30.3712],[130.8571,30.3712],[130.8571,30.3712],[130.8571,30.3712]]],[[[130.8573,30.3712],[130.8572,30.3712],[130.8573,30.3712],[130.8573,30.3712]]],[[[130.8573,30.3714],[130.8573,30.3712],[130.8572,30.3713],[130.8573,30.3714]]],[[[130.8574,30.3714],[130.8574,30.3713],[130.8574,30.3713],[130.8574,30.3714]]],[[[130.8572,30.3714],[130.8572,30.3713],[130.8572,30.3713],[130.8572,30.3714]]],[[[130.8571,30.3714],[130.8571,30.3714],[130.8571,30.3714],[130.8571,30.3714]]],[[[130.8572,30.3715],[130.8572,30.3716],[130.8572,30.3716],[130.8572,30.3715]]],[[[130.8574,30.3716],[130.8572,30.3716],[130.8573,30.3716],[130.8574,30.3716]]],[[[130.8566,30.3724],[130.8565,30.3725],[130.8566,30.3724],[130.8566,30.3724]]],[[[130.8578,30.3731],[130.8579,30.3731],[130.8578,30.3731],[130.8578,30.3731]]],[[[130.8578,30.3731],[130.8577,30.3731],[130.8578,30.3732],[130.8578,30.3731]]],[[[130.858,30.3733],[130.8579,30.3733],[130.858,30.3734],[130.858,30.3733]]],[[[130.8581,30.374],[130.8582,30.3741],[130.8582,30.374],[130.8581,30.374]]],[[[130.8545,30.4387],[130.8547,30.4389],[130.8547,30.4389],[130.8545,30.4387]]],[[[130.8502,30.4482],[130.8504,30.4484],[130.8504,30.4483],[130.8502,30.4482]]],[[[130.8506,30.4604],[130.851,30.4597],[130.8504,30.4603],[130.8506,30.4604]]],[[[130.8499,30.4682],[130.8503,30.4684],[130.8504,30.4684],[130.8499,30.4682]]],[[[130.859,30.3615],[130.8595,30.3612],[130.8595,30.3611],[130.859,30.3615]]],[[[130.8595,30.3624],[130.8595,30.3624],[130.8594,30.3624],[130.8595,30.3624]]],[[[130.8594,30.364],[130.8594,30.3641],[130.8595,30.364],[130.8594,30.364]]],[[[130.8594,30.3641],[130.8594,30.364],[130.8593,30.364],[130.8594,30.3641]]],[[[130.8594,30.3641],[130.8593,30.3641],[130.8594,30.3641],[130.8594,30.3641]]],[[[130.8595,30.3642],[130.8595,30.3642],[130.8594,30.3642],[130.8595,30.3642]]],[[[130.8593,30.3644],[130.8593,30.3645],[130.8593,30.3645],[130.8593,30.3644]]],[[[130.8595,30.3644],[130.8594,30.3644],[130.8595,30.3646],[130.8595,30.3644]]],[[[130.8593,30.3646],[130.8594,30.3645],[130.8594,30.3645],[130.8593,30.3646]]],[[[130.8591,30.3647],[130.8591,30.3647],[130.8591,30.3647],[130.8591,30.3647]]],[[[130.8594,30.3648],[130.8593,30.3648],[130.8593,30.3649],[130.8594,30.3648]]],[[[130.8594,30.3649],[130.8595,30.365],[130.8595,30.3649],[130.8594,30.3649]]],[[[130.8594,30.3651],[130.8593,30.3649],[130.8592,30.365],[130.8594,30.3651]]],[[[130.859,30.3651],[130.8591,30.365],[130.859,30.365],[130.859,30.3651]]],[[[130.8593,30.3651],[130.8593,30.3651],[130.8593,30.3651],[130.8593,30.3651]]],[[[130.8595,30.3652],[130.8594,30.365],[130.8594,30.3651],[130.8595,30.3652]]],[[[130.8593,30.3652],[130.8593,30.3651],[130.8593,30.3651],[130.8593,30.3652]]],[[[130.8592,30.3652],[130.8592,30.3652],[130.8592,30.3651],[130.8592,30.3652]]],[[[130.8594,30.3652],[130.8592,30.3652],[130.8593,30.3653],[130.8594,30.3652]]],[[[130.8593,30.3653],[130.8593,30.3653],[130.8592,30.3653],[130.8593,30.3653]]],[[[130.8594,30.3653],[130.8594,30.3653],[130.8594,30.3653],[130.8594,30.3653]]],[[[130.8594,30.3653],[130.8593,30.3653],[130.8594,30.3653],[130.8594,30.3653]]],[[[130.8594,30.3654],[130.8594,30.3653],[130.8593,30.3654],[130.8594,30.3654]]],[[[130.8592,30.3655],[130.8592,30.3654],[130.8591,30.3654],[130.8592,30.3655]]],[[[130.8592,30.3655],[130.8593,30.3656],[130.8593,30.3655],[130.8592,30.3655]]],[[[130.8595,30.3657],[130.8594,30.3656],[130.8594,30.3657],[130.8595,30.3657]]],[[[130.8588,30.3664],[130.8587,30.3664],[130.8589,30.3664],[130.8589,30.3664],[130.8588,30.3664]]],[[[130.8587,30.3664],[130.8587,30.3665],[130.8588,30.3665],[130.8587,30.3664]]],[[[130.8589,30.3666],[130.859,30.3664],[130.8589,30.3665],[130.8589,30.3666]]],[[[130.8591,30.3666],[130.8591,30.3666],[130.8591,30.3666],[130.8591,30.3666]]],[[[130.8587,30.3666],[130.8587,30.3666],[130.8587,30.3666],[130.8587,30.3666]]],[[[130.859,30.3666],[130.8589,30.3666],[130.8588,30.3666],[130.859,30.3666]]],[[[130.8586,30.3667],[130.8586,30.3667],[130.8587,30.3667],[130.8586,30.3667]]],[[[130.8588,30.3667],[130.8591,30.3667],[130.8592,30.3667],[130.8588,30.3667]]],[[[130.8585,30.3667],[130.8585,30.3667],[130.8585,30.3667],[130.8585,30.3667]]],[[[130.8592,30.3668],[130.8593,30.3667],[130.8591,30.3668],[130.8592,30.3668]]],[[[130.8589,30.3668],[130.859,30.3668],[130.8589,30.3668],[130.8589,30.3668]]],[[[130.8591,30.3668],[130.859,30.3669],[130.8591,30.3669],[130.8591,30.3668]]],[[[130.8585,30.3669],[130.8585,30.3668],[130.8585,30.3668],[130.8585,30.3669]]],[[[130.859,30.367],[130.8589,30.3669],[130.8588,30.3669],[130.859,30.367]]],[[[130.8592,30.3669],[130.8592,30.367],[130.8593,30.367],[130.8592,30.3669]]],[[[130.8588,30.3671],[130.8589,30.3671],[130.8588,30.3671],[130.8588,30.3671]]],[[[130.859,30.3671],[130.8589,30.3671],[130.859,30.3671],[130.859,30.3671]]],[[[130.8582,30.3675],[130.8582,30.3675],[130.8582,30.3675],[130.8582,30.3675]]],[[[130.8587,30.3676],[130.8587,30.3676],[130.8586,30.3676],[130.8587,30.3676]]],[[[130.8583,30.3677],[130.8583,30.3677],[130.8583,30.3676],[130.8583,30.3677]]],[[[130.8586,30.3677],[130.8586,30.3676],[130.8586,30.3677],[130.8586,30.3677]]],[[[130.8583,30.3677],[130.8583,30.3677],[130.8583,30.3677],[130.8583,30.3677]]],[[[130.8584,30.3677],[130.8584,30.3677],[130.8584,30.3677],[130.8584,30.3677]]],[[[130.8583,30.3678],[130.8584,30.3678],[130.8583,30.3678],[130.8583,30.3678]]],[[[130.8582,30.3678],[130.8581,30.3679],[130.8582,30.3679],[130.8582,30.3678]]],[[[130.8587,30.368],[130.8587,30.368],[130.8587,30.3679],[130.8586,30.3679],[130.8587,30.368]]],[[[130.8587,30.3682],[130.8586,30.3679],[130.8584,30.3678],[130.8587,30.3682]]],[[[130.8582,30.368],[130.8582,30.368],[130.8582,30.368],[130.8582,30.368]]],[[[130.8582,30.3682],[130.8582,30.3683],[130.8583,30.3683],[130.8582,30.3682]]],[[[130.8583,30.3684],[130.8582,30.3684],[130.8582,30.3683],[130.8582,30.3684],[130.8583,30.3684]]],[[[130.8584,30.3684],[130.8583,30.3685],[130.8583,30.3685],[130.8584,30.3684]]],[[[130.8581,30.3685],[130.8582,30.3685],[130.8581,30.3684],[130.8581,30.3685]]],[[[130.8583,30.3685],[130.8583,30.3685],[130.8582,30.3685],[130.8583,30.3685]]],[[[130.8582,30.3686],[130.8583,30.3686],[130.8583,30.3686],[130.8582,30.3686]]],[[[130.8582,30.3687],[130.8582,30.3686],[130.8582,30.3686],[130.8582,30.3687]]],[[[130.8582,30.3687],[130.8582,30.3687],[130.8583,30.3687],[130.8582,30.3687]]],[[[130.8582,30.3738],[130.8583,30.3737],[130.8582,30.3737],[130.8582,30.3738]]],[[[130.8582,30.3742],[130.8582,30.3742],[130.8582,30.3742],[130.8582,30.3742]]],[[[130.8584,30.3746],[130.8584,30.3746],[130.8584,30.3746],[130.8584,30.3746]]],[[[130.8584,30.3753],[130.8584,30.3752],[130.8584,30.3752],[130.8584,30.3753]]],[[[130.8584,30.3753],[130.8585,30.3753],[130.8584,30.3753],[130.8584,30.3753]]],[[[130.8588,30.3775],[130.8586,30.3775],[130.8586,30.3776],[130.8589,30.3776],[130.8588,30.3775]]],[[[130.8591,30.3785],[130.8591,30.3785],[130.8591,30.3784],[130.8591,30.3785]]],[[[130.859,30.3787],[130.859,30.3787],[130.859,30.3787],[130.859,30.3787]]],[[[130.8588,30.379],[130.8588,30.3789],[130.8587,30.379],[130.8588,30.379]]],[[[130.859,30.379],[130.859,30.379],[130.859,30.379],[130.859,30.379]]],[[[130.8589,30.3791],[130.8588,30.3791],[130.8589,30.3791],[130.8589,30.3791]]],[[[130.8592,30.3794],[130.8591,30.3794],[130.8593,30.3794],[130.8592,30.3794]]],[[[130.8591,30.4288],[130.8592,30.4288],[130.8591,30.4288],[130.8591,30.4288]]],[[[130.8591,30.4292],[130.859,30.4292],[130.859,30.4292],[130.8591,30.4292]]],[[[130.8591,30.43],[130.8593,30.43],[130.8593,30.43],[130.8591,30.43]]],[[[130.8591,30.4301],[130.8592,30.4301],[130.8592,30.43],[130.8591,30.4301]]],[[[130.8592,30.4302],[130.8593,30.4303],[130.8593,30.4302],[130.8592,30.4302]]],[[[130.8594,30.4304],[130.8594,30.4304],[130.8595,30.4304],[130.8594,30.4304]]],[[[130.8591,30.4306],[130.8592,30.4304],[130.859,30.4305],[130.8591,30.4306]]],[[[130.8589,30.4306],[130.859,30.4306],[130.8589,30.4305],[130.8589,30.4306]]],[[[130.8593,30.4306],[130.8592,30.4306],[130.8595,30.4307],[130.8593,30.4306]]],[[[130.8592,30.4308],[130.8592,30.4307],[130.8592,30.4308],[130.8592,30.4308]]],[[[130.8592,30.431],[130.8591,30.4311],[130.8593,30.4311],[130.8592,30.431]]],[[[130.8588,30.4313],[130.8589,30.4314],[130.8589,30.4314],[130.8588,30.4313]]],[[[130.8589,30.4315],[130.8589,30.4315],[130.8588,30.4315],[130.8589,30.4315]]],[[[130.8589,30.4316],[130.8589,30.4317],[130.8591,30.4317],[130.8589,30.4316]]],[[[130.8591,30.4318],[130.8592,30.4319],[130.8593,30.4318],[130.8591,30.4318]]],[[[130.8621,30.3571],[130.862,30.3572],[130.8621,30.3572],[130.8621,30.3571]]],[[[130.8619,30.3576],[130.862,30.3577],[130.8619,30.3576],[130.8619,30.3576]]],[[[130.8621,30.3578],[130.8621,30.3577],[130.8621,30.3577],[130.8621,30.3578]]],[[[130.8622,30.3578],[130.8621,30.3578],[130.8622,30.3579],[130.8622,30.3578]]],[[[130.8622,30.3579],[130.862,30.3577],[130.8619,30.3578],[130.8622,30.358],[130.8622,30.3579]]],[[[130.8623,30.358],[130.8623,30.3579],[130.8622,30.3579],[130.8623,30.358]]],[[[130.862,30.3579],[130.8618,30.358],[130.862,30.358],[130.862,30.3579]]],[[[130.8622,30.3582],[130.8623,30.3582],[130.8623,30.3582],[130.8622,30.3582]]],[[[130.86,30.3583],[130.8602,30.3584],[130.86,30.3583],[130.86,30.3583]]],[[[130.8611,30.3587],[130.8611,30.3587],[130.8611,30.3587],[130.8611,30.3587]]],[[[130.8612,30.3589],[130.8612,30.3587],[130.8611,30.3588],[130.8612,30.3589]]],[[[130.861,30.3588],[130.8609,30.3587],[130.861,30.3588],[130.861,30.3588]]],[[[130.8617,30.359],[130.8616,30.3589],[130.8616,30.3589],[130.8617,30.359]]],[[[130.8609,30.359],[130.8609,30.3589],[130.8608,30.3589],[130.8609,30.359]]],[[[130.8609,30.3589],[130.8611,30.359],[130.861,30.359],[130.8609,30.3589]]],[[[130.8609,30.3591],[130.8608,30.3591],[130.8609,30.3591],[130.8609,30.3591]]],[[[130.8611,30.3594],[130.861,30.3591],[130.8609,30.3592],[130.8611,30.3594]]],[[[130.8609,30.3593],[130.8609,30.3593],[130.8608,30.3592],[130.8609,30.3593]]],[[[130.8613,30.3594],[130.8614,30.3595],[130.8613,30.3594],[130.8613,30.3594]]],[[[130.8611,30.3595],[130.8611,30.3595],[130.861,30.3595],[130.8611,30.3595]]],[[[130.8613,30.3596],[130.8612,30.3595],[130.8612,30.3595],[130.8613,30.3596]]],[[[130.8611,30.3598],[130.861,30.3598],[130.861,30.3599],[130.8611,30.3598]]],[[[130.861,30.36],[130.8609,30.36],[130.8609,30.36],[130.861,30.36]]],[[[130.8611,30.3601],[130.8611,30.36],[130.861,30.36],[130.8611,30.3601]]],[[[130.8604,30.3602],[130.8603,30.3601],[130.8602,30.3602],[130.8604,30.3602]]],[[[130.8601,30.3602],[130.8601,30.3602],[130.86,30.3602],[130.8601,30.3602]]],[[[130.8601,30.3603],[130.86,30.3605],[130.8601,30.3603],[130.8601,30.3603]]],[[[130.861,30.3604],[130.8607,30.3604],[130.8609,30.3605],[130.861,30.3604]]],[[[130.8604,30.3607],[130.8604,30.3605],[130.8603,30.3606],[130.8604,30.3607]]],[[[130.8601,30.3607],[130.8603,30.3608],[130.8601,30.3607],[130.8601,30.3607]]],[[[130.8605,30.3609],[130.8608,30.361],[130.8605,30.3608],[130.8605,30.3609]]],[[[130.8602,30.3612],[130.8602,30.3609],[130.86,30.3611],[130.8602,30.3612]]],[[[130.8602,30.3613],[130.8602,30.3612],[130.8602,30.3612],[130.8602,30.3613]]],[[[130.8599,30.3613],[130.8599,30.3616],[130.8601,30.3615],[130.8599,30.3613]]],[[[130.8597,30.3615],[130.86,30.3616],[130.8597,30.3615],[130.8597,30.3615]]],[[[130.8592,30.3618],[130.8595,30.3623],[130.8598,30.3624],[130.8592,30.3618]]],[[[130.8603,30.3626],[130.8601,30.3626],[130.8602,30.3627],[130.8603,30.3626]]],[[[130.8602,30.3627],[130.8602,30.3628],[130.8602,30.3628],[130.8602,30.3627]]],[[[130.8602,30.3628],[130.8603,30.3629],[130.8603,30.3628],[130.8602,30.3628]]],[[[130.8603,30.3629],[130.8604,30.3629],[130.8604,30.3628],[130.8603,30.3629]]],[[[130.8598,30.3641],[130.8597,30.364],[130.8598,30.3641],[130.8598,30.3641]]],[[[130.8598,30.3642],[130.8598,30.3642],[130.8598,30.3642],[130.8598,30.3642]]],[[[130.8598,30.3642],[130.8597,30.3641],[130.8595,30.3643],[130.8598,30.3642]]],[[[130.8597,30.3645],[130.8598,30.3643],[130.8596,30.3643],[130.8597,30.3645]]],[[[130.8596,30.3644],[130.8596,30.3645],[130.8596,30.3644],[130.8596,30.3644]]],[[[130.8598,30.3647],[130.8597,30.3646],[130.8595,30.3647],[130.8598,30.3647]]],[[[130.8599,30.3647],[130.86,30.3646],[130.8599,30.3646],[130.8599,30.3647]]],[[[130.8598,30.3647],[130.8598,30.3648],[130.8598,30.3648],[130.8598,30.3647]]],[[[130.8599,30.3649],[130.8599,30.3648],[130.8599,30.3648],[130.8599,30.3649]]],[[[130.8596,30.3648],[130.8594,30.3648],[130.8596,30.3649],[130.8596,30.3648]]],[[[130.8595,30.3651],[130.8595,30.365],[130.8595,30.365],[130.8595,30.3651]]],[[[130.8595,30.3651],[130.8595,30.3652],[130.8595,30.3651],[130.8595,30.3651]]],[[[130.8597,30.3654],[130.8598,30.3654],[130.8597,30.3654],[130.8597,30.3654]]],[[[130.8596,30.3655],[130.8596,30.3655],[130.8596,30.3655],[130.8596,30.3655]]],[[[130.8599,30.3806],[130.8599,30.3806],[130.8599,30.3806],[130.8599,30.3806]]],[[[130.8597,30.3806],[130.8597,30.3806],[130.8597,30.3807],[130.8597,30.3806]]],[[[130.86,30.3807],[130.86,30.3806],[130.86,30.3806],[130.86,30.3807]]],[[[130.8601,30.3808],[130.86,30.3809],[130.8601,30.3809],[130.8601,30.3808]]],[[[130.8602,30.3815],[130.8603,30.3815],[130.8602,30.3815],[130.8602,30.3815]]],[[[130.8605,30.3815],[130.8605,30.3815],[130.8605,30.3815],[130.8605,30.3815]]],[[[130.8606,30.3816],[130.8606,30.3816],[130.8607,30.3816],[130.8606,30.3816]]],[[[130.8603,30.3816],[130.8604,30.3816],[130.8603,30.3816],[130.8603,30.3816]]],[[[130.8607,30.3817],[130.8607,30.3817],[130.8606,30.3817],[130.8607,30.3817]]],[[[130.8601,30.3819],[130.8601,30.3819],[130.86,30.3819],[130.8601,30.3819]]],[[[130.8605,30.3819],[130.8605,30.3819],[130.8605,30.3819],[130.8605,30.3819]]],[[[130.8609,30.382],[130.8608,30.3819],[130.8606,30.382],[130.8609,30.382]]],[[[130.8607,30.3821],[130.8608,30.382],[130.8607,30.382],[130.8607,30.3821]]],[[[130.8609,30.3821],[130.861,30.3821],[130.8609,30.382],[130.8609,30.3821]]],[[[130.8614,30.3825],[130.8614,30.3824],[130.8614,30.3825],[130.8614,30.3825]]],[[[130.8605,30.3837],[130.8604,30.3837],[130.8604,30.3837],[130.8605,30.3837]]],[[[130.8614,30.3843],[130.8615,30.3843],[130.8614,30.3842],[130.8614,30.3843]]],[[[130.8623,30.39],[130.8621,30.39],[130.8623,30.39],[130.8623,30.39]]],[[[130.8623,30.4243],[130.8623,30.4241],[130.8622,30.4241],[130.8623,30.4243]]],[[[130.8623,30.4244],[130.8622,30.4245],[130.8623,30.4245],[130.8623,30.4244]]],[[[130.8622,30.4248],[130.862,30.4248],[130.8622,30.4248],[130.8622,30.4248]]],[[[130.862,30.4251],[130.8618,30.425],[130.8618,30.425],[130.862,30.4251]]],[[[130.8607,30.4259],[130.8606,30.4259],[130.8606,30.4259],[130.8607,30.4259]]],[[[130.861,30.4261],[130.861,30.4262],[130.861,30.4261],[130.861,30.4261]]],[[[130.8606,30.4264],[130.8604,30.4264],[130.8606,30.4265],[130.8606,30.4264]]],[[[130.8605,30.4265],[130.8605,30.4266],[130.8606,30.4265],[130.8605,30.4265]]],[[[130.8599,30.4266],[130.86,30.4265],[130.8599,30.4265],[130.8599,30.4266]]],[[[130.8599,30.427],[130.8599,30.427],[130.8597,30.4269],[130.8599,30.427]]],[[[130.8601,30.4276],[130.8601,30.4275],[130.86,30.4275],[130.8601,30.4276]]],[[[130.8601,30.4276],[130.8601,30.4276],[130.8601,30.4276],[130.8601,30.4276]]],[[[130.86,30.4279],[130.8601,30.4279],[130.8601,30.4279],[130.86,30.4279]]],[[[130.8596,30.428],[130.8596,30.428],[130.8596,30.428],[130.8596,30.428]]],[[[130.8603,30.4285],[130.8603,30.4284],[130.8603,30.4284],[130.8603,30.4285]]],[[[130.8598,30.4288],[130.8599,30.4289],[130.8598,30.4288],[130.8598,30.4288]]],[[[130.8596,30.4302],[130.8597,30.4301],[130.8596,30.4301],[130.8596,30.4302]]],[[[130.8628,30.3561],[130.8629,30.3561],[130.8628,30.3561],[130.8628,30.3561]]],[[[130.8642,30.3563],[130.8642,30.3564],[130.8643,30.3564],[130.8642,30.3563]]],[[[130.863,30.3564],[130.863,30.3564],[130.863,30.3564],[130.863,30.3564]]],[[[130.8624,30.3565],[130.8624,30.3566],[130.8624,30.3565],[130.8624,30.3565]]],[[[130.8627,30.3566],[130.8627,30.3567],[130.8627,30.3567],[130.8627,30.3566]]],[[[130.8625,30.3566],[130.8625,30.3567],[130.8625,30.3566],[130.8625,30.3566]]],[[[130.8626,30.3567],[130.8625,30.3567],[130.8625,30.3568],[130.8626,30.3567]]],[[[130.8627,30.3568],[130.8625,30.3568],[130.8626,30.3569],[130.8627,30.3568]]],[[[130.8625,30.3569],[130.8626,30.3569],[130.8625,30.3568],[130.8625,30.3569]]],[[[130.8628,30.3569],[130.8628,30.357],[130.8628,30.357],[130.8628,30.3569]]],[[[130.8627,30.357],[130.8627,30.357],[130.8627,30.357],[130.8627,30.357]]],[[[130.8632,30.357],[130.8633,30.3571],[130.8633,30.3571],[130.8632,30.357]]],[[[130.863,30.3571],[130.8629,30.3571],[130.863,30.3571],[130.863,30.3571]]],[[[130.8628,30.3571],[130.8628,30.3571],[130.8628,30.3571],[130.8628,30.3571]]],[[[130.863,30.3571],[130.8629,30.3572],[130.863,30.3572],[130.863,30.3571]]],[[[130.8627,30.3573],[130.8627,30.3572],[130.8627,30.3573],[130.8627,30.3573]]],[[[130.8629,30.3572],[130.863,30.3573],[130.863,30.3572],[130.8629,30.3572]]],[[[130.8626,30.3573],[130.8626,30.3573],[130.8626,30.3573],[130.8626,30.3573]]],[[[130.863,30.3573],[130.863,30.3574],[130.8631,30.3574],[130.863,30.3573]]],[[[130.8625,30.3575],[130.8626,30.3574],[130.8624,30.3575],[130.8625,30.3575]]],[[[130.8622,30.3581],[130.8624,30.3581],[130.8622,30.3579],[130.8622,30.3581]]],[[[130.8624,30.358],[130.8624,30.358],[130.8624,30.3581],[130.8624,30.358]]],[[[130.8625,30.3582],[130.8624,30.3582],[130.8625,30.3583],[130.8624,30.3583],[130.8625,30.3583],[130.8625,30.3582]]],[[[130.8627,30.3861],[130.8627,30.3862],[130.8628,30.3862],[130.8627,30.3861]]],[[[130.8632,30.3868],[130.8633,30.3868],[130.8631,30.3868],[130.8632,30.3868]]],[[[130.8637,30.3869],[130.8638,30.3869],[130.8638,30.3869],[130.8637,30.3869]]],[[[130.8633,30.3875],[130.8634,30.3874],[130.8632,30.3874],[130.8633,30.3875]]],[[[130.8629,30.3877],[130.8629,30.3877],[130.8629,30.3877],[130.8629,30.3877]]],[[[130.8631,30.3878],[130.8631,30.3877],[130.863,30.3877],[130.8631,30.3878]]],[[[130.8627,30.3879],[130.8628,30.3878],[130.8628,30.3878],[130.8627,30.3879]]],[[[130.8626,30.3879],[130.8627,30.388],[130.8627,30.3879],[130.8626,30.3879]]],[[[130.863,30.389],[130.863,30.389],[130.863,30.3889],[130.863,30.389]]],[[[130.8635,30.3897],[130.8635,30.3897],[130.8635,30.3896],[130.8635,30.3897]]],[[[130.8639,30.3901],[130.8639,30.3901],[130.8639,30.39],[130.8639,30.3901]]],[[[130.8633,30.3904],[130.8633,30.3904],[130.8634,30.3904],[130.8633,30.3904]]],[[[130.8635,30.3905],[130.8636,30.3904],[130.8635,30.3904],[130.8635,30.3905]]],[[[130.8631,30.3904],[130.8631,30.3905],[130.8631,30.3904],[130.8631,30.3904]]],[[[130.8639,30.3905],[130.8639,30.3904],[130.8638,30.3904],[130.8639,30.3905]]],[[[130.8647,30.3922],[130.8647,30.3922],[130.8647,30.3922],[130.8647,30.3922]]],[[[130.8646,30.3926],[130.8645,30.3926],[130.8646,30.3926],[130.8646,30.3926]]],[[[130.8648,30.3927],[130.8649,30.3927],[130.8648,30.3926],[130.8648,30.3927]]],[[[130.8649,30.393],[130.8649,30.3929],[130.8648,30.393],[130.8649,30.393]]],[[[130.8647,30.3932],[130.8646,30.3933],[130.8647,30.3933],[130.8647,30.3932]]],[[[130.8647,30.3943],[130.8648,30.3944],[130.8648,30.3943],[130.8647,30.3943]]],[[[130.864,30.3948],[130.8642,30.3947],[130.864,30.3947],[130.864,30.3948]]],[[[130.8639,30.3948],[130.8639,30.3948],[130.8639,30.3947],[130.8639,30.3948]]],[[[130.8638,30.3948],[130.8639,30.3949],[130.8638,30.3948],[130.8638,30.3948]]],[[[130.8638,30.3949],[130.8638,30.3949],[130.8639,30.3949],[130.8638,30.3949]]],[[[130.8642,30.395],[130.8641,30.3949],[130.864,30.3949],[130.8642,30.395]]],[[[130.8641,30.3951],[130.8642,30.3951],[130.8641,30.395],[130.8641,30.3951]]],[[[130.864,30.395],[130.8639,30.3951],[130.8639,30.3951],[130.864,30.395]]],[[[130.8641,30.3951],[130.8641,30.3952],[130.8641,30.3951],[130.8641,30.3951]]],[[[130.8642,30.3956],[130.8642,30.3956],[130.8642,30.3955],[130.8642,30.3956]]],[[[130.8643,30.3955],[130.8643,30.3956],[130.8644,30.3955],[130.8643,30.3955]]],[[[130.8642,30.3963],[130.864,30.3964],[130.8642,30.3964],[130.8642,30.3963]]],[[[130.8647,30.3964],[130.8647,30.3963],[130.8647,30.3964],[130.8647,30.3964]]],[[[130.8649,30.397],[130.8648,30.397],[130.8648,30.3971],[130.8649,30.397]]],[[[130.8644,30.3973],[130.8646,30.3974],[130.8645,30.3973],[130.8644,30.3973]]],[[[130.8647,30.3975],[130.8647,30.3974],[130.8646,30.3975],[130.8647,30.3975]]],[[[130.8649,30.4113],[130.8648,30.4112],[130.8648,30.4112],[130.8649,30.4113]]],[[[130.8648,30.4115],[130.8648,30.4115],[130.8648,30.4114],[130.8648,30.4115]]],[[[130.8646,30.4122],[130.8647,30.4122],[130.8647,30.4122],[130.8646,30.4122]]],[[[130.8647,30.4122],[130.8647,30.4122],[130.8647,30.4122],[130.8647,30.4122]]],[[[130.8648,30.4123],[130.8649,30.4122],[130.8648,30.4122],[130.8648,30.4123]]],[[[130.8648,30.4128],[130.8648,30.4127],[130.8648,30.4127],[130.8648,30.4128]]],[[[130.8649,30.4129],[130.8647,30.413],[130.8649,30.413],[130.8649,30.4129]]],[[[130.8639,30.4193],[130.8639,30.4192],[130.8638,30.4192],[130.8639,30.4193]]],[[[130.8637,30.4197],[130.8638,30.4197],[130.8637,30.4197],[130.8637,30.4197]]],[[[130.8641,30.4198],[130.8642,30.4198],[130.864,30.4197],[130.8641,30.4198]]],[[[130.8633,30.42],[130.8634,30.4199],[130.8633,30.4199],[130.8633,30.42]]],[[[130.8633,30.4201],[130.8633,30.42],[130.8633,30.4201],[130.8633,30.4201]]],[[[130.8633,30.4202],[130.8634,30.4201],[130.8633,30.4202],[130.8633,30.4202]]],[[[130.863,30.4203],[130.863,30.4203],[130.8629,30.4203],[130.863,30.4203]]],[[[130.8632,30.4203],[130.8632,30.4203],[130.8633,30.4203],[130.8632,30.4203]]],[[[130.8634,30.4203],[130.8635,30.4203],[130.8635,30.4203],[130.8634,30.4203]]],[[[130.8628,30.4204],[130.8629,30.4204],[130.8628,30.4204],[130.8628,30.4204]]],[[[130.8632,30.4204],[130.8631,30.4204],[130.8632,30.4204],[130.8632,30.4204]]],[[[130.8632,30.421],[130.8632,30.4211],[130.8633,30.421],[130.8632,30.421]]],[[[130.8629,30.4217],[130.8629,30.4218],[130.8629,30.4217],[130.8629,30.4217]]],[[[130.863,30.4221],[130.863,30.4222],[130.863,30.4221],[130.863,30.4221]]],[[[130.8629,30.4222],[130.8629,30.4222],[130.8629,30.4222],[130.8629,30.4222]]],[[[130.8628,30.4222],[130.8627,30.4222],[130.8629,30.4223],[130.8628,30.4222]]],[[[130.8628,30.4223],[130.8629,30.4223],[130.8629,30.4223],[130.8628,30.4223]]],[[[130.863,30.4224],[130.863,30.4223],[130.8629,30.4224],[130.863,30.4224]]],[[[130.8624,30.4237],[130.8625,30.4237],[130.8625,30.4237],[130.8624,30.4237]]],[[[130.8626,30.4238],[130.8625,30.4238],[130.8624,30.4239],[130.8626,30.4238]]],[[[130.8624,30.4239],[130.8625,30.4239],[130.8625,30.4239],[130.8624,30.4239]]],[[[130.8625,30.4243],[130.8624,30.4244],[130.8625,30.4244],[130.8625,30.4243]]],[[[130.8656,30.4699],[130.8656,30.4697],[130.8612,30.4684],[130.8605,30.4685],[130.8656,30.4699]]],[[[130.8713,30.344],[130.8711,30.3441],[130.8713,30.3441],[130.8713,30.344]]],[[[130.873,30.3443],[130.8729,30.3442],[130.8729,30.3442],[130.873,30.3443]]],[[[130.8732,30.3443],[130.8731,30.3443],[130.8731,30.3443],[130.8732,30.3443]]],[[[130.873,30.3444],[130.8728,30.3443],[130.873,30.3445],[130.8731,30.3445],[130.873,30.3444]]],[[[130.8729,30.3446],[130.8728,30.3447],[130.8729,30.3447],[130.8729,30.3446]]],[[[130.8726,30.3448],[130.8726,30.3447],[130.8724,30.3447],[130.8726,30.3448]]],[[[130.8733,30.3447],[130.8733,30.3448],[130.8734,30.3447],[130.8733,30.3447]]],[[[130.8722,30.3449],[130.8723,30.3449],[130.8722,30.3449],[130.8722,30.3449]]],[[[130.871,30.3449],[130.8709,30.3449],[130.8709,30.3449],[130.871,30.3449]]],[[[130.8721,30.3449],[130.8719,30.3449],[130.872,30.345],[130.8721,30.3449]]],[[[130.8738,30.345],[130.8735,30.3449],[130.8736,30.3451],[130.874,30.3451],[130.8738,30.345]]],[[[130.872,30.3451],[130.8714,30.345],[130.8713,30.345],[130.872,30.3451]]],[[[130.8714,30.3453],[130.8715,30.3452],[130.8713,30.3452],[130.8714,30.3453]]],[[[130.8712,30.3452],[130.8711,30.3453],[130.8713,30.3453],[130.8712,30.3452]]],[[[130.8705,30.3455],[130.8706,30.3455],[130.8706,30.3454],[130.8705,30.3455]]],[[[130.87,30.3459],[130.87,30.3459],[130.87,30.346],[130.87,30.3459]]],[[[130.8707,30.3461],[130.8707,30.3462],[130.8706,30.346],[130.8707,30.3461]]],[[[130.8706,30.3464],[130.8705,30.346],[130.8704,30.3459],[130.8706,30.3464]]],[[[130.8689,30.3509],[130.869,30.351],[130.8689,30.3509],[130.8689,30.3509]]],[[[130.8689,30.3509],[130.8687,30.351],[130.8689,30.351],[130.8689,30.3509]]],[[[130.8693,30.3511],[130.8692,30.351],[130.8691,30.3512],[130.8693,30.3511]]],[[[130.8685,30.3512],[130.8685,30.3511],[130.8685,30.3511],[130.8685,30.3512]]],[[[130.869,30.3511],[130.8688,30.3511],[130.8688,30.3512],[130.869,30.3511]]],[[[130.8686,30.3511],[130.8687,30.3512],[130.8687,30.3511],[130.8686,30.3511]]],[[[130.8661,30.3536],[130.8661,30.3537],[130.8662,30.3537],[130.8661,30.3536]]],[[[130.8674,30.354],[130.8672,30.3538],[130.8671,30.3538],[130.8674,30.354]]],[[[130.8662,30.354],[130.8663,30.354],[130.8663,30.3539],[130.8662,30.354]]],[[[130.8662,30.354],[130.8661,30.3539],[130.866,30.3539],[130.8662,30.354]]],[[[130.8666,30.3542],[130.8665,30.354],[130.8663,30.3541],[130.8666,30.3542]]],[[[130.8664,30.3543],[130.8665,30.3543],[130.8663,30.3541],[130.8664,30.3543]]],[[[130.8663,30.3543],[130.8662,30.3542],[130.8661,30.3542],[130.8663,30.3543]]],[[[130.8655,30.3542],[130.8656,30.3543],[130.8655,30.3542],[130.8655,30.3542]]],[[[130.8657,30.3543],[130.8657,30.3545],[130.8658,30.3545],[130.8657,30.3543]]],[[[130.8651,30.3935],[130.8651,30.3935],[130.8651,30.3935],[130.8651,30.3935]]],[[[130.865,30.3936],[130.8649,30.3936],[130.8649,30.3936],[130.865,30.3936]]],[[[130.8651,30.3972],[130.865,30.3972],[130.865,30.3973],[130.8651,30.3972]]],[[[130.8661,30.3988],[130.866,30.3987],[130.866,30.3988],[130.8661,30.3988]]],[[[130.8656,30.4001],[130.8655,30.4002],[130.8656,30.4002],[130.8656,30.4001]]],[[[130.8657,30.4002],[130.8656,30.4003],[130.8658,30.4003],[130.8657,30.4002]]],[[[130.8652,30.4003],[130.8654,30.4003],[130.8653,30.4003],[130.8652,30.4003]]],[[[130.8657,30.4004],[130.8655,30.4004],[130.8657,30.4005],[130.8657,30.4004]]],[[[130.8656,30.4005],[130.8655,30.4006],[130.8656,30.4006],[130.8656,30.4005]]],[[[130.8654,30.4006],[130.8655,30.4006],[130.8654,30.4006],[130.8654,30.4006]]],[[[130.8657,30.4008],[130.8655,30.4008],[130.8656,30.4008],[130.8657,30.4008]]],[[[130.8654,30.4009],[130.8655,30.401],[130.8655,30.4009],[130.8654,30.4009]]],[[[130.8661,30.4011],[130.8662,30.4011],[130.8661,30.4011],[130.8661,30.4011]]],[[[130.866,30.4046],[130.8661,30.4046],[130.866,30.4046],[130.866,30.4046]]],[[[130.8661,30.4048],[130.866,30.4048],[130.8661,30.4049],[130.8661,30.4048]]],[[[130.8659,30.405],[130.866,30.405],[130.8658,30.4049],[130.8659,30.405]]],[[[130.8661,30.4051],[130.8662,30.405],[130.8661,30.405],[130.8661,30.4051]]],[[[130.866,30.4056],[130.8658,30.4055],[130.8659,30.4056],[130.866,30.4056]]],[[[130.8659,30.4057],[130.8659,30.4058],[130.8659,30.4057],[130.8659,30.4057]]],[[[130.866,30.4057],[130.866,30.4058],[130.866,30.4057],[130.866,30.4057]]],[[[130.8658,30.406],[130.8657,30.4058],[130.8657,30.4059],[130.8658,30.406]]],[[[130.8656,30.406],[130.8657,30.406],[130.8656,30.406],[130.8656,30.406]]],[[[130.8659,30.4072],[130.8658,30.4073],[130.8659,30.4074],[130.8659,30.4072]]],[[[130.8661,30.4077],[130.866,30.4078],[130.8661,30.4077],[130.8661,30.4077]]],[[[130.866,30.4079],[130.866,30.4079],[130.866,30.4079],[130.866,30.4079]]],[[[130.8659,30.4081],[130.866,30.408],[130.8659,30.408],[130.8659,30.4081]]],[[[130.8653,30.4102],[130.8654,30.4101],[130.8653,30.4101],[130.8653,30.4102]]],[[[130.8655,30.4102],[130.8655,30.4102],[130.8655,30.4101],[130.8655,30.4102]]],[[[130.8656,30.4103],[130.8656,30.4102],[130.8655,30.4102],[130.8656,30.4103]]],[[[130.8655,30.4104],[130.8655,30.4103],[130.8655,30.4103],[130.8655,30.4104]]],[[[130.8653,30.4104],[130.8654,30.4104],[130.8653,30.4103],[130.8653,30.4104]]],[[[130.8654,30.4107],[130.8654,30.4107],[130.8654,30.4108],[130.8654,30.4107]]],[[[130.8649,30.4111],[130.865,30.4112],[130.865,30.4112],[130.8649,30.4111]]],[[[130.865,30.4112],[130.8651,30.4112],[130.8651,30.4111],[130.865,30.4112]]],[[[130.8651,30.4112],[130.8651,30.4115],[130.8652,30.4114],[130.8651,30.4112]]],[[[130.8654,30.4114],[130.8654,30.4116],[130.8654,30.4115],[130.8654,30.4114]]],[[[130.8649,30.4115],[130.8649,30.4116],[130.865,30.4115],[130.8649,30.4115]]],[[[130.8651,30.4115],[130.8651,30.4116],[130.8652,30.4115],[130.8651,30.4115]]],[[[130.8649,30.4119],[130.8649,30.4118],[130.8648,30.4119],[130.8649,30.4119]]],[[[130.865,30.412],[130.865,30.412],[130.865,30.412],[130.865,30.412]]],[[[130.8653,30.412],[130.8654,30.4121],[130.8654,30.412],[130.8653,30.412]]],[[[130.8651,30.4122],[130.8652,30.4121],[130.8651,30.4122],[130.8651,30.4122]]],[[[130.8652,30.4123],[130.865,30.4123],[130.865,30.4123],[130.8652,30.4123]]],[[[130.865,30.4124],[130.865,30.4125],[130.865,30.4124],[130.865,30.4124]]],[[[130.8651,30.4126],[130.8651,30.4126],[130.8651,30.4125],[130.8651,30.4126]]],[[[130.8648,30.4127],[130.865,30.4126],[130.865,30.4125],[130.8648,30.4127]]],[[[130.8651,30.4127],[130.8651,30.4127],[130.865,30.4127],[130.8651,30.4127]]],[[[130.8649,30.4127],[130.8649,30.4128],[130.865,30.4127],[130.8649,30.4127]]],[[[130.8651,30.4134],[130.865,30.4134],[130.865,30.4134],[130.8651,30.4134]]],[[[130.8655,30.4135],[130.8655,30.4134],[130.8655,30.4134],[130.8655,30.4135]]],[[[130.8653,30.4135],[130.8653,30.4135],[130.8653,30.4134],[130.8653,30.4135]]],[[[130.8651,30.4135],[130.8652,30.4136],[130.8652,30.4135],[130.8651,30.4135]]],[[[130.8652,30.4136],[130.8651,30.4136],[130.8652,30.4136],[130.8652,30.4136]]],[[[130.8654,30.4137],[130.8654,30.4135],[130.8653,30.4137],[130.8654,30.4137]]],[[[130.8657,30.4149],[130.8657,30.4149],[130.8658,30.4149],[130.8657,30.4149]]],[[[130.8663,30.4712],[130.8664,30.4712],[130.8649,30.4705],[130.8663,30.4712]]],[[[130.8832,30.3429],[130.8832,30.343],[130.8833,30.3431],[130.8832,30.3429]]],[[[130.8839,30.343],[130.884,30.3433],[130.8841,30.3432],[130.8839,30.343]]],[[[130.8843,30.3433],[130.8843,30.3432],[130.8843,30.3433],[130.8843,30.3433]]],[[[130.8834,30.3432],[130.8834,30.3433],[130.8834,30.3434],[130.8834,30.3432]]],[[[130.8831,30.3434],[130.8831,30.3433],[130.8831,30.3433],[130.8831,30.3434]]],[[[130.8827,30.3434],[130.8828,30.3434],[130.8827,30.3434],[130.8827,30.3434]]],[[[130.8831,30.3435],[130.8832,30.3435],[130.8832,30.3435],[130.8831,30.3435]]],[[[130.8843,30.3436],[130.8843,30.3435],[130.8843,30.3436],[130.8843,30.3436]]],[[[130.8827,30.3436],[130.8827,30.3435],[130.8827,30.3435],[130.8827,30.3436]]],[[[130.8843,30.3435],[130.8843,30.3436],[130.8844,30.3436],[130.8843,30.3435]]],[[[130.8828,30.3435],[130.8828,30.3436],[130.8828,30.3435],[130.8828,30.3435]]],[[[130.8826,30.3436],[130.8826,30.3435],[130.8826,30.3435],[130.8826,30.3436]]],[[[130.8826,30.3437],[130.8825,30.3436],[130.8825,30.3435],[130.8826,30.3437]]],[[[130.8825,30.3437],[130.8825,30.3437],[130.8825,30.3435],[130.8825,30.3437]]],[[[130.8842,30.3437],[130.8842,30.3437],[130.8842,30.3436],[130.8842,30.3437]]],[[[130.8811,30.3438],[130.8811,30.3437],[130.881,30.3438],[130.8811,30.3438]]],[[[130.8844,30.3439],[130.8844,30.3438],[130.8843,30.3438],[130.8844,30.3439]]],[[[130.8844,30.344],[130.8843,30.344],[130.8844,30.3441],[130.8844,30.344]]],[[[130.8848,30.344],[130.8849,30.3441],[130.8849,30.344],[130.8848,30.344]]],[[[130.8774,30.3441],[130.8774,30.3441],[130.8775,30.3441],[130.8774,30.3441]]],[[[130.88,30.344],[130.8801,30.3442],[130.8801,30.3442],[130.88,30.344]]],[[[130.8777,30.3441],[130.8777,30.344],[130.8775,30.3441],[130.8775,30.3442],[130.8776,30.3441],[130.8776,30.3441],[130.8777,30.3441]]],[[[130.8843,30.3441],[130.8844,30.3442],[130.8844,30.3441],[130.8843,30.3441]]],[[[130.8799,30.3441],[130.8799,30.3442],[130.88,30.3442],[130.8799,30.3441]]],[[[130.8804,30.3442],[130.8804,30.3441],[130.8803,30.3441],[130.8804,30.3442]]],[[[130.8844,30.3442],[130.8845,30.3442],[130.8844,30.3441],[130.8844,30.3442]]],[[[130.8794,30.3442],[130.8795,30.3442],[130.8794,30.3442],[130.8794,30.3442]]],[[[130.8773,30.3442],[130.8774,30.3442],[130.8773,30.3442],[130.8773,30.3442]]],[[[130.878,30.3444],[130.8778,30.3441],[130.8776,30.3442],[130.878,30.3444]]],[[[130.8773,30.3442],[130.8772,30.3443],[130.8772,30.3443],[130.8773,30.3442]]],[[[130.8801,30.3442],[130.8802,30.3443],[130.8802,30.3443],[130.8801,30.3442]]],[[[130.8801,30.3443],[130.8802,30.3444],[130.8801,30.3443],[130.8801,30.3443]]],[[[130.8845,30.3443],[130.8844,30.3443],[130.8844,30.3443],[130.8845,30.3443]]],[[[130.8773,30.3445],[130.8772,30.3444],[130.8772,30.3445],[130.8773,30.3445]]],[[[130.8785,30.3444],[130.8785,30.3445],[130.8786,30.3445],[130.8785,30.3444]]],[[[130.8793,30.3445],[130.8793,30.3445],[130.8793,30.3444],[130.8793,30.3445]]],[[[130.8848,30.3445],[130.8848,30.3445],[130.8848,30.3445],[130.8848,30.3445]]],[[[130.8846,30.3445],[130.8846,30.3447],[130.8846,30.3446],[130.8846,30.3445]]],[[[130.8848,30.3446],[130.8848,30.3446],[130.8848,30.3446],[130.8848,30.3446]]],[[[130.8844,30.3447],[130.8845,30.3447],[130.8845,30.3447],[130.8844,30.3447]]],[[[130.8769,30.3447],[130.877,30.3447],[130.877,30.3447],[130.8769,30.3447]]],[[[130.8773,30.3448],[130.8773,30.3447],[130.8772,30.3447],[130.8773,30.3448]]],[[[130.8771,30.3447],[130.8771,30.3447],[130.8772,30.3448],[130.8771,30.3447]]],[[[130.8773,30.3448],[130.8772,30.3448],[130.8772,30.3448],[130.8773,30.3448]]],[[[130.8745,30.3449],[130.8744,30.3449],[130.8744,30.3449],[130.8745,30.3449]]],[[[130.8843,30.345],[130.8842,30.345],[130.8843,30.345],[130.8843,30.345]]],[[[130.8742,30.3451],[130.8743,30.3451],[130.8742,30.345],[130.8742,30.3451]]],[[[130.8741,30.3451],[130.8741,30.3451],[130.8741,30.3451],[130.8741,30.3451]]],[[[130.874,30.3452],[130.8742,30.3452],[130.874,30.3452],[130.874,30.3452]]],[[[130.8846,30.3454],[130.8846,30.3455],[130.8846,30.3455],[130.8846,30.3454]]],[[[130.8844,30.3455],[130.8845,30.3455],[130.8844,30.3454],[130.8844,30.3455]]],[[[130.8849,30.3463],[130.8849,30.3462],[130.8848,30.3462],[130.8849,30.3463]]],[[[130.8847,30.3464],[130.8847,30.3464],[130.8847,30.3464],[130.8847,30.3464]]],[[[130.8848,30.3467],[130.8848,30.3467],[130.8847,30.3467],[130.8848,30.3467]]],[[[130.885,30.3469],[130.885,30.3469],[130.8852,30.347],[130.885,30.3469]]],[[[130.8849,30.347],[130.8848,30.3471],[130.885,30.3471],[130.8849,30.347]]],[[[130.8852,30.3472],[130.8851,30.3472],[130.8852,30.3472],[130.8852,30.3472]]],[[[130.8851,30.3475],[130.8851,30.3475],[130.8852,30.3475],[130.8851,30.3475]]],[[[130.8856,30.3477],[130.8857,30.3477],[130.8856,30.3477],[130.8856,30.3477]]],[[[130.8859,30.3478],[130.8857,30.3478],[130.8859,30.3478],[130.8859,30.3478]]],[[[130.8858,30.3478],[130.8859,30.3478],[130.8857,30.3478],[130.8858,30.3478]]],[[[130.8856,30.3479],[130.8853,30.3478],[130.8852,30.3478],[130.8856,30.3479]]],[[[130.8856,30.3481],[130.8856,30.3481],[130.8855,30.3481],[130.8856,30.3481]]],[[[130.8866,30.3497],[130.8865,30.3496],[130.8865,30.3497],[130.8866,30.3497]]],[[[130.8867,30.3498],[130.8867,30.3498],[130.8866,30.3498],[130.8867,30.3498]]],[[[130.9588,30.3662],[130.9589,30.3662],[130.9589,30.3661],[130.9588,30.3662]]],[[[130.9586,30.3662],[130.9584,30.3663],[130.9588,30.3664],[130.9586,30.3662]]],[[[130.9588,30.3663],[130.9588,30.3662],[130.9588,30.3663],[130.9588,30.3663]]],[[[130.9583,30.3667],[130.9579,30.3663],[130.9578,30.3664],[130.9583,30.3667]]],[[[130.9583,30.3677],[130.9581,30.3675],[130.958,30.3676],[130.9583,30.3677]]],[[[130.958,30.3682],[130.9581,30.3681],[130.958,30.3681],[130.958,30.3682]]],[[[130.9567,30.3692],[130.9569,30.3693],[130.9569,30.3692],[130.9567,30.3692]]],[[[130.9572,30.3691],[130.9569,30.3694],[130.9568,30.3694],[130.9573,30.3699],[130.9572,30.3691]]],[[[130.9575,30.3696],[130.9576,30.3696],[130.9576,30.3696],[130.9575,30.3696]]],[[[130.9577,30.3697],[130.9575,30.3699],[130.9575,30.3699],[130.9577,30.3697]]],[[[130.9259,30.3705],[130.9259,30.3706],[130.9258,30.3708],[130.9259,30.3705]]],[[[130.9282,30.3714],[130.9281,30.3717],[130.9282,30.3714],[130.9282,30.3714]]],[[[130.946,30.3729],[130.9461,30.3729],[130.9461,30.3729],[130.946,30.3729]]],[[[130.946,30.3731],[130.946,30.373],[130.946,30.373],[130.946,30.3731]]],[[[130.9455,30.3735],[130.946,30.3729],[130.9459,30.3728],[130.9455,30.3735]]],[[[130.946,30.3732],[130.9461,30.3733],[130.946,30.3732],[130.946,30.3732]]],[[[130.946,30.3735],[130.9459,30.3736],[130.9459,30.3736],[130.946,30.3735]]],[[[130.9535,30.374],[130.9534,30.374],[130.9534,30.374],[130.9535,30.374]]],[[[130.9508,30.3741],[130.9508,30.374],[130.9508,30.374],[130.9508,30.3741]]],[[[130.9505,30.3743],[130.9505,30.3743],[130.9505,30.3742],[130.9505,30.3743]]],[[[130.9534,30.3743],[130.9534,30.3742],[130.9533,30.3743],[130.9534,30.3743]]],[[[130.9457,30.3744],[130.9458,30.3744],[130.9458,30.3743],[130.9457,30.3744]]],[[[130.9446,30.3751],[130.9447,30.3752],[130.9447,30.3752],[130.9446,30.3751]]],[[[130.9633,30.4526],[130.9706,30.4474],[130.9732,30.4478],[130.9745,30.4459],[130.9752,30.4465],[130.975,30.4442],[130.9741,30.4449],[130.9731,30.4442],[130.9728,30.4439],[130.9752,30.4425],[130.972,30.4418],[130.974,30.4403],[130.9756,30.4406],[130.9766,30.4387],[130.9769,30.439],[130.9772,30.4385],[130.9778,30.4384],[130.9787,30.4382],[130.9793,30.4383],[130.9783,30.4369],[130.9795,30.4352],[130.9794,30.4349],[130.9785,30.436],[130.9781,30.436],[130.9774,30.4359],[130.9769,30.4356],[130.9767,30.4349],[130.9774,30.4328],[130.9783,30.4325],[130.9784,30.432],[130.9781,30.4323],[130.9775,30.4326],[130.9775,30.4315],[130.9757,30.4317],[130.9746,30.4297],[130.9735,30.4299],[130.9721,30.428],[130.9727,30.4277],[130.9727,30.4273],[130.971,30.4268],[130.9677,30.423],[130.9679,30.4212],[130.9692,30.4214],[130.9697,30.4211],[130.9695,30.4203],[130.9691,30.4213],[130.9679,30.4212],[130.9691,30.4199],[130.9679,30.4171],[130.97,30.4111],[130.971,30.4105],[130.9704,30.4096],[130.9715,30.4098],[130.9718,30.4091],[130.9719,30.4086],[130.9722,30.4078],[130.974,30.4058],[130.9749,30.4052],[130.9754,30.4053],[130.9754,30.4057],[130.9756,30.405],[130.9764,30.4041],[130.9789,30.4026],[130.979,30.4015],[130.9788,30.4015],[130.9788,30.4002],[130.9746,30.3996],[130.9651,30.3925],[130.9627,30.3822],[130.966,30.3739],[130.9595,30.3712],[130.9595,30.3707],[130.9602,30.3702],[130.9604,30.3694],[130.9594,30.3701],[130.9594,30.3716],[130.959,30.3705],[130.9582,30.3702],[130.9584,30.3722],[130.9547,30.3743],[130.9534,30.3745],[130.9529,30.3732],[130.9512,30.3732],[130.9513,30.375],[130.9488,30.3754],[130.9459,30.375],[130.9452,30.3736],[130.9447,30.3752],[130.9439,30.3752],[130.9439,30.376],[130.9412,30.376],[130.9272,30.372],[130.9262,30.3715],[130.9269,30.3707],[130.9253,30.3716],[130.9119,30.3673],[130.8953,30.3592],[130.89,30.3554],[130.887,30.3523],[130.8865,30.3501],[130.8854,30.3484],[130.8848,30.3471],[130.8843,30.3458],[130.884,30.3434],[130.8804,30.3444],[130.88,30.3444],[130.8796,30.344],[130.8798,30.3445],[130.8789,30.345],[130.8782,30.3443],[130.8784,30.3446],[130.8777,30.3446],[130.8777,30.3443],[130.8775,30.3442],[130.8773,30.3443],[130.8776,30.3449],[130.8761,30.3449],[130.8761,30.345],[130.8778,30.3452],[130.8759,30.3461],[130.8715,30.3453],[130.8713,30.3461],[130.8698,30.3472],[130.87,30.3502],[130.8684,30.3532],[130.8663,30.3552],[130.8654,30.3548],[130.866,30.3552],[130.8652,30.3561],[130.8656,30.3554],[130.8651,30.3549],[130.865,30.3564],[130.8608,30.3613],[130.8603,30.3614],[130.8601,30.3617],[130.8596,30.3617],[130.8609,30.3616],[130.8607,30.3627],[130.8599,30.3621],[130.8607,30.3632],[130.8592,30.3677],[130.8587,30.3676],[130.859,30.3679],[130.8584,30.3688],[130.8577,30.369],[130.8581,30.3691],[130.858,30.3702],[130.8578,30.3705],[130.8574,30.3714],[130.8573,30.3715],[130.8578,30.3719],[130.8587,30.3749],[130.8585,30.3754],[130.8589,30.3759],[130.8587,30.3759],[130.8586,30.3756],[130.8584,30.3756],[130.8594,30.3775],[130.859,30.3792],[130.8593,30.3794],[130.8603,30.3803],[130.8632,30.3847],[130.8618,30.3834],[130.861,30.3834],[130.8626,30.3849],[130.8634,30.3846],[130.8637,30.3857],[130.8639,30.388],[130.8635,30.3891],[130.8653,30.3926],[130.8652,30.394],[130.8648,30.3946],[130.8641,30.3949],[130.8663,30.3992],[130.8664,30.4095],[130.8651,30.413],[130.8657,30.4129],[130.8658,30.4149],[130.865,30.4166],[130.8656,30.417],[130.8652,30.4171],[130.8648,30.4166],[130.8646,30.4166],[130.8647,30.4179],[130.8653,30.4172],[130.8655,30.4176],[130.8647,30.4185],[130.8642,30.4179],[130.8645,30.4196],[130.8634,30.4201],[130.8636,30.4205],[130.8632,30.4221],[130.8636,30.4223],[130.8628,30.4236],[130.8632,30.4239],[130.862,30.4259],[130.8601,30.427],[130.8603,30.4273],[130.8603,30.4289],[130.8593,30.4326],[130.8561,30.4378],[130.8557,30.4376],[130.8548,30.4383],[130.8561,30.4379],[130.8537,30.4418],[130.8542,30.4442],[130.8513,30.4481],[130.8532,30.4513],[130.8525,30.4577],[130.8487,30.465],[130.8502,30.4681],[130.8563,30.4675],[130.8594,30.466],[130.861,30.4682],[130.8618,30.4679],[130.8607,30.4663],[130.8642,30.4642],[130.863,30.4637],[130.8641,30.4633],[130.8657,30.4652],[130.8661,30.4678],[130.8663,30.4648],[130.8656,30.4641],[130.8695,30.4639],[130.8744,30.468],[130.8749,30.472],[130.8783,30.479],[130.8811,30.4816],[130.8829,30.4794],[130.8872,30.4772],[130.8866,30.475],[130.8877,30.4738],[130.8909,30.4716],[130.8956,30.4702],[130.8978,30.4708],[130.902,30.4672],[130.9035,30.4626],[130.9035,30.4584],[130.9063,30.4517],[130.9166,30.4452],[130.923,30.4437],[130.9353,30.4488],[130.9413,30.4456],[130.9465,30.4513],[130.9519,30.4491],[130.9528,30.4476],[130.9592,30.45],[130.9603,30.452],[130.9633,30.4526]]],[[[130.959,30.365],[130.959,30.365],[130.959,30.365],[130.959,30.365]]],[[[130.9598,30.3653],[130.96,30.3659],[130.9603,30.3659],[130.9598,30.3653]]],[[[130.959,30.3662],[130.959,30.3663],[130.959,30.3662],[130.959,30.3662]]],[[[130.959,30.3663],[130.959,30.3663],[130.959,30.3663],[130.959,30.3663]]],[[[130.9602,30.3663],[130.959,30.3664],[130.96,30.3673],[130.9602,30.3663]]],[[[130.9624,30.3669],[130.9623,30.3674],[130.9624,30.3678],[130.9624,30.3669]]],[[[130.9578,30.3679],[130.9589,30.3688],[130.9574,30.3688],[130.959,30.3693],[130.96,30.3682],[130.9607,30.3687],[130.9613,30.3668],[130.9604,30.3677],[130.9578,30.3679]]],[[[130.9597,30.3689],[130.9597,30.3688],[130.9597,30.3688],[130.9597,30.3689]]],[[[130.9598,30.369],[130.9598,30.3689],[130.9597,30.3689],[130.9598,30.369]]],[[[130.9706,30.3696],[130.9707,30.3695],[130.9708,30.3692],[130.9706,30.3696]]],[[[130.9605,30.3694],[130.9606,30.3695],[130.9606,30.3694],[130.9605,30.3694]]],[[[130.9604,30.3694],[130.9605,30.3695],[130.9604,30.3694],[130.9604,30.3694]]],[[[130.9625,30.3696],[130.9624,30.3697],[130.9624,30.3697],[130.9625,30.3696]]],[[[130.9718,30.3698],[130.9718,30.3699],[130.9718,30.3698],[130.9718,30.3698]]],[[[130.9703,30.3699],[130.9704,30.37],[130.9704,30.3699],[130.9703,30.3699]]],[[[130.9717,30.37],[130.9718,30.37],[130.9718,30.37],[130.9717,30.37]]],[[[130.9705,30.3702],[130.9705,30.3699],[130.9705,30.3702],[130.9705,30.3702]]],[[[130.9706,30.3701],[130.9706,30.3701],[130.9706,30.3701],[130.9706,30.3701]]],[[[130.9621,30.3704],[130.9623,30.37],[130.962,30.3704],[130.9621,30.3704]]],[[[130.9707,30.3702],[130.9707,30.3702],[130.9707,30.3702],[130.9707,30.3702]]],[[[130.9707,30.3702],[130.9706,30.3702],[130.9707,30.3703],[130.9707,30.3702]]],[[[130.9706,30.3704],[130.9706,30.3703],[130.9705,30.3705],[130.9706,30.3704]]],[[[130.9723,30.3705],[130.9726,30.3701],[130.9724,30.3699],[130.9706,30.3708],[130.9723,30.3705]]],[[[130.9706,30.3706],[130.9706,30.3706],[130.9706,30.3705],[130.9706,30.3706]]],[[[130.9703,30.3705],[130.9703,30.3706],[130.9703,30.3705],[130.9703,30.3705]]],[[[130.9621,30.3706],[130.9618,30.3705],[130.9618,30.3708],[130.9621,30.3706]]],[[[130.9702,30.3711],[130.9702,30.3711],[130.9702,30.3711],[130.9702,30.3711]]],[[[130.9694,30.3714],[130.9693,30.3713],[130.9694,30.3714],[130.9694,30.3714]]],[[[130.9694,30.3716],[130.9694,30.3716],[130.9694,30.3715],[130.9694,30.3716]]],[[[130.9616,30.3714],[130.9614,30.3715],[130.9615,30.3717],[130.9616,30.3714]]],[[[130.9614,30.3717],[130.9614,30.3716],[130.9614,30.3717],[130.9614,30.3717]]],[[[130.9703,30.3718],[130.9706,30.3716],[130.9701,30.3717],[130.9703,30.3718]]],[[[130.9704,30.3718],[130.9705,30.3719],[130.9706,30.3718],[130.9704,30.3718]]],[[[130.9706,30.3719],[130.9706,30.3719],[130.9706,30.3718],[130.9706,30.3719]]],[[[130.9699,30.372],[130.97,30.3719],[130.9699,30.3719],[130.9699,30.372]]],[[[130.9699,30.3721],[130.9699,30.372],[130.9699,30.3721],[130.9699,30.3721]]],[[[130.9696,30.3724],[130.9696,30.3723],[130.9696,30.3724],[130.9696,30.3724]]],[[[130.9697,30.3725],[130.9698,30.3721],[130.9697,30.3726],[130.9697,30.3725]]],[[[130.9696,30.3725],[130.9695,30.3725],[130.9696,30.3726],[130.9696,30.3725]]],[[[130.9686,30.3733],[130.9695,30.3724],[130.9692,30.372],[130.9686,30.3733]]],[[[130.9697,30.373],[130.9697,30.3729],[130.9697,30.373],[130.9697,30.373]]],[[[130.9713,30.373],[130.9717,30.3731],[130.9716,30.3728],[130.9713,30.373]]],[[[130.9711,30.373],[130.9711,30.3732],[130.9711,30.3732],[130.9711,30.373]]],[[[130.9717,30.3732],[130.9717,30.3732],[130.9717,30.3732],[130.9717,30.3732]]],[[[130.9716,30.3736],[130.9715,30.3737],[130.9715,30.3737],[130.9716,30.3736]]],[[[130.9716,30.3738],[130.9715,30.3738],[130.9715,30.3738],[130.9716,30.3738]]],[[[130.9715,30.3738],[130.9716,30.3738],[130.9716,30.3738],[130.9715,30.3738]]],[[[130.971,30.3742],[130.9716,30.3741],[130.9715,30.3739],[130.971,30.3742]]],[[[130.9697,30.376],[130.9702,30.3755],[130.9699,30.3755],[130.9697,30.376]]],[[[130.9695,30.3758],[130.9695,30.3757],[130.9694,30.3758],[130.9695,30.3758]]],[[[130.9692,30.3788],[130.9688,30.3783],[130.9687,30.3786],[130.9692,30.3788]]],[[[130.9686,30.3787],[130.9687,30.3788],[130.9687,30.3788],[130.9686,30.3787]]],[[[130.972,30.4083],[130.9721,30.4083],[130.9721,30.4083],[130.972,30.4083]]],[[[130.972,30.4096],[130.9718,30.4099],[130.9719,30.41],[130.972,30.4096]]],[[[130.9713,30.4098],[130.9713,30.4099],[130.9713,30.4098],[130.9713,30.4098]]],[[[130.9701,30.411],[130.9702,30.4111],[130.9702,30.4111],[130.9701,30.411]]],[[[130.9705,30.4111],[130.9706,30.4111],[130.9705,30.4111],[130.9705,30.4111]]],[[[130.9703,30.4111],[130.9704,30.4112],[130.9704,30.4112],[130.9703,30.4111]]],[[[130.9703,30.412],[130.9704,30.4119],[130.9703,30.4119],[130.9703,30.412]]],[[[130.9705,30.4123],[130.9702,30.412],[130.9701,30.4122],[130.9705,30.4123]]],[[[130.97,30.4126],[130.9704,30.4124],[130.9701,30.4123],[130.97,30.4126]]],[[[130.9703,30.4127],[130.9703,30.4128],[130.9703,30.4127],[130.9703,30.4127]]],[[[130.9698,30.4129],[130.9698,30.4133],[130.97,30.413],[130.9698,30.4129]]],[[[130.9696,30.4133],[130.9697,30.4134],[130.9698,30.4134],[130.9696,30.4133]]],[[[130.9696,30.4134],[130.9697,30.4134],[130.9696,30.4134],[130.9696,30.4134]]],[[[130.9703,30.4159],[130.9701,30.4156],[130.9699,30.416],[130.9703,30.4159]]],[[[130.9697,30.4162],[130.9697,30.4162],[130.9697,30.4162],[130.9697,30.4162]]],[[[130.9688,30.4162],[130.9687,30.4163],[130.9687,30.4163],[130.9688,30.4162]]],[[[130.9697,30.4165],[130.9693,30.4165],[130.9693,30.4167],[130.9697,30.4165]]],[[[130.9693,30.417],[130.9693,30.4171],[130.9694,30.417],[130.9693,30.417]]],[[[130.9692,30.4172],[130.9692,30.4172],[130.9692,30.4172],[130.9692,30.4172]]],[[[130.9694,30.4188],[130.9693,30.4189],[130.9693,30.4189],[130.9694,30.4188]]],[[[130.9695,30.419],[130.9695,30.4191],[130.9696,30.4189],[130.9695,30.419]]],[[[130.9702,30.4192],[130.9702,30.4192],[130.9702,30.4192],[130.9702,30.4192]]],[[[130.9704,30.4194],[130.9703,30.4192],[130.9702,30.4194],[130.9704,30.4194]]],[[[130.9701,30.4196],[130.97,30.4195],[130.97,30.4196],[130.9701,30.4196]]],[[[130.9709,30.4202],[130.9709,30.4202],[130.9709,30.4201],[130.9709,30.4202]]],[[[130.9711,30.4203],[130.971,30.4203],[130.9711,30.4203],[130.9711,30.4203]]],[[[130.9706,30.4235],[130.9706,30.4234],[130.9706,30.4235],[130.9706,30.4235]]],[[[130.9711,30.424],[130.971,30.424],[130.971,30.4241],[130.9711,30.424]]],[[[130.971,30.4242],[130.971,30.4242],[130.9709,30.4242],[130.971,30.4242]]],[[[130.9713,30.4243],[130.9713,30.4241],[130.9712,30.4243],[130.9713,30.4243]]],[[[130.9703,30.4244],[130.9703,30.4244],[130.9703,30.4244],[130.9703,30.4244]]],[[[130.9706,30.4244],[130.9706,30.4244],[130.9706,30.4244],[130.9706,30.4244]]],[[[130.9705,30.4245],[130.9705,30.4244],[130.9705,30.4245],[130.9705,30.4245]]],[[[130.9705,30.4245],[130.9705,30.4245],[130.9705,30.4245],[130.9705,30.4245]]],[[[130.9698,30.4246],[130.9699,30.4246],[130.9698,30.4246],[130.9698,30.4246]]],[[[130.9712,30.4243],[130.9704,30.4249],[130.9702,30.4245],[130.9702,30.4251],[130.9712,30.4243]]],[[[130.9697,30.4247],[130.9696,30.4247],[130.9696,30.4248],[130.9697,30.4247]]],[[[130.9725,30.3688],[130.9727,30.3689],[130.9725,30.3687],[130.9725,30.3688]]],[[[130.9725,30.3692],[130.9726,30.3691],[130.9724,30.3691],[130.9725,30.3692]]],[[[130.9741,30.3695],[130.9742,30.3694],[130.9741,30.3694],[130.9741,30.3695]]],[[[130.9726,30.3699],[130.9734,30.3704],[130.9735,30.3701],[130.9741,30.3693],[130.9726,30.3699]]],[[[130.9725,30.3698],[130.9725,30.3699],[130.9726,30.3699],[130.9725,30.3698]]],[[[130.9729,30.3702],[130.973,30.3702],[130.9729,30.3702],[130.9729,30.3702]]],[[[130.9724,30.3704],[130.9725,30.3704],[130.9725,30.3704],[130.9724,30.3704]]],[[[130.9724,30.3705],[130.9724,30.3705],[130.9724,30.3705],[130.9724,30.3705]]],[[[130.9726,30.3706],[130.9726,30.3705],[130.9725,30.3705],[130.9726,30.3706]]],[[[130.9748,30.3708],[130.9749,30.3706],[130.9746,30.3708],[130.9748,30.3708]]],[[[130.9729,30.371],[130.9729,30.3709],[130.9729,30.3709],[130.9729,30.371]]],[[[130.9746,30.3711],[130.9746,30.3709],[130.9745,30.3709],[130.9746,30.3711]]],[[[130.9736,30.3711],[130.9737,30.3709],[130.9735,30.3711],[130.9736,30.3711]]],[[[130.9739,30.3711],[130.9739,30.3712],[130.974,30.3711],[130.9739,30.3711]]],[[[130.9738,30.3715],[130.9743,30.3715],[130.974,30.3712],[130.9738,30.3715]]],[[[130.9729,30.3718],[130.9734,30.3716],[130.9733,30.3713],[130.9729,30.3718]]],[[[130.9743,30.3716],[130.9743,30.3717],[130.9744,30.3716],[130.9743,30.3716]]],[[[130.9745,30.3717],[130.9744,30.3716],[130.9744,30.3717],[130.9745,30.3717]]],[[[130.9726,30.3717],[130.9726,30.3717],[130.9726,30.3717],[130.9726,30.3717]]],[[[130.9725,30.3718],[130.9728,30.3718],[130.9728,30.3717],[130.9725,30.3718]]],[[[130.9729,30.3722],[130.9728,30.3721],[130.9728,30.3722],[130.9729,30.3722]]],[[[130.9728,30.3736],[130.9727,30.3733],[130.9716,30.3738],[130.9718,30.3746],[130.9728,30.3736]]],[[[130.9725,30.3762],[130.9725,30.3757],[130.9724,30.3763],[130.9725,30.3762]]],[[[130.9732,30.3764],[130.9732,30.3761],[130.9732,30.3764],[130.9732,30.3764]]],[[[130.9729,30.3761],[130.973,30.3765],[130.9731,30.3764],[130.9729,30.3761]]],[[[130.9727,30.3765],[130.9728,30.3766],[130.9728,30.3764],[130.9727,30.3765]]],[[[130.9751,30.4054],[130.9752,30.4054],[130.9751,30.4054],[130.9751,30.4054]]],[[[130.9751,30.4056],[130.9751,30.4057],[130.9751,30.4056],[130.9751,30.4055],[130.9751,30.4056]]],[[[130.9751,30.4055],[130.975,30.4057],[130.975,30.4057],[130.9751,30.4055]]],[[[130.9738,30.4069],[130.9738,30.407],[130.9738,30.4069],[130.9738,30.4069]]],[[[130.9744,30.4071],[130.9744,30.4071],[130.9744,30.4071],[130.9744,30.4071]]],[[[130.9737,30.4072],[130.9737,30.4072],[130.9737,30.4071],[130.9737,30.4072]]],[[[130.9742,30.4072],[130.9742,30.4073],[130.9743,30.4073],[130.9742,30.4072]]],[[[130.9744,30.4073],[130.9744,30.4073],[130.9744,30.4073],[130.9744,30.4073]]],[[[130.9743,30.4073],[130.9743,30.4073],[130.9743,30.4073],[130.9743,30.4073]]],[[[130.9744,30.4074],[130.9744,30.4074],[130.9744,30.4073],[130.9744,30.4074]]],[[[130.9742,30.4074],[130.9742,30.4074],[130.9742,30.4074],[130.9742,30.4074]]],[[[130.9744,30.4075],[130.9743,30.4075],[130.9744,30.4075],[130.9744,30.4075]]],[[[130.9743,30.4076],[130.9742,30.4075],[130.9741,30.4077],[130.9743,30.4076]]],[[[130.974,30.4078],[130.9741,30.4078],[130.974,30.4077],[130.974,30.4078]]],[[[130.9721,30.4081],[130.9721,30.4082],[130.9721,30.4081],[130.9721,30.4081]]],[[[130.9734,30.4093],[130.9734,30.4093],[130.9735,30.4093],[130.9734,30.4093]]],[[[130.9734,30.4094],[130.9734,30.4094],[130.9734,30.4094],[130.9734,30.4094]]],[[[130.9721,30.4095],[130.9721,30.4095],[130.9721,30.4095],[130.9721,30.4095]]],[[[130.9734,30.4097],[130.9733,30.4097],[130.9733,30.4097],[130.9734,30.4097]]],[[[130.9733,30.4098],[130.9733,30.4098],[130.9733,30.4098],[130.9733,30.4098]]],[[[130.9728,30.4128],[130.9727,30.4128],[130.9728,30.4129],[130.9728,30.4128]]],[[[130.9724,30.4251],[130.9723,30.4251],[130.9723,30.4252],[130.9724,30.4251]]],[[[130.9723,30.4253],[130.9723,30.4253],[130.9723,30.4252],[130.9723,30.4253]]],[[[130.9735,30.4262],[130.9736,30.4262],[130.9735,30.4261],[130.9735,30.4262]]],[[[130.9733,30.4263],[130.9734,30.4263],[130.9733,30.4263],[130.9733,30.4263]]],[[[130.9732,30.4265],[130.9732,30.4265],[130.9733,30.4264],[130.9732,30.4265]]],[[[130.9732,30.4267],[130.9732,30.4266],[130.9731,30.4266],[130.9732,30.4267]]],[[[130.973,30.4271],[130.9731,30.4267],[130.9729,30.4272],[130.973,30.4271]]],[[[130.9746,30.4274],[130.9747,30.4274],[130.9747,30.4272],[130.9746,30.4274]]],[[[130.9741,30.4405],[130.9741,30.4404],[130.9741,30.4404],[130.9741,30.4405]]],[[[130.9738,30.4405],[130.9738,30.4406],[130.9739,30.4406],[130.9738,30.4405]]],[[[130.9738,30.4412],[130.974,30.4409],[130.974,30.4407],[130.9738,30.4412]]],[[[130.9738,30.4413],[130.9738,30.4413],[130.9738,30.4412],[130.9738,30.4413]]],[[[130.9742,30.4413],[130.9742,30.4413],[130.9743,30.4412],[130.9742,30.4413]]],[[[130.9738,30.4413],[130.9739,30.4413],[130.9739,30.4413],[130.9738,30.4413]]],[[[130.9737,30.4413],[130.9737,30.4413],[130.9737,30.4413],[130.9737,30.4413]]],[[[130.974,30.4413],[130.9739,30.4413],[130.9739,30.4413],[130.974,30.4413]]],[[[130.9746,30.4414],[130.9746,30.4413],[130.9745,30.4414],[130.9746,30.4414]]],[[[130.9739,30.4413],[130.9738,30.4413],[130.9739,30.4413],[130.9739,30.4413]]],[[[130.9748,30.4413],[130.9748,30.4414],[130.9748,30.4414],[130.9748,30.4413]]],[[[130.9743,30.4413],[130.9741,30.4414],[130.9743,30.4413],[130.9743,30.4413]]],[[[130.9735,30.4419],[130.9735,30.4418],[130.9735,30.4419],[130.9735,30.4419]]],[[[130.9734,30.4442],[130.9733,30.4443],[130.9734,30.4442],[130.9734,30.4442]]],[[[130.9741,30.4445],[130.9741,30.4446],[130.9743,30.4445],[130.9744,30.4442],[130.9741,30.4445]]],[[[130.9751,30.4466],[130.9751,30.4467],[130.9751,30.4467],[130.9751,30.4466]]],[[[130.9738,30.447],[130.9739,30.4472],[130.9741,30.447],[130.9738,30.447]]],[[[130.973,30.4479],[130.9729,30.4479],[130.9729,30.4479],[130.973,30.4479]]],[[[130.9726,30.4484],[130.9728,30.4484],[130.9726,30.4483],[130.9726,30.4484]]],[[[130.9726,30.4483],[130.9725,30.4484],[130.9725,30.4485],[130.9726,30.4483]]],[[[130.9724,30.4484],[130.9724,30.4485],[130.9724,30.4484],[130.9724,30.4484]]],[[[130.9748,30.4559],[130.9748,30.4557],[130.9747,30.4558],[130.9748,30.4559]]],[[[130.9752,30.4561],[130.9752,30.4556],[130.975,30.4559],[130.9752,30.4561]]],[[[130.9749,30.456],[130.975,30.4559],[130.9749,30.4559],[130.9749,30.456]]],[[[130.9743,30.4565],[130.9743,30.4565],[130.9744,30.4565],[130.9743,30.4565]]],[[[130.9745,30.4566],[130.9746,30.4567],[130.9746,30.4566],[130.9745,30.4566]]],[[[130.9744,30.4568],[130.9745,30.4567],[130.9742,30.4566],[130.9744,30.4568]]],[[[130.9741,30.4569],[130.9741,30.4567],[130.974,30.4568],[130.9741,30.4569]]],[[[130.974,30.4569],[130.974,30.4568],[130.9739,30.4569],[130.974,30.4569]]],[[[130.9752,30.4567],[130.9748,30.4571],[130.9749,30.4571],[130.9752,30.4567]]],[[[130.9751,30.457],[130.9751,30.4571],[130.9751,30.4571],[130.9751,30.457]]],[[[130.9751,30.4572],[130.9751,30.4572],[130.9751,30.4571],[130.9751,30.4572]]],[[[130.9748,30.4572],[130.9749,30.4573],[130.975,30.4572],[130.9748,30.4572]]],[[[130.975,30.4573],[130.9751,30.4573],[130.975,30.4572],[130.975,30.4573]]],[[[130.9758,30.3722],[130.9759,30.3721],[130.9759,30.3721],[130.9758,30.3722]]],[[[130.9751,30.373],[130.9752,30.3731],[130.9752,30.3731],[130.9751,30.373]]],[[[130.9779,30.3981],[130.9779,30.3982],[130.9779,30.3981],[130.9779,30.3981]]],[[[130.978,30.399],[130.9778,30.3987],[130.978,30.3983],[130.978,30.398],[130.9779,30.3981],[130.9778,30.3983],[130.9778,30.3989],[130.978,30.399]]],[[[130.9781,30.3988],[130.9781,30.3987],[130.978,30.3987],[130.9781,30.3988]]],[[[130.9781,30.399],[130.978,30.3991],[130.978,30.3991],[130.9781,30.399]]],[[[130.9779,30.3991],[130.9779,30.3991],[130.9779,30.3991],[130.9779,30.3991]]],[[[130.9781,30.3992],[130.9782,30.3992],[130.9781,30.3991],[130.9781,30.3992]]],[[[130.978,30.3992],[130.9781,30.3992],[130.978,30.3992],[130.978,30.3992]]],[[[130.9781,30.3993],[130.9782,30.3993],[130.9782,30.3993],[130.9781,30.3993]]],[[[130.9787,30.3996],[130.9786,30.3996],[130.9786,30.3996],[130.9787,30.3996]]],[[[130.9769,30.404],[130.977,30.404],[130.9769,30.404],[130.9769,30.404]]],[[[130.9769,30.4041],[130.9769,30.4041],[130.9769,30.404],[130.9769,30.4041]]],[[[130.9756,30.4051],[130.9757,30.4051],[130.9757,30.4051],[130.9756,30.4051]]],[[[130.9756,30.4053],[130.9756,30.4054],[130.9756,30.4053],[130.9756,30.4053]]],[[[130.9755,30.4054],[130.9756,30.4055],[130.9756,30.4054],[130.9755,30.4054]]],[[[130.9755,30.4056],[130.9755,30.4056],[130.9755,30.4056],[130.9755,30.4056]]],[[[130.9755,30.4057],[130.9755,30.4057],[130.9755,30.4057],[130.9755,30.4057]]],[[[130.9762,30.4112],[130.9759,30.411],[130.976,30.4113],[130.9762,30.4112]]],[[[130.9779,30.4305],[130.9776,30.4305],[130.9778,30.4307],[130.9779,30.4305]]],[[[130.9775,30.4309],[130.9775,30.4307],[130.9774,30.4309],[130.9775,30.4309]]],[[[130.9772,30.4309],[130.9772,30.4308],[130.9772,30.4309],[130.9772,30.4309]]],[[[130.9775,30.431],[130.9776,30.4309],[130.9774,30.4309],[130.9774,30.4309],[130.9775,30.431]]],[[[130.9772,30.431],[130.9772,30.431],[130.9772,30.431],[130.9772,30.431]]],[[[130.9775,30.4312],[130.9775,30.4312],[130.9774,30.4312],[130.9775,30.4312]]],[[[130.9774,30.4313],[130.9774,30.4313],[130.9774,30.4313],[130.9774,30.4313]]],[[[130.9773,30.4314],[130.9774,30.4313],[130.9773,30.4313],[130.9773,30.4314]]],[[[130.9783,30.432],[130.9783,30.4319],[130.9783,30.4319],[130.9783,30.432]]],[[[130.9783,30.432],[130.9783,30.432],[130.9783,30.432],[130.9783,30.432]]],[[[130.9782,30.432],[130.9781,30.4322],[130.9781,30.4322],[130.9782,30.432]]],[[[130.9776,30.4323],[130.9777,30.4323],[130.9776,30.4323],[130.9776,30.4323]]],[[[130.9776,30.4324],[130.9776,30.4324],[130.9776,30.4324],[130.9776,30.4324]]],[[[130.9779,30.4329],[130.9779,30.433],[130.9779,30.4329],[130.9779,30.4329]]],[[[130.9773,30.4334],[130.9774,30.4336],[130.9774,30.4334],[130.9773,30.4334]]],[[[130.9775,30.4337],[130.9775,30.4337],[130.9775,30.4337],[130.9775,30.4337]]],[[[130.9775,30.4338],[130.9775,30.4337],[130.9775,30.4338],[130.9775,30.4338]]],[[[130.9785,30.4355],[130.9785,30.4354],[130.9785,30.4355],[130.9785,30.4355]]],[[[130.9775,30.4358],[130.9774,30.4358],[130.9774,30.4358],[130.9775,30.4358]]],[[[130.9784,30.4359],[130.9784,30.4359],[130.9784,30.4359],[130.9784,30.4359]]],[[[130.9784,30.4383],[130.9784,30.4384],[130.9785,30.4384],[130.9784,30.4383]]],[[[130.9779,30.4385],[130.9778,30.4386],[130.9779,30.4386],[130.9779,30.4385]]],[[[130.9783,30.4388],[130.9783,30.4388],[130.9783,30.4388],[130.9783,30.4388]]],[[[130.9771,30.4388],[130.9771,30.4388],[130.9771,30.4388],[130.9771,30.4388]]],[[[130.9771,30.4389],[130.9771,30.4389],[130.9771,30.4389],[130.9771,30.4389]]],[[[130.9778,30.439],[130.9776,30.4391],[130.9777,30.4393],[130.9778,30.439]]],[[[130.9776,30.4393],[130.9776,30.4392],[130.9776,30.4392],[130.9776,30.4393]]],[[[130.9768,30.4391],[130.9767,30.4394],[130.9768,30.4395],[130.9768,30.4391]]],[[[130.9777,30.4393],[130.9777,30.4393],[130.9777,30.4393],[130.9777,30.4393]]],[[[130.9777,30.4394],[130.9778,30.4395],[130.9778,30.4394],[130.9777,30.4394]]],[[[130.9777,30.4395],[130.9776,30.4394],[130.9776,30.4396],[130.9777,30.4395]]],[[[130.9777,30.4396],[130.9777,30.4397],[130.9777,30.4396],[130.9777,30.4396]]],[[[130.9761,30.44],[130.9761,30.44],[130.9761,30.44],[130.9761,30.44]]],[[[130.976,30.4408],[130.9761,30.4409],[130.9764,30.4398],[130.976,30.4408]]],[[[130.9752,30.4407],[130.9752,30.4409],[130.9753,30.4407],[130.9751,30.4406],[130.9752,30.4407]]],[[[130.9762,30.4448],[130.9762,30.4449],[130.9763,30.4446],[130.9762,30.4448]]],[[[130.9769,30.445],[130.9773,30.4446],[130.977,30.4443],[130.9766,30.4458],[130.9769,30.445]]],[[[130.9758,30.4451],[130.976,30.4453],[130.9759,30.445],[130.9758,30.4451]]],[[[130.9769,30.4452],[130.9769,30.4451],[130.9769,30.4452],[130.9769,30.4452]]],[[[130.9769,30.4452],[130.9769,30.4452],[130.9769,30.4452],[130.9769,30.4452]]],[[[130.9755,30.4453],[130.9755,30.4453],[130.9755,30.4452],[130.9755,30.4453]]],[[[130.9769,30.4453],[130.9769,30.4453],[130.9769,30.4452],[130.9769,30.4453]]],[[[130.9757,30.4454],[130.9757,30.4456],[130.9758,30.4454],[130.9757,30.4454]]],[[[130.9758,30.4455],[130.9759,30.4457],[130.976,30.4456],[130.9758,30.4455]]],[[[130.9756,30.4456],[130.9755,30.4457],[130.9756,30.4457],[130.9756,30.4456]]],[[[130.9769,30.4457],[130.977,30.4457],[130.9769,30.4457],[130.9769,30.4457]]],[[[130.9757,30.446],[130.9758,30.446],[130.9758,30.4459],[130.9757,30.446]]],[[[130.976,30.446],[130.9759,30.4459],[130.9759,30.4461],[130.976,30.446]]],[[[130.9762,30.4462],[130.9763,30.4462],[130.9762,30.4461],[130.9762,30.4462]]],[[[130.9767,30.4469],[130.9767,30.4469],[130.9767,30.4469],[130.9767,30.4469]]],[[[130.9774,30.4501],[130.9775,30.45],[130.9774,30.45],[130.9774,30.4501]]],[[[130.9771,30.4501],[130.9771,30.4501],[130.9771,30.4501],[130.9771,30.4501]]],[[[130.9766,30.4504],[130.9766,30.4505],[130.9767,30.4503],[130.9766,30.4504]]],[[[130.978,30.4507],[130.979,30.4511],[130.9791,30.45],[130.9789,30.4498],[130.978,30.4507]]],[[[130.9778,30.4506],[130.9781,30.4499],[130.9764,30.4507],[130.977,30.4514],[130.9778,30.4506]]],[[[130.9781,30.452],[130.9784,30.453],[130.9788,30.4528],[130.9789,30.4516],[130.9781,30.452]]],[[[130.9759,30.4528],[130.9758,30.453],[130.976,30.453],[130.9759,30.4528]]],[[[130.9759,30.4531],[130.976,30.453],[130.9759,30.4531],[130.9759,30.4531]]],[[[130.9785,30.453],[130.9786,30.4531],[130.9786,30.453],[130.9785,30.453]]],[[[130.9757,30.4534],[130.9757,30.4533],[130.9757,30.4534],[130.9757,30.4534]]],[[[130.9767,30.4541],[130.9768,30.4536],[130.9757,30.453],[130.9767,30.4541]]],[[[130.9752,30.4537],[130.9752,30.4537],[130.9752,30.4537],[130.9752,30.4537]]],[[[130.9768,30.454],[130.977,30.454],[130.977,30.4538],[130.9768,30.454]]],[[[130.9756,30.4541],[130.9756,30.454],[130.9755,30.4541],[130.9756,30.4541]]],[[[130.9757,30.4541],[130.9756,30.4542],[130.9757,30.4542],[130.9757,30.4541]]],[[[130.9766,30.4541],[130.9766,30.4542],[130.9767,30.4542],[130.9766,30.4541]]],[[[130.977,30.4551],[130.9777,30.4545],[130.9774,30.454],[130.977,30.4551]]],[[[130.9757,30.4548],[130.9757,30.4548],[130.9757,30.4547],[130.9757,30.4548]]],[[[130.9758,30.4548],[130.9758,30.4548],[130.9758,30.4548],[130.9758,30.4548]]],[[[130.9751,30.4562],[130.9752,30.4565],[130.9753,30.4562],[130.9751,30.4562]]],[[[130.9814,30.3615],[130.9817,30.3615],[130.9816,30.3613],[130.9814,30.3615]]],[[[130.9816,30.369],[130.9814,30.3688],[130.9814,30.369],[130.9816,30.369]]],[[[130.981,30.3978],[130.9815,30.3978],[130.9811,30.3969],[130.981,30.3978]]],[[[130.9813,30.3984],[130.9814,30.3986],[130.9813,30.3983],[130.9813,30.3984]]],[[[130.9813,30.3986],[130.9812,30.3985],[130.9812,30.3985],[130.9813,30.3986]]],[[[130.9822,30.3987],[130.982,30.399],[130.9822,30.3991],[130.9822,30.3987]]],[[[130.9804,30.3989],[130.9786,30.3997],[130.9802,30.4004],[130.9804,30.3996],[130.9814,30.3989],[130.9806,30.3975],[130.9804,30.3989]]],[[[130.9817,30.399],[130.9816,30.3991],[130.9817,30.3992],[130.9817,30.399]]],[[[130.9816,30.3992],[130.9815,30.3993],[130.9816,30.3993],[130.9816,30.3992]]],[[[130.9814,30.3998],[130.9821,30.3995],[130.982,30.399],[130.9814,30.3998]]],[[[130.9813,30.3994],[130.9813,30.3995],[130.9813,30.3993],[130.9813,30.3994]]],[[[130.9787,30.3995],[130.9787,30.3993],[130.9787,30.3993],[130.9787,30.3995]]],[[[130.9814,30.3993],[130.9813,30.3996],[130.9813,30.3996],[130.9814,30.3993]]],[[[130.9811,30.3996],[130.9811,30.3995],[130.9811,30.3995],[130.9811,30.3996]]],[[[130.9813,30.3997],[130.9813,30.3996],[130.9813,30.3996],[130.9813,30.3997]]],[[[130.981,30.3996],[130.9811,30.3997],[130.9811,30.3996],[130.981,30.3996]]],[[[130.9806,30.3998],[130.9807,30.3999],[130.9807,30.3999],[130.9806,30.3998]]],[[[130.9805,30.3997],[130.9805,30.3997],[130.9805,30.3999],[130.9807,30.4],[130.9805,30.3997]]],[[[130.9807,30.4001],[130.9805,30.4],[130.9806,30.4],[130.9807,30.4001]]],[[[130.9809,30.4001],[130.981,30.4001],[130.981,30.4],[130.9809,30.4001]]],[[[130.9805,30.4002],[130.9805,30.4003],[130.9805,30.4002],[130.9805,30.4002]]],[[[130.9789,30.4003],[130.9788,30.4003],[130.9789,30.4004],[130.9789,30.4003]]],[[[130.9789,30.4004],[130.979,30.4004],[130.9789,30.4004],[130.9789,30.4004]]],[[[130.9802,30.4005],[130.9802,30.4005],[130.9803,30.4005],[130.9802,30.4005]]],[[[130.9789,30.4006],[130.9789,30.4006],[130.979,30.4006],[130.9789,30.4006]]],[[[130.979,30.4014],[130.979,30.4013],[130.9789,30.4014],[130.979,30.4014]]],[[[130.9832,30.4012],[130.9833,30.4019],[130.9836,30.4015],[130.9832,30.4012]]],[[[130.9796,30.4018],[130.9797,30.4014],[130.9796,30.4018],[130.9796,30.4018]]],[[[130.9798,30.4019],[130.9797,30.4018],[130.9797,30.402],[130.9798,30.4019]]],[[[130.9796,30.4019],[130.9796,30.402],[130.9797,30.4019],[130.9796,30.4019]]],[[[130.9797,30.4023],[130.9797,30.4021],[130.9796,30.4024],[130.9797,30.4023]]],[[[130.9813,30.4022],[130.9812,30.4024],[130.9813,30.4024],[130.9813,30.4022]]],[[[130.9798,30.4024],[130.9799,30.4023],[130.9798,30.4023],[130.9798,30.4024]]],[[[130.9808,30.4027],[130.9813,30.4027],[130.9811,30.402],[130.9808,30.4027]]],[[[130.9798,30.4024],[130.9797,30.4026],[130.9798,30.4026],[130.9798,30.4024]]],[[[130.9794,30.4026],[130.9796,30.403],[130.9798,30.4026],[130.9794,30.4026]]],[[[130.98,30.4028],[130.9798,30.403],[130.9798,30.4031],[130.98,30.4028]]],[[[130.9806,30.4031],[130.9807,30.4031],[130.9806,30.403],[130.9806,30.4031]]],[[[130.981,30.4031],[130.9808,30.403],[130.981,30.4031],[130.981,30.4031]]],[[[130.9814,30.4034],[130.9815,30.4035],[130.9817,30.4032],[130.9814,30.4034]]],[[[130.9806,30.4033],[130.9806,30.4035],[130.9806,30.4035],[130.9806,30.4033]]],[[[130.9805,30.4036],[130.9803,30.4038],[130.9804,30.4039],[130.9805,30.4036]]],[[[130.9808,30.404],[130.9806,30.4041],[130.9808,30.4042],[130.9808,30.404]]],[[[130.9806,30.4045],[130.9808,30.4043],[130.9806,30.4042],[130.9806,30.4045]]],[[[130.9805,30.4045],[130.9806,30.4048],[130.9807,30.4047],[130.9805,30.4045]]],[[[130.9803,30.4047],[130.98,30.405],[130.9802,30.4051],[130.9803,30.4047]]],[[[130.98,30.4056],[130.9801,30.4057],[130.9802,30.4057],[130.98,30.4056]]],[[[130.9786,30.4315],[130.9786,30.4316],[130.9787,30.4315],[130.9786,30.4315]]],[[[130.9787,30.4317],[130.9788,30.4317],[130.9788,30.4315],[130.9787,30.4317]]],[[[130.9794,30.4349],[130.9794,30.435],[130.9795,30.435],[130.9794,30.4349]]],[[[130.979,30.4353],[130.979,30.4352],[130.979,30.4352],[130.979,30.4353]]],[[[130.98,30.4353],[130.98,30.4353],[130.98,30.4353],[130.98,30.4353]]],[[[130.9788,30.4355],[130.9788,30.4354],[130.9787,30.4355],[130.9788,30.4355]]],[[[130.9787,30.4356],[130.9787,30.4355],[130.9787,30.4355],[130.9787,30.4356]]],[[[130.9792,30.436],[130.9793,30.4358],[130.9793,30.4358],[130.9792,30.436]]],[[[130.9823,30.4362],[130.9823,30.4361],[130.9823,30.4362],[130.9823,30.4362]]],[[[130.9788,30.4363],[130.9789,30.4363],[130.9789,30.4363],[130.9788,30.4363]]],[[[130.9823,30.4363],[130.9823,30.4362],[130.9822,30.4365],[130.9823,30.4363]]],[[[130.9789,30.4364],[130.9788,30.4364],[130.9789,30.4366],[130.9789,30.4364]]],[[[130.979,30.4365],[130.979,30.4364],[130.979,30.4364],[130.979,30.4365]]],[[[130.9789,30.437],[130.979,30.4371],[130.979,30.4371],[130.9789,30.437]]],[[[130.9789,30.4371],[130.9788,30.437],[130.9789,30.4372],[130.9789,30.4371]]],[[[130.9796,30.4371],[130.9795,30.4371],[130.9795,30.4371],[130.9796,30.4371]]],[[[130.9793,30.4371],[130.9794,30.4372],[130.9794,30.4371],[130.9793,30.4371]]],[[[130.9796,30.4373],[130.9795,30.4372],[130.9795,30.4372],[130.9796,30.4373]]],[[[130.9801,30.4386],[130.9802,30.4386],[130.9802,30.4386],[130.9801,30.4386]]],[[[130.9789,30.4388],[130.9789,30.4388],[130.9789,30.4387],[130.9789,30.4388]]],[[[130.98,30.4389],[130.9801,30.4388],[130.98,30.4388],[130.98,30.4389]]],[[[130.9788,30.4388],[130.9789,30.439],[130.9789,30.4389],[130.9788,30.4388]]],[[[130.9788,30.439],[130.9788,30.4388],[130.9787,30.4388],[130.9788,30.439]]],[[[130.9801,30.4389],[130.9801,30.4391],[130.9801,30.4388],[130.9801,30.4389]]],[[[130.979,30.4389],[130.9789,30.4389],[130.979,30.4389],[130.979,30.4389]]],[[[130.9805,30.4381],[130.98,30.4394],[130.9801,30.4398],[130.9805,30.4381]]],[[[130.98,30.4404],[130.9801,30.4404],[130.9801,30.4402],[130.98,30.4404]]],[[[130.979,30.4445],[130.979,30.4445],[130.979,30.4444],[130.979,30.4445]]],[[[130.9789,30.4457],[130.9788,30.445],[130.9787,30.4455],[130.9789,30.4457]]],[[[130.9789,30.4459],[130.9791,30.446],[130.9791,30.4459],[130.9789,30.4459]]],[[[130.979,30.4518],[130.9791,30.4519],[130.9791,30.4519],[130.979,30.4518]]],[[[130.9789,30.452],[130.9789,30.4519],[130.9789,30.452],[130.9789,30.452]]],[[[130.979,30.4521],[130.979,30.4521],[130.9789,30.4521],[130.979,30.4521]]],[[[131.0313,30.5561],[131.0315,30.5561],[131.0314,30.556],[131.0313,30.5561]]]]}},{"type":"Feature","properties":{"code":"46505","name":"屋久島町","pref_code":"46","pref":"鹿児島県"},"geometry":{"type":"MultiPolygon","coordinates":[[[[130.4048,30.3109],[130.4048,30.311],[130.4048,30.311],[130.4048,30.3109]]],[[[130.4049,30.3115],[130.4047,30.3115],[130.4048,30.3116],[130.4049,30.3115]]],[[[130.4048,30.3118],[130.4047,30.3118],[130.4048,30.3119],[130.4048,30.3118]]],[[[130.3961,30.3173],[130.396,30.3168],[130.3957,30.3174],[130.3961,30.3173]]],[[[130.3948,30.318],[130.3949,30.3181],[130.3949,30.3179],[130.3948,30.318]]],[[[130.3929,30.3186],[130.3931,30.3185],[130.393,30.318],[130.3929,30.3186]]],[[[130.3947,30.318],[130.3948,30.3187],[130.3949,30.3188],[130.3947,30.318]]],[[[130.3928,30.3189],[130.3931,30.3189],[130.3931,30.3188],[130.3928,30.3189]]],[[[130.3932,30.3192],[130.3931,30.3191],[130.393,30.3193],[130.3932,30.3192]]],[[[130.3931,30.3195],[130.3932,30.3194],[130.3931,30.3194],[130.3931,30.3195]]],[[[130.3907,30.3217],[130.3905,30.3221],[130.3908,30.3221],[130.3907,30.3217]]],[[[130.3807,30.3516],[130.3806,30.3517],[130.3807,30.3517],[130.3807,30.3516]]],[[[130.3818,30.3532],[130.3819,30.3533],[130.3819,30.3531],[130.3818,30.3532]]],[[[130.3814,30.3534],[130.3815,30.3533],[130.3814,30.3533],[130.3814,30.3534]]],[[[130.3803,30.3602],[130.3802,30.3603],[130.3805,30.3603],[130.3803,30.3602]]],[[[130.3772,30.3718],[130.3771,30.3713],[130.3769,30.3718],[130.3772,30.3718]]],[[[130.3766,30.3728],[130.3768,30.3728],[130.3768,30.3727],[130.3766,30.3728]]],[[[130.377,30.3733],[130.3769,30.3733],[130.3769,30.3734],[130.377,30.3733]]],[[[130.3766,30.3733],[130.3762,30.3734],[130.3765,30.3735],[130.3766,30.3733]]],[[[130.398,30.3982],[130.3981,30.3981],[130.3979,30.3981],[130.398,30.3982]]],[[[130.2271,30.4211],[130.2268,30.4214],[130.2271,30.4215],[130.2271,30.4211]]],[[[130.227,30.4217],[130.2269,30.4216],[130.2269,30.4217],[130.227,30.4217]]],[[[130.2271,30.4218],[130.227,30.4223],[130.2273,30.422],[130.2271,30.4218]]],[[[130.2238,30.4236],[130.2237,30.4235],[130.2236,30.4235],[130.2238,30.4236]]],[[[130.2284,30.4236],[130.2281,30.4236],[130.2281,30.4236],[130.2284,30.4236]]],[[[130.2206,30.4244],[130.2203,30.4247],[130.2204,30.4248],[130.2206,30.4244]]],[[[130.2058,30.4258],[130.2054,30.4263],[130.2057,30.4263],[130.2058,30.4258]]],[[[130.2062,30.4265],[130.2064,30.426],[130.2059,30.4266],[130.2062,30.4265]]],[[[130.2031,30.4273],[130.2047,30.4266],[130.2041,30.4265],[130.2031,30.4273]]],[[[130.2017,30.4311],[130.2018,30.4313],[130.2021,30.4308],[130.2017,30.4311]]],[[[130.2014,30.4312],[130.2015,30.4317],[130.2015,30.4312],[130.2014,30.4312]]],[[[130.1976,30.4318],[130.1967,30.4313],[130.1976,30.4321],[130.1976,30.4318]]],[[[130.198,30.4326],[130.1979,30.4325],[130.1978,30.4327],[130.198,30.4326]]],[[[130.2612,30.4332],[130.2613,30.433],[130.2612,30.4331],[130.2612,30.4332]]],[[[130.2339,30.4332],[130.2341,30.4333],[130.2341,30.4332],[130.2339,30.4332]]],[[[130.2417,30.4354],[130.2416,30.4354],[130.2416,30.4355],[130.2417,30.4354]]],[[[130.244,30.4359],[130.2437,30.4357],[130.2438,30.4359],[130.244,30.4359]]],[[[130.257,30.4364],[130.2571,30.4362],[130.257,30.4362],[130.257,30.4364]]],[[[130.2564,30.4364],[130.2565,30.4363],[130.2564,30.4363],[130.2564,30.4364]]],[[[130.2549,30.4374],[130.2549,30.4373],[130.2548,30.4374],[130.2549,30.4374]]],[[[130.2513,30.4378],[130.2515,30.4377],[130.2514,30.4377],[130.2513,30.4378]]],[[[130.2487,30.4378],[130.2486,30.4378],[130.2487,30.4379],[130.2487,30.4378]]],[[[130.2506,30.4378],[130.2509,30.438],[130.2509,30.4378],[130.2506,30.4378]]],[[[130.1914,30.441],[130.1914,30.4413],[130.1915,30.441],[130.1914,30.441]]],[[[130.2667,30.4435],[130.2666,30.4434],[130.2665,30.4435],[130.2667,30.4435]]],[[[130.266,30.4438],[130.2655,30.444],[130.2657,30.4442],[130.266,30.4438]]],[[[130.2659,30.4447],[130.2662,30.4439],[130.2655,30.4446],[130.2659,30.4447]]],[[[130.2651,30.4444],[130.2654,30.4446],[130.2656,30.4442],[130.2651,30.4444]]],[[[130.2661,30.4449],[130.2661,30.4448],[130.266,30.4449],[130.2661,30.4449]]],[[[130.2655,30.4448],[130.2655,30.4449],[130.2656,30.4449],[130.2655,30.4448]]],[[[130.2648,30.4461],[130.2648,30.446],[130.2647,30.446],[130.2648,30.4461]]],[[[130.2648,30.4467],[130.2649,30.4466],[130.2648,30.4466],[130.2648,30.4467]]],[[[130.1697,30.4546],[130.1696,30.4546],[130.1695,30.4547],[130.1697,30.4546]]],[[[130.1701,30.4549],[130.1699,30.4549],[130.1702,30.4551],[130.1701,30.4549]]],[[[130.1755,30.4552],[130.1754,30.4556],[130.1757,30.4554],[130.1755,30.4552]]],[[[130.1716,30.4557],[130.1718,30.4558],[130.1716,30.4552],[130.1716,30.4557]]],[[[130.1711,30.4555],[130.1714,30.4557],[130.1714,30.4555],[130.1711,30.4555]]],[[[130.1766,30.4557],[130.1767,30.4557],[130.1767,30.4556],[130.1766,30.4557]]],[[[130.1808,30.4558],[130.1807,30.4557],[130.1807,30.4559],[130.1808,30.4558]]],[[[130.1708,30.4559],[130.1704,30.4559],[130.1704,30.456],[130.1708,30.4559]]],[[[130.1709,30.4562],[130.171,30.4561],[130.1709,30.4561],[130.1709,30.4562]]],[[[130.2077,30.4783],[130.2099,30.475],[130.2135,30.4729],[130.2166,30.4735],[130.2168,30.4746],[130.2174,30.4734],[130.2214,30.4736],[130.2231,30.4727],[130.2233,30.4743],[130.2266,30.4699],[130.2304,30.4681],[130.231,30.4691],[130.2313,30.4681],[130.2334,30.4681],[130.2352,30.4701],[130.239,30.4635],[130.2412,30.463],[130.2429,30.4598],[130.2452,30.4587],[130.2481,30.4595],[130.2505,30.4565],[130.25,30.4546],[130.251,30.4547],[130.252,30.4544],[130.25,30.4545],[130.2505,30.4537],[130.2546,30.4531],[130.2549,30.4511],[130.2565,30.4513],[130.2629,30.4478],[130.2651,30.4481],[130.2645,30.4468],[130.2651,30.4446],[130.2635,30.4417],[130.2661,30.4393],[130.2648,30.4389],[130.2651,30.4372],[130.2637,30.437],[130.2641,30.4344],[130.2609,30.4331],[130.2605,30.4341],[130.2585,30.4344],[130.2574,30.4366],[130.2535,30.4387],[130.2478,30.4381],[130.246,30.4372],[130.2458,30.4354],[130.2445,30.4368],[130.239,30.4365],[130.2359,30.4354],[130.2362,30.4345],[130.2343,30.4349],[130.2336,30.4324],[130.235,30.4302],[130.2327,30.431],[130.2311,30.43],[130.2295,30.4248],[130.2312,30.4242],[130.2312,30.4234],[130.2236,30.4243],[130.2228,30.4229],[130.2215,30.423],[130.2213,30.4246],[130.2197,30.4252],[130.2173,30.4254],[130.215,30.4236],[130.2141,30.4245],[130.2119,30.4219],[130.2098,30.4221],[130.2097,30.4259],[130.2031,30.4282],[130.2025,30.4287],[130.2035,30.4288],[130.2011,30.4331],[130.1982,30.4333],[130.1965,30.4354],[130.195,30.4357],[130.1958,30.436],[130.1914,30.4415],[130.1927,30.4449],[130.1906,30.4467],[130.1889,30.452],[130.19,30.4537],[130.1937,30.4553],[130.193,30.4572],[130.1938,30.4561],[130.1938,30.4553],[130.193,30.4549],[130.1959,30.4562],[130.1955,30.4616],[130.1909,30.4634],[130.1915,30.4619],[130.1904,30.463],[130.1842,30.4589],[130.1825,30.4568],[130.1798,30.4561],[130.1798,30.4555],[130.169,30.4566],[130.1704,30.4618],[130.1684,30.4647],[130.1651,30.4642],[130.1678,30.4663],[130.1672,30.4695],[130.1575,30.4745],[130.1574,30.4751],[130.1548,30.4774],[130.1488,30.4786],[130.1499,30.4812],[130.1494,30.4834],[130.148,30.4847],[130.1462,30.4843],[130.1466,30.4854],[130.1437,30.4857],[130.1461,30.4876],[130.143,30.4896],[130.146,30.4904],[130.1557,30.4851],[130.159,30.4856],[130.1651,30.4899],[130.1684,30.4898],[130.1688,30.488],[130.1662,30.4851],[130.1657,30.4823],[130.1766,30.4847],[130.179,30.4833],[130.181,30.4841],[130.1809,30.4836],[130.1843,30.4812],[130.1864,30.4757],[130.191,30.4719],[130.1964,30.4728],[130.1963,30.4759],[130.2002,30.4826],[130.2021,30.4797],[130.2077,30.4783]]],[[[130.1685,30.4573],[130.1684,30.4572],[130.1685,30.4573],[130.1685,30.4573]]],[[[130.1672,30.4575],[130.1674,30.4573],[130.1672,30.4573],[130.1672,30.4575]]],[[[130.2491,30.4586],[130.2493,30.4586],[130.2492,30.4585],[130.2491,30.4586]]],[[[130.1848,30.4591],[130.1849,30.459],[130.1847,30.459],[130.1848,30.4591]]],[[[130.1657,30.4638],[130.1656,30.4636],[130.1655,30.4636],[130.1657,30.4638]]],[[[130.1661,30.4642],[130.1661,30.4639],[130.1659,30.4641],[130.1661,30.4642]]],[[[130.1571,30.4748],[130.1572,30.475],[130.1572,30.4748],[130.1571,30.4748]]],[[[130.1552,30.4751],[130.1551,30.4748],[130.155,30.475],[130.1552,30.4751]]],[[[130.1559,30.4751],[130.1559,30.4749],[130.1558,30.4749],[130.1559,30.4751]]],[[[130.1561,30.4753],[130.1561,30.4751],[130.156,30.4752],[130.1561,30.4753]]],[[[130.1504,30.4773],[130.1504,30.4774],[130.1505,30.4774],[130.1504,30.4773]]],[[[130.2084,30.4783],[130.2084,30.4784],[130.2087,30.4784],[130.2084,30.4783]]],[[[130.1496,30.481],[130.1492,30.4811],[130.1496,30.4812],[130.1496,30.481]]],[[[130.1496,30.4814],[130.1495,30.4815],[130.1497,30.4814],[130.1496,30.4814]]],[[[130.1819,30.4834],[130.1818,30.4833],[130.1818,30.4834],[130.1819,30.4834]]],[[[130.1823,30.4835],[130.1822,30.4835],[130.1822,30.4836],[130.1823,30.4835]]],[[[130.1793,30.4839],[130.1793,30.4838],[130.1793,30.4839],[130.1793,30.4839]]],[[[130.146,30.4843],[130.146,30.4844],[130.1461,30.4844],[130.146,30.4843]]],[[[130.1748,30.4845],[130.1749,30.4844],[130.1747,30.4844],[130.1748,30.4845]]],[[[130.1457,30.4848],[130.1457,30.485],[130.1459,30.485],[130.1457,30.4848]]],[[[130.1602,30.4889],[130.1601,30.4889],[130.1601,30.489],[130.1602,30.4889]]],[[[130.1444,30.4908],[130.1442,30.4906],[130.1442,30.4908],[130.1444,30.4908]]],[[[130.4606,30.2334],[130.4605,30.2335],[130.4606,30.2335],[130.4606,30.2334]]],[[[130.4611,30.2338],[130.4613,30.2337],[130.4612,30.2336],[130.4611,30.2338]]],[[[130.4529,30.2339],[130.4522,30.2336],[130.4528,30.234],[130.4529,30.2339]]],[[[130.4611,30.2339],[130.4611,30.2338],[130.4611,30.2339],[130.4611,30.2339]]],[[[130.4541,30.2337],[130.454,30.2338],[130.4542,30.2341],[130.4541,30.2337]]],[[[130.4608,30.234],[130.4608,30.2339],[130.4607,30.234],[130.4608,30.234]]],[[[130.458,30.234],[130.4582,30.234],[130.4582,30.234],[130.458,30.234]]],[[[130.4494,30.234],[130.4494,30.234],[130.4495,30.234],[130.4494,30.234]]],[[[130.4576,30.234],[130.4577,30.2341],[130.4578,30.2339],[130.4576,30.234]]],[[[130.4598,30.2341],[130.46,30.234],[130.4598,30.234],[130.4598,30.2341]]],[[[130.461,30.234],[130.461,30.2341],[130.4611,30.2341],[130.461,30.234]]],[[[130.459,30.2341],[130.4589,30.2341],[130.459,30.2342],[130.459,30.2341]]],[[[130.4586,30.2341],[130.4585,30.2341],[130.4586,30.2342],[130.4586,30.2341]]],[[[130.4616,30.2343],[130.4615,30.2341],[130.4615,30.2342],[130.4616,30.2343]]],[[[130.4583,30.2343],[130.4584,30.2342],[130.4583,30.2342],[130.4583,30.2343]]],[[[130.4594,30.2342],[130.4594,30.2343],[130.4595,30.2343],[130.4594,30.2342]]],[[[130.4597,30.2343],[130.4599,30.2342],[130.4598,30.2342],[130.4597,30.2343]]],[[[130.4618,30.2343],[130.462,30.2343],[130.4618,30.2343],[130.4618,30.2343]]],[[[130.4587,30.2343],[130.4587,30.2343],[130.4588,30.2343],[130.4587,30.2343]]],[[[130.4592,30.2344],[130.4594,30.2345],[130.4595,30.2344],[130.4592,30.2344]]],[[[130.4546,30.2342],[130.4545,30.2348],[130.4548,30.2342],[130.4546,30.2342]]],[[[130.4529,30.2345],[130.4527,30.2345],[130.4527,30.2345],[130.4529,30.2345]]],[[[130.4533,30.2348],[130.4535,30.2343],[130.4531,30.2348],[130.4533,30.2348]]],[[[130.4495,30.2351],[130.4487,30.2339],[130.4492,30.2353],[130.4504,30.235],[130.4495,30.2351]]],[[[130.4589,30.2346],[130.4587,30.2346],[130.4587,30.2346],[130.4589,30.2346]]],[[[130.4567,30.2349],[130.4578,30.2345],[130.4578,30.2344],[130.4567,30.2349]]],[[[130.4504,30.2347],[130.4504,30.2345],[130.4503,30.2346],[130.4504,30.2347]]],[[[130.4495,30.2346],[130.4496,30.235],[130.45,30.2348],[130.4495,30.2346]]],[[[130.4527,30.2351],[130.4521,30.2344],[130.452,30.2353],[130.4527,30.2351]]],[[[130.4508,30.235],[130.4518,30.2354],[130.4517,30.2348],[130.4508,30.235]]],[[[130.448,30.2351],[130.4481,30.2354],[130.4485,30.2351],[130.448,30.2351]]],[[[130.4505,30.2356],[130.4507,30.2356],[130.4505,30.2355],[130.4505,30.2356]]],[[[130.4481,30.2359],[130.4483,30.2358],[130.4481,30.2357],[130.4481,30.2359]]],[[[130.4485,30.236],[130.4483,30.2364],[130.4497,30.2355],[130.4482,30.2355],[130.4485,30.236]]],[[[130.4482,30.2365],[130.4481,30.2365],[130.4482,30.2365],[130.4482,30.2365]]],[[[130.4481,30.2366],[130.4479,30.2364],[130.4479,30.2366],[130.4481,30.2366]]],[[[130.4465,30.2365],[130.4464,30.2365],[130.4465,30.2366],[130.4465,30.2365]]],[[[130.4472,30.2366],[130.4471,30.2365],[130.4472,30.2366],[130.4472,30.2366]]],[[[130.4473,30.2368],[130.4479,30.2367],[130.4476,30.2364],[130.4473,30.2368]]],[[[130.4468,30.2366],[130.4468,30.2366],[130.4469,30.2366],[130.4468,30.2366]]],[[[130.4409,30.2369],[130.441,30.2368],[130.441,30.2367],[130.4409,30.2369]]],[[[130.4461,30.2376],[130.4461,30.2374],[130.4461,30.2374],[130.4461,30.2376]]],[[[130.4406,30.2375],[130.441,30.2379],[130.441,30.2373],[130.4406,30.2375]]],[[[130.4404,30.238],[130.4405,30.2383],[130.4405,30.2381],[130.4404,30.238]]],[[[130.4356,30.2419],[130.4357,30.2421],[130.4357,30.2418],[130.4356,30.2419]]],[[[130.4355,30.2425],[130.4354,30.2424],[130.4353,30.2425],[130.4355,30.2425]]],[[[130.4354,30.2429],[130.4353,30.2428],[130.4354,30.2429],[130.4354,30.2429]]],[[[130.4355,30.2436],[130.4354,30.2435],[130.4354,30.2435],[130.4355,30.2436]]],[[[130.4349,30.2441],[130.4347,30.2442],[130.4348,30.2443],[130.4349,30.2441]]],[[[130.4329,30.2471],[130.4331,30.247],[130.4329,30.2469],[130.4329,30.2471]]],[[[130.4326,30.2478],[130.4326,30.2475],[130.4326,30.2476],[130.4326,30.2478]]],[[[130.4321,30.248],[130.4321,30.2481],[130.4323,30.2481],[130.4321,30.248]]],[[[130.4317,30.249],[130.4317,30.2487],[130.4316,30.2487],[130.4317,30.249]]],[[[130.4316,30.2492],[130.4317,30.2491],[130.4315,30.249],[130.4316,30.2492]]],[[[130.4315,30.2493],[130.4313,30.2492],[130.4314,30.2493],[130.4315,30.2493]]],[[[130.4161,30.2503],[130.4163,30.2505],[130.4166,30.2497],[130.416,30.2493],[130.4161,30.2503]]],[[[130.4152,30.2501],[130.4155,30.2502],[130.4153,30.25],[130.4152,30.2501]]],[[[130.4156,30.2506],[130.4155,30.2506],[130.4154,30.2507],[130.4156,30.2506]]],[[[130.431,30.2506],[130.4308,30.2506],[130.4308,30.2507],[130.431,30.2506]]],[[[130.4309,30.2508],[130.4308,30.2508],[130.4309,30.2509],[130.4309,30.2508]]],[[[130.4307,30.251],[130.4306,30.2509],[130.4306,30.251],[130.4307,30.251]]],[[[130.4127,30.2698],[130.4126,30.2697],[130.4125,30.2698],[130.4127,30.2698]]],[[[130.413,30.2703],[130.4129,30.2702],[130.4129,30.2704],[130.413,30.2703]]],[[[130.4128,30.2708],[130.4127,30.2707],[130.4128,30.2708],[130.4128,30.2708]]],[[[130.4141,30.2711],[130.4139,30.271],[130.414,30.2711],[130.4141,30.2711]]],[[[130.4129,30.2774],[130.413,30.2774],[130.413,30.2774],[130.4129,30.2774]]],[[[130.4069,30.3018],[130.4071,30.3019],[130.4071,30.3016],[130.4069,30.3018]]],[[[130.4067,30.3014],[130.4062,30.302],[130.4062,30.3023],[130.4067,30.3014]]],[[[130.4066,30.3062],[130.4066,30.3058],[130.4064,30.306],[130.4066,30.3062]]],[[[130.4064,30.3066],[130.4064,30.3068],[130.4065,30.3066],[130.4064,30.3066]]],[[[130.4062,30.3069],[130.4062,30.3071],[130.4063,30.307],[130.4062,30.3069]]],[[[130.4059,30.3084],[130.4059,30.3084],[130.4059,30.3086],[130.4059,30.3084]]],[[[130.4058,30.3089],[130.4058,30.3087],[130.4057,30.3088],[130.4058,30.3089]]],[[[130.4057,30.3091],[130.4056,30.3091],[130.4057,30.3092],[130.4057,30.3091]]],[[[130.4058,30.3094],[130.4058,30.3093],[130.4057,30.3095],[130.4058,30.3094]]],[[[130.4058,30.3099],[130.4057,30.3099],[130.4057,30.31],[130.4058,30.3099]]],[[[130.4055,30.31],[130.4055,30.3099],[130.4054,30.31],[130.4055,30.31]]],[[[130.4055,30.3103],[130.4054,30.3102],[130.4052,30.3103],[130.4055,30.3103]]],[[[130.4052,30.3109],[130.4052,30.3108],[130.405,30.3108],[130.4052,30.3109]]],[[[130.405,30.3111],[130.4049,30.311],[130.405,30.3111],[130.405,30.3111]]],[[[130.4647,30.4518],[130.4649,30.4517],[130.4648,30.4516],[130.4647,30.4518]]],[[[130.4642,30.4524],[130.4641,30.4526],[130.4644,30.4524],[130.4642,30.4524]]],[[[130.4634,30.4535],[130.4633,30.4534],[130.4633,30.4535],[130.4634,30.4535]]],[[[130.4632,30.4549],[130.4629,30.4545],[130.4629,30.4546],[130.4632,30.4549]]],[[[130.4957,30.2269],[130.4952,30.2267],[130.4953,30.2269],[130.4957,30.2269]]],[[[130.4971,30.2286],[130.4974,30.2288],[130.4972,30.2286],[130.4971,30.2286]]],[[[130.4876,30.2289],[130.4879,30.229],[130.4879,30.2288],[130.4876,30.2289]]],[[[130.4848,30.2291],[130.4848,30.229],[130.4848,30.2291],[130.4848,30.2291]]],[[[130.5142,30.2296],[130.5139,30.2291],[130.5134,30.2295],[130.5142,30.2296]]],[[[130.4843,30.2294],[130.4842,30.2294],[130.4842,30.2295],[130.4843,30.2294]]],[[[130.4839,30.2296],[130.484,30.2295],[130.4839,30.2295],[130.4839,30.2296]]],[[[130.4843,30.2299],[130.4844,30.2299],[130.4843,30.2299],[130.4843,30.2299]]],[[[130.507,30.2301],[130.5067,30.2297],[130.5067,30.2299],[130.507,30.2301]]],[[[130.4839,30.23],[130.4839,30.2299],[130.4838,30.2299],[130.4839,30.23]]],[[[130.4836,30.2301],[130.4836,30.23],[130.4836,30.23],[130.4836,30.2301]]],[[[130.5048,30.2302],[130.5044,30.23],[130.5045,30.2302],[130.5048,30.2302]]],[[[130.5142,30.23],[130.514,30.2303],[130.5142,30.2303],[130.5142,30.23]]],[[[130.5128,30.2301],[130.5125,30.2302],[130.5128,30.2303],[130.5128,30.2301]]],[[[130.5035,30.2305],[130.5034,30.2303],[130.5033,30.2304],[130.5035,30.2305]]],[[[130.4734,30.2305],[130.4735,30.2304],[130.4734,30.2304],[130.4734,30.2305]]],[[[130.5061,30.2306],[130.5062,30.2305],[130.5061,30.2304],[130.5061,30.2306]]],[[[130.4745,30.2303],[130.4737,30.2304],[130.4743,30.2307],[130.4745,30.2303]]],[[[130.5112,30.2306],[130.5115,30.2307],[130.5113,30.2306],[130.5112,30.2306]]],[[[130.4988,30.2305],[130.4982,30.2305],[130.499,30.231],[130.4988,30.2305]]],[[[130.5049,30.2308],[130.5049,30.231],[130.505,30.231],[130.5049,30.2308]]],[[[130.5032,30.2312],[130.5029,30.2308],[130.5029,30.2309],[130.5032,30.2312]]],[[[130.4729,30.231],[130.4728,30.2311],[130.473,30.2311],[130.4729,30.231]]],[[[130.5112,30.2311],[130.5115,30.2311],[130.5112,30.231],[130.5112,30.2311]]],[[[130.5025,30.2311],[130.5029,30.2313],[130.5026,30.2309],[130.5025,30.2311]]],[[[130.5101,30.2312],[130.5099,30.231],[130.5098,30.2312],[130.5101,30.2312]]],[[[130.5109,30.2312],[130.511,30.2311],[130.5108,30.2311],[130.5109,30.2312]]],[[[130.5095,30.2313],[130.5096,30.2317],[130.5098,30.2317],[130.5095,30.2313]]],[[[130.4717,30.2316],[130.4717,30.2316],[130.4718,30.2315],[130.4717,30.2316]]],[[[130.4747,30.2315],[130.4746,30.2315],[130.4748,30.2317],[130.4747,30.2315]]],[[[130.4722,30.2316],[130.472,30.2317],[130.4722,30.2317],[130.4722,30.2316]]],[[[130.5031,30.2318],[130.5033,30.2318],[130.5032,30.2315],[130.5031,30.2318]]],[[[130.5091,30.2318],[130.5094,30.2318],[130.5092,30.2316],[130.5091,30.2318]]],[[[130.4715,30.2318],[130.4714,30.2317],[130.4714,30.2318],[130.4715,30.2318]]],[[[130.4736,30.2318],[130.4736,30.2318],[130.4737,30.2319],[130.4736,30.2318]]],[[[130.474,30.2319],[130.4739,30.2318],[130.474,30.2319],[130.474,30.2319]]],[[[130.472,30.2319],[130.4714,30.2319],[130.4713,30.232],[130.472,30.2319]]],[[[130.4745,30.2321],[130.4748,30.2321],[130.4745,30.2319],[130.4745,30.2321]]],[[[130.4735,30.2321],[130.4735,30.232],[130.4734,30.232],[130.4735,30.2321]]],[[[130.47,30.2323],[130.4699,30.2321],[130.4699,30.2322],[130.47,30.2323]]],[[[130.4704,30.2323],[130.4704,30.2322],[130.4702,30.2322],[130.4704,30.2323]]],[[[130.4683,30.2326],[130.4684,30.2321],[130.468,30.2325],[130.4683,30.2326]]],[[[130.467,30.2334],[130.4669,30.2334],[130.467,30.2334],[130.467,30.2334]]],[[[130.4651,30.2341],[130.465,30.2342],[130.4651,30.2342],[130.4651,30.2341]]],[[[130.4655,30.4469],[130.4655,30.447],[130.4656,30.447],[130.4655,30.4469]]],[[[130.4652,30.4472],[130.4653,30.4471],[130.4652,30.4471],[130.4652,30.4472]]],[[[130.4655,30.4472],[130.4655,30.4472],[130.4656,30.4472],[130.4655,30.4472]]],[[[130.465,30.4474],[130.4651,30.4473],[130.465,30.4473],[130.465,30.4474]]],[[[130.4654,30.4476],[130.4657,30.4475],[130.4655,30.4474],[130.4654,30.4476]]],[[[130.4998,30.453],[130.4997,30.4529],[130.4997,30.453],[130.4998,30.453]]],[[[130.5043,30.4538],[130.5045,30.4538],[130.5043,30.4537],[130.5043,30.4538]]],[[[130.4936,30.4546],[130.4936,30.4545],[130.4935,30.4545],[130.4936,30.4546]]],[[[130.4939,30.4546],[130.4938,30.4546],[130.4939,30.4547],[130.4939,30.4546]]],[[[130.4943,30.4549],[130.4943,30.4548],[130.4942,30.4548],[130.4943,30.4549]]],[[[130.5075,30.4548],[130.5074,30.4548],[130.5074,30.4548],[130.5075,30.4548]]],[[[130.4938,30.4549],[130.4936,30.4549],[130.4936,30.455],[130.4938,30.4549]]],[[[130.4937,30.4553],[130.494,30.4553],[130.4938,30.4551],[130.4937,30.4553]]],[[[130.5071,30.4555],[130.5072,30.4554],[130.5071,30.4555],[130.5071,30.4555]]],[[[130.4675,30.4571],[130.4675,30.4571],[130.4676,30.4571],[130.4675,30.4571]]],[[[130.4679,30.4571],[130.4681,30.4571],[130.4681,30.457],[130.4679,30.4571]]],[[[130.4649,30.4572],[130.4651,30.4573],[130.4652,30.4571],[130.4649,30.4572]]],[[[130.501,30.4582],[130.5009,30.4583],[130.5009,30.4583],[130.501,30.4582]]],[[[130.4839,30.4584],[130.4839,30.4582],[130.4837,30.4582],[130.4839,30.4584]]],[[[130.4836,30.4585],[130.4837,30.4584],[130.4836,30.4584],[130.4836,30.4585]]],[[[130.5009,30.4585],[130.5009,30.4585],[130.5009,30.4585],[130.5009,30.4585]]],[[[130.5009,30.4589],[130.5009,30.4588],[130.5008,30.4588],[130.5009,30.4589]]],[[[130.4778,30.4589],[130.4777,30.4589],[130.4777,30.459],[130.4778,30.4589]]],[[[130.4858,30.4592],[130.4858,30.4588],[130.4856,30.4589],[130.4858,30.4592]]],[[[130.5008,30.459],[130.5008,30.4591],[130.5009,30.4591],[130.5008,30.459]]],[[[130.4804,30.4591],[130.4803,30.4592],[130.4803,30.4593],[130.4804,30.4591]]],[[[130.501,30.4593],[130.5011,30.4592],[130.501,30.4593],[130.501,30.4593]]],[[[130.4808,30.4595],[130.4806,30.4597],[130.481,30.4597],[130.4808,30.4595]]],[[[130.4808,30.4605],[130.4809,30.4605],[130.4804,30.4598],[130.4808,30.4605]]],[[[130.4953,30.4602],[130.4955,30.4602],[130.4953,30.4601],[130.4953,30.4602]]],[[[130.5008,30.4602],[130.5007,30.4602],[130.5007,30.4602],[130.5008,30.4602]]],[[[130.4813,30.4605],[130.4811,30.46],[130.4809,30.4601],[130.4813,30.4605]]],[[[130.4695,30.4609],[130.4693,30.4611],[130.4696,30.461],[130.4695,30.4609]]],[[[130.4929,30.4643],[130.4929,30.4642],[130.4929,30.4642],[130.4929,30.4643]]],[[[130.4928,30.4643],[130.4927,30.4643],[130.4927,30.4644],[130.4928,30.4643]]],[[[130.4929,30.4667],[130.4929,30.4664],[130.4928,30.4663],[130.4929,30.4667]]],[[[130.4939,30.4672],[130.494,30.4679],[130.4942,30.4679],[130.4939,30.4672]]],[[[130.4988,30.4681],[130.4986,30.468],[130.4987,30.4682],[130.4988,30.4681]]],[[[130.4962,30.4688],[130.4964,30.4687],[130.4963,30.4687],[130.4962,30.4688]]],[[[130.4972,30.4696],[130.4973,30.4694],[130.4972,30.4695],[130.4972,30.4696]]],[[[130.537,30.2274],[130.537,30.2275],[130.5373,30.2274],[130.537,30.2274]]],[[[130.5206,30.228],[130.5208,30.2285],[130.5208,30.2279],[130.5206,30.228]]],[[[130.5202,30.2286],[130.5204,30.2287],[130.5204,30.2285],[130.5202,30.2286]]],[[[130.5162,30.2288],[130.516,30.229],[130.516,30.2291],[130.5162,30.2288]]],[[[130.5196,30.2291],[130.5198,30.229],[130.5197,30.2289],[130.5196,30.2291]]],[[[130.5164,30.2291],[130.5166,30.229],[130.5164,30.229],[130.5164,30.2291]]],[[[130.5205,30.229],[130.5204,30.229],[130.5205,30.2292],[130.5205,30.229]]],[[[130.5271,30.2294],[130.5272,30.2293],[130.5271,30.2293],[130.5271,30.2294]]],[[[130.5273,30.2295],[130.5274,30.2294],[130.5273,30.2294],[130.5273,30.2295]]],[[[130.5434,30.2297],[130.5434,30.2297],[130.5435,30.2297],[130.5434,30.2297]]],[[[130.526,30.2298],[130.526,30.2296],[130.5259,30.2297],[130.526,30.2298]]],[[[130.5428,30.2298],[130.5427,30.2297],[130.5427,30.2298],[130.5428,30.2298]]],[[[130.5273,30.2298],[130.5272,30.2298],[130.5272,30.2299],[130.5273,30.2298]]],[[[130.5268,30.23],[130.5267,30.2299],[130.5268,30.23],[130.5268,30.23]]],[[[130.5267,30.2302],[130.5266,30.2301],[130.5267,30.2302],[130.5267,30.2302]]],[[[130.5346,30.2307],[130.5346,30.2306],[130.5344,30.2307],[130.5346,30.2307]]],[[[130.5551,30.2307],[130.555,30.2308],[130.5551,30.2308],[130.5551,30.2307]]],[[[130.5343,30.2314],[130.5344,30.2317],[130.5344,30.2314],[130.5343,30.2314]]],[[[130.5354,30.2314],[130.5356,30.2321],[130.5357,30.232],[130.5354,30.2314]]],[[[130.5339,30.2314],[130.5337,30.2323],[130.5339,30.2326],[130.5339,30.2314]]],[[[130.5316,30.2318],[130.5319,30.2325],[130.5317,30.2318],[130.5316,30.2318]]],[[[130.55,30.2323],[130.5498,30.2324],[130.55,30.2326],[130.55,30.2323]]],[[[130.5306,30.2325],[130.5308,30.2328],[130.5308,30.2326],[130.5306,30.2325]]],[[[130.5509,30.2327],[130.5513,30.233],[130.5509,30.2325],[130.5509,30.2327]]],[[[130.5308,30.233],[130.5305,30.2329],[130.5305,30.233],[130.5308,30.233]]],[[[130.5533,30.2333],[130.5536,30.2334],[130.5535,30.2332],[130.5533,30.2333]]],[[[130.5525,30.2335],[130.5526,30.2333],[130.5524,30.2334],[130.5525,30.2335]]],[[[130.5641,30.2354],[130.5639,30.2355],[130.5641,30.2355],[130.5641,30.2354]]],[[[130.5596,30.2355],[130.5597,30.2355],[130.5597,30.2355],[130.5596,30.2355]]],[[[130.5649,30.2356],[130.565,30.2357],[130.5651,30.2356],[130.5649,30.2356]]],[[[130.5733,30.2357],[130.5733,30.2358],[130.5734,30.2358],[130.5733,30.2357]]],[[[130.5714,30.2358],[130.5714,30.2358],[130.5714,30.2358],[130.5714,30.2358]]],[[[130.5721,30.2359],[130.5721,30.2358],[130.5718,30.2357],[130.5721,30.2359]]],[[[130.5712,30.2363],[130.571,30.2363],[130.5712,30.2363],[130.5712,30.2363]]],[[[130.5736,30.2368],[130.5734,30.2367],[130.5736,30.2368],[130.5736,30.2368]]],[[[130.569,30.237],[130.5687,30.237],[130.5689,30.2372],[130.569,30.237]]],[[[130.5697,30.2372],[130.5698,30.2373],[130.5698,30.2373],[130.5697,30.2372]]],[[[130.5771,30.2375],[130.577,30.2375],[130.5769,30.2375],[130.5771,30.2375]]],[[[130.5835,30.2389],[130.5828,30.239],[130.5833,30.2395],[130.5835,30.2389]]],[[[130.5799,30.2395],[130.5798,30.2394],[130.5797,30.2394],[130.5799,30.2395]]],[[[130.5796,30.2396],[130.5794,30.2396],[130.5795,30.2396],[130.5796,30.2396]]],[[[130.5811,30.2397],[130.5812,30.2397],[130.5812,30.2396],[130.5811,30.2397]]],[[[130.584,30.2397],[130.5838,30.2396],[130.5839,30.2397],[130.584,30.2397]]],[[[130.585,30.24],[130.5853,30.2399],[130.585,30.2399],[130.585,30.24]]],[[[130.5815,30.2401],[130.5811,30.24],[130.5812,30.2401],[130.5815,30.2401]]],[[[130.5803,30.2404],[130.5803,30.2402],[130.5802,30.2404],[130.5803,30.2404]]],[[[130.5861,30.2406],[130.5861,30.2404],[130.586,30.2405],[130.5861,30.2406]]],[[[130.5889,30.2451],[130.5891,30.2452],[130.5886,30.2439],[130.5889,30.2451]]],[[[130.5892,30.2447],[130.5892,30.2445],[130.5891,30.2446],[130.5892,30.2447]]],[[[130.5896,30.2448],[130.5895,30.2447],[130.5895,30.2448],[130.5896,30.2448]]],[[[130.5893,30.2448],[130.5892,30.2449],[130.5893,30.2449],[130.5893,30.2448]]],[[[130.5896,30.2449],[130.5897,30.2455],[130.5897,30.2448],[130.5896,30.2449]]],[[[130.5907,30.2452],[130.5901,30.2452],[130.5907,30.2453],[130.5907,30.2452]]],[[[130.5902,30.2458],[130.5905,30.2457],[130.5904,30.2456],[130.5902,30.2458]]],[[[130.5898,30.2461],[130.59,30.2459],[130.5897,30.2458],[130.5898,30.2461]]],[[[130.5902,30.2461],[130.59,30.2463],[130.5904,30.2464],[130.5902,30.2461]]],[[[130.5905,30.2467],[130.5905,30.2468],[130.5905,30.2467],[130.5905,30.2467]]],[[[130.5907,30.2474],[130.5907,30.2472],[130.5906,30.2472],[130.5907,30.2474]]],[[[130.5906,30.2478],[130.5906,30.2479],[130.5906,30.2479],[130.5906,30.2478]]],[[[130.5912,30.248],[130.5909,30.248],[130.5909,30.248],[130.5912,30.248]]],[[[130.5183,30.4519],[130.5174,30.4507],[130.5185,30.4511],[130.5197,30.4495],[130.5197,30.4507],[130.5217,30.447],[130.5244,30.4474],[130.5248,30.4454],[130.5271,30.4438],[130.528,30.4446],[130.5279,30.4477],[130.5293,30.4487],[130.5327,30.4481],[130.534,30.4468],[130.5387,30.4483],[130.5427,30.4466],[130.5437,30.4474],[130.5468,30.442],[130.5513,30.4431],[130.5533,30.4414],[130.5542,30.442],[130.5544,30.4412],[130.5558,30.44],[130.5557,30.4394],[130.5574,30.4379],[130.5593,30.4388],[130.5592,30.4373],[130.561,30.4371],[130.562,30.4356],[130.5694,30.4335],[130.5709,30.434],[130.5711,30.4332],[130.5748,30.432],[130.5767,30.4323],[130.5744,30.4315],[130.5706,30.4323],[130.5713,30.4299],[130.5704,30.4322],[130.5695,30.431],[130.5728,30.4288],[130.5755,30.4301],[130.5733,30.426],[130.5781,30.4236],[130.5812,30.4291],[130.58,30.4248],[130.5817,30.4232],[130.583,30.4238],[130.5842,30.422],[130.587,30.4204],[130.5893,30.4204],[130.5927,30.4177],[130.5958,30.4187],[130.5963,30.4179],[130.5978,30.4174],[130.5974,30.4153],[130.5978,30.4151],[130.5982,30.4144],[130.5978,30.4151],[130.5969,30.4151],[130.5979,30.4143],[130.597,30.414],[130.5969,30.4131],[130.5979,30.4109],[130.5993,30.4098],[130.6084,30.4068],[130.6145,30.407],[130.6144,30.4061],[130.6222,30.4046],[130.6207,30.4037],[130.6279,30.4015],[130.6355,30.4011],[130.6345,30.4002],[130.6353,30.4008],[130.6356,30.4001],[130.6368,30.401],[130.6362,30.4014],[130.6386,30.4012],[130.6456,30.3971],[130.6469,30.3965],[130.6479,30.3966],[130.6477,30.396],[130.6499,30.3941],[130.6536,30.3923],[130.6566,30.3916],[130.657,30.3901],[130.6591,30.3896],[130.6594,30.3884],[130.6603,30.3883],[130.6619,30.3864],[130.6631,30.386],[130.6626,30.3857],[130.6668,30.3811],[130.6682,30.3808],[130.6693,30.378],[130.6717,30.376],[130.6701,30.3733],[130.671,30.3736],[130.6715,30.3718],[130.6704,30.3701],[130.6707,30.3693],[130.6688,30.3651],[130.6689,30.3638],[130.6675,30.3628],[130.668,30.3621],[130.6675,30.3605],[130.6679,30.3603],[130.6661,30.3573],[130.6658,30.3548],[130.6657,30.3514],[130.6673,30.3485],[130.6669,30.348],[130.6664,30.3459],[130.6646,30.3451],[130.6629,30.3354],[130.6645,30.3326],[130.6637,30.3318],[130.6632,30.3308],[130.6612,30.319],[130.6629,30.3169],[130.6592,30.317],[130.6591,30.316],[130.6586,30.3169],[130.6584,30.3161],[130.658,30.3176],[130.6578,30.3153],[130.6555,30.3125],[130.6579,30.3121],[130.6565,30.3116],[130.6582,30.3118],[130.6581,30.311],[130.6595,30.3138],[130.6641,30.3157],[130.6674,30.3156],[130.6641,30.3156],[130.6602,30.3139],[130.6589,30.31],[130.6567,30.3077],[130.6582,30.3071],[130.6579,30.3056],[130.6543,30.3015],[130.6541,30.2999],[130.6513,30.2976],[130.6505,30.2961],[130.6497,30.2971],[130.6457,30.2952],[130.644,30.2928],[130.6418,30.2924],[130.6349,30.2839],[130.6366,30.2853],[130.6361,30.2844],[130.6345,30.2833],[130.6359,30.2836],[130.6284,30.2805],[130.6253,30.2773],[130.624,30.2754],[130.6231,30.2728],[130.6192,30.2714],[130.6171,30.2692],[130.6155,30.2666],[130.6155,30.2658],[130.6146,30.2664],[130.6123,30.266],[130.6103,30.2631],[130.6086,30.2626],[130.6065,30.2613],[130.606,30.2595],[130.607,30.2594],[130.6055,30.2582],[130.6051,30.2569],[130.6056,30.2571],[130.604,30.2553],[130.6054,30.258],[130.6046,30.2579],[130.6031,30.2547],[130.6047,30.2551],[130.6041,30.2519],[130.6031,30.2511],[130.6033,30.2525],[130.6015,30.2516],[130.5996,30.2495],[130.6006,30.2514],[130.5974,30.2498],[130.5972,30.2485],[130.5952,30.2485],[130.5958,30.2492],[130.593,30.2478],[130.593,30.2485],[130.5916,30.2488],[130.5912,30.2488],[130.5864,30.2425],[130.5877,30.2438],[130.5889,30.2434],[130.5854,30.2402],[130.5841,30.2402],[130.5822,30.2389],[130.5821,30.2403],[130.5802,30.2406],[130.5783,30.2388],[130.5786,30.2385],[130.5735,30.2373],[130.5725,30.2362],[130.5692,30.2379],[130.567,30.236],[130.5666,30.2374],[130.5647,30.2358],[130.5631,30.2368],[130.5622,30.235],[130.5621,30.236],[130.5603,30.235],[130.5604,30.2355],[130.5592,30.2358],[130.5563,30.2311],[130.5546,30.2311],[130.5554,30.233],[130.5545,30.2328],[130.5547,30.2336],[130.5535,30.2347],[130.5539,30.234],[130.5516,30.2336],[130.5506,30.2343],[130.5483,30.231],[130.5463,30.2315],[130.5455,30.2301],[130.5429,30.2299],[130.5407,30.2322],[130.5403,30.2297],[130.538,30.2301],[130.5374,30.2281],[130.5364,30.2296],[130.5374,30.2309],[130.5365,30.2306],[130.536,30.2322],[130.535,30.2323],[130.5346,30.2314],[130.534,30.233],[130.5307,30.2342],[130.5286,30.2291],[130.5283,30.2298],[130.5274,30.2289],[130.5279,30.23],[130.5263,30.2304],[130.5256,30.2297],[130.5253,30.2279],[130.5222,30.2263],[130.5219,30.2278],[130.5192,30.2308],[130.5169,30.229],[130.5157,30.231],[130.5148,30.2302],[130.5108,30.2319],[130.5103,30.231],[130.5098,30.2322],[130.5086,30.232],[130.5085,30.231],[130.5069,30.2304],[130.5075,30.231],[130.5053,30.2319],[130.5043,30.2304],[130.5049,30.2317],[130.5033,30.2311],[130.5036,30.2323],[130.5026,30.2331],[130.4991,30.2305],[130.4992,30.2311],[130.4983,30.2313],[130.4959,30.2272],[130.4932,30.2268],[130.4907,30.2279],[130.4903,30.2271],[130.4896,30.2283],[130.4889,30.2274],[130.4877,30.2282],[130.4881,30.2292],[130.4862,30.2291],[130.4861,30.2301],[130.4854,30.2289],[130.4844,30.2304],[130.4831,30.2305],[130.4831,30.2321],[130.4779,30.2327],[130.4787,30.2334],[130.4765,30.2343],[130.474,30.2341],[130.4741,30.2329],[130.4721,30.2325],[130.4754,30.2323],[130.4726,30.2322],[130.4722,30.2319],[130.4684,30.2342],[130.4664,30.2335],[130.4647,30.2353],[130.4634,30.2341],[130.4577,30.2351],[130.4565,30.2348],[130.4572,30.234],[130.4558,30.2348],[130.4556,30.2339],[130.4546,30.235],[130.4465,30.2377],[130.4451,30.2376],[130.4451,30.2361],[130.4427,30.237],[130.4425,30.2359],[130.4422,30.2376],[130.4413,30.2368],[130.4412,30.238],[130.4401,30.2389],[130.439,30.2384],[130.4388,30.24],[130.437,30.2394],[130.4372,30.2419],[130.4359,30.2416],[130.4363,30.2426],[130.4337,30.2472],[130.4328,30.2479],[130.4324,30.2477],[130.4327,30.2486],[130.4306,30.2515],[130.4292,30.2519],[130.4288,30.2524],[130.4307,30.2516],[130.4311,30.2527],[130.4299,30.2524],[130.4302,30.2536],[130.4313,30.2533],[130.4311,30.2549],[130.427,30.2567],[130.4249,30.2589],[130.4219,30.2668],[130.4192,30.2679],[130.4173,30.2671],[130.4172,30.2682],[130.4197,30.269],[130.4191,30.2701],[130.4167,30.2686],[130.4167,30.2668],[130.4187,30.2657],[130.4175,30.2658],[130.4166,30.2668],[130.4166,30.2687],[130.4168,30.269],[130.4158,30.2691],[130.4148,30.266],[130.4132,30.2661],[130.4128,30.2698],[130.4142,30.2711],[130.413,30.2741],[130.4134,30.2796],[130.4119,30.2817],[130.4134,30.284],[130.4138,30.2881],[130.4107,30.2939],[130.413,30.2972],[130.4099,30.2981],[130.4085,30.3015],[130.4072,30.3024],[130.408,30.3042],[130.406,30.3078],[130.4059,30.3098],[130.4053,30.3127],[130.4032,30.316],[130.4006,30.3172],[130.3969,30.317],[130.395,30.3189],[130.3933,30.3178],[130.3932,30.3201],[130.391,30.3223],[130.3914,30.3247],[130.3886,30.3335],[130.3868,30.3356],[130.3877,30.3401],[130.3864,30.3425],[130.3842,30.3435],[130.3809,30.3513],[130.3831,30.3544],[130.3828,30.3587],[130.3822,30.3595],[130.3794,30.361],[130.3803,30.3615],[130.3793,30.3628],[130.381,30.3642],[130.3788,30.3685],[130.3791,30.3705],[130.3768,30.373],[130.3773,30.3734],[130.3766,30.3756],[130.3784,30.3775],[130.3764,30.3828],[130.3784,30.3821],[130.3794,30.3832],[130.3789,30.3873],[130.3809,30.389],[130.3785,30.3929],[130.3814,30.3936],[130.3876,30.3922],[130.3906,30.3967],[130.3973,30.3979],[130.4082,30.3973],[130.4122,30.3961],[130.4127,30.3971],[130.4145,30.3975],[130.4127,30.3968],[130.4136,30.3958],[130.4196,30.3964],[130.4263,30.4019],[130.425,30.4025],[130.4263,30.4019],[130.4281,30.4049],[130.4311,30.4057],[130.4348,30.4093],[130.4373,30.4139],[130.439,30.4152],[130.4386,30.4213],[130.4403,30.421],[130.4443,30.4233],[130.447,30.4296],[130.4524,30.4327],[130.4562,30.4316],[130.4562,30.4319],[130.4567,30.4325],[130.4563,30.4315],[130.457,30.4316],[130.4602,30.4322],[130.4622,30.4342],[130.4651,30.4394],[130.4665,30.4463],[130.4657,30.4472],[130.4663,30.4501],[130.4631,30.4541],[130.4641,30.4571],[130.4689,30.4564],[130.469,30.4601],[130.4714,30.4615],[130.4717,30.4603],[130.473,30.4612],[130.476,30.4606],[130.4784,30.4574],[130.4818,30.4598],[130.4815,30.4582],[130.4827,30.459],[130.4837,30.4578],[130.4851,30.4588],[130.4858,30.4586],[130.4887,30.4589],[130.4883,30.4573],[130.4909,30.4568],[130.4888,30.4571],[130.488,30.4543],[130.4889,30.4539],[130.4888,30.4552],[130.4902,30.4564],[130.4899,30.4548],[130.4923,30.4541],[130.4943,30.4546],[130.4966,30.4564],[130.4954,30.4596],[130.4959,30.4606],[130.4952,30.4625],[130.4932,30.4635],[130.4931,30.4657],[130.4945,30.468],[130.4959,30.4677],[130.4965,30.469],[130.4985,30.4693],[130.4981,30.467],[130.4993,30.4655],[130.4983,30.4645],[130.4984,30.4618],[130.4989,30.4604],[130.5011,30.4599],[130.5006,30.4591],[130.501,30.4578],[130.4981,30.4551],[130.4994,30.4527],[130.5038,30.453],[130.5065,30.4553],[130.5078,30.4543],[130.5089,30.4542],[130.5097,30.4561],[130.5136,30.4556],[130.5163,30.4534],[130.5185,30.4532],[130.5183,30.4521],[130.52,30.4511],[130.5183,30.4519]]],[[[130.5857,30.4214],[130.5858,30.4215],[130.5858,30.4214],[130.5857,30.4214]]],[[[130.5833,30.4235],[130.5833,30.4235],[130.5834,30.4235],[130.5833,30.4235]]],[[[130.5832,30.4237],[130.5832,30.4237],[130.5833,30.4237],[130.5832,30.4237]]],[[[130.5834,30.4239],[130.5833,30.4239],[130.5834,30.4239],[130.5834,30.4239]]],[[[130.5832,30.4239],[130.5832,30.4239],[130.5832,30.4239],[130.5832,30.4239]]],[[[130.583,30.4239],[130.5829,30.424],[130.583,30.424],[130.583,30.4239]]],[[[130.5832,30.4241],[130.5832,30.4242],[130.5832,30.4241],[130.5832,30.4241]]],[[[130.5796,30.4298],[130.5802,30.4304],[130.5797,30.4297],[130.5796,30.4298]]],[[[130.5805,30.4309],[130.5804,30.4317],[130.5806,30.4309],[130.5805,30.4309]]],[[[130.5713,30.4335],[130.5715,30.4334],[130.5713,30.4333],[130.5713,30.4335]]],[[[130.5717,30.4334],[130.5716,30.4334],[130.5718,30.4335],[130.5717,30.4334]]],[[[130.5769,30.4333],[130.5786,30.4339],[130.5766,30.4332],[130.5769,30.4333]]],[[[130.5722,30.4336],[130.5722,30.4337],[130.5723,30.4336],[130.5722,30.4336]]],[[[130.5715,30.4337],[130.5715,30.4337],[130.5714,30.4337],[130.5715,30.4337]]],[[[130.5718,30.4337],[130.5717,30.4337],[130.5718,30.4337],[130.5718,30.4337]]],[[[130.5613,30.437],[130.5612,30.4371],[130.5613,30.4371],[130.5613,30.437]]],[[[130.5549,30.441],[130.555,30.4409],[130.555,30.4409],[130.5549,30.441]]],[[[130.5547,30.4414],[130.5547,30.4412],[130.5546,30.4413],[130.5547,30.4414]]],[[[130.5523,30.4428],[130.5518,30.4429],[130.5524,30.4429],[130.5523,30.4428]]],[[[130.535,30.4475],[130.535,30.4477],[130.5352,30.4475],[130.535,30.4475]]],[[[130.5353,30.4478],[130.5352,30.4477],[130.5352,30.4478],[130.5353,30.4478]]],[[[130.5212,30.4504],[130.5208,30.4516],[130.5214,30.4505],[130.5212,30.4504]]],[[[130.5168,30.4539],[130.5173,30.4537],[130.5171,30.4535],[130.5168,30.4539]]],[[[130.5933,30.2461],[130.5928,30.2459],[130.593,30.2464],[130.5933,30.2461]]],[[[130.5942,30.2469],[130.5943,30.2467],[130.5941,30.2468],[130.5942,30.2469]]],[[[130.5936,30.2472],[130.5937,30.247],[130.5933,30.2466],[130.5936,30.2472]]],[[[130.593,30.2471],[130.593,30.2473],[130.5932,30.2473],[130.593,30.2471]]],[[[130.5938,30.2474],[130.5939,30.2474],[130.5939,30.2473],[130.5938,30.2474]]],[[[130.5933,30.2474],[130.5933,30.2474],[130.5933,30.2474],[130.5933,30.2474]]],[[[130.5935,30.2474],[130.5934,30.2475],[130.5935,30.2474],[130.5935,30.2474]]],[[[130.5937,30.2474],[130.5936,30.2474],[130.5936,30.2475],[130.5937,30.2474]]],[[[130.597,30.2476],[130.5969,30.2476],[130.5969,30.2477],[130.597,30.2476]]],[[[130.594,30.2477],[130.594,30.2478],[130.5941,30.2478],[130.594,30.2477]]],[[[130.5954,30.2479],[130.5959,30.2483],[130.5957,30.2477],[130.5954,30.2479]]],[[[130.5949,30.248],[130.5949,30.2481],[130.595,30.2481],[130.5949,30.248]]],[[[130.5971,30.2478],[130.5971,30.2483],[130.5972,30.2483],[130.5971,30.2478]]],[[[130.5943,30.2481],[130.5942,30.2481],[130.5943,30.2482],[130.5943,30.2481]]],[[[130.5949,30.2483],[130.595,30.2483],[130.595,30.2483],[130.5949,30.2483]]],[[[130.5956,30.2484],[130.5955,30.2483],[130.5953,30.2483],[130.5956,30.2484]]],[[[130.5949,30.2484],[130.5948,30.2485],[130.5949,30.2485],[130.5949,30.2484]]],[[[130.5917,30.2487],[130.5917,30.2487],[130.5918,30.2487],[130.5917,30.2487]]],[[[130.599,30.2488],[130.5992,30.2487],[130.599,30.2487],[130.599,30.2488]]],[[[130.6,30.2492],[130.5999,30.2491],[130.5999,30.2492],[130.6,30.2492]]],[[[130.5989,30.2492],[130.599,30.2492],[130.599,30.2492],[130.5989,30.2492]]],[[[130.6001,30.2493],[130.6,30.2494],[130.6001,30.2494],[130.6001,30.2493]]],[[[130.5985,30.2495],[130.5984,30.2494],[130.5984,30.2495],[130.5985,30.2495]]],[[[130.6032,30.2507],[130.6029,30.2504],[130.6029,30.2505],[130.6032,30.2507]]],[[[130.6036,30.2508],[130.6037,30.2508],[130.6036,30.2507],[130.6036,30.2508]]],[[[130.6033,30.2511],[130.6037,30.251],[130.6033,30.2509],[130.6033,30.2511]]],[[[130.6017,30.2513],[130.6017,30.2512],[130.6016,30.2512],[130.6017,30.2513]]],[[[130.6019,30.2512],[130.6018,30.2512],[130.6019,30.2513],[130.6019,30.2512]]],[[[130.6044,30.2512],[130.6043,30.2513],[130.6044,30.2513],[130.6044,30.2512]]],[[[130.602,30.2513],[130.6021,30.2513],[130.6021,30.2512],[130.602,30.2513]]],[[[130.6049,30.2524],[130.6048,30.2524],[130.6049,30.2524],[130.6049,30.2524]]],[[[130.6047,30.2524],[130.6046,30.2524],[130.6047,30.2526],[130.6047,30.2524]]],[[[130.6052,30.2531],[130.6049,30.2532],[130.6051,30.2536],[130.6052,30.2531]]],[[[130.6049,30.2542],[130.6052,30.2546],[130.6053,30.2543],[130.6049,30.2542]]],[[[130.6047,30.2558],[130.6046,30.2556],[130.6046,30.2556],[130.6047,30.2558]]],[[[130.6054,30.2564],[130.6053,30.2564],[130.6053,30.2564],[130.6054,30.2564]]],[[[130.6054,30.2574],[130.6054,30.2574],[130.6054,30.2574],[130.6054,30.2574]]],[[[130.6062,30.2578],[130.6061,30.2579],[130.6062,30.2579],[130.6062,30.2578]]],[[[130.6058,30.258],[130.6059,30.258],[130.6059,30.258],[130.6058,30.258]]],[[[130.6071,30.2589],[130.607,30.259],[130.6071,30.259],[130.6071,30.2589]]],[[[130.6072,30.2596],[130.6072,30.2596],[130.6072,30.2597],[130.6072,30.2596]]],[[[130.6064,30.2595],[130.6063,30.2595],[130.607,30.26],[130.6064,30.2595]]],[[[130.6073,30.2601],[130.6073,30.2601],[130.6074,30.2601],[130.6073,30.2601]]],[[[130.6064,30.2608],[130.6065,30.2608],[130.6064,30.2607],[130.6064,30.2608]]],[[[130.6072,30.2608],[130.6072,30.2608],[130.6072,30.2608],[130.6072,30.2608]]],[[[130.6065,30.261],[130.6065,30.261],[130.6065,30.261],[130.6065,30.261]]],[[[130.6071,30.2615],[130.6071,30.2615],[130.6071,30.2614],[130.6071,30.2615]]],[[[130.6074,30.2615],[130.6074,30.2616],[130.6074,30.2616],[130.6074,30.2615]]],[[[130.6087,30.2616],[130.6087,30.2617],[130.6087,30.2617],[130.6087,30.2616]]],[[[130.6087,30.2619],[130.6088,30.2619],[130.6088,30.2618],[130.6087,30.2619]]],[[[130.6082,30.262],[130.6084,30.262],[130.6082,30.2619],[130.6082,30.262]]],[[[130.6088,30.2625],[130.6088,30.2623],[130.6087,30.2624],[130.6088,30.2625]]],[[[130.6093,30.2624],[130.6094,30.2624],[130.6094,30.2624],[130.6093,30.2624]]],[[[130.6092,30.2625],[130.6091,30.2625],[130.6092,30.2625],[130.6092,30.2625]]],[[[130.6099,30.2627],[130.6098,30.2627],[130.6099,30.2627],[130.6099,30.2627]]],[[[130.6103,30.2629],[130.6101,30.2629],[130.6102,30.2629],[130.6103,30.2629]]],[[[130.6106,30.2631],[130.6105,30.2631],[130.6106,30.2631],[130.6106,30.2631]]],[[[130.5983,30.4108],[130.5981,30.4112],[130.5983,30.4108],[130.5983,30.4108]]],[[[130.5975,30.4119],[130.5976,30.4119],[130.5978,30.4114],[130.5975,30.4119]]],[[[130.5975,30.4122],[130.5975,30.4128],[130.5976,30.4123],[130.5975,30.4122]]],[[[130.5973,30.4131],[130.5974,30.4136],[130.5974,30.4131],[130.5973,30.4131]]],[[[130.5989,30.4144],[130.599,30.4144],[130.5987,30.4137],[130.5989,30.4144]]],[[[130.5979,30.4154],[130.5982,30.4153],[130.598,30.4151],[130.5979,30.4154]]],[[[130.5986,30.4152],[130.5987,30.4155],[130.5989,30.4154],[130.5986,30.4152]]],[[[130.5989,30.416],[130.599,30.416],[130.599,30.4159],[130.5989,30.416]]],[[[130.598,30.416],[130.5981,30.416],[130.5981,30.416],[130.598,30.416]]],[[[130.5992,30.4161],[130.5991,30.4162],[130.5992,30.4162],[130.5992,30.4161]]],[[[130.5983,30.4169],[130.5984,30.4169],[130.5983,30.4168],[130.5983,30.4169]]],[[[130.598,30.4175],[130.5982,30.4174],[130.598,30.4174],[130.598,30.4175]]],[[[130.5975,30.4176],[130.5974,30.4177],[130.5975,30.4177],[130.5975,30.4176]]],[[[130.597,30.4178],[130.597,30.4178],[130.5969,30.4178],[130.597,30.4178]]],[[[130.5968,30.4179],[130.5968,30.418],[130.5969,30.4179],[130.5968,30.4179]]],[[[130.5972,30.4182],[130.5973,30.4182],[130.5973,30.4182],[130.5972,30.4182]]],[[[130.596,30.4184],[130.5961,30.4184],[130.5961,30.4184],[130.596,30.4184]]],[[[130.5965,30.4185],[130.5966,30.4184],[130.5964,30.4184],[130.5965,30.4185]]],[[[130.5964,30.4185],[130.5964,30.4186],[130.5964,30.4185],[130.5964,30.4185]]],[[[130.5964,30.4187],[130.5964,30.4187],[130.5964,30.4187],[130.5964,30.4187]]],[[[130.5967,30.4187],[130.5968,30.4187],[130.5968,30.4187],[130.5967,30.4187]]],[[[130.5948,30.419],[130.5948,30.4191],[130.5949,30.419],[130.5948,30.419]]],[[[130.5958,30.4191],[130.5959,30.4191],[130.5959,30.419],[130.5958,30.4191]]],[[[130.5963,30.4193],[130.5961,30.4192],[130.5961,30.4193],[130.5963,30.4193]]],[[[130.5956,30.4197],[130.5956,30.419],[130.595,30.4189],[130.5956,30.4197]]],[[[130.5958,30.4194],[130.5958,30.4193],[130.5958,30.4193],[130.5958,30.4194]]],[[[130.5973,30.42],[130.5972,30.4201],[130.5973,30.4201],[130.5973,30.42]]],[[[130.6113,30.2641],[130.6114,30.264],[130.6113,30.2639],[130.6113,30.2641]]],[[[130.6117,30.2646],[130.6117,30.2648],[130.6118,30.2648],[130.6117,30.2646]]],[[[130.6149,30.2647],[130.6149,30.2647],[130.615,30.2647],[130.6149,30.2647]]],[[[130.6119,30.2649],[130.6121,30.265],[130.612,30.2649],[130.6119,30.2649]]],[[[130.6156,30.265],[130.6154,30.2649],[130.6153,30.265],[130.6156,30.265]]],[[[130.6159,30.265],[130.616,30.2651],[130.616,30.265],[130.6159,30.265]]],[[[130.6157,30.2654],[130.6155,30.2654],[130.6156,30.2655],[130.6157,30.2654]]],[[[130.6166,30.2655],[130.6165,30.2656],[130.6166,30.2656],[130.6166,30.2655]]],[[[130.6139,30.266],[130.6138,30.266],[130.6139,30.266],[130.6139,30.266]]],[[[130.616,30.2661],[130.6158,30.2661],[130.6159,30.2662],[130.616,30.2661]]],[[[130.6159,30.2667],[130.6158,30.2666],[130.6158,30.2666],[130.6159,30.2667]]],[[[130.6173,30.2674],[130.6176,30.2675],[130.6173,30.2673],[130.6173,30.2674]]],[[[130.617,30.268],[130.6171,30.2679],[130.6167,30.2676],[130.617,30.268]]],[[[130.617,30.2683],[130.6173,30.2682],[130.617,30.2682],[130.617,30.2683]]],[[[130.6181,30.2691],[130.618,30.2689],[130.6179,30.269],[130.6181,30.2691]]],[[[130.6179,30.2692],[130.6178,30.2692],[130.6178,30.2693],[130.6179,30.2692]]],[[[130.6186,30.27],[130.6186,30.2701],[130.6187,30.27],[130.6186,30.27]]],[[[130.6229,30.2721],[130.6228,30.2723],[130.6231,30.2725],[130.6229,30.2721]]],[[[130.6237,30.2731],[130.6237,30.2732],[130.6238,30.2732],[130.6237,30.2731]]],[[[130.6238,30.2734],[130.6241,30.2739],[130.6239,30.2733],[130.6238,30.2734]]],[[[130.6244,30.2739],[130.6244,30.2737],[130.6243,30.2737],[130.6244,30.2739]]],[[[130.6244,30.2742],[130.6244,30.2743],[130.6244,30.2743],[130.6244,30.2742]]],[[[130.6241,30.2742],[130.6241,30.2743],[130.6242,30.2742],[130.6241,30.2742]]],[[[130.6242,30.2748],[130.6241,30.2754],[130.6244,30.2755],[130.6242,30.2748]]],[[[130.626,30.2777],[130.6259,30.2778],[130.626,30.2778],[130.626,30.2777]]],[[[130.6281,30.2786],[130.628,30.2786],[130.6281,30.2787],[130.6281,30.2786]]],[[[130.6279,30.2787],[130.6278,30.2787],[130.6278,30.2787],[130.6279,30.2787]]],[[[130.6283,30.2788],[130.6282,30.2788],[130.6283,30.2789],[130.6283,30.2788]]],[[[130.6275,30.279],[130.6275,30.2789],[130.6274,30.279],[130.6275,30.279]]],[[[130.628,30.2791],[130.6281,30.2789],[130.628,30.2789],[130.628,30.2791]]],[[[130.6283,30.2797],[130.6281,30.2793],[130.6279,30.2794],[130.6283,30.2797]]],[[[130.6314,30.28],[130.6313,30.28],[130.6314,30.28],[130.6314,30.28]]],[[[130.6283,30.28],[130.6282,30.28],[130.6282,30.2801],[130.6283,30.28]]],[[[130.6285,30.2802],[130.6285,30.2802],[130.6285,30.2802],[130.6285,30.2802]]],[[[130.6316,30.2803],[130.6315,30.2802],[130.6315,30.2802],[130.6316,30.2803]]],[[[130.6297,30.2804],[130.6296,30.2803],[130.6296,30.2804],[130.6297,30.2804]]],[[[130.6285,30.2803],[130.6284,30.2804],[130.6285,30.2805],[130.6285,30.2803]]],[[[130.6313,30.2806],[130.6312,30.2806],[130.6313,30.2807],[130.6313,30.2806]]],[[[130.6294,30.2807],[130.6296,30.2808],[130.6294,30.2807],[130.6294,30.2807]]],[[[130.6312,30.2808],[130.6312,30.2808],[130.6313,30.281],[130.6312,30.2808]]],[[[130.6316,30.2811],[130.6318,30.2811],[130.6315,30.2809],[130.6316,30.2811]]],[[[130.6313,30.2812],[130.6312,30.2809],[130.6311,30.2809],[130.6313,30.2812]]],[[[130.6316,30.2812],[130.6315,30.2812],[130.6315,30.2813],[130.6316,30.2812]]],[[[130.6322,30.2814],[130.632,30.2814],[130.632,30.2815],[130.6322,30.2814]]],[[[130.6338,30.282],[130.6343,30.2822],[130.6338,30.2819],[130.6338,30.282]]],[[[130.6344,30.2824],[130.6343,30.2824],[130.6344,30.2824],[130.6344,30.2824]]],[[[130.6362,30.284],[130.6362,30.2839],[130.6361,30.2839],[130.6362,30.284]]],[[[130.6359,30.2841],[130.6361,30.2841],[130.636,30.284],[130.6359,30.2841]]],[[[130.6368,30.2846],[130.6367,30.2846],[130.6368,30.2847],[130.6368,30.2846]]],[[[130.6365,30.2847],[130.6367,30.2853],[130.6369,30.2853],[130.6365,30.2847]]],[[[130.6378,30.2852],[130.6377,30.2852],[130.6377,30.2853],[130.6378,30.2852]]],[[[130.6382,30.2869],[130.6383,30.287],[130.6383,30.2869],[130.6382,30.2869]]],[[[130.638,30.2872],[130.6381,30.2872],[130.6379,30.2868],[130.638,30.2872]]],[[[130.6377,30.2871],[130.6376,30.2872],[130.6377,30.2872],[130.6377,30.2871]]],[[[130.638,30.2873],[130.6379,30.2872],[130.6378,30.2872],[130.638,30.2873]]],[[[130.639,30.2888],[130.639,30.2888],[130.639,30.2889],[130.639,30.2888]]],[[[130.6364,30.4011],[130.6365,30.4011],[130.6365,30.401],[130.6364,30.4011]]],[[[130.6363,30.4011],[130.6361,30.401],[130.6362,30.4011],[130.6363,30.4011]]],[[[130.6386,30.4014],[130.6386,30.4015],[130.6386,30.4014],[130.6386,30.4014]]],[[[130.6384,30.4014],[130.6384,30.4015],[130.6385,30.4015],[130.6384,30.4014]]],[[[130.6384,30.4016],[130.6385,30.4016],[130.6385,30.4016],[130.6384,30.4016]]],[[[130.638,30.4016],[130.638,30.4016],[130.6381,30.4016],[130.638,30.4016]]],[[[130.6382,30.4017],[130.6383,30.4017],[130.6383,30.4016],[130.6382,30.4017]]],[[[130.6385,30.4017],[130.6386,30.4017],[130.6386,30.4017],[130.6385,30.4017]]],[[[130.6316,30.4017],[130.6317,30.4017],[130.6317,30.4017],[130.6316,30.4017]]],[[[130.6295,30.4018],[130.6295,30.4018],[130.6296,30.4017],[130.6295,30.4018]]],[[[130.638,30.4018],[130.638,30.4018],[130.638,30.4018],[130.638,30.4018]]],[[[130.6306,30.4018],[130.6306,30.4018],[130.6306,30.4018],[130.6306,30.4018]]],[[[130.6304,30.4019],[130.6304,30.4019],[130.6304,30.4018],[130.6304,30.4019]]],[[[130.6296,30.4019],[130.6294,30.4021],[130.6296,30.402],[130.6296,30.4019]]],[[[130.6374,30.4025],[130.638,30.4019],[130.6374,30.4018],[130.6374,30.4025]]],[[[130.6273,30.4023],[130.6273,30.4022],[130.6272,30.4022],[130.6273,30.4023]]],[[[130.6372,30.4028],[130.6371,30.4026],[130.637,30.4027],[130.6372,30.4028]]],[[[130.6369,30.4029],[130.637,30.403],[130.637,30.4029],[130.6369,30.4029]]],[[[130.6371,30.403],[130.6373,30.403],[130.6373,30.403],[130.6371,30.403]]],[[[130.619,30.4054],[130.619,30.4054],[130.619,30.4054],[130.619,30.4054]]],[[[130.6185,30.4055],[130.6184,30.4055],[130.6184,30.4055],[130.6185,30.4055]]],[[[130.6186,30.4055],[130.6186,30.4055],[130.6186,30.4055],[130.6186,30.4055]]],[[[130.6186,30.4058],[130.6189,30.4058],[130.6187,30.4056],[130.6186,30.4058]]],[[[130.6167,30.4061],[130.6166,30.406],[130.6166,30.4061],[130.6167,30.4061]]],[[[130.6147,30.4064],[130.6148,30.4063],[130.6146,30.4063],[130.6147,30.4064]]],[[[130.616,30.4066],[130.616,30.4066],[130.616,30.4066],[130.616,30.4066]]],[[[130.6134,30.4073],[130.6135,30.4073],[130.6135,30.4072],[130.6134,30.4073]]],[[[130.6136,30.4073],[130.6137,30.4073],[130.6137,30.4072],[130.6136,30.4073]]],[[[130.6406,30.2887],[130.6406,30.2885],[130.6405,30.2885],[130.6406,30.2887]]],[[[130.6406,30.2888],[130.6405,30.2888],[130.6406,30.2888],[130.6406,30.2888]]],[[[130.6407,30.2889],[130.6408,30.2889],[130.6408,30.2889],[130.6407,30.2889]]],[[[130.6404,30.2892],[130.6403,30.289],[130.6403,30.289],[130.6404,30.2892]]],[[[130.6401,30.2891],[130.6401,30.2892],[130.6401,30.2892],[130.6401,30.2891]]],[[[130.6419,30.2893],[130.6417,30.2891],[130.6416,30.2892],[130.6419,30.2893]]],[[[130.6395,30.2893],[130.6395,30.2893],[130.6395,30.2893],[130.6395,30.2893]]],[[[130.6404,30.2893],[130.6403,30.2893],[130.6404,30.2894],[130.6404,30.2893]]],[[[130.6397,30.2894],[130.6396,30.2894],[130.6397,30.2895],[130.6397,30.2894]]],[[[130.6413,30.2895],[130.6414,30.2897],[130.6413,30.2894],[130.6413,30.2895]]],[[[130.6404,30.2895],[130.6399,30.2895],[130.6405,30.2897],[130.6404,30.2895]]],[[[130.6409,30.2898],[130.6409,30.2898],[130.6409,30.2897],[130.6409,30.2898]]],[[[130.6402,30.2899],[130.6405,30.2898],[130.6402,30.2897],[130.6402,30.2899]]],[[[130.6428,30.2901],[130.6427,30.2901],[130.6428,30.2902],[130.6428,30.2901]]],[[[130.6426,30.2905],[130.6423,30.2902],[130.6423,30.2903],[130.6426,30.2905]]],[[[130.6418,30.2906],[130.6419,30.291],[130.6421,30.291],[130.6418,30.2906]]],[[[130.6414,30.291],[130.642,30.2911],[130.6414,30.2908],[130.6414,30.291]]],[[[130.6423,30.2916],[130.642,30.2915],[130.6421,30.2917],[130.6423,30.2916]]],[[[130.643,30.2921],[130.643,30.2921],[130.643,30.2921],[130.643,30.2921]]],[[[130.6432,30.2922],[130.6431,30.2923],[130.6432,30.2923],[130.6432,30.2922]]],[[[130.6427,30.2923],[130.6427,30.2923],[130.6429,30.2923],[130.6427,30.2923]]],[[[130.6434,30.2925],[130.6433,30.2923],[130.6433,30.2924],[130.6434,30.2925]]],[[[130.6446,30.2933],[130.6447,30.2933],[130.6446,30.2932],[130.6446,30.2933]]],[[[130.6456,30.294],[130.6455,30.2939],[130.6455,30.294],[130.6456,30.294]]],[[[130.6459,30.2951],[130.6457,30.295],[130.6457,30.2951],[130.6459,30.2951]]],[[[130.6513,30.2965],[130.6509,30.2962],[130.6509,30.2966],[130.6513,30.2965]]],[[[130.6518,30.2968],[130.6517,30.2967],[130.6516,30.2969],[130.6518,30.2968]]],[[[130.6522,30.298],[130.6523,30.2979],[130.6521,30.2978],[130.6522,30.298]]],[[[130.653,30.2982],[130.6528,30.2982],[130.6529,30.2983],[130.653,30.2982]]],[[[130.6529,30.3928],[130.6532,30.3928],[130.6532,30.3927],[130.6529,30.3928]]],[[[130.6529,30.3929],[130.6531,30.393],[130.6529,30.3929],[130.6529,30.3929]]],[[[130.6522,30.3932],[130.6522,30.3931],[130.6522,30.3932],[130.6522,30.3932]]],[[[130.6524,30.3931],[130.6524,30.3932],[130.6524,30.3932],[130.6524,30.3931]]],[[[130.6521,30.3933],[130.6521,30.3934],[130.6521,30.3933],[130.6521,30.3933]]],[[[130.6519,30.3934],[130.6519,30.3933],[130.6519,30.3934],[130.6519,30.3934]]],[[[130.6524,30.3933],[130.6524,30.3933],[130.6524,30.3934],[130.6524,30.3933]]],[[[130.6519,30.3935],[130.6519,30.3936],[130.652,30.3936],[130.6519,30.3935]]],[[[130.6514,30.3938],[130.6514,30.3937],[130.6513,30.3938],[130.6514,30.3938]]],[[[130.6504,30.3944],[130.6504,30.3944],[130.6504,30.3945],[130.6504,30.3944]]],[[[130.6507,30.3945],[130.6506,30.3944],[130.6506,30.3944],[130.6507,30.3945]]],[[[130.6502,30.3946],[130.6498,30.3944],[130.6498,30.3946],[130.6502,30.3946]]],[[[130.6498,30.3947],[130.6497,30.3947],[130.6498,30.3948],[130.6498,30.3947]]],[[[130.6495,30.395],[130.6495,30.3948],[130.6495,30.3949],[130.6495,30.395]]],[[[130.6495,30.3952],[130.6495,30.3951],[130.6494,30.3952],[130.6495,30.3952]]],[[[130.6486,30.3956],[130.6486,30.3955],[130.6485,30.3955],[130.6486,30.3956]]],[[[130.6485,30.3958],[130.6484,30.3957],[130.6484,30.3958],[130.6485,30.3958]]],[[[130.6487,30.3958],[130.6487,30.3959],[130.6487,30.3959],[130.6487,30.3958]]],[[[130.6488,30.3959],[130.6488,30.3959],[130.6488,30.3959],[130.6488,30.3959]]],[[[130.6483,30.3959],[130.6483,30.396],[130.6483,30.3959],[130.6483,30.3959]]],[[[130.6484,30.3959],[130.6484,30.396],[130.6485,30.3959],[130.6484,30.3959]]],[[[130.6479,30.3961],[130.648,30.396],[130.6479,30.3959],[130.6479,30.3961]]],[[[130.6481,30.3961],[130.6481,30.3961],[130.6481,30.3961],[130.6481,30.3961]]],[[[130.6467,30.3967],[130.6467,30.3967],[130.6467,30.3967],[130.6467,30.3967]]],[[[130.6469,30.3969],[130.6469,30.3968],[130.6469,30.3968],[130.6469,30.3969]]],[[[130.6464,30.3969],[130.6465,30.3969],[130.6465,30.3968],[130.6464,30.3969]]],[[[130.6467,30.3969],[130.6466,30.3969],[130.6467,30.3969],[130.6467,30.3969]]],[[[130.6472,30.397],[130.6475,30.397],[130.6476,30.3969],[130.6472,30.397]]],[[[130.646,30.3971],[130.6462,30.3971],[130.6462,30.397],[130.646,30.3971]]],[[[130.6465,30.3973],[130.6466,30.3971],[130.6464,30.3971],[130.6465,30.3973]]],[[[130.6464,30.3972],[130.6463,30.3973],[130.6463,30.3974],[130.6464,30.3972]]],[[[130.6458,30.3975],[130.6458,30.3975],[130.6458,30.3974],[130.6458,30.3975]]],[[[130.6452,30.3978],[130.6453,30.3977],[130.6451,30.3977],[130.6452,30.3978]]],[[[130.643,30.3991],[130.643,30.3991],[130.643,30.399],[130.643,30.3991]]],[[[130.6428,30.3992],[130.6428,30.3993],[130.6428,30.3992],[130.6428,30.3992]]],[[[130.6427,30.3994],[130.6428,30.3994],[130.6428,30.3994],[130.6427,30.3994]]],[[[130.6426,30.3995],[130.6426,30.3996],[130.6427,30.3996],[130.6426,30.3995]]],[[[130.643,30.3996],[130.6428,30.3997],[130.643,30.3998],[130.643,30.3996]]],[[[130.6421,30.3998],[130.6422,30.3998],[130.6422,30.3998],[130.6421,30.3998]]],[[[130.6425,30.3998],[130.6425,30.3999],[130.6425,30.3998],[130.6425,30.3998]]],[[[130.6422,30.4],[130.6421,30.4],[130.6421,30.4],[130.6422,30.4]]],[[[130.6414,30.3999],[130.6411,30.4002],[130.6416,30.4002],[130.6414,30.3999]]],[[[130.6409,30.4005],[130.6408,30.4006],[130.6409,30.4005],[130.6409,30.4005]]],[[[130.64,30.401],[130.6397,30.4007],[130.6396,30.401],[130.64,30.401]]],[[[130.6406,30.4009],[130.6406,30.4008],[130.6406,30.4008],[130.6406,30.4009]]],[[[130.6403,30.401],[130.6404,30.4009],[130.6403,30.4009],[130.6403,30.401]]],[[[130.6402,30.4011],[130.6403,30.4011],[130.6402,30.4011],[130.6402,30.4011]]],[[[130.6407,30.4012],[130.6406,30.4011],[130.6406,30.4011],[130.6407,30.4012]]],[[[130.64,30.4011],[130.6401,30.4012],[130.6401,30.4011],[130.64,30.4011]]],[[[130.6395,30.4015],[130.6391,30.4012],[130.6387,30.4016],[130.6395,30.4015]]],[[[130.6404,30.4037],[130.6404,30.4037],[130.6404,30.4037],[130.6404,30.4037]]],[[[130.6392,30.4037],[130.6391,30.4037],[130.6392,30.4038],[130.6392,30.4037]]],[[[130.6402,30.4041],[130.6397,30.4037],[130.6397,30.4039],[130.6402,30.4041]]],[[[130.6405,30.4042],[130.6406,30.4042],[130.6405,30.4041],[130.6405,30.4042]]],[[[130.6399,30.4042],[130.64,30.4042],[130.64,30.4042],[130.6399,30.4042]]],[[[130.6532,30.2987],[130.6533,30.2985],[130.6531,30.2985],[130.6532,30.2987]]],[[[130.6548,30.3005],[130.6548,30.3005],[130.6549,30.3005],[130.6548,30.3005]]],[[[130.655,30.3006],[130.6551,30.3004],[130.655,30.3005],[130.655,30.3006]]],[[[130.6591,30.3083],[130.6583,30.3083],[130.6591,30.3088],[130.6591,30.3083]]],[[[130.6587,30.3091],[130.6588,30.3091],[130.6588,30.3091],[130.6587,30.3091]]],[[[130.66,30.3093],[130.6599,30.3092],[130.6599,30.3093],[130.66,30.3093]]],[[[130.6597,30.3095],[130.6596,30.3095],[130.6597,30.3095],[130.6597,30.3095]]],[[[130.6601,30.3095],[130.6601,30.3095],[130.6601,30.3095],[130.6601,30.3095]]],[[[130.6593,30.31],[130.6592,30.31],[130.6593,30.3101],[130.6593,30.31]]],[[[130.66,30.3105],[130.6601,30.3112],[130.6603,30.3112],[130.66,30.3105]]],[[[130.6621,30.3185],[130.662,30.3186],[130.662,30.3186],[130.6621,30.3185]]],[[[130.6618,30.3187],[130.6618,30.3186],[130.6618,30.3186],[130.6618,30.3187]]],[[[130.662,30.3189],[130.662,30.3188],[130.6619,30.3188],[130.662,30.3189]]],[[[130.6616,30.3188],[130.6615,30.3189],[130.6616,30.3189],[130.6616,30.3188]]],[[[130.6618,30.319],[130.6618,30.3189],[130.6617,30.319],[130.6618,30.319]]],[[[130.6615,30.3191],[130.6615,30.3191],[130.6614,30.3191],[130.6615,30.3191]]],[[[130.6617,30.3191],[130.6616,30.3191],[130.6617,30.3192],[130.6617,30.3191]]],[[[130.6614,30.3194],[130.6614,30.3193],[130.6614,30.3193],[130.6614,30.3194]]],[[[130.6617,30.3194],[130.6617,30.3193],[130.6616,30.3193],[130.6617,30.3194]]],[[[130.6616,30.3195],[130.6615,30.3195],[130.6616,30.3195],[130.6616,30.3195]]],[[[130.6632,30.3216],[130.6631,30.3215],[130.6631,30.3216],[130.6632,30.3216]]],[[[130.6629,30.3217],[130.663,30.3217],[130.6629,30.3216],[130.6629,30.3217]]],[[[130.6623,30.322],[130.6622,30.322],[130.6623,30.322],[130.6623,30.322]]],[[[130.6623,30.3222],[130.6624,30.3222],[130.6623,30.3222],[130.6623,30.3222]]],[[[130.6627,30.3227],[130.6627,30.3226],[130.6627,30.3226],[130.6627,30.3227]]],[[[130.6626,30.3234],[130.6625,30.3234],[130.6625,30.3235],[130.6626,30.3234]]],[[[130.6624,30.3238],[130.6623,30.3238],[130.6624,30.3239],[130.6624,30.3238]]],[[[130.6625,30.3241],[130.6625,30.324],[130.6624,30.324],[130.6625,30.3241]]],[[[130.6628,30.3242],[130.6628,30.3241],[130.6628,30.3241],[130.6628,30.3242]]],[[[130.6628,30.3245],[130.6625,30.3244],[130.6624,30.3244],[130.6628,30.3245]]],[[[130.663,30.3244],[130.6629,30.3244],[130.6629,30.3245],[130.663,30.3244]]],[[[130.6624,30.3246],[130.6627,30.3248],[130.6628,30.3247],[130.6624,30.3246]]],[[[130.6631,30.3251],[130.663,30.3251],[130.663,30.3251],[130.6631,30.3251]]],[[[130.6625,30.3253],[130.6629,30.3252],[130.6628,30.325],[130.6625,30.3253]]],[[[130.6627,30.3254],[130.6628,30.3256],[130.6629,30.3256],[130.6627,30.3254]]],[[[130.6631,30.3261],[130.663,30.326],[130.663,30.326],[130.6631,30.3261]]],[[[130.6628,30.3261],[130.6628,30.3261],[130.6627,30.3261],[130.6628,30.3261]]],[[[130.6629,30.3262],[130.6628,30.3267],[130.663,30.3263],[130.6629,30.3262]]],[[[130.6635,30.3275],[130.6637,30.3275],[130.6637,30.3274],[130.6635,30.3275]]],[[[130.6631,30.3278],[130.6635,30.3273],[130.6635,30.3273],[130.6631,30.3278]]],[[[130.6636,30.3278],[130.6634,30.3282],[130.6637,30.3278],[130.6636,30.3278]]],[[[130.6636,30.3282],[130.6637,30.3287],[130.6638,30.3281],[130.6636,30.3282]]],[[[130.6641,30.3289],[130.6643,30.3286],[130.6641,30.3285],[130.6641,30.3289]]],[[[130.6641,30.3316],[130.6642,30.3315],[130.6641,30.3316],[130.6641,30.3316]]],[[[130.6647,30.3317],[130.6647,30.3316],[130.6646,30.3315],[130.6647,30.3317]]],[[[130.6648,30.3316],[130.6648,30.3316],[130.6648,30.3317],[130.6648,30.3316]]],[[[130.6644,30.3317],[130.6644,30.3316],[130.6644,30.3316],[130.6644,30.3317]]],[[[130.6639,30.3319],[130.664,30.3318],[130.6639,30.3317],[130.6639,30.3319]]],[[[130.6642,30.3318],[130.6641,30.3318],[130.6641,30.3319],[130.6642,30.3318]]],[[[130.665,30.3328],[130.6646,30.332],[130.6644,30.332],[130.665,30.3328]]],[[[130.6645,30.3333],[130.6647,30.3334],[130.6646,30.3331],[130.6645,30.3333]]],[[[130.6646,30.3336],[130.6645,30.3335],[130.6645,30.3336],[130.6646,30.3336]]],[[[130.6647,30.3337],[130.6647,30.3336],[130.6647,30.3336],[130.6647,30.3337]]],[[[130.6641,30.3337],[130.6642,30.3337],[130.6641,30.3336],[130.6641,30.3337]]],[[[130.6641,30.334],[130.664,30.3338],[130.6639,30.3338],[130.6641,30.334]]],[[[130.6638,30.3341],[130.6639,30.3341],[130.6639,30.334],[130.6638,30.3341]]],[[[130.6645,30.3341],[130.6646,30.3343],[130.6647,30.3342],[130.6645,30.3341]]],[[[130.6637,30.3346],[130.6636,30.3345],[130.6636,30.3346],[130.6637,30.3346]]],[[[130.6637,30.3391],[130.6639,30.3393],[130.6638,30.339],[130.6637,30.3391]]],[[[130.6639,30.3396],[130.6642,30.3397],[130.6642,30.3396],[130.6639,30.3396]]],[[[130.6641,30.3402],[130.6642,30.3399],[130.664,30.3399],[130.6641,30.3402]]],[[[130.6646,30.3417],[130.6647,30.3416],[130.6646,30.3416],[130.6646,30.3417]]],[[[130.6648,30.3424],[130.6648,30.3423],[130.6648,30.3424],[130.6648,30.3424]]],[[[130.6649,30.3449],[130.6648,30.3445],[130.6648,30.3445],[130.6649,30.3449]]],[[[130.6646,30.3837],[130.6647,30.3837],[130.6646,30.3837],[130.6646,30.3837]]],[[[130.6646,30.3841],[130.6646,30.384],[130.6646,30.3841],[130.6646,30.3841]]],[[[130.6644,30.3844],[130.6643,30.3844],[130.6643,30.3845],[130.6644,30.3844]]],[[[130.6644,30.3847],[130.6643,30.3846],[130.6643,30.3847],[130.6644,30.3847]]],[[[130.6639,30.3848],[130.6639,30.3847],[130.6638,30.3848],[130.6639,30.3848]]],[[[130.6642,30.3848],[130.6641,30.3848],[130.6642,30.3849],[130.6642,30.3848]]],[[[130.6637,30.385],[130.6637,30.3849],[130.6636,30.3849],[130.6637,30.385]]],[[[130.6636,30.3852],[130.6636,30.3851],[130.6636,30.3852],[130.6636,30.3852]]],[[[130.6633,30.3852],[130.6632,30.3852],[130.6632,30.3853],[130.6633,30.3852]]],[[[130.6635,30.3852],[130.6635,30.3853],[130.6635,30.3853],[130.6635,30.3852]]],[[[130.6631,30.3854],[130.663,30.3854],[130.6631,30.3855],[130.6631,30.3854]]],[[[130.6634,30.3862],[130.6632,30.3863],[130.6634,30.3863],[130.6634,30.3862]]],[[[130.6621,30.3866],[130.6622,30.3865],[130.6621,30.3865],[130.6621,30.3866]]],[[[130.6624,30.3868],[130.6624,30.3867],[130.6622,30.3868],[130.6624,30.3868]]],[[[130.6613,30.3874],[130.6612,30.3873],[130.6612,30.3874],[130.6613,30.3874]]],[[[130.6608,30.3881],[130.6609,30.388],[130.6608,30.388],[130.6608,30.3881]]],[[[130.6597,30.3888],[130.6596,30.3888],[130.6597,30.3889],[130.6597,30.3888]]],[[[130.6578,30.3901],[130.6578,30.39],[130.6578,30.39],[130.6578,30.3901]]],[[[130.6572,30.3905],[130.6573,30.3904],[130.6571,30.3904],[130.6572,30.3905]]],[[[130.6546,30.3925],[130.6538,30.3928],[130.6542,30.3928],[130.6546,30.3925]]],[[[130.6692,30.3154],[130.6697,30.3155],[130.6685,30.3148],[130.6692,30.3154]]],[[[130.6687,30.3194],[130.6686,30.3159],[130.6685,30.3194],[130.6687,30.3194]]],[[[130.665,30.3218],[130.6669,30.321],[130.6668,30.3208],[130.665,30.3218]]],[[[130.6649,30.3319],[130.665,30.3318],[130.6649,30.3318],[130.6649,30.3319]]],[[[130.6648,30.3321],[130.6651,30.3323],[130.6647,30.332],[130.6648,30.3321]]],[[[130.6649,30.3335],[130.6648,30.3335],[130.6648,30.3335],[130.6649,30.3335]]],[[[130.6665,30.3436],[130.6665,30.3435],[130.6664,30.3436],[130.6665,30.3436]]],[[[130.6648,30.3443],[130.6649,30.3442],[130.6648,30.344],[130.6648,30.3443]]],[[[130.6654,30.3449],[130.6653,30.3449],[130.6653,30.345],[130.6654,30.3449]]],[[[130.6662,30.3451],[130.6661,30.3451],[130.6661,30.3451],[130.6662,30.3451]]],[[[130.6658,30.3452],[130.6662,30.3455],[130.6663,30.3454],[130.6658,30.3452]]],[[[130.667,30.3459],[130.6669,30.3459],[130.6669,30.346],[130.667,30.3459]]],[[[130.6669,30.3462],[130.6669,30.3461],[130.6669,30.3461],[130.6669,30.3462]]],[[[130.6671,30.3469],[130.6671,30.3469],[130.667,30.3469],[130.6671,30.3469]]],[[[130.6674,30.3473],[130.6673,30.3473],[130.6672,30.3474],[130.6674,30.3473]]],[[[130.6671,30.3477],[130.6672,30.348],[130.6672,30.3477],[130.6671,30.3477]]],[[[130.6675,30.3483],[130.6677,30.3483],[130.6677,30.3482],[130.6675,30.3483]]],[[[130.6675,30.3489],[130.6676,30.3487],[130.6675,30.3487],[130.6675,30.3489]]],[[[130.6684,30.3489],[130.6686,30.3488],[130.6684,30.3488],[130.6684,30.3489]]],[[[130.6674,30.3491],[130.6672,30.3492],[130.6674,30.3492],[130.6674,30.3491]]],[[[130.667,30.3494],[130.6669,30.3496],[130.6673,30.3496],[130.667,30.3494]]],[[[130.6667,30.3497],[130.6666,30.3503],[130.6668,30.3497],[130.6667,30.3497]]],[[[130.6664,30.3558],[130.6665,30.3557],[130.6664,30.3557],[130.6664,30.3558]]],[[[130.6667,30.3562],[130.6666,30.3562],[130.6666,30.3563],[130.6667,30.3562]]],[[[130.6666,30.3568],[130.6665,30.3567],[130.6666,30.3568],[130.6666,30.3568]]],[[[130.6667,30.3569],[130.6667,30.3569],[130.6666,30.3569],[130.6667,30.3569]]],[[[130.6665,30.3571],[130.6665,30.3571],[130.6665,30.357],[130.6665,30.3571]]],[[[130.6666,30.3574],[130.6666,30.3574],[130.6667,30.3574],[130.6666,30.3574]]],[[[130.6669,30.3576],[130.6669,30.3575],[130.6668,30.3575],[130.6669,30.3576]]],[[[130.6677,30.3595],[130.6677,30.3595],[130.6677,30.3595],[130.6677,30.3595]]],[[[130.6679,30.36],[130.6678,30.3599],[130.6678,30.36],[130.6679,30.36]]],[[[130.6678,30.3605],[130.6677,30.3605],[130.6678,30.3605],[130.6678,30.3605]]],[[[130.6679,30.3607],[130.6678,30.3607],[130.6679,30.3608],[130.6679,30.3607]]],[[[130.6685,30.362],[130.6684,30.362],[130.6685,30.362],[130.6685,30.362]]],[[[130.6687,30.3628],[130.6686,30.3627],[130.6686,30.3627],[130.6687,30.3628]]],[[[130.6688,30.3631],[130.6688,30.3631],[130.6688,30.3632],[130.6688,30.3631]]],[[[130.6699,30.364],[130.6699,30.3639],[130.6699,30.364],[130.6699,30.364]]],[[[130.6695,30.3651],[130.6695,30.365],[130.6695,30.3651],[130.6695,30.3651]]],[[[130.6693,30.3652],[130.6693,30.3652],[130.6694,30.3652],[130.6693,30.3652]]],[[[130.6697,30.3654],[130.6697,30.3653],[130.6696,30.3653],[130.6697,30.3654]]],[[[130.6694,30.3656],[130.6695,30.3655],[130.6694,30.3654],[130.6694,30.3656]]],[[[130.6694,30.3657],[130.6693,30.3657],[130.6693,30.3657],[130.6694,30.3657]]],[[[130.6697,30.3659],[130.6698,30.3658],[130.6697,30.3659],[130.6697,30.3659]]],[[[130.6707,30.3661],[130.6708,30.3661],[130.6708,30.366],[130.6707,30.3661]]],[[[130.6705,30.3662],[130.6701,30.3661],[130.6703,30.3665],[130.6705,30.3665],[130.6705,30.3662]]],[[[130.6699,30.3665],[130.6699,30.3664],[130.6699,30.3664],[130.6699,30.3665]]],[[[130.6697,30.3665],[130.6697,30.3664],[130.6697,30.3664],[130.6697,30.3665]]],[[[130.6699,30.3667],[130.6698,30.3667],[130.6698,30.3667],[130.6699,30.3667]]],[[[130.67,30.3668],[130.67,30.3667],[130.67,30.3668],[130.67,30.3668]]],[[[130.6714,30.3668],[130.6715,30.3667],[130.6714,30.3668],[130.6714,30.3668]]],[[[130.6706,30.3672],[130.6708,30.3672],[130.6707,30.3668],[130.6706,30.3672]]],[[[130.6701,30.3671],[130.67,30.367],[130.6701,30.3671],[130.6701,30.3671]]],[[[130.6702,30.3673],[130.6702,30.3672],[130.6701,30.3672],[130.6702,30.3673]]],[[[130.6707,30.3679],[130.6706,30.3679],[130.6706,30.368],[130.6707,30.3679]]],[[[130.6704,30.368],[130.6704,30.3679],[130.6704,30.368],[130.6704,30.368]]],[[[130.6704,30.3683],[130.6704,30.3682],[130.6704,30.3682],[130.6704,30.3683]]],[[[130.6706,30.3684],[130.6706,30.3684],[130.6706,30.3684],[130.6706,30.3684]]],[[[130.6709,30.3696],[130.6709,30.3696],[130.6708,30.3696],[130.6709,30.3696]]],[[[130.6708,30.3698],[130.6709,30.3697],[130.6708,30.3697],[130.6708,30.3698]]],[[[130.671,30.3701],[130.6708,30.37],[130.6708,30.3701],[130.671,30.3701]]],[[[130.671,30.3704],[130.6711,30.3706],[130.6712,30.3704],[130.671,30.3704]]],[[[130.6712,30.3709],[130.6712,30.3708],[130.6712,30.3708],[130.6712,30.3709]]],[[[130.6712,30.3711],[130.6712,30.371],[130.6712,30.371],[130.6712,30.3711]]],[[[130.6716,30.3723],[130.6716,30.3723],[130.6716,30.3723],[130.6716,30.3723]]],[[[130.6708,30.3737],[130.6709,30.3737],[130.6708,30.3737],[130.6708,30.3737]]],[[[130.6711,30.3738],[130.671,30.3738],[130.671,30.3738],[130.6711,30.3738]]],[[[130.6713,30.3739],[130.6713,30.3739],[130.6713,30.3739],[130.6713,30.3739]]],[[[130.6711,30.374],[130.6712,30.374],[130.6711,30.374],[130.6711,30.374]]],[[[130.6716,30.3743],[130.6716,30.3742],[130.6714,30.3742],[130.6716,30.3743]]],[[[130.6699,30.3779],[130.6696,30.3782],[130.67,30.378],[130.6699,30.3779]]],[[[130.6694,30.3781],[130.6694,30.3781],[130.6694,30.3781],[130.6694,30.3781]]],[[[130.6697,30.3783],[130.6696,30.3783],[130.6696,30.3783],[130.6697,30.3783]]],[[[130.6695,30.3784],[130.6695,30.3783],[130.6694,30.3783],[130.6695,30.3784]]],[[[130.6678,30.3811],[130.6678,30.381],[130.6678,30.3811],[130.6678,30.3811]]],[[[130.6675,30.3812],[130.6675,30.3812],[130.6675,30.3812],[130.6675,30.3812]]],[[[130.6674,30.3813],[130.6673,30.3812],[130.6673,30.3813],[130.6674,30.3813]]],[[[130.667,30.3818],[130.6671,30.3817],[130.667,30.3817],[130.667,30.3818]]],[[[130.6669,30.3821],[130.6668,30.3821],[130.6669,30.3821],[130.6669,30.3821]]],[[[130.666,30.3825],[130.666,30.3824],[130.666,30.3824],[130.666,30.3825]]],[[[130.6662,30.3828],[130.6662,30.3828],[130.6661,30.3828],[130.6662,30.3828]]],[[[130.6661,30.3832],[130.6662,30.383],[130.666,30.383],[130.6661,30.3832]]],[[[130.6658,30.3833],[130.6658,30.3832],[130.6658,30.3832],[130.6658,30.3833]]],[[[130.6651,30.3837],[130.6651,30.3836],[130.6651,30.3836],[130.6651,30.3837]]]]}},{"type":"Feature","properties":{"code":"46523","name":"大和村","pref_code":"46","pref":"鹿児島県"},"geometry":{"type":"MultiPolygon","coordinates":[[[[129.273,28.3323],[129.2747,28.332],[129.2743,28.3314],[129.273,28.3323]]],[[[129.31,28.3333],[129.3098,28.3335],[129.3101,28.3334],[129.31,28.3333]]],[[[129.3061,28.3341],[129.3058,28.3343],[129.3061,28.3343],[129.3061,28.3341]]],[[[129.3074,28.3344],[129.3072,28.3341],[129.3071,28.3344],[129.3074,28.3344]]],[[[129.305,28.3345],[129.305,28.3345],[129.305,28.3345],[129.305,28.3345]]],[[[129.305,28.3346],[129.305,28.3346],[129.305,28.3346],[129.305,28.3346]]],[[[129.3055,28.3352],[129.3057,28.3347],[129.3052,28.3342],[129.3055,28.3352]]],[[[129.3107,28.3359],[129.311,28.3366],[129.311,28.3366],[129.3107,28.3359]]],[[[129.31,28.3414],[129.3101,28.3415],[129.3101,28.3415],[129.31,28.3414]]],[[[129.3107,28.3496],[129.3107,28.3497],[129.3108,28.3497],[129.3107,28.3496]]],[[[129.3183,28.3497],[129.3184,28.3497],[129.3184,28.3496],[129.3183,28.3497]]],[[[129.3117,28.3511],[129.3109,28.351],[129.3114,28.3514],[129.3117,28.3511]]],[[[129.3266,28.3521],[129.3267,28.352],[129.3266,28.352],[129.3266,28.3521]]],[[[129.3269,28.3521],[129.3268,28.3523],[129.3269,28.3523],[129.3269,28.3521]]],[[[129.3269,28.3523],[129.3271,28.3524],[129.3271,28.3523],[129.3269,28.3523]]],[[[129.3289,28.359],[129.3292,28.3589],[129.3289,28.3589],[129.3289,28.359]]],[[[129.3964,28.385],[129.4014,28.3805],[129.4072,28.3797],[129.4114,28.3756],[129.4148,28.3739],[129.4184,28.3738],[129.4225,28.3719],[129.4232,28.3656],[129.4266,28.3609],[129.4246,28.3563],[129.4243,28.3523],[129.4266,28.3485],[129.4263,28.3455],[129.4323,28.3379],[129.4307,28.3373],[129.4315,28.3332],[129.4347,28.3273],[129.4192,28.3289],[129.4169,28.3261],[129.4148,28.3273],[129.4098,28.3269],[129.4077,28.3246],[129.405,28.3242],[129.4041,28.3208],[129.406,28.3177],[129.4056,28.3159],[129.4073,28.3149],[129.4052,28.3115],[129.4049,28.3044],[129.399,28.3076],[129.3948,28.3033],[129.3914,28.3043],[129.387,28.3033],[129.3839,28.3005],[129.3805,28.3005],[129.3748,28.2977],[129.373,28.2956],[129.3702,28.297],[129.3674,28.2955],[129.3681,28.2943],[129.3672,28.2935],[129.3647,28.2948],[129.3639,28.2936],[129.3614,28.2941],[129.3598,28.2921],[129.3609,28.29],[129.3606,28.2842],[129.3596,28.2847],[129.3542,28.2832],[129.3498,28.2862],[129.3483,28.2904],[129.3453,28.293],[129.3436,28.2932],[129.3423,28.2953],[129.3402,28.294],[129.3377,28.295],[129.3352,28.2944],[129.3349,28.2955],[129.331,28.2964],[129.3174,28.2961],[129.3137,28.3003],[129.3116,28.301],[129.3076,28.3089],[129.304,28.3101],[129.2972,28.3062],[129.2897,28.3056],[129.2881,28.3041],[129.2829,28.3051],[129.2808,28.3069],[129.2787,28.3059],[129.2752,28.3075],[129.2715,28.3069],[129.2705,28.3082],[129.2642,28.3063],[129.2627,28.3101],[129.2601,28.3102],[129.2618,28.3138],[129.2641,28.3139],[129.2656,28.3152],[129.2651,28.3179],[129.2604,28.3233],[129.2588,28.3239],[129.2641,28.3239],[129.2651,28.3276],[129.2676,28.3265],[129.2727,28.3272],[129.273,28.3262],[129.273,28.3269],[129.2748,28.3273],[129.2734,28.3261],[129.2747,28.3259],[129.2745,28.3269],[129.2756,28.3258],[129.2794,28.3278],[129.2833,28.3277],[129.2866,28.3326],[129.2885,28.3319],[129.2873,28.3292],[129.288,28.3284],[129.2933,28.3272],[129.3052,28.3302],[129.3065,28.332],[129.3063,28.3342],[129.308,28.3327],[129.3106,28.3329],[129.3127,28.3353],[129.3131,28.3345],[129.3144,28.3332],[129.3126,28.3359],[129.3135,28.3358],[129.313,28.3373],[129.312,28.3361],[129.3123,28.3373],[129.3102,28.3413],[129.3115,28.3418],[129.3114,28.3437],[129.313,28.3437],[129.3124,28.3447],[129.3146,28.3452],[129.3144,28.3462],[129.3125,28.348],[129.3097,28.3485],[129.3112,28.3488],[129.3114,28.3503],[129.3137,28.3483],[129.316,28.3479],[129.3225,28.3491],[129.3233,28.3502],[129.3265,28.35],[129.3294,28.3582],[129.3359,28.3623],[129.3371,28.364],[129.3359,28.3666],[129.3383,28.3667],[129.3391,28.3685],[129.342,28.3682],[129.3453,28.3696],[129.345,28.3683],[129.3482,28.368],[129.3519,28.3648],[129.3506,28.3627],[129.3525,28.3607],[129.3558,28.3595],[129.3571,28.3601],[129.3574,28.3592],[129.3602,28.3599],[129.3589,28.3591],[129.3596,28.3587],[129.3581,28.3591],[129.358,28.3577],[129.3602,28.3579],[129.3598,28.357],[129.3627,28.3569],[129.3632,28.3555],[129.3667,28.3546],[129.37,28.3556],[129.3729,28.3586],[129.3762,28.3637],[129.376,28.3668],[129.3799,28.3664],[129.3823,28.368],[129.383,28.3699],[129.3852,28.3698],[129.3848,28.3714],[129.3867,28.3732],[129.3891,28.3736],[129.3897,28.372],[129.3923,28.3716],[129.3959,28.3681],[129.3985,28.3623],[129.3974,28.3597],[129.3988,28.3593],[129.3979,28.3583],[129.4009,28.3588],[129.3986,28.3573],[129.3998,28.357],[129.3995,28.3558],[129.401,28.356],[129.4048,28.3587],[129.4025,28.3604],[129.4056,28.3598],[129.4049,28.364],[129.4071,28.3647],[129.4105,28.3624],[129.4113,28.3644],[129.4096,28.364],[129.4087,28.367],[129.4051,28.368],[129.4065,28.3726],[129.4063,28.3738],[129.4051,28.374],[129.4043,28.3781],[129.3995,28.3803],[129.3975,28.3834],[129.3946,28.385],[129.3964,28.385]]],[[[129.3603,28.3577],[129.36,28.3571],[129.3603,28.3577],[129.3603,28.3577]]],[[[129.3605,28.3592],[129.3611,28.358],[129.3605,28.3591],[129.3605,28.3592]]],[[[129.332,28.3601],[129.3322,28.3601],[129.332,28.3601],[129.332,28.3601]]],[[[129.357,28.3603],[129.3569,28.3604],[129.357,28.3604],[129.357,28.3603]]],[[[129.3519,28.3651],[129.3521,28.3654],[129.3522,28.3652],[129.3519,28.3651]]],[[[129.3518,28.3656],[129.3518,28.3657],[129.3518,28.3655],[129.3518,28.3656]]],[[[129.3527,28.3665],[129.352,28.366],[129.3525,28.3667],[129.3527,28.3665]]],[[[129.3477,28.3684],[129.3475,28.3682],[129.3476,28.3685],[129.3477,28.3684]]],[[[129.3387,28.3686],[129.3383,28.3686],[129.3385,28.3687],[129.3387,28.3686]]],[[[129.3406,28.3696],[129.3407,28.3693],[129.3405,28.3694],[129.3406,28.3696]]],[[[129.3433,28.3694],[129.3434,28.3695],[129.3433,28.3693],[129.3433,28.3694]]],[[[129.3407,28.3698],[129.3406,28.3698],[129.3406,28.3699],[129.3407,28.3698]]],[[[129.3827,28.3701],[129.3825,28.3705],[129.3826,28.3706],[129.3827,28.3701]]],[[[129.3398,28.3703],[129.3404,28.3706],[129.3407,28.37],[129.3398,28.3703]]]]}},{"type":"Feature","properties":{"code":"46524","name":"宇検村","pref_code":"46","pref":"鹿児島県"},"geometry":{"type":"MultiPolygon","coordinates":[[[[129.1369,28.2563],[129.1369,28.2562],[129.1369,28.2563],[129.1369,28.2563]]],[[[129.1408,28.2564],[129.1409,28.2567],[129.141,28.2565],[129.1408,28.2564]]],[[[129.1389,28.2567],[129.1392,28.2568],[129.1392,28.2566],[129.1389,28.2567]]],[[[129.1587,28.257],[129.1587,28.2569],[129.1587,28.2569],[129.1587,28.257]]],[[[129.1408,28.2569],[129.141,28.2572],[129.141,28.2568],[129.1408,28.2569]]],[[[129.1484,28.2577],[129.1486,28.2576],[129.1484,28.2576],[129.1484,28.2577]]],[[[129.152,28.2579],[129.1522,28.2578],[129.1521,28.2578],[129.152,28.2579]]],[[[129.152,28.2582],[129.1521,28.2581],[129.152,28.2581],[129.152,28.2582]]],[[[129.1485,28.2585],[129.1486,28.2585],[129.1486,28.2585],[129.1485,28.2585]]],[[[129.1498,28.2595],[129.1499,28.2593],[129.1498,28.2594],[129.1498,28.2595]]],[[[129.1803,28.2699],[129.1805,28.2698],[129.1804,28.2698],[129.1803,28.2699]]],[[[129.1747,28.2704],[129.1749,28.2707],[129.1749,28.2704],[129.1747,28.2704]]],[[[129.1777,28.2705],[129.1768,28.2711],[129.1778,28.2706],[129.1777,28.2705]]],[[[129.1828,28.2708],[129.1829,28.2708],[129.1829,28.2708],[129.1828,28.2708]]],[[[129.1826,28.271],[129.1827,28.2709],[129.1826,28.2709],[129.1826,28.271]]],[[[129.177,28.2714],[129.177,28.2714],[129.1769,28.2714],[129.177,28.2714]]],[[[129.1764,28.2861],[129.1764,28.2862],[129.1764,28.2862],[129.1764,28.2861]]],[[[129.1828,28.2928],[129.1828,28.293],[129.1829,28.2929],[129.1828,28.2928]]],[[[129.1797,28.3005],[129.1795,28.301],[129.1801,28.3006],[129.1797,28.3005]]],[[[129.179,28.3008],[129.1788,28.3012],[129.1789,28.3012],[129.179,28.3008]]],[[[129.1786,28.3012],[129.1786,28.3015],[129.1788,28.3014],[129.1786,28.3012]]],[[[129.1783,28.3015],[129.1783,28.3018],[129.1784,28.3018],[129.1783,28.3015]]],[[[129.1777,28.3019],[129.1779,28.302],[129.1779,28.3018],[129.1777,28.3019]]],[[[129.1772,28.3021],[129.1769,28.3026],[129.1776,28.3024],[129.1772,28.3021]]],[[[129.2029,28.259],[129.2029,28.2588],[129.2028,28.2588],[129.2029,28.259]]],[[[129.1852,28.2631],[129.1856,28.2631],[129.1855,28.263],[129.1852,28.2631]]],[[[129.1849,28.2633],[129.1844,28.2636],[129.1849,28.2633],[129.1849,28.2633]]],[[[129.1964,28.265],[129.1964,28.2651],[129.1964,28.2651],[129.1964,28.265]]],[[[129.1831,28.2705],[129.1831,28.2704],[129.1831,28.2704],[129.1831,28.2705]]],[[[129.2145,28.2707],[129.2143,28.2712],[129.2145,28.2712],[129.2145,28.2707]]],[[[129.1827,28.2712],[129.1845,28.2712],[129.1838,28.2702],[129.1827,28.2712]]],[[[129.1847,28.2714],[129.1847,28.2717],[129.1848,28.2715],[129.1847,28.2714]]],[[[129.1843,28.2717],[129.1844,28.2717],[129.1844,28.2716],[129.1843,28.2717]]],[[[129.1938,28.2837],[129.1939,28.2838],[129.194,28.2838],[129.1938,28.2837]]],[[[129.1844,28.3057],[129.1871,28.3067],[129.1901,28.3026],[129.1921,28.3026],[129.1926,28.3042],[129.1929,28.3025],[129.1938,28.3031],[129.1945,28.3019],[129.1976,28.3017],[129.1988,28.3002],[129.2019,28.3001],[129.2039,28.3024],[129.2077,28.2993],[129.2125,28.2983],[129.212,28.2972],[129.2169,28.2938],[129.219,28.2898],[129.2189,28.2877],[129.2217,28.2838],[129.2126,28.2862],[129.2091,28.2846],[129.2086,28.2829],[129.2071,28.2823],[129.1999,28.2864],[129.1946,28.2853],[129.1942,28.2839],[129.1924,28.2846],[129.1921,28.286],[129.1894,28.2863],[129.1902,28.288],[129.189,28.291],[129.1828,28.2931],[129.1792,28.2955],[129.1796,28.2966],[129.1784,28.2976],[129.1833,28.3016],[129.1826,28.3027],[129.1835,28.3026],[129.1841,28.3072],[129.1844,28.3057]]],[[[129.2175,28.2946],[129.2173,28.2953],[129.2175,28.2953],[129.2175,28.2946]]],[[[129.211,28.299],[129.2111,28.2991],[129.211,28.299],[129.211,28.299]]],[[[129.2079,28.3021],[129.2081,28.3022],[129.2081,28.302],[129.2079,28.3021]]],[[[129.1957,28.3031],[129.1959,28.3031],[129.1959,28.303],[129.1957,28.3031]]],[[[129.1948,28.3034],[129.1948,28.3037],[129.1949,28.3036],[129.1948,28.3034]]],[[[129.1985,28.305],[129.199,28.3043],[129.199,28.3041],[129.1985,28.305]]],[[[129.2144,28.3052],[129.2139,28.3055],[129.2141,28.306],[129.2144,28.3052]]],[[[129.1832,28.3056],[129.1832,28.306],[129.1834,28.3057],[129.1832,28.3056]]],[[[129.1846,28.3059],[129.1847,28.3061],[129.1847,28.3058],[129.1846,28.3059]]],[[[129.2132,28.3059],[129.2133,28.3061],[129.2134,28.3059],[129.2132,28.3059]]],[[[129.1866,28.3067],[129.1867,28.3069],[129.1867,28.3069],[129.1866,28.3067]]],[[[129.2203,28.3081],[129.2204,28.3081],[129.2204,28.3081],[129.2203,28.3081]]],[[[129.224,28.3104],[129.2241,28.3107],[129.2241,28.3104],[129.224,28.3104]]],[[[129.2604,28.3233],[129.2652,28.3179],[129.2656,28.3151],[129.2641,28.3139],[129.2618,28.3138],[129.26,28.3102],[129.2627,28.3101],[129.2641,28.3063],[129.2705,28.3082],[129.2715,28.3069],[129.2752,28.3075],[129.2787,28.3059],[129.2808,28.3069],[129.2829,28.3051],[129.2881,28.3041],[129.2897,28.3056],[129.2972,28.3062],[129.3033,28.3102],[129.3071,28.3092],[129.3116,28.301],[129.3137,28.3003],[129.3174,28.2961],[129.331,28.2964],[129.3349,28.2955],[129.3352,28.2944],[129.3377,28.295],[129.3402,28.294],[129.3423,28.2953],[129.3436,28.2932],[129.3453,28.293],[129.3482,28.2905],[129.3498,28.2862],[129.3539,28.2832],[129.3596,28.2847],[129.3633,28.284],[129.3661,28.2788],[129.3682,28.2784],[129.3691,28.2768],[129.3731,28.276],[129.3796,28.2705],[129.3771,28.2705],[129.3755,28.2687],[129.3736,28.2688],[129.3686,28.2662],[129.3666,28.2664],[129.3628,28.262],[129.3591,28.2614],[129.3589,28.2597],[129.3542,28.2613],[129.3574,28.2584],[129.3568,28.2565],[129.3532,28.255],[129.3495,28.2513],[129.3481,28.2434],[129.3468,28.2428],[129.3456,28.2397],[129.3439,28.2383],[129.3432,28.2394],[129.3366,28.2398],[129.3349,28.2374],[129.3338,28.2379],[129.3271,28.2334],[129.3204,28.2387],[129.3155,28.2358],[129.3144,28.2338],[129.3103,28.2332],[129.3047,28.2406],[129.2985,28.2409],[129.295,28.2394],[129.292,28.2407],[129.2852,28.2495],[129.2791,28.2484],[129.2768,28.249],[129.2737,28.2473],[129.2707,28.2471],[129.2698,28.2457],[129.2661,28.245],[129.2595,28.2453],[129.246,28.2371],[129.2322,28.2346],[129.2266,28.242],[129.2203,28.2397],[129.2117,28.2397],[129.2104,28.2384],[129.2063,28.2379],[129.2013,28.2427],[129.1945,28.2413],[129.1891,28.2416],[129.1873,28.2439],[129.1875,28.2462],[129.1829,28.2503],[129.1766,28.2514],[129.1709,28.2495],[129.1652,28.2502],[129.1632,28.2491],[129.1571,28.2519],[129.1515,28.2504],[129.1486,28.2516],[129.1456,28.2548],[129.1399,28.2542],[129.1349,28.2552],[129.1355,28.2562],[129.1405,28.2561],[129.1409,28.2562],[129.1417,28.2574],[129.1454,28.258],[129.1541,28.2564],[129.1583,28.2568],[129.1602,28.2552],[129.1647,28.2554],[129.1667,28.2572],[129.1679,28.2627],[129.1699,28.2639],[129.1693,28.2652],[129.1707,28.264],[129.1721,28.2645],[129.1764,28.2674],[129.1778,28.2703],[129.1798,28.2692],[129.1806,28.2695],[129.1807,28.2709],[129.1833,28.2699],[129.1825,28.2685],[129.1839,28.2635],[129.1861,28.2626],[129.1887,28.2624],[129.1918,28.2638],[129.1952,28.2618],[129.1994,28.2622],[129.2019,28.2589],[129.2021,28.256],[129.2028,28.2562],[129.2052,28.2553],[129.2021,28.2559],[129.2035,28.2547],[129.2085,28.254],[129.2096,28.2525],[129.2121,28.2526],[129.2131,28.2559],[129.2144,28.256],[129.2156,28.2586],[129.2138,28.2628],[129.215,28.266],[129.2136,28.2668],[129.2137,28.2705],[129.219,28.2684],[129.2217,28.2701],[129.2206,28.2706],[129.2235,28.2707],[129.227,28.2736],[129.2295,28.2725],[129.2316,28.273],[129.236,28.2697],[129.2358,28.2635],[129.2413,28.2673],[129.2452,28.2658],[129.2481,28.2625],[129.2447,28.2595],[129.246,28.2555],[129.2483,28.2547],[129.2466,28.2531],[129.2482,28.2531],[129.2482,28.2542],[129.2483,28.2529],[129.2509,28.2527],[129.2519,28.2544],[129.2493,28.2565],[129.2495,28.2578],[129.2527,28.258],[129.2531,28.259],[129.2516,28.2602],[129.2541,28.2616],[129.2537,28.2632],[129.2552,28.2654],[129.2586,28.265],[129.2622,28.2611],[129.2638,28.2633],[129.2644,28.2672],[129.2665,28.2664],[129.2695,28.2671],[129.2715,28.2621],[129.2742,28.2614],[129.2765,28.2681],[129.2753,28.273],[129.2772,28.2724],[129.2783,28.2731],[129.2786,28.2764],[129.2814,28.2757],[129.2831,28.2769],[129.2849,28.2762],[129.2887,28.2776],[129.2954,28.273],[129.2958,28.2735],[129.2947,28.2742],[129.2946,28.275],[129.2952,28.276],[129.2948,28.2746],[129.2951,28.2741],[129.2959,28.2736],[129.2966,28.2781],[129.2952,28.2763],[129.2963,28.2785],[129.2948,28.2776],[129.2954,28.2788],[129.2934,28.2802],[129.2938,28.2844],[129.2908,28.285],[129.2901,28.2832],[129.2879,28.2844],[129.2853,28.283],[129.2746,28.2838],[129.2732,28.2827],[129.2684,28.2865],[129.2698,28.2865],[129.2686,28.2868],[129.2679,28.2884],[129.2656,28.2882],[129.2641,28.287],[129.2646,28.2846],[129.2629,28.2835],[129.2641,28.2805],[129.2661,28.2789],[129.2644,28.2777],[129.2653,28.2766],[129.2647,28.274],[129.2604,28.2753],[129.2597,28.2724],[129.2563,28.2745],[129.2501,28.2749],[129.2493,28.2739],[129.2486,28.2788],[129.2423,28.2799],[129.2436,28.2848],[129.2427,28.2855],[129.2408,28.2843],[129.2387,28.2849],[129.2348,28.2819],[129.2332,28.2836],[129.233,28.2864],[129.2308,28.2867],[129.2264,28.2904],[129.227,28.2914],[129.2286,28.2911],[129.2277,28.2927],[129.2296,28.2943],[129.2286,28.2954],[129.2271,28.2961],[129.2259,28.2947],[129.2267,28.2944],[129.2246,28.2947],[129.2236,28.2931],[129.221,28.2937],[129.221,28.2952],[129.2139,28.3009],[129.2108,28.3062],[129.2117,28.3069],[129.2142,28.3042],[129.215,28.3046],[129.2148,28.3034],[129.2164,28.3032],[129.2198,28.3053],[129.2207,28.3074],[129.2234,28.3064],[129.2245,28.3089],[129.2258,28.3083],[129.2289,28.3103],[129.2311,28.3078],[129.2325,28.3088],[129.2345,28.3077],[129.2394,28.3108],[129.2409,28.3148],[129.2459,28.313],[129.2475,28.3136],[129.2474,28.3149],[129.2508,28.3154],[129.2541,28.3183],[129.2571,28.3178],[129.2594,28.3205],[129.2589,28.3217],[129.2601,28.3222],[129.259,28.3234],[129.2604,28.3233]]],[[[129.2312,28.3081],[129.2312,28.3081],[129.2312,28.3081],[129.2312,28.3081]]],[[[129.2356,28.3087],[129.2357,28.3086],[129.2356,28.3086],[129.2356,28.3087]]],[[[129.2348,28.3085],[129.2349,28.3089],[129.2351,28.3087],[129.2348,28.3085]]],[[[129.2328,28.3089],[129.2329,28.3089],[129.2328,28.3089],[129.2328,28.3089]]],[[[129.2247,28.309],[129.2248,28.3091],[129.2248,28.309],[129.2247,28.309]]],[[[129.2244,28.3091],[129.2245,28.3093],[129.2244,28.3091],[129.2244,28.3091]]],[[[129.2354,28.3093],[129.2355,28.3093],[129.2355,28.3092],[129.2354,28.3093]]],[[[129.2248,28.3094],[129.2249,28.3094],[129.2248,28.3093],[129.2248,28.3094]]],[[[129.2247,28.3096],[129.2248,28.3095],[129.2248,28.3095],[129.2247,28.3096]]],[[[129.225,28.3095],[129.225,28.3098],[129.2251,28.3098],[129.225,28.3095]]],[[[129.2356,28.31],[129.2356,28.3102],[129.2356,28.31],[129.2356,28.31]]],[[[129.2278,28.3106],[129.2278,28.3105],[129.2277,28.3105],[129.2278,28.3106]]],[[[129.2279,28.3111],[129.228,28.3109],[129.2279,28.3109],[129.2279,28.3111]]],[[[129.2383,28.3116],[129.2384,28.3121],[129.2386,28.3117],[129.2383,28.3116]]],[[[129.2399,28.3133],[129.2399,28.3132],[129.2398,28.3132],[129.2399,28.3133]]],[[[129.245,28.3135],[129.2451,28.3136],[129.245,28.3135],[129.245,28.3135]]],[[[129.2466,28.3136],[129.2467,28.3136],[129.2466,28.3136],[129.2466,28.3136]]],[[[129.2424,28.3145],[129.2425,28.3146],[129.2424,28.3145],[129.2424,28.3145]]],[[[129.241,28.3151],[129.241,28.3153],[129.2412,28.3151],[129.241,28.3151]]],[[[129.2496,28.3154],[129.2495,28.3155],[129.2496,28.3154],[129.2496,28.3154]]],[[[129.2508,28.3163],[129.2507,28.3162],[129.2507,28.3163],[129.2508,28.3163]]],[[[129.2533,28.3182],[129.2533,28.3183],[129.2534,28.3182],[129.2533,28.3182]]]]}},{"type":"Feature","properties":{"code":"46525","name":"瀬戸内町","pref_code":"46","pref":"鹿児島県"},"geometry":{"type":"MultiPolygon","coordinates":[[[[129.1451,28.0106],[129.1448,28.0103],[129.1448,28.0106],[129.1451,28.0106]]],[[[129.1447,28.011],[129.1449,28.0109],[129.1447,28.0107],[129.1447,28.011]]],[[[129.1443,28.0111],[129.1439,28.0107],[129.1439,28.0109],[129.1443,28.0111]]],[[[129.1455,28.0124],[129.145,28.0122],[129.1451,28.0124],[129.1455,28.0124]]],[[[129.147,28.0134],[129.1464,28.0123],[129.146,28.0125],[129.147,28.0134]]],[[[129.1476,28.0134],[129.1474,28.0134],[129.1474,28.0135],[129.1476,28.0134]]],[[[129.1482,28.0136],[129.1482,28.0135],[129.1481,28.0135],[129.1482,28.0136]]],[[[129.1491,28.0137],[129.1492,28.0136],[129.1491,28.0136],[129.1491,28.0137]]],[[[129.1517,28.0148],[129.1517,28.0149],[129.1517,28.0149],[129.1517,28.0148]]],[[[129.1516,28.0149],[129.1515,28.0148],[129.1515,28.0149],[129.1516,28.0149]]],[[[129.1519,28.0151],[129.1521,28.0151],[129.1521,28.015],[129.1519,28.0151]]],[[[129.1519,28.0157],[129.1519,28.0155],[129.1517,28.0157],[129.1519,28.0157]]],[[[129.1597,28.0157],[129.1594,28.016],[129.1598,28.0158],[129.1597,28.0157]]],[[[129.1571,28.017],[129.157,28.0169],[129.157,28.017],[129.1571,28.017]]],[[[129.1567,28.0172],[129.1566,28.0172],[129.1566,28.0173],[129.1567,28.0172]]],[[[129.1558,28.0174],[129.1558,28.0172],[129.1558,28.0172],[129.1558,28.0174]]],[[[129.1578,28.0174],[129.1578,28.0173],[129.1578,28.0174],[129.1578,28.0174]]],[[[129.1555,28.0173],[129.1554,28.0173],[129.1555,28.0175],[129.1555,28.0173]]],[[[129.1418,28.0221],[129.1418,28.0223],[129.1419,28.0223],[129.1418,28.0221]]],[[[129.1446,28.0256],[129.1448,28.0255],[129.1446,28.0255],[129.1446,28.0256]]],[[[129.1444,28.0287],[129.1445,28.0286],[129.1442,28.028],[129.1444,28.0287]]],[[[129.1464,28.0303],[129.1466,28.0302],[129.1466,28.0301],[129.1464,28.0303]]],[[[129.1658,28.0318],[129.1657,28.0318],[129.1658,28.0319],[129.1658,28.0318]]],[[[129.1458,28.0324],[129.1457,28.0324],[129.1458,28.0326],[129.1458,28.0324]]],[[[129.1472,28.0354],[129.1471,28.0355],[129.1472,28.0355],[129.1472,28.0354]]],[[[129.1638,28.0243],[129.1651,28.0238],[129.1655,28.0213],[129.1613,28.02],[129.1591,28.0173],[129.1531,28.0185],[129.1524,28.0159],[129.1516,28.0161],[129.1506,28.014],[129.1479,28.0138],[129.1472,28.0165],[129.1454,28.0166],[129.1457,28.0193],[129.1443,28.019],[129.1452,28.0211],[129.1438,28.023],[129.1451,28.0253],[129.1447,28.0283],[129.1471,28.0303],[129.1462,28.0328],[129.145,28.0338],[129.147,28.0347],[129.1474,28.0356],[129.1471,28.0361],[129.1492,28.0361],[129.15,28.0388],[129.1498,28.0407],[129.1478,28.0429],[129.1503,28.0434],[129.1508,28.0464],[129.1481,28.0497],[129.1534,28.0499],[129.1555,28.0522],[129.1568,28.0521],[129.1584,28.0558],[129.1568,28.058],[129.1582,28.06],[129.1617,28.0597],[129.1636,28.0611],[129.1651,28.0638],[129.1644,28.0658],[129.1661,28.0679],[129.1685,28.0679],[129.169,28.0685],[129.1717,28.0687],[129.1722,28.0694],[129.1731,28.0656],[129.17,28.0626],[129.1699,28.0597],[129.1708,28.0579],[129.173,28.0571],[129.1747,28.0522],[129.1789,28.0486],[129.1759,28.0475],[129.1716,28.0486],[129.1661,28.0462],[129.1675,28.0455],[129.1655,28.0449],[129.1656,28.0417],[129.1683,28.0406],[129.1701,28.0372],[129.1689,28.0348],[129.167,28.0346],[129.1642,28.0292],[129.1638,28.0243]]],[[[129.1525,28.0504],[129.1525,28.0503],[129.1525,28.0505],[129.1525,28.0504]]],[[[129.1585,28.0601],[129.1587,28.06],[129.1584,28.06],[129.1585,28.0601]]],[[[129.1579,28.0607],[129.1582,28.0609],[129.1586,28.0605],[129.1579,28.0607]]],[[[129.1569,28.0609],[129.1568,28.0612],[129.1571,28.0609],[129.1569,28.0609]]],[[[129.1574,28.0616],[129.1579,28.061],[129.1572,28.0609],[129.1574,28.0616]]],[[[129.1642,28.0655],[129.1642,28.0656],[129.1642,28.0656],[129.1642,28.0655]]],[[[129.164,28.0659],[129.1641,28.0658],[129.1639,28.0659],[129.164,28.0659]]],[[[129.1644,28.1151],[129.1646,28.115],[129.1646,28.115],[129.1644,28.1151]]],[[[129.1649,28.1154],[129.1647,28.1153],[129.1646,28.1154],[129.1649,28.1154]]],[[[129.161,28.123],[129.1613,28.1232],[129.1614,28.123],[129.161,28.123]]],[[[129.1647,28.1236],[129.1649,28.1237],[129.1649,28.1236],[129.1647,28.1236]]],[[[129.1441,28.1249],[129.144,28.1248],[129.144,28.125],[129.1441,28.1249]]],[[[129.1307,28.1251],[129.1308,28.125],[129.1307,28.125],[129.1307,28.1251]]],[[[129.1443,28.1252],[129.1444,28.1251],[129.1443,28.1251],[129.1443,28.1252]]],[[[129.1313,28.1253],[129.1312,28.1253],[129.1312,28.1254],[129.1313,28.1253]]],[[[129.1464,28.1256],[129.1464,28.1254],[129.1463,28.1255],[129.1464,28.1256]]],[[[129.1464,28.1258],[129.1466,28.1257],[129.1464,28.1257],[129.1464,28.1258]]],[[[129.1475,28.1319],[129.1489,28.1317],[129.1498,28.133],[129.1498,28.1308],[129.1508,28.128],[129.1481,28.127],[129.1468,28.129],[129.1475,28.1319]]],[[[129.1469,28.1321],[129.1472,28.132],[129.1471,28.1319],[129.1469,28.1321]]],[[[129.1465,28.1325],[129.1465,28.1322],[129.1463,28.1324],[129.1465,28.1325]]],[[[129.1453,28.1328],[129.1454,28.1328],[129.1456,28.1323],[129.1453,28.1328]]],[[[129.1505,28.1328],[129.1504,28.1328],[129.1504,28.1328],[129.1505,28.1328]]],[[[129.1495,28.1331],[129.1495,28.133],[129.1495,28.1331],[129.1495,28.1331]]],[[[129.1503,28.1333],[129.1505,28.1333],[129.1505,28.1332],[129.1503,28.1333]]],[[[129.1448,28.1341],[129.1449,28.134],[129.1447,28.134],[129.1448,28.1341]]],[[[129.145,28.1343],[129.1449,28.1342],[129.1448,28.1343],[129.145,28.1343]]],[[[129.1447,28.1347],[129.1448,28.1346],[129.1448,28.1346],[129.1447,28.1347]]],[[[129.1447,28.1352],[129.1447,28.135],[129.1447,28.1351],[129.1447,28.1352]]],[[[129.1445,28.1352],[129.1444,28.1353],[129.1445,28.1354],[129.1445,28.1352]]],[[[129.1362,28.1402],[129.136,28.1403],[129.1363,28.1403],[129.1362,28.1402]]],[[[129.1627,28.1891],[129.1634,28.1892],[129.1627,28.1886],[129.1627,28.1891]]],[[[129.1619,28.1884],[129.1608,28.1886],[129.1616,28.1894],[129.1619,28.1884]]],[[[129.1639,28.1898],[129.1639,28.1897],[129.1638,28.1897],[129.1639,28.1898]]],[[[129.1622,28.1903],[129.1634,28.1895],[129.1624,28.1894],[129.1622,28.1903]]],[[[129.1653,28.1912],[129.1651,28.1911],[129.1651,28.1912],[129.1653,28.1912]]],[[[129.1659,28.1913],[129.1656,28.191],[129.1655,28.1913],[129.1659,28.1913]]],[[[129.1483,28.1975],[129.1484,28.1977],[129.1485,28.1975],[129.1483,28.1975]]],[[[129.1502,28.205],[129.1501,28.2049],[129.1501,28.205],[129.1502,28.205]]],[[[129.1508,28.2053],[129.1522,28.2047],[129.1502,28.2047],[129.1508,28.2053]]],[[[129.1626,28.2297],[129.1629,28.2283],[129.1621,28.228],[129.1626,28.2297]]],[[[129.1625,28.23],[129.1629,28.2323],[129.1632,28.2313],[129.1625,28.23]]],[[[129.162,28.233],[129.1619,28.233],[129.162,28.2331],[129.162,28.233]]],[[[129.1615,28.2333],[129.1614,28.2332],[129.1614,28.2333],[129.1615,28.2333]]],[[[129.162,28.2333],[129.1618,28.2331],[129.1613,28.2342],[129.162,28.2333]]],[[[129.1516,28.2362],[129.1514,28.2363],[129.1517,28.2365],[129.1516,28.2362]]],[[[129.1541,28.2372],[129.1542,28.2371],[129.1541,28.2369],[129.1541,28.2372]]],[[[129.1498,28.2431],[129.15,28.2431],[129.1498,28.2431],[129.1498,28.2431]]],[[[129.1447,28.2452],[129.1448,28.2453],[129.1448,28.2453],[129.1447,28.2452]]],[[[129.1446,28.2457],[129.1444,28.2456],[129.1444,28.2458],[129.1446,28.2457]]],[[[129.1436,28.2487],[129.1436,28.2487],[129.1437,28.2486],[129.1436,28.2487]]],[[[129.1408,28.2516],[129.1407,28.2516],[129.1407,28.2517],[129.1408,28.2516]]],[[[129.1427,28.2518],[129.1421,28.2515],[129.1421,28.2517],[129.1427,28.2518]]],[[[129.1385,28.2517],[129.1384,28.2517],[129.1384,28.2517],[129.1385,28.2517]]],[[[129.1385,28.2519],[129.1385,28.2518],[129.1384,28.2519],[129.1385,28.2519]]],[[[129.141,28.2517],[129.1407,28.2519],[129.141,28.2521],[129.141,28.2517]]],[[[129.1379,28.2523],[129.1379,28.2523],[129.1379,28.2523],[129.138,28.2523],[129.1379,28.2523]]],[[[129.167,28.0341],[129.1672,28.0339],[129.1671,28.0339],[129.167,28.0341]]],[[[129.1711,28.0369],[129.171,28.037],[129.1711,28.0371],[129.1711,28.0369]]],[[[129.2038,28.038],[129.2037,28.0379],[129.2038,28.038],[129.2038,28.038]]],[[[129.2006,28.0381],[129.2008,28.0379],[129.2007,28.0378],[129.2006,28.0381]]],[[[129.2018,28.0382],[129.2017,28.0383],[129.2018,28.0384],[129.2018,28.0382]]],[[[129.2038,28.0383],[129.2038,28.0385],[129.204,28.0384],[129.2038,28.0383]]],[[[129.203,28.0385],[129.203,28.0384],[129.2029,28.0384],[129.203,28.0385]]],[[[129.2034,28.0388],[129.2033,28.0388],[129.2033,28.0389],[129.2034,28.0388]]],[[[129.2024,28.0392],[129.2025,28.0391],[129.2024,28.0391],[129.2024,28.0392]]],[[[129.1669,28.0414],[129.1668,28.0414],[129.1668,28.0415],[129.1669,28.0414]]],[[[129.1669,28.0417],[129.1668,28.0418],[129.1669,28.0419],[129.1669,28.0417]]],[[[129.1956,28.0429],[129.1955,28.0428],[129.1954,28.0429],[129.1956,28.0429]]],[[[129.1958,28.0432],[129.1958,28.0432],[129.1957,28.0433],[129.1958,28.0432]]],[[[129.1666,28.0437],[129.1666,28.0432],[129.1665,28.0432],[129.1666,28.0437]]],[[[129.1959,28.0435],[129.1957,28.0438],[129.196,28.0436],[129.1959,28.0435]]],[[[129.1831,28.0441],[129.1829,28.0442],[129.183,28.0443],[129.1831,28.0441]]],[[[129.1668,28.0439],[129.1669,28.0449],[129.167,28.0449],[129.1668,28.0439]]],[[[129.1833,28.0445],[129.1831,28.0444],[129.1831,28.0445],[129.1833,28.0445]]],[[[129.1934,28.0453],[129.1932,28.0454],[129.1933,28.0454],[129.1934,28.0453]]],[[[129.1933,28.0458],[129.1932,28.0456],[129.1932,28.0458],[129.1933,28.0458]]],[[[129.1931,28.0459],[129.1931,28.0458],[129.1931,28.0458],[129.1931,28.0459]]],[[[129.1845,28.044],[129.19,28.0478],[129.1909,28.0463],[129.1884,28.0444],[129.1845,28.044]]],[[[129.1931,28.0463],[129.193,28.0462],[129.193,28.0463],[129.1931,28.0463]]],[[[129.1917,28.0465],[129.1916,28.0464],[129.1915,28.0465],[129.1917,28.0465]]],[[[129.196,28.0466],[129.1962,28.0467],[129.1963,28.0464],[129.196,28.0466]]],[[[129.1929,28.0467],[129.193,28.0467],[129.193,28.0465],[129.1929,28.0467]]],[[[129.1937,28.0468],[129.1936,28.0467],[129.1936,28.0468],[129.1937,28.0468]]],[[[129.1923,28.0467],[129.1921,28.0467],[129.1921,28.0468],[129.1923,28.0467]]],[[[129.1946,28.0472],[129.1947,28.0471],[129.1945,28.0471],[129.1946,28.0472]]],[[[129.1949,28.0473],[129.195,28.0472],[129.1949,28.0473],[129.1949,28.0473]]],[[[129.1951,28.0481],[129.195,28.0481],[129.195,28.0482],[129.1951,28.0481]]],[[[129.197,28.05],[129.197,28.0499],[129.1969,28.05],[129.197,28.05]]],[[[129.1987,28.0506],[129.1987,28.0504],[129.1986,28.0505],[129.1987,28.0506]]],[[[129.1977,28.0512],[129.1977,28.0511],[129.1974,28.0511],[129.1977,28.0512]]],[[[129.1712,28.0579],[129.1711,28.0579],[129.1712,28.058],[129.1712,28.0579]]],[[[129.1701,28.0608],[129.17,28.0608],[129.17,28.0609],[129.1701,28.0608]]],[[[129.166,28.068],[129.166,28.0679],[129.1659,28.0679],[129.166,28.068]]],[[[129.1658,28.0683],[129.1659,28.0682],[129.1658,28.0682],[129.1658,28.0683]]],[[[129.1729,28.0689],[129.1728,28.0689],[129.1728,28.0689],[129.1729,28.0689]]],[[[129.1727,28.069],[129.1727,28.0689],[129.1726,28.069],[129.1727,28.069]]],[[[129.1719,28.069],[129.1718,28.069],[129.1719,28.0691],[129.1719,28.069]]],[[[129.1738,28.1063],[129.1735,28.1065],[129.1739,28.1068],[129.1738,28.1063]]],[[[129.1732,28.1086],[129.1733,28.1089],[129.1733,28.1086],[129.1732,28.1086]]],[[[129.1763,28.1145],[129.1763,28.1144],[129.1762,28.1145],[129.1763,28.1145]]],[[[129.1752,28.1156],[129.175,28.1156],[129.1751,28.1157],[129.1752,28.1156]]],[[[129.1755,28.1159],[129.1755,28.1158],[129.1755,28.1159],[129.1755,28.1159]]],[[[129.175,28.1159],[129.1751,28.1159],[129.175,28.1159],[129.175,28.1159]]],[[[129.173,28.1166],[129.1756,28.1152],[129.1768,28.1101],[129.1736,28.1093],[129.1724,28.1105],[129.1722,28.1137],[129.1687,28.1163],[129.167,28.1168],[129.1639,28.1153],[129.1619,28.1164],[129.1621,28.1184],[129.1594,28.121],[129.1619,28.123],[129.1642,28.1234],[129.1676,28.1206],[129.1705,28.1203],[129.173,28.1166]]],[[[129.1713,28.12],[129.1713,28.1199],[129.1713,28.12],[129.1713,28.12]]],[[[129.1688,28.1217],[129.1688,28.1216],[129.1688,28.1217],[129.1688,28.1217]]],[[[129.1985,28.1448],[129.1984,28.1448],[129.1984,28.1449],[129.1985,28.1448]]],[[[129.1946,28.1453],[129.1946,28.1456],[129.1947,28.1453],[129.1946,28.1453]]],[[[129.1789,28.1506],[129.1791,28.1508],[129.1791,28.1507],[129.1789,28.1506]]],[[[129.1924,28.1543],[129.1924,28.1544],[129.1925,28.1544],[129.1924,28.1543]]],[[[129.1923,28.1546],[129.1923,28.1545],[129.1922,28.1546],[129.1923,28.1546]]],[[[129.188,28.1565],[129.188,28.1564],[129.1879,28.1565],[129.188,28.1565]]],[[[129.1871,28.1574],[129.1871,28.1576],[129.1871,28.1576],[129.1871,28.1574]]],[[[129.1845,28.1585],[129.1844,28.1585],[129.1844,28.1586],[129.1845,28.1585]]],[[[129.1856,28.1593],[129.1855,28.1593],[129.1856,28.1593],[129.1856,28.1593]]],[[[129.1852,28.1716],[129.1852,28.1717],[129.1853,28.1717],[129.1852,28.1716]]],[[[129.1829,28.1748],[129.1828,28.175],[129.1829,28.175],[129.1829,28.1748]]],[[[129.1777,28.1804],[129.1776,28.1805],[129.1777,28.1804],[129.1777,28.1804]]],[[[129.1763,28.1828],[129.1763,28.1829],[129.1763,28.1829],[129.1763,28.1828]]],[[[129.1756,28.1868],[129.1756,28.1868],[129.1755,28.1868],[129.1756,28.1868]]],[[[129.1758,28.187],[129.1759,28.187],[129.1759,28.187],[129.1758,28.187]]],[[[129.1743,28.1878],[129.1745,28.1874],[129.1742,28.1873],[129.1743,28.1878]]],[[[129.1769,28.1891],[129.1769,28.1892],[129.177,28.1891],[129.1769,28.1891]]],[[[129.1708,28.1909],[129.1706,28.1908],[129.1704,28.1912],[129.1708,28.1909]]],[[[129.1815,28.1912],[129.1816,28.1911],[129.1816,28.1911],[129.1815,28.1912]]],[[[129.1661,28.1916],[129.1661,28.1915],[129.1661,28.1915],[129.1661,28.1916]]],[[[129.1702,28.1918],[129.1702,28.1918],[129.1702,28.1917],[129.1702,28.1918]]],[[[129.1703,28.1921],[129.1702,28.192],[129.1703,28.1921],[129.1703,28.1921]]],[[[129.1924,28.1935],[129.1923,28.1935],[129.1923,28.1935],[129.1924,28.1935]]],[[[129.1676,28.1956],[129.1688,28.1966],[129.1683,28.1976],[129.1705,28.1984],[129.1728,28.1969],[129.1728,28.1952],[129.1706,28.1939],[129.1699,28.1913],[129.166,28.192],[129.1645,28.1934],[129.1656,28.1961],[129.1676,28.1956]]],[[[129.1685,28.1978],[129.1685,28.1979],[129.1686,28.1978],[129.1685,28.1978]]],[[[129.1709,28.1989],[129.1704,28.1987],[129.1702,28.1987],[129.1709,28.1989]]],[[[129.1704,28.2012],[129.1707,28.2006],[129.1702,28.2004],[129.1704,28.2012]]],[[[129.2038,28.2206],[129.2038,28.2206],[129.2038,28.2206],[129.2038,28.2206]]],[[[129.2012,28.223],[129.2012,28.223],[129.2012,28.223],[129.2012,28.223]]],[[[129.1767,28.224],[129.1772,28.2244],[129.1773,28.2242],[129.1767,28.224]]],[[[129.1743,28.2324],[129.1741,28.2326],[129.1746,28.2327],[129.1743,28.2324]]],[[[129.1709,28.2388],[129.1709,28.2389],[129.1711,28.2388],[129.1709,28.2388]]],[[[129.2354,28.0112],[129.2356,28.0114],[129.2356,28.0112],[129.2354,28.0112]]],[[[129.2357,28.0121],[129.2362,28.0114],[129.2354,28.0117],[129.2357,28.0121]]],[[[129.236,28.0123],[129.2362,28.0123],[129.2361,28.0122],[129.236,28.0123]]],[[[129.2363,28.0127],[129.2365,28.0126],[129.2365,28.0126],[129.2363,28.0127]]],[[[129.2364,28.0129],[129.2363,28.013],[129.2364,28.013],[129.2364,28.0129]]],[[[129.2363,28.0131],[129.2363,28.0132],[129.2364,28.0132],[129.2363,28.0131]]],[[[129.2378,28.0142],[129.2369,28.0129],[129.2365,28.0145],[129.2376,28.0151],[129.2378,28.0142]]],[[[129.239,28.0171],[129.239,28.0169],[129.2389,28.0169],[129.239,28.0171]]],[[[129.2394,28.0179],[129.2393,28.0179],[129.2393,28.018],[129.2394,28.0179]]],[[[129.2402,28.0181],[129.2401,28.018],[129.2402,28.0181],[129.2402,28.0181]]],[[[129.2413,28.0185],[129.2412,28.0184],[129.2412,28.0185],[129.2413,28.0185]]],[[[129.2403,28.0184],[129.2403,28.0185],[129.2404,28.0185],[129.2403,28.0184]]],[[[129.2157,28.0207],[129.2158,28.0206],[129.2157,28.0207],[129.2157,28.0207]]],[[[129.2127,28.021],[129.213,28.021],[129.2128,28.0209],[129.2127,28.021]]],[[[129.2166,28.0216],[129.2165,28.0215],[129.2165,28.0216],[129.2166,28.0216]]],[[[129.2121,28.0218],[129.2119,28.0224],[129.2122,28.0219],[129.2121,28.0218]]],[[[129.2123,28.0223],[129.2125,28.0224],[129.2124,28.0222],[129.2123,28.0223]]],[[[129.2183,28.0229],[129.2183,28.0229],[129.2183,28.023],[129.2183,28.0229]]],[[[129.2191,28.0239],[129.2192,28.0238],[129.2191,28.0237],[129.2191,28.0239]]],[[[129.2316,28.024],[129.2315,28.0239],[129.2315,28.024],[129.2316,28.024]]],[[[129.2195,28.0243],[129.2194,28.0243],[129.2194,28.0243],[129.2195,28.0243]]],[[[129.21,28.0283],[129.2099,28.0283],[129.2099,28.0285],[129.21,28.0283]]],[[[129.2516,28.0409],[129.2523,28.0399],[129.2515,28.0375],[129.2534,28.037],[129.2528,28.0356],[129.2542,28.0341],[129.2526,28.0318],[129.2545,28.031],[129.2549,28.0321],[129.255,28.0318],[129.2543,28.0304],[129.2569,28.0298],[129.2571,28.031],[129.2594,28.0315],[129.2601,28.0339],[129.2641,28.0364],[129.265,28.0381],[129.2653,28.0363],[129.2685,28.0356],[129.267,28.0345],[129.2675,28.0334],[129.2694,28.0334],[129.2676,28.0291],[129.2697,28.026],[129.2662,28.0204],[129.2673,28.0179],[129.2694,28.0173],[129.2692,28.0158],[129.2679,28.0154],[129.2652,28.0109],[129.2622,28.0103],[129.2611,28.0095],[129.2612,28.007],[129.2578,28.0061],[129.2575,28.0051],[129.2553,28.0085],[129.2552,28.0114],[129.2542,28.0131],[129.2524,28.0149],[129.2492,28.0173],[129.2479,28.0169],[129.2445,28.019],[129.2429,28.0193],[129.2405,28.0188],[129.2399,28.0184],[129.2378,28.0215],[129.2328,28.0241],[129.2304,28.0244],[129.2287,28.0231],[129.2284,28.0246],[129.2255,28.0253],[129.2192,28.0246],[129.2169,28.0232],[129.2154,28.0203],[129.2142,28.0202],[129.2141,28.0215],[129.2127,28.0228],[129.2116,28.0226],[129.2105,28.0297],[129.206,28.0337],[129.2048,28.0363],[129.2052,28.0368],[129.2049,28.0386],[129.206,28.0417],[129.2111,28.0446],[129.2127,28.0469],[129.2127,28.0531],[129.2143,28.055],[129.2165,28.0548],[129.2185,28.0508],[129.2262,28.0446],[129.2281,28.042],[129.2317,28.0371],[129.2306,28.0341],[129.2323,28.0327],[129.2327,28.0333],[129.2336,28.0334],[129.2325,28.0329],[129.2335,28.0321],[129.2349,28.0338],[129.2338,28.0313],[129.2393,28.0309],[129.2407,28.0327],[129.2439,28.0337],[129.2472,28.0391],[129.25,28.0391],[129.2516,28.0409]]],[[[129.2405,28.0328],[129.2405,28.0326],[129.2404,28.0327],[129.2405,28.0328]]],[[[129.2408,28.0329],[129.2407,28.0328],[129.2407,28.0328],[129.2408,28.0329]]],[[[129.2051,28.034],[129.2049,28.034],[129.205,28.0341],[129.2051,28.034]]],[[[129.2351,28.0346],[129.2341,28.0347],[129.2351,28.0347],[129.2351,28.0346]]],[[[129.2442,28.035],[129.2443,28.0349],[129.2442,28.0349],[129.2442,28.035]]],[[[129.2044,28.0353],[129.2042,28.0353],[129.2043,28.0354],[129.2044,28.0353]]],[[[129.2047,28.0368],[129.2047,28.0367],[129.2046,28.0368],[129.2047,28.0368]]],[[[129.2049,28.037],[129.2051,28.037],[129.205,28.037],[129.2049,28.037]]],[[[129.2041,28.0377],[129.204,28.0378],[129.204,28.0378],[129.2041,28.0377]]],[[[129.2059,28.042],[129.2059,28.0419],[129.2058,28.0419],[129.2059,28.042]]],[[[129.2281,28.042],[129.2282,28.0419],[129.2281,28.042],[129.2281,28.042]]],[[[129.2263,28.0445],[129.2263,28.0446],[129.2264,28.0446],[129.2263,28.0445]]],[[[129.2229,28.0474],[129.2229,28.0474],[129.2229,28.0474],[129.2229,28.0474]]],[[[129.2216,28.0484],[129.2216,28.0484],[129.2216,28.0484],[129.2216,28.0484]]],[[[129.2202,28.0498],[129.2202,28.0498],[129.2202,28.0497],[129.2202,28.0498]]],[[[129.2172,28.0543],[129.2172,28.0542],[129.2171,28.0542],[129.2172,28.0543]]],[[[129.2168,28.0545],[129.2167,28.0545],[129.2168,28.0546],[129.2168,28.0545]]],[[[129.2156,28.0551],[129.2155,28.0552],[129.2157,28.0552],[129.2156,28.0551]]],[[[129.2153,28.0552],[129.2152,28.0551],[129.2152,28.0552],[129.2153,28.0552]]],[[[129.2164,28.0552],[129.2163,28.0551],[129.2163,28.0552],[129.2164,28.0552]]],[[[129.2135,28.0551],[129.2134,28.0552],[129.2135,28.0553],[129.2135,28.0551]]],[[[129.2149,28.0776],[129.2152,28.0775],[129.215,28.0772],[129.2149,28.0776]]],[[[129.2218,28.0774],[129.2217,28.0774],[129.2217,28.0775],[129.2218,28.0774]]],[[[129.2143,28.0792],[129.2143,28.0791],[129.2142,28.0792],[129.2143,28.0792]]],[[[129.2082,28.0851],[129.2083,28.0851],[129.2083,28.085],[129.2082,28.0851]]],[[[129.208,28.085],[129.208,28.0851],[129.208,28.0851],[129.208,28.085]]],[[[129.2094,28.086],[129.2094,28.086],[129.2093,28.086],[129.2094,28.086]]],[[[129.2093,28.0861],[129.2092,28.086],[129.2093,28.0861],[129.2093,28.0861]]],[[[129.2092,28.0862],[129.2091,28.0861],[129.2091,28.0862],[129.2092,28.0862]]],[[[129.2119,28.0871],[129.2115,28.0874],[129.2117,28.0875],[129.2119,28.0871]]],[[[129.2128,28.0881],[129.2127,28.0887],[129.2135,28.0886],[129.2133,28.0877],[129.2128,28.0881]]],[[[129.2132,28.1052],[129.2131,28.1052],[129.2131,28.1054],[129.2132,28.1052]]],[[[129.2121,28.1059],[129.2123,28.1058],[129.2122,28.1057],[129.2121,28.1059]]],[[[129.2128,28.1056],[129.2129,28.1062],[129.213,28.1055],[129.2128,28.1056]]],[[[129.2128,28.1065],[129.2127,28.1065],[129.2127,28.1066],[129.2128,28.1065]]],[[[129.2132,28.1068],[129.2131,28.1067],[129.2132,28.1068],[129.2132,28.1068]]],[[[129.212,28.1071],[129.2118,28.1066],[129.2113,28.1074],[129.212,28.1071]]],[[[129.2141,28.1079],[129.2141,28.1079],[129.2141,28.108],[129.2141,28.1079]]],[[[129.214,28.1082],[129.214,28.1081],[129.2139,28.1081],[129.214,28.1082]]],[[[129.2143,28.1082],[129.2142,28.1087],[129.2143,28.1087],[129.2143,28.1082]]],[[[129.2143,28.1095],[129.2142,28.1095],[129.2143,28.1096],[129.2143,28.1095]]],[[[129.2141,28.11],[129.214,28.1099],[129.214,28.1099],[129.2141,28.11]]],[[[129.2144,28.1122],[129.2147,28.1122],[129.2148,28.1121],[129.2144,28.1122]]],[[[129.213,28.1264],[129.2134,28.1263],[129.2133,28.1262],[129.213,28.1264]]],[[[129.2119,28.1275],[129.2118,28.1272],[129.2117,28.1273],[129.2119,28.1275]]],[[[129.2126,28.1281],[129.2125,28.1282],[129.2126,28.1282],[129.2126,28.1281]]],[[[129.216,28.1356],[129.2161,28.1355],[129.216,28.1355],[129.216,28.1356]]],[[[129.2169,28.1403],[129.2169,28.1403],[129.2169,28.1403],[129.2169,28.1403]]],[[[129.2331,28.1597],[129.233,28.1598],[129.2331,28.1598],[129.2331,28.1597]]],[[[129.2237,28.1674],[129.2239,28.1673],[129.2237,28.1674],[129.2237,28.1674]]],[[[129.2101,28.2004],[129.2101,28.2005],[129.2102,28.2004],[129.2101,28.2004]]],[[[129.2099,28.2008],[129.2099,28.2007],[129.2098,28.2007],[129.2099,28.2008]]],[[[129.2098,28.2023],[129.2098,28.2024],[129.2098,28.2024],[129.2098,28.2023]]],[[[129.2101,28.2026],[129.2099,28.2025],[129.21,28.2026],[129.2101,28.2026]]],[[[129.2078,28.2031],[129.2078,28.2032],[129.2079,28.2032],[129.2078,28.2031]]],[[[129.2102,28.2035],[129.2102,28.2035],[129.2103,28.2034],[129.2103,28.2033],[129.2102,28.2035]]],[[[129.21,28.2043],[129.2097,28.2046],[129.2098,28.2047],[129.21,28.2043]]],[[[129.2436,28.207],[129.2436,28.207],[129.2436,28.207],[129.2436,28.207]]],[[[129.2119,28.2191],[129.2118,28.2191],[129.2119,28.2191],[129.2119,28.2191]]],[[[129.2509,27.9969],[129.251,27.9972],[129.2511,27.9971],[129.2509,27.9969]]],[[[129.2504,27.9975],[129.2502,27.9978],[129.2507,27.998],[129.2504,27.9975]]],[[[129.2517,27.9979],[129.2507,27.9982],[129.2519,27.9982],[129.2517,27.9979]]],[[[129.2547,28.0009],[129.2546,28.001],[129.2547,28.001],[129.2547,28.0009]]],[[[129.2538,28.001],[129.2541,28.001],[129.2541,28.0009],[129.2538,28.001]]],[[[129.2563,28.0033],[129.2574,28.0016],[129.2563,28.002],[129.2568,28.0005],[129.2551,28.0014],[129.2524,28.0014],[129.2545,28.0033],[129.2563,28.0033]]],[[[129.2523,28.0021],[129.2525,28.0021],[129.2525,28.0021],[129.2523,28.0021]]],[[[129.2531,28.0023],[129.2532,28.0023],[129.2532,28.0023],[129.2531,28.0023]]],[[[129.2557,28.0043],[129.2559,28.0042],[129.2557,28.0041],[129.2557,28.0043]]],[[[129.2567,28.0043],[129.2566,28.0044],[129.2566,28.0045],[129.2567,28.0043]]],[[[129.256,28.0044],[129.256,28.0045],[129.2561,28.0044],[129.256,28.0044]]],[[[129.2561,28.0047],[129.256,28.0046],[129.2559,28.0047],[129.2561,28.0047]]],[[[129.2557,28.0048],[129.2558,28.0049],[129.2558,28.0048],[129.2557,28.0048]]],[[[129.2577,28.0048],[129.2575,28.005],[129.2576,28.005],[129.2577,28.0048]]],[[[129.2562,28.0051],[129.256,28.005],[129.256,28.0051],[129.2562,28.0051]]],[[[129.2559,28.0052],[129.256,28.0053],[129.256,28.0051],[129.2559,28.0052]]],[[[129.2562,28.0052],[129.2565,28.0054],[129.2565,28.0051],[129.2562,28.0052]]],[[[129.2559,28.0056],[129.256,28.0058],[129.2565,28.0056],[129.2559,28.0056]]],[[[129.2587,28.0059],[129.2587,28.0058],[129.2586,28.0058],[129.2587,28.0059]]],[[[129.2589,28.0058],[129.2588,28.006],[129.2589,28.006],[129.2589,28.0058]]],[[[129.259,28.006],[129.2591,28.0061],[129.2591,28.0061],[129.259,28.006]]],[[[129.2603,28.0063],[129.2602,28.0064],[129.2605,28.0068],[129.2603,28.0063]]],[[[129.256,28.0071],[129.256,28.0069],[129.2559,28.0071],[129.256,28.0071]]],[[[129.2612,28.0078],[129.2614,28.0079],[129.2614,28.0077],[129.2612,28.0078]]],[[[129.2554,28.0082],[129.2554,28.0082],[129.2555,28.0082],[129.2554,28.0082]]],[[[129.2656,28.01],[129.2655,28.0101],[129.2656,28.0101],[129.2656,28.01]]],[[[129.2642,28.0104],[129.2643,28.0103],[129.2642,28.0103],[129.2642,28.0104]]],[[[129.2632,28.0105],[129.2633,28.0105],[129.2633,28.0104],[129.2632,28.0105]]],[[[129.2657,28.0106],[129.2657,28.0104],[129.2655,28.0104],[129.2657,28.0106]]],[[[129.2654,28.0105],[129.2651,28.0107],[129.2654,28.0108],[129.2654,28.0105]]],[[[129.2546,28.0115],[129.2546,28.0115],[129.2545,28.0114],[129.2546,28.0115]]],[[[129.2544,28.0122],[129.2543,28.0123],[129.2543,28.0124],[129.2544,28.0122]]],[[[129.2521,28.0148],[129.2521,28.0149],[129.2523,28.0148],[129.2521,28.0148]]],[[[129.2506,28.0157],[129.2506,28.0159],[129.2507,28.0158],[129.2506,28.0157]]],[[[129.2492,28.0161],[129.2493,28.0163],[129.2494,28.0161],[129.2492,28.0161]]],[[[129.2594,28.0322],[129.2594,28.0321],[129.2594,28.0321],[129.2594,28.0322]]],[[[129.2547,28.0326],[129.2537,28.033],[129.2547,28.0326],[129.2547,28.0326]]],[[[129.2652,28.0377],[129.2653,28.0378],[129.2653,28.0377],[129.2652,28.0377]]],[[[129.2467,28.039],[129.2466,28.039],[129.2466,28.0391],[129.2467,28.039]]],[[[129.2471,28.0393],[129.247,28.0391],[129.247,28.0393],[129.2471,28.0393]]],[[[129.2475,28.0396],[129.2475,28.0395],[129.2475,28.0395],[129.2475,28.0396]]],[[[129.2472,28.0397],[129.2471,28.0397],[129.2471,28.0398],[129.2472,28.0397]]],[[[129.2472,28.04],[129.2471,28.0399],[129.2471,28.04],[129.2472,28.04]]],[[[129.2476,28.0401],[129.2476,28.04],[129.2475,28.04],[129.2476,28.0401]]],[[[129.2528,28.0399],[129.2529,28.0406],[129.2533,28.0405],[129.2528,28.0399]]],[[[129.2487,28.0461],[129.2488,28.0462],[129.2487,28.046],[129.2487,28.0461]]],[[[129.2497,28.0463],[129.2497,28.0466],[129.2498,28.0463],[129.2497,28.0463]]],[[[129.2489,28.0468],[129.2491,28.0468],[129.249,28.0462],[129.2489,28.0468]]],[[[129.2488,28.0466],[129.2487,28.0467],[129.2488,28.0467],[129.2488,28.0466]]],[[[129.2497,28.0469],[129.2498,28.0473],[129.2499,28.0468],[129.2497,28.0469]]],[[[129.2498,28.0475],[129.2497,28.0474],[129.2496,28.0476],[129.2498,28.0475]]],[[[129.2499,28.0481],[129.25,28.048],[129.2499,28.0481],[129.2499,28.0481]]],[[[129.2506,28.0485],[129.2504,28.0482],[129.2504,28.0485],[129.2506,28.0485]]],[[[129.2502,28.0484],[129.2502,28.0486],[129.2502,28.0485],[129.2502,28.0484]]],[[[129.2497,28.0486],[129.2496,28.0488],[129.2498,28.0486],[129.2497,28.0486]]],[[[129.2494,28.0489],[129.2494,28.0488],[129.2493,28.0488],[129.2494,28.0489]]],[[[129.2506,28.049],[129.2504,28.0489],[129.2505,28.0491],[129.2506,28.049]]],[[[129.2489,28.0493],[129.2489,28.0491],[129.2488,28.0493],[129.2489,28.0493]]],[[[129.253,28.0494],[129.2529,28.0494],[129.2529,28.0494],[129.253,28.0494]]],[[[129.2527,28.0495],[129.2516,28.049],[129.2506,28.0505],[129.2511,28.0526],[129.2527,28.0495]]],[[[129.2505,28.0509],[129.25,28.0509],[129.2501,28.0511],[129.2505,28.0509]]],[[[129.2508,28.0522],[129.2507,28.0523],[129.2509,28.0524],[129.2508,28.0522]]],[[[129.2521,28.0559],[129.2518,28.0553],[129.2518,28.056],[129.2521,28.0559]]],[[[129.2514,28.0561],[129.2513,28.0562],[129.2514,28.0562],[129.2514,28.0561]]],[[[129.2627,28.0742],[129.2625,28.0742],[129.2625,28.0743],[129.2627,28.0742]]],[[[129.2628,28.0748],[129.263,28.0743],[129.2625,28.0746],[129.2628,28.0748]]],[[[129.2615,28.0906],[129.2614,28.0906],[129.2614,28.0907],[129.2615,28.0906]]],[[[129.2613,28.0907],[129.2613,28.0906],[129.2612,28.0907],[129.2613,28.0907]]],[[[129.2569,28.1313],[129.2571,28.1308],[129.2568,28.1312],[129.2569,28.1313]]],[[[129.2335,28.1901],[129.2309,28.1919],[129.2246,28.1912],[129.2185,28.189],[129.217,28.1867],[129.2143,28.1876],[129.211,28.184],[129.2052,28.1834],[129.2032,28.1814],[129.2036,28.1792],[129.2053,28.1796],[129.2062,28.1781],[129.2109,28.177],[129.2118,28.1738],[129.2134,28.1734],[129.2156,28.1745],[129.2131,28.1728],[129.2101,28.1673],[129.2121,28.1639],[129.2137,28.1634],[129.2139,28.1642],[129.22,28.1652],[129.2237,28.1671],[129.2199,28.1614],[129.2207,28.1585],[129.2242,28.1597],[129.2267,28.1555],[129.2297,28.1556],[129.2324,28.1536],[129.2339,28.1544],[129.2336,28.1581],[129.2348,28.1592],[129.2365,28.1535],[129.2383,28.1529],[129.2377,28.1518],[129.2412,28.1506],[129.2456,28.1519],[129.2477,28.1541],[129.2502,28.1543],[129.2521,28.1575],[129.2555,28.159],[129.2566,28.1626],[129.2546,28.1653],[129.2554,28.1679],[129.2536,28.1723],[129.2559,28.1741],[129.2584,28.174],[129.2565,28.1657],[129.2576,28.1628],[129.2595,28.1633],[129.2587,28.1597],[129.2597,28.1575],[129.2601,28.1604],[129.2634,28.1637],[129.2615,28.1655],[129.263,28.1661],[129.2615,28.1681],[129.2625,28.1705],[129.2644,28.1709],[129.267,28.1674],[129.2701,28.1678],[129.2698,28.1659],[129.2714,28.1639],[129.2708,28.1607],[129.2745,28.158],[129.2749,28.1511],[129.2697,28.1505],[129.2683,28.1526],[129.2654,28.1522],[129.264,28.1531],[129.256,28.1516],[129.2527,28.1544],[129.2504,28.1529],[129.2496,28.1507],[129.2449,28.1488],[129.2463,28.1479],[129.2478,28.1488],[129.2481,28.1476],[129.2507,28.1478],[129.2522,28.149],[129.2558,28.1483],[129.2535,28.1462],[129.2464,28.1444],[129.2463,28.1434],[129.2451,28.1439],[129.2458,28.1426],[129.2476,28.1434],[129.2516,28.1425],[129.2523,28.1438],[129.26,28.1459],[129.2615,28.1445],[129.2607,28.1429],[129.259,28.1418],[129.257,28.1422],[129.2548,28.1398],[129.2524,28.1392],[129.2469,28.1408],[129.2422,28.1376],[129.2433,28.1339],[129.2488,28.1342],[129.2488,28.1326],[129.2501,28.1323],[129.249,28.1285],[129.2473,28.129],[129.2459,28.1281],[129.2464,28.1255],[129.2448,28.1243],[129.2452,28.1221],[129.2469,28.1218],[129.2471,28.1228],[129.2506,28.124],[129.2529,28.1234],[129.2561,28.13],[129.2591,28.1306],[129.2592,28.1337],[129.2602,28.1332],[129.2616,28.1344],[129.263,28.1325],[129.2649,28.1322],[129.2668,28.1335],[129.267,28.1355],[129.2694,28.1361],[129.2704,28.1411],[129.2727,28.1403],[129.275,28.142],[129.2764,28.1406],[129.275,28.1373],[129.2754,28.1342],[129.2669,28.1282],[129.264,28.1299],[129.2627,28.1292],[129.2647,28.1282],[129.2632,28.1259],[129.2647,28.1234],[129.2625,28.1192],[129.2594,28.1189],[129.2607,28.1182],[129.2603,28.1171],[129.2628,28.1172],[129.2664,28.1206],[129.2664,28.1246],[129.2709,28.1254],[129.274,28.1233],[129.2721,28.1209],[129.2726,28.1194],[129.2713,28.1144],[129.2749,28.1131],[129.2766,28.1157],[129.2797,28.1158],[129.2787,28.1187],[129.2803,28.119],[129.2824,28.1238],[129.2861,28.1241],[129.2876,28.126],[129.2891,28.1223],[129.2876,28.121],[129.288,28.1196],[129.2858,28.1178],[129.2881,28.116],[129.2871,28.1145],[129.2876,28.1124],[129.2902,28.1105],[129.2906,28.1085],[129.2951,28.1075],[129.2982,28.1104],[129.2981,28.115],[129.3,28.1162],[129.3001,28.1182],[129.3027,28.1222],[129.3054,28.1203],[129.3041,28.1189],[129.3049,28.1165],[129.3068,28.1153],[129.3088,28.1159],[129.307,28.1141],[129.3069,28.1114],[129.3115,28.1111],[129.3146,28.114],[129.3142,28.109],[129.3163,28.1075],[129.3186,28.108],[129.3177,28.1041],[129.3189,28.1017],[129.3205,28.1015],[129.3203,28.1029],[129.3211,28.1009],[129.3222,28.1014],[129.3224,28.1046],[129.3245,28.1051],[129.3259,28.1074],[129.3258,28.1107],[129.3234,28.112],[129.325,28.1139],[129.3283,28.1128],[129.3296,28.1107],[129.3319,28.1102],[129.3328,28.1112],[129.3364,28.11],[129.3411,28.1138],[129.3411,28.1185],[129.3428,28.1185],[129.3437,28.1165],[129.3454,28.1158],[129.3441,28.1122],[129.3456,28.1096],[129.3486,28.108],[129.3537,28.1089],[129.3542,28.1081],[129.3537,28.1075],[129.3539,28.1058],[129.3548,28.1048],[129.3535,28.1043],[129.3539,28.1023],[129.3517,28.1032],[129.3514,28.0998],[129.3494,28.1002],[129.3479,28.0985],[129.3481,28.0964],[129.3483,28.0957],[129.3486,28.0952],[129.346,28.0926],[129.3465,28.0897],[129.3432,28.0885],[129.3431,28.0856],[129.3414,28.0846],[129.3414,28.0802],[129.3419,28.0791],[129.3408,28.0784],[129.341,28.0769],[129.3372,28.076],[129.3374,28.0739],[129.336,28.075],[129.3331,28.0747],[129.332,28.0729],[129.3307,28.0733],[129.3264,28.0718],[129.3233,28.0685],[129.3227,28.066],[129.3218,28.0663],[129.3182,28.062],[129.3182,28.0658],[129.3192,28.0668],[129.3202,28.0663],[129.3212,28.0686],[129.3196,28.0707],[129.317,28.0697],[129.3152,28.0703],[129.3159,28.0737],[129.3171,28.0746],[129.3165,28.0765],[129.3181,28.0791],[129.3181,28.0825],[129.3209,28.0873],[129.3232,28.0878],[129.3243,28.0901],[129.3239,28.0901],[129.3237,28.091],[129.3244,28.0901],[129.3243,28.0892],[129.3255,28.0913],[129.3228,28.0955],[129.3182,28.0971],[129.3146,28.0963],[129.3139,28.0925],[129.3039,28.0864],[129.3008,28.0895],[129.2996,28.0897],[129.2977,28.0888],[129.2946,28.0915],[129.2919,28.091],[129.2906,28.0887],[129.2922,28.0879],[129.2913,28.0855],[129.2865,28.0853],[129.2846,28.0826],[129.2867,28.0805],[129.2872,28.0769],[129.2884,28.076],[129.2848,28.0742],[129.2837,28.0716],[129.2861,28.0668],[129.2889,28.067],[129.2885,28.0647],[129.2837,28.0628],[129.2794,28.065],[129.2745,28.066],[129.2741,28.0685],[129.2689,28.0699],[129.268,28.0727],[129.2658,28.0732],[129.2631,28.0778],[129.2613,28.0783],[129.2615,28.0811],[129.2652,28.0831],[129.2661,28.0868],[129.2647,28.0897],[129.2633,28.0895],[129.2606,28.092],[129.2603,28.0933],[129.2619,28.0954],[129.2619,28.0994],[129.2596,28.104],[129.26,28.1059],[129.2554,28.1078],[129.2526,28.1111],[129.2511,28.1113],[129.2479,28.1095],[129.2488,28.1081],[129.2464,28.1075],[129.2448,28.1084],[129.2429,28.1059],[129.2476,28.1049],[129.2494,28.102],[129.2487,28.0999],[129.2423,28.1005],[129.2388,28.099],[129.2368,28.0959],[129.2373,28.0942],[129.2341,28.0937],[129.2317,28.0904],[129.2293,28.0896],[129.2292,28.0854],[129.2253,28.0825],[129.222,28.0778],[129.2184,28.076],[129.2153,28.077],[129.2153,28.0785],[129.2144,28.0804],[129.2152,28.0825],[129.2135,28.0845],[129.2099,28.086],[129.2133,28.0876],[129.2151,28.0861],[129.2196,28.0875],[129.2221,28.0918],[129.2219,28.0947],[129.2207,28.0961],[129.2232,28.0967],[129.2244,28.099],[129.2211,28.1106],[129.2204,28.1111],[129.2199,28.1104],[129.2185,28.1106],[129.2202,28.1109],[129.2166,28.1119],[129.215,28.109],[129.2145,28.1092],[129.2158,28.1113],[129.2145,28.1152],[129.217,28.1211],[129.2165,28.123],[129.2149,28.1235],[129.2144,28.1261],[129.2121,28.1273],[129.2149,28.1288],[129.2155,28.1346],[129.2165,28.1357],[129.2164,28.1364],[129.218,28.1362],[129.2198,28.1397],[129.2182,28.1413],[129.2169,28.1404],[129.214,28.1418],[129.2096,28.1465],[129.2076,28.1467],[129.2048,28.1453],[129.2027,28.1426],[129.1991,28.1452],[129.195,28.1449],[129.1943,28.1465],[129.1952,28.1456],[129.197,28.1468],[129.1984,28.1517],[129.1957,28.1547],[129.1928,28.1538],[129.1923,28.1549],[129.1897,28.1568],[129.1881,28.1568],[129.1871,28.1591],[129.1862,28.1588],[129.1857,28.1595],[129.1842,28.1607],[129.1866,28.1601],[129.1875,28.1618],[129.1872,28.1633],[129.1862,28.163],[129.187,28.1653],[129.1859,28.1659],[129.187,28.1671],[129.1852,28.1685],[129.1858,28.171],[129.1853,28.1735],[129.1831,28.1756],[129.1785,28.1777],[129.1783,28.1802],[129.1774,28.1808],[129.1768,28.1807],[129.1775,28.1813],[129.1758,28.1835],[129.1766,28.1858],[129.1756,28.1878],[129.1818,28.1911],[129.1835,28.1895],[129.1831,28.1872],[129.1894,28.1873],[129.1925,28.1929],[129.1924,28.1942],[129.1911,28.195],[129.1929,28.1946],[129.1959,28.1969],[129.1972,28.1962],[129.2002,28.1984],[129.2065,28.1991],[129.2093,28.2013],[129.2101,28.1981],[129.2091,28.1966],[129.2118,28.1926],[129.221,28.1911],[129.2227,28.1923],[129.2226,28.1943],[129.2255,28.1948],[129.2274,28.1939],[129.2318,28.1985],[129.2325,28.1958],[129.2349,28.1958],[129.2367,28.1938],[129.24,28.1939],[129.2359,28.191],[129.2362,28.1892],[129.2408,28.1903],[129.2429,28.1881],[129.2421,28.1862],[129.2391,28.185],[129.2332,28.1883],[129.2335,28.1901]]],[[[129.2617,28.1346],[129.2616,28.1347],[129.2617,28.1347],[129.2617,28.1346]]],[[[129.2616,28.1351],[129.2618,28.1349],[129.2616,28.1348],[129.2616,28.1351]]],[[[129.2619,28.1354],[129.2618,28.1354],[129.2618,28.1354],[129.2619,28.1354]]],[[[129.2618,28.1446],[129.2617,28.1445],[129.2617,28.1447],[129.2618,28.1446]]],[[[129.262,28.1451],[129.262,28.1449],[129.2618,28.1449],[129.262,28.1451]]],[[[129.2623,28.1453],[129.2623,28.1454],[129.2624,28.1454],[129.2623,28.1453]]],[[[129.2621,28.1454],[129.2621,28.1453],[129.262,28.1454],[129.2621,28.1454]]],[[[129.2623,28.1456],[129.2622,28.1456],[129.2622,28.1457],[129.2623,28.1456]]],[[[129.2558,28.1481],[129.2558,28.1481],[129.2559,28.1481],[129.2558,28.1481]]],[[[129.2557,28.1489],[129.2557,28.1489],[129.2557,28.1489],[129.2557,28.1489]]],[[[129.255,28.1494],[129.2549,28.1494],[129.255,28.1494],[129.255,28.1494]]],[[[129.2545,28.1499],[129.2545,28.1497],[129.2544,28.1497],[129.2545,28.1499]]],[[[129.2687,28.0085],[129.2683,28.008],[129.2679,28.0084],[129.2687,28.0085]]],[[[129.268,28.0086],[129.2682,28.0087],[129.268,28.0086],[129.268,28.0086]]],[[[129.2679,28.0087],[129.2679,28.0088],[129.2679,28.0088],[129.2679,28.0087]]],[[[129.2682,28.009],[129.2681,28.0091],[129.2682,28.0091],[129.2682,28.009]]],[[[129.2657,28.0102],[129.2657,28.0102],[129.2657,28.0102],[129.2657,28.0102]]],[[[129.2665,28.0124],[129.2665,28.0123],[129.2664,28.0123],[129.2665,28.0124]]],[[[129.2697,28.0169],[129.2697,28.0168],[129.2697,28.0168],[129.2697,28.0169]]],[[[129.27,28.0174],[129.2699,28.0174],[129.2699,28.0174],[129.27,28.0174]]],[[[129.2696,28.0176],[129.2697,28.0175],[129.2696,28.0175],[129.2696,28.0176]]],[[[129.2721,28.0182],[129.272,28.0181],[129.272,28.0182],[129.2721,28.0182]]],[[[129.2745,28.0183],[129.2746,28.0185],[129.2746,28.0183],[129.2745,28.0183]]],[[[129.2718,28.0184],[129.2719,28.0185],[129.2719,28.0184],[129.2718,28.0184]]],[[[129.2748,28.0188],[129.2747,28.0186],[129.2747,28.0187],[129.2748,28.0188]]],[[[129.2765,28.0191],[129.2768,28.0185],[129.2764,28.0185],[129.2765,28.0191]]],[[[129.2785,28.0189],[129.2784,28.0189],[129.2784,28.019],[129.2785,28.0189]]],[[[129.2757,28.019],[129.2757,28.0193],[129.2758,28.019],[129.2757,28.019]]],[[[129.2779,28.0192],[129.2781,28.0191],[129.2779,28.0191],[129.2779,28.0192]]],[[[129.2792,28.0192],[129.2792,28.0194],[129.2793,28.0194],[129.2792,28.0192]]],[[[129.2794,28.0205],[129.2795,28.0206],[129.2796,28.0205],[129.2794,28.0205]]],[[[129.2795,28.0208],[129.2795,28.0208],[129.2795,28.0209],[129.2795,28.0208]]],[[[129.2746,28.0253],[129.2765,28.0233],[129.2786,28.023],[129.2794,28.0196],[129.276,28.0191],[129.2742,28.0205],[129.2717,28.0204],[129.2713,28.0241],[129.273,28.0245],[129.2745,28.0268],[129.2746,28.0253]]],[[[129.2785,28.0238],[129.2787,28.0238],[129.2785,28.0237],[129.2785,28.0238]]],[[[129.2751,28.0252],[129.275,28.0251],[129.275,28.0252],[129.2751,28.0252]]],[[[129.2729,28.0256],[129.2728,28.0255],[129.2727,28.0256],[129.2729,28.0256]]],[[[129.2817,28.0256],[129.2817,28.0257],[129.2817,28.0256],[129.2817,28.0256]]],[[[129.2839,28.0256],[129.2835,28.0253],[129.2831,28.0265],[129.2839,28.0256]]],[[[129.283,28.0261],[129.2831,28.0257],[129.2829,28.0261],[129.283,28.0261]]],[[[129.2825,28.026],[129.2824,28.0261],[129.2825,28.0261],[129.2825,28.026]]],[[[129.2842,28.0264],[129.2842,28.0265],[129.2844,28.0265],[129.2842,28.0264]]],[[[129.284,28.0266],[129.2839,28.0266],[129.284,28.0266],[129.284,28.0266]]],[[[129.2834,28.0267],[129.2834,28.0268],[129.2836,28.0268],[129.2834,28.0267]]],[[[129.2832,28.0267],[129.2832,28.0268],[129.2832,28.0267],[129.2832,28.0267]]],[[[129.2735,28.0267],[129.2733,28.0273],[129.2737,28.0271],[129.2735,28.0267]]],[[[129.2831,28.0271],[129.2831,28.0272],[129.2831,28.0272],[129.2831,28.0271]]],[[[129.284,28.0273],[129.284,28.0272],[129.2839,28.0272],[129.284,28.0273]]],[[[129.2843,28.0275],[129.2842,28.0275],[129.2843,28.0275],[129.2843,28.0275]]],[[[129.2738,28.0276],[129.2736,28.0276],[129.2736,28.0277],[129.2738,28.0276]]],[[[129.2844,28.0278],[129.2844,28.0277],[129.2843,28.0277],[129.2844,28.0278]]],[[[129.2849,28.0282],[129.2846,28.0282],[129.2848,28.0282],[129.2849,28.0282]]],[[[129.2854,28.029],[129.2854,28.0291],[129.2854,28.029],[129.2854,28.029]]],[[[129.2841,28.0291],[129.2839,28.0292],[129.284,28.0293],[129.2841,28.0291]]],[[[129.2681,28.0295],[129.2682,28.0295],[129.2679,28.029],[129.2681,28.0295]]],[[[129.2837,28.0293],[129.2838,28.0293],[129.2838,28.0293],[129.2837,28.0293]]],[[[129.2835,28.0297],[129.2834,28.0297],[129.2835,28.0298],[129.2835,28.0297]]],[[[129.2833,28.0299],[129.2832,28.0299],[129.2833,28.0299],[129.2833,28.0299]]],[[[129.2843,28.0305],[129.2844,28.0304],[129.2843,28.0304],[129.2843,28.0305]]],[[[129.2703,28.0309],[129.2702,28.031],[129.2703,28.031],[129.2703,28.0309]]],[[[129.2841,28.0313],[129.2841,28.0314],[129.2842,28.0313],[129.2841,28.0313]]],[[[129.2843,28.0315],[129.2843,28.0315],[129.2842,28.0316],[129.2843,28.0315]]],[[[129.2854,28.0322],[129.2855,28.0322],[129.2855,28.0321],[129.2854,28.0322]]],[[[129.2854,28.0324],[129.2855,28.0323],[129.2854,28.0323],[129.2854,28.0324]]],[[[129.2679,28.036],[129.2678,28.0359],[129.2677,28.036],[129.2679,28.036]]],[[[129.2682,28.0359],[129.2681,28.0361],[129.2682,28.036],[129.2682,28.0359]]],[[[129.284,28.0628],[129.2842,28.0626],[129.284,28.0626],[129.284,28.0628]]],[[[129.2855,28.0629],[129.2856,28.0629],[129.2855,28.0628],[129.2855,28.0629]]],[[[129.2802,28.063],[129.2801,28.0629],[129.2802,28.063],[129.2802,28.063]]],[[[129.2805,28.0631],[129.2807,28.063],[129.2807,28.0629],[129.2805,28.0631]]],[[[129.2869,28.0631],[129.2869,28.0632],[129.287,28.0632],[129.2869,28.0631]]],[[[129.2869,28.0633],[129.2868,28.0634],[129.2869,28.0634],[129.2869,28.0633]]],[[[129.2804,28.0635],[129.2803,28.0633],[129.2802,28.0634],[129.2804,28.0635]]],[[[129.2873,28.0638],[129.2873,28.0638],[129.2875,28.0638],[129.2873,28.0638]]],[[[129.2742,28.0664],[129.274,28.0665],[129.2742,28.0665],[129.2742,28.0664]]],[[[129.2684,28.0706],[129.2683,28.0706],[129.2684,28.0707],[129.2684,28.0706]]],[[[129.2682,28.0712],[129.2682,28.0713],[129.2683,28.0713],[129.2682,28.0712]]],[[[129.2871,28.073],[129.2869,28.0731],[129.287,28.0731],[129.2871,28.073]]],[[[129.2865,28.074],[129.2863,28.074],[129.2865,28.0742],[129.2865,28.074]]],[[[129.2871,28.0741],[129.287,28.0741],[129.287,28.0741],[129.2871,28.0741]]],[[[129.2862,28.0744],[129.2862,28.0743],[129.2861,28.0743],[129.2862,28.0744]]],[[[129.2866,28.0743],[129.2865,28.0743],[129.2864,28.0744],[129.2866,28.0743]]],[[[129.2872,28.0793],[129.2872,28.0794],[129.2872,28.0794],[129.2872,28.0793]]],[[[129.274,28.1242],[129.2739,28.1242],[129.274,28.1242],[129.274,28.1242]]],[[[129.2739,28.1243],[129.2739,28.1243],[129.2739,28.1243],[129.2739,28.1243]]],[[[129.2877,28.1264],[129.2878,28.1265],[129.2877,28.1263],[129.2877,28.1264]]],[[[129.2874,28.1265],[129.2876,28.1265],[129.2875,28.1264],[129.2874,28.1265]]],[[[129.2758,28.1341],[129.2757,28.134],[129.2756,28.1341],[129.2758,28.1341]]],[[[129.2768,28.1492],[129.2762,28.1501],[129.278,28.1506],[129.2785,28.1495],[129.2768,28.1492]]],[[[129.2798,28.1749],[129.2806,28.1737],[129.2772,28.1739],[129.2798,28.1749]]],[[[129.2819,28.1754],[129.2818,28.1754],[129.2819,28.1757],[129.2819,28.1754]]],[[[129.2754,28.1819],[129.2757,28.1818],[129.2755,28.1818],[129.2754,28.1818],[129.2754,28.1819]]],[[[129.246,28.2371],[129.2595,28.2453],[129.2697,28.2456],[129.2707,28.2471],[129.2737,28.2473],[129.2768,28.249],[129.2797,28.2484],[129.283,28.2497],[129.2854,28.2494],[129.2906,28.242],[129.2948,28.2394],[129.2985,28.2409],[129.3047,28.2406],[129.3106,28.2332],[129.3144,28.2338],[129.3155,28.2358],[129.3176,28.2363],[129.3195,28.2385],[129.3235,28.237],[129.3271,28.2334],[129.3338,28.2379],[129.3349,28.2374],[129.3366,28.2398],[129.3432,28.2394],[129.344,28.238],[129.3431,28.2366],[129.3452,28.2354],[129.3481,28.2281],[129.3515,28.2262],[129.3555,28.2261],[129.3564,28.2241],[129.3596,28.2233],[129.359,28.2222],[129.3603,28.2215],[129.3601,28.22],[129.363,28.2187],[129.3634,28.216],[129.3644,28.2159],[129.364,28.2142],[129.3615,28.212],[129.3626,28.2107],[129.3657,28.2103],[129.3695,28.2071],[129.3711,28.2041],[129.3764,28.2051],[129.3766,28.207],[129.3808,28.213],[129.3895,28.212],[129.3957,28.2161],[129.4028,28.2181],[129.4054,28.2122],[129.4069,28.2119],[129.4082,28.2131],[129.4107,28.2121],[129.4157,28.2135],[129.4163,28.2111],[129.4179,28.211],[129.4184,28.2094],[129.4217,28.2073],[129.4252,28.1981],[129.4252,28.1957],[129.4301,28.1934],[129.4265,28.192],[129.4254,28.1923],[129.4242,28.1918],[129.4239,28.1898],[129.4222,28.1902],[129.4206,28.1897],[129.4193,28.1884],[129.4191,28.1869],[129.4149,28.1903],[129.4128,28.1895],[129.4123,28.191],[129.4109,28.1922],[129.4074,28.1937],[129.4034,28.1914],[129.4026,28.1865],[129.4053,28.1841],[129.4077,28.1842],[129.4093,28.1822],[129.4079,28.1821],[129.4078,28.1801],[129.4087,28.1784],[129.4074,28.1765],[129.4076,28.1712],[129.4068,28.1702],[129.4048,28.17],[129.4041,28.1698],[129.4037,28.1692],[129.4043,28.1678],[129.4056,28.1671],[129.4042,28.1651],[129.405,28.1645],[129.4043,28.1629],[129.4051,28.1633],[129.4046,28.1622],[129.4051,28.1595],[129.4038,28.1585],[129.4048,28.1576],[129.4036,28.1568],[129.4034,28.1562],[129.4024,28.157],[129.4011,28.1565],[129.402,28.1549],[129.401,28.1538],[129.3996,28.1545],[129.399,28.1574],[129.397,28.1588],[129.396,28.1588],[129.395,28.1578],[129.3946,28.1593],[129.3876,28.1623],[129.3859,28.1621],[129.3848,28.1608],[129.3838,28.1608],[129.384,28.164],[129.3818,28.1657],[129.378,28.1654],[129.3764,28.1646],[129.3764,28.1638],[129.376,28.1634],[129.3757,28.1632],[129.3715,28.1654],[129.3682,28.1654],[129.3653,28.1642],[129.3649,28.1635],[129.3638,28.1641],[129.3631,28.163],[129.3618,28.1639],[129.3638,28.1656],[129.3636,28.1686],[129.3605,28.1702],[129.3569,28.1695],[129.3569,28.1713],[129.3508,28.1741],[129.3479,28.1732],[129.3478,28.1716],[129.3454,28.1715],[129.3427,28.1697],[129.338,28.1702],[129.3372,28.1689],[129.3372,28.1668],[129.3415,28.1634],[129.3471,28.1614],[129.3488,28.1588],[129.3525,28.1565],[129.3547,28.1564],[129.3562,28.1541],[129.3555,28.1522],[129.3577,28.1496],[129.363,28.1486],[129.364,28.151],[129.365,28.1509],[129.3651,28.148],[129.3651,28.1481],[129.3652,28.148],[129.3651,28.148],[129.3651,28.1469],[129.3663,28.1447],[129.3682,28.1421],[129.3692,28.1412],[129.3687,28.1392],[129.3698,28.1373],[129.3702,28.1369],[129.3714,28.1368],[129.3699,28.1351],[129.3707,28.1344],[129.3738,28.1355],[129.3711,28.1326],[129.3716,28.1298],[129.379,28.1251],[129.3777,28.124],[129.3785,28.1215],[129.3772,28.1188],[129.3794,28.1174],[129.3785,28.1154],[129.3803,28.113],[129.3781,28.1089],[129.3768,28.1113],[129.3732,28.1128],[129.3705,28.111],[129.3663,28.1117],[129.3691,28.1162],[129.3678,28.1177],[129.3621,28.1196],[129.3637,28.1234],[129.3612,28.1257],[129.3583,28.1259],[129.3617,28.1269],[129.3616,28.128],[129.3618,28.127],[129.364,28.128],[129.3641,28.1272],[129.3675,28.1302],[129.3598,28.1319],[129.3606,28.1347],[129.3585,28.136],[129.3548,28.1362],[129.349,28.1302],[129.3469,28.1321],[129.3471,28.1347],[129.3454,28.1385],[129.3409,28.1385],[129.3379,28.1367],[129.3379,28.1323],[129.3388,28.1309],[129.333,28.1291],[129.3311,28.1347],[129.3291,28.1354],[129.3256,28.1353],[129.3236,28.1339],[129.323,28.132],[129.3218,28.1325],[129.3216,28.1359],[129.32,28.1368],[129.3174,28.1407],[129.3179,28.1413],[129.3161,28.1425],[129.3175,28.1434],[129.3148,28.1433],[129.3156,28.1428],[129.3157,28.1426],[129.3133,28.1444],[129.3143,28.1458],[129.313,28.146],[129.3122,28.1442],[129.3132,28.144],[129.3099,28.1443],[129.3074,28.1452],[129.3084,28.1449],[129.3081,28.146],[129.3094,28.1468],[129.3073,28.1473],[129.3068,28.1454],[129.3048,28.1482],[129.3018,28.1485],[129.3032,28.1495],[129.3021,28.1501],[129.3013,28.15],[129.3019,28.149],[129.3012,28.1493],[129.3013,28.1501],[129.2995,28.1502],[129.2957,28.1484],[129.2956,28.1516],[129.2914,28.1539],[129.2917,28.1564],[129.2947,28.1554],[129.2967,28.1573],[129.2968,28.161],[129.2869,28.1624],[129.2875,28.1653],[129.284,28.1658],[129.2865,28.1667],[129.287,28.169],[129.2914,28.1663],[129.2935,28.1662],[129.2936,28.1685],[129.2974,28.1683],[129.2975,28.1714],[129.2948,28.1728],[129.2924,28.1724],[129.2897,28.1746],[129.2924,28.1751],[129.2945,28.1781],[129.2922,28.1823],[129.2827,28.1781],[129.2832,28.1822],[129.282,28.185],[129.2828,28.1856],[129.2852,28.184],[129.2902,28.1886],[129.2868,28.1907],[129.2863,28.189],[129.2846,28.1884],[129.285,28.1929],[129.2829,28.1949],[129.2833,28.1974],[129.2812,28.1974],[129.2805,28.194],[129.2821,28.1908],[129.2797,28.1894],[129.2798,28.1874],[129.2745,28.1863],[129.2749,28.1819],[129.2688,28.1815],[129.2667,28.1832],[129.2631,28.1831],[129.2625,28.1862],[129.2663,28.1905],[129.2645,28.1933],[129.2686,28.1972],[129.2702,28.1962],[129.2725,28.1984],[129.2727,28.2071],[129.2746,28.207],[129.2753,28.2087],[129.2805,28.2083],[129.2844,28.213],[129.2875,28.2116],[129.2889,28.2136],[129.2862,28.2153],[129.2861,28.2174],[129.2901,28.2159],[129.2909,28.2185],[129.2924,28.2178],[129.295,28.2191],[129.2941,28.2231],[129.292,28.2231],[129.2923,28.2208],[129.2895,28.2227],[129.2875,28.2216],[129.2859,28.2228],[129.2834,28.2208],[129.2807,28.2216],[129.2789,28.2178],[129.2773,28.2186],[129.2736,28.216],[129.2714,28.2165],[129.2672,28.2145],[129.2624,28.2152],[129.2615,28.2159],[129.2628,28.2184],[129.2691,28.2188],[129.2686,28.2223],[129.2761,28.224],[129.2763,28.2249],[129.2743,28.226],[129.2775,28.2275],[129.2764,28.2292],[129.2771,28.2315],[129.275,28.2324],[129.2707,28.2287],[129.2683,28.2281],[129.2674,28.2308],[129.2688,28.2315],[129.2663,28.2321],[129.2631,28.2245],[129.2621,28.2321],[129.2608,28.2322],[129.2596,28.2305],[129.2599,28.2281],[129.2584,28.2269],[129.2576,28.2315],[129.2543,28.2334],[129.2529,28.2319],[129.2528,28.231],[129.2534,28.2307],[129.2535,28.2304],[129.2526,28.2307],[129.2537,28.2298],[129.252,28.2294],[129.2518,28.2279],[129.2541,28.2246],[129.2523,28.2215],[129.2542,28.2194],[129.2522,28.2165],[129.2487,28.2157],[129.2481,28.2139],[129.2495,28.212],[129.2527,28.2123],[129.2537,28.2105],[129.2553,28.2112],[129.2569,28.2101],[129.2577,28.2057],[129.2514,28.2035],[129.2472,28.2036],[129.2423,28.209],[129.2423,28.2157],[129.2407,28.2181],[129.2318,28.2209],[129.2297,28.219],[129.2248,28.2221],[129.2219,28.2221],[129.2192,28.224],[129.2201,28.2248],[129.2181,28.2293],[129.214,28.2272],[129.2129,28.2191],[129.2088,28.2198],[129.203,28.2183],[129.2042,28.22],[129.2038,28.2206],[129.2038,28.2206],[129.2033,28.2213],[129.2013,28.2228],[129.2013,28.2238],[129.2003,28.2251],[129.1946,28.2277],[129.1911,28.2266],[129.1899,28.2232],[129.188,28.2233],[129.1854,28.2217],[129.1814,28.2239],[129.1777,28.2237],[129.1772,28.2267],[129.1757,28.2271],[129.1747,28.2344],[129.1733,28.2358],[129.1741,28.238],[129.1731,28.2395],[129.1724,28.2392],[129.1715,28.2392],[129.1724,28.2392],[129.1729,28.2396],[129.1723,28.2402],[129.17,28.2395],[129.171,28.2415],[129.1703,28.2425],[129.1631,28.2431],[129.1614,28.2412],[129.1628,28.2381],[129.1604,28.237],[129.1571,28.2381],[129.1526,28.2368],[129.1524,28.2364],[129.152,28.2365],[129.1527,28.2374],[129.1504,28.2382],[129.1518,28.2402],[129.1503,28.2459],[129.1477,28.247],[129.1449,28.2457],[129.1436,28.2462],[129.1444,28.2469],[129.1433,28.2476],[129.1441,28.249],[129.1436,28.2495],[129.1447,28.25],[129.143,28.2501],[129.1434,28.252],[129.1416,28.2515],[129.1407,28.2524],[129.1382,28.252],[129.1375,28.2536],[129.136,28.2527],[129.1352,28.2544],[129.1338,28.2541],[129.1349,28.2552],[129.1456,28.2548],[129.1486,28.2516],[129.1515,28.2504],[129.1571,28.2519],[129.1632,28.2491],[129.1652,28.2502],[129.1709,28.2495],[129.1766,28.2514],[129.1829,28.2503],[129.1875,28.2462],[129.1873,28.2439],[129.1891,28.2416],[129.1945,28.2413],[129.2013,28.2427],[129.2063,28.2379],[129.2104,28.2384],[129.2117,28.2397],[129.2203,28.2397],[129.2266,28.242],[129.2322,28.2346],[129.246,28.2371]]],[[[129.271,28.2043],[129.271,28.2041],[129.2707,28.2043],[129.271,28.2043]]],[[[129.2718,28.2046],[129.2717,28.2047],[129.2718,28.2046],[129.2718,28.2046]]],[[[129.3184,28.061],[129.3185,28.0609],[129.3184,28.0609],[129.3184,28.061]]],[[[129.3185,28.0613],[129.3184,28.0613],[129.3185,28.0614],[129.3185,28.0613]]],[[[129.3188,28.062],[129.3189,28.0619],[129.3188,28.0619],[129.3188,28.062]]],[[[129.3172,28.0628],[129.3175,28.0628],[129.3173,28.0627],[129.3172,28.0628]]],[[[129.32,28.0631],[129.3198,28.0628],[129.3197,28.0629],[129.32,28.0631]]],[[[129.3168,28.0635],[129.3167,28.0635],[129.3166,28.0635],[129.3168,28.0635]]],[[[129.2878,28.0636],[129.2878,28.0636],[129.2879,28.0636],[129.2878,28.0636]]],[[[129.3175,28.0634],[129.3171,28.0637],[129.3175,28.064],[129.3175,28.0634]]],[[[129.3179,28.0644],[129.3179,28.0643],[129.3178,28.0643],[129.3179,28.0644]]],[[[129.3179,28.0645],[129.3179,28.0645],[129.318,28.0647],[129.3179,28.0645]]],[[[129.3216,28.065],[129.3218,28.0649],[129.3218,28.0648],[129.3216,28.065]]],[[[129.323,28.0663],[129.3229,28.0662],[129.3229,28.0663],[129.323,28.0663]]],[[[129.2897,28.0667],[129.2899,28.0666],[129.2896,28.0665],[129.2897,28.0667]]],[[[129.2894,28.0668],[129.2892,28.0668],[129.2893,28.0669],[129.2894,28.0668]]],[[[129.3318,28.0686],[129.3319,28.0684],[129.3318,28.0685],[129.3318,28.0686]]],[[[129.3313,28.0688],[129.3313,28.0684],[129.3311,28.0685],[129.3313,28.0688]]],[[[129.3242,28.0687],[129.3242,28.0685],[129.3241,28.0685],[129.3242,28.0687]]],[[[129.3309,28.0725],[129.3309,28.0724],[129.3309,28.0725],[129.3309,28.0725]]],[[[129.3317,28.0725],[129.3316,28.0725],[129.3316,28.0726],[129.3317,28.0725]]],[[[129.3309,28.0727],[129.3309,28.0726],[129.3308,28.0726],[129.3309,28.0727]]],[[[129.3309,28.073],[129.3311,28.0729],[129.331,28.0729],[129.3309,28.073]]],[[[129.3345,28.0739],[129.3345,28.074],[129.3346,28.0739],[129.3345,28.0739]]],[[[129.3351,28.0744],[129.3352,28.0744],[129.3351,28.0743],[129.3351,28.0744]]],[[[129.3143,28.0758],[129.3141,28.0757],[129.3141,28.0757],[129.3143,28.0758]]],[[[129.3149,28.076],[129.3148,28.0761],[129.3148,28.0762],[129.3149,28.076]]],[[[129.315,28.0765],[129.3151,28.0763],[129.315,28.0764],[129.315,28.0765]]],[[[129.3161,28.0765],[129.3163,28.0764],[129.3162,28.0763],[129.3161,28.0765]]],[[[129.3152,28.0765],[129.3155,28.0769],[129.3158,28.0764],[129.3152,28.0765]]],[[[129.3168,28.0773],[129.3168,28.0774],[129.3169,28.0774],[129.3168,28.0773]]],[[[129.317,28.0775],[129.3169,28.0775],[129.3169,28.0776],[129.317,28.0775]]],[[[129.2884,28.0848],[129.2885,28.0848],[129.2884,28.0847],[129.2884,28.0848]]],[[[129.292,28.0871],[129.2922,28.0872],[129.2921,28.087],[129.292,28.0871]]],[[[129.3021,28.0879],[129.3021,28.0879],[129.3021,28.0878],[129.3021,28.0879]]],[[[129.302,28.0881],[129.302,28.088],[129.3019,28.088],[129.302,28.0881]]],[[[129.32,28.0882],[129.3202,28.0881],[129.3201,28.0881],[129.32,28.0882]]],[[[129.2986,28.0884],[129.2986,28.0885],[129.2987,28.0885],[129.2986,28.0884]]],[[[129.2985,28.0887],[129.2982,28.0883],[129.298,28.0886],[129.2985,28.0887]]],[[[129.3202,28.0888],[129.3203,28.0884],[129.3202,28.0883],[129.3202,28.0888]]],[[[129.3014,28.0887],[129.3014,28.0888],[129.3014,28.0888],[129.3014,28.0887]]],[[[129.3003,28.0893],[129.3004,28.0893],[129.3003,28.0893],[129.3003,28.0893]]],[[[129.3003,28.0894],[129.3003,28.0894],[129.3003,28.0895],[129.3003,28.0894]]],[[[129.3004,28.0895],[129.3006,28.0895],[129.3005,28.0894],[129.3004,28.0895]]],[[[129.2942,28.0903],[129.2942,28.0904],[129.2943,28.0903],[129.2942,28.0903]]],[[[129.2951,28.0905],[129.2952,28.0906],[129.2952,28.0906],[129.2951,28.0905]]],[[[129.2948,28.0908],[129.2948,28.0909],[129.2948,28.0909],[129.2948,28.0908]]],[[[129.2951,28.0909],[129.295,28.0909],[129.295,28.0909],[129.2951,28.0909]]],[[[129.3247,28.0911],[129.3244,28.091],[129.3244,28.0911],[129.3247,28.0911]]],[[[129.2948,28.091],[129.2948,28.0911],[129.2948,28.0911],[129.2948,28.091]]],[[[129.3139,28.0923],[129.3139,28.0924],[129.314,28.0924],[129.3139,28.0923]]],[[[129.3142,28.0928],[129.3142,28.0927],[129.3141,28.0927],[129.3142,28.0928]]],[[[129.3192,28.1084],[129.3191,28.108],[129.319,28.1082],[129.3192,28.1084]]],[[[129.3333,28.1111],[129.3331,28.1112],[129.3331,28.1113],[129.3333,28.1111]]],[[[129.3329,28.1114],[129.333,28.1114],[129.333,28.1112],[129.3329,28.1114]]],[[[129.3325,28.1119],[129.3325,28.1119],[129.3325,28.1119],[129.3325,28.1119]]],[[[129.3324,28.1119],[129.3325,28.112],[129.3324,28.1119],[129.3324,28.1119]]],[[[129.3324,28.1129],[129.3325,28.1128],[129.3324,28.1128],[129.3324,28.1129]]],[[[129.3324,28.1131],[129.3325,28.113],[129.3323,28.113],[129.3324,28.1131]]],[[[129.3323,28.1132],[129.3324,28.1134],[129.3324,28.1133],[129.3323,28.1132]]],[[[129.3322,28.1139],[129.3323,28.1135],[129.3321,28.1135],[129.3322,28.1139]]],[[[129.3145,28.1143],[129.3144,28.1142],[129.3144,28.1143],[129.3145,28.1143]]],[[[129.3147,28.1144],[129.3146,28.1143],[129.3146,28.1144],[129.3147,28.1144]]],[[[129.2973,28.1151],[129.2973,28.1152],[129.2974,28.1151],[129.2973,28.1151]]],[[[129.3262,28.1152],[129.3263,28.1152],[129.3262,28.1151],[129.3262,28.1152]]],[[[129.3264,28.1159],[129.3264,28.1157],[129.3264,28.1157],[129.3264,28.1159]]],[[[129.3264,28.116],[129.3265,28.1161],[129.3266,28.116],[129.3264,28.116]]],[[[129.3269,28.1163],[129.3269,28.1164],[129.3269,28.1163],[129.3269,28.1163]]],[[[129.3268,28.1164],[129.3268,28.1164],[129.3269,28.1164],[129.3268,28.1164]]],[[[129.3269,28.1165],[129.3269,28.1166],[129.327,28.1165],[129.3269,28.1165]]],[[[129.3272,28.117],[129.3272,28.1169],[129.3271,28.1169],[129.3272,28.117]]],[[[129.3272,28.1172],[129.3273,28.1171],[129.3272,28.1171],[129.3272,28.1172]]],[[[129.328,28.1175],[129.328,28.1176],[129.3281,28.1176],[129.328,28.1175]]],[[[129.3278,28.1176],[129.3278,28.1176],[129.3278,28.1176],[129.3278,28.1176]]],[[[129.3284,28.1179],[129.3283,28.1178],[129.3282,28.1178],[129.3284,28.1179]]],[[[129.3287,28.1183],[129.3286,28.1183],[129.3286,28.1183],[129.3287,28.1183]]],[[[129.3046,28.1218],[129.3047,28.1218],[129.3047,28.1218],[129.3046,28.1218]]],[[[129.3029,28.1224],[129.3028,28.1224],[129.3027,28.1225],[129.3029,28.1224]]],[[[129.3026,28.1226],[129.3026,28.1225],[129.3025,28.1225],[129.3026,28.1226]]],[[[129.3228,28.1318],[129.3227,28.1319],[129.3228,28.1319],[129.3228,28.1318]]],[[[129.3229,28.132],[129.323,28.132],[129.323,28.132],[129.3229,28.132]]],[[[129.3215,28.1323],[129.3215,28.1323],[129.3216,28.1324],[129.3217,28.1324],[129.3215,28.1323]]],[[[129.3217,28.1325],[129.3217,28.1324],[129.3217,28.1325],[129.3217,28.1325]]],[[[129.3237,28.1332],[129.3237,28.1331],[129.3236,28.1332],[129.3237,28.1332]]],[[[129.3377,28.0743],[129.3377,28.0743],[129.3377,28.0743],[129.3377,28.0743]]],[[[129.3375,28.0751],[129.3376,28.075],[129.3375,28.075],[129.3375,28.0751]]],[[[129.3417,28.0751],[129.3417,28.0752],[129.3417,28.0752],[129.3417,28.0751]]],[[[129.3404,28.075],[129.34,28.0753],[129.3403,28.0754],[129.3404,28.075]]],[[[129.3399,28.0755],[129.3401,28.0755],[129.34,28.0755],[129.3399,28.0755]]],[[[129.3413,28.0757],[129.3413,28.0755],[129.341,28.0756],[129.3413,28.0757]]],[[[129.3374,28.0756],[129.3373,28.0756],[129.3373,28.0757],[129.3374,28.0756]]],[[[129.3398,28.0757],[129.3397,28.0756],[129.3398,28.0757],[129.3398,28.0757]]],[[[129.3405,28.0757],[129.3404,28.0757],[129.3405,28.0758],[129.3405,28.0757]]],[[[129.3399,28.0758],[129.3401,28.0759],[129.3402,28.0758],[129.3399,28.0758]]],[[[129.3376,28.076],[129.3375,28.0759],[129.3375,28.076],[129.3376,28.076]]],[[[129.3412,28.0759],[129.3402,28.076],[129.3405,28.0765],[129.3412,28.0759]]],[[[129.3416,28.0764],[129.3416,28.0763],[129.3416,28.0763],[129.3416,28.0764]]],[[[129.3412,28.0766],[129.3413,28.0764],[129.3412,28.0765],[129.3412,28.0766]]],[[[129.3411,28.0766],[129.3409,28.0766],[129.3409,28.0766],[129.3411,28.0766]]],[[[129.3416,28.0765],[129.3415,28.0766],[129.3417,28.0767],[129.3416,28.0765]]],[[[129.3423,28.0768],[129.3423,28.0767],[129.3421,28.0767],[129.3423,28.0768]]],[[[129.3417,28.0769],[129.3419,28.0772],[129.342,28.077],[129.3417,28.0769]]],[[[129.3413,28.0772],[129.3412,28.077],[129.3412,28.0771],[129.3413,28.0772]]],[[[129.3423,28.077],[129.342,28.0775],[129.3424,28.0775],[129.3423,28.077]]],[[[129.342,28.0793],[129.3423,28.0797],[129.3423,28.0792],[129.342,28.0793]]],[[[129.3426,28.0794],[129.3427,28.0798],[129.3427,28.0794],[129.3426,28.0794]]],[[[129.3419,28.0812],[129.3419,28.0812],[129.3419,28.0812],[129.3419,28.0812]]],[[[129.3422,28.0812],[129.3422,28.0813],[129.3422,28.0812],[129.3422,28.0812]]],[[[129.342,28.0814],[129.3419,28.0814],[129.3419,28.0814],[129.342,28.0814]]],[[[129.3426,28.0814],[129.3425,28.0815],[129.3426,28.0815],[129.3426,28.0814]]],[[[129.3416,28.0824],[129.3418,28.0824],[129.3418,28.0822],[129.3416,28.0824]]],[[[129.3418,28.0826],[129.3417,28.0827],[129.3418,28.0827],[129.3418,28.0826]]],[[[129.3435,28.0834],[129.3437,28.0832],[129.3436,28.0831],[129.3435,28.0834]]],[[[129.3434,28.0857],[129.3436,28.0857],[129.3435,28.0856],[129.3434,28.0857]]],[[[129.3443,28.0885],[129.3441,28.0885],[129.3442,28.0886],[129.3443,28.0885]]],[[[129.3454,28.0887],[129.3454,28.0888],[129.3455,28.0888],[129.3454,28.0887]]],[[[129.3458,28.0888],[129.3458,28.0889],[129.3458,28.0888],[129.3458,28.0888]]],[[[129.3478,28.0904],[129.3474,28.0899],[129.3473,28.0904],[129.3478,28.0904]]],[[[129.3487,28.0949],[129.3489,28.0945],[129.3484,28.0944],[129.3487,28.0949]]],[[[129.3484,28.0958],[129.3486,28.0958],[129.3485,28.0957],[129.3484,28.0958]]],[[[129.3527,28.0988],[129.3526,28.0987],[129.3525,28.0987],[129.3527,28.0988]]],[[[129.3518,28.0997],[129.3517,28.0997],[129.3518,28.0997],[129.3518,28.0997]]],[[[129.3541,28.1034],[129.3539,28.1037],[129.3544,28.1037],[129.3541,28.1034]]],[[[129.3547,28.1041],[129.3547,28.104],[129.3547,28.104],[129.3547,28.1041]]],[[[129.3548,28.1041],[129.3548,28.1042],[129.3548,28.1041],[129.3548,28.1041]]],[[[129.3556,28.1047],[129.3558,28.1046],[129.3556,28.1046],[129.3556,28.1047]]],[[[129.3541,28.1058],[129.3541,28.1059],[129.3542,28.1059],[129.3541,28.1058]]],[[[129.3552,28.1062],[129.3554,28.1063],[129.3554,28.1061],[129.3552,28.1062]]],[[[129.3544,28.1063],[129.3545,28.1062],[129.3545,28.1062],[129.3544,28.1063]]],[[[129.3557,28.1065],[129.3555,28.1064],[129.3555,28.1065],[129.3557,28.1065]]],[[[129.3546,28.1066],[129.3548,28.1066],[129.3547,28.1065],[129.3546,28.1066]]],[[[129.3551,28.1068],[129.3552,28.1066],[129.3551,28.1066],[129.3551,28.1068]]],[[[129.3539,28.1073],[129.3539,28.1072],[129.3539,28.1072],[129.3539,28.1073]]],[[[129.366,28.1122],[129.3662,28.112],[129.366,28.112],[129.366,28.1122]]],[[[129.366,28.118],[129.3658,28.1179],[129.3657,28.118],[129.366,28.118]]],[[[129.3656,28.1182],[129.3657,28.1181],[129.3656,28.1181],[129.3656,28.1182]]],[[[129.3644,28.1184],[129.3643,28.1184],[129.3643,28.1184],[129.3644,28.1184]]],[[[129.3622,28.1194],[129.3621,28.1194],[129.3621,28.1194],[129.3622,28.1194]]],[[[129.3617,28.1196],[129.3618,28.1194],[129.3617,28.1194],[129.3617,28.1196]]],[[[129.3613,28.1197],[129.3614,28.1195],[129.3613,28.1196],[129.3613,28.1197]]],[[[129.3615,28.12],[129.3617,28.1202],[129.3616,28.1199],[129.3615,28.12]]],[[[129.3574,28.1254],[129.3573,28.1254],[129.3574,28.1256],[129.3574,28.1254]]],[[[129.3393,28.1302],[129.3392,28.1301],[129.3391,28.1302],[129.3393,28.1302]]],[[[129.3399,28.1305],[129.3389,28.1304],[129.339,28.1308],[129.3399,28.1305]]],[[[129.3472,28.1314],[129.3472,28.1316],[129.3472,28.1316],[129.3472,28.1314]]],[[[129.347,28.1317],[129.3469,28.1318],[129.347,28.1318],[129.347,28.1317]]],[[[129.3659,28.1514],[129.3654,28.1526],[129.3665,28.1515],[129.3659,28.1514]]],[[[129.3663,28.1527],[129.3663,28.1527],[129.3663,28.1527],[129.3663,28.1527]]],[[[129.3662,28.1531],[129.3662,28.1529],[129.3661,28.153],[129.3662,28.1531]]],[[[129.3566,28.1543],[129.3564,28.1542],[129.3564,28.1544],[129.3566,28.1543]]],[[[129.3641,28.1625],[129.364,28.1625],[129.364,28.1625],[129.3641,28.1625]]],[[[129.3494,28.1625],[129.3495,28.1626],[129.3495,28.1625],[129.3494,28.1625]]],[[[129.3493,28.1626],[129.3492,28.1625],[129.3492,28.1627],[129.3493,28.1626]]],[[[129.3498,28.1627],[129.3496,28.1626],[129.3496,28.1627],[129.3498,28.1627]]],[[[129.364,28.1627],[129.364,28.1628],[129.364,28.1629],[129.364,28.1627]]],[[[129.3643,28.1629],[129.3643,28.163],[129.3643,28.163],[129.3643,28.1629]]],[[[129.3652,28.1637],[129.3652,28.1639],[129.3653,28.1637],[129.3652,28.1637]]],[[[129.3661,28.164],[129.366,28.1644],[129.3662,28.164],[129.3661,28.164]]],[[[129.3565,28.169],[129.3564,28.169],[129.3564,28.1692],[129.3565,28.169]]],[[[129.3568,28.1692],[129.3569,28.1694],[129.3569,28.1692],[129.3568,28.1692]]],[[[129.3566,28.1695],[129.3567,28.1693],[129.3566,28.1692],[129.3566,28.1695]]],[[[129.3422,28.1695],[129.3423,28.1694],[129.3421,28.1694],[129.3422,28.1695]]],[[[129.3483,28.1707],[129.3482,28.1707],[129.3483,28.1708],[129.3483,28.1707]]],[[[129.3485,28.1709],[129.3485,28.1709],[129.3485,28.1709],[129.3485,28.1709]]],[[[129.348,28.1712],[129.3483,28.1711],[129.3481,28.171],[129.348,28.1712]]],[[[129.3484,28.1712],[129.3484,28.1711],[129.3484,28.1711],[129.3484,28.1712]]],[[[129.3779,28.1062],[129.3777,28.1064],[129.378,28.1063],[129.3779,28.1062]]],[[[129.3785,28.1068],[129.3782,28.1068],[129.3788,28.1089],[129.3785,28.1068]]],[[[129.3784,28.109],[129.3787,28.1091],[129.3786,28.1088],[129.3784,28.109]]],[[[129.3703,28.1104],[129.3702,28.1104],[129.3702,28.1105],[129.3703,28.1104]]],[[[129.3685,28.1108],[129.3686,28.1108],[129.3686,28.1107],[129.3685,28.1108]]],[[[129.3665,28.1107],[129.3663,28.1106],[129.3664,28.1108],[129.3665,28.1107]]],[[[129.3697,28.111],[129.37,28.1109],[129.37,28.1106],[129.3697,28.111]]],[[[129.3691,28.1109],[129.3692,28.1108],[129.3691,28.1108],[129.3691,28.1109]]],[[[129.3681,28.1111],[129.3682,28.1111],[129.3681,28.111],[129.3681,28.1111]]],[[[129.3663,28.1112],[129.3662,28.1113],[129.3664,28.1113],[129.3663,28.1112]]],[[[129.3801,28.1116],[129.3801,28.1114],[129.38,28.1114],[129.3801,28.1116]]],[[[129.3751,28.1119],[129.3752,28.1118],[129.3751,28.1116],[129.3751,28.1119]]],[[[129.38,28.1118],[129.38,28.1121],[129.3801,28.112],[129.38,28.1118]]],[[[129.3666,28.1126],[129.3665,28.1126],[129.3665,28.1126],[129.3666,28.1126]]],[[[129.381,28.1134],[129.3814,28.1131],[129.3812,28.1129],[129.381,28.1134]]],[[[129.3671,28.1135],[129.3671,28.1135],[129.367,28.1134],[129.3671,28.1135]]],[[[129.3807,28.1144],[129.3806,28.1143],[129.3805,28.1143],[129.3807,28.1144]]],[[[129.3813,28.1142],[129.3808,28.1139],[129.381,28.1145],[129.3805,28.115],[129.3815,28.1149],[129.3813,28.1142]]],[[[129.3797,28.1171],[129.3796,28.1172],[129.3796,28.1174],[129.3797,28.1171]]],[[[129.3808,28.1175],[129.3808,28.1172],[129.3807,28.1173],[129.3808,28.1175]]],[[[129.3786,28.1213],[129.3787,28.1213],[129.3786,28.1212],[129.3786,28.1213]]],[[[129.3787,28.1217],[129.3786,28.1218],[129.3786,28.1219],[129.3787,28.1217]]],[[[129.3788,28.1221],[129.3787,28.1222],[129.3788,28.1222],[129.3788,28.1221]]],[[[129.3786,28.1228],[129.3785,28.1229],[129.3787,28.1229],[129.3786,28.1228]]],[[[129.3793,28.1239],[129.3793,28.1241],[129.3799,28.1242],[129.3793,28.1239]]],[[[129.38,28.1247],[129.3797,28.1247],[129.38,28.1253],[129.38,28.1247]]],[[[129.3801,28.1254],[129.3801,28.1256],[129.3803,28.1255],[129.3801,28.1254]]],[[[129.3733,28.1298],[129.3732,28.1298],[129.3733,28.1298],[129.3733,28.1298]]],[[[129.3725,28.1307],[129.3724,28.1307],[129.3725,28.1308],[129.3725,28.1307]]],[[[129.3723,28.133],[129.3722,28.1328],[129.3719,28.1329],[129.3723,28.133]]],[[[129.3723,28.1333],[129.3724,28.1332],[129.3723,28.1332],[129.3723,28.1333]]],[[[129.3728,28.1336],[129.3725,28.1333],[129.3727,28.1336],[129.3728,28.1336]]],[[[129.3733,28.1347],[129.3734,28.1347],[129.3733,28.1346],[129.3733,28.1347]]],[[[129.3717,28.1369],[129.3717,28.137],[129.3718,28.137],[129.3717,28.1369]]],[[[129.3704,28.137],[129.3703,28.1371],[129.3704,28.1371],[129.3704,28.137]]],[[[129.3704,28.1376],[129.3705,28.1377],[129.3705,28.1376],[129.3704,28.1376]]],[[[129.3702,28.138],[129.3703,28.138],[129.3702,28.1379],[129.3702,28.138]]],[[[129.3708,28.1381],[129.3708,28.138],[129.3707,28.138],[129.3708,28.1381]]],[[[129.3695,28.1408],[129.3696,28.1409],[129.3697,28.1408],[129.3695,28.1408]]],[[[129.3693,28.141],[129.3696,28.1412],[129.3694,28.1409],[129.3693,28.141]]],[[[129.3689,28.1417],[129.3689,28.1416],[129.3689,28.1417],[129.3689,28.1417]]],[[[129.3689,28.1419],[129.3689,28.142],[129.369,28.142],[129.3689,28.1419]]],[[[129.3687,28.1421],[129.3687,28.142],[129.3687,28.1421],[129.3687,28.1421]]],[[[129.3686,28.1421],[129.3685,28.1422],[129.3686,28.1421],[129.3686,28.1421]]],[[[129.3683,28.1423],[129.3684,28.1422],[129.3682,28.1423],[129.3683,28.1423]]],[[[129.3686,28.1424],[129.3684,28.1424],[129.3684,28.1424],[129.3686,28.1424]]],[[[129.3682,28.1424],[129.3682,28.1425],[129.3683,28.1424],[129.3682,28.1424]]],[[[129.3673,28.1438],[129.3673,28.1438],[129.3673,28.1437],[129.3673,28.1438]]],[[[129.3676,28.1505],[129.3674,28.1505],[129.3675,28.1506],[129.3676,28.1505]]],[[[129.367,28.1507],[129.3668,28.1506],[129.3669,28.1507],[129.367,28.1507]]],[[[129.3677,28.1517],[129.3678,28.1517],[129.3678,28.1516],[129.3677,28.1517]]],[[[129.3682,28.1518],[129.3683,28.1517],[129.3681,28.1517],[129.3682,28.1518]]],[[[129.3672,28.152],[129.3672,28.1521],[129.3673,28.152],[129.3672,28.152]]],[[[129.3672,28.1528],[129.3671,28.1527],[129.3671,28.1528],[129.3672,28.1528]]],[[[129.3663,28.1534],[129.3664,28.1535],[129.3664,28.1534],[129.3663,28.1534]]],[[[129.3989,28.1539],[129.3989,28.1538],[129.3987,28.1538],[129.3989,28.1539]]],[[[129.3832,28.1567],[129.3832,28.1564],[129.3831,28.1565],[129.3832,28.1567]]],[[[129.3958,28.1582],[129.3959,28.158],[129.3958,28.158],[129.3958,28.1582]]],[[[129.3926,28.1586],[129.3925,28.1587],[129.3926,28.1588],[129.3926,28.1586]]],[[[129.3941,28.1588],[129.394,28.1587],[129.3941,28.1588],[129.3941,28.1588]]],[[[129.393,28.1593],[129.3926,28.1589],[129.3925,28.159],[129.393,28.1593]]],[[[129.3938,28.159],[129.3939,28.1592],[129.3941,28.1591],[129.3938,28.159]]],[[[129.3934,28.1591],[129.3933,28.1592],[129.3934,28.1593],[129.3934,28.1591]]],[[[129.3853,28.1605],[129.3855,28.1603],[129.3853,28.1603],[129.3853,28.1605]]],[[[129.3846,28.1605],[129.3846,28.1604],[129.3845,28.1604],[129.3846,28.1605]]],[[[129.3848,28.1606],[129.3848,28.1604],[129.3847,28.1606],[129.3848,28.1606]]],[[[129.3906,28.1605],[129.3907,28.1606],[129.3907,28.1605],[129.3906,28.1605]]],[[[129.3851,28.1607],[129.385,28.1605],[129.385,28.1608],[129.3851,28.1607]]],[[[129.3909,28.1607],[129.3908,28.1607],[129.3908,28.1607],[129.3909,28.1607]]],[[[129.3903,28.1607],[129.3904,28.1608],[129.3904,28.1607],[129.3903,28.1607]]],[[[129.3901,28.1608],[129.3903,28.1608],[129.3902,28.1608],[129.3901,28.1608]]],[[[129.3896,28.161],[129.3897,28.1611],[129.3898,28.1611],[129.3896,28.161]]],[[[129.3896,28.1612],[129.3895,28.1612],[129.3895,28.1612],[129.3896,28.1612]]],[[[129.3855,28.1614],[129.3855,28.1612],[129.3854,28.1612],[129.3855,28.1614]]],[[[129.3889,28.1613],[129.3889,28.1614],[129.389,28.1614],[129.3889,28.1613]]],[[[129.386,28.1616],[129.3858,28.1616],[129.3859,28.1617],[129.386,28.1616]]],[[[129.3881,28.1617],[129.3883,28.1618],[129.3882,28.1616],[129.3881,28.1617]]],[[[129.3884,28.1618],[129.3885,28.1616],[129.3884,28.1617],[129.3884,28.1618]]],[[[129.3759,28.1631],[129.3761,28.163],[129.3761,28.163],[129.3759,28.1631]]],[[[129.3762,28.1631],[129.3762,28.1632],[129.3763,28.1632],[129.3762,28.1631]]],[[[129.3676,28.1646],[129.3677,28.1645],[129.3677,28.1645],[129.3676,28.1646]]],[[[129.3674,28.1647],[129.3673,28.1649],[129.3673,28.1649],[129.3674,28.1647]]],[[[129.4006,28.1525],[129.4005,28.1525],[129.4004,28.1526],[129.4006,28.1525]]],[[[129.4,28.1529],[129.4003,28.1524],[129.4,28.1524],[129.4,28.1529]]],[[[129.4003,28.1535],[129.3993,28.1526],[129.399,28.1543],[129.4003,28.1535]]],[[[129.403,28.1553],[129.403,28.1552],[129.4029,28.1553],[129.403,28.1553]]],[[[129.4032,28.1553],[129.4031,28.1554],[129.4032,28.1554],[129.4032,28.1553]]],[[[129.4033,28.1556],[129.4032,28.1558],[129.4033,28.1556],[129.4033,28.1556]]],[[[129.403,28.1557],[129.403,28.1559],[129.4031,28.1557],[129.403,28.1557]]],[[[129.4027,28.1563],[129.4025,28.1564],[129.4027,28.1565],[129.4027,28.1563]]],[[[129.4038,28.1566],[129.4038,28.1565],[129.4037,28.1566],[129.4038,28.1566]]],[[[129.404,28.1568],[129.4041,28.1569],[129.4041,28.1568],[129.404,28.1568]]],[[[129.4045,28.1582],[129.4046,28.1582],[129.4045,28.1581],[129.4045,28.1582]]],[[[129.4048,28.1583],[129.4048,28.1584],[129.4049,28.1583],[129.4048,28.1583]]],[[[129.4047,28.1586],[129.4047,28.1585],[129.4046,28.1585],[129.4047,28.1586]]],[[[129.4049,28.159],[129.405,28.1592],[129.4052,28.159],[129.4049,28.159]]],[[[129.4048,28.1591],[129.4048,28.159],[129.4047,28.1591],[129.4048,28.1591]]],[[[129.4052,28.1595],[129.4052,28.1595],[129.4052,28.1596],[129.4052,28.1595]]],[[[129.4051,28.1604],[129.4055,28.1602],[129.405,28.1601],[129.4051,28.1604]]],[[[129.4056,28.1603],[129.4056,28.1603],[129.4056,28.1603],[129.4056,28.1603]]],[[[129.4055,28.1611],[129.4056,28.1611],[129.4055,28.161],[129.4055,28.1611]]],[[[129.4054,28.161],[129.4052,28.161],[129.4051,28.1612],[129.4054,28.161]]],[[[129.4051,28.1619],[129.4052,28.1619],[129.4052,28.1619],[129.4051,28.1619]]],[[[129.4052,28.1645],[129.4052,28.1645],[129.4052,28.1645],[129.4052,28.1645]]],[[[129.4053,28.1675],[129.4053,28.1675],[129.4052,28.1675],[129.4053,28.1675]]],[[[129.4054,28.1676],[129.4054,28.1676],[129.4054,28.1676],[129.4054,28.1676]]],[[[129.4051,28.1679],[129.4052,28.1678],[129.4052,28.1678],[129.4051,28.1679]]],[[[129.4043,28.1685],[129.4043,28.1685],[129.4043,28.1684],[129.4043,28.1685]]],[[[129.4039,28.1692],[129.404,28.1691],[129.4039,28.169],[129.4039,28.1692]]],[[[129.4041,28.1696],[129.4041,28.1696],[129.404,28.1695],[129.4041,28.1696]]],[[[129.4042,28.1696],[129.4043,28.1697],[129.4043,28.1696],[129.4042,28.1696]]],[[[129.4062,28.1697],[129.4062,28.1698],[129.4063,28.1697],[129.4062,28.1697]]],[[[129.4056,28.1699],[129.4056,28.1699],[129.4055,28.1698],[129.4056,28.1699]]],[[[129.4078,28.1712],[129.4078,28.1712],[129.4077,28.1711],[129.4078,28.1712]]],[[[129.4077,28.1717],[129.4076,28.1717],[129.4077,28.1718],[129.4077,28.1717]]],[[[129.4079,28.1728],[129.408,28.173],[129.408,28.1727],[129.4079,28.1728]]],[[[129.408,28.173],[129.408,28.1731],[129.408,28.1732],[129.408,28.173]]],[[[129.4079,28.1749],[129.4079,28.1748],[129.4077,28.1749],[129.4079,28.1749]]],[[[129.4077,28.1761],[129.4077,28.1761],[129.4077,28.176],[129.4077,28.1761]]],[[[129.4086,28.1777],[129.4086,28.1776],[129.4086,28.1777],[129.4086,28.1777]]],[[[129.4086,28.178],[129.4087,28.178],[129.4087,28.1779],[129.4086,28.178]]],[[[129.4084,28.1796],[129.4084,28.1796],[129.4085,28.1795],[129.4084,28.1796]]],[[[129.4084,28.1806],[129.4088,28.1807],[129.4086,28.1805],[129.4084,28.1806]]],[[[129.408,28.1808],[129.408,28.1809],[129.4081,28.1807],[129.408,28.1808]]],[[[129.4091,28.1831],[129.4089,28.1832],[129.4091,28.1832],[129.4091,28.1831]]],[[[129.4086,28.1834],[129.4085,28.1833],[129.4085,28.1834],[129.4086,28.1834]]],[[[129.4084,28.1839],[129.4085,28.1839],[129.4084,28.1838],[129.4084,28.1839]]],[[[129.4077,28.1848],[129.4078,28.1848],[129.4078,28.1847],[129.4077,28.1848]]],[[[129.4239,28.1861],[129.4239,28.1864],[129.424,28.1864],[129.4239,28.1861]]],[[[129.4182,28.1873],[129.4186,28.1868],[129.418,28.1869],[129.4182,28.1873]]],[[[129.4241,28.1868],[129.4243,28.1882],[129.4245,28.1868],[129.4241,28.1868]]],[[[129.4166,28.1876],[129.4167,28.1876],[129.4167,28.1876],[129.4166,28.1876]]],[[[129.4333,28.1879],[129.4333,28.1875],[129.4329,28.1874],[129.4333,28.1879]]],[[[129.4197,28.1881],[129.4196,28.1881],[129.4197,28.188],[129.4197,28.1881]]],[[[129.4195,28.1883],[129.4195,28.1882],[129.4195,28.1882],[129.4195,28.1883]]],[[[129.4196,28.1884],[129.4195,28.1884],[129.4196,28.1885],[129.4196,28.1884]]],[[[129.415,28.1889],[129.4151,28.1891],[129.4151,28.1889],[129.415,28.1889]]],[[[129.4242,28.189],[129.4239,28.1892],[129.4242,28.1893],[129.4242,28.189]]],[[[129.4239,28.1897],[129.424,28.1894],[129.4234,28.1889],[129.4239,28.1897]]],[[[129.4134,28.1895],[129.4134,28.1895],[129.4134,28.1894],[129.4134,28.1895]]],[[[129.4234,28.1896],[129.4235,28.1895],[129.4233,28.1895],[129.4234,28.1896]]],[[[129.424,28.1897],[129.4243,28.1899],[129.4243,28.1897],[129.424,28.1897]]],[[[129.4212,28.1898],[129.421,28.1898],[129.4211,28.1898],[129.4212,28.1898]]],[[[129.4215,28.1898],[129.4214,28.1898],[129.4215,28.1898],[129.4215,28.1898]]],[[[129.4216,28.1899],[129.4217,28.1898],[129.4216,28.1899],[129.4216,28.1899]]],[[[129.4123,28.1907],[129.4122,28.1907],[129.4122,28.1908],[129.4123,28.1907]]],[[[129.4121,28.1908],[129.412,28.1908],[129.412,28.1909],[129.4121,28.1908]]],[[[129.4244,28.1911],[129.4244,28.1911],[129.4245,28.191],[129.4244,28.1911]]],[[[129.4112,28.1913],[129.4111,28.1913],[129.4111,28.1914],[129.4112,28.1913]]],[[[129.4114,28.1914],[129.4113,28.1914],[129.4113,28.1915],[129.4114,28.1914]]],[[[129.4259,28.1919],[129.4258,28.1919],[129.4257,28.192],[129.4259,28.1919]]],[[[129.4253,28.1921],[129.4253,28.1921],[129.4252,28.1921],[129.4253,28.1921]]],[[[129.4287,28.1923],[129.4288,28.1922],[129.4287,28.1923],[129.4287,28.1923]]],[[[129.4081,28.1922],[129.4081,28.1924],[129.4082,28.1923],[129.4081,28.1922]]],[[[129.4092,28.1924],[129.4092,28.1925],[129.4092,28.1925],[129.4092,28.1924]]],[[[129.4087,28.1925],[129.4087,28.1924],[129.4086,28.1925],[129.4087,28.1925]]],[[[129.4078,28.1926],[129.4078,28.1924],[129.4076,28.1926],[129.4078,28.1926]]],[[[129.4288,28.1926],[129.4286,28.1927],[129.4288,28.1927],[129.4288,28.1926]]],[[[129.4079,28.1927],[129.4078,28.1928],[129.4079,28.1929],[129.4079,28.1927]]],[[[129.4083,28.1929],[129.4082,28.1929],[129.4083,28.193],[129.4083,28.1929]]],[[[129.4302,28.1931],[129.4301,28.1932],[129.4302,28.1932],[129.4302,28.1931]]],[[[129.4302,28.1934],[129.4303,28.1933],[129.4301,28.1934],[129.4302,28.1934]]]]}},{"type":"Feature","properties":{"code":"46527","name":"龍郷町","pref_code":"46","pref":"鹿児島県"},"geometry":{"type":"MultiPolygon","coordinates":[[[[129.5773,28.3543],[129.5774,28.3543],[129.5774,28.3542],[129.5773,28.3543]]],[[[129.5774,28.3547],[129.5774,28.3545],[129.5773,28.3545],[129.5774,28.3547]]],[[[129.5809,28.3575],[129.581,28.3573],[129.5809,28.3574],[129.5809,28.3575]]],[[[129.5809,28.3578],[129.581,28.3579],[129.581,28.3578],[129.5809,28.3578]]],[[[129.5812,28.3583],[129.5812,28.3583],[129.5812,28.3583],[129.5812,28.3583]]],[[[129.5813,28.3587],[129.5813,28.3588],[129.5813,28.3587],[129.5813,28.3587]]],[[[129.5839,28.3589],[129.5839,28.3589],[129.5839,28.3589],[129.5839,28.3589]]],[[[129.5816,28.3589],[129.5816,28.3589],[129.5816,28.3589],[129.5816,28.3589]]],[[[129.5816,28.359],[129.5816,28.3589],[129.5816,28.3589],[129.5816,28.359]]],[[[129.5841,28.3591],[129.5841,28.3591],[129.5842,28.3591],[129.5841,28.3591]]],[[[129.5839,28.3592],[129.5839,28.3594],[129.5839,28.3594],[129.5839,28.3592]]],[[[129.5835,28.3595],[129.5837,28.3594],[129.5837,28.3593],[129.5835,28.3595]]],[[[129.584,28.3594],[129.5841,28.3593],[129.5839,28.3595],[129.584,28.3594]]],[[[129.583,28.3595],[129.583,28.3595],[129.583,28.3595],[129.583,28.3595]]],[[[129.5838,28.3596],[129.5838,28.3597],[129.5838,28.3597],[129.5838,28.3596]]],[[[129.5844,28.3621],[129.5843,28.3618],[129.5841,28.362],[129.5844,28.3621]]],[[[129.5836,28.3627],[129.5836,28.3627],[129.5836,28.3627],[129.5836,28.3627]]],[[[129.5835,28.3629],[129.5836,28.3629],[129.5835,28.3628],[129.5835,28.3629]]],[[[129.5692,28.4575],[129.5685,28.4571],[129.5684,28.4572],[129.5692,28.4575]]],[[[129.5697,28.4578],[129.5697,28.4578],[129.5693,28.4576],[129.5697,28.4578]]],[[[129.5644,28.4578],[129.5644,28.4577],[129.5643,28.4578],[129.5644,28.4578]]],[[[129.5627,28.4589],[129.5627,28.4588],[129.5627,28.4589],[129.5627,28.4589]]],[[[129.5628,28.4591],[129.5628,28.459],[129.5628,28.459],[129.5628,28.4591]]],[[[129.5628,28.4593],[129.5628,28.4592],[129.5627,28.4593],[129.5628,28.4593]]],[[[129.5694,28.4598],[129.5693,28.4598],[129.5693,28.4598],[129.5694,28.4598]]],[[[129.5691,28.4602],[129.5692,28.4602],[129.5693,28.4601],[129.5691,28.4602]]],[[[129.5416,28.4604],[129.5416,28.4603],[129.5415,28.4603],[129.5416,28.4604]]],[[[129.5416,28.4612],[129.5413,28.4603],[129.541,28.4603],[129.5416,28.4612]]],[[[129.5411,28.4613],[129.5412,28.4612],[129.5412,28.4612],[129.5411,28.4613]]],[[[129.5439,28.4625],[129.544,28.4625],[129.544,28.4625],[129.5439,28.4625]]],[[[129.5443,28.4626],[129.5443,28.4625],[129.5442,28.4626],[129.5443,28.4626]]],[[[129.544,28.4627],[129.5441,28.4627],[129.5441,28.4626],[129.544,28.4627]]],[[[129.5438,28.4627],[129.5438,28.4628],[129.5438,28.4628],[129.5438,28.4627]]],[[[129.5429,28.4633],[129.5434,28.4628],[129.543,28.4629],[129.5429,28.4633]]],[[[129.5435,28.4634],[129.5434,28.4636],[129.5435,28.4635],[129.5435,28.4634]]],[[[129.5437,28.4639],[129.5439,28.4639],[129.5438,28.4638],[129.5437,28.4639]]],[[[129.5448,28.4643],[129.5449,28.4642],[129.5448,28.4642],[129.5448,28.4643]]],[[[129.5802,28.4682],[129.5802,28.4681],[129.5802,28.4681],[129.5802,28.4682]]],[[[129.5815,28.4682],[129.5814,28.4681],[129.5814,28.4682],[129.5815,28.4682]]],[[[129.5804,28.4683],[129.5805,28.4682],[129.5804,28.4682],[129.5804,28.4683]]],[[[129.5845,28.3582],[129.5847,28.3581],[129.5845,28.3581],[129.5845,28.3582]]],[[[129.5856,28.3588],[129.5859,28.3589],[129.5859,28.3585],[129.5856,28.3588]]],[[[129.5906,28.3656],[129.5904,28.3654],[129.5902,28.3654],[129.5906,28.3656]]],[[[129.5917,28.3656],[129.5917,28.3656],[129.5917,28.3656],[129.5917,28.3656]]],[[[129.5918,28.3657],[129.5918,28.3657],[129.5918,28.3657],[129.5918,28.3657]]],[[[129.5911,28.3659],[129.5908,28.3656],[129.5908,28.3658],[129.5911,28.3659]]],[[[129.5918,28.3658],[129.5917,28.3658],[129.5918,28.3658],[129.5918,28.3658]]],[[[129.5907,28.3658],[129.5909,28.3659],[129.5907,28.3658],[129.5907,28.3658]]],[[[129.5918,28.3659],[129.592,28.3659],[129.5919,28.3658],[129.5918,28.3659]]],[[[129.5915,28.3659],[129.5912,28.3658],[129.5913,28.366],[129.5915,28.3659]]],[[[129.5916,28.3662],[129.5917,28.3658],[129.5914,28.366],[129.5916,28.3662]]],[[[129.5921,28.3662],[129.5919,28.366],[129.5918,28.3661],[129.5921,28.3662]]],[[[129.592,28.3664],[129.5919,28.3664],[129.592,28.3664],[129.592,28.3664]]],[[[129.5946,28.3747],[129.5946,28.3748],[129.5946,28.3747],[129.5946,28.3747]]],[[[129.5948,28.3754],[129.5948,28.3754],[129.5948,28.3754],[129.5948,28.3754]]],[[[129.5948,28.3758],[129.5949,28.3758],[129.5948,28.3758],[129.5948,28.3758]]],[[[129.5961,28.3778],[129.5961,28.3779],[129.5962,28.3778],[129.5961,28.3778]]],[[[129.5965,28.3778],[129.5963,28.378],[129.5965,28.3779],[129.5965,28.3778]]],[[[129.5964,28.3782],[129.5964,28.3783],[129.5964,28.3782],[129.5964,28.3782]]],[[[129.5976,28.3799],[129.5976,28.3799],[129.5976,28.3799],[129.5976,28.3799]]],[[[129.5976,28.3801],[129.5976,28.3802],[129.5977,28.3802],[129.5976,28.3801]]],[[[129.5978,28.3807],[129.5978,28.3808],[129.5978,28.3808],[129.5978,28.3807]]],[[[129.5996,28.3821],[129.5996,28.382],[129.5996,28.382],[129.5996,28.3821]]],[[[129.5993,28.3821],[129.5993,28.3821],[129.5993,28.382],[129.5993,28.3821]]],[[[129.5992,28.3822],[129.5992,28.3822],[129.5993,28.3822],[129.5992,28.3822]]],[[[129.5995,28.3822],[129.5995,28.3822],[129.5995,28.3822],[129.5995,28.3822]]],[[[129.5998,28.3824],[129.5997,28.3824],[129.5998,28.3824],[129.5998,28.3824]]],[[[129.5998,28.3825],[129.5998,28.3825],[129.5998,28.3825],[129.5998,28.3825]]],[[[129.6005,28.3836],[129.6005,28.3836],[129.6004,28.3836],[129.6005,28.3836]]],[[[129.6101,28.3916],[129.6103,28.3915],[129.6101,28.3916],[129.6101,28.3916]]],[[[129.6108,28.393],[129.6109,28.393],[129.611,28.393],[129.6108,28.393]]],[[[129.611,28.3937],[129.6112,28.3935],[129.6109,28.3936],[129.611,28.3937]]],[[[129.6115,28.395],[129.6114,28.3951],[129.6115,28.3951],[129.6115,28.395]]],[[[129.6112,28.3959],[129.6112,28.396],[129.6112,28.3959],[129.6112,28.3959]]],[[[129.611,28.396],[129.611,28.3961],[129.6111,28.3961],[129.611,28.396]]],[[[129.6122,28.3975],[129.6121,28.3976],[129.6122,28.3976],[129.6122,28.3975]]],[[[129.6123,28.3981],[129.6121,28.3981],[129.6119,28.3982],[129.6123,28.3981]]],[[[129.616,28.4789],[129.6131,28.477],[129.6119,28.4765],[129.6119,28.4759],[129.6159,28.4776],[129.6196,28.4766],[129.6223,28.478],[129.6222,28.4755],[129.619,28.4725],[129.6216,28.4676],[129.6207,28.4666],[129.6182,28.4669],[129.6172,28.4654],[129.615,28.4656],[129.6129,28.4623],[129.6158,28.4602],[129.6127,28.4616],[129.6096,28.4559],[129.6057,28.4537],[129.605,28.4458],[129.6075,28.4392],[129.6065,28.4356],[129.5965,28.4357],[129.5962,28.4336],[129.5975,28.4327],[129.5967,28.4307],[129.5979,28.4294],[129.5946,28.4285],[129.5924,28.4259],[129.5944,28.4216],[129.5927,28.4209],[129.5906,28.4169],[129.5901,28.415],[129.5911,28.4146],[129.5901,28.4149],[129.5896,28.4137],[129.5941,28.4126],[129.5964,28.414],[129.5955,28.4168],[129.5925,28.4168],[129.5965,28.4192],[129.5984,28.4153],[129.602,28.4153],[129.6025,28.4203],[129.6015,28.4237],[129.6037,28.4279],[129.603,28.4317],[129.6109,28.4352],[129.6129,28.4373],[129.6145,28.4353],[129.6121,28.4319],[129.6179,28.4322],[129.6179,28.4348],[129.6198,28.4364],[129.6182,28.438],[129.6198,28.4403],[129.6152,28.4465],[129.6157,28.448],[129.62,28.4486],[129.6205,28.4509],[129.6211,28.4499],[129.6247,28.4498],[129.6244,28.448],[129.6256,28.4468],[129.6294,28.4462],[129.6269,28.4434],[129.6282,28.4404],[129.6274,28.4386],[129.6302,28.4358],[129.62,28.4293],[129.6185,28.4272],[129.6184,28.4243],[129.6197,28.4217],[129.6209,28.4219],[129.6228,28.4211],[129.62,28.4215],[129.6208,28.4201],[129.6223,28.4209],[129.6206,28.4197],[129.6203,28.4182],[129.6291,28.4145],[129.6391,28.4162],[129.6399,28.4181],[129.642,28.4193],[129.642,28.42],[129.6413,28.4218],[129.6433,28.4245],[129.6416,28.4279],[129.6437,28.4298],[129.6426,28.4312],[129.6434,28.4324],[129.6448,28.4309],[129.6459,28.4244],[129.6487,28.4212],[129.6476,28.416],[129.6482,28.4146],[129.6469,28.4133],[129.6474,28.4084],[129.6438,28.407],[129.6397,28.4094],[129.6363,28.4065],[129.6319,28.4061],[129.632,28.4068],[129.63,28.4073],[129.6232,28.4041],[129.6212,28.4044],[129.6187,28.403],[129.6185,28.4017],[129.6168,28.4019],[129.616,28.4009],[129.6164,28.4006],[129.6159,28.4008],[129.6136,28.401],[129.6126,28.4006],[129.6118,28.3989],[129.6132,28.3993],[129.6118,28.3989],[129.6117,28.3972],[129.6123,28.3968],[129.6109,28.3965],[129.6108,28.3918],[129.6101,28.392],[129.6063,28.387],[129.6017,28.3854],[129.6015,28.383],[129.6005,28.3838],[129.5975,28.3807],[129.5973,28.3785],[129.5971,28.3789],[129.596,28.3781],[129.5963,28.3769],[129.5956,28.3759],[129.5949,28.376],[129.5947,28.3757],[129.5946,28.3755],[129.5933,28.3668],[129.5903,28.3662],[129.5899,28.3654],[129.5907,28.3649],[129.5903,28.3643],[129.588,28.3647],[129.5856,28.3628],[129.5859,28.3641],[129.5876,28.3646],[129.5866,28.3655],[129.5843,28.365],[129.5848,28.3638],[129.5836,28.3634],[129.583,28.3617],[129.5836,28.3596],[129.5828,28.3596],[129.5827,28.3592],[129.5823,28.3594],[129.5812,28.3587],[129.5795,28.3553],[129.5779,28.3554],[129.5763,28.3541],[129.5742,28.3466],[129.5723,28.3467],[129.5709,28.3453],[129.5668,28.3479],[129.5625,28.3466],[129.5571,28.3474],[129.5471,28.3456],[129.5433,28.3436],[129.5402,28.3448],[129.5397,28.3478],[129.5354,28.3486],[129.5339,28.3482],[129.5331,28.3465],[129.5297,28.3477],[129.5286,28.3493],[129.527,28.349],[129.5284,28.35],[129.5278,28.3505],[129.5232,28.3506],[129.5234,28.3524],[129.5219,28.3539],[129.5243,28.3557],[129.5243,28.3595],[129.5273,28.3617],[129.5292,28.3661],[129.5308,28.3671],[129.535,28.3655],[129.5371,28.366],[129.5401,28.3693],[129.5413,28.3693],[129.5419,28.3769],[129.5525,28.3824],[129.5531,28.3879],[129.551,28.3904],[129.5526,28.393],[129.5557,28.3949],[129.5571,28.3983],[129.5556,28.4034],[129.5576,28.4071],[129.5541,28.4079],[129.548,28.4055],[129.5454,28.4062],[129.5425,28.4051],[129.5432,28.4078],[129.5482,28.4124],[129.5486,28.4185],[129.545,28.4257],[129.5467,28.4306],[129.5498,28.4348],[129.5503,28.4386],[129.5501,28.4425],[129.5482,28.4447],[129.5487,28.4474],[129.5437,28.4573],[129.5413,28.4595],[129.5417,28.4603],[129.5435,28.4602],[129.5442,28.4625],[129.5459,28.4621],[129.5549,28.4543],[129.5562,28.4506],[129.5585,28.4494],[129.5572,28.4483],[129.5599,28.4481],[129.5629,28.4494],[129.5612,28.4534],[129.5626,28.4587],[129.566,28.4564],[129.5667,28.4565],[129.5666,28.4572],[129.5676,28.4579],[129.5667,28.4566],[129.5695,28.4571],[129.5728,28.4635],[129.5764,28.4667],[129.5807,28.4682],[129.5832,28.4673],[129.5835,28.4682],[129.585,28.4686],[129.5833,28.4673],[129.5849,28.4674],[129.5848,28.4683],[129.5851,28.4678],[129.5849,28.4669],[129.5879,28.4666],[129.5896,28.4697],[129.5952,28.4749],[129.5981,28.4743],[129.5995,28.4752],[129.6004,28.4744],[129.6118,28.4761],[129.6118,28.4766],[129.616,28.4789]]],[[[129.5976,28.4327],[129.5977,28.4328],[129.5977,28.4326],[129.5976,28.4327]]],[[[129.6106,28.4575],[129.6107,28.4576],[129.6107,28.4575],[129.6106,28.4575]]],[[[129.6122,28.3973],[129.612,28.3973],[129.6123,28.3973],[129.6122,28.3973]]],[[[129.6153,28.3998],[129.6153,28.3997],[129.6153,28.3998],[129.6153,28.3998]]],[[[129.6155,28.3998],[129.6155,28.3998],[129.6155,28.3998],[129.6155,28.3998]]],[[[129.6159,28.3998],[129.6159,28.3999],[129.6159,28.3999],[129.6159,28.3998]]],[[[129.6155,28.4],[129.6159,28.3997],[129.6157,28.3997],[129.6155,28.4]]],[[[129.6152,28.3999],[129.6151,28.4],[129.6153,28.4001],[129.6152,28.3999]]],[[[129.6167,28.4001],[129.6166,28.3999],[129.6166,28.4],[129.6167,28.4001]]],[[[129.6154,28.4004],[129.6149,28.4001],[129.6152,28.4005],[129.6154,28.4004]]],[[[129.6144,28.4004],[129.6143,28.4002],[129.6142,28.4002],[129.6144,28.4004]]],[[[129.6148,28.4003],[129.6147,28.4004],[129.6148,28.4003],[129.6148,28.4003]]],[[[129.6145,28.4004],[129.6146,28.4005],[129.6146,28.4004],[129.6145,28.4004]]],[[[129.6148,28.4004],[129.6147,28.4005],[129.6148,28.4005],[129.6148,28.4004]]],[[[129.6162,28.4005],[129.6162,28.4005],[129.6162,28.4005],[129.6162,28.4005]]],[[[129.6152,28.4004],[129.6151,28.4005],[129.6152,28.4005],[129.6152,28.4004]]],[[[129.6137,28.4005],[129.6137,28.4005],[129.6137,28.4006],[129.6137,28.4005]]],[[[129.6167,28.4005],[129.6168,28.4006],[129.6169,28.4006],[129.6167,28.4005]]],[[[129.6154,28.4005],[129.6154,28.4006],[129.6154,28.4006],[129.6154,28.4005]]],[[[129.6159,28.4007],[129.616,28.4005],[129.6158,28.4007],[129.6159,28.4007]]],[[[129.6145,28.4006],[129.6144,28.4006],[129.6145,28.4007],[129.6145,28.4006]]],[[[129.6157,28.4007],[129.6157,28.4005],[129.6154,28.4005],[129.6157,28.4007]]],[[[129.6169,28.4006],[129.617,28.4008],[129.617,28.4008],[129.6169,28.4006]]],[[[129.6166,28.4009],[129.6167,28.4006],[129.6165,28.4006],[129.6166,28.4009]]],[[[129.6184,28.4009],[129.6182,28.401],[129.6184,28.4011],[129.6184,28.4009]]],[[[129.6165,28.4011],[129.6167,28.4012],[129.6169,28.4011],[129.6165,28.4011]]],[[[129.6183,28.4013],[129.6183,28.4011],[129.6182,28.4011],[129.6182,28.4011],[129.6183,28.4013]]],[[[129.6182,28.4012],[129.6182,28.4013],[129.6182,28.4013],[129.6182,28.4012]]],[[[129.6182,28.4013],[129.618,28.4013],[129.6182,28.4014],[129.6182,28.4013]]],[[[129.6183,28.4013],[129.6183,28.4014],[129.6183,28.4014],[129.6183,28.4013]]],[[[129.6188,28.4013],[129.6187,28.4014],[129.6187,28.4014],[129.6188,28.4013]]],[[[129.6187,28.4014],[129.6186,28.4014],[129.6186,28.4015],[129.6187,28.4014]]],[[[129.6186,28.4016],[129.6183,28.4015],[129.6186,28.4016],[129.6186,28.4016]]],[[[129.6188,28.4015],[129.6187,28.4015],[129.6187,28.4016],[129.6188,28.4015]]],[[[129.6187,28.4016],[129.6187,28.4017],[129.6187,28.4017],[129.6187,28.4016]]],[[[129.619,28.4018],[129.6191,28.4017],[129.6189,28.4018],[129.619,28.4018]]],[[[129.619,28.4023],[129.6191,28.4019],[129.6188,28.4021],[129.619,28.4023]]],[[[129.6188,28.4025],[129.6187,28.4026],[129.6187,28.4026],[129.6188,28.4025]]],[[[129.6189,28.4026],[129.6188,28.4026],[129.6189,28.4026],[129.6189,28.4026]]],[[[129.6188,28.4027],[129.6188,28.4027],[129.6188,28.4028],[129.6188,28.4027]]],[[[129.6133,28.4373],[129.6134,28.4372],[129.6133,28.4373],[129.6133,28.4373]]],[[[129.6129,28.4374],[129.613,28.4373],[129.6129,28.4374],[129.6129,28.4374]]],[[[129.6192,28.402],[129.6192,28.402],[129.6192,28.402],[129.6192,28.402]]],[[[129.6318,28.4065],[129.6319,28.4066],[129.6318,28.4065],[129.6318,28.4065]]],[[[129.6318,28.4066],[129.6317,28.4065],[129.6317,28.4066],[129.6318,28.4066]]],[[[129.6318,28.4067],[129.6318,28.4067],[129.6318,28.4067],[129.6318,28.4067]]],[[[129.6318,28.4068],[129.6317,28.4067],[129.6317,28.4068],[129.6318,28.4068]]],[[[129.6317,28.4068],[129.6316,28.4067],[129.6316,28.4068],[129.6317,28.4068]]],[[[129.6312,28.4068],[129.6312,28.4068],[129.6312,28.4068],[129.6312,28.4068]]],[[[129.6316,28.4069],[129.6316,28.4069],[129.6316,28.4069],[129.6316,28.4069]]],[[[129.6355,28.4156],[129.6353,28.4157],[129.6354,28.4158],[129.6355,28.4156]]],[[[129.6335,28.4168],[129.6335,28.4168],[129.6335,28.4168],[129.6335,28.4168]]],[[[129.6328,28.4174],[129.6328,28.4173],[129.6328,28.4173],[129.6328,28.4174]]],[[[129.6327,28.4174],[129.6328,28.4174],[129.6327,28.4174],[129.6327,28.4174]]],[[[129.6399,28.4185],[129.6398,28.4184],[129.6398,28.4185],[129.6399,28.4185]]],[[[129.6394,28.4185],[129.6394,28.4186],[129.6395,28.4185],[129.6394,28.4185]]],[[[129.6397,28.4185],[129.6396,28.4186],[129.6396,28.4186],[129.6397,28.4185]]],[[[129.6395,28.4186],[129.6396,28.4187],[129.6396,28.4187],[129.6395,28.4186]]],[[[129.6396,28.4189],[129.6394,28.4188],[129.6394,28.4189],[129.6396,28.4189]]],[[[129.6417,28.4199],[129.6417,28.4199],[129.6417,28.4199],[129.6417,28.4199]]],[[[129.6418,28.4204],[129.6416,28.4204],[129.6416,28.4204],[129.6418,28.4204]]],[[[129.6411,28.4209],[129.6411,28.4209],[129.6411,28.4209],[129.6411,28.4209]]],[[[129.6411,28.422],[129.6411,28.4218],[129.641,28.422],[129.6411,28.422]]],[[[129.6212,28.4219],[129.6212,28.422],[129.6212,28.422],[129.6212,28.4219]]],[[[129.6412,28.422],[129.6412,28.422],[129.6413,28.422],[129.6412,28.422]]],[[[129.6214,28.422],[129.6214,28.422],[129.6214,28.422],[129.6214,28.422]]],[[[129.641,28.4221],[129.641,28.4221],[129.641,28.4221],[129.641,28.4221]]],[[[129.6411,28.4221],[129.641,28.4222],[129.6411,28.4221],[129.6411,28.4221]]],[[[129.6414,28.4222],[129.6413,28.4222],[129.6414,28.4222],[129.6414,28.4222]]],[[[129.6215,28.4222],[129.6214,28.4222],[129.6215,28.4222],[129.6215,28.4222]]],[[[129.6214,28.4222],[129.6213,28.4222],[129.6214,28.4223],[129.6214,28.4222]]],[[[129.6417,28.4223],[129.6417,28.4224],[129.6417,28.4224],[129.6417,28.4223]]],[[[129.6412,28.4223],[129.6413,28.4224],[129.6413,28.4224],[129.6412,28.4223]]],[[[129.6215,28.4224],[129.6215,28.4225],[129.6216,28.4224],[129.6215,28.4224]]],[[[129.6417,28.4232],[129.6417,28.423],[129.6416,28.423],[129.6417,28.4232]]],[[[129.6415,28.4281],[129.6415,28.428],[129.6415,28.4281],[129.6415,28.4281]]],[[[129.6427,28.4319],[129.6427,28.4319],[129.6427,28.4319],[129.6427,28.4319]]],[[[129.6431,28.4323],[129.6432,28.4323],[129.6431,28.4323],[129.6431,28.4323]]],[[[129.6256,28.4323],[129.6255,28.4324],[129.6255,28.4325],[129.6256,28.4323]]],[[[129.6433,28.4325],[129.6434,28.4325],[129.6433,28.4324],[129.6433,28.4325]]],[[[129.6432,28.4326],[129.6432,28.4325],[129.6431,28.4325],[129.6432,28.4326]]]]}},{"type":"Feature","properties":{"code":"46529","name":"喜界町","pref_code":"46","pref":"鹿児島県"},"geometry":{"type":"MultiPolygon","coordinates":[[[[129.918,28.3168],[129.9179,28.3169],[129.918,28.3168],[129.918,28.3168]]],[[[129.9173,28.3169],[129.9173,28.317],[129.9173,28.3169],[129.9173,28.3169]]],[[[129.9193,28.3183],[129.9193,28.3184],[129.9193,28.3184],[129.9193,28.3183]]],[[[129.9193,28.3188],[129.9193,28.3186],[129.9191,28.3188],[129.9193,28.3188]]],[[[129.9188,28.3192],[129.9188,28.3191],[129.9187,28.3192],[129.9188,28.3192]]],[[[129.919,28.3197],[129.9189,28.3198],[129.919,28.3198],[129.919,28.3197]]],[[[129.9192,28.3199],[129.9191,28.3199],[129.9192,28.32],[129.9192,28.3199]]],[[[129.9192,28.3199],[129.9192,28.3199],[129.9193,28.3199],[129.9192,28.3199]]],[[[129.9197,28.3202],[129.9195,28.3202],[129.9195,28.3203],[129.9197,28.3202]]],[[[129.9201,28.3202],[129.92,28.3203],[129.92,28.3203],[129.9201,28.3202]]],[[[129.9201,28.3203],[129.9201,28.3204],[129.9201,28.3203],[129.9201,28.3203]]],[[[129.9205,28.3209],[129.9207,28.3205],[129.9204,28.3208],[129.9205,28.3209]]],[[[129.922,28.321],[129.9218,28.3209],[129.9218,28.321],[129.922,28.321]]],[[[129.9209,28.3212],[129.921,28.321],[129.9208,28.321],[129.9209,28.3212]]],[[[129.9219,28.3215],[129.9221,28.3212],[129.9219,28.3213],[129.9219,28.3215]]],[[[129.9218,28.322],[129.9217,28.3213],[129.9213,28.3209],[129.9218,28.322]]],[[[129.9254,28.3235],[129.9255,28.3235],[129.9254,28.3234],[129.9254,28.3235]]],[[[129.9254,28.3236],[129.9255,28.3236],[129.9254,28.3236],[129.9254,28.3236]]],[[[129.9255,28.3238],[129.9253,28.3238],[129.9254,28.3239],[129.9255,28.3238]]],[[[129.9246,28.3242],[129.9244,28.3238],[129.9242,28.324],[129.9246,28.3242]]],[[[129.9278,28.3248],[129.9275,28.3246],[129.9276,28.3249],[129.9278,28.3248]]],[[[129.9262,28.325],[129.9266,28.3248],[129.9261,28.3249],[129.9262,28.325]]],[[[129.9258,28.3249],[129.9257,28.325],[129.9258,28.325],[129.9258,28.3249]]],[[[129.9286,28.3255],[129.9287,28.3255],[129.9286,28.3255],[129.9286,28.3255]]],[[[129.9291,28.3257],[129.9289,28.3255],[129.9288,28.3255],[129.9291,28.3257]]],[[[129.9362,28.3221],[129.9363,28.3221],[129.9363,28.322],[129.9362,28.3221]]],[[[129.9365,28.3236],[129.9364,28.3236],[129.9365,28.3237],[129.9365,28.3236]]],[[[129.936,28.324],[129.9359,28.324],[129.9359,28.324],[129.936,28.324]]],[[[129.938,28.3241],[129.9379,28.3241],[129.9379,28.3241],[129.938,28.3241]]],[[[129.9382,28.3241],[129.938,28.3241],[129.9381,28.3242],[129.9382,28.3241]]],[[[129.9374,28.3242],[129.9375,28.3242],[129.9374,28.3242],[129.9374,28.3242]]],[[[129.9353,28.3248],[129.9352,28.325],[129.9352,28.325],[129.9353,28.3248]]],[[[129.9354,28.3248],[129.9353,28.325],[129.9354,28.325],[129.9354,28.3248]]],[[[129.9291,28.3259],[129.9296,28.3258],[129.9296,28.3255],[129.9291,28.3259]]],[[[129.9307,28.3259],[129.9307,28.3261],[129.9307,28.3261],[129.9307,28.3259]]],[[[129.9302,28.3261],[129.93,28.3261],[129.9301,28.3263],[129.9302,28.3261]]],[[[129.9302,28.3261],[129.9303,28.3262],[129.9303,28.3261],[129.9302,28.3261]]],[[[129.9313,28.3263],[129.9315,28.3264],[129.9315,28.3263],[129.9313,28.3263]]],[[[129.931,28.3264],[129.9309,28.3266],[129.9311,28.3265],[129.931,28.3264]]],[[[129.9404,28.3273],[129.9403,28.3274],[129.9404,28.3274],[129.9404,28.3273]]],[[[129.942,28.3274],[129.9421,28.3274],[129.942,28.3273],[129.942,28.3274]]],[[[129.9409,28.3275],[129.9409,28.3276],[129.9409,28.3276],[129.9409,28.3275]]],[[[129.942,28.3276],[129.9419,28.3277],[129.942,28.3277],[129.942,28.3276]]],[[[129.9408,28.3277],[129.9405,28.3275],[129.9407,28.3279],[129.9408,28.3277]]],[[[129.9412,28.3275],[129.9411,28.3277],[129.9411,28.3278],[129.9412,28.3275]]],[[[129.9418,28.3275],[129.9416,28.3277],[129.9418,28.3279],[129.9418,28.3275]]],[[[129.9409,28.3278],[129.9411,28.3278],[129.941,28.3277],[129.9409,28.3278]]],[[[129.9319,28.3277],[129.9313,28.3265],[129.9326,28.3292],[129.9319,28.3277]]],[[[129.9352,28.33],[129.938,28.3288],[129.9351,28.3298],[129.9352,28.33]]],[[[129.9309,28.3316],[129.9315,28.3324],[129.9305,28.3307],[129.9309,28.3316]]],[[[129.9476,28.2757],[129.9474,28.2756],[129.9474,28.2758],[129.9476,28.2757]]],[[[129.9479,28.2769],[129.9481,28.277],[129.948,28.2768],[129.9479,28.2769]]],[[[129.9475,28.2774],[129.9475,28.2778],[129.9476,28.2773],[129.9475,28.2774]]],[[[129.9505,28.327],[129.9504,28.3271],[129.9505,28.3271],[129.9505,28.327]]],[[[129.9477,28.3278],[129.9475,28.3278],[129.9475,28.3279],[129.9477,28.3278]]],[[[129.9428,28.3277],[129.9426,28.3279],[129.9426,28.3279],[129.9428,28.3277]]],[[[129.9503,28.3277],[129.9502,28.3278],[129.9503,28.3278],[129.9503,28.3277]]],[[[129.9479,28.3278],[129.9479,28.3279],[129.9479,28.3278],[129.9479,28.3278]]],[[[129.9471,28.3279],[129.9471,28.3278],[129.9471,28.328],[129.9471,28.3279]]],[[[129.9468,28.328],[129.9466,28.3278],[129.9468,28.3282],[129.9468,28.328]]],[[[129.9444,28.328],[129.9444,28.3282],[129.9444,28.3282],[129.9444,28.328]]],[[[129.9538,28.3316],[129.954,28.3315],[129.9538,28.3316],[129.9538,28.3316]]],[[[129.9541,28.3316],[129.954,28.3317],[129.9539,28.3319],[129.9541,28.3316]]],[[[129.9546,28.3324],[129.9548,28.3321],[129.9544,28.3321],[129.9546,28.3324]]],[[[129.9549,28.3321],[129.9548,28.3322],[129.9547,28.3325],[129.9549,28.3321]]],[[[129.9549,28.3326],[129.955,28.3322],[129.9548,28.3326],[129.9549,28.3326]]],[[[129.955,28.3327],[129.9554,28.3324],[129.9554,28.3321],[129.955,28.3327]]],[[[129.956,28.3328],[129.9563,28.3323],[129.9562,28.3322],[129.956,28.3328]]],[[[129.9554,28.3325],[129.9554,28.3327],[129.9555,28.3325],[129.9554,28.3325]]],[[[129.9558,28.3325],[129.9556,28.3326],[129.9555,28.3329],[129.9558,28.3325]]],[[[129.9559,28.3332],[129.9558,28.3327],[129.9557,28.3331],[129.9559,28.3332]]],[[[129.9564,28.3327],[129.9562,28.3329],[129.9561,28.3332],[129.9564,28.3327]]],[[[129.9563,28.3333],[129.9565,28.3329],[129.9564,28.3328],[129.9563,28.3333]]],[[[129.9561,28.3329],[129.956,28.3332],[129.956,28.3332],[129.9561,28.3329]]],[[[129.9562,28.3333],[129.9562,28.3333],[129.9562,28.3333],[129.9562,28.3333]]],[[[129.965,28.2851],[129.9655,28.2844],[129.9649,28.285],[129.965,28.2851]]],[[[129.9755,28.2894],[129.9756,28.2896],[129.9757,28.2893],[129.9755,28.2894]]],[[[129.9872,28.3048],[129.9874,28.3049],[129.9873,28.3047],[129.9872,28.3048]]],[[[130.0193,28.3785],[130.0274,28.3746],[130.0325,28.3704],[130.0341,28.3657],[130.0315,28.3649],[130.0308,28.3636],[130.0341,28.3644],[130.0352,28.3616],[130.0341,28.3584],[130.0326,28.3564],[130.0307,28.3572],[130.0299,28.3561],[130.0294,28.3577],[130.0269,28.3575],[130.0273,28.3555],[130.032,28.3548],[130.0268,28.3493],[130.024,28.3484],[130.0221,28.3494],[130.023,28.3472],[130.0223,28.3451],[130.0212,28.3453],[130.022,28.3431],[130.0198,28.3401],[130.0186,28.3403],[130.0194,28.3397],[130.0177,28.3378],[130.0113,28.3361],[130.0096,28.3386],[130.0104,28.3396],[130.0082,28.3404],[130.0064,28.3388],[130.0073,28.3386],[130.0064,28.3387],[130.0048,28.3387],[130.0088,28.3374],[130.0091,28.336],[130.0072,28.3332],[130.0072,28.3349],[130.0054,28.3341],[130.0023,28.3363],[130.0034,28.3365],[130.0027,28.3382],[130.0017,28.3379],[130.0021,28.3369],[130.0016,28.3379],[130.0008,28.337],[130.0025,28.3348],[130.0014,28.3349],[130.002,28.3331],[130.0028,28.3334],[130.0028,28.3345],[130.0033,28.335],[130.0029,28.3333],[130.0022,28.3331],[130.0023,28.3324],[130.0047,28.3307],[130.0079,28.3316],[130.006,28.3299],[130.0066,28.3305],[130.0041,28.3302],[130.0021,28.328],[130.0022,28.3258],[130.0013,28.3232],[130.0001,28.3229],[130.001,28.3225],[129.9996,28.3192],[129.9927,28.3132],[129.9887,28.3084],[129.9885,28.3062],[129.9866,28.3057],[129.9871,28.3036],[129.9861,28.3035],[129.9874,28.3025],[129.9862,28.3009],[129.985,28.3012],[129.9836,28.2961],[129.9781,28.2883],[129.9767,28.2878],[129.9762,28.2906],[129.9748,28.2903],[129.9753,28.2877],[129.9728,28.2837],[129.9687,28.2825],[129.9674,28.2839],[129.9659,28.2836],[129.9663,28.2857],[129.965,28.286],[129.9646,28.285],[129.9651,28.2836],[129.9632,28.2833],[129.9641,28.2819],[129.9668,28.282],[129.9653,28.2819],[129.9638,28.2796],[129.9593,28.2805],[129.9581,28.2777],[129.9522,28.2752],[129.9526,28.2766],[129.9507,28.2755],[129.9495,28.2764],[129.9511,28.2767],[129.9485,28.2765],[129.949,28.2784],[129.9479,28.2785],[129.9485,28.2772],[129.9478,28.2773],[129.9475,28.2785],[129.947,28.2763],[129.9486,28.2755],[129.9472,28.2761],[129.9465,28.2752],[129.946,28.2762],[129.9447,28.2761],[129.9461,28.2754],[129.9446,28.2743],[129.941,28.2754],[129.9378,28.278],[129.935,28.2834],[129.9371,28.2852],[129.9345,28.2842],[129.934,28.2867],[129.9314,28.2885],[129.9318,28.2898],[129.9301,28.2922],[129.9266,28.2909],[129.9248,28.2928],[129.9223,28.2898],[129.9197,28.2905],[129.917,28.2948],[129.9193,28.2957],[129.9195,28.2969],[129.916,28.2958],[129.9152,28.2965],[129.9135,28.3057],[129.9143,28.3102],[129.9132,28.3119],[129.9156,28.3159],[129.9182,28.3167],[129.9187,28.3191],[129.9197,28.3177],[129.9194,28.3187],[129.9187,28.3196],[129.9207,28.3199],[129.9202,28.3208],[129.9209,28.3198],[129.9217,28.3203],[129.9224,28.3217],[129.9219,28.3227],[129.9227,28.3224],[129.9221,28.323],[129.9236,28.324],[129.9251,28.3235],[129.9246,28.3241],[129.9252,28.3242],[129.9254,28.3241],[129.9252,28.3239],[129.9254,28.3234],[129.9261,28.3233],[129.9254,28.324],[129.9272,28.3248],[129.928,28.324],[129.9281,28.3252],[129.9298,28.3253],[129.9305,28.3263],[129.9308,28.3253],[129.9318,28.3262],[129.932,28.3256],[129.9323,28.3261],[129.9347,28.3247],[129.9349,28.325],[129.9351,28.3246],[129.9356,28.3249],[129.9349,28.3222],[129.9352,28.3224],[129.9359,28.322],[129.9368,28.322],[129.9384,28.3232],[129.9361,28.3233],[129.9383,28.324],[129.9377,28.3253],[129.9368,28.3257],[129.9364,28.3287],[129.9391,28.327],[129.9403,28.3279],[129.9402,28.3274],[129.9404,28.327],[129.9409,28.3271],[129.9415,28.3279],[129.9417,28.3267],[129.9422,28.3271],[129.9422,28.3279],[129.9429,28.3271],[129.9431,28.3281],[129.9464,28.3275],[129.9469,28.3281],[129.948,28.3254],[129.9483,28.3283],[129.9499,28.328],[129.9505,28.3265],[129.9527,28.3272],[129.9526,28.3296],[129.9542,28.3315],[129.954,28.3321],[129.9553,28.332],[129.9556,28.3325],[129.9562,28.3321],[129.9569,28.3326],[129.9569,28.3337],[129.9572,28.3336],[129.9572,28.3331],[129.9578,28.3327],[129.9574,28.3332],[129.9575,28.3334],[129.9575,28.334],[129.9577,28.3331],[129.9577,28.3341],[129.9582,28.3334],[129.9589,28.3336],[129.9606,28.3356],[129.9623,28.3347],[129.9618,28.336],[129.9633,28.3366],[129.9631,28.3384],[129.9663,28.34],[129.967,28.339],[129.9676,28.3409],[129.9746,28.3425],[129.9762,28.3458],[129.9798,28.3493],[129.9831,28.3504],[129.9841,28.3493],[129.9834,28.3509],[129.9844,28.3527],[129.987,28.355],[129.9882,28.3545],[129.991,28.3602],[129.9949,28.3644],[130.0016,28.3679],[130.0007,28.3669],[130.003,28.3654],[130.0017,28.3669],[130.0035,28.3683],[130.0058,28.3731],[130.0094,28.3763],[130.0138,28.378],[130.0155,28.3781],[130.0157,28.3773],[130.0193,28.3785]]],[[[129.9565,28.3331],[129.9564,28.3333],[129.9564,28.3334],[129.9565,28.3331]]],[[[129.9565,28.3335],[129.9566,28.3335],[129.9567,28.3333],[129.9565,28.3335]]],[[[129.9574,28.3335],[129.9573,28.3336],[129.9573,28.3338],[129.9574,28.3335]]],[[[129.9572,28.3339],[129.9571,28.3337],[129.957,28.3337],[129.9572,28.3339]]],[[[129.9582,28.3338],[129.9583,28.3339],[129.9584,28.3336],[129.9582,28.3338]]],[[[129.9586,28.3338],[129.9588,28.3338],[129.9587,28.3337],[129.9586,28.3338]]],[[[129.9574,28.3338],[129.9573,28.3339],[129.9574,28.334],[129.9574,28.3338]]],[[[129.9588,28.334],[129.959,28.334],[129.9589,28.3338],[129.9588,28.334]]],[[[129.9583,28.3343],[129.9584,28.3341],[129.9586,28.3338],[129.9583,28.3343]]],[[[129.9588,28.334],[129.9586,28.3342],[129.9587,28.3342],[129.9588,28.334]]],[[[129.9582,28.3341],[129.9583,28.334],[129.9582,28.3342],[129.9582,28.3341]]],[[[129.9582,28.3344],[129.9581,28.3341],[129.958,28.3343],[129.9582,28.3344]]],[[[129.9587,28.3345],[129.9586,28.3344],[129.9586,28.3346],[129.9587,28.3345]]],[[[129.9588,28.3345],[129.9587,28.3343],[129.9587,28.3346],[129.9588,28.3345]]],[[[130.0159,28.3366],[130.0167,28.3349],[130.0164,28.3348],[130.016,28.3357],[130.0159,28.3366]]],[[[130.0088,28.3384],[130.0089,28.3386],[130.0089,28.3385],[130.0088,28.3384]]],[[[130.0094,28.3387],[130.0094,28.3386],[130.0094,28.3386],[130.0094,28.3387]]],[[[130.0086,28.3387],[130.0088,28.3386],[130.0086,28.3386],[130.0086,28.3387]]],[[[130.0325,28.3649],[130.0326,28.3648],[130.0325,28.3648],[130.0325,28.3649]]],[[[130.0322,28.365],[130.0324,28.3649],[130.0322,28.3649],[130.0322,28.365]]]]}},{"type":"Feature","properties":{"code":"46530","name":"徳之島町","pref_code":"46","pref":"鹿児島県"},"geometry":{"type":"MultiPolygon","coordinates":[[[[129.0,27.6977],[129.0001,27.6978],[129.0001,27.6977],[129.0,27.6977]]],[[[129.0011,27.6979],[129.0012,27.698],[129.0012,27.6979],[129.0011,27.6979]]],[[[129.0006,27.698],[129.0007,27.698],[129.0008,27.698],[129.0006,27.698]]],[[[129.0015,27.6982],[129.0016,27.6982],[129.0015,27.6981],[129.0015,27.6982]]],[[[129.0033,27.6985],[129.0032,27.6984],[129.0033,27.6985],[129.0033,27.6985]]],[[[129.0031,27.6986],[129.0032,27.6987],[129.0032,27.6986],[129.0031,27.6986]]],[[[129.0033,27.6988],[129.0033,27.6987],[129.0033,27.6987],[129.0033,27.6988]]],[[[129.003,27.6989],[129.0031,27.6988],[129.003,27.6988],[129.003,27.6989]]],[[[128.9681,27.8925],[128.9724,27.8919],[128.9691,27.8894],[128.9688,27.8863],[128.9727,27.8807],[128.9727,27.8792],[128.9751,27.8782],[128.9759,27.8724],[128.971,27.8713],[128.9685,27.8722],[128.9652,27.8711],[128.9639,27.8686],[128.9587,27.8658],[128.9598,27.8643],[128.9589,27.8629],[128.9595,27.8641],[128.9585,27.8652],[128.9572,27.8636],[128.9581,27.8631],[128.9566,27.8636],[128.9558,27.862],[128.957,27.8591],[128.9643,27.8578],[128.9687,27.8585],[128.9716,27.8553],[128.9709,27.8529],[128.972,27.8527],[128.9714,27.8518],[128.9724,27.8506],[128.9709,27.8461],[128.9693,27.8449],[128.9675,27.8453],[128.9656,27.842],[128.9677,27.8379],[128.9701,27.8375],[128.9708,27.8345],[128.9727,27.8328],[128.9741,27.8323],[128.9739,27.831],[128.9699,27.8311],[128.9667,27.8287],[128.9664,27.8237],[128.969,27.8207],[128.9687,27.8176],[128.9708,27.816],[128.9734,27.8164],[128.9749,27.8144],[128.9812,27.8122],[128.983,27.8092],[128.9845,27.8098],[128.9856,27.8077],[128.9846,27.8093],[128.9836,27.8087],[128.9846,27.8077],[128.9835,27.8073],[128.9861,27.8043],[128.9877,27.8043],[128.9862,27.8057],[128.9879,27.8042],[128.9902,27.8041],[128.9973,27.8057],[128.9981,27.802],[129.0095,27.7931],[129.0149,27.7864],[129.0163,27.7863],[129.0145,27.7812],[129.0224,27.7764],[129.0241,27.7768],[129.0264,27.7757],[129.0265,27.7762],[129.0267,27.7756],[129.0309,27.7751],[129.0327,27.7753],[129.033,27.7746],[129.0358,27.7724],[129.038,27.7688],[129.0375,27.7667],[129.0379,27.763],[129.0372,27.7602],[129.0374,27.7597],[129.0367,27.757],[129.0341,27.7546],[129.0323,27.7463],[129.0288,27.7446],[129.0261,27.7415],[129.0219,27.7415],[129.0232,27.7432],[129.0205,27.7412],[129.0232,27.7382],[129.0229,27.7399],[129.0246,27.7388],[129.0214,27.7313],[129.023,27.7309],[129.0224,27.7292],[129.0228,27.7305],[129.0204,27.7299],[129.0214,27.7294],[129.0191,27.7244],[129.0214,27.7205],[129.0214,27.7185],[129.0217,27.7183],[129.0212,27.718],[129.0214,27.7178],[129.021,27.7171],[129.0212,27.7168],[129.0205,27.7171],[129.018,27.7157],[129.0175,27.714],[129.0141,27.7142],[129.0142,27.7125],[129.0128,27.7132],[129.0133,27.7146],[129.0121,27.7128],[129.0108,27.7139],[129.0108,27.7124],[129.0064,27.7097],[129.0032,27.7046],[129.0032,27.7023],[129.0053,27.7],[129.0039,27.6984],[129.0035,27.6989],[129.0028,27.699],[129.0001,27.698],[128.9982,27.6958],[128.9927,27.6981],[128.9919,27.7013],[128.9877,27.7068],[128.9832,27.7114],[128.981,27.7126],[128.98,27.7118],[128.9801,27.713],[128.9765,27.7144],[128.9715,27.7222],[128.97,27.7223],[128.9698,27.7189],[128.9678,27.7205],[128.9629,27.7198],[128.9602,27.7225],[128.9519,27.7222],[128.9508,27.7269],[128.952,27.7283],[128.952,27.7318],[128.9561,27.7378],[128.9532,27.739],[128.9525,27.741],[128.9536,27.7453],[128.9594,27.7489],[128.964,27.7487],[128.9703,27.7514],[128.9704,27.7552],[128.9736,27.7574],[128.9731,27.7616],[128.9745,27.7636],[128.978,27.7653],[128.9768,27.772],[128.983,27.7775],[128.9849,27.7808],[128.9831,27.783],[128.9794,27.7826],[128.975,27.784],[128.9738,27.7832],[128.9709,27.7865],[128.9685,27.7863],[128.9666,27.7887],[128.961,27.7913],[128.9611,27.7957],[128.96,27.7969],[128.9501,27.8],[128.943,27.8001],[128.9419,27.8029],[128.9402,27.8031],[128.9373,27.8065],[128.9379,27.8096],[128.9322,27.8126],[128.9325,27.8167],[128.9315,27.8179],[128.9297,27.8179],[128.9284,27.8166],[128.9269,27.8172],[128.9254,27.8143],[128.9233,27.8146],[128.9244,27.8177],[128.9237,27.8191],[128.9275,27.824],[128.9276,27.8283],[128.9238,27.8289],[128.921,27.8311],[128.9219,27.833],[128.9206,27.8367],[128.9194,27.8369],[128.9164,27.8431],[128.9208,27.8464],[128.9225,27.8462],[128.9289,27.8494],[128.9304,27.853],[128.933,27.8543],[128.93,27.862],[128.9268,27.8658],[128.9266,27.8699],[128.9215,27.8708],[128.9203,27.8729],[128.9137,27.8739],[128.9114,27.8736],[128.9113,27.8723],[128.9076,27.872],[128.9062,27.8748],[128.9083,27.8783],[128.9077,27.8804],[128.9084,27.884],[128.9069,27.887],[128.9081,27.8926],[128.9125,27.8925],[128.9278,27.8886],[128.9292,27.8898],[128.9331,27.8897],[128.9367,27.8918],[128.9494,27.8897],[128.9568,27.8899],[128.9681,27.8925]]],[[[128.9856,27.8051],[128.9857,27.8054],[128.9856,27.8051],[128.9856,27.8051]]],[[[128.9856,27.8084],[128.9855,27.8085],[128.9856,27.8085],[128.9856,27.8084]]],[[[128.9856,27.8087],[128.9856,27.8089],[128.9857,27.8088],[128.9856,27.8087]]],[[[128.9838,27.8113],[128.9836,27.8116],[128.984,27.8117],[128.9838,27.8113]]],[[[128.9826,27.8117],[128.9827,27.8119],[128.9827,27.8117],[128.9826,27.8117]]],[[[128.9737,27.8167],[128.974,27.8164],[128.9737,27.8162],[128.9737,27.8167]]],[[[128.9745,27.8309],[128.9746,27.831],[128.9747,27.8309],[128.9745,27.8309]]],[[[128.9743,27.831],[128.9744,27.8311],[128.9743,27.831],[128.9743,27.831]]],[[[128.9754,27.8313],[128.9747,27.8312],[128.9752,27.8316],[128.9754,27.8313]]],[[[128.9756,27.8316],[128.9754,27.8319],[128.9756,27.8318],[128.9756,27.8316]]],[[[128.9726,27.8332],[128.9727,27.8332],[128.9727,27.8331],[128.9726,27.8332]]],[[[128.9727,27.8335],[128.9728,27.8336],[128.9728,27.8335],[128.9727,27.8335]]],[[[128.9606,27.864],[128.9603,27.8641],[128.9606,27.8641],[128.9606,27.864]]],[[[128.9297,27.8904],[128.9295,27.8905],[128.9297,27.8906],[128.9297,27.8904]]],[[[128.9095,27.8929],[128.9096,27.8931],[128.9097,27.893],[128.9095,27.8929]]],[[[128.9921,27.9233],[128.991,27.9231],[128.9897,27.921],[128.9907,27.9232],[128.9921,27.9233]]],[[[128.9933,27.9229],[128.9934,27.9231],[128.9935,27.9229],[128.9933,27.9229]]],[[[128.9927,27.9241],[128.9933,27.9232],[128.9925,27.9228],[128.9927,27.9241]]],[[[128.9944,27.924],[128.9943,27.9238],[128.9942,27.924],[128.9944,27.924]]],[[[128.9924,27.924],[128.9921,27.9241],[128.9924,27.9241],[128.9924,27.924]]],[[[129.0034,27.6985],[129.0034,27.6984],[129.0034,27.6984],[129.0034,27.6985]]],[[[129.0043,27.6987],[129.0044,27.6986],[129.0043,27.6986],[129.0043,27.6987]]],[[[129.0053,27.6987],[129.0053,27.699],[129.0055,27.6987],[129.0053,27.6987]]],[[[129.005,27.6991],[129.0051,27.6992],[129.0051,27.6991],[129.005,27.6991]]],[[[129.0054,27.6994],[129.0056,27.6993],[129.0054,27.6992],[129.0054,27.6994]]],[[[129.0056,27.7002],[129.0058,27.7001],[129.0057,27.7001],[129.0056,27.7002]]],[[[129.0044,27.7037],[129.0045,27.7036],[129.0044,27.7036],[129.0044,27.7037]]],[[[129.007,27.7075],[129.007,27.7074],[129.0069,27.7075],[129.007,27.7075]]],[[[129.0074,27.7082],[129.0075,27.7083],[129.0075,27.7082],[129.0074,27.7082]]],[[[129.0176,27.714],[129.0176,27.7141],[129.0176,27.7142],[129.0176,27.714]]],[[[129.0183,27.7144],[129.0182,27.7145],[129.0183,27.7145],[129.0183,27.7144]]],[[[129.0183,27.7151],[129.0183,27.7152],[129.0184,27.7152],[129.0183,27.7151]]],[[[129.0206,27.7155],[129.0205,27.7156],[129.0206,27.7156],[129.0206,27.7155]]],[[[129.0206,27.7159],[129.0206,27.716],[129.0207,27.716],[129.0206,27.7159]]],[[[129.0209,27.716],[129.0209,27.7161],[129.021,27.7161],[129.0209,27.716]]],[[[129.0198,27.7162],[129.02,27.716],[129.0197,27.7161],[129.0198,27.7162]]],[[[129.0205,27.7161],[129.0204,27.7162],[129.0205,27.7162],[129.0205,27.7161]]],[[[129.0206,27.7168],[129.0207,27.7165],[129.0205,27.7166],[129.0206,27.7168]]],[[[129.0211,27.7171],[129.0211,27.7171],[129.0212,27.7171],[129.0211,27.7171]]],[[[129.0155,27.7833],[129.0154,27.7835],[129.0155,27.7835],[129.0155,27.7833]]],[[[129.0158,27.7837],[129.0156,27.7837],[129.0157,27.7838],[129.0158,27.7837]]],[[[129.0159,27.7839],[129.0159,27.7841],[129.016,27.7841],[129.0159,27.7839]]],[[[129.0169,27.7846],[129.0169,27.7847],[129.017,27.7846],[129.0169,27.7846]]],[[[129.0161,27.7845],[129.0161,27.7848],[129.0162,27.7848],[129.0161,27.7845]]],[[[129.0165,27.7848],[129.0165,27.7849],[129.0165,27.7848],[129.0165,27.7848]]],[[[129.0165,27.7853],[129.0164,27.7855],[129.0165,27.7856],[129.0165,27.7853]]],[[[129.0167,27.7855],[129.0167,27.7857],[129.0168,27.7856],[129.0167,27.7855]]],[[[129.0165,27.7858],[129.0166,27.7859],[129.0166,27.7858],[129.0165,27.7858]]],[[[129.0165,27.7861],[129.0166,27.7862],[129.0166,27.7861],[129.0165,27.7861]]],[[[129.0212,27.717],[129.0213,27.7169],[129.0212,27.717],[129.0212,27.717]]],[[[129.0217,27.7186],[129.0218,27.7187],[129.0218,27.7187],[129.0217,27.7186]]],[[[129.0216,27.7191],[129.0216,27.7191],[129.0216,27.719],[129.0216,27.7191]]],[[[129.0214,27.7214],[129.0214,27.7214],[129.0214,27.7215],[129.0214,27.7214]]],[[[129.0278,27.739],[129.0267,27.7384],[129.0256,27.7354],[129.0265,27.7383],[129.0278,27.739]]],[[[129.0307,27.7401],[129.0301,27.7414],[129.0304,27.7416],[129.0307,27.7401]]],[[[129.0376,27.7562],[129.0377,27.7563],[129.0377,27.7562],[129.0376,27.7562]]],[[[129.0374,27.7566],[129.0375,27.7566],[129.0375,27.7565],[129.0374,27.7566]]],[[[129.037,27.7567],[129.037,27.7567],[129.037,27.7566],[129.037,27.7567]]],[[[129.0378,27.7566],[129.0376,27.7568],[129.0378,27.7567],[129.0378,27.7566]]],[[[129.0381,27.7567],[129.0382,27.7567],[129.0381,27.7567],[129.0381,27.7567]]],[[[129.0367,27.7568],[129.0368,27.7568],[129.0368,27.7568],[129.0367,27.7568]]],[[[129.0371,27.7569],[129.0372,27.7569],[129.0372,27.7568],[129.0371,27.7569]]],[[[129.0373,27.7594],[129.0373,27.7593],[129.0373,27.7593],[129.0373,27.7594]]],[[[129.0375,27.7595],[129.0376,27.7597],[129.0376,27.7595],[129.0375,27.7595]]],[[[129.0375,27.7598],[129.0376,27.7598],[129.0375,27.7598],[129.0375,27.7598]]],[[[129.0374,27.7601],[129.0375,27.76],[129.0374,27.76],[129.0374,27.7601]]],[[[129.0373,27.7602],[129.0374,27.7603],[129.0374,27.7602],[129.0373,27.7602]]],[[[129.0368,27.7718],[129.0368,27.7719],[129.0368,27.7718],[129.0368,27.7718]]],[[[129.0365,27.7731],[129.0365,27.7733],[129.0366,27.7732],[129.0365,27.7731]]],[[[129.0352,27.7732],[129.0353,27.7733],[129.0353,27.7731],[129.0352,27.7732]]],[[[129.0363,27.7733],[129.0364,27.7733],[129.0363,27.7732],[129.0363,27.7733]]],[[[129.036,27.7734],[129.036,27.7734],[129.036,27.7734],[129.036,27.7734]]],[[[129.033,27.775],[129.033,27.7752],[129.0331,27.7752],[129.033,27.775]]],[[[129.0313,27.7754],[129.0315,27.7754],[129.0313,27.7753],[129.0313,27.7754]]],[[[129.0318,27.7754],[129.0319,27.7755],[129.032,27.7754],[129.0318,27.7754]]],[[[129.0316,27.7755],[129.0316,27.7755],[129.0315,27.7755],[129.0316,27.7755]]],[[[129.0288,27.7764],[129.0287,27.776],[129.0285,27.7761],[129.0288,27.7764]]]]}},{"type":"Feature","properties":{"code":"46531","name":"天城町","pref_code":"46","pref":"鹿児島県"},"geometry":{"type":"MultiPolygon","coordinates":[[[[128.8966,27.7717],[128.8964,27.7719],[128.8965,27.7718],[128.8966,27.7717]]],[[[128.8939,27.7816],[128.8939,27.7818],[128.894,27.7818],[128.8939,27.7816]]],[[[128.8942,27.7819],[128.8944,27.782],[128.8944,27.7819],[128.8942,27.7819]]],[[[128.8931,27.7836],[128.8932,27.7837],[128.8932,27.7836],[128.8931,27.7836]]],[[[128.8874,27.805],[128.8875,27.8051],[128.8875,27.805],[128.8874,27.805]]],[[[128.8869,27.8082],[128.8872,27.8079],[128.8869,27.808],[128.8869,27.8082]]],[[[128.8884,27.8088],[128.8885,27.8087],[128.8884,27.8087],[128.8884,27.8088]]],[[[128.8869,27.8092],[128.8865,27.8111],[128.8872,27.8093],[128.8869,27.8092]]],[[[128.888,27.8138],[128.8873,27.8132],[128.8872,27.8133],[128.888,27.8138]]],[[[128.8858,27.8531],[128.8838,27.8524],[128.8851,27.8564],[128.8858,27.8531]]],[[[128.8854,27.8595],[128.8851,27.8588],[128.8854,27.8595],[128.8854,27.8595]]],[[[128.8863,27.8608],[128.8847,27.8607],[128.8863,27.8609],[128.8863,27.8608]]],[[[128.9043,27.7595],[128.9049,27.7593],[128.9043,27.7594],[128.9043,27.7595]]],[[[128.9053,27.7607],[128.906,27.7602],[128.9048,27.7604],[128.9053,27.7607]]],[[[128.9046,27.7635],[128.9045,27.7635],[128.9045,27.7635],[128.9046,27.7635]]],[[[128.9041,27.7659],[128.9047,27.7653],[128.9039,27.7654],[128.9041,27.7659]]],[[[128.9047,27.7659],[128.9047,27.7661],[128.9048,27.7659],[128.9047,27.7659]]],[[[128.9036,27.766],[128.9035,27.7661],[128.9037,27.766],[128.9036,27.766]]],[[[128.9034,27.7663],[128.9034,27.7663],[128.9035,27.7663],[128.9034,27.7663]]],[[[128.9034,27.7668],[128.9028,27.7668],[128.9033,27.7672],[128.9034,27.7668]]],[[[128.8987,27.7695],[128.8988,27.7698],[128.8989,27.7696],[128.8987,27.7695]]],[[[128.9069,27.8935],[128.9081,27.8926],[128.9082,27.8903],[128.9069,27.8867],[128.9085,27.8838],[128.9083,27.8779],[128.9062,27.8748],[128.9074,27.8722],[128.9113,27.8723],[128.9114,27.8736],[128.9137,27.8739],[128.9203,27.8729],[128.9215,27.8708],[128.9266,27.8699],[128.9268,27.8658],[128.93,27.862],[128.933,27.8543],[128.9304,27.853],[128.9289,27.8494],[128.9225,27.8462],[128.9208,27.8464],[128.9164,27.8431],[128.9194,27.8369],[128.9206,27.8367],[128.9219,27.833],[128.921,27.8311],[128.9238,27.8289],[128.9276,27.8283],[128.9275,27.824],[128.9237,27.8191],[128.9244,27.8177],[128.9233,27.8146],[128.9254,27.8143],[128.9269,27.8172],[128.9284,27.8166],[128.9297,27.8179],[128.9315,27.8179],[128.9325,27.8167],[128.9322,27.8126],[128.9379,27.8096],[128.9373,27.8065],[128.9402,27.8031],[128.9419,27.8029],[128.943,27.8001],[128.9501,27.8],[128.96,27.7969],[128.9611,27.7957],[128.961,27.7913],[128.9666,27.7887],[128.9685,27.7863],[128.9709,27.7865],[128.9738,27.7832],[128.975,27.784],[128.9794,27.7826],[128.9831,27.783],[128.9849,27.7808],[128.983,27.7775],[128.9768,27.772],[128.978,27.7653],[128.9745,27.7636],[128.9731,27.7616],[128.9736,27.7574],[128.9704,27.7552],[128.9703,27.7514],[128.9657,27.7491],[128.9594,27.7489],[128.9551,27.7468],[128.9525,27.7415],[128.9531,27.7392],[128.948,27.7398],[128.9457,27.7388],[128.9424,27.7418],[128.938,27.7405],[128.933,27.742],[128.9239,27.7404],[128.9205,27.7455],[128.9171,27.7444],[128.9113,27.7487],[128.9056,27.7498],[128.9032,27.7532],[128.9043,27.7538],[128.9047,27.7563],[128.9032,27.7572],[128.9072,27.761],[128.9061,27.7609],[128.9069,27.7645],[128.9041,27.7671],[128.8998,27.7679],[128.9002,27.7703],[128.8966,27.7722],[128.8965,27.7756],[128.895,27.7776],[128.8954,27.7835],[128.8936,27.786],[128.8892,27.7873],[128.8882,27.7949],[128.8902,27.7965],[128.8906,27.7996],[128.89,27.8015],[128.8875,27.8023],[128.8884,27.803],[128.887,27.8069],[128.8905,27.8107],[128.8906,27.8112],[128.8927,27.81],[128.8938,27.8117],[128.8926,27.8129],[128.8925,27.8118],[128.8888,27.8129],[128.8913,27.8148],[128.8916,27.8194],[128.8869,27.8198],[128.8793,27.8261],[128.8799,27.8368],[128.8815,27.8465],[128.8838,27.8453],[128.8822,27.8358],[128.8836,27.8357],[128.884,27.8395],[128.8867,27.8393],[128.8863,27.8404],[128.8875,27.8413],[128.8866,27.842],[128.8875,27.8421],[128.8868,27.8453],[128.8899,27.8509],[128.8919,27.8526],[128.8916,27.856],[128.8897,27.8568],[128.8891,27.858],[128.8874,27.8585],[128.8892,27.858],[128.8909,27.8564],[128.8904,27.8574],[128.8917,27.8576],[128.8876,27.8591],[128.8925,27.8574],[128.8933,27.8582],[128.8932,27.8614],[128.8883,27.8651],[128.889,27.8706],[128.888,27.8711],[128.8901,27.8719],[128.8888,27.8768],[128.8906,27.88],[128.8897,27.8827],[128.8924,27.8833],[128.892,27.8853],[128.8937,27.8857],[128.8968,27.8907],[128.8998,27.8929],[128.9069,27.8935]]],[[[128.8994,27.894],[128.8995,27.8941],[128.8995,27.894],[128.8994,27.894]]]]}},{"type":"Feature","properties":{"code":"46532","name":"伊仙町","pref_code":"46","pref":"鹿児島県"},"geometry":{"type":"MultiPolygon","coordinates":[[[[128.9608,27.6671],[128.9608,27.667],[128.9607,27.667],[128.9608,27.6671]]],[[[128.9229,27.6701],[128.9229,27.6699],[128.9228,27.6701],[128.9229,27.6701]]],[[[128.92,27.6787],[128.9203,27.6782],[128.9199,27.6783],[128.92,27.6787]]],[[[128.9171,27.6924],[128.9172,27.6929],[128.9173,27.6929],[128.9171,27.6924]]],[[[128.8984,27.7064],[128.8978,27.7063],[128.8978,27.7065],[128.8984,27.7064]]],[[[128.9026,27.7532],[128.9056,27.7498],[128.9113,27.7487],[128.9171,27.7444],[128.9211,27.7451],[128.9239,27.7404],[128.933,27.742],[128.938,27.7405],[128.9424,27.7418],[128.9457,27.7388],[128.948,27.7398],[128.9558,27.7381],[128.952,27.7318],[128.952,27.7283],[128.9508,27.7269],[128.952,27.7221],[128.9601,27.7225],[128.9629,27.7198],[128.9678,27.7205],[128.9699,27.7189],[128.97,27.7222],[128.9714,27.7222],[128.9765,27.7144],[128.9801,27.713],[128.98,27.7118],[128.981,27.7126],[128.9832,27.7114],[128.9854,27.7092],[128.9919,27.7013],[128.9926,27.6983],[128.9982,27.6958],[128.9985,27.692],[129.0011,27.6901],[129.001,27.6893],[128.9992,27.6894],[128.9976,27.6845],[128.9946,27.6813],[128.9934,27.6784],[128.993,27.6782],[128.989,27.6744],[128.9872,27.6702],[128.9822,27.6684],[128.9768,27.6683],[128.9707,27.6702],[128.9701,27.6687],[128.9691,27.6683],[128.9704,27.6697],[128.9691,27.6699],[128.9694,27.6707],[128.9658,27.671],[128.9625,27.6692],[128.962,27.6681],[128.9622,27.6679],[128.9604,27.6669],[128.9604,27.6663],[128.9531,27.6636],[128.948,27.6638],[128.9362,27.661],[128.9245,27.6669],[128.9239,27.6695],[128.9223,27.6709],[128.9219,27.674],[128.9204,27.6744],[128.9212,27.6799],[128.9199,27.6879],[128.9181,27.6912],[128.9195,27.6924],[128.9193,27.6927],[128.9182,27.6919],[128.9174,27.6921],[128.9181,27.692],[128.9193,27.6928],[128.9185,27.6924],[128.9177,27.6928],[128.9167,27.6962],[128.9116,27.7006],[128.9091,27.7016],[128.9082,27.7009],[128.9049,27.703],[128.8999,27.7079],[128.8928,27.7079],[128.8809,27.7226],[128.8811,27.7245],[128.8858,27.7248],[128.892,27.7314],[128.8998,27.736],[128.8997,27.7445],[128.9022,27.7472],[128.9024,27.7487],[128.9008,27.7512],[128.9026,27.7532]]],[[[128.8989,27.7074],[128.8986,27.7071],[128.8985,27.7072],[128.8989,27.7074]]],[[[128.8944,27.7075],[128.8946,27.7073],[128.8944,27.7073],[128.8944,27.7075]]],[[[128.8942,27.7075],[128.8943,27.7076],[128.8944,27.7075],[128.8942,27.7075]]],[[[128.9015,27.7494],[128.9014,27.7496],[128.9015,27.7496],[128.9015,27.7494]]],[[[128.9609,27.6669],[128.961,27.667],[128.961,27.667],[128.9609,27.6669]]],[[[128.9613,27.667],[128.9611,27.6672],[128.9612,27.6672],[128.9613,27.667]]],[[[128.9618,27.6672],[128.9617,27.6674],[128.9619,27.6674],[128.9618,27.6672]]],[[[128.9698,27.6682],[128.9693,27.6674],[128.9697,27.6683],[128.9698,27.6682]]],[[[128.9624,27.668],[128.9625,27.6679],[128.9624,27.6679],[128.9624,27.668]]],[[[128.9622,27.6682],[128.9623,27.6682],[128.9622,27.6681],[128.9622,27.6682]]],[[[128.9683,27.6691],[128.9684,27.6682],[128.9683,27.6691],[128.9683,27.6691]]],[[[128.969,27.6706],[128.9686,27.6691],[128.9685,27.6691],[128.969,27.6706]]],[[[128.9935,27.6779],[128.9932,27.678],[128.9934,27.6782],[128.9935,27.6779]]],[[[128.9931,27.6781],[128.9931,27.6782],[128.9932,27.6781],[128.9931,27.6781]]]]}},{"type":"Feature","properties":{"code":"46533","name":"和泊町","pref_code":"46","pref":"鹿児島県"},"geometry":{"type":"MultiPolygon","coordinates":[[[[128.5964,27.3982],[128.5962,27.3981],[128.5961,27.3983],[128.5964,27.3982]]],[[[128.5966,27.3984],[128.5965,27.3983],[128.5965,27.3984],[128.5966,27.3984]]],[[[128.5934,27.3981],[128.5934,27.3981],[128.5938,27.3989],[128.5934,27.3981]]],[[[128.5969,27.3987],[128.597,27.3988],[128.597,27.3987],[128.5969,27.3987]]],[[[128.5944,27.3999],[128.5941,27.3997],[128.5941,27.3999],[128.5944,27.3999]]],[[[128.5887,27.4],[128.5887,27.4],[128.5888,27.4],[128.5887,27.4]]],[[[128.6013,27.4038],[128.6013,27.4039],[128.6014,27.4039],[128.6013,27.4038]]],[[[128.6022,27.4039],[128.6022,27.404],[128.6023,27.404],[128.6022,27.4039]]],[[[128.6025,27.404],[128.6026,27.4041],[128.6026,27.404],[128.6025,27.404]]],[[[128.6033,27.4045],[128.6034,27.4045],[128.6034,27.4044],[128.6033,27.4045]]],[[[128.6064,27.4045],[128.6064,27.4046],[128.6064,27.4045],[128.6064,27.4045]]],[[[128.6053,27.4046],[128.6053,27.4047],[128.6053,27.4047],[128.6053,27.4046]]],[[[128.606,27.4047],[128.606,27.4047],[128.606,27.4047],[128.606,27.4047]]],[[[128.6078,27.4048],[128.6079,27.4049],[128.6079,27.4049],[128.6078,27.4048]]],[[[128.6104,27.4057],[128.6104,27.4058],[128.6104,27.4057],[128.6104,27.4057]]],[[[128.6147,27.4087],[128.6148,27.4087],[128.6148,27.4086],[128.6147,27.4087]]],[[[128.6142,27.4099],[128.614,27.4101],[128.614,27.4102],[128.6142,27.4099]]],[[[128.6135,27.4104],[128.6131,27.4099],[128.613,27.4103],[128.6135,27.4104]]],[[[128.6416,27.3706],[128.6415,27.3709],[128.6416,27.3708],[128.6416,27.3706]]],[[[128.6421,27.3715],[128.6423,27.3711],[128.6417,27.371],[128.6421,27.3715]]],[[[128.6429,27.3715],[128.6428,27.3716],[128.6429,27.3716],[128.6429,27.3715]]],[[[128.6433,27.3722],[128.6432,27.3724],[128.6433,27.3724],[128.6433,27.3722]]],[[[128.6569,27.3921],[128.6567,27.391],[128.6567,27.391],[128.6569,27.3921]]],[[[128.6579,27.3923],[128.6579,27.3915],[128.6578,27.3923],[128.6579,27.3923]]],[[[128.6652,27.394],[128.6673,27.3939],[128.6652,27.3938],[128.6652,27.394]]],[[[128.6633,27.3944],[128.665,27.3955],[128.665,27.3954],[128.6633,27.3944]]],[[[128.6644,27.4002],[128.665,27.4011],[128.665,27.401],[128.6644,27.4002]]],[[[128.6683,27.4002],[128.668,27.4017],[128.6681,27.4017],[128.6683,27.4002]]],[[[128.6915,27.4408],[128.7002,27.4399],[128.7039,27.4406],[128.7111,27.4389],[128.7139,27.4337],[128.7101,27.4323],[128.7086,27.429],[128.7058,27.4285],[128.7012,27.4238],[128.6984,27.4232],[128.6959,27.4213],[128.6952,27.4194],[128.6905,27.4188],[128.6872,27.416],[128.677,27.4141],[128.6747,27.4126],[128.6679,27.4036],[128.6649,27.4029],[128.6636,27.4009],[128.6634,27.3998],[128.6642,27.4001],[128.6631,27.399],[128.664,27.3985],[128.6647,27.3994],[128.6668,27.3977],[128.6644,27.3982],[128.6629,27.3956],[128.6573,27.3951],[128.658,27.3926],[128.659,27.3926],[128.66,27.3946],[128.6591,27.3926],[128.6569,27.3922],[128.6564,27.3907],[128.6566,27.3896],[128.6536,27.3861],[128.654,27.3844],[128.649,27.3815],[128.648,27.3789],[128.6447,27.3761],[128.6439,27.3728],[128.6416,27.372],[128.6412,27.3704],[128.6357,27.365],[128.6315,27.3653],[128.624,27.3622],[128.6233,27.3636],[128.62,27.3636],[128.6168,27.371],[128.614,27.3724],[128.6141,27.3737],[128.612,27.3743],[128.6086,27.3791],[128.6047,27.3807],[128.6044,27.3828],[128.6022,27.3848],[128.5991,27.3829],[128.5993,27.3796],[128.5927,27.375],[128.5904,27.3763],[128.5844,27.3757],[128.5833,27.3773],[128.5807,27.3765],[128.5746,27.3814],[128.5777,27.3882],[128.5803,27.3913],[128.5806,27.3934],[128.5777,27.3973],[128.5777,27.4011],[128.5842,27.4007],[128.5857,27.3995],[128.5901,27.4001],[128.5929,27.3974],[128.5953,27.3974],[128.5942,27.3982],[128.5953,27.398],[128.5955,27.3971],[128.5974,27.3989],[128.5984,27.4017],[128.6034,27.4044],[128.6067,27.4044],[128.6094,27.4049],[128.6104,27.4055],[128.6119,27.4069],[128.6115,27.408],[128.6131,27.4091],[128.6149,27.4084],[128.6153,27.4069],[128.6166,27.4061],[128.6211,27.4049],[128.6273,27.4097],[128.6308,27.4081],[128.6341,27.4089],[128.6386,27.4135],[128.642,27.4154],[128.6418,27.415],[128.642,27.4146],[128.6432,27.415],[128.6429,27.4164],[128.6412,27.4181],[128.6435,27.4171],[128.6429,27.4167],[128.6435,27.4158],[128.6445,27.4168],[128.643,27.4179],[128.6441,27.4177],[128.6448,27.4165],[128.6448,27.4157],[128.6479,27.4187],[128.6496,27.4178],[128.651,27.4184],[128.6515,27.4209],[128.655,27.4235],[128.6572,27.4231],[128.6595,27.4241],[128.661,27.4232],[128.6664,27.4263],[128.6714,27.427],[128.6762,27.4303],[128.6794,27.4303],[128.6835,27.4336],[128.6843,27.437],[128.6889,27.4378],[128.6915,27.4408]]],[[[128.6652,27.4012],[128.6657,27.402],[128.6658,27.402],[128.6652,27.4012]]],[[[128.6154,27.4071],[128.6155,27.407],[128.6154,27.407],[128.6154,27.4071]]],[[[128.6745,27.4109],[128.6741,27.4111],[128.6742,27.4112],[128.6745,27.4109]]],[[[128.6418,27.4156],[128.6418,27.4157],[128.6427,27.416],[128.6418,27.4156]]],[[[128.637,27.4177],[128.6378,27.4192],[128.6379,27.4191],[128.637,27.4177]]],[[[128.6417,27.4205],[128.6424,27.4202],[128.6405,27.4208],[128.6417,27.4205]]]]}},{"type":"Feature","properties":{"code":"46534","name":"知名町","pref_code":"46","pref":"鹿児島県"},"geometry":{"type":"MultiPolygon","coordinates":[[[[128.5662,27.3304],[128.5662,27.3298],[128.5659,27.3303],[128.5662,27.3304]]],[[[128.5355,27.4053],[128.5384,27.4044],[128.5411,27.4001],[128.5427,27.4003],[128.5485,27.3974],[128.5523,27.3977],[128.553,27.3962],[128.5552,27.3967],[128.5531,27.3971],[128.5528,27.398],[128.5529,27.398],[128.5552,27.3972],[128.5554,27.3963],[128.5589,27.3957],[128.562,27.3965],[128.5648,27.3981],[128.565,27.3989],[128.5678,27.3977],[128.5698,27.3993],[128.5777,27.4011],[128.5777,27.3973],[128.5806,27.3934],[128.5803,27.3913],[128.5777,27.3882],[128.5746,27.3814],[128.5784,27.3779],[128.5807,27.3765],[128.5833,27.3773],[128.5844,27.3757],[128.5904,27.3763],[128.5927,27.375],[128.5993,27.3796],[128.5991,27.3829],[128.6004,27.3845],[128.6023,27.3848],[128.6044,27.3828],[128.6047,27.3807],[128.6086,27.3791],[128.612,27.3743],[128.6141,27.3737],[128.614,27.3724],[128.6168,27.371],[128.6199,27.3636],[128.6233,27.3636],[128.624,27.3622],[128.6219,27.3592],[128.6171,27.3563],[128.6156,27.3521],[128.6137,27.3514],[128.6136,27.3499],[128.609,27.3492],[128.6066,27.3444],[128.6013,27.3434],[128.6011,27.3417],[128.5992,27.3401],[128.5961,27.3397],[128.5925,27.3368],[128.585,27.3348],[128.581,27.3329],[128.5792,27.3314],[128.5776,27.3319],[128.5769,27.3314],[128.5769,27.3302],[128.5763,27.33],[128.577,27.3322],[128.5751,27.3316],[128.5763,27.3308],[128.5748,27.3317],[128.5726,27.3308],[128.5724,27.3292],[128.5664,27.3276],[128.5666,27.3293],[128.5704,27.329],[128.5719,27.3294],[128.5719,27.3305],[128.5681,27.3296],[128.5671,27.3306],[128.5653,27.3304],[128.5636,27.3288],[128.5641,27.3279],[128.5633,27.3291],[128.5552,27.33],[128.5433,27.3372],[128.5315,27.3486],[128.5281,27.3575],[128.5262,27.3607],[128.5248,27.3611],[128.5256,27.3617],[128.5243,27.362],[128.5236,27.36],[128.5247,27.364],[128.52,27.3731],[128.52,27.376],[128.5217,27.3781],[128.5212,27.3801],[128.5232,27.386],[128.5225,27.3889],[128.5276,27.3971],[128.5273,27.3977],[128.5283,27.3978],[128.5296,27.402],[128.5315,27.4044],[128.5355,27.4053]]],[[[128.5262,27.3961],[128.5262,27.3961],[128.5263,27.3961],[128.5262,27.3961]]],[[[128.5269,27.397],[128.5269,27.397],[128.527,27.397],[128.5269,27.397]]],[[[128.5646,27.3981],[128.5646,27.3981],[128.5646,27.3981],[128.5646,27.3981]]],[[[128.5648,27.3986],[128.5648,27.3986],[128.5649,27.3986],[128.5648,27.3986]]],[[[128.5706,27.3997],[128.5707,27.3998],[128.5707,27.3997],[128.5706,27.3997]]],[[[128.5382,27.4046],[128.5382,27.4048],[128.5384,27.4047],[128.5382,27.4046]]],[[[128.5356,27.4054],[128.5355,27.4056],[128.5357,27.4056],[128.5356,27.4054]]],[[[128.576,27.3307],[128.576,27.3305],[128.5759,27.3307],[128.576,27.3307]]],[[[128.5812,27.3324],[128.581,27.3327],[128.5811,27.3327],[128.5812,27.3324]]],[[[128.5838,27.3335],[128.5839,27.3337],[128.584,27.3337],[128.5838,27.3335]]],[[[128.59,27.3359],[128.59,27.336],[128.5901,27.3359],[128.59,27.3359]]],[[[128.6016,27.3425],[128.6017,27.3426],[128.6018,27.3426],[128.6016,27.3425]]],[[[128.6104,27.3489],[128.6105,27.349],[128.6105,27.3489],[128.6104,27.3489]]],[[[128.5734,27.4003],[128.5735,27.4003],[128.5734,27.4003],[128.5734,27.4003]]],[[[128.572,27.4004],[128.5721,27.4004],[128.5721,27.4004],[128.572,27.4004]]]]}},{"type":"Feature","properties":{"code":"46535","name":"与論町","pref_code":"46","pref":"鹿児島県"},"geometry":{"type":"MultiPolygon","coordinates":[[[[128.4083,27.0333],[128.4085,27.0338],[128.4085,27.0338],[128.4083,27.0333]]],[[[128.3999,27.0351],[128.3999,27.0355],[128.4002,27.0353],[128.3999,27.0351]]],[[[128.3997,27.0358],[128.3992,27.0361],[128.3994,27.0362],[128.3997,27.0358]]],[[[128.3999,27.0366],[128.3999,27.0368],[128.4,27.0367],[128.3999,27.0366]]],[[[128.4002,27.0368],[128.4001,27.037],[128.4003,27.037],[128.4002,27.0368]]],[[[128.3998,27.0369],[128.3997,27.0369],[128.3999,27.0369],[128.3998,27.0369]]],[[[128.4093,27.0493],[128.4079,27.0493],[128.4079,27.0494],[128.4087,27.0494],[128.4093,27.0493]]],[[[128.4086,27.0329],[128.409,27.0328],[128.409,27.0327],[128.4086,27.0329]]],[[[128.4641,27.0407],[128.4638,27.041],[128.4643,27.0408],[128.4641,27.0407]]],[[[128.4634,27.0409],[128.4634,27.0411],[128.4636,27.0411],[128.4634,27.0409]]],[[[128.4322,27.0681],[128.4405,27.0658],[128.4471,27.0595],[128.4504,27.0531],[128.4521,27.0534],[128.4536,27.0517],[128.4551,27.0466],[128.4536,27.0452],[128.4535,27.0383],[128.4583,27.0246],[128.4545,27.0222],[128.4547,27.0212],[128.4526,27.0204],[128.4546,27.0212],[128.4544,27.0223],[128.4527,27.0211],[128.4523,27.0218],[128.4454,27.019],[128.4442,27.0197],[128.4438,27.0187],[128.4421,27.0213],[128.4383,27.0222],[128.4341,27.0214],[128.4295,27.0242],[128.4248,27.0224],[128.4202,27.0252],[128.4212,27.0275],[128.42,27.029],[128.4125,27.0283],[128.4099,27.0308],[128.4091,27.033],[128.4096,27.0324],[128.41,27.0333],[128.4089,27.0336],[128.4095,27.0346],[128.4057,27.0371],[128.4054,27.0386],[128.401,27.0386],[128.401,27.0355],[128.4003,27.0372],[128.3983,27.0371],[128.3971,27.0405],[128.3977,27.0422],[128.3954,27.0474],[128.3974,27.051],[128.3998,27.0512],[128.4007,27.05],[128.4017,27.0509],[128.4002,27.0514],[128.4016,27.0524],[128.4039,27.0486],[128.4053,27.0496],[128.4061,27.05],[128.4074,27.0505],[128.4047,27.0489],[128.4068,27.0479],[128.4071,27.0494],[128.4074,27.0473],[128.4136,27.0485],[128.4142,27.049],[128.4123,27.0497],[128.412,27.0503],[128.4144,27.0491],[128.4149,27.0503],[128.4136,27.0504],[128.4137,27.0512],[128.4118,27.0507],[128.4151,27.0524],[128.4151,27.0595],[128.4197,27.0641],[128.4194,27.0649],[128.4251,27.0673],[128.4322,27.0681]]],[[[128.4547,27.0447],[128.4549,27.0442],[128.4543,27.0443],[128.4547,27.0447]]],[[[128.4502,27.0572],[128.4519,27.0547],[128.4512,27.0542],[128.4502,27.0572]]],[[[128.4501,27.0576],[128.4497,27.0579],[128.4498,27.058],[128.4501,27.0576]]]]}}]}